region_1,timestep_6,value,scenario_1,parameter,technology_3
AT,h1441,1.2073568103360504,scr2081,stInflow,reservoir
AT,h1442,1.2073568103360504,scr2081,stInflow,reservoir
AT,h1443,1.2073568103360504,scr2081,stInflow,reservoir
AT,h1444,1.2073568103360504,scr2081,stInflow,reservoir
AT,h1445,1.2073568103360504,scr2081,stInflow,reservoir
AT,h1446,1.2073568103360504,scr2081,stInflow,reservoir
AT,h1447,1.2073568103360504,scr2081,stInflow,reservoir
AT,h1448,1.2073568103360504,scr2081,stInflow,reservoir
AT,h1449,1.2073568103360504,scr2081,stInflow,reservoir
AT,h1450,1.2073568103360504,scr2081,stInflow,reservoir
AT,h1451,1.2073568103360504,scr2081,stInflow,reservoir
AT,h1452,1.2073568103360504,scr2081,stInflow,reservoir
AT,h1453,1.2073568103360504,scr2081,stInflow,reservoir
AT,h1454,1.2073568103360504,scr2081,stInflow,reservoir
AT,h1455,1.2073568103360504,scr2081,stInflow,reservoir
AT,h1456,1.2073568103360504,scr2081,stInflow,reservoir
AT,h1457,1.2073568103360504,scr2081,stInflow,reservoir
AT,h1458,1.2073568103360504,scr2081,stInflow,reservoir
AT,h1459,1.2073568103360504,scr2081,stInflow,reservoir
AT,h1460,1.2073568103360504,scr2081,stInflow,reservoir
AT,h1461,1.2073568103360504,scr2081,stInflow,reservoir
AT,h1462,1.2073568103360504,scr2081,stInflow,reservoir
AT,h1463,1.2073568103360504,scr2081,stInflow,reservoir
AT,h1464,1.2073568103360504,scr2081,stInflow,reservoir
AT,h1465,1.218493762258037,scr2081,stInflow,reservoir
AT,h1466,1.2296307243582565,scr2081,stInflow,reservoir
AT,h1467,1.240767696544539,scr2081,stInflow,reservoir
AT,h1468,1.240767696544539,scr2081,stInflow,reservoir
AT,h1469,1.240767696544539,scr2081,stInflow,reservoir
AT,h1470,1.240767696544539,scr2081,stInflow,reservoir
AT,h1471,1.240767696544539,scr2081,stInflow,reservoir
AT,h1472,1.240767696544539,scr2081,stInflow,reservoir
AT,h1473,1.240767696544539,scr2081,stInflow,reservoir
AT,h1474,1.240767696544539,scr2081,stInflow,reservoir
AT,h1475,1.240767696544539,scr2081,stInflow,reservoir
AT,h1476,1.240767696544539,scr2081,stInflow,reservoir
AT,h1477,1.240767696544539,scr2081,stInflow,reservoir
AT,h1478,1.240767696544539,scr2081,stInflow,reservoir
AT,h1479,1.240767696544539,scr2081,stInflow,reservoir
AT,h1480,1.240767696544539,scr2081,stInflow,reservoir
AT,h1481,1.240767696544539,scr2081,stInflow,reservoir
AT,h1482,1.240767696544539,scr2081,stInflow,reservoir
AT,h1483,1.240767696544539,scr2081,stInflow,reservoir
AT,h1484,1.240767696544539,scr2081,stInflow,reservoir
AT,h1485,1.240767696544539,scr2081,stInflow,reservoir
AT,h1486,1.240767696544539,scr2081,stInflow,reservoir
AT,h1487,1.240767696544539,scr2081,stInflow,reservoir
AT,h1488,1.240767696544539,scr2081,stInflow,reservoir
AT,h1489,1.240767696544539,scr2081,stInflow,reservoir
AT,h1490,1.240767696544539,scr2081,stInflow,reservoir
AT,h1491,1.240767696544539,scr2081,stInflow,reservoir
AT,h1492,1.240767696544539,scr2081,stInflow,reservoir
AT,h1493,1.240767696544539,scr2081,stInflow,reservoir
AT,h1494,1.240767696544539,scr2081,stInflow,reservoir
AT,h1495,1.240767696544539,scr2081,stInflow,reservoir
AT,h1496,1.240767696544539,scr2081,stInflow,reservoir
AT,h1497,1.240767696544539,scr2081,stInflow,reservoir
AT,h1498,1.240767696544539,scr2081,stInflow,reservoir
AT,h1499,1.240767696544539,scr2081,stInflow,reservoir
AT,h1500,1.240767696544539,scr2081,stInflow,reservoir
AT,h1501,1.240767696544539,scr2081,stInflow,reservoir
AT,h1502,1.240767696544539,scr2081,stInflow,reservoir
AT,h1503,1.240767696544539,scr2081,stInflow,reservoir
AT,h1504,1.240767696544539,scr2081,stInflow,reservoir
AT,h1505,1.240767696544539,scr2081,stInflow,reservoir
AT,h1506,1.240767696544539,scr2081,stInflow,reservoir
AT,h1507,1.240767696544539,scr2081,stInflow,reservoir
AT,h1508,1.240767696544539,scr2081,stInflow,reservoir
AT,h1509,1.240767696544539,scr2081,stInflow,reservoir
AT,h1510,1.240767696544539,scr2081,stInflow,reservoir
AT,h1511,1.240767696544539,scr2081,stInflow,reservoir
AT,h1512,1.240767696544539,scr2081,stInflow,reservoir
AT,h1513,1.240767696544539,scr2081,stInflow,reservoir
AT,h1514,1.240767696544539,scr2081,stInflow,reservoir
AT,h1515,1.240767696544539,scr2081,stInflow,reservoir
AT,h1516,1.240767696544539,scr2081,stInflow,reservoir
AT,h1517,1.240767696544539,scr2081,stInflow,reservoir
AT,h1518,1.240767696544539,scr2081,stInflow,reservoir
AT,h1519,1.240767696544539,scr2081,stInflow,reservoir
AT,h1520,1.240767696544539,scr2081,stInflow,reservoir
AT,h1521,1.240767696544539,scr2081,stInflow,reservoir
AT,h1522,1.240767696544539,scr2081,stInflow,reservoir
AT,h1523,1.240767696544539,scr2081,stInflow,reservoir
AT,h1524,1.240767696544539,scr2081,stInflow,reservoir
AT,h1525,1.240767696544539,scr2081,stInflow,reservoir
AT,h1526,1.240767696544539,scr2081,stInflow,reservoir
AT,h1527,1.240767696544539,scr2081,stInflow,reservoir
AT,h1528,1.240767696544539,scr2081,stInflow,reservoir
AT,h1529,1.240767696544539,scr2081,stInflow,reservoir
AT,h1530,1.240767696544539,scr2081,stInflow,reservoir
AT,h1531,1.240767696544539,scr2081,stInflow,reservoir
AT,h1532,1.240767696544539,scr2081,stInflow,reservoir
AT,h1533,1.240767696544539,scr2081,stInflow,reservoir
AT,h1534,1.240767696544539,scr2081,stInflow,reservoir
AT,h1535,1.240767696544539,scr2081,stInflow,reservoir
AT,h1536,1.240767696544539,scr2081,stInflow,reservoir
AT,h1537,1.240767696544539,scr2081,stInflow,reservoir
AT,h1538,1.240767696544539,scr2081,stInflow,reservoir
AT,h1539,1.240767696544539,scr2081,stInflow,reservoir
AT,h1540,1.240767696544539,scr2081,stInflow,reservoir
AT,h1541,1.240767696544539,scr2081,stInflow,reservoir
AT,h1542,1.240767696544539,scr2081,stInflow,reservoir
AT,h1543,1.240767696544539,scr2081,stInflow,reservoir
AT,h1544,1.240767696544539,scr2081,stInflow,reservoir
AT,h1545,1.240767696544539,scr2081,stInflow,reservoir
AT,h1546,1.240767696544539,scr2081,stInflow,reservoir
AT,h1547,1.240767696544539,scr2081,stInflow,reservoir
AT,h1548,1.240767696544539,scr2081,stInflow,reservoir
AT,h1549,1.240767696544539,scr2081,stInflow,reservoir
AT,h1550,1.240767696544539,scr2081,stInflow,reservoir
AT,h1551,1.240767696544539,scr2081,stInflow,reservoir
AT,h1552,1.240767696544539,scr2081,stInflow,reservoir
AT,h1553,1.240767696544539,scr2081,stInflow,reservoir
AT,h1554,1.240767696544539,scr2081,stInflow,reservoir
AT,h1555,1.240767696544539,scr2081,stInflow,reservoir
AT,h1556,1.240767696544539,scr2081,stInflow,reservoir
AT,h1557,1.240767696544539,scr2081,stInflow,reservoir
AT,h1558,1.240767696544539,scr2081,stInflow,reservoir
AT,h1559,1.240767696544539,scr2081,stInflow,reservoir
AT,h1560,1.240767696544539,scr2081,stInflow,reservoir
AT,h1561,1.240767696544539,scr2081,stInflow,reservoir
AT,h1562,1.240767696544539,scr2081,stInflow,reservoir
AT,h1563,1.240767696544539,scr2081,stInflow,reservoir
AT,h1564,1.240767696544539,scr2081,stInflow,reservoir
AT,h1565,1.240767696544539,scr2081,stInflow,reservoir
AT,h1566,1.240767696544539,scr2081,stInflow,reservoir
AT,h1567,1.240767696544539,scr2081,stInflow,reservoir
AT,h1568,1.240767696544539,scr2081,stInflow,reservoir
AT,h1569,1.240767696544539,scr2081,stInflow,reservoir
AT,h1570,1.240767696544539,scr2081,stInflow,reservoir
AT,h1571,1.240767696544539,scr2081,stInflow,reservoir
AT,h1572,1.240767696544539,scr2081,stInflow,reservoir
AT,h1573,1.240767696544539,scr2081,stInflow,reservoir
AT,h1574,1.240767696544539,scr2081,stInflow,reservoir
AT,h1575,1.240767696544539,scr2081,stInflow,reservoir
AT,h1576,1.240767696544539,scr2081,stInflow,reservoir
AT,h1577,1.240767696544539,scr2081,stInflow,reservoir
AT,h1578,1.240767696544539,scr2081,stInflow,reservoir
AT,h1579,1.240767696544539,scr2081,stInflow,reservoir
AT,h1580,1.240767696544539,scr2081,stInflow,reservoir
AT,h1581,1.240767696544539,scr2081,stInflow,reservoir
AT,h1582,1.240767696544539,scr2081,stInflow,reservoir
AT,h1583,1.240767696544539,scr2081,stInflow,reservoir
AT,h1584,1.240767696544539,scr2081,stInflow,reservoir
AT,h1585,1.240767696544539,scr2081,stInflow,reservoir
AT,h1586,1.240767696544539,scr2081,stInflow,reservoir
AT,h1587,1.240767696544539,scr2081,stInflow,reservoir
AT,h1588,1.240767696544539,scr2081,stInflow,reservoir
AT,h1589,1.240767696544539,scr2081,stInflow,reservoir
AT,h1590,1.240767696544539,scr2081,stInflow,reservoir
AT,h1591,1.240767696544539,scr2081,stInflow,reservoir
AT,h1592,1.240767696544539,scr2081,stInflow,reservoir
AT,h1593,1.240767696544539,scr2081,stInflow,reservoir
AT,h1594,1.240767696544539,scr2081,stInflow,reservoir
AT,h1595,1.240767696544539,scr2081,stInflow,reservoir
AT,h1596,1.240767696544539,scr2081,stInflow,reservoir
AT,h1597,1.240767696544539,scr2081,stInflow,reservoir
AT,h1598,1.240767696544539,scr2081,stInflow,reservoir
AT,h1599,1.240767696544539,scr2081,stInflow,reservoir
AT,h1600,1.240767696544539,scr2081,stInflow,reservoir
AT,h1601,1.240767696544539,scr2081,stInflow,reservoir
AT,h1602,1.240767696544539,scr2081,stInflow,reservoir
AT,h1603,1.240767696544539,scr2081,stInflow,reservoir
AT,h1604,1.240767696544539,scr2081,stInflow,reservoir
AT,h1605,1.240767696544539,scr2081,stInflow,reservoir
AT,h1606,1.240767696544539,scr2081,stInflow,reservoir
AT,h1607,1.240767696544539,scr2081,stInflow,reservoir
AT,h1608,1.240767696544539,scr2081,stInflow,reservoir
AT,h1609,1.240767696544539,scr2081,stInflow,reservoir
AT,h1610,1.240767696544539,scr2081,stInflow,reservoir
AT,h1611,1.240767696544539,scr2081,stInflow,reservoir
AT,h1612,1.240767696544539,scr2081,stInflow,reservoir
AT,h1613,1.240767696544539,scr2081,stInflow,reservoir
AT,h1614,1.240767696544539,scr2081,stInflow,reservoir
AT,h1615,1.240767696544539,scr2081,stInflow,reservoir
AT,h1616,1.240767696544539,scr2081,stInflow,reservoir
AT,h1617,1.240767696544539,scr2081,stInflow,reservoir
AT,h1618,1.240767696544539,scr2081,stInflow,reservoir
AT,h1619,1.240767696544539,scr2081,stInflow,reservoir
AT,h1620,1.240767696544539,scr2081,stInflow,reservoir
AT,h1621,1.240767696544539,scr2081,stInflow,reservoir
AT,h1622,1.240767696544539,scr2081,stInflow,reservoir
AT,h1623,1.240767696544539,scr2081,stInflow,reservoir
AT,h1624,1.240767696544539,scr2081,stInflow,reservoir
AT,h1625,1.240767696544539,scr2081,stInflow,reservoir
AT,h1626,1.240767696544539,scr2081,stInflow,reservoir
AT,h1627,1.240767696544539,scr2081,stInflow,reservoir
AT,h1628,1.240767696544539,scr2081,stInflow,reservoir
AT,h1629,1.240767696544539,scr2081,stInflow,reservoir
AT,h1630,1.240767696544539,scr2081,stInflow,reservoir
AT,h1631,1.240767696544539,scr2081,stInflow,reservoir
AT,h1632,1.240767696544539,scr2081,stInflow,reservoir
AT,h1633,1.1682350485365889,scr2081,stInflow,reservoir
AT,h1634,1.095702851106687,scr2081,stInflow,reservoir
AT,h1635,1.0231711341178806,scr2081,stInflow,reservoir
AT,h1636,1.0231711341178806,scr2081,stInflow,reservoir
AT,h1637,1.0231711341178806,scr2081,stInflow,reservoir
AT,h1638,1.0231711341178806,scr2081,stInflow,reservoir
AT,h1639,1.0231711341178806,scr2081,stInflow,reservoir
AT,h1640,1.0231711341178806,scr2081,stInflow,reservoir
AT,h1641,1.0231711341178806,scr2081,stInflow,reservoir
AT,h1642,1.0231711341178806,scr2081,stInflow,reservoir
AT,h1643,1.0231711341178806,scr2081,stInflow,reservoir
AT,h1644,1.0231711341178806,scr2081,stInflow,reservoir
AT,h1645,1.0231711341178806,scr2081,stInflow,reservoir
AT,h1646,1.0231711341178806,scr2081,stInflow,reservoir
AT,h1647,1.0231711341178806,scr2081,stInflow,reservoir
AT,h1648,1.0231711341178806,scr2081,stInflow,reservoir
AT,h1649,1.0231711341178806,scr2081,stInflow,reservoir
AT,h1650,1.0231711341178806,scr2081,stInflow,reservoir
AT,h1651,1.0231711341178806,scr2081,stInflow,reservoir
AT,h1652,1.0231711341178806,scr2081,stInflow,reservoir
AT,h1653,1.0231711341178806,scr2081,stInflow,reservoir
AT,h1654,1.0231711341178806,scr2081,stInflow,reservoir
AT,h1655,1.0231711341178806,scr2081,stInflow,reservoir
AT,h1656,1.0231711341178806,scr2081,stInflow,reservoir
AT,h1657,1.0231711341178806,scr2081,stInflow,reservoir
AT,h1658,1.0231711341178806,scr2081,stInflow,reservoir
AT,h1659,1.0231711341178806,scr2081,stInflow,reservoir
AT,h1660,1.0231711341178806,scr2081,stInflow,reservoir
AT,h1661,1.0231711341178806,scr2081,stInflow,reservoir
AT,h1662,1.0231711341178806,scr2081,stInflow,reservoir
AT,h1663,1.0231711341178806,scr2081,stInflow,reservoir
AT,h1664,1.0231711341178806,scr2081,stInflow,reservoir
AT,h1665,1.0231711341178806,scr2081,stInflow,reservoir
AT,h1666,1.0231711341178806,scr2081,stInflow,reservoir
AT,h1667,1.0231711341178806,scr2081,stInflow,reservoir
AT,h1668,1.0231711341178806,scr2081,stInflow,reservoir
AT,h1669,1.0231711341178806,scr2081,stInflow,reservoir
AT,h1670,1.0231711341178806,scr2081,stInflow,reservoir
AT,h1671,1.0231711341178806,scr2081,stInflow,reservoir
AT,h1672,1.0231711341178806,scr2081,stInflow,reservoir
AT,h1673,1.0231711341178806,scr2081,stInflow,reservoir
AT,h1674,1.0231711341178806,scr2081,stInflow,reservoir
AT,h1675,1.0231711341178806,scr2081,stInflow,reservoir
AT,h1676,1.0231711341178806,scr2081,stInflow,reservoir
AT,h1677,1.0231711341178806,scr2081,stInflow,reservoir
AT,h1678,1.0231711341178806,scr2081,stInflow,reservoir
AT,h1679,1.0231711341178806,scr2081,stInflow,reservoir
AT,h1680,1.0231711341178806,scr2081,stInflow,reservoir
AT,h1681,1.0231711341178806,scr2081,stInflow,reservoir
AT,h1682,1.0231711341178806,scr2081,stInflow,reservoir
AT,h1683,1.0231711341178806,scr2081,stInflow,reservoir
AT,h1684,1.0231711341178806,scr2081,stInflow,reservoir
AT,h1685,1.0231711341178806,scr2081,stInflow,reservoir
AT,h1686,1.0231711341178806,scr2081,stInflow,reservoir
AT,h1687,1.0231711341178806,scr2081,stInflow,reservoir
AT,h1688,1.0231711341178806,scr2081,stInflow,reservoir
AT,h1689,1.0231711341178806,scr2081,stInflow,reservoir
AT,h1690,1.0231711341178806,scr2081,stInflow,reservoir
AT,h1691,1.0231711341178806,scr2081,stInflow,reservoir
AT,h1692,1.0231711341178806,scr2081,stInflow,reservoir
AT,h1693,1.0231711341178806,scr2081,stInflow,reservoir
AT,h1694,1.0231711341178806,scr2081,stInflow,reservoir
AT,h1695,1.0231711341178806,scr2081,stInflow,reservoir
AT,h1696,1.0231711341178806,scr2081,stInflow,reservoir
AT,h1697,1.0231711341178806,scr2081,stInflow,reservoir
AT,h1698,1.0231711341178806,scr2081,stInflow,reservoir
AT,h1699,1.0231711341178806,scr2081,stInflow,reservoir
AT,h1700,1.0231711341178806,scr2081,stInflow,reservoir
AT,h1701,1.0231711341178806,scr2081,stInflow,reservoir
AT,h1702,1.0231711341178806,scr2081,stInflow,reservoir
AT,h1703,1.0231711341178806,scr2081,stInflow,reservoir
AT,h1704,1.0231711341178806,scr2081,stInflow,reservoir
AT,h1705,1.0231711341178806,scr2081,stInflow,reservoir
AT,h1706,1.0231711341178806,scr2081,stInflow,reservoir
AT,h1707,1.0231711341178806,scr2081,stInflow,reservoir
AT,h1708,1.0231711341178806,scr2081,stInflow,reservoir
AT,h1709,1.0231711341178806,scr2081,stInflow,reservoir
AT,h1710,1.0231711341178806,scr2081,stInflow,reservoir
AT,h1711,1.0231711341178806,scr2081,stInflow,reservoir
AT,h1712,1.0231711341178806,scr2081,stInflow,reservoir
AT,h1713,1.0231711341178806,scr2081,stInflow,reservoir
AT,h1714,1.0231711341178806,scr2081,stInflow,reservoir
AT,h1715,1.0231711341178806,scr2081,stInflow,reservoir
AT,h1716,1.0231711341178806,scr2081,stInflow,reservoir
AT,h1717,1.0231711341178806,scr2081,stInflow,reservoir
AT,h1718,1.0231711341178806,scr2081,stInflow,reservoir
AT,h1719,1.0231711341178806,scr2081,stInflow,reservoir
AT,h1720,1.0231711341178806,scr2081,stInflow,reservoir
AT,h1721,1.0231711341178806,scr2081,stInflow,reservoir
AT,h1722,1.0231711341178806,scr2081,stInflow,reservoir
AT,h1723,1.0231711341178806,scr2081,stInflow,reservoir
AT,h1724,1.0231711341178806,scr2081,stInflow,reservoir
AT,h1725,1.0231711341178806,scr2081,stInflow,reservoir
AT,h1726,1.0231711341178806,scr2081,stInflow,reservoir
AT,h1727,1.0231711341178806,scr2081,stInflow,reservoir
AT,h1728,1.0231711341178806,scr2081,stInflow,reservoir
AT,h1729,1.0231711341178806,scr2081,stInflow,reservoir
AT,h1730,1.0231711341178806,scr2081,stInflow,reservoir
AT,h1731,1.0231711341178806,scr2081,stInflow,reservoir
AT,h1732,1.0231711341178806,scr2081,stInflow,reservoir
AT,h1733,1.0231711341178806,scr2081,stInflow,reservoir
AT,h1734,1.0231711341178806,scr2081,stInflow,reservoir
AT,h1735,1.0231711341178806,scr2081,stInflow,reservoir
AT,h1736,1.0231711341178806,scr2081,stInflow,reservoir
AT,h1737,1.0231711341178806,scr2081,stInflow,reservoir
AT,h1738,1.0231711341178806,scr2081,stInflow,reservoir
AT,h1739,1.0231711341178806,scr2081,stInflow,reservoir
AT,h1740,1.0231711341178806,scr2081,stInflow,reservoir
AT,h1741,1.0231711341178806,scr2081,stInflow,reservoir
AT,h1742,1.0231711341178806,scr2081,stInflow,reservoir
AT,h1743,1.0231711341178806,scr2081,stInflow,reservoir
AT,h1744,1.0231711341178806,scr2081,stInflow,reservoir
AT,h1745,1.0231711341178806,scr2081,stInflow,reservoir
AT,h1746,1.0231711341178806,scr2081,stInflow,reservoir
AT,h1747,1.0231711341178806,scr2081,stInflow,reservoir
AT,h1748,1.0231711341178806,scr2081,stInflow,reservoir
AT,h1749,1.0231711341178806,scr2081,stInflow,reservoir
AT,h1750,1.0231711341178806,scr2081,stInflow,reservoir
AT,h1751,1.0231711341178806,scr2081,stInflow,reservoir
AT,h1752,1.0231711341178806,scr2081,stInflow,reservoir
AT,h1753,1.0231711341178806,scr2081,stInflow,reservoir
AT,h1754,1.0231711341178806,scr2081,stInflow,reservoir
AT,h1755,1.0231711341178806,scr2081,stInflow,reservoir
AT,h1756,1.0231711341178806,scr2081,stInflow,reservoir
AT,h1757,1.0231711341178806,scr2081,stInflow,reservoir
AT,h1758,1.0231711341178806,scr2081,stInflow,reservoir
AT,h1759,1.0231711341178806,scr2081,stInflow,reservoir
AT,h1760,1.0231711341178806,scr2081,stInflow,reservoir
AT,h1761,1.0231711341178806,scr2081,stInflow,reservoir
AT,h1762,1.0231711341178806,scr2081,stInflow,reservoir
AT,h1763,1.0231711341178806,scr2081,stInflow,reservoir
AT,h1764,1.0231711341178806,scr2081,stInflow,reservoir
AT,h1765,1.0231711341178806,scr2081,stInflow,reservoir
AT,h1766,1.0231711341178806,scr2081,stInflow,reservoir
AT,h1767,1.0231711341178806,scr2081,stInflow,reservoir
AT,h1768,1.0231711341178806,scr2081,stInflow,reservoir
AT,h1769,1.0231711341178806,scr2081,stInflow,reservoir
AT,h1770,1.0231711341178806,scr2081,stInflow,reservoir
AT,h1771,1.0231711341178806,scr2081,stInflow,reservoir
AT,h1772,1.0231711341178806,scr2081,stInflow,reservoir
AT,h1773,1.0231711341178806,scr2081,stInflow,reservoir
AT,h1774,1.0231711341178806,scr2081,stInflow,reservoir
AT,h1775,1.0231711341178806,scr2081,stInflow,reservoir
AT,h1776,1.0231711341178806,scr2081,stInflow,reservoir
AT,h1777,1.0231711341178806,scr2081,stInflow,reservoir
AT,h1778,1.0231711341178806,scr2081,stInflow,reservoir
AT,h1779,1.0231711341178806,scr2081,stInflow,reservoir
AT,h1780,1.0231711341178806,scr2081,stInflow,reservoir
AT,h1781,1.0231711341178806,scr2081,stInflow,reservoir
AT,h1782,1.0231711341178806,scr2081,stInflow,reservoir
AT,h1783,1.0231711341178806,scr2081,stInflow,reservoir
AT,h1784,1.0231711341178806,scr2081,stInflow,reservoir
AT,h1785,1.0231711341178806,scr2081,stInflow,reservoir
AT,h1786,1.0231711341178806,scr2081,stInflow,reservoir
AT,h1787,1.0231711341178806,scr2081,stInflow,reservoir
AT,h1788,1.0231711341178806,scr2081,stInflow,reservoir
AT,h1789,1.0231711341178806,scr2081,stInflow,reservoir
AT,h1790,1.0231711341178806,scr2081,stInflow,reservoir
AT,h1791,1.0231711341178806,scr2081,stInflow,reservoir
AT,h1792,1.0231711341178806,scr2081,stInflow,reservoir
AT,h1793,1.0231711341178806,scr2081,stInflow,reservoir
AT,h1794,1.0231711341178806,scr2081,stInflow,reservoir
AT,h1795,1.0231711341178806,scr2081,stInflow,reservoir
AT,h1796,1.0231711341178806,scr2081,stInflow,reservoir
AT,h1797,1.0231711341178806,scr2081,stInflow,reservoir
AT,h1798,1.0231711341178806,scr2081,stInflow,reservoir
AT,h1799,1.0231711341178806,scr2081,stInflow,reservoir
AT,h1800,1.0231711341178806,scr2081,stInflow,reservoir
AT,h1801,1.0355252624242623,scr2081,stInflow,reservoir
AT,h1802,1.0478794054683847,scr2081,stInflow,reservoir
AT,h1803,1.060233563076521,scr2081,stInflow,reservoir
AT,h1804,1.060233563076521,scr2081,stInflow,reservoir
AT,h1805,1.060233563076521,scr2081,stInflow,reservoir
AT,h1806,1.060233563076521,scr2081,stInflow,reservoir
AT,h1807,1.060233563076521,scr2081,stInflow,reservoir
AT,h1808,1.060233563076521,scr2081,stInflow,reservoir
AT,h1809,1.060233563076521,scr2081,stInflow,reservoir
AT,h1810,1.060233563076521,scr2081,stInflow,reservoir
AT,h1811,1.060233563076521,scr2081,stInflow,reservoir
AT,h1812,1.060233563076521,scr2081,stInflow,reservoir
AT,h1813,1.060233563076521,scr2081,stInflow,reservoir
AT,h1814,1.060233563076521,scr2081,stInflow,reservoir
AT,h1815,1.060233563076521,scr2081,stInflow,reservoir
AT,h1816,1.060233563076521,scr2081,stInflow,reservoir
AT,h1817,1.060233563076521,scr2081,stInflow,reservoir
AT,h1818,1.060233563076521,scr2081,stInflow,reservoir
AT,h1819,1.060233563076521,scr2081,stInflow,reservoir
AT,h1820,1.060233563076521,scr2081,stInflow,reservoir
AT,h1821,1.060233563076521,scr2081,stInflow,reservoir
AT,h1822,1.060233563076521,scr2081,stInflow,reservoir
AT,h1823,1.060233563076521,scr2081,stInflow,reservoir
AT,h1824,1.060233563076521,scr2081,stInflow,reservoir
AT,h1825,1.060233563076521,scr2081,stInflow,reservoir
AT,h1826,1.060233563076521,scr2081,stInflow,reservoir
AT,h1827,1.060233563076521,scr2081,stInflow,reservoir
AT,h1828,1.060233563076521,scr2081,stInflow,reservoir
AT,h1829,1.060233563076521,scr2081,stInflow,reservoir
AT,h1830,1.060233563076521,scr2081,stInflow,reservoir
AT,h1831,1.060233563076521,scr2081,stInflow,reservoir
AT,h1832,1.060233563076521,scr2081,stInflow,reservoir
AT,h1833,1.060233563076521,scr2081,stInflow,reservoir
AT,h1834,1.060233563076521,scr2081,stInflow,reservoir
AT,h1835,1.060233563076521,scr2081,stInflow,reservoir
AT,h1836,1.060233563076521,scr2081,stInflow,reservoir
AT,h1837,1.060233563076521,scr2081,stInflow,reservoir
AT,h1838,1.060233563076521,scr2081,stInflow,reservoir
AT,h1839,1.060233563076521,scr2081,stInflow,reservoir
AT,h1840,1.060233563076521,scr2081,stInflow,reservoir
AT,h1841,1.060233563076521,scr2081,stInflow,reservoir
AT,h1842,1.060233563076521,scr2081,stInflow,reservoir
AT,h1843,1.060233563076521,scr2081,stInflow,reservoir
AT,h1844,1.060233563076521,scr2081,stInflow,reservoir
AT,h1845,1.060233563076521,scr2081,stInflow,reservoir
AT,h1846,1.060233563076521,scr2081,stInflow,reservoir
AT,h1847,1.060233563076521,scr2081,stInflow,reservoir
AT,h1848,1.060233563076521,scr2081,stInflow,reservoir
AT,h1849,1.060233563076521,scr2081,stInflow,reservoir
AT,h1850,1.060233563076521,scr2081,stInflow,reservoir
AT,h1851,1.060233563076521,scr2081,stInflow,reservoir
AT,h1852,1.060233563076521,scr2081,stInflow,reservoir
AT,h1853,1.060233563076521,scr2081,stInflow,reservoir
AT,h1854,1.060233563076521,scr2081,stInflow,reservoir
AT,h1855,1.060233563076521,scr2081,stInflow,reservoir
AT,h1856,1.060233563076521,scr2081,stInflow,reservoir
AT,h1857,1.060233563076521,scr2081,stInflow,reservoir
AT,h1858,1.060233563076521,scr2081,stInflow,reservoir
AT,h1859,1.060233563076521,scr2081,stInflow,reservoir
AT,h1860,1.060233563076521,scr2081,stInflow,reservoir
AT,h1861,1.060233563076521,scr2081,stInflow,reservoir
AT,h1862,1.060233563076521,scr2081,stInflow,reservoir
AT,h1863,1.060233563076521,scr2081,stInflow,reservoir
AT,h1864,1.060233563076521,scr2081,stInflow,reservoir
AT,h1865,1.060233563076521,scr2081,stInflow,reservoir
AT,h1866,1.060233563076521,scr2081,stInflow,reservoir
AT,h1867,1.060233563076521,scr2081,stInflow,reservoir
AT,h1868,1.060233563076521,scr2081,stInflow,reservoir
AT,h1869,1.060233563076521,scr2081,stInflow,reservoir
AT,h1870,1.060233563076521,scr2081,stInflow,reservoir
AT,h1871,1.060233563076521,scr2081,stInflow,reservoir
AT,h1872,1.060233563076521,scr2081,stInflow,reservoir
AT,h1873,1.060233563076521,scr2081,stInflow,reservoir
AT,h1874,1.060233563076521,scr2081,stInflow,reservoir
AT,h1875,1.060233563076521,scr2081,stInflow,reservoir
AT,h1876,1.060233563076521,scr2081,stInflow,reservoir
AT,h1877,1.060233563076521,scr2081,stInflow,reservoir
AT,h1878,1.060233563076521,scr2081,stInflow,reservoir
AT,h1879,1.060233563076521,scr2081,stInflow,reservoir
AT,h1880,1.060233563076521,scr2081,stInflow,reservoir
AT,h1881,1.060233563076521,scr2081,stInflow,reservoir
AT,h1882,1.060233563076521,scr2081,stInflow,reservoir
AT,h1883,1.060233563076521,scr2081,stInflow,reservoir
AT,h1884,1.060233563076521,scr2081,stInflow,reservoir
AT,h1885,1.060233563076521,scr2081,stInflow,reservoir
AT,h1886,1.060233563076521,scr2081,stInflow,reservoir
AT,h1887,1.060233563076521,scr2081,stInflow,reservoir
AT,h1888,1.060233563076521,scr2081,stInflow,reservoir
AT,h1889,1.060233563076521,scr2081,stInflow,reservoir
AT,h1890,1.060233563076521,scr2081,stInflow,reservoir
AT,h1891,1.060233563076521,scr2081,stInflow,reservoir
AT,h1892,1.060233563076521,scr2081,stInflow,reservoir
AT,h1893,1.060233563076521,scr2081,stInflow,reservoir
AT,h1894,1.060233563076521,scr2081,stInflow,reservoir
AT,h1895,1.060233563076521,scr2081,stInflow,reservoir
AT,h1896,1.060233563076521,scr2081,stInflow,reservoir
AT,h1897,1.060233563076521,scr2081,stInflow,reservoir
AT,h1898,1.060233563076521,scr2081,stInflow,reservoir
AT,h1899,1.060233563076521,scr2081,stInflow,reservoir
AT,h1900,1.060233563076521,scr2081,stInflow,reservoir
AT,h1901,1.060233563076521,scr2081,stInflow,reservoir
AT,h1902,1.060233563076521,scr2081,stInflow,reservoir
AT,h1903,1.060233563076521,scr2081,stInflow,reservoir
AT,h1904,1.060233563076521,scr2081,stInflow,reservoir
AT,h1905,1.060233563076521,scr2081,stInflow,reservoir
AT,h1906,1.060233563076521,scr2081,stInflow,reservoir
AT,h1907,1.060233563076521,scr2081,stInflow,reservoir
AT,h1908,1.060233563076521,scr2081,stInflow,reservoir
AT,h1909,1.060233563076521,scr2081,stInflow,reservoir
AT,h1910,1.060233563076521,scr2081,stInflow,reservoir
AT,h1911,1.060233563076521,scr2081,stInflow,reservoir
AT,h1912,1.060233563076521,scr2081,stInflow,reservoir
AT,h1913,1.060233563076521,scr2081,stInflow,reservoir
AT,h1914,1.060233563076521,scr2081,stInflow,reservoir
AT,h1915,1.060233563076521,scr2081,stInflow,reservoir
AT,h1916,1.060233563076521,scr2081,stInflow,reservoir
AT,h1917,1.060233563076521,scr2081,stInflow,reservoir
AT,h1918,1.060233563076521,scr2081,stInflow,reservoir
AT,h1919,1.060233563076521,scr2081,stInflow,reservoir
AT,h1920,1.060233563076521,scr2081,stInflow,reservoir
AT,h1921,1.060233563076521,scr2081,stInflow,reservoir
AT,h1922,1.060233563076521,scr2081,stInflow,reservoir
AT,h1923,1.060233563076521,scr2081,stInflow,reservoir
AT,h1924,1.060233563076521,scr2081,stInflow,reservoir
AT,h1925,1.060233563076521,scr2081,stInflow,reservoir
AT,h1926,1.060233563076521,scr2081,stInflow,reservoir
AT,h1927,1.060233563076521,scr2081,stInflow,reservoir
AT,h1928,1.060233563076521,scr2081,stInflow,reservoir
AT,h1929,1.060233563076521,scr2081,stInflow,reservoir
AT,h1930,1.060233563076521,scr2081,stInflow,reservoir
AT,h1931,1.060233563076521,scr2081,stInflow,reservoir
AT,h1932,1.060233563076521,scr2081,stInflow,reservoir
AT,h1933,1.060233563076521,scr2081,stInflow,reservoir
AT,h1934,1.060233563076521,scr2081,stInflow,reservoir
AT,h1935,1.060233563076521,scr2081,stInflow,reservoir
AT,h1936,1.060233563076521,scr2081,stInflow,reservoir
AT,h1937,1.060233563076521,scr2081,stInflow,reservoir
AT,h1938,1.060233563076521,scr2081,stInflow,reservoir
AT,h1939,1.060233563076521,scr2081,stInflow,reservoir
AT,h1940,1.060233563076521,scr2081,stInflow,reservoir
AT,h1941,1.060233563076521,scr2081,stInflow,reservoir
AT,h1942,1.060233563076521,scr2081,stInflow,reservoir
AT,h1943,1.060233563076521,scr2081,stInflow,reservoir
AT,h1944,1.060233563076521,scr2081,stInflow,reservoir
AT,h1945,1.060233563076521,scr2081,stInflow,reservoir
AT,h1946,1.060233563076521,scr2081,stInflow,reservoir
AT,h1947,1.060233563076521,scr2081,stInflow,reservoir
AT,h1948,1.060233563076521,scr2081,stInflow,reservoir
AT,h1949,1.060233563076521,scr2081,stInflow,reservoir
AT,h1950,1.060233563076521,scr2081,stInflow,reservoir
AT,h1951,1.060233563076521,scr2081,stInflow,reservoir
AT,h1952,1.060233563076521,scr2081,stInflow,reservoir
AT,h1953,1.060233563076521,scr2081,stInflow,reservoir
AT,h1954,1.060233563076521,scr2081,stInflow,reservoir
AT,h1955,1.060233563076521,scr2081,stInflow,reservoir
AT,h1956,1.060233563076521,scr2081,stInflow,reservoir
AT,h1957,1.060233563076521,scr2081,stInflow,reservoir
AT,h1958,1.060233563076521,scr2081,stInflow,reservoir
AT,h1959,1.060233563076521,scr2081,stInflow,reservoir
AT,h1960,1.060233563076521,scr2081,stInflow,reservoir
AT,h1961,1.060233563076521,scr2081,stInflow,reservoir
AT,h1962,1.060233563076521,scr2081,stInflow,reservoir
AT,h1963,1.060233563076521,scr2081,stInflow,reservoir
AT,h1964,1.060233563076521,scr2081,stInflow,reservoir
AT,h1965,1.060233563076521,scr2081,stInflow,reservoir
AT,h1966,1.060233563076521,scr2081,stInflow,reservoir
AT,h1967,1.060233563076521,scr2081,stInflow,reservoir
AT,h1968,1.060233563076521,scr2081,stInflow,reservoir
AT,h1969,1.1695715150335777,scr2081,stInflow,reservoir
AT,h1970,1.278910490542803,scr2081,stInflow,reservoir
AT,h1971,1.38825040188933,scr2081,stInflow,reservoir
AT,h1972,1.38825040188933,scr2081,stInflow,reservoir
AT,h1973,1.38825040188933,scr2081,stInflow,reservoir
AT,h1974,1.38825040188933,scr2081,stInflow,reservoir
AT,h1975,1.38825040188933,scr2081,stInflow,reservoir
AT,h1976,1.38825040188933,scr2081,stInflow,reservoir
AT,h1977,1.38825040188933,scr2081,stInflow,reservoir
AT,h1978,1.38825040188933,scr2081,stInflow,reservoir
AT,h1979,1.38825040188933,scr2081,stInflow,reservoir
AT,h1980,1.38825040188933,scr2081,stInflow,reservoir
AT,h1981,1.38825040188933,scr2081,stInflow,reservoir
AT,h1982,1.38825040188933,scr2081,stInflow,reservoir
AT,h1983,1.38825040188933,scr2081,stInflow,reservoir
AT,h1984,1.38825040188933,scr2081,stInflow,reservoir
AT,h1985,1.38825040188933,scr2081,stInflow,reservoir
AT,h1986,1.38825040188933,scr2081,stInflow,reservoir
AT,h1987,1.38825040188933,scr2081,stInflow,reservoir
AT,h1988,1.38825040188933,scr2081,stInflow,reservoir
AT,h1989,1.38825040188933,scr2081,stInflow,reservoir
AT,h1990,1.38825040188933,scr2081,stInflow,reservoir
AT,h1991,1.38825040188933,scr2081,stInflow,reservoir
AT,h1992,1.38825040188933,scr2081,stInflow,reservoir
AT,h1993,1.38825040188933,scr2081,stInflow,reservoir
AT,h1994,1.38825040188933,scr2081,stInflow,reservoir
AT,h1995,1.38825040188933,scr2081,stInflow,reservoir
AT,h1996,1.38825040188933,scr2081,stInflow,reservoir
AT,h1997,1.38825040188933,scr2081,stInflow,reservoir
AT,h1998,1.38825040188933,scr2081,stInflow,reservoir
AT,h1999,1.38825040188933,scr2081,stInflow,reservoir
AT,h2000,1.38825040188933,scr2081,stInflow,reservoir
AT,h2001,1.38825040188933,scr2081,stInflow,reservoir
AT,h2002,1.38825040188933,scr2081,stInflow,reservoir
AT,h2003,1.38825040188933,scr2081,stInflow,reservoir
AT,h2004,1.38825040188933,scr2081,stInflow,reservoir
AT,h2005,1.38825040188933,scr2081,stInflow,reservoir
AT,h2006,1.38825040188933,scr2081,stInflow,reservoir
AT,h2007,1.38825040188933,scr2081,stInflow,reservoir
AT,h2008,1.38825040188933,scr2081,stInflow,reservoir
AT,h2009,1.38825040188933,scr2081,stInflow,reservoir
AT,h2010,1.38825040188933,scr2081,stInflow,reservoir
AT,h2011,1.38825040188933,scr2081,stInflow,reservoir
AT,h2012,1.38825040188933,scr2081,stInflow,reservoir
AT,h2013,1.38825040188933,scr2081,stInflow,reservoir
AT,h2014,1.38825040188933,scr2081,stInflow,reservoir
AT,h2015,1.38825040188933,scr2081,stInflow,reservoir
AT,h2016,1.38825040188933,scr2081,stInflow,reservoir
AT,h2017,1.38825040188933,scr2081,stInflow,reservoir
AT,h2018,1.38825040188933,scr2081,stInflow,reservoir
AT,h2019,1.38825040188933,scr2081,stInflow,reservoir
AT,h2020,1.38825040188933,scr2081,stInflow,reservoir
AT,h2021,1.38825040188933,scr2081,stInflow,reservoir
AT,h2022,1.38825040188933,scr2081,stInflow,reservoir
AT,h2023,1.38825040188933,scr2081,stInflow,reservoir
AT,h2024,1.38825040188933,scr2081,stInflow,reservoir
AT,h2025,1.38825040188933,scr2081,stInflow,reservoir
AT,h2026,1.38825040188933,scr2081,stInflow,reservoir
AT,h2027,1.38825040188933,scr2081,stInflow,reservoir
AT,h2028,1.38825040188933,scr2081,stInflow,reservoir
AT,h2029,1.38825040188933,scr2081,stInflow,reservoir
AT,h2030,1.38825040188933,scr2081,stInflow,reservoir
AT,h2031,1.38825040188933,scr2081,stInflow,reservoir
AT,h2032,1.38825040188933,scr2081,stInflow,reservoir
AT,h2033,1.38825040188933,scr2081,stInflow,reservoir
AT,h2034,1.38825040188933,scr2081,stInflow,reservoir
AT,h2035,1.38825040188933,scr2081,stInflow,reservoir
AT,h2036,1.38825040188933,scr2081,stInflow,reservoir
AT,h2037,1.38825040188933,scr2081,stInflow,reservoir
AT,h2038,1.38825040188933,scr2081,stInflow,reservoir
AT,h2039,1.38825040188933,scr2081,stInflow,reservoir
AT,h2040,1.38825040188933,scr2081,stInflow,reservoir
AT,h2041,1.38825040188933,scr2081,stInflow,reservoir
AT,h2042,1.38825040188933,scr2081,stInflow,reservoir
AT,h2043,1.38825040188933,scr2081,stInflow,reservoir
AT,h2044,1.38825040188933,scr2081,stInflow,reservoir
AT,h2045,1.38825040188933,scr2081,stInflow,reservoir
AT,h2046,1.38825040188933,scr2081,stInflow,reservoir
AT,h2047,1.38825040188933,scr2081,stInflow,reservoir
AT,h2048,1.38825040188933,scr2081,stInflow,reservoir
AT,h2049,1.38825040188933,scr2081,stInflow,reservoir
AT,h2050,1.38825040188933,scr2081,stInflow,reservoir
AT,h2051,1.38825040188933,scr2081,stInflow,reservoir
AT,h2052,1.38825040188933,scr2081,stInflow,reservoir
AT,h2053,1.38825040188933,scr2081,stInflow,reservoir
AT,h2054,1.38825040188933,scr2081,stInflow,reservoir
AT,h2055,1.38825040188933,scr2081,stInflow,reservoir
AT,h2056,1.38825040188933,scr2081,stInflow,reservoir
AT,h2057,1.38825040188933,scr2081,stInflow,reservoir
AT,h2058,1.38825040188933,scr2081,stInflow,reservoir
AT,h2059,1.38825040188933,scr2081,stInflow,reservoir
AT,h2060,1.38825040188933,scr2081,stInflow,reservoir
AT,h2061,1.38825040188933,scr2081,stInflow,reservoir
AT,h2062,1.38825040188933,scr2081,stInflow,reservoir
AT,h2063,1.38825040188933,scr2081,stInflow,reservoir
AT,h2064,1.38825040188933,scr2081,stInflow,reservoir
AT,h2065,1.38825040188933,scr2081,stInflow,reservoir
AT,h2066,1.38825040188933,scr2081,stInflow,reservoir
AT,h2067,1.38825040188933,scr2081,stInflow,reservoir
AT,h2068,1.38825040188933,scr2081,stInflow,reservoir
AT,h2069,1.38825040188933,scr2081,stInflow,reservoir
AT,h2070,1.38825040188933,scr2081,stInflow,reservoir
AT,h2071,1.38825040188933,scr2081,stInflow,reservoir
AT,h2072,1.38825040188933,scr2081,stInflow,reservoir
AT,h2073,1.38825040188933,scr2081,stInflow,reservoir
AT,h2074,1.38825040188933,scr2081,stInflow,reservoir
AT,h2075,1.38825040188933,scr2081,stInflow,reservoir
AT,h2076,1.38825040188933,scr2081,stInflow,reservoir
AT,h2077,1.38825040188933,scr2081,stInflow,reservoir
AT,h2078,1.38825040188933,scr2081,stInflow,reservoir
AT,h2079,1.38825040188933,scr2081,stInflow,reservoir
AT,h2080,1.38825040188933,scr2081,stInflow,reservoir
AT,h2081,1.38825040188933,scr2081,stInflow,reservoir
AT,h2082,1.38825040188933,scr2081,stInflow,reservoir
AT,h2083,1.38825040188933,scr2081,stInflow,reservoir
AT,h2084,1.38825040188933,scr2081,stInflow,reservoir
AT,h2085,1.38825040188933,scr2081,stInflow,reservoir
AT,h2086,1.38825040188933,scr2081,stInflow,reservoir
AT,h2087,1.38825040188933,scr2081,stInflow,reservoir
AT,h2088,1.38825040188933,scr2081,stInflow,reservoir
AT,h2089,1.38825040188933,scr2081,stInflow,reservoir
AT,h2090,1.38825040188933,scr2081,stInflow,reservoir
AT,h2091,1.38825040188933,scr2081,stInflow,reservoir
AT,h2092,1.38825040188933,scr2081,stInflow,reservoir
AT,h2093,1.38825040188933,scr2081,stInflow,reservoir
AT,h2094,1.38825040188933,scr2081,stInflow,reservoir
AT,h2095,1.38825040188933,scr2081,stInflow,reservoir
AT,h2096,1.38825040188933,scr2081,stInflow,reservoir
AT,h2097,1.38825040188933,scr2081,stInflow,reservoir
AT,h2098,1.38825040188933,scr2081,stInflow,reservoir
AT,h2099,1.38825040188933,scr2081,stInflow,reservoir
AT,h2100,1.38825040188933,scr2081,stInflow,reservoir
AT,h2101,1.38825040188933,scr2081,stInflow,reservoir
AT,h2102,1.38825040188933,scr2081,stInflow,reservoir
AT,h2103,1.38825040188933,scr2081,stInflow,reservoir
AT,h2104,1.38825040188933,scr2081,stInflow,reservoir
AT,h2105,1.38825040188933,scr2081,stInflow,reservoir
AT,h2106,1.38825040188933,scr2081,stInflow,reservoir
AT,h2107,1.38825040188933,scr2081,stInflow,reservoir
AT,h2108,1.38825040188933,scr2081,stInflow,reservoir
AT,h2109,1.38825040188933,scr2081,stInflow,reservoir
AT,h2110,1.38825040188933,scr2081,stInflow,reservoir
AT,h2111,1.38825040188933,scr2081,stInflow,reservoir
AT,h2112,1.38825040188933,scr2081,stInflow,reservoir
AT,h2113,1.38825040188933,scr2081,stInflow,reservoir
AT,h2114,1.38825040188933,scr2081,stInflow,reservoir
AT,h2115,1.38825040188933,scr2081,stInflow,reservoir
AT,h2116,1.38825040188933,scr2081,stInflow,reservoir
AT,h2117,1.38825040188933,scr2081,stInflow,reservoir
AT,h2118,1.38825040188933,scr2081,stInflow,reservoir
AT,h2119,1.38825040188933,scr2081,stInflow,reservoir
AT,h2120,1.38825040188933,scr2081,stInflow,reservoir
AT,h2121,1.38825040188933,scr2081,stInflow,reservoir
AT,h2122,1.38825040188933,scr2081,stInflow,reservoir
AT,h2123,1.38825040188933,scr2081,stInflow,reservoir
AT,h2124,1.38825040188933,scr2081,stInflow,reservoir
AT,h2125,1.38825040188933,scr2081,stInflow,reservoir
AT,h2126,1.38825040188933,scr2081,stInflow,reservoir
AT,h2127,1.38825040188933,scr2081,stInflow,reservoir
AT,h2128,1.38825040188933,scr2081,stInflow,reservoir
AT,h2129,1.38825040188933,scr2081,stInflow,reservoir
AT,h2130,1.38825040188933,scr2081,stInflow,reservoir
AT,h2131,1.38825040188933,scr2081,stInflow,reservoir
AT,h2132,1.38825040188933,scr2081,stInflow,reservoir
AT,h2133,1.38825040188933,scr2081,stInflow,reservoir
AT,h2134,1.38825040188933,scr2081,stInflow,reservoir
AT,h2135,1.38825040188933,scr2081,stInflow,reservoir
AT,h2136,1.38825040188933,scr2081,stInflow,reservoir
AT,h2137,1.5682388005486503,scr2081,stInflow,reservoir
AT,h2138,1.7482292693289123,scr2081,stInflow,reservoir
AT,h2139,1.9282215943375571,scr2081,stInflow,reservoir
AT,h2140,1.9282215943375571,scr2081,stInflow,reservoir
AT,h2141,1.9282215943375571,scr2081,stInflow,reservoir
AT,h2142,1.9282215943375571,scr2081,stInflow,reservoir
AT,h2143,1.9282215943375571,scr2081,stInflow,reservoir
AT,h2144,1.9282215943375571,scr2081,stInflow,reservoir
AT,h2145,1.9282215943375571,scr2081,stInflow,reservoir
AT,h2146,1.9282215943375571,scr2081,stInflow,reservoir
AT,h2147,1.9282215943375571,scr2081,stInflow,reservoir
AT,h2148,1.9282215943375571,scr2081,stInflow,reservoir
AT,h2149,1.9282215943375571,scr2081,stInflow,reservoir
AT,h2150,1.9282215943375571,scr2081,stInflow,reservoir
AT,h2151,1.9282215943375571,scr2081,stInflow,reservoir
AT,h2152,1.9282215943375571,scr2081,stInflow,reservoir
AT,h2153,1.9282215943375571,scr2081,stInflow,reservoir
AT,h2154,1.9282215943375571,scr2081,stInflow,reservoir
AT,h2155,1.9282215943375571,scr2081,stInflow,reservoir
AT,h2156,1.9282215943375571,scr2081,stInflow,reservoir
AT,h2157,1.9282215943375571,scr2081,stInflow,reservoir
AT,h2158,1.9282215943375571,scr2081,stInflow,reservoir
AT,h2159,1.9282215943375571,scr2081,stInflow,reservoir
AT,h2160,1.9282215943375571,scr2081,stInflow,reservoir
BG,h1441,0.5406284615332558,scr2081,stInflow,reservoir
BG,h1442,0.5406284615332558,scr2081,stInflow,reservoir
BG,h1443,0.5406284615332558,scr2081,stInflow,reservoir
BG,h1444,0.5406284615332558,scr2081,stInflow,reservoir
BG,h1445,0.5406284615332558,scr2081,stInflow,reservoir
BG,h1446,0.5406284615332558,scr2081,stInflow,reservoir
BG,h1447,0.5406284615332558,scr2081,stInflow,reservoir
BG,h1448,0.5406284615332558,scr2081,stInflow,reservoir
BG,h1449,0.5406284615332558,scr2081,stInflow,reservoir
BG,h1450,0.5406284615332558,scr2081,stInflow,reservoir
BG,h1451,0.5406284615332558,scr2081,stInflow,reservoir
BG,h1452,0.5406284615332558,scr2081,stInflow,reservoir
BG,h1453,0.5406284615332558,scr2081,stInflow,reservoir
BG,h1454,0.5406284615332558,scr2081,stInflow,reservoir
BG,h1455,0.5406284615332558,scr2081,stInflow,reservoir
BG,h1456,0.5406284615332558,scr2081,stInflow,reservoir
BG,h1457,0.5406284615332558,scr2081,stInflow,reservoir
BG,h1458,0.5406284615332558,scr2081,stInflow,reservoir
BG,h1459,0.5406284615332558,scr2081,stInflow,reservoir
BG,h1460,0.5406284615332558,scr2081,stInflow,reservoir
BG,h1461,0.5406284615332558,scr2081,stInflow,reservoir
BG,h1462,0.5406284615332558,scr2081,stInflow,reservoir
BG,h1463,0.5406284615332558,scr2081,stInflow,reservoir
BG,h1464,0.5406284615332558,scr2081,stInflow,reservoir
BG,h1465,0.5525822318416707,scr2081,stInflow,reservoir
BG,h1466,0.564536028009158,scr2081,stInflow,reservoir
BG,h1467,0.5764898494881786,scr2081,stInflow,reservoir
BG,h1468,0.5764898494881786,scr2081,stInflow,reservoir
BG,h1469,0.5764898494881786,scr2081,stInflow,reservoir
BG,h1470,0.5764898494881786,scr2081,stInflow,reservoir
BG,h1471,0.5764898494881786,scr2081,stInflow,reservoir
BG,h1472,0.5764898494881786,scr2081,stInflow,reservoir
BG,h1473,0.5764898494881786,scr2081,stInflow,reservoir
BG,h1474,0.5764898494881786,scr2081,stInflow,reservoir
BG,h1475,0.5764898494881786,scr2081,stInflow,reservoir
BG,h1476,0.5764898494881786,scr2081,stInflow,reservoir
BG,h1477,0.5764898494881786,scr2081,stInflow,reservoir
BG,h1478,0.5764898494881786,scr2081,stInflow,reservoir
BG,h1479,0.5764898494881786,scr2081,stInflow,reservoir
BG,h1480,0.5764898494881786,scr2081,stInflow,reservoir
BG,h1481,0.5764898494881786,scr2081,stInflow,reservoir
BG,h1482,0.5764898494881786,scr2081,stInflow,reservoir
BG,h1483,0.5764898494881786,scr2081,stInflow,reservoir
BG,h1484,0.5764898494881786,scr2081,stInflow,reservoir
BG,h1485,0.5764898494881786,scr2081,stInflow,reservoir
BG,h1486,0.5764898494881786,scr2081,stInflow,reservoir
BG,h1487,0.5764898494881786,scr2081,stInflow,reservoir
BG,h1488,0.5764898494881786,scr2081,stInflow,reservoir
BG,h1489,0.5764898494881786,scr2081,stInflow,reservoir
BG,h1490,0.5764898494881786,scr2081,stInflow,reservoir
BG,h1491,0.5764898494881786,scr2081,stInflow,reservoir
BG,h1492,0.5764898494881786,scr2081,stInflow,reservoir
BG,h1493,0.5764898494881786,scr2081,stInflow,reservoir
BG,h1494,0.5764898494881786,scr2081,stInflow,reservoir
BG,h1495,0.5764898494881786,scr2081,stInflow,reservoir
BG,h1496,0.5764898494881786,scr2081,stInflow,reservoir
BG,h1497,0.5764898494881786,scr2081,stInflow,reservoir
BG,h1498,0.5764898494881786,scr2081,stInflow,reservoir
BG,h1499,0.5764898494881786,scr2081,stInflow,reservoir
BG,h1500,0.5764898494881786,scr2081,stInflow,reservoir
BG,h1501,0.5764898494881786,scr2081,stInflow,reservoir
BG,h1502,0.5764898494881786,scr2081,stInflow,reservoir
BG,h1503,0.5764898494881786,scr2081,stInflow,reservoir
BG,h1504,0.5764898494881786,scr2081,stInflow,reservoir
BG,h1505,0.5764898494881786,scr2081,stInflow,reservoir
BG,h1506,0.5764898494881786,scr2081,stInflow,reservoir
BG,h1507,0.5764898494881786,scr2081,stInflow,reservoir
BG,h1508,0.5764898494881786,scr2081,stInflow,reservoir
BG,h1509,0.5764898494881786,scr2081,stInflow,reservoir
BG,h1510,0.5764898494881786,scr2081,stInflow,reservoir
BG,h1511,0.5764898494881786,scr2081,stInflow,reservoir
BG,h1512,0.5764898494881786,scr2081,stInflow,reservoir
BG,h1513,0.5764898494881786,scr2081,stInflow,reservoir
BG,h1514,0.5764898494881786,scr2081,stInflow,reservoir
BG,h1515,0.5764898494881786,scr2081,stInflow,reservoir
BG,h1516,0.5764898494881786,scr2081,stInflow,reservoir
BG,h1517,0.5764898494881786,scr2081,stInflow,reservoir
BG,h1518,0.5764898494881786,scr2081,stInflow,reservoir
BG,h1519,0.5764898494881786,scr2081,stInflow,reservoir
BG,h1520,0.5764898494881786,scr2081,stInflow,reservoir
BG,h1521,0.5764898494881786,scr2081,stInflow,reservoir
BG,h1522,0.5764898494881786,scr2081,stInflow,reservoir
BG,h1523,0.5764898494881786,scr2081,stInflow,reservoir
BG,h1524,0.5764898494881786,scr2081,stInflow,reservoir
BG,h1525,0.5764898494881786,scr2081,stInflow,reservoir
BG,h1526,0.5764898494881786,scr2081,stInflow,reservoir
BG,h1527,0.5764898494881786,scr2081,stInflow,reservoir
BG,h1528,0.5764898494881786,scr2081,stInflow,reservoir
BG,h1529,0.5764898494881786,scr2081,stInflow,reservoir
BG,h1530,0.5764898494881786,scr2081,stInflow,reservoir
BG,h1531,0.5764898494881786,scr2081,stInflow,reservoir
BG,h1532,0.5764898494881786,scr2081,stInflow,reservoir
BG,h1533,0.5764898494881786,scr2081,stInflow,reservoir
BG,h1534,0.5764898494881786,scr2081,stInflow,reservoir
BG,h1535,0.5764898494881786,scr2081,stInflow,reservoir
BG,h1536,0.5764898494881786,scr2081,stInflow,reservoir
BG,h1537,0.5764898494881786,scr2081,stInflow,reservoir
BG,h1538,0.5764898494881786,scr2081,stInflow,reservoir
BG,h1539,0.5764898494881786,scr2081,stInflow,reservoir
BG,h1540,0.5764898494881786,scr2081,stInflow,reservoir
BG,h1541,0.5764898494881786,scr2081,stInflow,reservoir
BG,h1542,0.5764898494881786,scr2081,stInflow,reservoir
BG,h1543,0.5764898494881786,scr2081,stInflow,reservoir
BG,h1544,0.5764898494881786,scr2081,stInflow,reservoir
BG,h1545,0.5764898494881786,scr2081,stInflow,reservoir
BG,h1546,0.5764898494881786,scr2081,stInflow,reservoir
BG,h1547,0.5764898494881786,scr2081,stInflow,reservoir
BG,h1548,0.5764898494881786,scr2081,stInflow,reservoir
BG,h1549,0.5764898494881786,scr2081,stInflow,reservoir
BG,h1550,0.5764898494881786,scr2081,stInflow,reservoir
BG,h1551,0.5764898494881786,scr2081,stInflow,reservoir
BG,h1552,0.5764898494881786,scr2081,stInflow,reservoir
BG,h1553,0.5764898494881786,scr2081,stInflow,reservoir
BG,h1554,0.5764898494881786,scr2081,stInflow,reservoir
BG,h1555,0.5764898494881786,scr2081,stInflow,reservoir
BG,h1556,0.5764898494881786,scr2081,stInflow,reservoir
BG,h1557,0.5764898494881786,scr2081,stInflow,reservoir
BG,h1558,0.5764898494881786,scr2081,stInflow,reservoir
BG,h1559,0.5764898494881786,scr2081,stInflow,reservoir
BG,h1560,0.5764898494881786,scr2081,stInflow,reservoir
BG,h1561,0.5764898494881786,scr2081,stInflow,reservoir
BG,h1562,0.5764898494881786,scr2081,stInflow,reservoir
BG,h1563,0.5764898494881786,scr2081,stInflow,reservoir
BG,h1564,0.5764898494881786,scr2081,stInflow,reservoir
BG,h1565,0.5764898494881786,scr2081,stInflow,reservoir
BG,h1566,0.5764898494881786,scr2081,stInflow,reservoir
BG,h1567,0.5764898494881786,scr2081,stInflow,reservoir
BG,h1568,0.5764898494881786,scr2081,stInflow,reservoir
BG,h1569,0.5764898494881786,scr2081,stInflow,reservoir
BG,h1570,0.5764898494881786,scr2081,stInflow,reservoir
BG,h1571,0.5764898494881786,scr2081,stInflow,reservoir
BG,h1572,0.5764898494881786,scr2081,stInflow,reservoir
BG,h1573,0.5764898494881786,scr2081,stInflow,reservoir
BG,h1574,0.5764898494881786,scr2081,stInflow,reservoir
BG,h1575,0.5764898494881786,scr2081,stInflow,reservoir
BG,h1576,0.5764898494881786,scr2081,stInflow,reservoir
BG,h1577,0.5764898494881786,scr2081,stInflow,reservoir
BG,h1578,0.5764898494881786,scr2081,stInflow,reservoir
BG,h1579,0.5764898494881786,scr2081,stInflow,reservoir
BG,h1580,0.5764898494881786,scr2081,stInflow,reservoir
BG,h1581,0.5764898494881786,scr2081,stInflow,reservoir
BG,h1582,0.5764898494881786,scr2081,stInflow,reservoir
BG,h1583,0.5764898494881786,scr2081,stInflow,reservoir
BG,h1584,0.5764898494881786,scr2081,stInflow,reservoir
BG,h1585,0.5764898494881786,scr2081,stInflow,reservoir
BG,h1586,0.5764898494881786,scr2081,stInflow,reservoir
BG,h1587,0.5764898494881786,scr2081,stInflow,reservoir
BG,h1588,0.5764898494881786,scr2081,stInflow,reservoir
BG,h1589,0.5764898494881786,scr2081,stInflow,reservoir
BG,h1590,0.5764898494881786,scr2081,stInflow,reservoir
BG,h1591,0.5764898494881786,scr2081,stInflow,reservoir
BG,h1592,0.5764898494881786,scr2081,stInflow,reservoir
BG,h1593,0.5764898494881786,scr2081,stInflow,reservoir
BG,h1594,0.5764898494881786,scr2081,stInflow,reservoir
BG,h1595,0.5764898494881786,scr2081,stInflow,reservoir
BG,h1596,0.5764898494881786,scr2081,stInflow,reservoir
BG,h1597,0.5764898494881786,scr2081,stInflow,reservoir
BG,h1598,0.5764898494881786,scr2081,stInflow,reservoir
BG,h1599,0.5764898494881786,scr2081,stInflow,reservoir
BG,h1600,0.5764898494881786,scr2081,stInflow,reservoir
BG,h1601,0.5764898494881786,scr2081,stInflow,reservoir
BG,h1602,0.5764898494881786,scr2081,stInflow,reservoir
BG,h1603,0.5764898494881786,scr2081,stInflow,reservoir
BG,h1604,0.5764898494881786,scr2081,stInflow,reservoir
BG,h1605,0.5764898494881786,scr2081,stInflow,reservoir
BG,h1606,0.5764898494881786,scr2081,stInflow,reservoir
BG,h1607,0.5764898494881786,scr2081,stInflow,reservoir
BG,h1608,0.5764898494881786,scr2081,stInflow,reservoir
BG,h1609,0.5764898494881786,scr2081,stInflow,reservoir
BG,h1610,0.5764898494881786,scr2081,stInflow,reservoir
BG,h1611,0.5764898494881786,scr2081,stInflow,reservoir
BG,h1612,0.5764898494881786,scr2081,stInflow,reservoir
BG,h1613,0.5764898494881786,scr2081,stInflow,reservoir
BG,h1614,0.5764898494881786,scr2081,stInflow,reservoir
BG,h1615,0.5764898494881786,scr2081,stInflow,reservoir
BG,h1616,0.5764898494881786,scr2081,stInflow,reservoir
BG,h1617,0.5764898494881786,scr2081,stInflow,reservoir
BG,h1618,0.5764898494881786,scr2081,stInflow,reservoir
BG,h1619,0.5764898494881786,scr2081,stInflow,reservoir
BG,h1620,0.5764898494881786,scr2081,stInflow,reservoir
BG,h1621,0.5764898494881786,scr2081,stInflow,reservoir
BG,h1622,0.5764898494881786,scr2081,stInflow,reservoir
BG,h1623,0.5764898494881786,scr2081,stInflow,reservoir
BG,h1624,0.5764898494881786,scr2081,stInflow,reservoir
BG,h1625,0.5764898494881786,scr2081,stInflow,reservoir
BG,h1626,0.5764898494881786,scr2081,stInflow,reservoir
BG,h1627,0.5764898494881786,scr2081,stInflow,reservoir
BG,h1628,0.5764898494881786,scr2081,stInflow,reservoir
BG,h1629,0.5764898494881786,scr2081,stInflow,reservoir
BG,h1630,0.5764898494881786,scr2081,stInflow,reservoir
BG,h1631,0.5764898494881786,scr2081,stInflow,reservoir
BG,h1632,0.5764898494881786,scr2081,stInflow,reservoir
BG,h1633,0.5742030847602403,scr2081,stInflow,reservoir
BG,h1634,0.571916320942935,scr2081,stInflow,reservoir
BG,h1635,0.5696295580399028,scr2081,stInflow,reservoir
BG,h1636,0.5696295580399028,scr2081,stInflow,reservoir
BG,h1637,0.5696295580399028,scr2081,stInflow,reservoir
BG,h1638,0.5696295580399028,scr2081,stInflow,reservoir
BG,h1639,0.5696295580399028,scr2081,stInflow,reservoir
BG,h1640,0.5696295580399028,scr2081,stInflow,reservoir
BG,h1641,0.5696295580399028,scr2081,stInflow,reservoir
BG,h1642,0.5696295580399028,scr2081,stInflow,reservoir
BG,h1643,0.5696295580399028,scr2081,stInflow,reservoir
BG,h1644,0.5696295580399028,scr2081,stInflow,reservoir
BG,h1645,0.5696295580399028,scr2081,stInflow,reservoir
BG,h1646,0.5696295580399028,scr2081,stInflow,reservoir
BG,h1647,0.5696295580399028,scr2081,stInflow,reservoir
BG,h1648,0.5696295580399028,scr2081,stInflow,reservoir
BG,h1649,0.5696295580399028,scr2081,stInflow,reservoir
BG,h1650,0.5696295580399028,scr2081,stInflow,reservoir
BG,h1651,0.5696295580399028,scr2081,stInflow,reservoir
BG,h1652,0.5696295580399028,scr2081,stInflow,reservoir
BG,h1653,0.5696295580399028,scr2081,stInflow,reservoir
BG,h1654,0.5696295580399028,scr2081,stInflow,reservoir
BG,h1655,0.5696295580399028,scr2081,stInflow,reservoir
BG,h1656,0.5696295580399028,scr2081,stInflow,reservoir
BG,h1657,0.5696295580399028,scr2081,stInflow,reservoir
BG,h1658,0.5696295580399028,scr2081,stInflow,reservoir
BG,h1659,0.5696295580399028,scr2081,stInflow,reservoir
BG,h1660,0.5696295580399028,scr2081,stInflow,reservoir
BG,h1661,0.5696295580399028,scr2081,stInflow,reservoir
BG,h1662,0.5696295580399028,scr2081,stInflow,reservoir
BG,h1663,0.5696295580399028,scr2081,stInflow,reservoir
BG,h1664,0.5696295580399028,scr2081,stInflow,reservoir
BG,h1665,0.5696295580399028,scr2081,stInflow,reservoir
BG,h1666,0.5696295580399028,scr2081,stInflow,reservoir
BG,h1667,0.5696295580399028,scr2081,stInflow,reservoir
BG,h1668,0.5696295580399028,scr2081,stInflow,reservoir
BG,h1669,0.5696295580399028,scr2081,stInflow,reservoir
BG,h1670,0.5696295580399028,scr2081,stInflow,reservoir
BG,h1671,0.5696295580399028,scr2081,stInflow,reservoir
BG,h1672,0.5696295580399028,scr2081,stInflow,reservoir
BG,h1673,0.5696295580399028,scr2081,stInflow,reservoir
BG,h1674,0.5696295580399028,scr2081,stInflow,reservoir
BG,h1675,0.5696295580399028,scr2081,stInflow,reservoir
BG,h1676,0.5696295580399028,scr2081,stInflow,reservoir
BG,h1677,0.5696295580399028,scr2081,stInflow,reservoir
BG,h1678,0.5696295580399028,scr2081,stInflow,reservoir
BG,h1679,0.5696295580399028,scr2081,stInflow,reservoir
BG,h1680,0.5696295580399028,scr2081,stInflow,reservoir
BG,h1681,0.5696295580399028,scr2081,stInflow,reservoir
BG,h1682,0.5696295580399028,scr2081,stInflow,reservoir
BG,h1683,0.5696295580399028,scr2081,stInflow,reservoir
BG,h1684,0.5696295580399028,scr2081,stInflow,reservoir
BG,h1685,0.5696295580399028,scr2081,stInflow,reservoir
BG,h1686,0.5696295580399028,scr2081,stInflow,reservoir
BG,h1687,0.5696295580399028,scr2081,stInflow,reservoir
BG,h1688,0.5696295580399028,scr2081,stInflow,reservoir
BG,h1689,0.5696295580399028,scr2081,stInflow,reservoir
BG,h1690,0.5696295580399028,scr2081,stInflow,reservoir
BG,h1691,0.5696295580399028,scr2081,stInflow,reservoir
BG,h1692,0.5696295580399028,scr2081,stInflow,reservoir
BG,h1693,0.5696295580399028,scr2081,stInflow,reservoir
BG,h1694,0.5696295580399028,scr2081,stInflow,reservoir
BG,h1695,0.5696295580399028,scr2081,stInflow,reservoir
BG,h1696,0.5696295580399028,scr2081,stInflow,reservoir
BG,h1697,0.5696295580399028,scr2081,stInflow,reservoir
BG,h1698,0.5696295580399028,scr2081,stInflow,reservoir
BG,h1699,0.5696295580399028,scr2081,stInflow,reservoir
BG,h1700,0.5696295580399028,scr2081,stInflow,reservoir
BG,h1701,0.5696295580399028,scr2081,stInflow,reservoir
BG,h1702,0.5696295580399028,scr2081,stInflow,reservoir
BG,h1703,0.5696295580399028,scr2081,stInflow,reservoir
BG,h1704,0.5696295580399028,scr2081,stInflow,reservoir
BG,h1705,0.5696295580399028,scr2081,stInflow,reservoir
BG,h1706,0.5696295580399028,scr2081,stInflow,reservoir
BG,h1707,0.5696295580399028,scr2081,stInflow,reservoir
BG,h1708,0.5696295580399028,scr2081,stInflow,reservoir
BG,h1709,0.5696295580399028,scr2081,stInflow,reservoir
BG,h1710,0.5696295580399028,scr2081,stInflow,reservoir
BG,h1711,0.5696295580399028,scr2081,stInflow,reservoir
BG,h1712,0.5696295580399028,scr2081,stInflow,reservoir
BG,h1713,0.5696295580399028,scr2081,stInflow,reservoir
BG,h1714,0.5696295580399028,scr2081,stInflow,reservoir
BG,h1715,0.5696295580399028,scr2081,stInflow,reservoir
BG,h1716,0.5696295580399028,scr2081,stInflow,reservoir
BG,h1717,0.5696295580399028,scr2081,stInflow,reservoir
BG,h1718,0.5696295580399028,scr2081,stInflow,reservoir
BG,h1719,0.5696295580399028,scr2081,stInflow,reservoir
BG,h1720,0.5696295580399028,scr2081,stInflow,reservoir
BG,h1721,0.5696295580399028,scr2081,stInflow,reservoir
BG,h1722,0.5696295580399028,scr2081,stInflow,reservoir
BG,h1723,0.5696295580399028,scr2081,stInflow,reservoir
BG,h1724,0.5696295580399028,scr2081,stInflow,reservoir
BG,h1725,0.5696295580399028,scr2081,stInflow,reservoir
BG,h1726,0.5696295580399028,scr2081,stInflow,reservoir
BG,h1727,0.5696295580399028,scr2081,stInflow,reservoir
BG,h1728,0.5696295580399028,scr2081,stInflow,reservoir
BG,h1729,0.5696295580399028,scr2081,stInflow,reservoir
BG,h1730,0.5696295580399028,scr2081,stInflow,reservoir
BG,h1731,0.5696295580399028,scr2081,stInflow,reservoir
BG,h1732,0.5696295580399028,scr2081,stInflow,reservoir
BG,h1733,0.5696295580399028,scr2081,stInflow,reservoir
BG,h1734,0.5696295580399028,scr2081,stInflow,reservoir
BG,h1735,0.5696295580399028,scr2081,stInflow,reservoir
BG,h1736,0.5696295580399028,scr2081,stInflow,reservoir
BG,h1737,0.5696295580399028,scr2081,stInflow,reservoir
BG,h1738,0.5696295580399028,scr2081,stInflow,reservoir
BG,h1739,0.5696295580399028,scr2081,stInflow,reservoir
BG,h1740,0.5696295580399028,scr2081,stInflow,reservoir
BG,h1741,0.5696295580399028,scr2081,stInflow,reservoir
BG,h1742,0.5696295580399028,scr2081,stInflow,reservoir
BG,h1743,0.5696295580399028,scr2081,stInflow,reservoir
BG,h1744,0.5696295580399028,scr2081,stInflow,reservoir
BG,h1745,0.5696295580399028,scr2081,stInflow,reservoir
BG,h1746,0.5696295580399028,scr2081,stInflow,reservoir
BG,h1747,0.5696295580399028,scr2081,stInflow,reservoir
BG,h1748,0.5696295580399028,scr2081,stInflow,reservoir
BG,h1749,0.5696295580399028,scr2081,stInflow,reservoir
BG,h1750,0.5696295580399028,scr2081,stInflow,reservoir
BG,h1751,0.5696295580399028,scr2081,stInflow,reservoir
BG,h1752,0.5696295580399028,scr2081,stInflow,reservoir
BG,h1753,0.5696295580399028,scr2081,stInflow,reservoir
BG,h1754,0.5696295580399028,scr2081,stInflow,reservoir
BG,h1755,0.5696295580399028,scr2081,stInflow,reservoir
BG,h1756,0.5696295580399028,scr2081,stInflow,reservoir
BG,h1757,0.5696295580399028,scr2081,stInflow,reservoir
BG,h1758,0.5696295580399028,scr2081,stInflow,reservoir
BG,h1759,0.5696295580399028,scr2081,stInflow,reservoir
BG,h1760,0.5696295580399028,scr2081,stInflow,reservoir
BG,h1761,0.5696295580399028,scr2081,stInflow,reservoir
BG,h1762,0.5696295580399028,scr2081,stInflow,reservoir
BG,h1763,0.5696295580399028,scr2081,stInflow,reservoir
BG,h1764,0.5696295580399028,scr2081,stInflow,reservoir
BG,h1765,0.5696295580399028,scr2081,stInflow,reservoir
BG,h1766,0.5696295580399028,scr2081,stInflow,reservoir
BG,h1767,0.5696295580399028,scr2081,stInflow,reservoir
BG,h1768,0.5696295580399028,scr2081,stInflow,reservoir
BG,h1769,0.5696295580399028,scr2081,stInflow,reservoir
BG,h1770,0.5696295580399028,scr2081,stInflow,reservoir
BG,h1771,0.5696295580399028,scr2081,stInflow,reservoir
BG,h1772,0.5696295580399028,scr2081,stInflow,reservoir
BG,h1773,0.5696295580399028,scr2081,stInflow,reservoir
BG,h1774,0.5696295580399028,scr2081,stInflow,reservoir
BG,h1775,0.5696295580399028,scr2081,stInflow,reservoir
BG,h1776,0.5696295580399028,scr2081,stInflow,reservoir
BG,h1777,0.5696295580399028,scr2081,stInflow,reservoir
BG,h1778,0.5696295580399028,scr2081,stInflow,reservoir
BG,h1779,0.5696295580399028,scr2081,stInflow,reservoir
BG,h1780,0.5696295580399028,scr2081,stInflow,reservoir
BG,h1781,0.5696295580399028,scr2081,stInflow,reservoir
BG,h1782,0.5696295580399028,scr2081,stInflow,reservoir
BG,h1783,0.5696295580399028,scr2081,stInflow,reservoir
BG,h1784,0.5696295580399028,scr2081,stInflow,reservoir
BG,h1785,0.5696295580399028,scr2081,stInflow,reservoir
BG,h1786,0.5696295580399028,scr2081,stInflow,reservoir
BG,h1787,0.5696295580399028,scr2081,stInflow,reservoir
BG,h1788,0.5696295580399028,scr2081,stInflow,reservoir
BG,h1789,0.5696295580399028,scr2081,stInflow,reservoir
BG,h1790,0.5696295580399028,scr2081,stInflow,reservoir
BG,h1791,0.5696295580399028,scr2081,stInflow,reservoir
BG,h1792,0.5696295580399028,scr2081,stInflow,reservoir
BG,h1793,0.5696295580399028,scr2081,stInflow,reservoir
BG,h1794,0.5696295580399028,scr2081,stInflow,reservoir
BG,h1795,0.5696295580399028,scr2081,stInflow,reservoir
BG,h1796,0.5696295580399028,scr2081,stInflow,reservoir
BG,h1797,0.5696295580399028,scr2081,stInflow,reservoir
BG,h1798,0.5696295580399028,scr2081,stInflow,reservoir
BG,h1799,0.5696295580399028,scr2081,stInflow,reservoir
BG,h1800,0.5696295580399028,scr2081,stInflow,reservoir
BG,h1801,0.5716522682060874,scr2081,stInflow,reservoir
BG,h1802,0.5736749790879233,scr2081,stInflow,reservoir
BG,h1803,0.5756976906828875,scr2081,stInflow,reservoir
BG,h1804,0.5756976906828875,scr2081,stInflow,reservoir
BG,h1805,0.5756976906828875,scr2081,stInflow,reservoir
BG,h1806,0.5756976906828875,scr2081,stInflow,reservoir
BG,h1807,0.5756976906828875,scr2081,stInflow,reservoir
BG,h1808,0.5756976906828875,scr2081,stInflow,reservoir
BG,h1809,0.5756976906828875,scr2081,stInflow,reservoir
BG,h1810,0.5756976906828875,scr2081,stInflow,reservoir
BG,h1811,0.5756976906828875,scr2081,stInflow,reservoir
BG,h1812,0.5756976906828875,scr2081,stInflow,reservoir
BG,h1813,0.5756976906828875,scr2081,stInflow,reservoir
BG,h1814,0.5756976906828875,scr2081,stInflow,reservoir
BG,h1815,0.5756976906828875,scr2081,stInflow,reservoir
BG,h1816,0.5756976906828875,scr2081,stInflow,reservoir
BG,h1817,0.5756976906828875,scr2081,stInflow,reservoir
BG,h1818,0.5756976906828875,scr2081,stInflow,reservoir
BG,h1819,0.5756976906828875,scr2081,stInflow,reservoir
BG,h1820,0.5756976906828875,scr2081,stInflow,reservoir
BG,h1821,0.5756976906828875,scr2081,stInflow,reservoir
BG,h1822,0.5756976906828875,scr2081,stInflow,reservoir
BG,h1823,0.5756976906828875,scr2081,stInflow,reservoir
BG,h1824,0.5756976906828875,scr2081,stInflow,reservoir
BG,h1825,0.5756976906828875,scr2081,stInflow,reservoir
BG,h1826,0.5756976906828875,scr2081,stInflow,reservoir
BG,h1827,0.5756976906828875,scr2081,stInflow,reservoir
BG,h1828,0.5756976906828875,scr2081,stInflow,reservoir
BG,h1829,0.5756976906828875,scr2081,stInflow,reservoir
BG,h1830,0.5756976906828875,scr2081,stInflow,reservoir
BG,h1831,0.5756976906828875,scr2081,stInflow,reservoir
BG,h1832,0.5756976906828875,scr2081,stInflow,reservoir
BG,h1833,0.5756976906828875,scr2081,stInflow,reservoir
BG,h1834,0.5756976906828875,scr2081,stInflow,reservoir
BG,h1835,0.5756976906828875,scr2081,stInflow,reservoir
BG,h1836,0.5756976906828875,scr2081,stInflow,reservoir
BG,h1837,0.5756976906828875,scr2081,stInflow,reservoir
BG,h1838,0.5756976906828875,scr2081,stInflow,reservoir
BG,h1839,0.5756976906828875,scr2081,stInflow,reservoir
BG,h1840,0.5756976906828875,scr2081,stInflow,reservoir
BG,h1841,0.5756976906828875,scr2081,stInflow,reservoir
BG,h1842,0.5756976906828875,scr2081,stInflow,reservoir
BG,h1843,0.5756976906828875,scr2081,stInflow,reservoir
BG,h1844,0.5756976906828875,scr2081,stInflow,reservoir
BG,h1845,0.5756976906828875,scr2081,stInflow,reservoir
BG,h1846,0.5756976906828875,scr2081,stInflow,reservoir
BG,h1847,0.5756976906828875,scr2081,stInflow,reservoir
BG,h1848,0.5756976906828875,scr2081,stInflow,reservoir
BG,h1849,0.5756976906828875,scr2081,stInflow,reservoir
BG,h1850,0.5756976906828875,scr2081,stInflow,reservoir
BG,h1851,0.5756976906828875,scr2081,stInflow,reservoir
BG,h1852,0.5756976906828875,scr2081,stInflow,reservoir
BG,h1853,0.5756976906828875,scr2081,stInflow,reservoir
BG,h1854,0.5756976906828875,scr2081,stInflow,reservoir
BG,h1855,0.5756976906828875,scr2081,stInflow,reservoir
BG,h1856,0.5756976906828875,scr2081,stInflow,reservoir
BG,h1857,0.5756976906828875,scr2081,stInflow,reservoir
BG,h1858,0.5756976906828875,scr2081,stInflow,reservoir
BG,h1859,0.5756976906828875,scr2081,stInflow,reservoir
BG,h1860,0.5756976906828875,scr2081,stInflow,reservoir
BG,h1861,0.5756976906828875,scr2081,stInflow,reservoir
BG,h1862,0.5756976906828875,scr2081,stInflow,reservoir
BG,h1863,0.5756976906828875,scr2081,stInflow,reservoir
BG,h1864,0.5756976906828875,scr2081,stInflow,reservoir
BG,h1865,0.5756976906828875,scr2081,stInflow,reservoir
BG,h1866,0.5756976906828875,scr2081,stInflow,reservoir
BG,h1867,0.5756976906828875,scr2081,stInflow,reservoir
BG,h1868,0.5756976906828875,scr2081,stInflow,reservoir
BG,h1869,0.5756976906828875,scr2081,stInflow,reservoir
BG,h1870,0.5756976906828875,scr2081,stInflow,reservoir
BG,h1871,0.5756976906828875,scr2081,stInflow,reservoir
BG,h1872,0.5756976906828875,scr2081,stInflow,reservoir
BG,h1873,0.5756976906828875,scr2081,stInflow,reservoir
BG,h1874,0.5756976906828875,scr2081,stInflow,reservoir
BG,h1875,0.5756976906828875,scr2081,stInflow,reservoir
BG,h1876,0.5756976906828875,scr2081,stInflow,reservoir
BG,h1877,0.5756976906828875,scr2081,stInflow,reservoir
BG,h1878,0.5756976906828875,scr2081,stInflow,reservoir
BG,h1879,0.5756976906828875,scr2081,stInflow,reservoir
BG,h1880,0.5756976906828875,scr2081,stInflow,reservoir
BG,h1881,0.5756976906828875,scr2081,stInflow,reservoir
BG,h1882,0.5756976906828875,scr2081,stInflow,reservoir
BG,h1883,0.5756976906828875,scr2081,stInflow,reservoir
BG,h1884,0.5756976906828875,scr2081,stInflow,reservoir
BG,h1885,0.5756976906828875,scr2081,stInflow,reservoir
BG,h1886,0.5756976906828875,scr2081,stInflow,reservoir
BG,h1887,0.5756976906828875,scr2081,stInflow,reservoir
BG,h1888,0.5756976906828875,scr2081,stInflow,reservoir
BG,h1889,0.5756976906828875,scr2081,stInflow,reservoir
BG,h1890,0.5756976906828875,scr2081,stInflow,reservoir
BG,h1891,0.5756976906828875,scr2081,stInflow,reservoir
BG,h1892,0.5756976906828875,scr2081,stInflow,reservoir
BG,h1893,0.5756976906828875,scr2081,stInflow,reservoir
BG,h1894,0.5756976906828875,scr2081,stInflow,reservoir
BG,h1895,0.5756976906828875,scr2081,stInflow,reservoir
BG,h1896,0.5756976906828875,scr2081,stInflow,reservoir
BG,h1897,0.5756976906828875,scr2081,stInflow,reservoir
BG,h1898,0.5756976906828875,scr2081,stInflow,reservoir
BG,h1899,0.5756976906828875,scr2081,stInflow,reservoir
BG,h1900,0.5756976906828875,scr2081,stInflow,reservoir
BG,h1901,0.5756976906828875,scr2081,stInflow,reservoir
BG,h1902,0.5756976906828875,scr2081,stInflow,reservoir
BG,h1903,0.5756976906828875,scr2081,stInflow,reservoir
BG,h1904,0.5756976906828875,scr2081,stInflow,reservoir
BG,h1905,0.5756976906828875,scr2081,stInflow,reservoir
BG,h1906,0.5756976906828875,scr2081,stInflow,reservoir
BG,h1907,0.5756976906828875,scr2081,stInflow,reservoir
BG,h1908,0.5756976906828875,scr2081,stInflow,reservoir
BG,h1909,0.5756976906828875,scr2081,stInflow,reservoir
BG,h1910,0.5756976906828875,scr2081,stInflow,reservoir
BG,h1911,0.5756976906828875,scr2081,stInflow,reservoir
BG,h1912,0.5756976906828875,scr2081,stInflow,reservoir
BG,h1913,0.5756976906828875,scr2081,stInflow,reservoir
BG,h1914,0.5756976906828875,scr2081,stInflow,reservoir
BG,h1915,0.5756976906828875,scr2081,stInflow,reservoir
BG,h1916,0.5756976906828875,scr2081,stInflow,reservoir
BG,h1917,0.5756976906828875,scr2081,stInflow,reservoir
BG,h1918,0.5756976906828875,scr2081,stInflow,reservoir
BG,h1919,0.5756976906828875,scr2081,stInflow,reservoir
BG,h1920,0.5756976906828875,scr2081,stInflow,reservoir
BG,h1921,0.5756976906828875,scr2081,stInflow,reservoir
BG,h1922,0.5756976906828875,scr2081,stInflow,reservoir
BG,h1923,0.5756976906828875,scr2081,stInflow,reservoir
BG,h1924,0.5756976906828875,scr2081,stInflow,reservoir
BG,h1925,0.5756976906828875,scr2081,stInflow,reservoir
BG,h1926,0.5756976906828875,scr2081,stInflow,reservoir
BG,h1927,0.5756976906828875,scr2081,stInflow,reservoir
BG,h1928,0.5756976906828875,scr2081,stInflow,reservoir
BG,h1929,0.5756976906828875,scr2081,stInflow,reservoir
BG,h1930,0.5756976906828875,scr2081,stInflow,reservoir
BG,h1931,0.5756976906828875,scr2081,stInflow,reservoir
BG,h1932,0.5756976906828875,scr2081,stInflow,reservoir
BG,h1933,0.5756976906828875,scr2081,stInflow,reservoir
BG,h1934,0.5756976906828875,scr2081,stInflow,reservoir
BG,h1935,0.5756976906828875,scr2081,stInflow,reservoir
BG,h1936,0.5756976906828875,scr2081,stInflow,reservoir
BG,h1937,0.5756976906828875,scr2081,stInflow,reservoir
BG,h1938,0.5756976906828875,scr2081,stInflow,reservoir
BG,h1939,0.5756976906828875,scr2081,stInflow,reservoir
BG,h1940,0.5756976906828875,scr2081,stInflow,reservoir
BG,h1941,0.5756976906828875,scr2081,stInflow,reservoir
BG,h1942,0.5756976906828875,scr2081,stInflow,reservoir
BG,h1943,0.5756976906828875,scr2081,stInflow,reservoir
BG,h1944,0.5756976906828875,scr2081,stInflow,reservoir
BG,h1945,0.5756976906828875,scr2081,stInflow,reservoir
BG,h1946,0.5756976906828875,scr2081,stInflow,reservoir
BG,h1947,0.5756976906828875,scr2081,stInflow,reservoir
BG,h1948,0.5756976906828875,scr2081,stInflow,reservoir
BG,h1949,0.5756976906828875,scr2081,stInflow,reservoir
BG,h1950,0.5756976906828875,scr2081,stInflow,reservoir
BG,h1951,0.5756976906828875,scr2081,stInflow,reservoir
BG,h1952,0.5756976906828875,scr2081,stInflow,reservoir
BG,h1953,0.5756976906828875,scr2081,stInflow,reservoir
BG,h1954,0.5756976906828875,scr2081,stInflow,reservoir
BG,h1955,0.5756976906828875,scr2081,stInflow,reservoir
BG,h1956,0.5756976906828875,scr2081,stInflow,reservoir
BG,h1957,0.5756976906828875,scr2081,stInflow,reservoir
BG,h1958,0.5756976906828875,scr2081,stInflow,reservoir
BG,h1959,0.5756976906828875,scr2081,stInflow,reservoir
BG,h1960,0.5756976906828875,scr2081,stInflow,reservoir
BG,h1961,0.5756976906828875,scr2081,stInflow,reservoir
BG,h1962,0.5756976906828875,scr2081,stInflow,reservoir
BG,h1963,0.5756976906828875,scr2081,stInflow,reservoir
BG,h1964,0.5756976906828875,scr2081,stInflow,reservoir
BG,h1965,0.5756976906828875,scr2081,stInflow,reservoir
BG,h1966,0.5756976906828875,scr2081,stInflow,reservoir
BG,h1967,0.5756976906828875,scr2081,stInflow,reservoir
BG,h1968,0.5756976906828875,scr2081,stInflow,reservoir
BG,h1969,0.5885169321810083,scr2081,stInflow,reservoir
BG,h1970,0.6013362016023613,scr2081,stInflow,reservoir
BG,h1971,0.6141554983516957,scr2081,stInflow,reservoir
BG,h1972,0.6141554983516957,scr2081,stInflow,reservoir
BG,h1973,0.6141554983516957,scr2081,stInflow,reservoir
BG,h1974,0.6141554983516957,scr2081,stInflow,reservoir
BG,h1975,0.6141554983516957,scr2081,stInflow,reservoir
BG,h1976,0.6141554983516957,scr2081,stInflow,reservoir
BG,h1977,0.6141554983516957,scr2081,stInflow,reservoir
BG,h1978,0.6141554983516957,scr2081,stInflow,reservoir
BG,h1979,0.6141554983516957,scr2081,stInflow,reservoir
BG,h1980,0.6141554983516957,scr2081,stInflow,reservoir
BG,h1981,0.6141554983516957,scr2081,stInflow,reservoir
BG,h1982,0.6141554983516957,scr2081,stInflow,reservoir
BG,h1983,0.6141554983516957,scr2081,stInflow,reservoir
BG,h1984,0.6141554983516957,scr2081,stInflow,reservoir
BG,h1985,0.6141554983516957,scr2081,stInflow,reservoir
BG,h1986,0.6141554983516957,scr2081,stInflow,reservoir
BG,h1987,0.6141554983516957,scr2081,stInflow,reservoir
BG,h1988,0.6141554983516957,scr2081,stInflow,reservoir
BG,h1989,0.6141554983516957,scr2081,stInflow,reservoir
BG,h1990,0.6141554983516957,scr2081,stInflow,reservoir
BG,h1991,0.6141554983516957,scr2081,stInflow,reservoir
BG,h1992,0.6141554983516957,scr2081,stInflow,reservoir
BG,h1993,0.6141554983516957,scr2081,stInflow,reservoir
BG,h1994,0.6141554983516957,scr2081,stInflow,reservoir
BG,h1995,0.6141554983516957,scr2081,stInflow,reservoir
BG,h1996,0.6141554983516957,scr2081,stInflow,reservoir
BG,h1997,0.6141554983516957,scr2081,stInflow,reservoir
BG,h1998,0.6141554983516957,scr2081,stInflow,reservoir
BG,h1999,0.6141554983516957,scr2081,stInflow,reservoir
BG,h2000,0.6141554983516957,scr2081,stInflow,reservoir
BG,h2001,0.6141554983516957,scr2081,stInflow,reservoir
BG,h2002,0.6141554983516957,scr2081,stInflow,reservoir
BG,h2003,0.6141554983516957,scr2081,stInflow,reservoir
BG,h2004,0.6141554983516957,scr2081,stInflow,reservoir
BG,h2005,0.6141554983516957,scr2081,stInflow,reservoir
BG,h2006,0.6141554983516957,scr2081,stInflow,reservoir
BG,h2007,0.6141554983516957,scr2081,stInflow,reservoir
BG,h2008,0.6141554983516957,scr2081,stInflow,reservoir
BG,h2009,0.6141554983516957,scr2081,stInflow,reservoir
BG,h2010,0.6141554983516957,scr2081,stInflow,reservoir
BG,h2011,0.6141554983516957,scr2081,stInflow,reservoir
BG,h2012,0.6141554983516957,scr2081,stInflow,reservoir
BG,h2013,0.6141554983516957,scr2081,stInflow,reservoir
BG,h2014,0.6141554983516957,scr2081,stInflow,reservoir
BG,h2015,0.6141554983516957,scr2081,stInflow,reservoir
BG,h2016,0.6141554983516957,scr2081,stInflow,reservoir
BG,h2017,0.6141554983516957,scr2081,stInflow,reservoir
BG,h2018,0.6141554983516957,scr2081,stInflow,reservoir
BG,h2019,0.6141554983516957,scr2081,stInflow,reservoir
BG,h2020,0.6141554983516957,scr2081,stInflow,reservoir
BG,h2021,0.6141554983516957,scr2081,stInflow,reservoir
BG,h2022,0.6141554983516957,scr2081,stInflow,reservoir
BG,h2023,0.6141554983516957,scr2081,stInflow,reservoir
BG,h2024,0.6141554983516957,scr2081,stInflow,reservoir
BG,h2025,0.6141554983516957,scr2081,stInflow,reservoir
BG,h2026,0.6141554983516957,scr2081,stInflow,reservoir
BG,h2027,0.6141554983516957,scr2081,stInflow,reservoir
BG,h2028,0.6141554983516957,scr2081,stInflow,reservoir
BG,h2029,0.6141554983516957,scr2081,stInflow,reservoir
BG,h2030,0.6141554983516957,scr2081,stInflow,reservoir
BG,h2031,0.6141554983516957,scr2081,stInflow,reservoir
BG,h2032,0.6141554983516957,scr2081,stInflow,reservoir
BG,h2033,0.6141554983516957,scr2081,stInflow,reservoir
BG,h2034,0.6141554983516957,scr2081,stInflow,reservoir
BG,h2035,0.6141554983516957,scr2081,stInflow,reservoir
BG,h2036,0.6141554983516957,scr2081,stInflow,reservoir
BG,h2037,0.6141554983516957,scr2081,stInflow,reservoir
BG,h2038,0.6141554983516957,scr2081,stInflow,reservoir
BG,h2039,0.6141554983516957,scr2081,stInflow,reservoir
BG,h2040,0.6141554983516957,scr2081,stInflow,reservoir
BG,h2041,0.6141554983516957,scr2081,stInflow,reservoir
BG,h2042,0.6141554983516957,scr2081,stInflow,reservoir
BG,h2043,0.6141554983516957,scr2081,stInflow,reservoir
BG,h2044,0.6141554983516957,scr2081,stInflow,reservoir
BG,h2045,0.6141554983516957,scr2081,stInflow,reservoir
BG,h2046,0.6141554983516957,scr2081,stInflow,reservoir
BG,h2047,0.6141554983516957,scr2081,stInflow,reservoir
BG,h2048,0.6141554983516957,scr2081,stInflow,reservoir
BG,h2049,0.6141554983516957,scr2081,stInflow,reservoir
BG,h2050,0.6141554983516957,scr2081,stInflow,reservoir
BG,h2051,0.6141554983516957,scr2081,stInflow,reservoir
BG,h2052,0.6141554983516957,scr2081,stInflow,reservoir
BG,h2053,0.6141554983516957,scr2081,stInflow,reservoir
BG,h2054,0.6141554983516957,scr2081,stInflow,reservoir
BG,h2055,0.6141554983516957,scr2081,stInflow,reservoir
BG,h2056,0.6141554983516957,scr2081,stInflow,reservoir
BG,h2057,0.6141554983516957,scr2081,stInflow,reservoir
BG,h2058,0.6141554983516957,scr2081,stInflow,reservoir
BG,h2059,0.6141554983516957,scr2081,stInflow,reservoir
BG,h2060,0.6141554983516957,scr2081,stInflow,reservoir
BG,h2061,0.6141554983516957,scr2081,stInflow,reservoir
BG,h2062,0.6141554983516957,scr2081,stInflow,reservoir
BG,h2063,0.6141554983516957,scr2081,stInflow,reservoir
BG,h2064,0.6141554983516957,scr2081,stInflow,reservoir
BG,h2065,0.6141554983516957,scr2081,stInflow,reservoir
BG,h2066,0.6141554983516957,scr2081,stInflow,reservoir
BG,h2067,0.6141554983516957,scr2081,stInflow,reservoir
BG,h2068,0.6141554983516957,scr2081,stInflow,reservoir
BG,h2069,0.6141554983516957,scr2081,stInflow,reservoir
BG,h2070,0.6141554983516957,scr2081,stInflow,reservoir
BG,h2071,0.6141554983516957,scr2081,stInflow,reservoir
BG,h2072,0.6141554983516957,scr2081,stInflow,reservoir
BG,h2073,0.6141554983516957,scr2081,stInflow,reservoir
BG,h2074,0.6141554983516957,scr2081,stInflow,reservoir
BG,h2075,0.6141554983516957,scr2081,stInflow,reservoir
BG,h2076,0.6141554983516957,scr2081,stInflow,reservoir
BG,h2077,0.6141554983516957,scr2081,stInflow,reservoir
BG,h2078,0.6141554983516957,scr2081,stInflow,reservoir
BG,h2079,0.6141554983516957,scr2081,stInflow,reservoir
BG,h2080,0.6141554983516957,scr2081,stInflow,reservoir
BG,h2081,0.6141554983516957,scr2081,stInflow,reservoir
BG,h2082,0.6141554983516957,scr2081,stInflow,reservoir
BG,h2083,0.6141554983516957,scr2081,stInflow,reservoir
BG,h2084,0.6141554983516957,scr2081,stInflow,reservoir
BG,h2085,0.6141554983516957,scr2081,stInflow,reservoir
BG,h2086,0.6141554983516957,scr2081,stInflow,reservoir
BG,h2087,0.6141554983516957,scr2081,stInflow,reservoir
BG,h2088,0.6141554983516957,scr2081,stInflow,reservoir
BG,h2089,0.6141554983516957,scr2081,stInflow,reservoir
BG,h2090,0.6141554983516957,scr2081,stInflow,reservoir
BG,h2091,0.6141554983516957,scr2081,stInflow,reservoir
BG,h2092,0.6141554983516957,scr2081,stInflow,reservoir
BG,h2093,0.6141554983516957,scr2081,stInflow,reservoir
BG,h2094,0.6141554983516957,scr2081,stInflow,reservoir
BG,h2095,0.6141554983516957,scr2081,stInflow,reservoir
BG,h2096,0.6141554983516957,scr2081,stInflow,reservoir
BG,h2097,0.6141554983516957,scr2081,stInflow,reservoir
BG,h2098,0.6141554983516957,scr2081,stInflow,reservoir
BG,h2099,0.6141554983516957,scr2081,stInflow,reservoir
BG,h2100,0.6141554983516957,scr2081,stInflow,reservoir
BG,h2101,0.6141554983516957,scr2081,stInflow,reservoir
BG,h2102,0.6141554983516957,scr2081,stInflow,reservoir
BG,h2103,0.6141554983516957,scr2081,stInflow,reservoir
BG,h2104,0.6141554983516957,scr2081,stInflow,reservoir
BG,h2105,0.6141554983516957,scr2081,stInflow,reservoir
BG,h2106,0.6141554983516957,scr2081,stInflow,reservoir
BG,h2107,0.6141554983516957,scr2081,stInflow,reservoir
BG,h2108,0.6141554983516957,scr2081,stInflow,reservoir
BG,h2109,0.6141554983516957,scr2081,stInflow,reservoir
BG,h2110,0.6141554983516957,scr2081,stInflow,reservoir
BG,h2111,0.6141554983516957,scr2081,stInflow,reservoir
BG,h2112,0.6141554983516957,scr2081,stInflow,reservoir
BG,h2113,0.6141554983516957,scr2081,stInflow,reservoir
BG,h2114,0.6141554983516957,scr2081,stInflow,reservoir
BG,h2115,0.6141554983516957,scr2081,stInflow,reservoir
BG,h2116,0.6141554983516957,scr2081,stInflow,reservoir
BG,h2117,0.6141554983516957,scr2081,stInflow,reservoir
BG,h2118,0.6141554983516957,scr2081,stInflow,reservoir
BG,h2119,0.6141554983516957,scr2081,stInflow,reservoir
BG,h2120,0.6141554983516957,scr2081,stInflow,reservoir
BG,h2121,0.6141554983516957,scr2081,stInflow,reservoir
BG,h2122,0.6141554983516957,scr2081,stInflow,reservoir
BG,h2123,0.6141554983516957,scr2081,stInflow,reservoir
BG,h2124,0.6141554983516957,scr2081,stInflow,reservoir
BG,h2125,0.6141554983516957,scr2081,stInflow,reservoir
BG,h2126,0.6141554983516957,scr2081,stInflow,reservoir
BG,h2127,0.6141554983516957,scr2081,stInflow,reservoir
BG,h2128,0.6141554983516957,scr2081,stInflow,reservoir
BG,h2129,0.6141554983516957,scr2081,stInflow,reservoir
BG,h2130,0.6141554983516957,scr2081,stInflow,reservoir
BG,h2131,0.6141554983516957,scr2081,stInflow,reservoir
BG,h2132,0.6141554983516957,scr2081,stInflow,reservoir
BG,h2133,0.6141554983516957,scr2081,stInflow,reservoir
BG,h2134,0.6141554983516957,scr2081,stInflow,reservoir
BG,h2135,0.6141554983516957,scr2081,stInflow,reservoir
BG,h2136,0.6141554983516957,scr2081,stInflow,reservoir
BG,h2137,0.6376295121967896,scr2081,stInflow,reservoir
BG,h2138,0.6611036124729975,scr2081,stInflow,reservoir
BG,h2139,0.6845777961106086,scr2081,stInflow,reservoir
BG,h2140,0.6845777961106086,scr2081,stInflow,reservoir
BG,h2141,0.6845777961106086,scr2081,stInflow,reservoir
BG,h2142,0.6845777961106086,scr2081,stInflow,reservoir
BG,h2143,0.6845777961106086,scr2081,stInflow,reservoir
BG,h2144,0.6845777961106086,scr2081,stInflow,reservoir
BG,h2145,0.6845777961106086,scr2081,stInflow,reservoir
BG,h2146,0.6845777961106086,scr2081,stInflow,reservoir
BG,h2147,0.6845777961106086,scr2081,stInflow,reservoir
BG,h2148,0.6845777961106086,scr2081,stInflow,reservoir
BG,h2149,0.6845777961106086,scr2081,stInflow,reservoir
BG,h2150,0.6845777961106086,scr2081,stInflow,reservoir
BG,h2151,0.6845777961106086,scr2081,stInflow,reservoir
BG,h2152,0.6845777961106086,scr2081,stInflow,reservoir
BG,h2153,0.6845777961106086,scr2081,stInflow,reservoir
BG,h2154,0.6845777961106086,scr2081,stInflow,reservoir
BG,h2155,0.6845777961106086,scr2081,stInflow,reservoir
BG,h2156,0.6845777961106086,scr2081,stInflow,reservoir
BG,h2157,0.6845777961106086,scr2081,stInflow,reservoir
BG,h2158,0.6845777961106086,scr2081,stInflow,reservoir
BG,h2159,0.6845777961106086,scr2081,stInflow,reservoir
BG,h2160,0.6845777961106086,scr2081,stInflow,reservoir
CH,h1441,2.2810314935478924,scr2081,stInflow,reservoir
CH,h1442,2.2810314935478924,scr2081,stInflow,reservoir
CH,h1443,2.2810314935478924,scr2081,stInflow,reservoir
CH,h1444,2.2810314935478924,scr2081,stInflow,reservoir
CH,h1445,2.2810314935478924,scr2081,stInflow,reservoir
CH,h1446,2.2810314935478924,scr2081,stInflow,reservoir
CH,h1447,2.2810314935478924,scr2081,stInflow,reservoir
CH,h1448,2.2810314935478924,scr2081,stInflow,reservoir
CH,h1449,2.2810314935478924,scr2081,stInflow,reservoir
CH,h1450,2.2810314935478924,scr2081,stInflow,reservoir
CH,h1451,2.2810314935478924,scr2081,stInflow,reservoir
CH,h1452,2.2810314935478924,scr2081,stInflow,reservoir
CH,h1453,2.2810314935478924,scr2081,stInflow,reservoir
CH,h1454,2.2810314935478924,scr2081,stInflow,reservoir
CH,h1455,2.2810314935478924,scr2081,stInflow,reservoir
CH,h1456,2.2810314935478924,scr2081,stInflow,reservoir
CH,h1457,2.2810314935478924,scr2081,stInflow,reservoir
CH,h1458,2.2810314935478924,scr2081,stInflow,reservoir
CH,h1459,2.2810314935478924,scr2081,stInflow,reservoir
CH,h1460,2.2810314935478924,scr2081,stInflow,reservoir
CH,h1461,2.2810314935478924,scr2081,stInflow,reservoir
CH,h1462,2.2810314935478924,scr2081,stInflow,reservoir
CH,h1463,2.2810314935478924,scr2081,stInflow,reservoir
CH,h1464,2.2810314935478924,scr2081,stInflow,reservoir
CH,h1465,2.2993516908791407,scr2081,stInflow,reservoir
CH,h1466,2.3176719028058033,scr2081,stInflow,reservoir
CH,h1467,2.3359921292125287,scr2081,stInflow,reservoir
CH,h1468,2.3359921292125287,scr2081,stInflow,reservoir
CH,h1469,2.3359921292125287,scr2081,stInflow,reservoir
CH,h1470,2.3359921292125287,scr2081,stInflow,reservoir
CH,h1471,2.3359921292125287,scr2081,stInflow,reservoir
CH,h1472,2.3359921292125287,scr2081,stInflow,reservoir
CH,h1473,2.3359921292125287,scr2081,stInflow,reservoir
CH,h1474,2.3359921292125287,scr2081,stInflow,reservoir
CH,h1475,2.3359921292125287,scr2081,stInflow,reservoir
CH,h1476,2.3359921292125287,scr2081,stInflow,reservoir
CH,h1477,2.3359921292125287,scr2081,stInflow,reservoir
CH,h1478,2.3359921292125287,scr2081,stInflow,reservoir
CH,h1479,2.3359921292125287,scr2081,stInflow,reservoir
CH,h1480,2.3359921292125287,scr2081,stInflow,reservoir
CH,h1481,2.3359921292125287,scr2081,stInflow,reservoir
CH,h1482,2.3359921292125287,scr2081,stInflow,reservoir
CH,h1483,2.3359921292125287,scr2081,stInflow,reservoir
CH,h1484,2.3359921292125287,scr2081,stInflow,reservoir
CH,h1485,2.3359921292125287,scr2081,stInflow,reservoir
CH,h1486,2.3359921292125287,scr2081,stInflow,reservoir
CH,h1487,2.3359921292125287,scr2081,stInflow,reservoir
CH,h1488,2.3359921292125287,scr2081,stInflow,reservoir
CH,h1489,2.3359921292125287,scr2081,stInflow,reservoir
CH,h1490,2.3359921292125287,scr2081,stInflow,reservoir
CH,h1491,2.3359921292125287,scr2081,stInflow,reservoir
CH,h1492,2.3359921292125287,scr2081,stInflow,reservoir
CH,h1493,2.3359921292125287,scr2081,stInflow,reservoir
CH,h1494,2.3359921292125287,scr2081,stInflow,reservoir
CH,h1495,2.3359921292125287,scr2081,stInflow,reservoir
CH,h1496,2.3359921292125287,scr2081,stInflow,reservoir
CH,h1497,2.3359921292125287,scr2081,stInflow,reservoir
CH,h1498,2.3359921292125287,scr2081,stInflow,reservoir
CH,h1499,2.3359921292125287,scr2081,stInflow,reservoir
CH,h1500,2.3359921292125287,scr2081,stInflow,reservoir
CH,h1501,2.3359921292125287,scr2081,stInflow,reservoir
CH,h1502,2.3359921292125287,scr2081,stInflow,reservoir
CH,h1503,2.3359921292125287,scr2081,stInflow,reservoir
CH,h1504,2.3359921292125287,scr2081,stInflow,reservoir
CH,h1505,2.3359921292125287,scr2081,stInflow,reservoir
CH,h1506,2.3359921292125287,scr2081,stInflow,reservoir
CH,h1507,2.3359921292125287,scr2081,stInflow,reservoir
CH,h1508,2.3359921292125287,scr2081,stInflow,reservoir
CH,h1509,2.3359921292125287,scr2081,stInflow,reservoir
CH,h1510,2.3359921292125287,scr2081,stInflow,reservoir
CH,h1511,2.3359921292125287,scr2081,stInflow,reservoir
CH,h1512,2.3359921292125287,scr2081,stInflow,reservoir
CH,h1513,2.3359921292125287,scr2081,stInflow,reservoir
CH,h1514,2.3359921292125287,scr2081,stInflow,reservoir
CH,h1515,2.3359921292125287,scr2081,stInflow,reservoir
CH,h1516,2.3359921292125287,scr2081,stInflow,reservoir
CH,h1517,2.3359921292125287,scr2081,stInflow,reservoir
CH,h1518,2.3359921292125287,scr2081,stInflow,reservoir
CH,h1519,2.3359921292125287,scr2081,stInflow,reservoir
CH,h1520,2.3359921292125287,scr2081,stInflow,reservoir
CH,h1521,2.3359921292125287,scr2081,stInflow,reservoir
CH,h1522,2.3359921292125287,scr2081,stInflow,reservoir
CH,h1523,2.3359921292125287,scr2081,stInflow,reservoir
CH,h1524,2.3359921292125287,scr2081,stInflow,reservoir
CH,h1525,2.3359921292125287,scr2081,stInflow,reservoir
CH,h1526,2.3359921292125287,scr2081,stInflow,reservoir
CH,h1527,2.3359921292125287,scr2081,stInflow,reservoir
CH,h1528,2.3359921292125287,scr2081,stInflow,reservoir
CH,h1529,2.3359921292125287,scr2081,stInflow,reservoir
CH,h1530,2.3359921292125287,scr2081,stInflow,reservoir
CH,h1531,2.3359921292125287,scr2081,stInflow,reservoir
CH,h1532,2.3359921292125287,scr2081,stInflow,reservoir
CH,h1533,2.3359921292125287,scr2081,stInflow,reservoir
CH,h1534,2.3359921292125287,scr2081,stInflow,reservoir
CH,h1535,2.3359921292125287,scr2081,stInflow,reservoir
CH,h1536,2.3359921292125287,scr2081,stInflow,reservoir
CH,h1537,2.3359921292125287,scr2081,stInflow,reservoir
CH,h1538,2.3359921292125287,scr2081,stInflow,reservoir
CH,h1539,2.3359921292125287,scr2081,stInflow,reservoir
CH,h1540,2.3359921292125287,scr2081,stInflow,reservoir
CH,h1541,2.3359921292125287,scr2081,stInflow,reservoir
CH,h1542,2.3359921292125287,scr2081,stInflow,reservoir
CH,h1543,2.3359921292125287,scr2081,stInflow,reservoir
CH,h1544,2.3359921292125287,scr2081,stInflow,reservoir
CH,h1545,2.3359921292125287,scr2081,stInflow,reservoir
CH,h1546,2.3359921292125287,scr2081,stInflow,reservoir
CH,h1547,2.3359921292125287,scr2081,stInflow,reservoir
CH,h1548,2.3359921292125287,scr2081,stInflow,reservoir
CH,h1549,2.3359921292125287,scr2081,stInflow,reservoir
CH,h1550,2.3359921292125287,scr2081,stInflow,reservoir
CH,h1551,2.3359921292125287,scr2081,stInflow,reservoir
CH,h1552,2.3359921292125287,scr2081,stInflow,reservoir
CH,h1553,2.3359921292125287,scr2081,stInflow,reservoir
CH,h1554,2.3359921292125287,scr2081,stInflow,reservoir
CH,h1555,2.3359921292125287,scr2081,stInflow,reservoir
CH,h1556,2.3359921292125287,scr2081,stInflow,reservoir
CH,h1557,2.3359921292125287,scr2081,stInflow,reservoir
CH,h1558,2.3359921292125287,scr2081,stInflow,reservoir
CH,h1559,2.3359921292125287,scr2081,stInflow,reservoir
CH,h1560,2.3359921292125287,scr2081,stInflow,reservoir
CH,h1561,2.3359921292125287,scr2081,stInflow,reservoir
CH,h1562,2.3359921292125287,scr2081,stInflow,reservoir
CH,h1563,2.3359921292125287,scr2081,stInflow,reservoir
CH,h1564,2.3359921292125287,scr2081,stInflow,reservoir
CH,h1565,2.3359921292125287,scr2081,stInflow,reservoir
CH,h1566,2.3359921292125287,scr2081,stInflow,reservoir
CH,h1567,2.3359921292125287,scr2081,stInflow,reservoir
CH,h1568,2.3359921292125287,scr2081,stInflow,reservoir
CH,h1569,2.3359921292125287,scr2081,stInflow,reservoir
CH,h1570,2.3359921292125287,scr2081,stInflow,reservoir
CH,h1571,2.3359921292125287,scr2081,stInflow,reservoir
CH,h1572,2.3359921292125287,scr2081,stInflow,reservoir
CH,h1573,2.3359921292125287,scr2081,stInflow,reservoir
CH,h1574,2.3359921292125287,scr2081,stInflow,reservoir
CH,h1575,2.3359921292125287,scr2081,stInflow,reservoir
CH,h1576,2.3359921292125287,scr2081,stInflow,reservoir
CH,h1577,2.3359921292125287,scr2081,stInflow,reservoir
CH,h1578,2.3359921292125287,scr2081,stInflow,reservoir
CH,h1579,2.3359921292125287,scr2081,stInflow,reservoir
CH,h1580,2.3359921292125287,scr2081,stInflow,reservoir
CH,h1581,2.3359921292125287,scr2081,stInflow,reservoir
CH,h1582,2.3359921292125287,scr2081,stInflow,reservoir
CH,h1583,2.3359921292125287,scr2081,stInflow,reservoir
CH,h1584,2.3359921292125287,scr2081,stInflow,reservoir
CH,h1585,2.3359921292125287,scr2081,stInflow,reservoir
CH,h1586,2.3359921292125287,scr2081,stInflow,reservoir
CH,h1587,2.3359921292125287,scr2081,stInflow,reservoir
CH,h1588,2.3359921292125287,scr2081,stInflow,reservoir
CH,h1589,2.3359921292125287,scr2081,stInflow,reservoir
CH,h1590,2.3359921292125287,scr2081,stInflow,reservoir
CH,h1591,2.3359921292125287,scr2081,stInflow,reservoir
CH,h1592,2.3359921292125287,scr2081,stInflow,reservoir
CH,h1593,2.3359921292125287,scr2081,stInflow,reservoir
CH,h1594,2.3359921292125287,scr2081,stInflow,reservoir
CH,h1595,2.3359921292125287,scr2081,stInflow,reservoir
CH,h1596,2.3359921292125287,scr2081,stInflow,reservoir
CH,h1597,2.3359921292125287,scr2081,stInflow,reservoir
CH,h1598,2.3359921292125287,scr2081,stInflow,reservoir
CH,h1599,2.3359921292125287,scr2081,stInflow,reservoir
CH,h1600,2.3359921292125287,scr2081,stInflow,reservoir
CH,h1601,2.3359921292125287,scr2081,stInflow,reservoir
CH,h1602,2.3359921292125287,scr2081,stInflow,reservoir
CH,h1603,2.3359921292125287,scr2081,stInflow,reservoir
CH,h1604,2.3359921292125287,scr2081,stInflow,reservoir
CH,h1605,2.3359921292125287,scr2081,stInflow,reservoir
CH,h1606,2.3359921292125287,scr2081,stInflow,reservoir
CH,h1607,2.3359921292125287,scr2081,stInflow,reservoir
CH,h1608,2.3359921292125287,scr2081,stInflow,reservoir
CH,h1609,2.3359921292125287,scr2081,stInflow,reservoir
CH,h1610,2.3359921292125287,scr2081,stInflow,reservoir
CH,h1611,2.3359921292125287,scr2081,stInflow,reservoir
CH,h1612,2.3359921292125287,scr2081,stInflow,reservoir
CH,h1613,2.3359921292125287,scr2081,stInflow,reservoir
CH,h1614,2.3359921292125287,scr2081,stInflow,reservoir
CH,h1615,2.3359921292125287,scr2081,stInflow,reservoir
CH,h1616,2.3359921292125287,scr2081,stInflow,reservoir
CH,h1617,2.3359921292125287,scr2081,stInflow,reservoir
CH,h1618,2.3359921292125287,scr2081,stInflow,reservoir
CH,h1619,2.3359921292125287,scr2081,stInflow,reservoir
CH,h1620,2.3359921292125287,scr2081,stInflow,reservoir
CH,h1621,2.3359921292125287,scr2081,stInflow,reservoir
CH,h1622,2.3359921292125287,scr2081,stInflow,reservoir
CH,h1623,2.3359921292125287,scr2081,stInflow,reservoir
CH,h1624,2.3359921292125287,scr2081,stInflow,reservoir
CH,h1625,2.3359921292125287,scr2081,stInflow,reservoir
CH,h1626,2.3359921292125287,scr2081,stInflow,reservoir
CH,h1627,2.3359921292125287,scr2081,stInflow,reservoir
CH,h1628,2.3359921292125287,scr2081,stInflow,reservoir
CH,h1629,2.3359921292125287,scr2081,stInflow,reservoir
CH,h1630,2.3359921292125287,scr2081,stInflow,reservoir
CH,h1631,2.3359921292125287,scr2081,stInflow,reservoir
CH,h1632,2.3359921292125287,scr2081,stInflow,reservoir
CH,h1633,2.1721565440042143,scr2081,stInflow,reservoir
CH,h1634,2.008322195572067,scr2081,stInflow,reservoir
CH,h1635,1.8444891850046237,scr2081,stInflow,reservoir
CH,h1636,1.8444891850046237,scr2081,stInflow,reservoir
CH,h1637,1.8444891850046237,scr2081,stInflow,reservoir
CH,h1638,1.8444891850046237,scr2081,stInflow,reservoir
CH,h1639,1.8444891850046237,scr2081,stInflow,reservoir
CH,h1640,1.8444891850046237,scr2081,stInflow,reservoir
CH,h1641,1.8444891850046237,scr2081,stInflow,reservoir
CH,h1642,1.8444891850046237,scr2081,stInflow,reservoir
CH,h1643,1.8444891850046237,scr2081,stInflow,reservoir
CH,h1644,1.8444891850046237,scr2081,stInflow,reservoir
CH,h1645,1.8444891850046237,scr2081,stInflow,reservoir
CH,h1646,1.8444891850046237,scr2081,stInflow,reservoir
CH,h1647,1.8444891850046237,scr2081,stInflow,reservoir
CH,h1648,1.8444891850046237,scr2081,stInflow,reservoir
CH,h1649,1.8444891850046237,scr2081,stInflow,reservoir
CH,h1650,1.8444891850046237,scr2081,stInflow,reservoir
CH,h1651,1.8444891850046237,scr2081,stInflow,reservoir
CH,h1652,1.8444891850046237,scr2081,stInflow,reservoir
CH,h1653,1.8444891850046237,scr2081,stInflow,reservoir
CH,h1654,1.8444891850046237,scr2081,stInflow,reservoir
CH,h1655,1.8444891850046237,scr2081,stInflow,reservoir
CH,h1656,1.8444891850046237,scr2081,stInflow,reservoir
CH,h1657,1.8444891850046237,scr2081,stInflow,reservoir
CH,h1658,1.8444891850046237,scr2081,stInflow,reservoir
CH,h1659,1.8444891850046237,scr2081,stInflow,reservoir
CH,h1660,1.8444891850046237,scr2081,stInflow,reservoir
CH,h1661,1.8444891850046237,scr2081,stInflow,reservoir
CH,h1662,1.8444891850046237,scr2081,stInflow,reservoir
CH,h1663,1.8444891850046237,scr2081,stInflow,reservoir
CH,h1664,1.8444891850046237,scr2081,stInflow,reservoir
CH,h1665,1.8444891850046237,scr2081,stInflow,reservoir
CH,h1666,1.8444891850046237,scr2081,stInflow,reservoir
CH,h1667,1.8444891850046237,scr2081,stInflow,reservoir
CH,h1668,1.8444891850046237,scr2081,stInflow,reservoir
CH,h1669,1.8444891850046237,scr2081,stInflow,reservoir
CH,h1670,1.8444891850046237,scr2081,stInflow,reservoir
CH,h1671,1.8444891850046237,scr2081,stInflow,reservoir
CH,h1672,1.8444891850046237,scr2081,stInflow,reservoir
CH,h1673,1.8444891850046237,scr2081,stInflow,reservoir
CH,h1674,1.8444891850046237,scr2081,stInflow,reservoir
CH,h1675,1.8444891850046237,scr2081,stInflow,reservoir
CH,h1676,1.8444891850046237,scr2081,stInflow,reservoir
CH,h1677,1.8444891850046237,scr2081,stInflow,reservoir
CH,h1678,1.8444891850046237,scr2081,stInflow,reservoir
CH,h1679,1.8444891850046237,scr2081,stInflow,reservoir
CH,h1680,1.8444891850046237,scr2081,stInflow,reservoir
CH,h1681,1.8444891850046237,scr2081,stInflow,reservoir
CH,h1682,1.8444891850046237,scr2081,stInflow,reservoir
CH,h1683,1.8444891850046237,scr2081,stInflow,reservoir
CH,h1684,1.8444891850046237,scr2081,stInflow,reservoir
CH,h1685,1.8444891850046237,scr2081,stInflow,reservoir
CH,h1686,1.8444891850046237,scr2081,stInflow,reservoir
CH,h1687,1.8444891850046237,scr2081,stInflow,reservoir
CH,h1688,1.8444891850046237,scr2081,stInflow,reservoir
CH,h1689,1.8444891850046237,scr2081,stInflow,reservoir
CH,h1690,1.8444891850046237,scr2081,stInflow,reservoir
CH,h1691,1.8444891850046237,scr2081,stInflow,reservoir
CH,h1692,1.8444891850046237,scr2081,stInflow,reservoir
CH,h1693,1.8444891850046237,scr2081,stInflow,reservoir
CH,h1694,1.8444891850046237,scr2081,stInflow,reservoir
CH,h1695,1.8444891850046237,scr2081,stInflow,reservoir
CH,h1696,1.8444891850046237,scr2081,stInflow,reservoir
CH,h1697,1.8444891850046237,scr2081,stInflow,reservoir
CH,h1698,1.8444891850046237,scr2081,stInflow,reservoir
CH,h1699,1.8444891850046237,scr2081,stInflow,reservoir
CH,h1700,1.8444891850046237,scr2081,stInflow,reservoir
CH,h1701,1.8444891850046237,scr2081,stInflow,reservoir
CH,h1702,1.8444891850046237,scr2081,stInflow,reservoir
CH,h1703,1.8444891850046237,scr2081,stInflow,reservoir
CH,h1704,1.8444891850046237,scr2081,stInflow,reservoir
CH,h1705,1.8444891850046237,scr2081,stInflow,reservoir
CH,h1706,1.8444891850046237,scr2081,stInflow,reservoir
CH,h1707,1.8444891850046237,scr2081,stInflow,reservoir
CH,h1708,1.8444891850046237,scr2081,stInflow,reservoir
CH,h1709,1.8444891850046237,scr2081,stInflow,reservoir
CH,h1710,1.8444891850046237,scr2081,stInflow,reservoir
CH,h1711,1.8444891850046237,scr2081,stInflow,reservoir
CH,h1712,1.8444891850046237,scr2081,stInflow,reservoir
CH,h1713,1.8444891850046237,scr2081,stInflow,reservoir
CH,h1714,1.8444891850046237,scr2081,stInflow,reservoir
CH,h1715,1.8444891850046237,scr2081,stInflow,reservoir
CH,h1716,1.8444891850046237,scr2081,stInflow,reservoir
CH,h1717,1.8444891850046237,scr2081,stInflow,reservoir
CH,h1718,1.8444891850046237,scr2081,stInflow,reservoir
CH,h1719,1.8444891850046237,scr2081,stInflow,reservoir
CH,h1720,1.8444891850046237,scr2081,stInflow,reservoir
CH,h1721,1.8444891850046237,scr2081,stInflow,reservoir
CH,h1722,1.8444891850046237,scr2081,stInflow,reservoir
CH,h1723,1.8444891850046237,scr2081,stInflow,reservoir
CH,h1724,1.8444891850046237,scr2081,stInflow,reservoir
CH,h1725,1.8444891850046237,scr2081,stInflow,reservoir
CH,h1726,1.8444891850046237,scr2081,stInflow,reservoir
CH,h1727,1.8444891850046237,scr2081,stInflow,reservoir
CH,h1728,1.8444891850046237,scr2081,stInflow,reservoir
CH,h1729,1.8444891850046237,scr2081,stInflow,reservoir
CH,h1730,1.8444891850046237,scr2081,stInflow,reservoir
CH,h1731,1.8444891850046237,scr2081,stInflow,reservoir
CH,h1732,1.8444891850046237,scr2081,stInflow,reservoir
CH,h1733,1.8444891850046237,scr2081,stInflow,reservoir
CH,h1734,1.8444891850046237,scr2081,stInflow,reservoir
CH,h1735,1.8444891850046237,scr2081,stInflow,reservoir
CH,h1736,1.8444891850046237,scr2081,stInflow,reservoir
CH,h1737,1.8444891850046237,scr2081,stInflow,reservoir
CH,h1738,1.8444891850046237,scr2081,stInflow,reservoir
CH,h1739,1.8444891850046237,scr2081,stInflow,reservoir
CH,h1740,1.8444891850046237,scr2081,stInflow,reservoir
CH,h1741,1.8444891850046237,scr2081,stInflow,reservoir
CH,h1742,1.8444891850046237,scr2081,stInflow,reservoir
CH,h1743,1.8444891850046237,scr2081,stInflow,reservoir
CH,h1744,1.8444891850046237,scr2081,stInflow,reservoir
CH,h1745,1.8444891850046237,scr2081,stInflow,reservoir
CH,h1746,1.8444891850046237,scr2081,stInflow,reservoir
CH,h1747,1.8444891850046237,scr2081,stInflow,reservoir
CH,h1748,1.8444891850046237,scr2081,stInflow,reservoir
CH,h1749,1.8444891850046237,scr2081,stInflow,reservoir
CH,h1750,1.8444891850046237,scr2081,stInflow,reservoir
CH,h1751,1.8444891850046237,scr2081,stInflow,reservoir
CH,h1752,1.8444891850046237,scr2081,stInflow,reservoir
CH,h1753,1.8444891850046237,scr2081,stInflow,reservoir
CH,h1754,1.8444891850046237,scr2081,stInflow,reservoir
CH,h1755,1.8444891850046237,scr2081,stInflow,reservoir
CH,h1756,1.8444891850046237,scr2081,stInflow,reservoir
CH,h1757,1.8444891850046237,scr2081,stInflow,reservoir
CH,h1758,1.8444891850046237,scr2081,stInflow,reservoir
CH,h1759,1.8444891850046237,scr2081,stInflow,reservoir
CH,h1760,1.8444891850046237,scr2081,stInflow,reservoir
CH,h1761,1.8444891850046237,scr2081,stInflow,reservoir
CH,h1762,1.8444891850046237,scr2081,stInflow,reservoir
CH,h1763,1.8444891850046237,scr2081,stInflow,reservoir
CH,h1764,1.8444891850046237,scr2081,stInflow,reservoir
CH,h1765,1.8444891850046237,scr2081,stInflow,reservoir
CH,h1766,1.8444891850046237,scr2081,stInflow,reservoir
CH,h1767,1.8444891850046237,scr2081,stInflow,reservoir
CH,h1768,1.8444891850046237,scr2081,stInflow,reservoir
CH,h1769,1.8444891850046237,scr2081,stInflow,reservoir
CH,h1770,1.8444891850046237,scr2081,stInflow,reservoir
CH,h1771,1.8444891850046237,scr2081,stInflow,reservoir
CH,h1772,1.8444891850046237,scr2081,stInflow,reservoir
CH,h1773,1.8444891850046237,scr2081,stInflow,reservoir
CH,h1774,1.8444891850046237,scr2081,stInflow,reservoir
CH,h1775,1.8444891850046237,scr2081,stInflow,reservoir
CH,h1776,1.8444891850046237,scr2081,stInflow,reservoir
CH,h1777,1.8444891850046237,scr2081,stInflow,reservoir
CH,h1778,1.8444891850046237,scr2081,stInflow,reservoir
CH,h1779,1.8444891850046237,scr2081,stInflow,reservoir
CH,h1780,1.8444891850046237,scr2081,stInflow,reservoir
CH,h1781,1.8444891850046237,scr2081,stInflow,reservoir
CH,h1782,1.8444891850046237,scr2081,stInflow,reservoir
CH,h1783,1.8444891850046237,scr2081,stInflow,reservoir
CH,h1784,1.8444891850046237,scr2081,stInflow,reservoir
CH,h1785,1.8444891850046237,scr2081,stInflow,reservoir
CH,h1786,1.8444891850046237,scr2081,stInflow,reservoir
CH,h1787,1.8444891850046237,scr2081,stInflow,reservoir
CH,h1788,1.8444891850046237,scr2081,stInflow,reservoir
CH,h1789,1.8444891850046237,scr2081,stInflow,reservoir
CH,h1790,1.8444891850046237,scr2081,stInflow,reservoir
CH,h1791,1.8444891850046237,scr2081,stInflow,reservoir
CH,h1792,1.8444891850046237,scr2081,stInflow,reservoir
CH,h1793,1.8444891850046237,scr2081,stInflow,reservoir
CH,h1794,1.8444891850046237,scr2081,stInflow,reservoir
CH,h1795,1.8444891850046237,scr2081,stInflow,reservoir
CH,h1796,1.8444891850046237,scr2081,stInflow,reservoir
CH,h1797,1.8444891850046237,scr2081,stInflow,reservoir
CH,h1798,1.8444891850046237,scr2081,stInflow,reservoir
CH,h1799,1.8444891850046237,scr2081,stInflow,reservoir
CH,h1800,1.8444891850046237,scr2081,stInflow,reservoir
CH,h1801,1.8655232923340697,scr2081,stInflow,reservoir
CH,h1802,1.8865574233780034,scr2081,stInflow,reservoir
CH,h1803,1.907591577872063,scr2081,stInflow,reservoir
CH,h1804,1.907591577872063,scr2081,stInflow,reservoir
CH,h1805,1.907591577872063,scr2081,stInflow,reservoir
CH,h1806,1.907591577872063,scr2081,stInflow,reservoir
CH,h1807,1.907591577872063,scr2081,stInflow,reservoir
CH,h1808,1.907591577872063,scr2081,stInflow,reservoir
CH,h1809,1.907591577872063,scr2081,stInflow,reservoir
CH,h1810,1.907591577872063,scr2081,stInflow,reservoir
CH,h1811,1.907591577872063,scr2081,stInflow,reservoir
CH,h1812,1.907591577872063,scr2081,stInflow,reservoir
CH,h1813,1.907591577872063,scr2081,stInflow,reservoir
CH,h1814,1.907591577872063,scr2081,stInflow,reservoir
CH,h1815,1.907591577872063,scr2081,stInflow,reservoir
CH,h1816,1.907591577872063,scr2081,stInflow,reservoir
CH,h1817,1.907591577872063,scr2081,stInflow,reservoir
CH,h1818,1.907591577872063,scr2081,stInflow,reservoir
CH,h1819,1.907591577872063,scr2081,stInflow,reservoir
CH,h1820,1.907591577872063,scr2081,stInflow,reservoir
CH,h1821,1.907591577872063,scr2081,stInflow,reservoir
CH,h1822,1.907591577872063,scr2081,stInflow,reservoir
CH,h1823,1.907591577872063,scr2081,stInflow,reservoir
CH,h1824,1.907591577872063,scr2081,stInflow,reservoir
CH,h1825,1.907591577872063,scr2081,stInflow,reservoir
CH,h1826,1.907591577872063,scr2081,stInflow,reservoir
CH,h1827,1.907591577872063,scr2081,stInflow,reservoir
CH,h1828,1.907591577872063,scr2081,stInflow,reservoir
CH,h1829,1.907591577872063,scr2081,stInflow,reservoir
CH,h1830,1.907591577872063,scr2081,stInflow,reservoir
CH,h1831,1.907591577872063,scr2081,stInflow,reservoir
CH,h1832,1.907591577872063,scr2081,stInflow,reservoir
CH,h1833,1.907591577872063,scr2081,stInflow,reservoir
CH,h1834,1.907591577872063,scr2081,stInflow,reservoir
CH,h1835,1.907591577872063,scr2081,stInflow,reservoir
CH,h1836,1.907591577872063,scr2081,stInflow,reservoir
CH,h1837,1.907591577872063,scr2081,stInflow,reservoir
CH,h1838,1.907591577872063,scr2081,stInflow,reservoir
CH,h1839,1.907591577872063,scr2081,stInflow,reservoir
CH,h1840,1.907591577872063,scr2081,stInflow,reservoir
CH,h1841,1.907591577872063,scr2081,stInflow,reservoir
CH,h1842,1.907591577872063,scr2081,stInflow,reservoir
CH,h1843,1.907591577872063,scr2081,stInflow,reservoir
CH,h1844,1.907591577872063,scr2081,stInflow,reservoir
CH,h1845,1.907591577872063,scr2081,stInflow,reservoir
CH,h1846,1.907591577872063,scr2081,stInflow,reservoir
CH,h1847,1.907591577872063,scr2081,stInflow,reservoir
CH,h1848,1.907591577872063,scr2081,stInflow,reservoir
CH,h1849,1.907591577872063,scr2081,stInflow,reservoir
CH,h1850,1.907591577872063,scr2081,stInflow,reservoir
CH,h1851,1.907591577872063,scr2081,stInflow,reservoir
CH,h1852,1.907591577872063,scr2081,stInflow,reservoir
CH,h1853,1.907591577872063,scr2081,stInflow,reservoir
CH,h1854,1.907591577872063,scr2081,stInflow,reservoir
CH,h1855,1.907591577872063,scr2081,stInflow,reservoir
CH,h1856,1.907591577872063,scr2081,stInflow,reservoir
CH,h1857,1.907591577872063,scr2081,stInflow,reservoir
CH,h1858,1.907591577872063,scr2081,stInflow,reservoir
CH,h1859,1.907591577872063,scr2081,stInflow,reservoir
CH,h1860,1.907591577872063,scr2081,stInflow,reservoir
CH,h1861,1.907591577872063,scr2081,stInflow,reservoir
CH,h1862,1.907591577872063,scr2081,stInflow,reservoir
CH,h1863,1.907591577872063,scr2081,stInflow,reservoir
CH,h1864,1.907591577872063,scr2081,stInflow,reservoir
CH,h1865,1.907591577872063,scr2081,stInflow,reservoir
CH,h1866,1.907591577872063,scr2081,stInflow,reservoir
CH,h1867,1.907591577872063,scr2081,stInflow,reservoir
CH,h1868,1.907591577872063,scr2081,stInflow,reservoir
CH,h1869,1.907591577872063,scr2081,stInflow,reservoir
CH,h1870,1.907591577872063,scr2081,stInflow,reservoir
CH,h1871,1.907591577872063,scr2081,stInflow,reservoir
CH,h1872,1.907591577872063,scr2081,stInflow,reservoir
CH,h1873,1.907591577872063,scr2081,stInflow,reservoir
CH,h1874,1.907591577872063,scr2081,stInflow,reservoir
CH,h1875,1.907591577872063,scr2081,stInflow,reservoir
CH,h1876,1.907591577872063,scr2081,stInflow,reservoir
CH,h1877,1.907591577872063,scr2081,stInflow,reservoir
CH,h1878,1.907591577872063,scr2081,stInflow,reservoir
CH,h1879,1.907591577872063,scr2081,stInflow,reservoir
CH,h1880,1.907591577872063,scr2081,stInflow,reservoir
CH,h1881,1.907591577872063,scr2081,stInflow,reservoir
CH,h1882,1.907591577872063,scr2081,stInflow,reservoir
CH,h1883,1.907591577872063,scr2081,stInflow,reservoir
CH,h1884,1.907591577872063,scr2081,stInflow,reservoir
CH,h1885,1.907591577872063,scr2081,stInflow,reservoir
CH,h1886,1.907591577872063,scr2081,stInflow,reservoir
CH,h1887,1.907591577872063,scr2081,stInflow,reservoir
CH,h1888,1.907591577872063,scr2081,stInflow,reservoir
CH,h1889,1.907591577872063,scr2081,stInflow,reservoir
CH,h1890,1.907591577872063,scr2081,stInflow,reservoir
CH,h1891,1.907591577872063,scr2081,stInflow,reservoir
CH,h1892,1.907591577872063,scr2081,stInflow,reservoir
CH,h1893,1.907591577872063,scr2081,stInflow,reservoir
CH,h1894,1.907591577872063,scr2081,stInflow,reservoir
CH,h1895,1.907591577872063,scr2081,stInflow,reservoir
CH,h1896,1.907591577872063,scr2081,stInflow,reservoir
CH,h1897,1.907591577872063,scr2081,stInflow,reservoir
CH,h1898,1.907591577872063,scr2081,stInflow,reservoir
CH,h1899,1.907591577872063,scr2081,stInflow,reservoir
CH,h1900,1.907591577872063,scr2081,stInflow,reservoir
CH,h1901,1.907591577872063,scr2081,stInflow,reservoir
CH,h1902,1.907591577872063,scr2081,stInflow,reservoir
CH,h1903,1.907591577872063,scr2081,stInflow,reservoir
CH,h1904,1.907591577872063,scr2081,stInflow,reservoir
CH,h1905,1.907591577872063,scr2081,stInflow,reservoir
CH,h1906,1.907591577872063,scr2081,stInflow,reservoir
CH,h1907,1.907591577872063,scr2081,stInflow,reservoir
CH,h1908,1.907591577872063,scr2081,stInflow,reservoir
CH,h1909,1.907591577872063,scr2081,stInflow,reservoir
CH,h1910,1.907591577872063,scr2081,stInflow,reservoir
CH,h1911,1.907591577872063,scr2081,stInflow,reservoir
CH,h1912,1.907591577872063,scr2081,stInflow,reservoir
CH,h1913,1.907591577872063,scr2081,stInflow,reservoir
CH,h1914,1.907591577872063,scr2081,stInflow,reservoir
CH,h1915,1.907591577872063,scr2081,stInflow,reservoir
CH,h1916,1.907591577872063,scr2081,stInflow,reservoir
CH,h1917,1.907591577872063,scr2081,stInflow,reservoir
CH,h1918,1.907591577872063,scr2081,stInflow,reservoir
CH,h1919,1.907591577872063,scr2081,stInflow,reservoir
CH,h1920,1.907591577872063,scr2081,stInflow,reservoir
CH,h1921,1.907591577872063,scr2081,stInflow,reservoir
CH,h1922,1.907591577872063,scr2081,stInflow,reservoir
CH,h1923,1.907591577872063,scr2081,stInflow,reservoir
CH,h1924,1.907591577872063,scr2081,stInflow,reservoir
CH,h1925,1.907591577872063,scr2081,stInflow,reservoir
CH,h1926,1.907591577872063,scr2081,stInflow,reservoir
CH,h1927,1.907591577872063,scr2081,stInflow,reservoir
CH,h1928,1.907591577872063,scr2081,stInflow,reservoir
CH,h1929,1.907591577872063,scr2081,stInflow,reservoir
CH,h1930,1.907591577872063,scr2081,stInflow,reservoir
CH,h1931,1.907591577872063,scr2081,stInflow,reservoir
CH,h1932,1.907591577872063,scr2081,stInflow,reservoir
CH,h1933,1.907591577872063,scr2081,stInflow,reservoir
CH,h1934,1.907591577872063,scr2081,stInflow,reservoir
CH,h1935,1.907591577872063,scr2081,stInflow,reservoir
CH,h1936,1.907591577872063,scr2081,stInflow,reservoir
CH,h1937,1.907591577872063,scr2081,stInflow,reservoir
CH,h1938,1.907591577872063,scr2081,stInflow,reservoir
CH,h1939,1.907591577872063,scr2081,stInflow,reservoir
CH,h1940,1.907591577872063,scr2081,stInflow,reservoir
CH,h1941,1.907591577872063,scr2081,stInflow,reservoir
CH,h1942,1.907591577872063,scr2081,stInflow,reservoir
CH,h1943,1.907591577872063,scr2081,stInflow,reservoir
CH,h1944,1.907591577872063,scr2081,stInflow,reservoir
CH,h1945,1.907591577872063,scr2081,stInflow,reservoir
CH,h1946,1.907591577872063,scr2081,stInflow,reservoir
CH,h1947,1.907591577872063,scr2081,stInflow,reservoir
CH,h1948,1.907591577872063,scr2081,stInflow,reservoir
CH,h1949,1.907591577872063,scr2081,stInflow,reservoir
CH,h1950,1.907591577872063,scr2081,stInflow,reservoir
CH,h1951,1.907591577872063,scr2081,stInflow,reservoir
CH,h1952,1.907591577872063,scr2081,stInflow,reservoir
CH,h1953,1.907591577872063,scr2081,stInflow,reservoir
CH,h1954,1.907591577872063,scr2081,stInflow,reservoir
CH,h1955,1.907591577872063,scr2081,stInflow,reservoir
CH,h1956,1.907591577872063,scr2081,stInflow,reservoir
CH,h1957,1.907591577872063,scr2081,stInflow,reservoir
CH,h1958,1.907591577872063,scr2081,stInflow,reservoir
CH,h1959,1.907591577872063,scr2081,stInflow,reservoir
CH,h1960,1.907591577872063,scr2081,stInflow,reservoir
CH,h1961,1.907591577872063,scr2081,stInflow,reservoir
CH,h1962,1.907591577872063,scr2081,stInflow,reservoir
CH,h1963,1.907591577872063,scr2081,stInflow,reservoir
CH,h1964,1.907591577872063,scr2081,stInflow,reservoir
CH,h1965,1.907591577872063,scr2081,stInflow,reservoir
CH,h1966,1.907591577872063,scr2081,stInflow,reservoir
CH,h1967,1.907591577872063,scr2081,stInflow,reservoir
CH,h1968,1.907591577872063,scr2081,stInflow,reservoir
CH,h1969,2.1426986950162235,scr2081,stInflow,reservoir
CH,h1970,2.377808396838494,scr2081,stInflow,reservoir
CH,h1971,2.6129204269389734,scr2081,stInflow,reservoir
CH,h1972,2.6129204269389734,scr2081,stInflow,reservoir
CH,h1973,2.6129204269389734,scr2081,stInflow,reservoir
CH,h1974,2.6129204269389734,scr2081,stInflow,reservoir
CH,h1975,2.6129204269389734,scr2081,stInflow,reservoir
CH,h1976,2.6129204269389734,scr2081,stInflow,reservoir
CH,h1977,2.6129204269389734,scr2081,stInflow,reservoir
CH,h1978,2.6129204269389734,scr2081,stInflow,reservoir
CH,h1979,2.6129204269389734,scr2081,stInflow,reservoir
CH,h1980,2.6129204269389734,scr2081,stInflow,reservoir
CH,h1981,2.6129204269389734,scr2081,stInflow,reservoir
CH,h1982,2.6129204269389734,scr2081,stInflow,reservoir
CH,h1983,2.6129204269389734,scr2081,stInflow,reservoir
CH,h1984,2.6129204269389734,scr2081,stInflow,reservoir
CH,h1985,2.6129204269389734,scr2081,stInflow,reservoir
CH,h1986,2.6129204269389734,scr2081,stInflow,reservoir
CH,h1987,2.6129204269389734,scr2081,stInflow,reservoir
CH,h1988,2.6129204269389734,scr2081,stInflow,reservoir
CH,h1989,2.6129204269389734,scr2081,stInflow,reservoir
CH,h1990,2.6129204269389734,scr2081,stInflow,reservoir
CH,h1991,2.6129204269389734,scr2081,stInflow,reservoir
CH,h1992,2.6129204269389734,scr2081,stInflow,reservoir
CH,h1993,2.6129204269389734,scr2081,stInflow,reservoir
CH,h1994,2.6129204269389734,scr2081,stInflow,reservoir
CH,h1995,2.6129204269389734,scr2081,stInflow,reservoir
CH,h1996,2.6129204269389734,scr2081,stInflow,reservoir
CH,h1997,2.6129204269389734,scr2081,stInflow,reservoir
CH,h1998,2.6129204269389734,scr2081,stInflow,reservoir
CH,h1999,2.6129204269389734,scr2081,stInflow,reservoir
CH,h2000,2.6129204269389734,scr2081,stInflow,reservoir
CH,h2001,2.6129204269389734,scr2081,stInflow,reservoir
CH,h2002,2.6129204269389734,scr2081,stInflow,reservoir
CH,h2003,2.6129204269389734,scr2081,stInflow,reservoir
CH,h2004,2.6129204269389734,scr2081,stInflow,reservoir
CH,h2005,2.6129204269389734,scr2081,stInflow,reservoir
CH,h2006,2.6129204269389734,scr2081,stInflow,reservoir
CH,h2007,2.6129204269389734,scr2081,stInflow,reservoir
CH,h2008,2.6129204269389734,scr2081,stInflow,reservoir
CH,h2009,2.6129204269389734,scr2081,stInflow,reservoir
CH,h2010,2.6129204269389734,scr2081,stInflow,reservoir
CH,h2011,2.6129204269389734,scr2081,stInflow,reservoir
CH,h2012,2.6129204269389734,scr2081,stInflow,reservoir
CH,h2013,2.6129204269389734,scr2081,stInflow,reservoir
CH,h2014,2.6129204269389734,scr2081,stInflow,reservoir
CH,h2015,2.6129204269389734,scr2081,stInflow,reservoir
CH,h2016,2.6129204269389734,scr2081,stInflow,reservoir
CH,h2017,2.6129204269389734,scr2081,stInflow,reservoir
CH,h2018,2.6129204269389734,scr2081,stInflow,reservoir
CH,h2019,2.6129204269389734,scr2081,stInflow,reservoir
CH,h2020,2.6129204269389734,scr2081,stInflow,reservoir
CH,h2021,2.6129204269389734,scr2081,stInflow,reservoir
CH,h2022,2.6129204269389734,scr2081,stInflow,reservoir
CH,h2023,2.6129204269389734,scr2081,stInflow,reservoir
CH,h2024,2.6129204269389734,scr2081,stInflow,reservoir
CH,h2025,2.6129204269389734,scr2081,stInflow,reservoir
CH,h2026,2.6129204269389734,scr2081,stInflow,reservoir
CH,h2027,2.6129204269389734,scr2081,stInflow,reservoir
CH,h2028,2.6129204269389734,scr2081,stInflow,reservoir
CH,h2029,2.6129204269389734,scr2081,stInflow,reservoir
CH,h2030,2.6129204269389734,scr2081,stInflow,reservoir
CH,h2031,2.6129204269389734,scr2081,stInflow,reservoir
CH,h2032,2.6129204269389734,scr2081,stInflow,reservoir
CH,h2033,2.6129204269389734,scr2081,stInflow,reservoir
CH,h2034,2.6129204269389734,scr2081,stInflow,reservoir
CH,h2035,2.6129204269389734,scr2081,stInflow,reservoir
CH,h2036,2.6129204269389734,scr2081,stInflow,reservoir
CH,h2037,2.6129204269389734,scr2081,stInflow,reservoir
CH,h2038,2.6129204269389734,scr2081,stInflow,reservoir
CH,h2039,2.6129204269389734,scr2081,stInflow,reservoir
CH,h2040,2.6129204269389734,scr2081,stInflow,reservoir
CH,h2041,2.6129204269389734,scr2081,stInflow,reservoir
CH,h2042,2.6129204269389734,scr2081,stInflow,reservoir
CH,h2043,2.6129204269389734,scr2081,stInflow,reservoir
CH,h2044,2.6129204269389734,scr2081,stInflow,reservoir
CH,h2045,2.6129204269389734,scr2081,stInflow,reservoir
CH,h2046,2.6129204269389734,scr2081,stInflow,reservoir
CH,h2047,2.6129204269389734,scr2081,stInflow,reservoir
CH,h2048,2.6129204269389734,scr2081,stInflow,reservoir
CH,h2049,2.6129204269389734,scr2081,stInflow,reservoir
CH,h2050,2.6129204269389734,scr2081,stInflow,reservoir
CH,h2051,2.6129204269389734,scr2081,stInflow,reservoir
CH,h2052,2.6129204269389734,scr2081,stInflow,reservoir
CH,h2053,2.6129204269389734,scr2081,stInflow,reservoir
CH,h2054,2.6129204269389734,scr2081,stInflow,reservoir
CH,h2055,2.6129204269389734,scr2081,stInflow,reservoir
CH,h2056,2.6129204269389734,scr2081,stInflow,reservoir
CH,h2057,2.6129204269389734,scr2081,stInflow,reservoir
CH,h2058,2.6129204269389734,scr2081,stInflow,reservoir
CH,h2059,2.6129204269389734,scr2081,stInflow,reservoir
CH,h2060,2.6129204269389734,scr2081,stInflow,reservoir
CH,h2061,2.6129204269389734,scr2081,stInflow,reservoir
CH,h2062,2.6129204269389734,scr2081,stInflow,reservoir
CH,h2063,2.6129204269389734,scr2081,stInflow,reservoir
CH,h2064,2.6129204269389734,scr2081,stInflow,reservoir
CH,h2065,2.6129204269389734,scr2081,stInflow,reservoir
CH,h2066,2.6129204269389734,scr2081,stInflow,reservoir
CH,h2067,2.6129204269389734,scr2081,stInflow,reservoir
CH,h2068,2.6129204269389734,scr2081,stInflow,reservoir
CH,h2069,2.6129204269389734,scr2081,stInflow,reservoir
CH,h2070,2.6129204269389734,scr2081,stInflow,reservoir
CH,h2071,2.6129204269389734,scr2081,stInflow,reservoir
CH,h2072,2.6129204269389734,scr2081,stInflow,reservoir
CH,h2073,2.6129204269389734,scr2081,stInflow,reservoir
CH,h2074,2.6129204269389734,scr2081,stInflow,reservoir
CH,h2075,2.6129204269389734,scr2081,stInflow,reservoir
CH,h2076,2.6129204269389734,scr2081,stInflow,reservoir
CH,h2077,2.6129204269389734,scr2081,stInflow,reservoir
CH,h2078,2.6129204269389734,scr2081,stInflow,reservoir
CH,h2079,2.6129204269389734,scr2081,stInflow,reservoir
CH,h2080,2.6129204269389734,scr2081,stInflow,reservoir
CH,h2081,2.6129204269389734,scr2081,stInflow,reservoir
CH,h2082,2.6129204269389734,scr2081,stInflow,reservoir
CH,h2083,2.6129204269389734,scr2081,stInflow,reservoir
CH,h2084,2.6129204269389734,scr2081,stInflow,reservoir
CH,h2085,2.6129204269389734,scr2081,stInflow,reservoir
CH,h2086,2.6129204269389734,scr2081,stInflow,reservoir
CH,h2087,2.6129204269389734,scr2081,stInflow,reservoir
CH,h2088,2.6129204269389734,scr2081,stInflow,reservoir
CH,h2089,2.6129204269389734,scr2081,stInflow,reservoir
CH,h2090,2.6129204269389734,scr2081,stInflow,reservoir
CH,h2091,2.6129204269389734,scr2081,stInflow,reservoir
CH,h2092,2.6129204269389734,scr2081,stInflow,reservoir
CH,h2093,2.6129204269389734,scr2081,stInflow,reservoir
CH,h2094,2.6129204269389734,scr2081,stInflow,reservoir
CH,h2095,2.6129204269389734,scr2081,stInflow,reservoir
CH,h2096,2.6129204269389734,scr2081,stInflow,reservoir
CH,h2097,2.6129204269389734,scr2081,stInflow,reservoir
CH,h2098,2.6129204269389734,scr2081,stInflow,reservoir
CH,h2099,2.6129204269389734,scr2081,stInflow,reservoir
CH,h2100,2.6129204269389734,scr2081,stInflow,reservoir
CH,h2101,2.6129204269389734,scr2081,stInflow,reservoir
CH,h2102,2.6129204269389734,scr2081,stInflow,reservoir
CH,h2103,2.6129204269389734,scr2081,stInflow,reservoir
CH,h2104,2.6129204269389734,scr2081,stInflow,reservoir
CH,h2105,2.6129204269389734,scr2081,stInflow,reservoir
CH,h2106,2.6129204269389734,scr2081,stInflow,reservoir
CH,h2107,2.6129204269389734,scr2081,stInflow,reservoir
CH,h2108,2.6129204269389734,scr2081,stInflow,reservoir
CH,h2109,2.6129204269389734,scr2081,stInflow,reservoir
CH,h2110,2.6129204269389734,scr2081,stInflow,reservoir
CH,h2111,2.6129204269389734,scr2081,stInflow,reservoir
CH,h2112,2.6129204269389734,scr2081,stInflow,reservoir
CH,h2113,2.6129204269389734,scr2081,stInflow,reservoir
CH,h2114,2.6129204269389734,scr2081,stInflow,reservoir
CH,h2115,2.6129204269389734,scr2081,stInflow,reservoir
CH,h2116,2.6129204269389734,scr2081,stInflow,reservoir
CH,h2117,2.6129204269389734,scr2081,stInflow,reservoir
CH,h2118,2.6129204269389734,scr2081,stInflow,reservoir
CH,h2119,2.6129204269389734,scr2081,stInflow,reservoir
CH,h2120,2.6129204269389734,scr2081,stInflow,reservoir
CH,h2121,2.6129204269389734,scr2081,stInflow,reservoir
CH,h2122,2.6129204269389734,scr2081,stInflow,reservoir
CH,h2123,2.6129204269389734,scr2081,stInflow,reservoir
CH,h2124,2.6129204269389734,scr2081,stInflow,reservoir
CH,h2125,2.6129204269389734,scr2081,stInflow,reservoir
CH,h2126,2.6129204269389734,scr2081,stInflow,reservoir
CH,h2127,2.6129204269389734,scr2081,stInflow,reservoir
CH,h2128,2.6129204269389734,scr2081,stInflow,reservoir
CH,h2129,2.6129204269389734,scr2081,stInflow,reservoir
CH,h2130,2.6129204269389734,scr2081,stInflow,reservoir
CH,h2131,2.6129204269389734,scr2081,stInflow,reservoir
CH,h2132,2.6129204269389734,scr2081,stInflow,reservoir
CH,h2133,2.6129204269389734,scr2081,stInflow,reservoir
CH,h2134,2.6129204269389734,scr2081,stInflow,reservoir
CH,h2135,2.6129204269389734,scr2081,stInflow,reservoir
CH,h2136,2.6129204269389734,scr2081,stInflow,reservoir
CH,h2137,2.9261311140988933,scr2081,stInflow,reservoir
CH,h2138,3.2393451599711964,scr2081,stInflow,reservoir
CH,h2139,3.552562238789209,scr2081,stInflow,reservoir
CH,h2140,3.552562238789209,scr2081,stInflow,reservoir
CH,h2141,3.552562238789209,scr2081,stInflow,reservoir
CH,h2142,3.552562238789209,scr2081,stInflow,reservoir
CH,h2143,3.552562238789209,scr2081,stInflow,reservoir
CH,h2144,3.552562238789209,scr2081,stInflow,reservoir
CH,h2145,3.552562238789209,scr2081,stInflow,reservoir
CH,h2146,3.552562238789209,scr2081,stInflow,reservoir
CH,h2147,3.552562238789209,scr2081,stInflow,reservoir
CH,h2148,3.552562238789209,scr2081,stInflow,reservoir
CH,h2149,3.552562238789209,scr2081,stInflow,reservoir
CH,h2150,3.552562238789209,scr2081,stInflow,reservoir
CH,h2151,3.552562238789209,scr2081,stInflow,reservoir
CH,h2152,3.552562238789209,scr2081,stInflow,reservoir
CH,h2153,3.552562238789209,scr2081,stInflow,reservoir
CH,h2154,3.552562238789209,scr2081,stInflow,reservoir
CH,h2155,3.552562238789209,scr2081,stInflow,reservoir
CH,h2156,3.552562238789209,scr2081,stInflow,reservoir
CH,h2157,3.552562238789209,scr2081,stInflow,reservoir
CH,h2158,3.552562238789209,scr2081,stInflow,reservoir
CH,h2159,3.552562238789209,scr2081,stInflow,reservoir
CH,h2160,3.552562238789209,scr2081,stInflow,reservoir
ES,h1441,1.6807818522483975,scr2081,stInflow,reservoir
ES,h1442,1.6807818522483975,scr2081,stInflow,reservoir
ES,h1443,1.6807818522483975,scr2081,stInflow,reservoir
ES,h1444,1.6807818522483975,scr2081,stInflow,reservoir
ES,h1445,1.6807818522483975,scr2081,stInflow,reservoir
ES,h1446,1.6807818522483975,scr2081,stInflow,reservoir
ES,h1447,1.6807818522483975,scr2081,stInflow,reservoir
ES,h1448,1.6807818522483975,scr2081,stInflow,reservoir
ES,h1449,1.6807818522483975,scr2081,stInflow,reservoir
ES,h1450,1.6807818522483975,scr2081,stInflow,reservoir
ES,h1451,1.6807818522483975,scr2081,stInflow,reservoir
ES,h1452,1.6807818522483975,scr2081,stInflow,reservoir
ES,h1453,1.6807818522483975,scr2081,stInflow,reservoir
ES,h1454,1.6807818522483975,scr2081,stInflow,reservoir
ES,h1455,1.6807818522483975,scr2081,stInflow,reservoir
ES,h1456,1.6807818522483975,scr2081,stInflow,reservoir
ES,h1457,1.6807818522483975,scr2081,stInflow,reservoir
ES,h1458,1.6807818522483975,scr2081,stInflow,reservoir
ES,h1459,1.6807818522483975,scr2081,stInflow,reservoir
ES,h1460,1.6807818522483975,scr2081,stInflow,reservoir
ES,h1461,1.6807818522483975,scr2081,stInflow,reservoir
ES,h1462,1.6807818522483975,scr2081,stInflow,reservoir
ES,h1463,1.6807818522483975,scr2081,stInflow,reservoir
ES,h1464,1.6807818522483975,scr2081,stInflow,reservoir
ES,h1465,1.6011348065127151,scr2081,stInflow,reservoir
ES,h1466,1.5214881571171193,scr2081,stInflow,reservoir
ES,h1467,1.441841924824567,scr2081,stInflow,reservoir
ES,h1468,1.441841924824567,scr2081,stInflow,reservoir
ES,h1469,1.441841924824567,scr2081,stInflow,reservoir
ES,h1470,1.441841924824567,scr2081,stInflow,reservoir
ES,h1471,1.441841924824567,scr2081,stInflow,reservoir
ES,h1472,1.441841924824567,scr2081,stInflow,reservoir
ES,h1473,1.441841924824567,scr2081,stInflow,reservoir
ES,h1474,1.441841924824567,scr2081,stInflow,reservoir
ES,h1475,1.441841924824567,scr2081,stInflow,reservoir
ES,h1476,1.441841924824567,scr2081,stInflow,reservoir
ES,h1477,1.441841924824567,scr2081,stInflow,reservoir
ES,h1478,1.441841924824567,scr2081,stInflow,reservoir
ES,h1479,1.441841924824567,scr2081,stInflow,reservoir
ES,h1480,1.441841924824567,scr2081,stInflow,reservoir
ES,h1481,1.441841924824567,scr2081,stInflow,reservoir
ES,h1482,1.441841924824567,scr2081,stInflow,reservoir
ES,h1483,1.441841924824567,scr2081,stInflow,reservoir
ES,h1484,1.441841924824567,scr2081,stInflow,reservoir
ES,h1485,1.441841924824567,scr2081,stInflow,reservoir
ES,h1486,1.441841924824567,scr2081,stInflow,reservoir
ES,h1487,1.441841924824567,scr2081,stInflow,reservoir
ES,h1488,1.441841924824567,scr2081,stInflow,reservoir
ES,h1489,1.441841924824567,scr2081,stInflow,reservoir
ES,h1490,1.441841924824567,scr2081,stInflow,reservoir
ES,h1491,1.441841924824567,scr2081,stInflow,reservoir
ES,h1492,1.441841924824567,scr2081,stInflow,reservoir
ES,h1493,1.441841924824567,scr2081,stInflow,reservoir
ES,h1494,1.441841924824567,scr2081,stInflow,reservoir
ES,h1495,1.441841924824567,scr2081,stInflow,reservoir
ES,h1496,1.441841924824567,scr2081,stInflow,reservoir
ES,h1497,1.441841924824567,scr2081,stInflow,reservoir
ES,h1498,1.441841924824567,scr2081,stInflow,reservoir
ES,h1499,1.441841924824567,scr2081,stInflow,reservoir
ES,h1500,1.441841924824567,scr2081,stInflow,reservoir
ES,h1501,1.441841924824567,scr2081,stInflow,reservoir
ES,h1502,1.441841924824567,scr2081,stInflow,reservoir
ES,h1503,1.441841924824567,scr2081,stInflow,reservoir
ES,h1504,1.441841924824567,scr2081,stInflow,reservoir
ES,h1505,1.441841924824567,scr2081,stInflow,reservoir
ES,h1506,1.441841924824567,scr2081,stInflow,reservoir
ES,h1507,1.441841924824567,scr2081,stInflow,reservoir
ES,h1508,1.441841924824567,scr2081,stInflow,reservoir
ES,h1509,1.441841924824567,scr2081,stInflow,reservoir
ES,h1510,1.441841924824567,scr2081,stInflow,reservoir
ES,h1511,1.441841924824567,scr2081,stInflow,reservoir
ES,h1512,1.441841924824567,scr2081,stInflow,reservoir
ES,h1513,1.441841924824567,scr2081,stInflow,reservoir
ES,h1514,1.441841924824567,scr2081,stInflow,reservoir
ES,h1515,1.441841924824567,scr2081,stInflow,reservoir
ES,h1516,1.441841924824567,scr2081,stInflow,reservoir
ES,h1517,1.441841924824567,scr2081,stInflow,reservoir
ES,h1518,1.441841924824567,scr2081,stInflow,reservoir
ES,h1519,1.441841924824567,scr2081,stInflow,reservoir
ES,h1520,1.441841924824567,scr2081,stInflow,reservoir
ES,h1521,1.441841924824567,scr2081,stInflow,reservoir
ES,h1522,1.441841924824567,scr2081,stInflow,reservoir
ES,h1523,1.441841924824567,scr2081,stInflow,reservoir
ES,h1524,1.441841924824567,scr2081,stInflow,reservoir
ES,h1525,1.441841924824567,scr2081,stInflow,reservoir
ES,h1526,1.441841924824567,scr2081,stInflow,reservoir
ES,h1527,1.441841924824567,scr2081,stInflow,reservoir
ES,h1528,1.441841924824567,scr2081,stInflow,reservoir
ES,h1529,1.441841924824567,scr2081,stInflow,reservoir
ES,h1530,1.441841924824567,scr2081,stInflow,reservoir
ES,h1531,1.441841924824567,scr2081,stInflow,reservoir
ES,h1532,1.441841924824567,scr2081,stInflow,reservoir
ES,h1533,1.441841924824567,scr2081,stInflow,reservoir
ES,h1534,1.441841924824567,scr2081,stInflow,reservoir
ES,h1535,1.441841924824567,scr2081,stInflow,reservoir
ES,h1536,1.441841924824567,scr2081,stInflow,reservoir
ES,h1537,1.441841924824567,scr2081,stInflow,reservoir
ES,h1538,1.441841924824567,scr2081,stInflow,reservoir
ES,h1539,1.441841924824567,scr2081,stInflow,reservoir
ES,h1540,1.441841924824567,scr2081,stInflow,reservoir
ES,h1541,1.441841924824567,scr2081,stInflow,reservoir
ES,h1542,1.441841924824567,scr2081,stInflow,reservoir
ES,h1543,1.441841924824567,scr2081,stInflow,reservoir
ES,h1544,1.441841924824567,scr2081,stInflow,reservoir
ES,h1545,1.441841924824567,scr2081,stInflow,reservoir
ES,h1546,1.441841924824567,scr2081,stInflow,reservoir
ES,h1547,1.441841924824567,scr2081,stInflow,reservoir
ES,h1548,1.441841924824567,scr2081,stInflow,reservoir
ES,h1549,1.441841924824567,scr2081,stInflow,reservoir
ES,h1550,1.441841924824567,scr2081,stInflow,reservoir
ES,h1551,1.441841924824567,scr2081,stInflow,reservoir
ES,h1552,1.441841924824567,scr2081,stInflow,reservoir
ES,h1553,1.441841924824567,scr2081,stInflow,reservoir
ES,h1554,1.441841924824567,scr2081,stInflow,reservoir
ES,h1555,1.441841924824567,scr2081,stInflow,reservoir
ES,h1556,1.441841924824567,scr2081,stInflow,reservoir
ES,h1557,1.441841924824567,scr2081,stInflow,reservoir
ES,h1558,1.441841924824567,scr2081,stInflow,reservoir
ES,h1559,1.441841924824567,scr2081,stInflow,reservoir
ES,h1560,1.441841924824567,scr2081,stInflow,reservoir
ES,h1561,1.441841924824567,scr2081,stInflow,reservoir
ES,h1562,1.441841924824567,scr2081,stInflow,reservoir
ES,h1563,1.441841924824567,scr2081,stInflow,reservoir
ES,h1564,1.441841924824567,scr2081,stInflow,reservoir
ES,h1565,1.441841924824567,scr2081,stInflow,reservoir
ES,h1566,1.441841924824567,scr2081,stInflow,reservoir
ES,h1567,1.441841924824567,scr2081,stInflow,reservoir
ES,h1568,1.441841924824567,scr2081,stInflow,reservoir
ES,h1569,1.441841924824567,scr2081,stInflow,reservoir
ES,h1570,1.441841924824567,scr2081,stInflow,reservoir
ES,h1571,1.441841924824567,scr2081,stInflow,reservoir
ES,h1572,1.441841924824567,scr2081,stInflow,reservoir
ES,h1573,1.441841924824567,scr2081,stInflow,reservoir
ES,h1574,1.441841924824567,scr2081,stInflow,reservoir
ES,h1575,1.441841924824567,scr2081,stInflow,reservoir
ES,h1576,1.441841924824567,scr2081,stInflow,reservoir
ES,h1577,1.441841924824567,scr2081,stInflow,reservoir
ES,h1578,1.441841924824567,scr2081,stInflow,reservoir
ES,h1579,1.441841924824567,scr2081,stInflow,reservoir
ES,h1580,1.441841924824567,scr2081,stInflow,reservoir
ES,h1581,1.441841924824567,scr2081,stInflow,reservoir
ES,h1582,1.441841924824567,scr2081,stInflow,reservoir
ES,h1583,1.441841924824567,scr2081,stInflow,reservoir
ES,h1584,1.441841924824567,scr2081,stInflow,reservoir
ES,h1585,1.441841924824567,scr2081,stInflow,reservoir
ES,h1586,1.441841924824567,scr2081,stInflow,reservoir
ES,h1587,1.441841924824567,scr2081,stInflow,reservoir
ES,h1588,1.441841924824567,scr2081,stInflow,reservoir
ES,h1589,1.441841924824567,scr2081,stInflow,reservoir
ES,h1590,1.441841924824567,scr2081,stInflow,reservoir
ES,h1591,1.441841924824567,scr2081,stInflow,reservoir
ES,h1592,1.441841924824567,scr2081,stInflow,reservoir
ES,h1593,1.441841924824567,scr2081,stInflow,reservoir
ES,h1594,1.441841924824567,scr2081,stInflow,reservoir
ES,h1595,1.441841924824567,scr2081,stInflow,reservoir
ES,h1596,1.441841924824567,scr2081,stInflow,reservoir
ES,h1597,1.441841924824567,scr2081,stInflow,reservoir
ES,h1598,1.441841924824567,scr2081,stInflow,reservoir
ES,h1599,1.441841924824567,scr2081,stInflow,reservoir
ES,h1600,1.441841924824567,scr2081,stInflow,reservoir
ES,h1601,1.441841924824567,scr2081,stInflow,reservoir
ES,h1602,1.441841924824567,scr2081,stInflow,reservoir
ES,h1603,1.441841924824567,scr2081,stInflow,reservoir
ES,h1604,1.441841924824567,scr2081,stInflow,reservoir
ES,h1605,1.441841924824567,scr2081,stInflow,reservoir
ES,h1606,1.441841924824567,scr2081,stInflow,reservoir
ES,h1607,1.441841924824567,scr2081,stInflow,reservoir
ES,h1608,1.441841924824567,scr2081,stInflow,reservoir
ES,h1609,1.441841924824567,scr2081,stInflow,reservoir
ES,h1610,1.441841924824567,scr2081,stInflow,reservoir
ES,h1611,1.441841924824567,scr2081,stInflow,reservoir
ES,h1612,1.441841924824567,scr2081,stInflow,reservoir
ES,h1613,1.441841924824567,scr2081,stInflow,reservoir
ES,h1614,1.441841924824567,scr2081,stInflow,reservoir
ES,h1615,1.441841924824567,scr2081,stInflow,reservoir
ES,h1616,1.441841924824567,scr2081,stInflow,reservoir
ES,h1617,1.441841924824567,scr2081,stInflow,reservoir
ES,h1618,1.441841924824567,scr2081,stInflow,reservoir
ES,h1619,1.441841924824567,scr2081,stInflow,reservoir
ES,h1620,1.441841924824567,scr2081,stInflow,reservoir
ES,h1621,1.441841924824567,scr2081,stInflow,reservoir
ES,h1622,1.441841924824567,scr2081,stInflow,reservoir
ES,h1623,1.441841924824567,scr2081,stInflow,reservoir
ES,h1624,1.441841924824567,scr2081,stInflow,reservoir
ES,h1625,1.441841924824567,scr2081,stInflow,reservoir
ES,h1626,1.441841924824567,scr2081,stInflow,reservoir
ES,h1627,1.441841924824567,scr2081,stInflow,reservoir
ES,h1628,1.441841924824567,scr2081,stInflow,reservoir
ES,h1629,1.441841924824567,scr2081,stInflow,reservoir
ES,h1630,1.441841924824567,scr2081,stInflow,reservoir
ES,h1631,1.441841924824567,scr2081,stInflow,reservoir
ES,h1632,1.441841924824567,scr2081,stInflow,reservoir
ES,h1633,1.2898708016142022,scr2081,stInflow,reservoir
ES,h1634,1.1379014729927774,scr2081,stInflow,reservoir
ES,h1635,0.9859341799532453,scr2081,stInflow,reservoir
ES,h1636,0.9859341799532453,scr2081,stInflow,reservoir
ES,h1637,0.9859341799532453,scr2081,stInflow,reservoir
ES,h1638,0.9859341799532453,scr2081,stInflow,reservoir
ES,h1639,0.9859341799532453,scr2081,stInflow,reservoir
ES,h1640,0.9859341799532453,scr2081,stInflow,reservoir
ES,h1641,0.9859341799532453,scr2081,stInflow,reservoir
ES,h1642,0.9859341799532453,scr2081,stInflow,reservoir
ES,h1643,0.9859341799532453,scr2081,stInflow,reservoir
ES,h1644,0.9859341799532453,scr2081,stInflow,reservoir
ES,h1645,0.9859341799532453,scr2081,stInflow,reservoir
ES,h1646,0.9859341799532453,scr2081,stInflow,reservoir
ES,h1647,0.9859341799532453,scr2081,stInflow,reservoir
ES,h1648,0.9859341799532453,scr2081,stInflow,reservoir
ES,h1649,0.9859341799532453,scr2081,stInflow,reservoir
ES,h1650,0.9859341799532453,scr2081,stInflow,reservoir
ES,h1651,0.9859341799532453,scr2081,stInflow,reservoir
ES,h1652,0.9859341799532453,scr2081,stInflow,reservoir
ES,h1653,0.9859341799532453,scr2081,stInflow,reservoir
ES,h1654,0.9859341799532453,scr2081,stInflow,reservoir
ES,h1655,0.9859341799532453,scr2081,stInflow,reservoir
ES,h1656,0.9859341799532453,scr2081,stInflow,reservoir
ES,h1657,0.9859341799532453,scr2081,stInflow,reservoir
ES,h1658,0.9859341799532453,scr2081,stInflow,reservoir
ES,h1659,0.9859341799532453,scr2081,stInflow,reservoir
ES,h1660,0.9859341799532453,scr2081,stInflow,reservoir
ES,h1661,0.9859341799532453,scr2081,stInflow,reservoir
ES,h1662,0.9859341799532453,scr2081,stInflow,reservoir
ES,h1663,0.9859341799532453,scr2081,stInflow,reservoir
ES,h1664,0.9859341799532453,scr2081,stInflow,reservoir
ES,h1665,0.9859341799532453,scr2081,stInflow,reservoir
ES,h1666,0.9859341799532453,scr2081,stInflow,reservoir
ES,h1667,0.9859341799532453,scr2081,stInflow,reservoir
ES,h1668,0.9859341799532453,scr2081,stInflow,reservoir
ES,h1669,0.9859341799532453,scr2081,stInflow,reservoir
ES,h1670,0.9859341799532453,scr2081,stInflow,reservoir
ES,h1671,0.9859341799532453,scr2081,stInflow,reservoir
ES,h1672,0.9859341799532453,scr2081,stInflow,reservoir
ES,h1673,0.9859341799532453,scr2081,stInflow,reservoir
ES,h1674,0.9859341799532453,scr2081,stInflow,reservoir
ES,h1675,0.9859341799532453,scr2081,stInflow,reservoir
ES,h1676,0.9859341799532453,scr2081,stInflow,reservoir
ES,h1677,0.9859341799532453,scr2081,stInflow,reservoir
ES,h1678,0.9859341799532453,scr2081,stInflow,reservoir
ES,h1679,0.9859341799532453,scr2081,stInflow,reservoir
ES,h1680,0.9859341799532453,scr2081,stInflow,reservoir
ES,h1681,0.9859341799532453,scr2081,stInflow,reservoir
ES,h1682,0.9859341799532453,scr2081,stInflow,reservoir
ES,h1683,0.9859341799532453,scr2081,stInflow,reservoir
ES,h1684,0.9859341799532453,scr2081,stInflow,reservoir
ES,h1685,0.9859341799532453,scr2081,stInflow,reservoir
ES,h1686,0.9859341799532453,scr2081,stInflow,reservoir
ES,h1687,0.9859341799532453,scr2081,stInflow,reservoir
ES,h1688,0.9859341799532453,scr2081,stInflow,reservoir
ES,h1689,0.9859341799532453,scr2081,stInflow,reservoir
ES,h1690,0.9859341799532453,scr2081,stInflow,reservoir
ES,h1691,0.9859341799532453,scr2081,stInflow,reservoir
ES,h1692,0.9859341799532453,scr2081,stInflow,reservoir
ES,h1693,0.9859341799532453,scr2081,stInflow,reservoir
ES,h1694,0.9859341799532453,scr2081,stInflow,reservoir
ES,h1695,0.9859341799532453,scr2081,stInflow,reservoir
ES,h1696,0.9859341799532453,scr2081,stInflow,reservoir
ES,h1697,0.9859341799532453,scr2081,stInflow,reservoir
ES,h1698,0.9859341799532453,scr2081,stInflow,reservoir
ES,h1699,0.9859341799532453,scr2081,stInflow,reservoir
ES,h1700,0.9859341799532453,scr2081,stInflow,reservoir
ES,h1701,0.9859341799532453,scr2081,stInflow,reservoir
ES,h1702,0.9859341799532453,scr2081,stInflow,reservoir
ES,h1703,0.9859341799532453,scr2081,stInflow,reservoir
ES,h1704,0.9859341799532453,scr2081,stInflow,reservoir
ES,h1705,0.9859341799532453,scr2081,stInflow,reservoir
ES,h1706,0.9859341799532453,scr2081,stInflow,reservoir
ES,h1707,0.9859341799532453,scr2081,stInflow,reservoir
ES,h1708,0.9859341799532453,scr2081,stInflow,reservoir
ES,h1709,0.9859341799532453,scr2081,stInflow,reservoir
ES,h1710,0.9859341799532453,scr2081,stInflow,reservoir
ES,h1711,0.9859341799532453,scr2081,stInflow,reservoir
ES,h1712,0.9859341799532453,scr2081,stInflow,reservoir
ES,h1713,0.9859341799532453,scr2081,stInflow,reservoir
ES,h1714,0.9859341799532453,scr2081,stInflow,reservoir
ES,h1715,0.9859341799532453,scr2081,stInflow,reservoir
ES,h1716,0.9859341799532453,scr2081,stInflow,reservoir
ES,h1717,0.9859341799532453,scr2081,stInflow,reservoir
ES,h1718,0.9859341799532453,scr2081,stInflow,reservoir
ES,h1719,0.9859341799532453,scr2081,stInflow,reservoir
ES,h1720,0.9859341799532453,scr2081,stInflow,reservoir
ES,h1721,0.9859341799532453,scr2081,stInflow,reservoir
ES,h1722,0.9859341799532453,scr2081,stInflow,reservoir
ES,h1723,0.9859341799532453,scr2081,stInflow,reservoir
ES,h1724,0.9859341799532453,scr2081,stInflow,reservoir
ES,h1725,0.9859341799532453,scr2081,stInflow,reservoir
ES,h1726,0.9859341799532453,scr2081,stInflow,reservoir
ES,h1727,0.9859341799532453,scr2081,stInflow,reservoir
ES,h1728,0.9859341799532453,scr2081,stInflow,reservoir
ES,h1729,0.9859341799532453,scr2081,stInflow,reservoir
ES,h1730,0.9859341799532453,scr2081,stInflow,reservoir
ES,h1731,0.9859341799532453,scr2081,stInflow,reservoir
ES,h1732,0.9859341799532453,scr2081,stInflow,reservoir
ES,h1733,0.9859341799532453,scr2081,stInflow,reservoir
ES,h1734,0.9859341799532453,scr2081,stInflow,reservoir
ES,h1735,0.9859341799532453,scr2081,stInflow,reservoir
ES,h1736,0.9859341799532453,scr2081,stInflow,reservoir
ES,h1737,0.9859341799532453,scr2081,stInflow,reservoir
ES,h1738,0.9859341799532453,scr2081,stInflow,reservoir
ES,h1739,0.9859341799532453,scr2081,stInflow,reservoir
ES,h1740,0.9859341799532453,scr2081,stInflow,reservoir
ES,h1741,0.9859341799532453,scr2081,stInflow,reservoir
ES,h1742,0.9859341799532453,scr2081,stInflow,reservoir
ES,h1743,0.9859341799532453,scr2081,stInflow,reservoir
ES,h1744,0.9859341799532453,scr2081,stInflow,reservoir
ES,h1745,0.9859341799532453,scr2081,stInflow,reservoir
ES,h1746,0.9859341799532453,scr2081,stInflow,reservoir
ES,h1747,0.9859341799532453,scr2081,stInflow,reservoir
ES,h1748,0.9859341799532453,scr2081,stInflow,reservoir
ES,h1749,0.9859341799532453,scr2081,stInflow,reservoir
ES,h1750,0.9859341799532453,scr2081,stInflow,reservoir
ES,h1751,0.9859341799532453,scr2081,stInflow,reservoir
ES,h1752,0.9859341799532453,scr2081,stInflow,reservoir
ES,h1753,0.9859341799532453,scr2081,stInflow,reservoir
ES,h1754,0.9859341799532453,scr2081,stInflow,reservoir
ES,h1755,0.9859341799532453,scr2081,stInflow,reservoir
ES,h1756,0.9859341799532453,scr2081,stInflow,reservoir
ES,h1757,0.9859341799532453,scr2081,stInflow,reservoir
ES,h1758,0.9859341799532453,scr2081,stInflow,reservoir
ES,h1759,0.9859341799532453,scr2081,stInflow,reservoir
ES,h1760,0.9859341799532453,scr2081,stInflow,reservoir
ES,h1761,0.9859341799532453,scr2081,stInflow,reservoir
ES,h1762,0.9859341799532453,scr2081,stInflow,reservoir
ES,h1763,0.9859341799532453,scr2081,stInflow,reservoir
ES,h1764,0.9859341799532453,scr2081,stInflow,reservoir
ES,h1765,0.9859341799532453,scr2081,stInflow,reservoir
ES,h1766,0.9859341799532453,scr2081,stInflow,reservoir
ES,h1767,0.9859341799532453,scr2081,stInflow,reservoir
ES,h1768,0.9859341799532453,scr2081,stInflow,reservoir
ES,h1769,0.9859341799532453,scr2081,stInflow,reservoir
ES,h1770,0.9859341799532453,scr2081,stInflow,reservoir
ES,h1771,0.9859341799532453,scr2081,stInflow,reservoir
ES,h1772,0.9859341799532453,scr2081,stInflow,reservoir
ES,h1773,0.9859341799532453,scr2081,stInflow,reservoir
ES,h1774,0.9859341799532453,scr2081,stInflow,reservoir
ES,h1775,0.9859341799532453,scr2081,stInflow,reservoir
ES,h1776,0.9859341799532453,scr2081,stInflow,reservoir
ES,h1777,0.9859341799532453,scr2081,stInflow,reservoir
ES,h1778,0.9859341799532453,scr2081,stInflow,reservoir
ES,h1779,0.9859341799532453,scr2081,stInflow,reservoir
ES,h1780,0.9859341799532453,scr2081,stInflow,reservoir
ES,h1781,0.9859341799532453,scr2081,stInflow,reservoir
ES,h1782,0.9859341799532453,scr2081,stInflow,reservoir
ES,h1783,0.9859341799532453,scr2081,stInflow,reservoir
ES,h1784,0.9859341799532453,scr2081,stInflow,reservoir
ES,h1785,0.9859341799532453,scr2081,stInflow,reservoir
ES,h1786,0.9859341799532453,scr2081,stInflow,reservoir
ES,h1787,0.9859341799532453,scr2081,stInflow,reservoir
ES,h1788,0.9859341799532453,scr2081,stInflow,reservoir
ES,h1789,0.9859341799532453,scr2081,stInflow,reservoir
ES,h1790,0.9859341799532453,scr2081,stInflow,reservoir
ES,h1791,0.9859341799532453,scr2081,stInflow,reservoir
ES,h1792,0.9859341799532453,scr2081,stInflow,reservoir
ES,h1793,0.9859341799532453,scr2081,stInflow,reservoir
ES,h1794,0.9859341799532453,scr2081,stInflow,reservoir
ES,h1795,0.9859341799532453,scr2081,stInflow,reservoir
ES,h1796,0.9859341799532453,scr2081,stInflow,reservoir
ES,h1797,0.9859341799532453,scr2081,stInflow,reservoir
ES,h1798,0.9859341799532453,scr2081,stInflow,reservoir
ES,h1799,0.9859341799532453,scr2081,stInflow,reservoir
ES,h1800,0.9859341799532453,scr2081,stInflow,reservoir
ES,h1801,0.9913148561736072,scr2081,stInflow,reservoir
ES,h1802,0.9966955353144746,scr2081,stInflow,reservoir
ES,h1803,1.002076217360083,scr2081,stInflow,reservoir
ES,h1804,1.002076217360083,scr2081,stInflow,reservoir
ES,h1805,1.002076217360083,scr2081,stInflow,reservoir
ES,h1806,1.002076217360083,scr2081,stInflow,reservoir
ES,h1807,1.002076217360083,scr2081,stInflow,reservoir
ES,h1808,1.002076217360083,scr2081,stInflow,reservoir
ES,h1809,1.002076217360083,scr2081,stInflow,reservoir
ES,h1810,1.002076217360083,scr2081,stInflow,reservoir
ES,h1811,1.002076217360083,scr2081,stInflow,reservoir
ES,h1812,1.002076217360083,scr2081,stInflow,reservoir
ES,h1813,1.002076217360083,scr2081,stInflow,reservoir
ES,h1814,1.002076217360083,scr2081,stInflow,reservoir
ES,h1815,1.002076217360083,scr2081,stInflow,reservoir
ES,h1816,1.002076217360083,scr2081,stInflow,reservoir
ES,h1817,1.002076217360083,scr2081,stInflow,reservoir
ES,h1818,1.002076217360083,scr2081,stInflow,reservoir
ES,h1819,1.002076217360083,scr2081,stInflow,reservoir
ES,h1820,1.002076217360083,scr2081,stInflow,reservoir
ES,h1821,1.002076217360083,scr2081,stInflow,reservoir
ES,h1822,1.002076217360083,scr2081,stInflow,reservoir
ES,h1823,1.002076217360083,scr2081,stInflow,reservoir
ES,h1824,1.002076217360083,scr2081,stInflow,reservoir
ES,h1825,1.002076217360083,scr2081,stInflow,reservoir
ES,h1826,1.002076217360083,scr2081,stInflow,reservoir
ES,h1827,1.002076217360083,scr2081,stInflow,reservoir
ES,h1828,1.002076217360083,scr2081,stInflow,reservoir
ES,h1829,1.002076217360083,scr2081,stInflow,reservoir
ES,h1830,1.002076217360083,scr2081,stInflow,reservoir
ES,h1831,1.002076217360083,scr2081,stInflow,reservoir
ES,h1832,1.002076217360083,scr2081,stInflow,reservoir
ES,h1833,1.002076217360083,scr2081,stInflow,reservoir
ES,h1834,1.002076217360083,scr2081,stInflow,reservoir
ES,h1835,1.002076217360083,scr2081,stInflow,reservoir
ES,h1836,1.002076217360083,scr2081,stInflow,reservoir
ES,h1837,1.002076217360083,scr2081,stInflow,reservoir
ES,h1838,1.002076217360083,scr2081,stInflow,reservoir
ES,h1839,1.002076217360083,scr2081,stInflow,reservoir
ES,h1840,1.002076217360083,scr2081,stInflow,reservoir
ES,h1841,1.002076217360083,scr2081,stInflow,reservoir
ES,h1842,1.002076217360083,scr2081,stInflow,reservoir
ES,h1843,1.002076217360083,scr2081,stInflow,reservoir
ES,h1844,1.002076217360083,scr2081,stInflow,reservoir
ES,h1845,1.002076217360083,scr2081,stInflow,reservoir
ES,h1846,1.002076217360083,scr2081,stInflow,reservoir
ES,h1847,1.002076217360083,scr2081,stInflow,reservoir
ES,h1848,1.002076217360083,scr2081,stInflow,reservoir
ES,h1849,1.002076217360083,scr2081,stInflow,reservoir
ES,h1850,1.002076217360083,scr2081,stInflow,reservoir
ES,h1851,1.002076217360083,scr2081,stInflow,reservoir
ES,h1852,1.002076217360083,scr2081,stInflow,reservoir
ES,h1853,1.002076217360083,scr2081,stInflow,reservoir
ES,h1854,1.002076217360083,scr2081,stInflow,reservoir
ES,h1855,1.002076217360083,scr2081,stInflow,reservoir
ES,h1856,1.002076217360083,scr2081,stInflow,reservoir
ES,h1857,1.002076217360083,scr2081,stInflow,reservoir
ES,h1858,1.002076217360083,scr2081,stInflow,reservoir
ES,h1859,1.002076217360083,scr2081,stInflow,reservoir
ES,h1860,1.002076217360083,scr2081,stInflow,reservoir
ES,h1861,1.002076217360083,scr2081,stInflow,reservoir
ES,h1862,1.002076217360083,scr2081,stInflow,reservoir
ES,h1863,1.002076217360083,scr2081,stInflow,reservoir
ES,h1864,1.002076217360083,scr2081,stInflow,reservoir
ES,h1865,1.002076217360083,scr2081,stInflow,reservoir
ES,h1866,1.002076217360083,scr2081,stInflow,reservoir
ES,h1867,1.002076217360083,scr2081,stInflow,reservoir
ES,h1868,1.002076217360083,scr2081,stInflow,reservoir
ES,h1869,1.002076217360083,scr2081,stInflow,reservoir
ES,h1870,1.002076217360083,scr2081,stInflow,reservoir
ES,h1871,1.002076217360083,scr2081,stInflow,reservoir
ES,h1872,1.002076217360083,scr2081,stInflow,reservoir
ES,h1873,1.002076217360083,scr2081,stInflow,reservoir
ES,h1874,1.002076217360083,scr2081,stInflow,reservoir
ES,h1875,1.002076217360083,scr2081,stInflow,reservoir
ES,h1876,1.002076217360083,scr2081,stInflow,reservoir
ES,h1877,1.002076217360083,scr2081,stInflow,reservoir
ES,h1878,1.002076217360083,scr2081,stInflow,reservoir
ES,h1879,1.002076217360083,scr2081,stInflow,reservoir
ES,h1880,1.002076217360083,scr2081,stInflow,reservoir
ES,h1881,1.002076217360083,scr2081,stInflow,reservoir
ES,h1882,1.002076217360083,scr2081,stInflow,reservoir
ES,h1883,1.002076217360083,scr2081,stInflow,reservoir
ES,h1884,1.002076217360083,scr2081,stInflow,reservoir
ES,h1885,1.002076217360083,scr2081,stInflow,reservoir
ES,h1886,1.002076217360083,scr2081,stInflow,reservoir
ES,h1887,1.002076217360083,scr2081,stInflow,reservoir
ES,h1888,1.002076217360083,scr2081,stInflow,reservoir
ES,h1889,1.002076217360083,scr2081,stInflow,reservoir
ES,h1890,1.002076217360083,scr2081,stInflow,reservoir
ES,h1891,1.002076217360083,scr2081,stInflow,reservoir
ES,h1892,1.002076217360083,scr2081,stInflow,reservoir
ES,h1893,1.002076217360083,scr2081,stInflow,reservoir
ES,h1894,1.002076217360083,scr2081,stInflow,reservoir
ES,h1895,1.002076217360083,scr2081,stInflow,reservoir
ES,h1896,1.002076217360083,scr2081,stInflow,reservoir
ES,h1897,1.002076217360083,scr2081,stInflow,reservoir
ES,h1898,1.002076217360083,scr2081,stInflow,reservoir
ES,h1899,1.002076217360083,scr2081,stInflow,reservoir
ES,h1900,1.002076217360083,scr2081,stInflow,reservoir
ES,h1901,1.002076217360083,scr2081,stInflow,reservoir
ES,h1902,1.002076217360083,scr2081,stInflow,reservoir
ES,h1903,1.002076217360083,scr2081,stInflow,reservoir
ES,h1904,1.002076217360083,scr2081,stInflow,reservoir
ES,h1905,1.002076217360083,scr2081,stInflow,reservoir
ES,h1906,1.002076217360083,scr2081,stInflow,reservoir
ES,h1907,1.002076217360083,scr2081,stInflow,reservoir
ES,h1908,1.002076217360083,scr2081,stInflow,reservoir
ES,h1909,1.002076217360083,scr2081,stInflow,reservoir
ES,h1910,1.002076217360083,scr2081,stInflow,reservoir
ES,h1911,1.002076217360083,scr2081,stInflow,reservoir
ES,h1912,1.002076217360083,scr2081,stInflow,reservoir
ES,h1913,1.002076217360083,scr2081,stInflow,reservoir
ES,h1914,1.002076217360083,scr2081,stInflow,reservoir
ES,h1915,1.002076217360083,scr2081,stInflow,reservoir
ES,h1916,1.002076217360083,scr2081,stInflow,reservoir
ES,h1917,1.002076217360083,scr2081,stInflow,reservoir
ES,h1918,1.002076217360083,scr2081,stInflow,reservoir
ES,h1919,1.002076217360083,scr2081,stInflow,reservoir
ES,h1920,1.002076217360083,scr2081,stInflow,reservoir
ES,h1921,1.002076217360083,scr2081,stInflow,reservoir
ES,h1922,1.002076217360083,scr2081,stInflow,reservoir
ES,h1923,1.002076217360083,scr2081,stInflow,reservoir
ES,h1924,1.002076217360083,scr2081,stInflow,reservoir
ES,h1925,1.002076217360083,scr2081,stInflow,reservoir
ES,h1926,1.002076217360083,scr2081,stInflow,reservoir
ES,h1927,1.002076217360083,scr2081,stInflow,reservoir
ES,h1928,1.002076217360083,scr2081,stInflow,reservoir
ES,h1929,1.002076217360083,scr2081,stInflow,reservoir
ES,h1930,1.002076217360083,scr2081,stInflow,reservoir
ES,h1931,1.002076217360083,scr2081,stInflow,reservoir
ES,h1932,1.002076217360083,scr2081,stInflow,reservoir
ES,h1933,1.002076217360083,scr2081,stInflow,reservoir
ES,h1934,1.002076217360083,scr2081,stInflow,reservoir
ES,h1935,1.002076217360083,scr2081,stInflow,reservoir
ES,h1936,1.002076217360083,scr2081,stInflow,reservoir
ES,h1937,1.002076217360083,scr2081,stInflow,reservoir
ES,h1938,1.002076217360083,scr2081,stInflow,reservoir
ES,h1939,1.002076217360083,scr2081,stInflow,reservoir
ES,h1940,1.002076217360083,scr2081,stInflow,reservoir
ES,h1941,1.002076217360083,scr2081,stInflow,reservoir
ES,h1942,1.002076217360083,scr2081,stInflow,reservoir
ES,h1943,1.002076217360083,scr2081,stInflow,reservoir
ES,h1944,1.002076217360083,scr2081,stInflow,reservoir
ES,h1945,1.002076217360083,scr2081,stInflow,reservoir
ES,h1946,1.002076217360083,scr2081,stInflow,reservoir
ES,h1947,1.002076217360083,scr2081,stInflow,reservoir
ES,h1948,1.002076217360083,scr2081,stInflow,reservoir
ES,h1949,1.002076217360083,scr2081,stInflow,reservoir
ES,h1950,1.002076217360083,scr2081,stInflow,reservoir
ES,h1951,1.002076217360083,scr2081,stInflow,reservoir
ES,h1952,1.002076217360083,scr2081,stInflow,reservoir
ES,h1953,1.002076217360083,scr2081,stInflow,reservoir
ES,h1954,1.002076217360083,scr2081,stInflow,reservoir
ES,h1955,1.002076217360083,scr2081,stInflow,reservoir
ES,h1956,1.002076217360083,scr2081,stInflow,reservoir
ES,h1957,1.002076217360083,scr2081,stInflow,reservoir
ES,h1958,1.002076217360083,scr2081,stInflow,reservoir
ES,h1959,1.002076217360083,scr2081,stInflow,reservoir
ES,h1960,1.002076217360083,scr2081,stInflow,reservoir
ES,h1961,1.002076217360083,scr2081,stInflow,reservoir
ES,h1962,1.002076217360083,scr2081,stInflow,reservoir
ES,h1963,1.002076217360083,scr2081,stInflow,reservoir
ES,h1964,1.002076217360083,scr2081,stInflow,reservoir
ES,h1965,1.002076217360083,scr2081,stInflow,reservoir
ES,h1966,1.002076217360083,scr2081,stInflow,reservoir
ES,h1967,1.002076217360083,scr2081,stInflow,reservoir
ES,h1968,1.002076217360083,scr2081,stInflow,reservoir
ES,h1969,1.0823433373159936,scr2081,stInflow,reservoir
ES,h1970,1.162611053075033,scr2081,stInflow,reservoir
ES,h1971,1.2428793234393796,scr2081,stInflow,reservoir
ES,h1972,1.2428793234393796,scr2081,stInflow,reservoir
ES,h1973,1.2428793234393796,scr2081,stInflow,reservoir
ES,h1974,1.2428793234393796,scr2081,stInflow,reservoir
ES,h1975,1.2428793234393796,scr2081,stInflow,reservoir
ES,h1976,1.2428793234393796,scr2081,stInflow,reservoir
ES,h1977,1.2428793234393796,scr2081,stInflow,reservoir
ES,h1978,1.2428793234393796,scr2081,stInflow,reservoir
ES,h1979,1.2428793234393796,scr2081,stInflow,reservoir
ES,h1980,1.2428793234393796,scr2081,stInflow,reservoir
ES,h1981,1.2428793234393796,scr2081,stInflow,reservoir
ES,h1982,1.2428793234393796,scr2081,stInflow,reservoir
ES,h1983,1.2428793234393796,scr2081,stInflow,reservoir
ES,h1984,1.2428793234393796,scr2081,stInflow,reservoir
ES,h1985,1.2428793234393796,scr2081,stInflow,reservoir
ES,h1986,1.2428793234393796,scr2081,stInflow,reservoir
ES,h1987,1.2428793234393796,scr2081,stInflow,reservoir
ES,h1988,1.2428793234393796,scr2081,stInflow,reservoir
ES,h1989,1.2428793234393796,scr2081,stInflow,reservoir
ES,h1990,1.2428793234393796,scr2081,stInflow,reservoir
ES,h1991,1.2428793234393796,scr2081,stInflow,reservoir
ES,h1992,1.2428793234393796,scr2081,stInflow,reservoir
ES,h1993,1.2428793234393796,scr2081,stInflow,reservoir
ES,h1994,1.2428793234393796,scr2081,stInflow,reservoir
ES,h1995,1.2428793234393796,scr2081,stInflow,reservoir
ES,h1996,1.2428793234393796,scr2081,stInflow,reservoir
ES,h1997,1.2428793234393796,scr2081,stInflow,reservoir
ES,h1998,1.2428793234393796,scr2081,stInflow,reservoir
ES,h1999,1.2428793234393796,scr2081,stInflow,reservoir
ES,h2000,1.2428793234393796,scr2081,stInflow,reservoir
ES,h2001,1.2428793234393796,scr2081,stInflow,reservoir
ES,h2002,1.2428793234393796,scr2081,stInflow,reservoir
ES,h2003,1.2428793234393796,scr2081,stInflow,reservoir
ES,h2004,1.2428793234393796,scr2081,stInflow,reservoir
ES,h2005,1.2428793234393796,scr2081,stInflow,reservoir
ES,h2006,1.2428793234393796,scr2081,stInflow,reservoir
ES,h2007,1.2428793234393796,scr2081,stInflow,reservoir
ES,h2008,1.2428793234393796,scr2081,stInflow,reservoir
ES,h2009,1.2428793234393796,scr2081,stInflow,reservoir
ES,h2010,1.2428793234393796,scr2081,stInflow,reservoir
ES,h2011,1.2428793234393796,scr2081,stInflow,reservoir
ES,h2012,1.2428793234393796,scr2081,stInflow,reservoir
ES,h2013,1.2428793234393796,scr2081,stInflow,reservoir
ES,h2014,1.2428793234393796,scr2081,stInflow,reservoir
ES,h2015,1.2428793234393796,scr2081,stInflow,reservoir
ES,h2016,1.2428793234393796,scr2081,stInflow,reservoir
ES,h2017,1.2428793234393796,scr2081,stInflow,reservoir
ES,h2018,1.2428793234393796,scr2081,stInflow,reservoir
ES,h2019,1.2428793234393796,scr2081,stInflow,reservoir
ES,h2020,1.2428793234393796,scr2081,stInflow,reservoir
ES,h2021,1.2428793234393796,scr2081,stInflow,reservoir
ES,h2022,1.2428793234393796,scr2081,stInflow,reservoir
ES,h2023,1.2428793234393796,scr2081,stInflow,reservoir
ES,h2024,1.2428793234393796,scr2081,stInflow,reservoir
ES,h2025,1.2428793234393796,scr2081,stInflow,reservoir
ES,h2026,1.2428793234393796,scr2081,stInflow,reservoir
ES,h2027,1.2428793234393796,scr2081,stInflow,reservoir
ES,h2028,1.2428793234393796,scr2081,stInflow,reservoir
ES,h2029,1.2428793234393796,scr2081,stInflow,reservoir
ES,h2030,1.2428793234393796,scr2081,stInflow,reservoir
ES,h2031,1.2428793234393796,scr2081,stInflow,reservoir
ES,h2032,1.2428793234393796,scr2081,stInflow,reservoir
ES,h2033,1.2428793234393796,scr2081,stInflow,reservoir
ES,h2034,1.2428793234393796,scr2081,stInflow,reservoir
ES,h2035,1.2428793234393796,scr2081,stInflow,reservoir
ES,h2036,1.2428793234393796,scr2081,stInflow,reservoir
ES,h2037,1.2428793234393796,scr2081,stInflow,reservoir
ES,h2038,1.2428793234393796,scr2081,stInflow,reservoir
ES,h2039,1.2428793234393796,scr2081,stInflow,reservoir
ES,h2040,1.2428793234393796,scr2081,stInflow,reservoir
ES,h2041,1.2428793234393796,scr2081,stInflow,reservoir
ES,h2042,1.2428793234393796,scr2081,stInflow,reservoir
ES,h2043,1.2428793234393796,scr2081,stInflow,reservoir
ES,h2044,1.2428793234393796,scr2081,stInflow,reservoir
ES,h2045,1.2428793234393796,scr2081,stInflow,reservoir
ES,h2046,1.2428793234393796,scr2081,stInflow,reservoir
ES,h2047,1.2428793234393796,scr2081,stInflow,reservoir
ES,h2048,1.2428793234393796,scr2081,stInflow,reservoir
ES,h2049,1.2428793234393796,scr2081,stInflow,reservoir
ES,h2050,1.2428793234393796,scr2081,stInflow,reservoir
ES,h2051,1.2428793234393796,scr2081,stInflow,reservoir
ES,h2052,1.2428793234393796,scr2081,stInflow,reservoir
ES,h2053,1.2428793234393796,scr2081,stInflow,reservoir
ES,h2054,1.2428793234393796,scr2081,stInflow,reservoir
ES,h2055,1.2428793234393796,scr2081,stInflow,reservoir
ES,h2056,1.2428793234393796,scr2081,stInflow,reservoir
ES,h2057,1.2428793234393796,scr2081,stInflow,reservoir
ES,h2058,1.2428793234393796,scr2081,stInflow,reservoir
ES,h2059,1.2428793234393796,scr2081,stInflow,reservoir
ES,h2060,1.2428793234393796,scr2081,stInflow,reservoir
ES,h2061,1.2428793234393796,scr2081,stInflow,reservoir
ES,h2062,1.2428793234393796,scr2081,stInflow,reservoir
ES,h2063,1.2428793234393796,scr2081,stInflow,reservoir
ES,h2064,1.2428793234393796,scr2081,stInflow,reservoir
ES,h2065,1.2428793234393796,scr2081,stInflow,reservoir
ES,h2066,1.2428793234393796,scr2081,stInflow,reservoir
ES,h2067,1.2428793234393796,scr2081,stInflow,reservoir
ES,h2068,1.2428793234393796,scr2081,stInflow,reservoir
ES,h2069,1.2428793234393796,scr2081,stInflow,reservoir
ES,h2070,1.2428793234393796,scr2081,stInflow,reservoir
ES,h2071,1.2428793234393796,scr2081,stInflow,reservoir
ES,h2072,1.2428793234393796,scr2081,stInflow,reservoir
ES,h2073,1.2428793234393796,scr2081,stInflow,reservoir
ES,h2074,1.2428793234393796,scr2081,stInflow,reservoir
ES,h2075,1.2428793234393796,scr2081,stInflow,reservoir
ES,h2076,1.2428793234393796,scr2081,stInflow,reservoir
ES,h2077,1.2428793234393796,scr2081,stInflow,reservoir
ES,h2078,1.2428793234393796,scr2081,stInflow,reservoir
ES,h2079,1.2428793234393796,scr2081,stInflow,reservoir
ES,h2080,1.2428793234393796,scr2081,stInflow,reservoir
ES,h2081,1.2428793234393796,scr2081,stInflow,reservoir
ES,h2082,1.2428793234393796,scr2081,stInflow,reservoir
ES,h2083,1.2428793234393796,scr2081,stInflow,reservoir
ES,h2084,1.2428793234393796,scr2081,stInflow,reservoir
ES,h2085,1.2428793234393796,scr2081,stInflow,reservoir
ES,h2086,1.2428793234393796,scr2081,stInflow,reservoir
ES,h2087,1.2428793234393796,scr2081,stInflow,reservoir
ES,h2088,1.2428793234393796,scr2081,stInflow,reservoir
ES,h2089,1.2428793234393796,scr2081,stInflow,reservoir
ES,h2090,1.2428793234393796,scr2081,stInflow,reservoir
ES,h2091,1.2428793234393796,scr2081,stInflow,reservoir
ES,h2092,1.2428793234393796,scr2081,stInflow,reservoir
ES,h2093,1.2428793234393796,scr2081,stInflow,reservoir
ES,h2094,1.2428793234393796,scr2081,stInflow,reservoir
ES,h2095,1.2428793234393796,scr2081,stInflow,reservoir
ES,h2096,1.2428793234393796,scr2081,stInflow,reservoir
ES,h2097,1.2428793234393796,scr2081,stInflow,reservoir
ES,h2098,1.2428793234393796,scr2081,stInflow,reservoir
ES,h2099,1.2428793234393796,scr2081,stInflow,reservoir
ES,h2100,1.2428793234393796,scr2081,stInflow,reservoir
ES,h2101,1.2428793234393796,scr2081,stInflow,reservoir
ES,h2102,1.2428793234393796,scr2081,stInflow,reservoir
ES,h2103,1.2428793234393796,scr2081,stInflow,reservoir
ES,h2104,1.2428793234393796,scr2081,stInflow,reservoir
ES,h2105,1.2428793234393796,scr2081,stInflow,reservoir
ES,h2106,1.2428793234393796,scr2081,stInflow,reservoir
ES,h2107,1.2428793234393796,scr2081,stInflow,reservoir
ES,h2108,1.2428793234393796,scr2081,stInflow,reservoir
ES,h2109,1.2428793234393796,scr2081,stInflow,reservoir
ES,h2110,1.2428793234393796,scr2081,stInflow,reservoir
ES,h2111,1.2428793234393796,scr2081,stInflow,reservoir
ES,h2112,1.2428793234393796,scr2081,stInflow,reservoir
ES,h2113,1.2428793234393796,scr2081,stInflow,reservoir
ES,h2114,1.2428793234393796,scr2081,stInflow,reservoir
ES,h2115,1.2428793234393796,scr2081,stInflow,reservoir
ES,h2116,1.2428793234393796,scr2081,stInflow,reservoir
ES,h2117,1.2428793234393796,scr2081,stInflow,reservoir
ES,h2118,1.2428793234393796,scr2081,stInflow,reservoir
ES,h2119,1.2428793234393796,scr2081,stInflow,reservoir
ES,h2120,1.2428793234393796,scr2081,stInflow,reservoir
ES,h2121,1.2428793234393796,scr2081,stInflow,reservoir
ES,h2122,1.2428793234393796,scr2081,stInflow,reservoir
ES,h2123,1.2428793234393796,scr2081,stInflow,reservoir
ES,h2124,1.2428793234393796,scr2081,stInflow,reservoir
ES,h2125,1.2428793234393796,scr2081,stInflow,reservoir
ES,h2126,1.2428793234393796,scr2081,stInflow,reservoir
ES,h2127,1.2428793234393796,scr2081,stInflow,reservoir
ES,h2128,1.2428793234393796,scr2081,stInflow,reservoir
ES,h2129,1.2428793234393796,scr2081,stInflow,reservoir
ES,h2130,1.2428793234393796,scr2081,stInflow,reservoir
ES,h2131,1.2428793234393796,scr2081,stInflow,reservoir
ES,h2132,1.2428793234393796,scr2081,stInflow,reservoir
ES,h2133,1.2428793234393796,scr2081,stInflow,reservoir
ES,h2134,1.2428793234393796,scr2081,stInflow,reservoir
ES,h2135,1.2428793234393796,scr2081,stInflow,reservoir
ES,h2136,1.2428793234393796,scr2081,stInflow,reservoir
ES,h2137,1.3854032135002219,scr2081,stInflow,reservoir
ES,h2138,1.5279285723360854,scr2081,stInflow,reservoir
ES,h2139,1.670455262537762,scr2081,stInflow,reservoir
ES,h2140,1.670455262537762,scr2081,stInflow,reservoir
ES,h2141,1.670455262537762,scr2081,stInflow,reservoir
ES,h2142,1.670455262537762,scr2081,stInflow,reservoir
ES,h2143,1.670455262537762,scr2081,stInflow,reservoir
ES,h2144,1.670455262537762,scr2081,stInflow,reservoir
ES,h2145,1.670455262537762,scr2081,stInflow,reservoir
ES,h2146,1.670455262537762,scr2081,stInflow,reservoir
ES,h2147,1.670455262537762,scr2081,stInflow,reservoir
ES,h2148,1.670455262537762,scr2081,stInflow,reservoir
ES,h2149,1.670455262537762,scr2081,stInflow,reservoir
ES,h2150,1.670455262537762,scr2081,stInflow,reservoir
ES,h2151,1.670455262537762,scr2081,stInflow,reservoir
ES,h2152,1.670455262537762,scr2081,stInflow,reservoir
ES,h2153,1.670455262537762,scr2081,stInflow,reservoir
ES,h2154,1.670455262537762,scr2081,stInflow,reservoir
ES,h2155,1.670455262537762,scr2081,stInflow,reservoir
ES,h2156,1.670455262537762,scr2081,stInflow,reservoir
ES,h2157,1.670455262537762,scr2081,stInflow,reservoir
ES,h2158,1.670455262537762,scr2081,stInflow,reservoir
ES,h2159,1.670455262537762,scr2081,stInflow,reservoir
ES,h2160,1.670455262537762,scr2081,stInflow,reservoir
FR,h1441,2.16157003370493,scr2081,stInflow,reservoir
FR,h1442,2.16157003370493,scr2081,stInflow,reservoir
FR,h1443,2.16157003370493,scr2081,stInflow,reservoir
FR,h1444,2.16157003370493,scr2081,stInflow,reservoir
FR,h1445,2.16157003370493,scr2081,stInflow,reservoir
FR,h1446,2.16157003370493,scr2081,stInflow,reservoir
FR,h1447,2.16157003370493,scr2081,stInflow,reservoir
FR,h1448,2.16157003370493,scr2081,stInflow,reservoir
FR,h1449,2.16157003370493,scr2081,stInflow,reservoir
FR,h1450,2.16157003370493,scr2081,stInflow,reservoir
FR,h1451,2.16157003370493,scr2081,stInflow,reservoir
FR,h1452,2.16157003370493,scr2081,stInflow,reservoir
FR,h1453,2.16157003370493,scr2081,stInflow,reservoir
FR,h1454,2.16157003370493,scr2081,stInflow,reservoir
FR,h1455,2.16157003370493,scr2081,stInflow,reservoir
FR,h1456,2.16157003370493,scr2081,stInflow,reservoir
FR,h1457,2.16157003370493,scr2081,stInflow,reservoir
FR,h1458,2.16157003370493,scr2081,stInflow,reservoir
FR,h1459,2.16157003370493,scr2081,stInflow,reservoir
FR,h1460,2.16157003370493,scr2081,stInflow,reservoir
FR,h1461,2.16157003370493,scr2081,stInflow,reservoir
FR,h1462,2.16157003370493,scr2081,stInflow,reservoir
FR,h1463,2.16157003370493,scr2081,stInflow,reservoir
FR,h1464,2.16157003370493,scr2081,stInflow,reservoir
FR,h1465,2.1277198959343147,scr2081,stInflow,reservoir
FR,h1466,2.0938698120163286,scr2081,stInflow,reservoir
FR,h1467,2.0600197828215214,scr2081,stInflow,reservoir
FR,h1468,2.0600197828215214,scr2081,stInflow,reservoir
FR,h1469,2.0600197828215214,scr2081,stInflow,reservoir
FR,h1470,2.0600197828215214,scr2081,stInflow,reservoir
FR,h1471,2.0600197828215214,scr2081,stInflow,reservoir
FR,h1472,2.0600197828215214,scr2081,stInflow,reservoir
FR,h1473,2.0600197828215214,scr2081,stInflow,reservoir
FR,h1474,2.0600197828215214,scr2081,stInflow,reservoir
FR,h1475,2.0600197828215214,scr2081,stInflow,reservoir
FR,h1476,2.0600197828215214,scr2081,stInflow,reservoir
FR,h1477,2.0600197828215214,scr2081,stInflow,reservoir
FR,h1478,2.0600197828215214,scr2081,stInflow,reservoir
FR,h1479,2.0600197828215214,scr2081,stInflow,reservoir
FR,h1480,2.0600197828215214,scr2081,stInflow,reservoir
FR,h1481,2.0600197828215214,scr2081,stInflow,reservoir
FR,h1482,2.0600197828215214,scr2081,stInflow,reservoir
FR,h1483,2.0600197828215214,scr2081,stInflow,reservoir
FR,h1484,2.0600197828215214,scr2081,stInflow,reservoir
FR,h1485,2.0600197828215214,scr2081,stInflow,reservoir
FR,h1486,2.0600197828215214,scr2081,stInflow,reservoir
FR,h1487,2.0600197828215214,scr2081,stInflow,reservoir
FR,h1488,2.0600197828215214,scr2081,stInflow,reservoir
FR,h1489,2.0600197828215214,scr2081,stInflow,reservoir
FR,h1490,2.0600197828215214,scr2081,stInflow,reservoir
FR,h1491,2.0600197828215214,scr2081,stInflow,reservoir
FR,h1492,2.0600197828215214,scr2081,stInflow,reservoir
FR,h1493,2.0600197828215214,scr2081,stInflow,reservoir
FR,h1494,2.0600197828215214,scr2081,stInflow,reservoir
FR,h1495,2.0600197828215214,scr2081,stInflow,reservoir
FR,h1496,2.0600197828215214,scr2081,stInflow,reservoir
FR,h1497,2.0600197828215214,scr2081,stInflow,reservoir
FR,h1498,2.0600197828215214,scr2081,stInflow,reservoir
FR,h1499,2.0600197828215214,scr2081,stInflow,reservoir
FR,h1500,2.0600197828215214,scr2081,stInflow,reservoir
FR,h1501,2.0600197828215214,scr2081,stInflow,reservoir
FR,h1502,2.0600197828215214,scr2081,stInflow,reservoir
FR,h1503,2.0600197828215214,scr2081,stInflow,reservoir
FR,h1504,2.0600197828215214,scr2081,stInflow,reservoir
FR,h1505,2.0600197828215214,scr2081,stInflow,reservoir
FR,h1506,2.0600197828215214,scr2081,stInflow,reservoir
FR,h1507,2.0600197828215214,scr2081,stInflow,reservoir
FR,h1508,2.0600197828215214,scr2081,stInflow,reservoir
FR,h1509,2.0600197828215214,scr2081,stInflow,reservoir
FR,h1510,2.0600197828215214,scr2081,stInflow,reservoir
FR,h1511,2.0600197828215214,scr2081,stInflow,reservoir
FR,h1512,2.0600197828215214,scr2081,stInflow,reservoir
FR,h1513,2.0600197828215214,scr2081,stInflow,reservoir
FR,h1514,2.0600197828215214,scr2081,stInflow,reservoir
FR,h1515,2.0600197828215214,scr2081,stInflow,reservoir
FR,h1516,2.0600197828215214,scr2081,stInflow,reservoir
FR,h1517,2.0600197828215214,scr2081,stInflow,reservoir
FR,h1518,2.0600197828215214,scr2081,stInflow,reservoir
FR,h1519,2.0600197828215214,scr2081,stInflow,reservoir
FR,h1520,2.0600197828215214,scr2081,stInflow,reservoir
FR,h1521,2.0600197828215214,scr2081,stInflow,reservoir
FR,h1522,2.0600197828215214,scr2081,stInflow,reservoir
FR,h1523,2.0600197828215214,scr2081,stInflow,reservoir
FR,h1524,2.0600197828215214,scr2081,stInflow,reservoir
FR,h1525,2.0600197828215214,scr2081,stInflow,reservoir
FR,h1526,2.0600197828215214,scr2081,stInflow,reservoir
FR,h1527,2.0600197828215214,scr2081,stInflow,reservoir
FR,h1528,2.0600197828215214,scr2081,stInflow,reservoir
FR,h1529,2.0600197828215214,scr2081,stInflow,reservoir
FR,h1530,2.0600197828215214,scr2081,stInflow,reservoir
FR,h1531,2.0600197828215214,scr2081,stInflow,reservoir
FR,h1532,2.0600197828215214,scr2081,stInflow,reservoir
FR,h1533,2.0600197828215214,scr2081,stInflow,reservoir
FR,h1534,2.0600197828215214,scr2081,stInflow,reservoir
FR,h1535,2.0600197828215214,scr2081,stInflow,reservoir
FR,h1536,2.0600197828215214,scr2081,stInflow,reservoir
FR,h1537,2.0600197828215214,scr2081,stInflow,reservoir
FR,h1538,2.0600197828215214,scr2081,stInflow,reservoir
FR,h1539,2.0600197828215214,scr2081,stInflow,reservoir
FR,h1540,2.0600197828215214,scr2081,stInflow,reservoir
FR,h1541,2.0600197828215214,scr2081,stInflow,reservoir
FR,h1542,2.0600197828215214,scr2081,stInflow,reservoir
FR,h1543,2.0600197828215214,scr2081,stInflow,reservoir
FR,h1544,2.0600197828215214,scr2081,stInflow,reservoir
FR,h1545,2.0600197828215214,scr2081,stInflow,reservoir
FR,h1546,2.0600197828215214,scr2081,stInflow,reservoir
FR,h1547,2.0600197828215214,scr2081,stInflow,reservoir
FR,h1548,2.0600197828215214,scr2081,stInflow,reservoir
FR,h1549,2.0600197828215214,scr2081,stInflow,reservoir
FR,h1550,2.0600197828215214,scr2081,stInflow,reservoir
FR,h1551,2.0600197828215214,scr2081,stInflow,reservoir
FR,h1552,2.0600197828215214,scr2081,stInflow,reservoir
FR,h1553,2.0600197828215214,scr2081,stInflow,reservoir
FR,h1554,2.0600197828215214,scr2081,stInflow,reservoir
FR,h1555,2.0600197828215214,scr2081,stInflow,reservoir
FR,h1556,2.0600197828215214,scr2081,stInflow,reservoir
FR,h1557,2.0600197828215214,scr2081,stInflow,reservoir
FR,h1558,2.0600197828215214,scr2081,stInflow,reservoir
FR,h1559,2.0600197828215214,scr2081,stInflow,reservoir
FR,h1560,2.0600197828215214,scr2081,stInflow,reservoir
FR,h1561,2.0600197828215214,scr2081,stInflow,reservoir
FR,h1562,2.0600197828215214,scr2081,stInflow,reservoir
FR,h1563,2.0600197828215214,scr2081,stInflow,reservoir
FR,h1564,2.0600197828215214,scr2081,stInflow,reservoir
FR,h1565,2.0600197828215214,scr2081,stInflow,reservoir
FR,h1566,2.0600197828215214,scr2081,stInflow,reservoir
FR,h1567,2.0600197828215214,scr2081,stInflow,reservoir
FR,h1568,2.0600197828215214,scr2081,stInflow,reservoir
FR,h1569,2.0600197828215214,scr2081,stInflow,reservoir
FR,h1570,2.0600197828215214,scr2081,stInflow,reservoir
FR,h1571,2.0600197828215214,scr2081,stInflow,reservoir
FR,h1572,2.0600197828215214,scr2081,stInflow,reservoir
FR,h1573,2.0600197828215214,scr2081,stInflow,reservoir
FR,h1574,2.0600197828215214,scr2081,stInflow,reservoir
FR,h1575,2.0600197828215214,scr2081,stInflow,reservoir
FR,h1576,2.0600197828215214,scr2081,stInflow,reservoir
FR,h1577,2.0600197828215214,scr2081,stInflow,reservoir
FR,h1578,2.0600197828215214,scr2081,stInflow,reservoir
FR,h1579,2.0600197828215214,scr2081,stInflow,reservoir
FR,h1580,2.0600197828215214,scr2081,stInflow,reservoir
FR,h1581,2.0600197828215214,scr2081,stInflow,reservoir
FR,h1582,2.0600197828215214,scr2081,stInflow,reservoir
FR,h1583,2.0600197828215214,scr2081,stInflow,reservoir
FR,h1584,2.0600197828215214,scr2081,stInflow,reservoir
FR,h1585,2.0600197828215214,scr2081,stInflow,reservoir
FR,h1586,2.0600197828215214,scr2081,stInflow,reservoir
FR,h1587,2.0600197828215214,scr2081,stInflow,reservoir
FR,h1588,2.0600197828215214,scr2081,stInflow,reservoir
FR,h1589,2.0600197828215214,scr2081,stInflow,reservoir
FR,h1590,2.0600197828215214,scr2081,stInflow,reservoir
FR,h1591,2.0600197828215214,scr2081,stInflow,reservoir
FR,h1592,2.0600197828215214,scr2081,stInflow,reservoir
FR,h1593,2.0600197828215214,scr2081,stInflow,reservoir
FR,h1594,2.0600197828215214,scr2081,stInflow,reservoir
FR,h1595,2.0600197828215214,scr2081,stInflow,reservoir
FR,h1596,2.0600197828215214,scr2081,stInflow,reservoir
FR,h1597,2.0600197828215214,scr2081,stInflow,reservoir
FR,h1598,2.0600197828215214,scr2081,stInflow,reservoir
FR,h1599,2.0600197828215214,scr2081,stInflow,reservoir
FR,h1600,2.0600197828215214,scr2081,stInflow,reservoir
FR,h1601,2.0600197828215214,scr2081,stInflow,reservoir
FR,h1602,2.0600197828215214,scr2081,stInflow,reservoir
FR,h1603,2.0600197828215214,scr2081,stInflow,reservoir
FR,h1604,2.0600197828215214,scr2081,stInflow,reservoir
FR,h1605,2.0600197828215214,scr2081,stInflow,reservoir
FR,h1606,2.0600197828215214,scr2081,stInflow,reservoir
FR,h1607,2.0600197828215214,scr2081,stInflow,reservoir
FR,h1608,2.0600197828215214,scr2081,stInflow,reservoir
FR,h1609,2.0600197828215214,scr2081,stInflow,reservoir
FR,h1610,2.0600197828215214,scr2081,stInflow,reservoir
FR,h1611,2.0600197828215214,scr2081,stInflow,reservoir
FR,h1612,2.0600197828215214,scr2081,stInflow,reservoir
FR,h1613,2.0600197828215214,scr2081,stInflow,reservoir
FR,h1614,2.0600197828215214,scr2081,stInflow,reservoir
FR,h1615,2.0600197828215214,scr2081,stInflow,reservoir
FR,h1616,2.0600197828215214,scr2081,stInflow,reservoir
FR,h1617,2.0600197828215214,scr2081,stInflow,reservoir
FR,h1618,2.0600197828215214,scr2081,stInflow,reservoir
FR,h1619,2.0600197828215214,scr2081,stInflow,reservoir
FR,h1620,2.0600197828215214,scr2081,stInflow,reservoir
FR,h1621,2.0600197828215214,scr2081,stInflow,reservoir
FR,h1622,2.0600197828215214,scr2081,stInflow,reservoir
FR,h1623,2.0600197828215214,scr2081,stInflow,reservoir
FR,h1624,2.0600197828215214,scr2081,stInflow,reservoir
FR,h1625,2.0600197828215214,scr2081,stInflow,reservoir
FR,h1626,2.0600197828215214,scr2081,stInflow,reservoir
FR,h1627,2.0600197828215214,scr2081,stInflow,reservoir
FR,h1628,2.0600197828215214,scr2081,stInflow,reservoir
FR,h1629,2.0600197828215214,scr2081,stInflow,reservoir
FR,h1630,2.0600197828215214,scr2081,stInflow,reservoir
FR,h1631,2.0600197828215214,scr2081,stInflow,reservoir
FR,h1632,2.0600197828215214,scr2081,stInflow,reservoir
FR,h1633,1.9623566388284222,scr2081,stInflow,reservoir
FR,h1634,1.8646939810698437,scr2081,stInflow,reservoir
FR,h1635,1.767031835031412,scr2081,stInflow,reservoir
FR,h1636,1.767031835031412,scr2081,stInflow,reservoir
FR,h1637,1.767031835031412,scr2081,stInflow,reservoir
FR,h1638,1.767031835031412,scr2081,stInflow,reservoir
FR,h1639,1.767031835031412,scr2081,stInflow,reservoir
FR,h1640,1.767031835031412,scr2081,stInflow,reservoir
FR,h1641,1.767031835031412,scr2081,stInflow,reservoir
FR,h1642,1.767031835031412,scr2081,stInflow,reservoir
FR,h1643,1.767031835031412,scr2081,stInflow,reservoir
FR,h1644,1.767031835031412,scr2081,stInflow,reservoir
FR,h1645,1.767031835031412,scr2081,stInflow,reservoir
FR,h1646,1.767031835031412,scr2081,stInflow,reservoir
FR,h1647,1.767031835031412,scr2081,stInflow,reservoir
FR,h1648,1.767031835031412,scr2081,stInflow,reservoir
FR,h1649,1.767031835031412,scr2081,stInflow,reservoir
FR,h1650,1.767031835031412,scr2081,stInflow,reservoir
FR,h1651,1.767031835031412,scr2081,stInflow,reservoir
FR,h1652,1.767031835031412,scr2081,stInflow,reservoir
FR,h1653,1.767031835031412,scr2081,stInflow,reservoir
FR,h1654,1.767031835031412,scr2081,stInflow,reservoir
FR,h1655,1.767031835031412,scr2081,stInflow,reservoir
FR,h1656,1.767031835031412,scr2081,stInflow,reservoir
FR,h1657,1.767031835031412,scr2081,stInflow,reservoir
FR,h1658,1.767031835031412,scr2081,stInflow,reservoir
FR,h1659,1.767031835031412,scr2081,stInflow,reservoir
FR,h1660,1.767031835031412,scr2081,stInflow,reservoir
FR,h1661,1.767031835031412,scr2081,stInflow,reservoir
FR,h1662,1.767031835031412,scr2081,stInflow,reservoir
FR,h1663,1.767031835031412,scr2081,stInflow,reservoir
FR,h1664,1.767031835031412,scr2081,stInflow,reservoir
FR,h1665,1.767031835031412,scr2081,stInflow,reservoir
FR,h1666,1.767031835031412,scr2081,stInflow,reservoir
FR,h1667,1.767031835031412,scr2081,stInflow,reservoir
FR,h1668,1.767031835031412,scr2081,stInflow,reservoir
FR,h1669,1.767031835031412,scr2081,stInflow,reservoir
FR,h1670,1.767031835031412,scr2081,stInflow,reservoir
FR,h1671,1.767031835031412,scr2081,stInflow,reservoir
FR,h1672,1.767031835031412,scr2081,stInflow,reservoir
FR,h1673,1.767031835031412,scr2081,stInflow,reservoir
FR,h1674,1.767031835031412,scr2081,stInflow,reservoir
FR,h1675,1.767031835031412,scr2081,stInflow,reservoir
FR,h1676,1.767031835031412,scr2081,stInflow,reservoir
FR,h1677,1.767031835031412,scr2081,stInflow,reservoir
FR,h1678,1.767031835031412,scr2081,stInflow,reservoir
FR,h1679,1.767031835031412,scr2081,stInflow,reservoir
FR,h1680,1.767031835031412,scr2081,stInflow,reservoir
FR,h1681,1.767031835031412,scr2081,stInflow,reservoir
FR,h1682,1.767031835031412,scr2081,stInflow,reservoir
FR,h1683,1.767031835031412,scr2081,stInflow,reservoir
FR,h1684,1.767031835031412,scr2081,stInflow,reservoir
FR,h1685,1.767031835031412,scr2081,stInflow,reservoir
FR,h1686,1.767031835031412,scr2081,stInflow,reservoir
FR,h1687,1.767031835031412,scr2081,stInflow,reservoir
FR,h1688,1.767031835031412,scr2081,stInflow,reservoir
FR,h1689,1.767031835031412,scr2081,stInflow,reservoir
FR,h1690,1.767031835031412,scr2081,stInflow,reservoir
FR,h1691,1.767031835031412,scr2081,stInflow,reservoir
FR,h1692,1.767031835031412,scr2081,stInflow,reservoir
FR,h1693,1.767031835031412,scr2081,stInflow,reservoir
FR,h1694,1.767031835031412,scr2081,stInflow,reservoir
FR,h1695,1.767031835031412,scr2081,stInflow,reservoir
FR,h1696,1.767031835031412,scr2081,stInflow,reservoir
FR,h1697,1.767031835031412,scr2081,stInflow,reservoir
FR,h1698,1.767031835031412,scr2081,stInflow,reservoir
FR,h1699,1.767031835031412,scr2081,stInflow,reservoir
FR,h1700,1.767031835031412,scr2081,stInflow,reservoir
FR,h1701,1.767031835031412,scr2081,stInflow,reservoir
FR,h1702,1.767031835031412,scr2081,stInflow,reservoir
FR,h1703,1.767031835031412,scr2081,stInflow,reservoir
FR,h1704,1.767031835031412,scr2081,stInflow,reservoir
FR,h1705,1.767031835031412,scr2081,stInflow,reservoir
FR,h1706,1.767031835031412,scr2081,stInflow,reservoir
FR,h1707,1.767031835031412,scr2081,stInflow,reservoir
FR,h1708,1.767031835031412,scr2081,stInflow,reservoir
FR,h1709,1.767031835031412,scr2081,stInflow,reservoir
FR,h1710,1.767031835031412,scr2081,stInflow,reservoir
FR,h1711,1.767031835031412,scr2081,stInflow,reservoir
FR,h1712,1.767031835031412,scr2081,stInflow,reservoir
FR,h1713,1.767031835031412,scr2081,stInflow,reservoir
FR,h1714,1.767031835031412,scr2081,stInflow,reservoir
FR,h1715,1.767031835031412,scr2081,stInflow,reservoir
FR,h1716,1.767031835031412,scr2081,stInflow,reservoir
FR,h1717,1.767031835031412,scr2081,stInflow,reservoir
FR,h1718,1.767031835031412,scr2081,stInflow,reservoir
FR,h1719,1.767031835031412,scr2081,stInflow,reservoir
FR,h1720,1.767031835031412,scr2081,stInflow,reservoir
FR,h1721,1.767031835031412,scr2081,stInflow,reservoir
FR,h1722,1.767031835031412,scr2081,stInflow,reservoir
FR,h1723,1.767031835031412,scr2081,stInflow,reservoir
FR,h1724,1.767031835031412,scr2081,stInflow,reservoir
FR,h1725,1.767031835031412,scr2081,stInflow,reservoir
FR,h1726,1.767031835031412,scr2081,stInflow,reservoir
FR,h1727,1.767031835031412,scr2081,stInflow,reservoir
FR,h1728,1.767031835031412,scr2081,stInflow,reservoir
FR,h1729,1.767031835031412,scr2081,stInflow,reservoir
FR,h1730,1.767031835031412,scr2081,stInflow,reservoir
FR,h1731,1.767031835031412,scr2081,stInflow,reservoir
FR,h1732,1.767031835031412,scr2081,stInflow,reservoir
FR,h1733,1.767031835031412,scr2081,stInflow,reservoir
FR,h1734,1.767031835031412,scr2081,stInflow,reservoir
FR,h1735,1.767031835031412,scr2081,stInflow,reservoir
FR,h1736,1.767031835031412,scr2081,stInflow,reservoir
FR,h1737,1.767031835031412,scr2081,stInflow,reservoir
FR,h1738,1.767031835031412,scr2081,stInflow,reservoir
FR,h1739,1.767031835031412,scr2081,stInflow,reservoir
FR,h1740,1.767031835031412,scr2081,stInflow,reservoir
FR,h1741,1.767031835031412,scr2081,stInflow,reservoir
FR,h1742,1.767031835031412,scr2081,stInflow,reservoir
FR,h1743,1.767031835031412,scr2081,stInflow,reservoir
FR,h1744,1.767031835031412,scr2081,stInflow,reservoir
FR,h1745,1.767031835031412,scr2081,stInflow,reservoir
FR,h1746,1.767031835031412,scr2081,stInflow,reservoir
FR,h1747,1.767031835031412,scr2081,stInflow,reservoir
FR,h1748,1.767031835031412,scr2081,stInflow,reservoir
FR,h1749,1.767031835031412,scr2081,stInflow,reservoir
FR,h1750,1.767031835031412,scr2081,stInflow,reservoir
FR,h1751,1.767031835031412,scr2081,stInflow,reservoir
FR,h1752,1.767031835031412,scr2081,stInflow,reservoir
FR,h1753,1.767031835031412,scr2081,stInflow,reservoir
FR,h1754,1.767031835031412,scr2081,stInflow,reservoir
FR,h1755,1.767031835031412,scr2081,stInflow,reservoir
FR,h1756,1.767031835031412,scr2081,stInflow,reservoir
FR,h1757,1.767031835031412,scr2081,stInflow,reservoir
FR,h1758,1.767031835031412,scr2081,stInflow,reservoir
FR,h1759,1.767031835031412,scr2081,stInflow,reservoir
FR,h1760,1.767031835031412,scr2081,stInflow,reservoir
FR,h1761,1.767031835031412,scr2081,stInflow,reservoir
FR,h1762,1.767031835031412,scr2081,stInflow,reservoir
FR,h1763,1.767031835031412,scr2081,stInflow,reservoir
FR,h1764,1.767031835031412,scr2081,stInflow,reservoir
FR,h1765,1.767031835031412,scr2081,stInflow,reservoir
FR,h1766,1.767031835031412,scr2081,stInflow,reservoir
FR,h1767,1.767031835031412,scr2081,stInflow,reservoir
FR,h1768,1.767031835031412,scr2081,stInflow,reservoir
FR,h1769,1.767031835031412,scr2081,stInflow,reservoir
FR,h1770,1.767031835031412,scr2081,stInflow,reservoir
FR,h1771,1.767031835031412,scr2081,stInflow,reservoir
FR,h1772,1.767031835031412,scr2081,stInflow,reservoir
FR,h1773,1.767031835031412,scr2081,stInflow,reservoir
FR,h1774,1.767031835031412,scr2081,stInflow,reservoir
FR,h1775,1.767031835031412,scr2081,stInflow,reservoir
FR,h1776,1.767031835031412,scr2081,stInflow,reservoir
FR,h1777,1.767031835031412,scr2081,stInflow,reservoir
FR,h1778,1.767031835031412,scr2081,stInflow,reservoir
FR,h1779,1.767031835031412,scr2081,stInflow,reservoir
FR,h1780,1.767031835031412,scr2081,stInflow,reservoir
FR,h1781,1.767031835031412,scr2081,stInflow,reservoir
FR,h1782,1.767031835031412,scr2081,stInflow,reservoir
FR,h1783,1.767031835031412,scr2081,stInflow,reservoir
FR,h1784,1.767031835031412,scr2081,stInflow,reservoir
FR,h1785,1.767031835031412,scr2081,stInflow,reservoir
FR,h1786,1.767031835031412,scr2081,stInflow,reservoir
FR,h1787,1.767031835031412,scr2081,stInflow,reservoir
FR,h1788,1.767031835031412,scr2081,stInflow,reservoir
FR,h1789,1.767031835031412,scr2081,stInflow,reservoir
FR,h1790,1.767031835031412,scr2081,stInflow,reservoir
FR,h1791,1.767031835031412,scr2081,stInflow,reservoir
FR,h1792,1.767031835031412,scr2081,stInflow,reservoir
FR,h1793,1.767031835031412,scr2081,stInflow,reservoir
FR,h1794,1.767031835031412,scr2081,stInflow,reservoir
FR,h1795,1.767031835031412,scr2081,stInflow,reservoir
FR,h1796,1.767031835031412,scr2081,stInflow,reservoir
FR,h1797,1.767031835031412,scr2081,stInflow,reservoir
FR,h1798,1.767031835031412,scr2081,stInflow,reservoir
FR,h1799,1.767031835031412,scr2081,stInflow,reservoir
FR,h1800,1.767031835031412,scr2081,stInflow,reservoir
FR,h1801,1.7740173687232093,scr2081,stInflow,reservoir
FR,h1802,1.7810029051656278,scr2081,stInflow,reservoir
FR,h1803,1.7879884443478793,scr2081,stInflow,reservoir
FR,h1804,1.7879884443478793,scr2081,stInflow,reservoir
FR,h1805,1.7879884443478793,scr2081,stInflow,reservoir
FR,h1806,1.7879884443478793,scr2081,stInflow,reservoir
FR,h1807,1.7879884443478793,scr2081,stInflow,reservoir
FR,h1808,1.7879884443478793,scr2081,stInflow,reservoir
FR,h1809,1.7879884443478793,scr2081,stInflow,reservoir
FR,h1810,1.7879884443478793,scr2081,stInflow,reservoir
FR,h1811,1.7879884443478793,scr2081,stInflow,reservoir
FR,h1812,1.7879884443478793,scr2081,stInflow,reservoir
FR,h1813,1.7879884443478793,scr2081,stInflow,reservoir
FR,h1814,1.7879884443478793,scr2081,stInflow,reservoir
FR,h1815,1.7879884443478793,scr2081,stInflow,reservoir
FR,h1816,1.7879884443478793,scr2081,stInflow,reservoir
FR,h1817,1.7879884443478793,scr2081,stInflow,reservoir
FR,h1818,1.7879884443478793,scr2081,stInflow,reservoir
FR,h1819,1.7879884443478793,scr2081,stInflow,reservoir
FR,h1820,1.7879884443478793,scr2081,stInflow,reservoir
FR,h1821,1.7879884443478793,scr2081,stInflow,reservoir
FR,h1822,1.7879884443478793,scr2081,stInflow,reservoir
FR,h1823,1.7879884443478793,scr2081,stInflow,reservoir
FR,h1824,1.7879884443478793,scr2081,stInflow,reservoir
FR,h1825,1.7879884443478793,scr2081,stInflow,reservoir
FR,h1826,1.7879884443478793,scr2081,stInflow,reservoir
FR,h1827,1.7879884443478793,scr2081,stInflow,reservoir
FR,h1828,1.7879884443478793,scr2081,stInflow,reservoir
FR,h1829,1.7879884443478793,scr2081,stInflow,reservoir
FR,h1830,1.7879884443478793,scr2081,stInflow,reservoir
FR,h1831,1.7879884443478793,scr2081,stInflow,reservoir
FR,h1832,1.7879884443478793,scr2081,stInflow,reservoir
FR,h1833,1.7879884443478793,scr2081,stInflow,reservoir
FR,h1834,1.7879884443478793,scr2081,stInflow,reservoir
FR,h1835,1.7879884443478793,scr2081,stInflow,reservoir
FR,h1836,1.7879884443478793,scr2081,stInflow,reservoir
FR,h1837,1.7879884443478793,scr2081,stInflow,reservoir
FR,h1838,1.7879884443478793,scr2081,stInflow,reservoir
FR,h1839,1.7879884443478793,scr2081,stInflow,reservoir
FR,h1840,1.7879884443478793,scr2081,stInflow,reservoir
FR,h1841,1.7879884443478793,scr2081,stInflow,reservoir
FR,h1842,1.7879884443478793,scr2081,stInflow,reservoir
FR,h1843,1.7879884443478793,scr2081,stInflow,reservoir
FR,h1844,1.7879884443478793,scr2081,stInflow,reservoir
FR,h1845,1.7879884443478793,scr2081,stInflow,reservoir
FR,h1846,1.7879884443478793,scr2081,stInflow,reservoir
FR,h1847,1.7879884443478793,scr2081,stInflow,reservoir
FR,h1848,1.7879884443478793,scr2081,stInflow,reservoir
FR,h1849,1.7879884443478793,scr2081,stInflow,reservoir
FR,h1850,1.7879884443478793,scr2081,stInflow,reservoir
FR,h1851,1.7879884443478793,scr2081,stInflow,reservoir
FR,h1852,1.7879884443478793,scr2081,stInflow,reservoir
FR,h1853,1.7879884443478793,scr2081,stInflow,reservoir
FR,h1854,1.7879884443478793,scr2081,stInflow,reservoir
FR,h1855,1.7879884443478793,scr2081,stInflow,reservoir
FR,h1856,1.7879884443478793,scr2081,stInflow,reservoir
FR,h1857,1.7879884443478793,scr2081,stInflow,reservoir
FR,h1858,1.7879884443478793,scr2081,stInflow,reservoir
FR,h1859,1.7879884443478793,scr2081,stInflow,reservoir
FR,h1860,1.7879884443478793,scr2081,stInflow,reservoir
FR,h1861,1.7879884443478793,scr2081,stInflow,reservoir
FR,h1862,1.7879884443478793,scr2081,stInflow,reservoir
FR,h1863,1.7879884443478793,scr2081,stInflow,reservoir
FR,h1864,1.7879884443478793,scr2081,stInflow,reservoir
FR,h1865,1.7879884443478793,scr2081,stInflow,reservoir
FR,h1866,1.7879884443478793,scr2081,stInflow,reservoir
FR,h1867,1.7879884443478793,scr2081,stInflow,reservoir
FR,h1868,1.7879884443478793,scr2081,stInflow,reservoir
FR,h1869,1.7879884443478793,scr2081,stInflow,reservoir
FR,h1870,1.7879884443478793,scr2081,stInflow,reservoir
FR,h1871,1.7879884443478793,scr2081,stInflow,reservoir
FR,h1872,1.7879884443478793,scr2081,stInflow,reservoir
FR,h1873,1.7879884443478793,scr2081,stInflow,reservoir
FR,h1874,1.7879884443478793,scr2081,stInflow,reservoir
FR,h1875,1.7879884443478793,scr2081,stInflow,reservoir
FR,h1876,1.7879884443478793,scr2081,stInflow,reservoir
FR,h1877,1.7879884443478793,scr2081,stInflow,reservoir
FR,h1878,1.7879884443478793,scr2081,stInflow,reservoir
FR,h1879,1.7879884443478793,scr2081,stInflow,reservoir
FR,h1880,1.7879884443478793,scr2081,stInflow,reservoir
FR,h1881,1.7879884443478793,scr2081,stInflow,reservoir
FR,h1882,1.7879884443478793,scr2081,stInflow,reservoir
FR,h1883,1.7879884443478793,scr2081,stInflow,reservoir
FR,h1884,1.7879884443478793,scr2081,stInflow,reservoir
FR,h1885,1.7879884443478793,scr2081,stInflow,reservoir
FR,h1886,1.7879884443478793,scr2081,stInflow,reservoir
FR,h1887,1.7879884443478793,scr2081,stInflow,reservoir
FR,h1888,1.7879884443478793,scr2081,stInflow,reservoir
FR,h1889,1.7879884443478793,scr2081,stInflow,reservoir
FR,h1890,1.7879884443478793,scr2081,stInflow,reservoir
FR,h1891,1.7879884443478793,scr2081,stInflow,reservoir
FR,h1892,1.7879884443478793,scr2081,stInflow,reservoir
FR,h1893,1.7879884443478793,scr2081,stInflow,reservoir
FR,h1894,1.7879884443478793,scr2081,stInflow,reservoir
FR,h1895,1.7879884443478793,scr2081,stInflow,reservoir
FR,h1896,1.7879884443478793,scr2081,stInflow,reservoir
FR,h1897,1.7879884443478793,scr2081,stInflow,reservoir
FR,h1898,1.7879884443478793,scr2081,stInflow,reservoir
FR,h1899,1.7879884443478793,scr2081,stInflow,reservoir
FR,h1900,1.7879884443478793,scr2081,stInflow,reservoir
FR,h1901,1.7879884443478793,scr2081,stInflow,reservoir
FR,h1902,1.7879884443478793,scr2081,stInflow,reservoir
FR,h1903,1.7879884443478793,scr2081,stInflow,reservoir
FR,h1904,1.7879884443478793,scr2081,stInflow,reservoir
FR,h1905,1.7879884443478793,scr2081,stInflow,reservoir
FR,h1906,1.7879884443478793,scr2081,stInflow,reservoir
FR,h1907,1.7879884443478793,scr2081,stInflow,reservoir
FR,h1908,1.7879884443478793,scr2081,stInflow,reservoir
FR,h1909,1.7879884443478793,scr2081,stInflow,reservoir
FR,h1910,1.7879884443478793,scr2081,stInflow,reservoir
FR,h1911,1.7879884443478793,scr2081,stInflow,reservoir
FR,h1912,1.7879884443478793,scr2081,stInflow,reservoir
FR,h1913,1.7879884443478793,scr2081,stInflow,reservoir
FR,h1914,1.7879884443478793,scr2081,stInflow,reservoir
FR,h1915,1.7879884443478793,scr2081,stInflow,reservoir
FR,h1916,1.7879884443478793,scr2081,stInflow,reservoir
FR,h1917,1.7879884443478793,scr2081,stInflow,reservoir
FR,h1918,1.7879884443478793,scr2081,stInflow,reservoir
FR,h1919,1.7879884443478793,scr2081,stInflow,reservoir
FR,h1920,1.7879884443478793,scr2081,stInflow,reservoir
FR,h1921,1.7879884443478793,scr2081,stInflow,reservoir
FR,h1922,1.7879884443478793,scr2081,stInflow,reservoir
FR,h1923,1.7879884443478793,scr2081,stInflow,reservoir
FR,h1924,1.7879884443478793,scr2081,stInflow,reservoir
FR,h1925,1.7879884443478793,scr2081,stInflow,reservoir
FR,h1926,1.7879884443478793,scr2081,stInflow,reservoir
FR,h1927,1.7879884443478793,scr2081,stInflow,reservoir
FR,h1928,1.7879884443478793,scr2081,stInflow,reservoir
FR,h1929,1.7879884443478793,scr2081,stInflow,reservoir
FR,h1930,1.7879884443478793,scr2081,stInflow,reservoir
FR,h1931,1.7879884443478793,scr2081,stInflow,reservoir
FR,h1932,1.7879884443478793,scr2081,stInflow,reservoir
FR,h1933,1.7879884443478793,scr2081,stInflow,reservoir
FR,h1934,1.7879884443478793,scr2081,stInflow,reservoir
FR,h1935,1.7879884443478793,scr2081,stInflow,reservoir
FR,h1936,1.7879884443478793,scr2081,stInflow,reservoir
FR,h1937,1.7879884443478793,scr2081,stInflow,reservoir
FR,h1938,1.7879884443478793,scr2081,stInflow,reservoir
FR,h1939,1.7879884443478793,scr2081,stInflow,reservoir
FR,h1940,1.7879884443478793,scr2081,stInflow,reservoir
FR,h1941,1.7879884443478793,scr2081,stInflow,reservoir
FR,h1942,1.7879884443478793,scr2081,stInflow,reservoir
FR,h1943,1.7879884443478793,scr2081,stInflow,reservoir
FR,h1944,1.7879884443478793,scr2081,stInflow,reservoir
FR,h1945,1.7879884443478793,scr2081,stInflow,reservoir
FR,h1946,1.7879884443478793,scr2081,stInflow,reservoir
FR,h1947,1.7879884443478793,scr2081,stInflow,reservoir
FR,h1948,1.7879884443478793,scr2081,stInflow,reservoir
FR,h1949,1.7879884443478793,scr2081,stInflow,reservoir
FR,h1950,1.7879884443478793,scr2081,stInflow,reservoir
FR,h1951,1.7879884443478793,scr2081,stInflow,reservoir
FR,h1952,1.7879884443478793,scr2081,stInflow,reservoir
FR,h1953,1.7879884443478793,scr2081,stInflow,reservoir
FR,h1954,1.7879884443478793,scr2081,stInflow,reservoir
FR,h1955,1.7879884443478793,scr2081,stInflow,reservoir
FR,h1956,1.7879884443478793,scr2081,stInflow,reservoir
FR,h1957,1.7879884443478793,scr2081,stInflow,reservoir
FR,h1958,1.7879884443478793,scr2081,stInflow,reservoir
FR,h1959,1.7879884443478793,scr2081,stInflow,reservoir
FR,h1960,1.7879884443478793,scr2081,stInflow,reservoir
FR,h1961,1.7879884443478793,scr2081,stInflow,reservoir
FR,h1962,1.7879884443478793,scr2081,stInflow,reservoir
FR,h1963,1.7879884443478793,scr2081,stInflow,reservoir
FR,h1964,1.7879884443478793,scr2081,stInflow,reservoir
FR,h1965,1.7879884443478793,scr2081,stInflow,reservoir
FR,h1966,1.7879884443478793,scr2081,stInflow,reservoir
FR,h1967,1.7879884443478793,scr2081,stInflow,reservoir
FR,h1968,1.7879884443478793,scr2081,stInflow,reservoir
FR,h1969,1.8980847929472922,scr2081,stInflow,reservoir
FR,h1970,2.008181780490358,scr2081,stInflow,reservoir
FR,h1971,2.1182793719158806,scr2081,stInflow,reservoir
FR,h1972,2.1182793719158806,scr2081,stInflow,reservoir
FR,h1973,2.1182793719158806,scr2081,stInflow,reservoir
FR,h1974,2.1182793719158806,scr2081,stInflow,reservoir
FR,h1975,2.1182793719158806,scr2081,stInflow,reservoir
FR,h1976,2.1182793719158806,scr2081,stInflow,reservoir
FR,h1977,2.1182793719158806,scr2081,stInflow,reservoir
FR,h1978,2.1182793719158806,scr2081,stInflow,reservoir
FR,h1979,2.1182793719158806,scr2081,stInflow,reservoir
FR,h1980,2.1182793719158806,scr2081,stInflow,reservoir
FR,h1981,2.1182793719158806,scr2081,stInflow,reservoir
FR,h1982,2.1182793719158806,scr2081,stInflow,reservoir
FR,h1983,2.1182793719158806,scr2081,stInflow,reservoir
FR,h1984,2.1182793719158806,scr2081,stInflow,reservoir
FR,h1985,2.1182793719158806,scr2081,stInflow,reservoir
FR,h1986,2.1182793719158806,scr2081,stInflow,reservoir
FR,h1987,2.1182793719158806,scr2081,stInflow,reservoir
FR,h1988,2.1182793719158806,scr2081,stInflow,reservoir
FR,h1989,2.1182793719158806,scr2081,stInflow,reservoir
FR,h1990,2.1182793719158806,scr2081,stInflow,reservoir
FR,h1991,2.1182793719158806,scr2081,stInflow,reservoir
FR,h1992,2.1182793719158806,scr2081,stInflow,reservoir
FR,h1993,2.1182793719158806,scr2081,stInflow,reservoir
FR,h1994,2.1182793719158806,scr2081,stInflow,reservoir
FR,h1995,2.1182793719158806,scr2081,stInflow,reservoir
FR,h1996,2.1182793719158806,scr2081,stInflow,reservoir
FR,h1997,2.1182793719158806,scr2081,stInflow,reservoir
FR,h1998,2.1182793719158806,scr2081,stInflow,reservoir
FR,h1999,2.1182793719158806,scr2081,stInflow,reservoir
FR,h2000,2.1182793719158806,scr2081,stInflow,reservoir
FR,h2001,2.1182793719158806,scr2081,stInflow,reservoir
FR,h2002,2.1182793719158806,scr2081,stInflow,reservoir
FR,h2003,2.1182793719158806,scr2081,stInflow,reservoir
FR,h2004,2.1182793719158806,scr2081,stInflow,reservoir
FR,h2005,2.1182793719158806,scr2081,stInflow,reservoir
FR,h2006,2.1182793719158806,scr2081,stInflow,reservoir
FR,h2007,2.1182793719158806,scr2081,stInflow,reservoir
FR,h2008,2.1182793719158806,scr2081,stInflow,reservoir
FR,h2009,2.1182793719158806,scr2081,stInflow,reservoir
FR,h2010,2.1182793719158806,scr2081,stInflow,reservoir
FR,h2011,2.1182793719158806,scr2081,stInflow,reservoir
FR,h2012,2.1182793719158806,scr2081,stInflow,reservoir
FR,h2013,2.1182793719158806,scr2081,stInflow,reservoir
FR,h2014,2.1182793719158806,scr2081,stInflow,reservoir
FR,h2015,2.1182793719158806,scr2081,stInflow,reservoir
FR,h2016,2.1182793719158806,scr2081,stInflow,reservoir
FR,h2017,2.1182793719158806,scr2081,stInflow,reservoir
FR,h2018,2.1182793719158806,scr2081,stInflow,reservoir
FR,h2019,2.1182793719158806,scr2081,stInflow,reservoir
FR,h2020,2.1182793719158806,scr2081,stInflow,reservoir
FR,h2021,2.1182793719158806,scr2081,stInflow,reservoir
FR,h2022,2.1182793719158806,scr2081,stInflow,reservoir
FR,h2023,2.1182793719158806,scr2081,stInflow,reservoir
FR,h2024,2.1182793719158806,scr2081,stInflow,reservoir
FR,h2025,2.1182793719158806,scr2081,stInflow,reservoir
FR,h2026,2.1182793719158806,scr2081,stInflow,reservoir
FR,h2027,2.1182793719158806,scr2081,stInflow,reservoir
FR,h2028,2.1182793719158806,scr2081,stInflow,reservoir
FR,h2029,2.1182793719158806,scr2081,stInflow,reservoir
FR,h2030,2.1182793719158806,scr2081,stInflow,reservoir
FR,h2031,2.1182793719158806,scr2081,stInflow,reservoir
FR,h2032,2.1182793719158806,scr2081,stInflow,reservoir
FR,h2033,2.1182793719158806,scr2081,stInflow,reservoir
FR,h2034,2.1182793719158806,scr2081,stInflow,reservoir
FR,h2035,2.1182793719158806,scr2081,stInflow,reservoir
FR,h2036,2.1182793719158806,scr2081,stInflow,reservoir
FR,h2037,2.1182793719158806,scr2081,stInflow,reservoir
FR,h2038,2.1182793719158806,scr2081,stInflow,reservoir
FR,h2039,2.1182793719158806,scr2081,stInflow,reservoir
FR,h2040,2.1182793719158806,scr2081,stInflow,reservoir
FR,h2041,2.1182793719158806,scr2081,stInflow,reservoir
FR,h2042,2.1182793719158806,scr2081,stInflow,reservoir
FR,h2043,2.1182793719158806,scr2081,stInflow,reservoir
FR,h2044,2.1182793719158806,scr2081,stInflow,reservoir
FR,h2045,2.1182793719158806,scr2081,stInflow,reservoir
FR,h2046,2.1182793719158806,scr2081,stInflow,reservoir
FR,h2047,2.1182793719158806,scr2081,stInflow,reservoir
FR,h2048,2.1182793719158806,scr2081,stInflow,reservoir
FR,h2049,2.1182793719158806,scr2081,stInflow,reservoir
FR,h2050,2.1182793719158806,scr2081,stInflow,reservoir
FR,h2051,2.1182793719158806,scr2081,stInflow,reservoir
FR,h2052,2.1182793719158806,scr2081,stInflow,reservoir
FR,h2053,2.1182793719158806,scr2081,stInflow,reservoir
FR,h2054,2.1182793719158806,scr2081,stInflow,reservoir
FR,h2055,2.1182793719158806,scr2081,stInflow,reservoir
FR,h2056,2.1182793719158806,scr2081,stInflow,reservoir
FR,h2057,2.1182793719158806,scr2081,stInflow,reservoir
FR,h2058,2.1182793719158806,scr2081,stInflow,reservoir
FR,h2059,2.1182793719158806,scr2081,stInflow,reservoir
FR,h2060,2.1182793719158806,scr2081,stInflow,reservoir
FR,h2061,2.1182793719158806,scr2081,stInflow,reservoir
FR,h2062,2.1182793719158806,scr2081,stInflow,reservoir
FR,h2063,2.1182793719158806,scr2081,stInflow,reservoir
FR,h2064,2.1182793719158806,scr2081,stInflow,reservoir
FR,h2065,2.1182793719158806,scr2081,stInflow,reservoir
FR,h2066,2.1182793719158806,scr2081,stInflow,reservoir
FR,h2067,2.1182793719158806,scr2081,stInflow,reservoir
FR,h2068,2.1182793719158806,scr2081,stInflow,reservoir
FR,h2069,2.1182793719158806,scr2081,stInflow,reservoir
FR,h2070,2.1182793719158806,scr2081,stInflow,reservoir
FR,h2071,2.1182793719158806,scr2081,stInflow,reservoir
FR,h2072,2.1182793719158806,scr2081,stInflow,reservoir
FR,h2073,2.1182793719158806,scr2081,stInflow,reservoir
FR,h2074,2.1182793719158806,scr2081,stInflow,reservoir
FR,h2075,2.1182793719158806,scr2081,stInflow,reservoir
FR,h2076,2.1182793719158806,scr2081,stInflow,reservoir
FR,h2077,2.1182793719158806,scr2081,stInflow,reservoir
FR,h2078,2.1182793719158806,scr2081,stInflow,reservoir
FR,h2079,2.1182793719158806,scr2081,stInflow,reservoir
FR,h2080,2.1182793719158806,scr2081,stInflow,reservoir
FR,h2081,2.1182793719158806,scr2081,stInflow,reservoir
FR,h2082,2.1182793719158806,scr2081,stInflow,reservoir
FR,h2083,2.1182793719158806,scr2081,stInflow,reservoir
FR,h2084,2.1182793719158806,scr2081,stInflow,reservoir
FR,h2085,2.1182793719158806,scr2081,stInflow,reservoir
FR,h2086,2.1182793719158806,scr2081,stInflow,reservoir
FR,h2087,2.1182793719158806,scr2081,stInflow,reservoir
FR,h2088,2.1182793719158806,scr2081,stInflow,reservoir
FR,h2089,2.1182793719158806,scr2081,stInflow,reservoir
FR,h2090,2.1182793719158806,scr2081,stInflow,reservoir
FR,h2091,2.1182793719158806,scr2081,stInflow,reservoir
FR,h2092,2.1182793719158806,scr2081,stInflow,reservoir
FR,h2093,2.1182793719158806,scr2081,stInflow,reservoir
FR,h2094,2.1182793719158806,scr2081,stInflow,reservoir
FR,h2095,2.1182793719158806,scr2081,stInflow,reservoir
FR,h2096,2.1182793719158806,scr2081,stInflow,reservoir
FR,h2097,2.1182793719158806,scr2081,stInflow,reservoir
FR,h2098,2.1182793719158806,scr2081,stInflow,reservoir
FR,h2099,2.1182793719158806,scr2081,stInflow,reservoir
FR,h2100,2.1182793719158806,scr2081,stInflow,reservoir
FR,h2101,2.1182793719158806,scr2081,stInflow,reservoir
FR,h2102,2.1182793719158806,scr2081,stInflow,reservoir
FR,h2103,2.1182793719158806,scr2081,stInflow,reservoir
FR,h2104,2.1182793719158806,scr2081,stInflow,reservoir
FR,h2105,2.1182793719158806,scr2081,stInflow,reservoir
FR,h2106,2.1182793719158806,scr2081,stInflow,reservoir
FR,h2107,2.1182793719158806,scr2081,stInflow,reservoir
FR,h2108,2.1182793719158806,scr2081,stInflow,reservoir
FR,h2109,2.1182793719158806,scr2081,stInflow,reservoir
FR,h2110,2.1182793719158806,scr2081,stInflow,reservoir
FR,h2111,2.1182793719158806,scr2081,stInflow,reservoir
FR,h2112,2.1182793719158806,scr2081,stInflow,reservoir
FR,h2113,2.1182793719158806,scr2081,stInflow,reservoir
FR,h2114,2.1182793719158806,scr2081,stInflow,reservoir
FR,h2115,2.1182793719158806,scr2081,stInflow,reservoir
FR,h2116,2.1182793719158806,scr2081,stInflow,reservoir
FR,h2117,2.1182793719158806,scr2081,stInflow,reservoir
FR,h2118,2.1182793719158806,scr2081,stInflow,reservoir
FR,h2119,2.1182793719158806,scr2081,stInflow,reservoir
FR,h2120,2.1182793719158806,scr2081,stInflow,reservoir
FR,h2121,2.1182793719158806,scr2081,stInflow,reservoir
FR,h2122,2.1182793719158806,scr2081,stInflow,reservoir
FR,h2123,2.1182793719158806,scr2081,stInflow,reservoir
FR,h2124,2.1182793719158806,scr2081,stInflow,reservoir
FR,h2125,2.1182793719158806,scr2081,stInflow,reservoir
FR,h2126,2.1182793719158806,scr2081,stInflow,reservoir
FR,h2127,2.1182793719158806,scr2081,stInflow,reservoir
FR,h2128,2.1182793719158806,scr2081,stInflow,reservoir
FR,h2129,2.1182793719158806,scr2081,stInflow,reservoir
FR,h2130,2.1182793719158806,scr2081,stInflow,reservoir
FR,h2131,2.1182793719158806,scr2081,stInflow,reservoir
FR,h2132,2.1182793719158806,scr2081,stInflow,reservoir
FR,h2133,2.1182793719158806,scr2081,stInflow,reservoir
FR,h2134,2.1182793719158806,scr2081,stInflow,reservoir
FR,h2135,2.1182793719158806,scr2081,stInflow,reservoir
FR,h2136,2.1182793719158806,scr2081,stInflow,reservoir
FR,h2137,2.3029024513751626,scr2081,stInflow,reservoir
FR,h2138,2.4875270124888953,scr2081,stInflow,reservoir
FR,h2139,2.672152945093224,scr2081,stInflow,reservoir
FR,h2140,2.672152945093224,scr2081,stInflow,reservoir
FR,h2141,2.672152945093224,scr2081,stInflow,reservoir
FR,h2142,2.672152945093224,scr2081,stInflow,reservoir
FR,h2143,2.672152945093224,scr2081,stInflow,reservoir
FR,h2144,2.672152945093224,scr2081,stInflow,reservoir
FR,h2145,2.672152945093224,scr2081,stInflow,reservoir
FR,h2146,2.672152945093224,scr2081,stInflow,reservoir
FR,h2147,2.672152945093224,scr2081,stInflow,reservoir
FR,h2148,2.672152945093224,scr2081,stInflow,reservoir
FR,h2149,2.672152945093224,scr2081,stInflow,reservoir
FR,h2150,2.672152945093224,scr2081,stInflow,reservoir
FR,h2151,2.672152945093224,scr2081,stInflow,reservoir
FR,h2152,2.672152945093224,scr2081,stInflow,reservoir
FR,h2153,2.672152945093224,scr2081,stInflow,reservoir
FR,h2154,2.672152945093224,scr2081,stInflow,reservoir
FR,h2155,2.672152945093224,scr2081,stInflow,reservoir
FR,h2156,2.672152945093224,scr2081,stInflow,reservoir
FR,h2157,2.672152945093224,scr2081,stInflow,reservoir
FR,h2158,2.672152945093224,scr2081,stInflow,reservoir
FR,h2159,2.672152945093224,scr2081,stInflow,reservoir
FR,h2160,2.672152945093224,scr2081,stInflow,reservoir
IT,h1441,1.075971030338943,scr2081,stInflow,reservoir
IT,h1442,1.075971030338943,scr2081,stInflow,reservoir
IT,h1443,1.075971030338943,scr2081,stInflow,reservoir
IT,h1444,1.075971030338943,scr2081,stInflow,reservoir
IT,h1445,1.075971030338943,scr2081,stInflow,reservoir
IT,h1446,1.075971030338943,scr2081,stInflow,reservoir
IT,h1447,1.075971030338943,scr2081,stInflow,reservoir
IT,h1448,1.075971030338943,scr2081,stInflow,reservoir
IT,h1449,1.075971030338943,scr2081,stInflow,reservoir
IT,h1450,1.075971030338943,scr2081,stInflow,reservoir
IT,h1451,1.075971030338943,scr2081,stInflow,reservoir
IT,h1452,1.075971030338943,scr2081,stInflow,reservoir
IT,h1453,1.075971030338943,scr2081,stInflow,reservoir
IT,h1454,1.075971030338943,scr2081,stInflow,reservoir
IT,h1455,1.075971030338943,scr2081,stInflow,reservoir
IT,h1456,1.075971030338943,scr2081,stInflow,reservoir
IT,h1457,1.075971030338943,scr2081,stInflow,reservoir
IT,h1458,1.075971030338943,scr2081,stInflow,reservoir
IT,h1459,1.075971030338943,scr2081,stInflow,reservoir
IT,h1460,1.075971030338943,scr2081,stInflow,reservoir
IT,h1461,1.075971030338943,scr2081,stInflow,reservoir
IT,h1462,1.075971030338943,scr2081,stInflow,reservoir
IT,h1463,1.075971030338943,scr2081,stInflow,reservoir
IT,h1464,1.075971030338943,scr2081,stInflow,reservoir
IT,h1465,1.0625159043870949,scr2081,stInflow,reservoir
IT,h1466,1.0490607954732312,scr2081,stInflow,reservoir
IT,h1467,1.035605703815852,scr2081,stInflow,reservoir
IT,h1468,1.035605703815852,scr2081,stInflow,reservoir
IT,h1469,1.035605703815852,scr2081,stInflow,reservoir
IT,h1470,1.035605703815852,scr2081,stInflow,reservoir
IT,h1471,1.035605703815852,scr2081,stInflow,reservoir
IT,h1472,1.035605703815852,scr2081,stInflow,reservoir
IT,h1473,1.035605703815852,scr2081,stInflow,reservoir
IT,h1474,1.035605703815852,scr2081,stInflow,reservoir
IT,h1475,1.035605703815852,scr2081,stInflow,reservoir
IT,h1476,1.035605703815852,scr2081,stInflow,reservoir
IT,h1477,1.035605703815852,scr2081,stInflow,reservoir
IT,h1478,1.035605703815852,scr2081,stInflow,reservoir
IT,h1479,1.035605703815852,scr2081,stInflow,reservoir
IT,h1480,1.035605703815852,scr2081,stInflow,reservoir
IT,h1481,1.035605703815852,scr2081,stInflow,reservoir
IT,h1482,1.035605703815852,scr2081,stInflow,reservoir
IT,h1483,1.035605703815852,scr2081,stInflow,reservoir
IT,h1484,1.035605703815852,scr2081,stInflow,reservoir
IT,h1485,1.035605703815852,scr2081,stInflow,reservoir
IT,h1486,1.035605703815852,scr2081,stInflow,reservoir
IT,h1487,1.035605703815852,scr2081,stInflow,reservoir
IT,h1488,1.035605703815852,scr2081,stInflow,reservoir
IT,h1489,1.035605703815852,scr2081,stInflow,reservoir
IT,h1490,1.035605703815852,scr2081,stInflow,reservoir
IT,h1491,1.035605703815852,scr2081,stInflow,reservoir
IT,h1492,1.035605703815852,scr2081,stInflow,reservoir
IT,h1493,1.035605703815852,scr2081,stInflow,reservoir
IT,h1494,1.035605703815852,scr2081,stInflow,reservoir
IT,h1495,1.035605703815852,scr2081,stInflow,reservoir
IT,h1496,1.035605703815852,scr2081,stInflow,reservoir
IT,h1497,1.035605703815852,scr2081,stInflow,reservoir
IT,h1498,1.035605703815852,scr2081,stInflow,reservoir
IT,h1499,1.035605703815852,scr2081,stInflow,reservoir
IT,h1500,1.035605703815852,scr2081,stInflow,reservoir
IT,h1501,1.035605703815852,scr2081,stInflow,reservoir
IT,h1502,1.035605703815852,scr2081,stInflow,reservoir
IT,h1503,1.035605703815852,scr2081,stInflow,reservoir
IT,h1504,1.035605703815852,scr2081,stInflow,reservoir
IT,h1505,1.035605703815852,scr2081,stInflow,reservoir
IT,h1506,1.035605703815852,scr2081,stInflow,reservoir
IT,h1507,1.035605703815852,scr2081,stInflow,reservoir
IT,h1508,1.035605703815852,scr2081,stInflow,reservoir
IT,h1509,1.035605703815852,scr2081,stInflow,reservoir
IT,h1510,1.035605703815852,scr2081,stInflow,reservoir
IT,h1511,1.035605703815852,scr2081,stInflow,reservoir
IT,h1512,1.035605703815852,scr2081,stInflow,reservoir
IT,h1513,1.035605703815852,scr2081,stInflow,reservoir
IT,h1514,1.035605703815852,scr2081,stInflow,reservoir
IT,h1515,1.035605703815852,scr2081,stInflow,reservoir
IT,h1516,1.035605703815852,scr2081,stInflow,reservoir
IT,h1517,1.035605703815852,scr2081,stInflow,reservoir
IT,h1518,1.035605703815852,scr2081,stInflow,reservoir
IT,h1519,1.035605703815852,scr2081,stInflow,reservoir
IT,h1520,1.035605703815852,scr2081,stInflow,reservoir
IT,h1521,1.035605703815852,scr2081,stInflow,reservoir
IT,h1522,1.035605703815852,scr2081,stInflow,reservoir
IT,h1523,1.035605703815852,scr2081,stInflow,reservoir
IT,h1524,1.035605703815852,scr2081,stInflow,reservoir
IT,h1525,1.035605703815852,scr2081,stInflow,reservoir
IT,h1526,1.035605703815852,scr2081,stInflow,reservoir
IT,h1527,1.035605703815852,scr2081,stInflow,reservoir
IT,h1528,1.035605703815852,scr2081,stInflow,reservoir
IT,h1529,1.035605703815852,scr2081,stInflow,reservoir
IT,h1530,1.035605703815852,scr2081,stInflow,reservoir
IT,h1531,1.035605703815852,scr2081,stInflow,reservoir
IT,h1532,1.035605703815852,scr2081,stInflow,reservoir
IT,h1533,1.035605703815852,scr2081,stInflow,reservoir
IT,h1534,1.035605703815852,scr2081,stInflow,reservoir
IT,h1535,1.035605703815852,scr2081,stInflow,reservoir
IT,h1536,1.035605703815852,scr2081,stInflow,reservoir
IT,h1537,1.035605703815852,scr2081,stInflow,reservoir
IT,h1538,1.035605703815852,scr2081,stInflow,reservoir
IT,h1539,1.035605703815852,scr2081,stInflow,reservoir
IT,h1540,1.035605703815852,scr2081,stInflow,reservoir
IT,h1541,1.035605703815852,scr2081,stInflow,reservoir
IT,h1542,1.035605703815852,scr2081,stInflow,reservoir
IT,h1543,1.035605703815852,scr2081,stInflow,reservoir
IT,h1544,1.035605703815852,scr2081,stInflow,reservoir
IT,h1545,1.035605703815852,scr2081,stInflow,reservoir
IT,h1546,1.035605703815852,scr2081,stInflow,reservoir
IT,h1547,1.035605703815852,scr2081,stInflow,reservoir
IT,h1548,1.035605703815852,scr2081,stInflow,reservoir
IT,h1549,1.035605703815852,scr2081,stInflow,reservoir
IT,h1550,1.035605703815852,scr2081,stInflow,reservoir
IT,h1551,1.035605703815852,scr2081,stInflow,reservoir
IT,h1552,1.035605703815852,scr2081,stInflow,reservoir
IT,h1553,1.035605703815852,scr2081,stInflow,reservoir
IT,h1554,1.035605703815852,scr2081,stInflow,reservoir
IT,h1555,1.035605703815852,scr2081,stInflow,reservoir
IT,h1556,1.035605703815852,scr2081,stInflow,reservoir
IT,h1557,1.035605703815852,scr2081,stInflow,reservoir
IT,h1558,1.035605703815852,scr2081,stInflow,reservoir
IT,h1559,1.035605703815852,scr2081,stInflow,reservoir
IT,h1560,1.035605703815852,scr2081,stInflow,reservoir
IT,h1561,1.035605703815852,scr2081,stInflow,reservoir
IT,h1562,1.035605703815852,scr2081,stInflow,reservoir
IT,h1563,1.035605703815852,scr2081,stInflow,reservoir
IT,h1564,1.035605703815852,scr2081,stInflow,reservoir
IT,h1565,1.035605703815852,scr2081,stInflow,reservoir
IT,h1566,1.035605703815852,scr2081,stInflow,reservoir
IT,h1567,1.035605703815852,scr2081,stInflow,reservoir
IT,h1568,1.035605703815852,scr2081,stInflow,reservoir
IT,h1569,1.035605703815852,scr2081,stInflow,reservoir
IT,h1570,1.035605703815852,scr2081,stInflow,reservoir
IT,h1571,1.035605703815852,scr2081,stInflow,reservoir
IT,h1572,1.035605703815852,scr2081,stInflow,reservoir
IT,h1573,1.035605703815852,scr2081,stInflow,reservoir
IT,h1574,1.035605703815852,scr2081,stInflow,reservoir
IT,h1575,1.035605703815852,scr2081,stInflow,reservoir
IT,h1576,1.035605703815852,scr2081,stInflow,reservoir
IT,h1577,1.035605703815852,scr2081,stInflow,reservoir
IT,h1578,1.035605703815852,scr2081,stInflow,reservoir
IT,h1579,1.035605703815852,scr2081,stInflow,reservoir
IT,h1580,1.035605703815852,scr2081,stInflow,reservoir
IT,h1581,1.035605703815852,scr2081,stInflow,reservoir
IT,h1582,1.035605703815852,scr2081,stInflow,reservoir
IT,h1583,1.035605703815852,scr2081,stInflow,reservoir
IT,h1584,1.035605703815852,scr2081,stInflow,reservoir
IT,h1585,1.035605703815852,scr2081,stInflow,reservoir
IT,h1586,1.035605703815852,scr2081,stInflow,reservoir
IT,h1587,1.035605703815852,scr2081,stInflow,reservoir
IT,h1588,1.035605703815852,scr2081,stInflow,reservoir
IT,h1589,1.035605703815852,scr2081,stInflow,reservoir
IT,h1590,1.035605703815852,scr2081,stInflow,reservoir
IT,h1591,1.035605703815852,scr2081,stInflow,reservoir
IT,h1592,1.035605703815852,scr2081,stInflow,reservoir
IT,h1593,1.035605703815852,scr2081,stInflow,reservoir
IT,h1594,1.035605703815852,scr2081,stInflow,reservoir
IT,h1595,1.035605703815852,scr2081,stInflow,reservoir
IT,h1596,1.035605703815852,scr2081,stInflow,reservoir
IT,h1597,1.035605703815852,scr2081,stInflow,reservoir
IT,h1598,1.035605703815852,scr2081,stInflow,reservoir
IT,h1599,1.035605703815852,scr2081,stInflow,reservoir
IT,h1600,1.035605703815852,scr2081,stInflow,reservoir
IT,h1601,1.035605703815852,scr2081,stInflow,reservoir
IT,h1602,1.035605703815852,scr2081,stInflow,reservoir
IT,h1603,1.035605703815852,scr2081,stInflow,reservoir
IT,h1604,1.035605703815852,scr2081,stInflow,reservoir
IT,h1605,1.035605703815852,scr2081,stInflow,reservoir
IT,h1606,1.035605703815852,scr2081,stInflow,reservoir
IT,h1607,1.035605703815852,scr2081,stInflow,reservoir
IT,h1608,1.035605703815852,scr2081,stInflow,reservoir
IT,h1609,1.035605703815852,scr2081,stInflow,reservoir
IT,h1610,1.035605703815852,scr2081,stInflow,reservoir
IT,h1611,1.035605703815852,scr2081,stInflow,reservoir
IT,h1612,1.035605703815852,scr2081,stInflow,reservoir
IT,h1613,1.035605703815852,scr2081,stInflow,reservoir
IT,h1614,1.035605703815852,scr2081,stInflow,reservoir
IT,h1615,1.035605703815852,scr2081,stInflow,reservoir
IT,h1616,1.035605703815852,scr2081,stInflow,reservoir
IT,h1617,1.035605703815852,scr2081,stInflow,reservoir
IT,h1618,1.035605703815852,scr2081,stInflow,reservoir
IT,h1619,1.035605703815852,scr2081,stInflow,reservoir
IT,h1620,1.035605703815852,scr2081,stInflow,reservoir
IT,h1621,1.035605703815852,scr2081,stInflow,reservoir
IT,h1622,1.035605703815852,scr2081,stInflow,reservoir
IT,h1623,1.035605703815852,scr2081,stInflow,reservoir
IT,h1624,1.035605703815852,scr2081,stInflow,reservoir
IT,h1625,1.035605703815852,scr2081,stInflow,reservoir
IT,h1626,1.035605703815852,scr2081,stInflow,reservoir
IT,h1627,1.035605703815852,scr2081,stInflow,reservoir
IT,h1628,1.035605703815852,scr2081,stInflow,reservoir
IT,h1629,1.035605703815852,scr2081,stInflow,reservoir
IT,h1630,1.035605703815852,scr2081,stInflow,reservoir
IT,h1631,1.035605703815852,scr2081,stInflow,reservoir
IT,h1632,1.035605703815852,scr2081,stInflow,reservoir
IT,h1633,0.971903534505255,scr2081,stInflow,reservoir
IT,h1634,0.9082017829882946,scr2081,stInflow,reservoir
IT,h1635,0.8445004786106045,scr2081,stInflow,reservoir
IT,h1636,0.8445004786106045,scr2081,stInflow,reservoir
IT,h1637,0.8445004786106045,scr2081,stInflow,reservoir
IT,h1638,0.8445004786106045,scr2081,stInflow,reservoir
IT,h1639,0.8445004786106045,scr2081,stInflow,reservoir
IT,h1640,0.8445004786106045,scr2081,stInflow,reservoir
IT,h1641,0.8445004786106045,scr2081,stInflow,reservoir
IT,h1642,0.8445004786106045,scr2081,stInflow,reservoir
IT,h1643,0.8445004786106045,scr2081,stInflow,reservoir
IT,h1644,0.8445004786106045,scr2081,stInflow,reservoir
IT,h1645,0.8445004786106045,scr2081,stInflow,reservoir
IT,h1646,0.8445004786106045,scr2081,stInflow,reservoir
IT,h1647,0.8445004786106045,scr2081,stInflow,reservoir
IT,h1648,0.8445004786106045,scr2081,stInflow,reservoir
IT,h1649,0.8445004786106045,scr2081,stInflow,reservoir
IT,h1650,0.8445004786106045,scr2081,stInflow,reservoir
IT,h1651,0.8445004786106045,scr2081,stInflow,reservoir
IT,h1652,0.8445004786106045,scr2081,stInflow,reservoir
IT,h1653,0.8445004786106045,scr2081,stInflow,reservoir
IT,h1654,0.8445004786106045,scr2081,stInflow,reservoir
IT,h1655,0.8445004786106045,scr2081,stInflow,reservoir
IT,h1656,0.8445004786106045,scr2081,stInflow,reservoir
IT,h1657,0.8445004786106045,scr2081,stInflow,reservoir
IT,h1658,0.8445004786106045,scr2081,stInflow,reservoir
IT,h1659,0.8445004786106045,scr2081,stInflow,reservoir
IT,h1660,0.8445004786106045,scr2081,stInflow,reservoir
IT,h1661,0.8445004786106045,scr2081,stInflow,reservoir
IT,h1662,0.8445004786106045,scr2081,stInflow,reservoir
IT,h1663,0.8445004786106045,scr2081,stInflow,reservoir
IT,h1664,0.8445004786106045,scr2081,stInflow,reservoir
IT,h1665,0.8445004786106045,scr2081,stInflow,reservoir
IT,h1666,0.8445004786106045,scr2081,stInflow,reservoir
IT,h1667,0.8445004786106045,scr2081,stInflow,reservoir
IT,h1668,0.8445004786106045,scr2081,stInflow,reservoir
IT,h1669,0.8445004786106045,scr2081,stInflow,reservoir
IT,h1670,0.8445004786106045,scr2081,stInflow,reservoir
IT,h1671,0.8445004786106045,scr2081,stInflow,reservoir
IT,h1672,0.8445004786106045,scr2081,stInflow,reservoir
IT,h1673,0.8445004786106045,scr2081,stInflow,reservoir
IT,h1674,0.8445004786106045,scr2081,stInflow,reservoir
IT,h1675,0.8445004786106045,scr2081,stInflow,reservoir
IT,h1676,0.8445004786106045,scr2081,stInflow,reservoir
IT,h1677,0.8445004786106045,scr2081,stInflow,reservoir
IT,h1678,0.8445004786106045,scr2081,stInflow,reservoir
IT,h1679,0.8445004786106045,scr2081,stInflow,reservoir
IT,h1680,0.8445004786106045,scr2081,stInflow,reservoir
IT,h1681,0.8445004786106045,scr2081,stInflow,reservoir
IT,h1682,0.8445004786106045,scr2081,stInflow,reservoir
IT,h1683,0.8445004786106045,scr2081,stInflow,reservoir
IT,h1684,0.8445004786106045,scr2081,stInflow,reservoir
IT,h1685,0.8445004786106045,scr2081,stInflow,reservoir
IT,h1686,0.8445004786106045,scr2081,stInflow,reservoir
IT,h1687,0.8445004786106045,scr2081,stInflow,reservoir
IT,h1688,0.8445004786106045,scr2081,stInflow,reservoir
IT,h1689,0.8445004786106045,scr2081,stInflow,reservoir
IT,h1690,0.8445004786106045,scr2081,stInflow,reservoir
IT,h1691,0.8445004786106045,scr2081,stInflow,reservoir
IT,h1692,0.8445004786106045,scr2081,stInflow,reservoir
IT,h1693,0.8445004786106045,scr2081,stInflow,reservoir
IT,h1694,0.8445004786106045,scr2081,stInflow,reservoir
IT,h1695,0.8445004786106045,scr2081,stInflow,reservoir
IT,h1696,0.8445004786106045,scr2081,stInflow,reservoir
IT,h1697,0.8445004786106045,scr2081,stInflow,reservoir
IT,h1698,0.8445004786106045,scr2081,stInflow,reservoir
IT,h1699,0.8445004786106045,scr2081,stInflow,reservoir
IT,h1700,0.8445004786106045,scr2081,stInflow,reservoir
IT,h1701,0.8445004786106045,scr2081,stInflow,reservoir
IT,h1702,0.8445004786106045,scr2081,stInflow,reservoir
IT,h1703,0.8445004786106045,scr2081,stInflow,reservoir
IT,h1704,0.8445004786106045,scr2081,stInflow,reservoir
IT,h1705,0.8445004786106045,scr2081,stInflow,reservoir
IT,h1706,0.8445004786106045,scr2081,stInflow,reservoir
IT,h1707,0.8445004786106045,scr2081,stInflow,reservoir
IT,h1708,0.8445004786106045,scr2081,stInflow,reservoir
IT,h1709,0.8445004786106045,scr2081,stInflow,reservoir
IT,h1710,0.8445004786106045,scr2081,stInflow,reservoir
IT,h1711,0.8445004786106045,scr2081,stInflow,reservoir
IT,h1712,0.8445004786106045,scr2081,stInflow,reservoir
IT,h1713,0.8445004786106045,scr2081,stInflow,reservoir
IT,h1714,0.8445004786106045,scr2081,stInflow,reservoir
IT,h1715,0.8445004786106045,scr2081,stInflow,reservoir
IT,h1716,0.8445004786106045,scr2081,stInflow,reservoir
IT,h1717,0.8445004786106045,scr2081,stInflow,reservoir
IT,h1718,0.8445004786106045,scr2081,stInflow,reservoir
IT,h1719,0.8445004786106045,scr2081,stInflow,reservoir
IT,h1720,0.8445004786106045,scr2081,stInflow,reservoir
IT,h1721,0.8445004786106045,scr2081,stInflow,reservoir
IT,h1722,0.8445004786106045,scr2081,stInflow,reservoir
IT,h1723,0.8445004786106045,scr2081,stInflow,reservoir
IT,h1724,0.8445004786106045,scr2081,stInflow,reservoir
IT,h1725,0.8445004786106045,scr2081,stInflow,reservoir
IT,h1726,0.8445004786106045,scr2081,stInflow,reservoir
IT,h1727,0.8445004786106045,scr2081,stInflow,reservoir
IT,h1728,0.8445004786106045,scr2081,stInflow,reservoir
IT,h1729,0.8445004786106045,scr2081,stInflow,reservoir
IT,h1730,0.8445004786106045,scr2081,stInflow,reservoir
IT,h1731,0.8445004786106045,scr2081,stInflow,reservoir
IT,h1732,0.8445004786106045,scr2081,stInflow,reservoir
IT,h1733,0.8445004786106045,scr2081,stInflow,reservoir
IT,h1734,0.8445004786106045,scr2081,stInflow,reservoir
IT,h1735,0.8445004786106045,scr2081,stInflow,reservoir
IT,h1736,0.8445004786106045,scr2081,stInflow,reservoir
IT,h1737,0.8445004786106045,scr2081,stInflow,reservoir
IT,h1738,0.8445004786106045,scr2081,stInflow,reservoir
IT,h1739,0.8445004786106045,scr2081,stInflow,reservoir
IT,h1740,0.8445004786106045,scr2081,stInflow,reservoir
IT,h1741,0.8445004786106045,scr2081,stInflow,reservoir
IT,h1742,0.8445004786106045,scr2081,stInflow,reservoir
IT,h1743,0.8445004786106045,scr2081,stInflow,reservoir
IT,h1744,0.8445004786106045,scr2081,stInflow,reservoir
IT,h1745,0.8445004786106045,scr2081,stInflow,reservoir
IT,h1746,0.8445004786106045,scr2081,stInflow,reservoir
IT,h1747,0.8445004786106045,scr2081,stInflow,reservoir
IT,h1748,0.8445004786106045,scr2081,stInflow,reservoir
IT,h1749,0.8445004786106045,scr2081,stInflow,reservoir
IT,h1750,0.8445004786106045,scr2081,stInflow,reservoir
IT,h1751,0.8445004786106045,scr2081,stInflow,reservoir
IT,h1752,0.8445004786106045,scr2081,stInflow,reservoir
IT,h1753,0.8445004786106045,scr2081,stInflow,reservoir
IT,h1754,0.8445004786106045,scr2081,stInflow,reservoir
IT,h1755,0.8445004786106045,scr2081,stInflow,reservoir
IT,h1756,0.8445004786106045,scr2081,stInflow,reservoir
IT,h1757,0.8445004786106045,scr2081,stInflow,reservoir
IT,h1758,0.8445004786106045,scr2081,stInflow,reservoir
IT,h1759,0.8445004786106045,scr2081,stInflow,reservoir
IT,h1760,0.8445004786106045,scr2081,stInflow,reservoir
IT,h1761,0.8445004786106045,scr2081,stInflow,reservoir
IT,h1762,0.8445004786106045,scr2081,stInflow,reservoir
IT,h1763,0.8445004786106045,scr2081,stInflow,reservoir
IT,h1764,0.8445004786106045,scr2081,stInflow,reservoir
IT,h1765,0.8445004786106045,scr2081,stInflow,reservoir
IT,h1766,0.8445004786106045,scr2081,stInflow,reservoir
IT,h1767,0.8445004786106045,scr2081,stInflow,reservoir
IT,h1768,0.8445004786106045,scr2081,stInflow,reservoir
IT,h1769,0.8445004786106045,scr2081,stInflow,reservoir
IT,h1770,0.8445004786106045,scr2081,stInflow,reservoir
IT,h1771,0.8445004786106045,scr2081,stInflow,reservoir
IT,h1772,0.8445004786106045,scr2081,stInflow,reservoir
IT,h1773,0.8445004786106045,scr2081,stInflow,reservoir
IT,h1774,0.8445004786106045,scr2081,stInflow,reservoir
IT,h1775,0.8445004786106045,scr2081,stInflow,reservoir
IT,h1776,0.8445004786106045,scr2081,stInflow,reservoir
IT,h1777,0.8445004786106045,scr2081,stInflow,reservoir
IT,h1778,0.8445004786106045,scr2081,stInflow,reservoir
IT,h1779,0.8445004786106045,scr2081,stInflow,reservoir
IT,h1780,0.8445004786106045,scr2081,stInflow,reservoir
IT,h1781,0.8445004786106045,scr2081,stInflow,reservoir
IT,h1782,0.8445004786106045,scr2081,stInflow,reservoir
IT,h1783,0.8445004786106045,scr2081,stInflow,reservoir
IT,h1784,0.8445004786106045,scr2081,stInflow,reservoir
IT,h1785,0.8445004786106045,scr2081,stInflow,reservoir
IT,h1786,0.8445004786106045,scr2081,stInflow,reservoir
IT,h1787,0.8445004786106045,scr2081,stInflow,reservoir
IT,h1788,0.8445004786106045,scr2081,stInflow,reservoir
IT,h1789,0.8445004786106045,scr2081,stInflow,reservoir
IT,h1790,0.8445004786106045,scr2081,stInflow,reservoir
IT,h1791,0.8445004786106045,scr2081,stInflow,reservoir
IT,h1792,0.8445004786106045,scr2081,stInflow,reservoir
IT,h1793,0.8445004786106045,scr2081,stInflow,reservoir
IT,h1794,0.8445004786106045,scr2081,stInflow,reservoir
IT,h1795,0.8445004786106045,scr2081,stInflow,reservoir
IT,h1796,0.8445004786106045,scr2081,stInflow,reservoir
IT,h1797,0.8445004786106045,scr2081,stInflow,reservoir
IT,h1798,0.8445004786106045,scr2081,stInflow,reservoir
IT,h1799,0.8445004786106045,scr2081,stInflow,reservoir
IT,h1800,0.8445004786106045,scr2081,stInflow,reservoir
IT,h1801,0.8524440047871266,scr2081,stInflow,reservoir
IT,h1802,0.8603875383654447,scr2081,stInflow,reservoir
IT,h1803,0.868331079277232,scr2081,stInflow,reservoir
IT,h1804,0.868331079277232,scr2081,stInflow,reservoir
IT,h1805,0.868331079277232,scr2081,stInflow,reservoir
IT,h1806,0.868331079277232,scr2081,stInflow,reservoir
IT,h1807,0.868331079277232,scr2081,stInflow,reservoir
IT,h1808,0.868331079277232,scr2081,stInflow,reservoir
IT,h1809,0.868331079277232,scr2081,stInflow,reservoir
IT,h1810,0.868331079277232,scr2081,stInflow,reservoir
IT,h1811,0.868331079277232,scr2081,stInflow,reservoir
IT,h1812,0.868331079277232,scr2081,stInflow,reservoir
IT,h1813,0.868331079277232,scr2081,stInflow,reservoir
IT,h1814,0.868331079277232,scr2081,stInflow,reservoir
IT,h1815,0.868331079277232,scr2081,stInflow,reservoir
IT,h1816,0.868331079277232,scr2081,stInflow,reservoir
IT,h1817,0.868331079277232,scr2081,stInflow,reservoir
IT,h1818,0.868331079277232,scr2081,stInflow,reservoir
IT,h1819,0.868331079277232,scr2081,stInflow,reservoir
IT,h1820,0.868331079277232,scr2081,stInflow,reservoir
IT,h1821,0.868331079277232,scr2081,stInflow,reservoir
IT,h1822,0.868331079277232,scr2081,stInflow,reservoir
IT,h1823,0.868331079277232,scr2081,stInflow,reservoir
IT,h1824,0.868331079277232,scr2081,stInflow,reservoir
IT,h1825,0.868331079277232,scr2081,stInflow,reservoir
IT,h1826,0.868331079277232,scr2081,stInflow,reservoir
IT,h1827,0.868331079277232,scr2081,stInflow,reservoir
IT,h1828,0.868331079277232,scr2081,stInflow,reservoir
IT,h1829,0.868331079277232,scr2081,stInflow,reservoir
IT,h1830,0.868331079277232,scr2081,stInflow,reservoir
IT,h1831,0.868331079277232,scr2081,stInflow,reservoir
IT,h1832,0.868331079277232,scr2081,stInflow,reservoir
IT,h1833,0.868331079277232,scr2081,stInflow,reservoir
IT,h1834,0.868331079277232,scr2081,stInflow,reservoir
IT,h1835,0.868331079277232,scr2081,stInflow,reservoir
IT,h1836,0.868331079277232,scr2081,stInflow,reservoir
IT,h1837,0.868331079277232,scr2081,stInflow,reservoir
IT,h1838,0.868331079277232,scr2081,stInflow,reservoir
IT,h1839,0.868331079277232,scr2081,stInflow,reservoir
IT,h1840,0.868331079277232,scr2081,stInflow,reservoir
IT,h1841,0.868331079277232,scr2081,stInflow,reservoir
IT,h1842,0.868331079277232,scr2081,stInflow,reservoir
IT,h1843,0.868331079277232,scr2081,stInflow,reservoir
IT,h1844,0.868331079277232,scr2081,stInflow,reservoir
IT,h1845,0.868331079277232,scr2081,stInflow,reservoir
IT,h1846,0.868331079277232,scr2081,stInflow,reservoir
IT,h1847,0.868331079277232,scr2081,stInflow,reservoir
IT,h1848,0.868331079277232,scr2081,stInflow,reservoir
IT,h1849,0.868331079277232,scr2081,stInflow,reservoir
IT,h1850,0.868331079277232,scr2081,stInflow,reservoir
IT,h1851,0.868331079277232,scr2081,stInflow,reservoir
IT,h1852,0.868331079277232,scr2081,stInflow,reservoir
IT,h1853,0.868331079277232,scr2081,stInflow,reservoir
IT,h1854,0.868331079277232,scr2081,stInflow,reservoir
IT,h1855,0.868331079277232,scr2081,stInflow,reservoir
IT,h1856,0.868331079277232,scr2081,stInflow,reservoir
IT,h1857,0.868331079277232,scr2081,stInflow,reservoir
IT,h1858,0.868331079277232,scr2081,stInflow,reservoir
IT,h1859,0.868331079277232,scr2081,stInflow,reservoir
IT,h1860,0.868331079277232,scr2081,stInflow,reservoir
IT,h1861,0.868331079277232,scr2081,stInflow,reservoir
IT,h1862,0.868331079277232,scr2081,stInflow,reservoir
IT,h1863,0.868331079277232,scr2081,stInflow,reservoir
IT,h1864,0.868331079277232,scr2081,stInflow,reservoir
IT,h1865,0.868331079277232,scr2081,stInflow,reservoir
IT,h1866,0.868331079277232,scr2081,stInflow,reservoir
IT,h1867,0.868331079277232,scr2081,stInflow,reservoir
IT,h1868,0.868331079277232,scr2081,stInflow,reservoir
IT,h1869,0.868331079277232,scr2081,stInflow,reservoir
IT,h1870,0.868331079277232,scr2081,stInflow,reservoir
IT,h1871,0.868331079277232,scr2081,stInflow,reservoir
IT,h1872,0.868331079277232,scr2081,stInflow,reservoir
IT,h1873,0.868331079277232,scr2081,stInflow,reservoir
IT,h1874,0.868331079277232,scr2081,stInflow,reservoir
IT,h1875,0.868331079277232,scr2081,stInflow,reservoir
IT,h1876,0.868331079277232,scr2081,stInflow,reservoir
IT,h1877,0.868331079277232,scr2081,stInflow,reservoir
IT,h1878,0.868331079277232,scr2081,stInflow,reservoir
IT,h1879,0.868331079277232,scr2081,stInflow,reservoir
IT,h1880,0.868331079277232,scr2081,stInflow,reservoir
IT,h1881,0.868331079277232,scr2081,stInflow,reservoir
IT,h1882,0.868331079277232,scr2081,stInflow,reservoir
IT,h1883,0.868331079277232,scr2081,stInflow,reservoir
IT,h1884,0.868331079277232,scr2081,stInflow,reservoir
IT,h1885,0.868331079277232,scr2081,stInflow,reservoir
IT,h1886,0.868331079277232,scr2081,stInflow,reservoir
IT,h1887,0.868331079277232,scr2081,stInflow,reservoir
IT,h1888,0.868331079277232,scr2081,stInflow,reservoir
IT,h1889,0.868331079277232,scr2081,stInflow,reservoir
IT,h1890,0.868331079277232,scr2081,stInflow,reservoir
IT,h1891,0.868331079277232,scr2081,stInflow,reservoir
IT,h1892,0.868331079277232,scr2081,stInflow,reservoir
IT,h1893,0.868331079277232,scr2081,stInflow,reservoir
IT,h1894,0.868331079277232,scr2081,stInflow,reservoir
IT,h1895,0.868331079277232,scr2081,stInflow,reservoir
IT,h1896,0.868331079277232,scr2081,stInflow,reservoir
IT,h1897,0.868331079277232,scr2081,stInflow,reservoir
IT,h1898,0.868331079277232,scr2081,stInflow,reservoir
IT,h1899,0.868331079277232,scr2081,stInflow,reservoir
IT,h1900,0.868331079277232,scr2081,stInflow,reservoir
IT,h1901,0.868331079277232,scr2081,stInflow,reservoir
IT,h1902,0.868331079277232,scr2081,stInflow,reservoir
IT,h1903,0.868331079277232,scr2081,stInflow,reservoir
IT,h1904,0.868331079277232,scr2081,stInflow,reservoir
IT,h1905,0.868331079277232,scr2081,stInflow,reservoir
IT,h1906,0.868331079277232,scr2081,stInflow,reservoir
IT,h1907,0.868331079277232,scr2081,stInflow,reservoir
IT,h1908,0.868331079277232,scr2081,stInflow,reservoir
IT,h1909,0.868331079277232,scr2081,stInflow,reservoir
IT,h1910,0.868331079277232,scr2081,stInflow,reservoir
IT,h1911,0.868331079277232,scr2081,stInflow,reservoir
IT,h1912,0.868331079277232,scr2081,stInflow,reservoir
IT,h1913,0.868331079277232,scr2081,stInflow,reservoir
IT,h1914,0.868331079277232,scr2081,stInflow,reservoir
IT,h1915,0.868331079277232,scr2081,stInflow,reservoir
IT,h1916,0.868331079277232,scr2081,stInflow,reservoir
IT,h1917,0.868331079277232,scr2081,stInflow,reservoir
IT,h1918,0.868331079277232,scr2081,stInflow,reservoir
IT,h1919,0.868331079277232,scr2081,stInflow,reservoir
IT,h1920,0.868331079277232,scr2081,stInflow,reservoir
IT,h1921,0.868331079277232,scr2081,stInflow,reservoir
IT,h1922,0.868331079277232,scr2081,stInflow,reservoir
IT,h1923,0.868331079277232,scr2081,stInflow,reservoir
IT,h1924,0.868331079277232,scr2081,stInflow,reservoir
IT,h1925,0.868331079277232,scr2081,stInflow,reservoir
IT,h1926,0.868331079277232,scr2081,stInflow,reservoir
IT,h1927,0.868331079277232,scr2081,stInflow,reservoir
IT,h1928,0.868331079277232,scr2081,stInflow,reservoir
IT,h1929,0.868331079277232,scr2081,stInflow,reservoir
IT,h1930,0.868331079277232,scr2081,stInflow,reservoir
IT,h1931,0.868331079277232,scr2081,stInflow,reservoir
IT,h1932,0.868331079277232,scr2081,stInflow,reservoir
IT,h1933,0.868331079277232,scr2081,stInflow,reservoir
IT,h1934,0.868331079277232,scr2081,stInflow,reservoir
IT,h1935,0.868331079277232,scr2081,stInflow,reservoir
IT,h1936,0.868331079277232,scr2081,stInflow,reservoir
IT,h1937,0.868331079277232,scr2081,stInflow,reservoir
IT,h1938,0.868331079277232,scr2081,stInflow,reservoir
IT,h1939,0.868331079277232,scr2081,stInflow,reservoir
IT,h1940,0.868331079277232,scr2081,stInflow,reservoir
IT,h1941,0.868331079277232,scr2081,stInflow,reservoir
IT,h1942,0.868331079277232,scr2081,stInflow,reservoir
IT,h1943,0.868331079277232,scr2081,stInflow,reservoir
IT,h1944,0.868331079277232,scr2081,stInflow,reservoir
IT,h1945,0.868331079277232,scr2081,stInflow,reservoir
IT,h1946,0.868331079277232,scr2081,stInflow,reservoir
IT,h1947,0.868331079277232,scr2081,stInflow,reservoir
IT,h1948,0.868331079277232,scr2081,stInflow,reservoir
IT,h1949,0.868331079277232,scr2081,stInflow,reservoir
IT,h1950,0.868331079277232,scr2081,stInflow,reservoir
IT,h1951,0.868331079277232,scr2081,stInflow,reservoir
IT,h1952,0.868331079277232,scr2081,stInflow,reservoir
IT,h1953,0.868331079277232,scr2081,stInflow,reservoir
IT,h1954,0.868331079277232,scr2081,stInflow,reservoir
IT,h1955,0.868331079277232,scr2081,stInflow,reservoir
IT,h1956,0.868331079277232,scr2081,stInflow,reservoir
IT,h1957,0.868331079277232,scr2081,stInflow,reservoir
IT,h1958,0.868331079277232,scr2081,stInflow,reservoir
IT,h1959,0.868331079277232,scr2081,stInflow,reservoir
IT,h1960,0.868331079277232,scr2081,stInflow,reservoir
IT,h1961,0.868331079277232,scr2081,stInflow,reservoir
IT,h1962,0.868331079277232,scr2081,stInflow,reservoir
IT,h1963,0.868331079277232,scr2081,stInflow,reservoir
IT,h1964,0.868331079277232,scr2081,stInflow,reservoir
IT,h1965,0.868331079277232,scr2081,stInflow,reservoir
IT,h1966,0.868331079277232,scr2081,stInflow,reservoir
IT,h1967,0.868331079277232,scr2081,stInflow,reservoir
IT,h1968,0.868331079277232,scr2081,stInflow,reservoir
IT,h1969,0.8913730801031061,scr2081,stInflow,reservoir
IT,h1970,0.9144151404951169,scr2081,stInflow,reservoir
IT,h1971,0.9374572589522087,scr2081,stInflow,reservoir
IT,h1972,0.9374572589522087,scr2081,stInflow,reservoir
IT,h1973,0.9374572589522087,scr2081,stInflow,reservoir
IT,h1974,0.9374572589522087,scr2081,stInflow,reservoir
IT,h1975,0.9374572589522087,scr2081,stInflow,reservoir
IT,h1976,0.9374572589522087,scr2081,stInflow,reservoir
IT,h1977,0.9374572589522087,scr2081,stInflow,reservoir
IT,h1978,0.9374572589522087,scr2081,stInflow,reservoir
IT,h1979,0.9374572589522087,scr2081,stInflow,reservoir
IT,h1980,0.9374572589522087,scr2081,stInflow,reservoir
IT,h1981,0.9374572589522087,scr2081,stInflow,reservoir
IT,h1982,0.9374572589522087,scr2081,stInflow,reservoir
IT,h1983,0.9374572589522087,scr2081,stInflow,reservoir
IT,h1984,0.9374572589522087,scr2081,stInflow,reservoir
IT,h1985,0.9374572589522087,scr2081,stInflow,reservoir
IT,h1986,0.9374572589522087,scr2081,stInflow,reservoir
IT,h1987,0.9374572589522087,scr2081,stInflow,reservoir
IT,h1988,0.9374572589522087,scr2081,stInflow,reservoir
IT,h1989,0.9374572589522087,scr2081,stInflow,reservoir
IT,h1990,0.9374572589522087,scr2081,stInflow,reservoir
IT,h1991,0.9374572589522087,scr2081,stInflow,reservoir
IT,h1992,0.9374572589522087,scr2081,stInflow,reservoir
IT,h1993,0.9374572589522087,scr2081,stInflow,reservoir
IT,h1994,0.9374572589522087,scr2081,stInflow,reservoir
IT,h1995,0.9374572589522087,scr2081,stInflow,reservoir
IT,h1996,0.9374572589522087,scr2081,stInflow,reservoir
IT,h1997,0.9374572589522087,scr2081,stInflow,reservoir
IT,h1998,0.9374572589522087,scr2081,stInflow,reservoir
IT,h1999,0.9374572589522087,scr2081,stInflow,reservoir
IT,h2000,0.9374572589522087,scr2081,stInflow,reservoir
IT,h2001,0.9374572589522087,scr2081,stInflow,reservoir
IT,h2002,0.9374572589522087,scr2081,stInflow,reservoir
IT,h2003,0.9374572589522087,scr2081,stInflow,reservoir
IT,h2004,0.9374572589522087,scr2081,stInflow,reservoir
IT,h2005,0.9374572589522087,scr2081,stInflow,reservoir
IT,h2006,0.9374572589522087,scr2081,stInflow,reservoir
IT,h2007,0.9374572589522087,scr2081,stInflow,reservoir
IT,h2008,0.9374572589522087,scr2081,stInflow,reservoir
IT,h2009,0.9374572589522087,scr2081,stInflow,reservoir
IT,h2010,0.9374572589522087,scr2081,stInflow,reservoir
IT,h2011,0.9374572589522087,scr2081,stInflow,reservoir
IT,h2012,0.9374572589522087,scr2081,stInflow,reservoir
IT,h2013,0.9374572589522087,scr2081,stInflow,reservoir
IT,h2014,0.9374572589522087,scr2081,stInflow,reservoir
IT,h2015,0.9374572589522087,scr2081,stInflow,reservoir
IT,h2016,0.9374572589522087,scr2081,stInflow,reservoir
IT,h2017,0.9374572589522087,scr2081,stInflow,reservoir
IT,h2018,0.9374572589522087,scr2081,stInflow,reservoir
IT,h2019,0.9374572589522087,scr2081,stInflow,reservoir
IT,h2020,0.9374572589522087,scr2081,stInflow,reservoir
IT,h2021,0.9374572589522087,scr2081,stInflow,reservoir
IT,h2022,0.9374572589522087,scr2081,stInflow,reservoir
IT,h2023,0.9374572589522087,scr2081,stInflow,reservoir
IT,h2024,0.9374572589522087,scr2081,stInflow,reservoir
IT,h2025,0.9374572589522087,scr2081,stInflow,reservoir
IT,h2026,0.9374572589522087,scr2081,stInflow,reservoir
IT,h2027,0.9374572589522087,scr2081,stInflow,reservoir
IT,h2028,0.9374572589522087,scr2081,stInflow,reservoir
IT,h2029,0.9374572589522087,scr2081,stInflow,reservoir
IT,h2030,0.9374572589522087,scr2081,stInflow,reservoir
IT,h2031,0.9374572589522087,scr2081,stInflow,reservoir
IT,h2032,0.9374572589522087,scr2081,stInflow,reservoir
IT,h2033,0.9374572589522087,scr2081,stInflow,reservoir
IT,h2034,0.9374572589522087,scr2081,stInflow,reservoir
IT,h2035,0.9374572589522087,scr2081,stInflow,reservoir
IT,h2036,0.9374572589522087,scr2081,stInflow,reservoir
IT,h2037,0.9374572589522087,scr2081,stInflow,reservoir
IT,h2038,0.9374572589522087,scr2081,stInflow,reservoir
IT,h2039,0.9374572589522087,scr2081,stInflow,reservoir
IT,h2040,0.9374572589522087,scr2081,stInflow,reservoir
IT,h2041,0.9374572589522087,scr2081,stInflow,reservoir
IT,h2042,0.9374572589522087,scr2081,stInflow,reservoir
IT,h2043,0.9374572589522087,scr2081,stInflow,reservoir
IT,h2044,0.9374572589522087,scr2081,stInflow,reservoir
IT,h2045,0.9374572589522087,scr2081,stInflow,reservoir
IT,h2046,0.9374572589522087,scr2081,stInflow,reservoir
IT,h2047,0.9374572589522087,scr2081,stInflow,reservoir
IT,h2048,0.9374572589522087,scr2081,stInflow,reservoir
IT,h2049,0.9374572589522087,scr2081,stInflow,reservoir
IT,h2050,0.9374572589522087,scr2081,stInflow,reservoir
IT,h2051,0.9374572589522087,scr2081,stInflow,reservoir
IT,h2052,0.9374572589522087,scr2081,stInflow,reservoir
IT,h2053,0.9374572589522087,scr2081,stInflow,reservoir
IT,h2054,0.9374572589522087,scr2081,stInflow,reservoir
IT,h2055,0.9374572589522087,scr2081,stInflow,reservoir
IT,h2056,0.9374572589522087,scr2081,stInflow,reservoir
IT,h2057,0.9374572589522087,scr2081,stInflow,reservoir
IT,h2058,0.9374572589522087,scr2081,stInflow,reservoir
IT,h2059,0.9374572589522087,scr2081,stInflow,reservoir
IT,h2060,0.9374572589522087,scr2081,stInflow,reservoir
IT,h2061,0.9374572589522087,scr2081,stInflow,reservoir
IT,h2062,0.9374572589522087,scr2081,stInflow,reservoir
IT,h2063,0.9374572589522087,scr2081,stInflow,reservoir
IT,h2064,0.9374572589522087,scr2081,stInflow,reservoir
IT,h2065,0.9374572589522087,scr2081,stInflow,reservoir
IT,h2066,0.9374572589522087,scr2081,stInflow,reservoir
IT,h2067,0.9374572589522087,scr2081,stInflow,reservoir
IT,h2068,0.9374572589522087,scr2081,stInflow,reservoir
IT,h2069,0.9374572589522087,scr2081,stInflow,reservoir
IT,h2070,0.9374572589522087,scr2081,stInflow,reservoir
IT,h2071,0.9374572589522087,scr2081,stInflow,reservoir
IT,h2072,0.9374572589522087,scr2081,stInflow,reservoir
IT,h2073,0.9374572589522087,scr2081,stInflow,reservoir
IT,h2074,0.9374572589522087,scr2081,stInflow,reservoir
IT,h2075,0.9374572589522087,scr2081,stInflow,reservoir
IT,h2076,0.9374572589522087,scr2081,stInflow,reservoir
IT,h2077,0.9374572589522087,scr2081,stInflow,reservoir
IT,h2078,0.9374572589522087,scr2081,stInflow,reservoir
IT,h2079,0.9374572589522087,scr2081,stInflow,reservoir
IT,h2080,0.9374572589522087,scr2081,stInflow,reservoir
IT,h2081,0.9374572589522087,scr2081,stInflow,reservoir
IT,h2082,0.9374572589522087,scr2081,stInflow,reservoir
IT,h2083,0.9374572589522087,scr2081,stInflow,reservoir
IT,h2084,0.9374572589522087,scr2081,stInflow,reservoir
IT,h2085,0.9374572589522087,scr2081,stInflow,reservoir
IT,h2086,0.9374572589522087,scr2081,stInflow,reservoir
IT,h2087,0.9374572589522087,scr2081,stInflow,reservoir
IT,h2088,0.9374572589522087,scr2081,stInflow,reservoir
IT,h2089,0.9374572589522087,scr2081,stInflow,reservoir
IT,h2090,0.9374572589522087,scr2081,stInflow,reservoir
IT,h2091,0.9374572589522087,scr2081,stInflow,reservoir
IT,h2092,0.9374572589522087,scr2081,stInflow,reservoir
IT,h2093,0.9374572589522087,scr2081,stInflow,reservoir
IT,h2094,0.9374572589522087,scr2081,stInflow,reservoir
IT,h2095,0.9374572589522087,scr2081,stInflow,reservoir
IT,h2096,0.9374572589522087,scr2081,stInflow,reservoir
IT,h2097,0.9374572589522087,scr2081,stInflow,reservoir
IT,h2098,0.9374572589522087,scr2081,stInflow,reservoir
IT,h2099,0.9374572589522087,scr2081,stInflow,reservoir
IT,h2100,0.9374572589522087,scr2081,stInflow,reservoir
IT,h2101,0.9374572589522087,scr2081,stInflow,reservoir
IT,h2102,0.9374572589522087,scr2081,stInflow,reservoir
IT,h2103,0.9374572589522087,scr2081,stInflow,reservoir
IT,h2104,0.9374572589522087,scr2081,stInflow,reservoir
IT,h2105,0.9374572589522087,scr2081,stInflow,reservoir
IT,h2106,0.9374572589522087,scr2081,stInflow,reservoir
IT,h2107,0.9374572589522087,scr2081,stInflow,reservoir
IT,h2108,0.9374572589522087,scr2081,stInflow,reservoir
IT,h2109,0.9374572589522087,scr2081,stInflow,reservoir
IT,h2110,0.9374572589522087,scr2081,stInflow,reservoir
IT,h2111,0.9374572589522087,scr2081,stInflow,reservoir
IT,h2112,0.9374572589522087,scr2081,stInflow,reservoir
IT,h2113,0.9374572589522087,scr2081,stInflow,reservoir
IT,h2114,0.9374572589522087,scr2081,stInflow,reservoir
IT,h2115,0.9374572589522087,scr2081,stInflow,reservoir
IT,h2116,0.9374572589522087,scr2081,stInflow,reservoir
IT,h2117,0.9374572589522087,scr2081,stInflow,reservoir
IT,h2118,0.9374572589522087,scr2081,stInflow,reservoir
IT,h2119,0.9374572589522087,scr2081,stInflow,reservoir
IT,h2120,0.9374572589522087,scr2081,stInflow,reservoir
IT,h2121,0.9374572589522087,scr2081,stInflow,reservoir
IT,h2122,0.9374572589522087,scr2081,stInflow,reservoir
IT,h2123,0.9374572589522087,scr2081,stInflow,reservoir
IT,h2124,0.9374572589522087,scr2081,stInflow,reservoir
IT,h2125,0.9374572589522087,scr2081,stInflow,reservoir
IT,h2126,0.9374572589522087,scr2081,stInflow,reservoir
IT,h2127,0.9374572589522087,scr2081,stInflow,reservoir
IT,h2128,0.9374572589522087,scr2081,stInflow,reservoir
IT,h2129,0.9374572589522087,scr2081,stInflow,reservoir
IT,h2130,0.9374572589522087,scr2081,stInflow,reservoir
IT,h2131,0.9374572589522087,scr2081,stInflow,reservoir
IT,h2132,0.9374572589522087,scr2081,stInflow,reservoir
IT,h2133,0.9374572589522087,scr2081,stInflow,reservoir
IT,h2134,0.9374572589522087,scr2081,stInflow,reservoir
IT,h2135,0.9374572589522087,scr2081,stInflow,reservoir
IT,h2136,0.9374572589522087,scr2081,stInflow,reservoir
IT,h2137,1.0036527007246534,scr2081,stInflow,reservoir
IT,h2138,1.0698485793734391,scr2081,stInflow,reservoir
IT,h2139,1.1360448678361266,scr2081,stInflow,reservoir
IT,h2140,1.1360448678361266,scr2081,stInflow,reservoir
IT,h2141,1.1360448678361266,scr2081,stInflow,reservoir
IT,h2142,1.1360448678361266,scr2081,stInflow,reservoir
IT,h2143,1.1360448678361266,scr2081,stInflow,reservoir
IT,h2144,1.1360448678361266,scr2081,stInflow,reservoir
IT,h2145,1.1360448678361266,scr2081,stInflow,reservoir
IT,h2146,1.1360448678361266,scr2081,stInflow,reservoir
IT,h2147,1.1360448678361266,scr2081,stInflow,reservoir
IT,h2148,1.1360448678361266,scr2081,stInflow,reservoir
IT,h2149,1.1360448678361266,scr2081,stInflow,reservoir
IT,h2150,1.1360448678361266,scr2081,stInflow,reservoir
IT,h2151,1.1360448678361266,scr2081,stInflow,reservoir
IT,h2152,1.1360448678361266,scr2081,stInflow,reservoir
IT,h2153,1.1360448678361266,scr2081,stInflow,reservoir
IT,h2154,1.1360448678361266,scr2081,stInflow,reservoir
IT,h2155,1.1360448678361266,scr2081,stInflow,reservoir
IT,h2156,1.1360448678361266,scr2081,stInflow,reservoir
IT,h2157,1.1360448678361266,scr2081,stInflow,reservoir
IT,h2158,1.1360448678361266,scr2081,stInflow,reservoir
IT,h2159,1.1360448678361266,scr2081,stInflow,reservoir
IT,h2160,1.1360448678361266,scr2081,stInflow,reservoir
NO,h1441,13.164993068275429,scr2081,stInflow,reservoir
NO,h1442,13.164993068275429,scr2081,stInflow,reservoir
NO,h1443,13.164993068275429,scr2081,stInflow,reservoir
NO,h1444,13.164993068275429,scr2081,stInflow,reservoir
NO,h1445,13.164993068275429,scr2081,stInflow,reservoir
NO,h1446,13.164993068275429,scr2081,stInflow,reservoir
NO,h1447,13.164993068275429,scr2081,stInflow,reservoir
NO,h1448,13.164993068275429,scr2081,stInflow,reservoir
NO,h1449,13.164993068275429,scr2081,stInflow,reservoir
NO,h1450,13.164993068275429,scr2081,stInflow,reservoir
NO,h1451,13.164993068275429,scr2081,stInflow,reservoir
NO,h1452,13.164993068275429,scr2081,stInflow,reservoir
NO,h1453,13.164993068275429,scr2081,stInflow,reservoir
NO,h1454,13.164993068275429,scr2081,stInflow,reservoir
NO,h1455,13.164993068275429,scr2081,stInflow,reservoir
NO,h1456,13.164993068275429,scr2081,stInflow,reservoir
NO,h1457,13.164993068275429,scr2081,stInflow,reservoir
NO,h1458,13.164993068275429,scr2081,stInflow,reservoir
NO,h1459,13.164993068275429,scr2081,stInflow,reservoir
NO,h1460,13.164993068275429,scr2081,stInflow,reservoir
NO,h1461,13.164993068275429,scr2081,stInflow,reservoir
NO,h1462,13.164993068275429,scr2081,stInflow,reservoir
NO,h1463,13.164993068275429,scr2081,stInflow,reservoir
NO,h1464,13.164993068275429,scr2081,stInflow,reservoir
NO,h1465,13.814527874241556,scr2081,stInflow,reservoir
NO,h1466,14.46406573522183,scr2081,stInflow,reservoir
NO,h1467,15.113606513949293,scr2081,stInflow,reservoir
NO,h1468,15.113606513949293,scr2081,stInflow,reservoir
NO,h1469,15.113606513949293,scr2081,stInflow,reservoir
NO,h1470,15.113606513949293,scr2081,stInflow,reservoir
NO,h1471,15.113606513949293,scr2081,stInflow,reservoir
NO,h1472,15.113606513949293,scr2081,stInflow,reservoir
NO,h1473,15.113606513949293,scr2081,stInflow,reservoir
NO,h1474,15.113606513949293,scr2081,stInflow,reservoir
NO,h1475,15.113606513949293,scr2081,stInflow,reservoir
NO,h1476,15.113606513949293,scr2081,stInflow,reservoir
NO,h1477,15.113606513949293,scr2081,stInflow,reservoir
NO,h1478,15.113606513949293,scr2081,stInflow,reservoir
NO,h1479,15.113606513949293,scr2081,stInflow,reservoir
NO,h1480,15.113606513949293,scr2081,stInflow,reservoir
NO,h1481,15.113606513949293,scr2081,stInflow,reservoir
NO,h1482,15.113606513949293,scr2081,stInflow,reservoir
NO,h1483,15.113606513949293,scr2081,stInflow,reservoir
NO,h1484,15.113606513949293,scr2081,stInflow,reservoir
NO,h1485,15.113606513949293,scr2081,stInflow,reservoir
NO,h1486,15.113606513949293,scr2081,stInflow,reservoir
NO,h1487,15.113606513949293,scr2081,stInflow,reservoir
NO,h1488,15.113606513949293,scr2081,stInflow,reservoir
NO,h1489,15.113606513949293,scr2081,stInflow,reservoir
NO,h1490,15.113606513949293,scr2081,stInflow,reservoir
NO,h1491,15.113606513949293,scr2081,stInflow,reservoir
NO,h1492,15.113606513949293,scr2081,stInflow,reservoir
NO,h1493,15.113606513949293,scr2081,stInflow,reservoir
NO,h1494,15.113606513949293,scr2081,stInflow,reservoir
NO,h1495,15.113606513949293,scr2081,stInflow,reservoir
NO,h1496,15.113606513949293,scr2081,stInflow,reservoir
NO,h1497,15.113606513949293,scr2081,stInflow,reservoir
NO,h1498,15.113606513949293,scr2081,stInflow,reservoir
NO,h1499,15.113606513949293,scr2081,stInflow,reservoir
NO,h1500,15.113606513949293,scr2081,stInflow,reservoir
NO,h1501,15.113606513949293,scr2081,stInflow,reservoir
NO,h1502,15.113606513949293,scr2081,stInflow,reservoir
NO,h1503,15.113606513949293,scr2081,stInflow,reservoir
NO,h1504,15.113606513949293,scr2081,stInflow,reservoir
NO,h1505,15.113606513949293,scr2081,stInflow,reservoir
NO,h1506,15.113606513949293,scr2081,stInflow,reservoir
NO,h1507,15.113606513949293,scr2081,stInflow,reservoir
NO,h1508,15.113606513949293,scr2081,stInflow,reservoir
NO,h1509,15.113606513949293,scr2081,stInflow,reservoir
NO,h1510,15.113606513949293,scr2081,stInflow,reservoir
NO,h1511,15.113606513949293,scr2081,stInflow,reservoir
NO,h1512,15.113606513949293,scr2081,stInflow,reservoir
NO,h1513,15.113606513949293,scr2081,stInflow,reservoir
NO,h1514,15.113606513949293,scr2081,stInflow,reservoir
NO,h1515,15.113606513949293,scr2081,stInflow,reservoir
NO,h1516,15.113606513949293,scr2081,stInflow,reservoir
NO,h1517,15.113606513949293,scr2081,stInflow,reservoir
NO,h1518,15.113606513949293,scr2081,stInflow,reservoir
NO,h1519,15.113606513949293,scr2081,stInflow,reservoir
NO,h1520,15.113606513949293,scr2081,stInflow,reservoir
NO,h1521,15.113606513949293,scr2081,stInflow,reservoir
NO,h1522,15.113606513949293,scr2081,stInflow,reservoir
NO,h1523,15.113606513949293,scr2081,stInflow,reservoir
NO,h1524,15.113606513949293,scr2081,stInflow,reservoir
NO,h1525,15.113606513949293,scr2081,stInflow,reservoir
NO,h1526,15.113606513949293,scr2081,stInflow,reservoir
NO,h1527,15.113606513949293,scr2081,stInflow,reservoir
NO,h1528,15.113606513949293,scr2081,stInflow,reservoir
NO,h1529,15.113606513949293,scr2081,stInflow,reservoir
NO,h1530,15.113606513949293,scr2081,stInflow,reservoir
NO,h1531,15.113606513949293,scr2081,stInflow,reservoir
NO,h1532,15.113606513949293,scr2081,stInflow,reservoir
NO,h1533,15.113606513949293,scr2081,stInflow,reservoir
NO,h1534,15.113606513949293,scr2081,stInflow,reservoir
NO,h1535,15.113606513949293,scr2081,stInflow,reservoir
NO,h1536,15.113606513949293,scr2081,stInflow,reservoir
NO,h1537,15.113606513949293,scr2081,stInflow,reservoir
NO,h1538,15.113606513949293,scr2081,stInflow,reservoir
NO,h1539,15.113606513949293,scr2081,stInflow,reservoir
NO,h1540,15.113606513949293,scr2081,stInflow,reservoir
NO,h1541,15.113606513949293,scr2081,stInflow,reservoir
NO,h1542,15.113606513949293,scr2081,stInflow,reservoir
NO,h1543,15.113606513949293,scr2081,stInflow,reservoir
NO,h1544,15.113606513949293,scr2081,stInflow,reservoir
NO,h1545,15.113606513949293,scr2081,stInflow,reservoir
NO,h1546,15.113606513949293,scr2081,stInflow,reservoir
NO,h1547,15.113606513949293,scr2081,stInflow,reservoir
NO,h1548,15.113606513949293,scr2081,stInflow,reservoir
NO,h1549,15.113606513949293,scr2081,stInflow,reservoir
NO,h1550,15.113606513949293,scr2081,stInflow,reservoir
NO,h1551,15.113606513949293,scr2081,stInflow,reservoir
NO,h1552,15.113606513949293,scr2081,stInflow,reservoir
NO,h1553,15.113606513949293,scr2081,stInflow,reservoir
NO,h1554,15.113606513949293,scr2081,stInflow,reservoir
NO,h1555,15.113606513949293,scr2081,stInflow,reservoir
NO,h1556,15.113606513949293,scr2081,stInflow,reservoir
NO,h1557,15.113606513949293,scr2081,stInflow,reservoir
NO,h1558,15.113606513949293,scr2081,stInflow,reservoir
NO,h1559,15.113606513949293,scr2081,stInflow,reservoir
NO,h1560,15.113606513949293,scr2081,stInflow,reservoir
NO,h1561,15.113606513949293,scr2081,stInflow,reservoir
NO,h1562,15.113606513949293,scr2081,stInflow,reservoir
NO,h1563,15.113606513949293,scr2081,stInflow,reservoir
NO,h1564,15.113606513949293,scr2081,stInflow,reservoir
NO,h1565,15.113606513949293,scr2081,stInflow,reservoir
NO,h1566,15.113606513949293,scr2081,stInflow,reservoir
NO,h1567,15.113606513949293,scr2081,stInflow,reservoir
NO,h1568,15.113606513949293,scr2081,stInflow,reservoir
NO,h1569,15.113606513949293,scr2081,stInflow,reservoir
NO,h1570,15.113606513949293,scr2081,stInflow,reservoir
NO,h1571,15.113606513949293,scr2081,stInflow,reservoir
NO,h1572,15.113606513949293,scr2081,stInflow,reservoir
NO,h1573,15.113606513949293,scr2081,stInflow,reservoir
NO,h1574,15.113606513949293,scr2081,stInflow,reservoir
NO,h1575,15.113606513949293,scr2081,stInflow,reservoir
NO,h1576,15.113606513949293,scr2081,stInflow,reservoir
NO,h1577,15.113606513949293,scr2081,stInflow,reservoir
NO,h1578,15.113606513949293,scr2081,stInflow,reservoir
NO,h1579,15.113606513949293,scr2081,stInflow,reservoir
NO,h1580,15.113606513949293,scr2081,stInflow,reservoir
NO,h1581,15.113606513949293,scr2081,stInflow,reservoir
NO,h1582,15.113606513949293,scr2081,stInflow,reservoir
NO,h1583,15.113606513949293,scr2081,stInflow,reservoir
NO,h1584,15.113606513949293,scr2081,stInflow,reservoir
NO,h1585,15.113606513949293,scr2081,stInflow,reservoir
NO,h1586,15.113606513949293,scr2081,stInflow,reservoir
NO,h1587,15.113606513949293,scr2081,stInflow,reservoir
NO,h1588,15.113606513949293,scr2081,stInflow,reservoir
NO,h1589,15.113606513949293,scr2081,stInflow,reservoir
NO,h1590,15.113606513949293,scr2081,stInflow,reservoir
NO,h1591,15.113606513949293,scr2081,stInflow,reservoir
NO,h1592,15.113606513949293,scr2081,stInflow,reservoir
NO,h1593,15.113606513949293,scr2081,stInflow,reservoir
NO,h1594,15.113606513949293,scr2081,stInflow,reservoir
NO,h1595,15.113606513949293,scr2081,stInflow,reservoir
NO,h1596,15.113606513949293,scr2081,stInflow,reservoir
NO,h1597,15.113606513949293,scr2081,stInflow,reservoir
NO,h1598,15.113606513949293,scr2081,stInflow,reservoir
NO,h1599,15.113606513949293,scr2081,stInflow,reservoir
NO,h1600,15.113606513949293,scr2081,stInflow,reservoir
NO,h1601,15.113606513949293,scr2081,stInflow,reservoir
NO,h1602,15.113606513949293,scr2081,stInflow,reservoir
NO,h1603,15.113606513949293,scr2081,stInflow,reservoir
NO,h1604,15.113606513949293,scr2081,stInflow,reservoir
NO,h1605,15.113606513949293,scr2081,stInflow,reservoir
NO,h1606,15.113606513949293,scr2081,stInflow,reservoir
NO,h1607,15.113606513949293,scr2081,stInflow,reservoir
NO,h1608,15.113606513949293,scr2081,stInflow,reservoir
NO,h1609,15.113606513949293,scr2081,stInflow,reservoir
NO,h1610,15.113606513949293,scr2081,stInflow,reservoir
NO,h1611,15.113606513949293,scr2081,stInflow,reservoir
NO,h1612,15.113606513949293,scr2081,stInflow,reservoir
NO,h1613,15.113606513949293,scr2081,stInflow,reservoir
NO,h1614,15.113606513949293,scr2081,stInflow,reservoir
NO,h1615,15.113606513949293,scr2081,stInflow,reservoir
NO,h1616,15.113606513949293,scr2081,stInflow,reservoir
NO,h1617,15.113606513949293,scr2081,stInflow,reservoir
NO,h1618,15.113606513949293,scr2081,stInflow,reservoir
NO,h1619,15.113606513949293,scr2081,stInflow,reservoir
NO,h1620,15.113606513949293,scr2081,stInflow,reservoir
NO,h1621,15.113606513949293,scr2081,stInflow,reservoir
NO,h1622,15.113606513949293,scr2081,stInflow,reservoir
NO,h1623,15.113606513949293,scr2081,stInflow,reservoir
NO,h1624,15.113606513949293,scr2081,stInflow,reservoir
NO,h1625,15.113606513949293,scr2081,stInflow,reservoir
NO,h1626,15.113606513949293,scr2081,stInflow,reservoir
NO,h1627,15.113606513949293,scr2081,stInflow,reservoir
NO,h1628,15.113606513949293,scr2081,stInflow,reservoir
NO,h1629,15.113606513949293,scr2081,stInflow,reservoir
NO,h1630,15.113606513949293,scr2081,stInflow,reservoir
NO,h1631,15.113606513949293,scr2081,stInflow,reservoir
NO,h1632,15.113606513949293,scr2081,stInflow,reservoir
NO,h1633,14.944043742007114,scr2081,stInflow,reservoir
NO,h1634,14.774481162454723,scr2081,stInflow,reservoir
NO,h1635,14.604918777499904,scr2081,stInflow,reservoir
NO,h1636,14.604918777499904,scr2081,stInflow,reservoir
NO,h1637,14.604918777499904,scr2081,stInflow,reservoir
NO,h1638,14.604918777499904,scr2081,stInflow,reservoir
NO,h1639,14.604918777499904,scr2081,stInflow,reservoir
NO,h1640,14.604918777499904,scr2081,stInflow,reservoir
NO,h1641,14.604918777499904,scr2081,stInflow,reservoir
NO,h1642,14.604918777499904,scr2081,stInflow,reservoir
NO,h1643,14.604918777499904,scr2081,stInflow,reservoir
NO,h1644,14.604918777499904,scr2081,stInflow,reservoir
NO,h1645,14.604918777499904,scr2081,stInflow,reservoir
NO,h1646,14.604918777499904,scr2081,stInflow,reservoir
NO,h1647,14.604918777499904,scr2081,stInflow,reservoir
NO,h1648,14.604918777499904,scr2081,stInflow,reservoir
NO,h1649,14.604918777499904,scr2081,stInflow,reservoir
NO,h1650,14.604918777499904,scr2081,stInflow,reservoir
NO,h1651,14.604918777499904,scr2081,stInflow,reservoir
NO,h1652,14.604918777499904,scr2081,stInflow,reservoir
NO,h1653,14.604918777499904,scr2081,stInflow,reservoir
NO,h1654,14.604918777499904,scr2081,stInflow,reservoir
NO,h1655,14.604918777499904,scr2081,stInflow,reservoir
NO,h1656,14.604918777499904,scr2081,stInflow,reservoir
NO,h1657,14.604918777499904,scr2081,stInflow,reservoir
NO,h1658,14.604918777499904,scr2081,stInflow,reservoir
NO,h1659,14.604918777499904,scr2081,stInflow,reservoir
NO,h1660,14.604918777499904,scr2081,stInflow,reservoir
NO,h1661,14.604918777499904,scr2081,stInflow,reservoir
NO,h1662,14.604918777499904,scr2081,stInflow,reservoir
NO,h1663,14.604918777499904,scr2081,stInflow,reservoir
NO,h1664,14.604918777499904,scr2081,stInflow,reservoir
NO,h1665,14.604918777499904,scr2081,stInflow,reservoir
NO,h1666,14.604918777499904,scr2081,stInflow,reservoir
NO,h1667,14.604918777499904,scr2081,stInflow,reservoir
NO,h1668,14.604918777499904,scr2081,stInflow,reservoir
NO,h1669,14.604918777499904,scr2081,stInflow,reservoir
NO,h1670,14.604918777499904,scr2081,stInflow,reservoir
NO,h1671,14.604918777499904,scr2081,stInflow,reservoir
NO,h1672,14.604918777499904,scr2081,stInflow,reservoir
NO,h1673,14.604918777499904,scr2081,stInflow,reservoir
NO,h1674,14.604918777499904,scr2081,stInflow,reservoir
NO,h1675,14.604918777499904,scr2081,stInflow,reservoir
NO,h1676,14.604918777499904,scr2081,stInflow,reservoir
NO,h1677,14.604918777499904,scr2081,stInflow,reservoir
NO,h1678,14.604918777499904,scr2081,stInflow,reservoir
NO,h1679,14.604918777499904,scr2081,stInflow,reservoir
NO,h1680,14.604918777499904,scr2081,stInflow,reservoir
NO,h1681,14.604918777499904,scr2081,stInflow,reservoir
NO,h1682,14.604918777499904,scr2081,stInflow,reservoir
NO,h1683,14.604918777499904,scr2081,stInflow,reservoir
NO,h1684,14.604918777499904,scr2081,stInflow,reservoir
NO,h1685,14.604918777499904,scr2081,stInflow,reservoir
NO,h1686,14.604918777499904,scr2081,stInflow,reservoir
NO,h1687,14.604918777499904,scr2081,stInflow,reservoir
NO,h1688,14.604918777499904,scr2081,stInflow,reservoir
NO,h1689,14.604918777499904,scr2081,stInflow,reservoir
NO,h1690,14.604918777499904,scr2081,stInflow,reservoir
NO,h1691,14.604918777499904,scr2081,stInflow,reservoir
NO,h1692,14.604918777499904,scr2081,stInflow,reservoir
NO,h1693,14.604918777499904,scr2081,stInflow,reservoir
NO,h1694,14.604918777499904,scr2081,stInflow,reservoir
NO,h1695,14.604918777499904,scr2081,stInflow,reservoir
NO,h1696,14.604918777499904,scr2081,stInflow,reservoir
NO,h1697,14.604918777499904,scr2081,stInflow,reservoir
NO,h1698,14.604918777499904,scr2081,stInflow,reservoir
NO,h1699,14.604918777499904,scr2081,stInflow,reservoir
NO,h1700,14.604918777499904,scr2081,stInflow,reservoir
NO,h1701,14.604918777499904,scr2081,stInflow,reservoir
NO,h1702,14.604918777499904,scr2081,stInflow,reservoir
NO,h1703,14.604918777499904,scr2081,stInflow,reservoir
NO,h1704,14.604918777499904,scr2081,stInflow,reservoir
NO,h1705,14.604918777499904,scr2081,stInflow,reservoir
NO,h1706,14.604918777499904,scr2081,stInflow,reservoir
NO,h1707,14.604918777499904,scr2081,stInflow,reservoir
NO,h1708,14.604918777499904,scr2081,stInflow,reservoir
NO,h1709,14.604918777499904,scr2081,stInflow,reservoir
NO,h1710,14.604918777499904,scr2081,stInflow,reservoir
NO,h1711,14.604918777499904,scr2081,stInflow,reservoir
NO,h1712,14.604918777499904,scr2081,stInflow,reservoir
NO,h1713,14.604918777499904,scr2081,stInflow,reservoir
NO,h1714,14.604918777499904,scr2081,stInflow,reservoir
NO,h1715,14.604918777499904,scr2081,stInflow,reservoir
NO,h1716,14.604918777499904,scr2081,stInflow,reservoir
NO,h1717,14.604918777499904,scr2081,stInflow,reservoir
NO,h1718,14.604918777499904,scr2081,stInflow,reservoir
NO,h1719,14.604918777499904,scr2081,stInflow,reservoir
NO,h1720,14.604918777499904,scr2081,stInflow,reservoir
NO,h1721,14.604918777499904,scr2081,stInflow,reservoir
NO,h1722,14.604918777499904,scr2081,stInflow,reservoir
NO,h1723,14.604918777499904,scr2081,stInflow,reservoir
NO,h1724,14.604918777499904,scr2081,stInflow,reservoir
NO,h1725,14.604918777499904,scr2081,stInflow,reservoir
NO,h1726,14.604918777499904,scr2081,stInflow,reservoir
NO,h1727,14.604918777499904,scr2081,stInflow,reservoir
NO,h1728,14.604918777499904,scr2081,stInflow,reservoir
NO,h1729,14.604918777499904,scr2081,stInflow,reservoir
NO,h1730,14.604918777499904,scr2081,stInflow,reservoir
NO,h1731,14.604918777499904,scr2081,stInflow,reservoir
NO,h1732,14.604918777499904,scr2081,stInflow,reservoir
NO,h1733,14.604918777499904,scr2081,stInflow,reservoir
NO,h1734,14.604918777499904,scr2081,stInflow,reservoir
NO,h1735,14.604918777499904,scr2081,stInflow,reservoir
NO,h1736,14.604918777499904,scr2081,stInflow,reservoir
NO,h1737,14.604918777499904,scr2081,stInflow,reservoir
NO,h1738,14.604918777499904,scr2081,stInflow,reservoir
NO,h1739,14.604918777499904,scr2081,stInflow,reservoir
NO,h1740,14.604918777499904,scr2081,stInflow,reservoir
NO,h1741,14.604918777499904,scr2081,stInflow,reservoir
NO,h1742,14.604918777499904,scr2081,stInflow,reservoir
NO,h1743,14.604918777499904,scr2081,stInflow,reservoir
NO,h1744,14.604918777499904,scr2081,stInflow,reservoir
NO,h1745,14.604918777499904,scr2081,stInflow,reservoir
NO,h1746,14.604918777499904,scr2081,stInflow,reservoir
NO,h1747,14.604918777499904,scr2081,stInflow,reservoir
NO,h1748,14.604918777499904,scr2081,stInflow,reservoir
NO,h1749,14.604918777499904,scr2081,stInflow,reservoir
NO,h1750,14.604918777499904,scr2081,stInflow,reservoir
NO,h1751,14.604918777499904,scr2081,stInflow,reservoir
NO,h1752,14.604918777499904,scr2081,stInflow,reservoir
NO,h1753,14.604918777499904,scr2081,stInflow,reservoir
NO,h1754,14.604918777499904,scr2081,stInflow,reservoir
NO,h1755,14.604918777499904,scr2081,stInflow,reservoir
NO,h1756,14.604918777499904,scr2081,stInflow,reservoir
NO,h1757,14.604918777499904,scr2081,stInflow,reservoir
NO,h1758,14.604918777499904,scr2081,stInflow,reservoir
NO,h1759,14.604918777499904,scr2081,stInflow,reservoir
NO,h1760,14.604918777499904,scr2081,stInflow,reservoir
NO,h1761,14.604918777499904,scr2081,stInflow,reservoir
NO,h1762,14.604918777499904,scr2081,stInflow,reservoir
NO,h1763,14.604918777499904,scr2081,stInflow,reservoir
NO,h1764,14.604918777499904,scr2081,stInflow,reservoir
NO,h1765,14.604918777499904,scr2081,stInflow,reservoir
NO,h1766,14.604918777499904,scr2081,stInflow,reservoir
NO,h1767,14.604918777499904,scr2081,stInflow,reservoir
NO,h1768,14.604918777499904,scr2081,stInflow,reservoir
NO,h1769,14.604918777499904,scr2081,stInflow,reservoir
NO,h1770,14.604918777499904,scr2081,stInflow,reservoir
NO,h1771,14.604918777499904,scr2081,stInflow,reservoir
NO,h1772,14.604918777499904,scr2081,stInflow,reservoir
NO,h1773,14.604918777499904,scr2081,stInflow,reservoir
NO,h1774,14.604918777499904,scr2081,stInflow,reservoir
NO,h1775,14.604918777499904,scr2081,stInflow,reservoir
NO,h1776,14.604918777499904,scr2081,stInflow,reservoir
NO,h1777,14.604918777499904,scr2081,stInflow,reservoir
NO,h1778,14.604918777499904,scr2081,stInflow,reservoir
NO,h1779,14.604918777499904,scr2081,stInflow,reservoir
NO,h1780,14.604918777499904,scr2081,stInflow,reservoir
NO,h1781,14.604918777499904,scr2081,stInflow,reservoir
NO,h1782,14.604918777499904,scr2081,stInflow,reservoir
NO,h1783,14.604918777499904,scr2081,stInflow,reservoir
NO,h1784,14.604918777499904,scr2081,stInflow,reservoir
NO,h1785,14.604918777499904,scr2081,stInflow,reservoir
NO,h1786,14.604918777499904,scr2081,stInflow,reservoir
NO,h1787,14.604918777499904,scr2081,stInflow,reservoir
NO,h1788,14.604918777499904,scr2081,stInflow,reservoir
NO,h1789,14.604918777499904,scr2081,stInflow,reservoir
NO,h1790,14.604918777499904,scr2081,stInflow,reservoir
NO,h1791,14.604918777499904,scr2081,stInflow,reservoir
NO,h1792,14.604918777499904,scr2081,stInflow,reservoir
NO,h1793,14.604918777499904,scr2081,stInflow,reservoir
NO,h1794,14.604918777499904,scr2081,stInflow,reservoir
NO,h1795,14.604918777499904,scr2081,stInflow,reservoir
NO,h1796,14.604918777499904,scr2081,stInflow,reservoir
NO,h1797,14.604918777499904,scr2081,stInflow,reservoir
NO,h1798,14.604918777499904,scr2081,stInflow,reservoir
NO,h1799,14.604918777499904,scr2081,stInflow,reservoir
NO,h1800,14.604918777499904,scr2081,stInflow,reservoir
NO,h1801,14.72822506460577,scr2081,stInflow,reservoir
NO,h1802,14.851531454941682,scr2081,stInflow,reservoir
NO,h1803,14.974837947650666,scr2081,stInflow,reservoir
NO,h1804,14.974837947650666,scr2081,stInflow,reservoir
NO,h1805,14.974837947650666,scr2081,stInflow,reservoir
NO,h1806,14.974837947650666,scr2081,stInflow,reservoir
NO,h1807,14.974837947650666,scr2081,stInflow,reservoir
NO,h1808,14.974837947650666,scr2081,stInflow,reservoir
NO,h1809,14.974837947650666,scr2081,stInflow,reservoir
NO,h1810,14.974837947650666,scr2081,stInflow,reservoir
NO,h1811,14.974837947650666,scr2081,stInflow,reservoir
NO,h1812,14.974837947650666,scr2081,stInflow,reservoir
NO,h1813,14.974837947650666,scr2081,stInflow,reservoir
NO,h1814,14.974837947650666,scr2081,stInflow,reservoir
NO,h1815,14.974837947650666,scr2081,stInflow,reservoir
NO,h1816,14.974837947650666,scr2081,stInflow,reservoir
NO,h1817,14.974837947650666,scr2081,stInflow,reservoir
NO,h1818,14.974837947650666,scr2081,stInflow,reservoir
NO,h1819,14.974837947650666,scr2081,stInflow,reservoir
NO,h1820,14.974837947650666,scr2081,stInflow,reservoir
NO,h1821,14.974837947650666,scr2081,stInflow,reservoir
NO,h1822,14.974837947650666,scr2081,stInflow,reservoir
NO,h1823,14.974837947650666,scr2081,stInflow,reservoir
NO,h1824,14.974837947650666,scr2081,stInflow,reservoir
NO,h1825,14.974837947650666,scr2081,stInflow,reservoir
NO,h1826,14.974837947650666,scr2081,stInflow,reservoir
NO,h1827,14.974837947650666,scr2081,stInflow,reservoir
NO,h1828,14.974837947650666,scr2081,stInflow,reservoir
NO,h1829,14.974837947650666,scr2081,stInflow,reservoir
NO,h1830,14.974837947650666,scr2081,stInflow,reservoir
NO,h1831,14.974837947650666,scr2081,stInflow,reservoir
NO,h1832,14.974837947650666,scr2081,stInflow,reservoir
NO,h1833,14.974837947650666,scr2081,stInflow,reservoir
NO,h1834,14.974837947650666,scr2081,stInflow,reservoir
NO,h1835,14.974837947650666,scr2081,stInflow,reservoir
NO,h1836,14.974837947650666,scr2081,stInflow,reservoir
NO,h1837,14.974837947650666,scr2081,stInflow,reservoir
NO,h1838,14.974837947650666,scr2081,stInflow,reservoir
NO,h1839,14.974837947650666,scr2081,stInflow,reservoir
NO,h1840,14.974837947650666,scr2081,stInflow,reservoir
NO,h1841,14.974837947650666,scr2081,stInflow,reservoir
NO,h1842,14.974837947650666,scr2081,stInflow,reservoir
NO,h1843,14.974837947650666,scr2081,stInflow,reservoir
NO,h1844,14.974837947650666,scr2081,stInflow,reservoir
NO,h1845,14.974837947650666,scr2081,stInflow,reservoir
NO,h1846,14.974837947650666,scr2081,stInflow,reservoir
NO,h1847,14.974837947650666,scr2081,stInflow,reservoir
NO,h1848,14.974837947650666,scr2081,stInflow,reservoir
NO,h1849,14.974837947650666,scr2081,stInflow,reservoir
NO,h1850,14.974837947650666,scr2081,stInflow,reservoir
NO,h1851,14.974837947650666,scr2081,stInflow,reservoir
NO,h1852,14.974837947650666,scr2081,stInflow,reservoir
NO,h1853,14.974837947650666,scr2081,stInflow,reservoir
NO,h1854,14.974837947650666,scr2081,stInflow,reservoir
NO,h1855,14.974837947650666,scr2081,stInflow,reservoir
NO,h1856,14.974837947650666,scr2081,stInflow,reservoir
NO,h1857,14.974837947650666,scr2081,stInflow,reservoir
NO,h1858,14.974837947650666,scr2081,stInflow,reservoir
NO,h1859,14.974837947650666,scr2081,stInflow,reservoir
NO,h1860,14.974837947650666,scr2081,stInflow,reservoir
NO,h1861,14.974837947650666,scr2081,stInflow,reservoir
NO,h1862,14.974837947650666,scr2081,stInflow,reservoir
NO,h1863,14.974837947650666,scr2081,stInflow,reservoir
NO,h1864,14.974837947650666,scr2081,stInflow,reservoir
NO,h1865,14.974837947650666,scr2081,stInflow,reservoir
NO,h1866,14.974837947650666,scr2081,stInflow,reservoir
NO,h1867,14.974837947650666,scr2081,stInflow,reservoir
NO,h1868,14.974837947650666,scr2081,stInflow,reservoir
NO,h1869,14.974837947650666,scr2081,stInflow,reservoir
NO,h1870,14.974837947650666,scr2081,stInflow,reservoir
NO,h1871,14.974837947650666,scr2081,stInflow,reservoir
NO,h1872,14.974837947650666,scr2081,stInflow,reservoir
NO,h1873,14.974837947650666,scr2081,stInflow,reservoir
NO,h1874,14.974837947650666,scr2081,stInflow,reservoir
NO,h1875,14.974837947650666,scr2081,stInflow,reservoir
NO,h1876,14.974837947650666,scr2081,stInflow,reservoir
NO,h1877,14.974837947650666,scr2081,stInflow,reservoir
NO,h1878,14.974837947650666,scr2081,stInflow,reservoir
NO,h1879,14.974837947650666,scr2081,stInflow,reservoir
NO,h1880,14.974837947650666,scr2081,stInflow,reservoir
NO,h1881,14.974837947650666,scr2081,stInflow,reservoir
NO,h1882,14.974837947650666,scr2081,stInflow,reservoir
NO,h1883,14.974837947650666,scr2081,stInflow,reservoir
NO,h1884,14.974837947650666,scr2081,stInflow,reservoir
NO,h1885,14.974837947650666,scr2081,stInflow,reservoir
NO,h1886,14.974837947650666,scr2081,stInflow,reservoir
NO,h1887,14.974837947650666,scr2081,stInflow,reservoir
NO,h1888,14.974837947650666,scr2081,stInflow,reservoir
NO,h1889,14.974837947650666,scr2081,stInflow,reservoir
NO,h1890,14.974837947650666,scr2081,stInflow,reservoir
NO,h1891,14.974837947650666,scr2081,stInflow,reservoir
NO,h1892,14.974837947650666,scr2081,stInflow,reservoir
NO,h1893,14.974837947650666,scr2081,stInflow,reservoir
NO,h1894,14.974837947650666,scr2081,stInflow,reservoir
NO,h1895,14.974837947650666,scr2081,stInflow,reservoir
NO,h1896,14.974837947650666,scr2081,stInflow,reservoir
NO,h1897,14.974837947650666,scr2081,stInflow,reservoir
NO,h1898,14.974837947650666,scr2081,stInflow,reservoir
NO,h1899,14.974837947650666,scr2081,stInflow,reservoir
NO,h1900,14.974837947650666,scr2081,stInflow,reservoir
NO,h1901,14.974837947650666,scr2081,stInflow,reservoir
NO,h1902,14.974837947650666,scr2081,stInflow,reservoir
NO,h1903,14.974837947650666,scr2081,stInflow,reservoir
NO,h1904,14.974837947650666,scr2081,stInflow,reservoir
NO,h1905,14.974837947650666,scr2081,stInflow,reservoir
NO,h1906,14.974837947650666,scr2081,stInflow,reservoir
NO,h1907,14.974837947650666,scr2081,stInflow,reservoir
NO,h1908,14.974837947650666,scr2081,stInflow,reservoir
NO,h1909,14.974837947650666,scr2081,stInflow,reservoir
NO,h1910,14.974837947650666,scr2081,stInflow,reservoir
NO,h1911,14.974837947650666,scr2081,stInflow,reservoir
NO,h1912,14.974837947650666,scr2081,stInflow,reservoir
NO,h1913,14.974837947650666,scr2081,stInflow,reservoir
NO,h1914,14.974837947650666,scr2081,stInflow,reservoir
NO,h1915,14.974837947650666,scr2081,stInflow,reservoir
NO,h1916,14.974837947650666,scr2081,stInflow,reservoir
NO,h1917,14.974837947650666,scr2081,stInflow,reservoir
NO,h1918,14.974837947650666,scr2081,stInflow,reservoir
NO,h1919,14.974837947650666,scr2081,stInflow,reservoir
NO,h1920,14.974837947650666,scr2081,stInflow,reservoir
NO,h1921,14.974837947650666,scr2081,stInflow,reservoir
NO,h1922,14.974837947650666,scr2081,stInflow,reservoir
NO,h1923,14.974837947650666,scr2081,stInflow,reservoir
NO,h1924,14.974837947650666,scr2081,stInflow,reservoir
NO,h1925,14.974837947650666,scr2081,stInflow,reservoir
NO,h1926,14.974837947650666,scr2081,stInflow,reservoir
NO,h1927,14.974837947650666,scr2081,stInflow,reservoir
NO,h1928,14.974837947650666,scr2081,stInflow,reservoir
NO,h1929,14.974837947650666,scr2081,stInflow,reservoir
NO,h1930,14.974837947650666,scr2081,stInflow,reservoir
NO,h1931,14.974837947650666,scr2081,stInflow,reservoir
NO,h1932,14.974837947650666,scr2081,stInflow,reservoir
NO,h1933,14.974837947650666,scr2081,stInflow,reservoir
NO,h1934,14.974837947650666,scr2081,stInflow,reservoir
NO,h1935,14.974837947650666,scr2081,stInflow,reservoir
NO,h1936,14.974837947650666,scr2081,stInflow,reservoir
NO,h1937,14.974837947650666,scr2081,stInflow,reservoir
NO,h1938,14.974837947650666,scr2081,stInflow,reservoir
NO,h1939,14.974837947650666,scr2081,stInflow,reservoir
NO,h1940,14.974837947650666,scr2081,stInflow,reservoir
NO,h1941,14.974837947650666,scr2081,stInflow,reservoir
NO,h1942,14.974837947650666,scr2081,stInflow,reservoir
NO,h1943,14.974837947650666,scr2081,stInflow,reservoir
NO,h1944,14.974837947650666,scr2081,stInflow,reservoir
NO,h1945,14.974837947650666,scr2081,stInflow,reservoir
NO,h1946,14.974837947650666,scr2081,stInflow,reservoir
NO,h1947,14.974837947650666,scr2081,stInflow,reservoir
NO,h1948,14.974837947650666,scr2081,stInflow,reservoir
NO,h1949,14.974837947650666,scr2081,stInflow,reservoir
NO,h1950,14.974837947650666,scr2081,stInflow,reservoir
NO,h1951,14.974837947650666,scr2081,stInflow,reservoir
NO,h1952,14.974837947650666,scr2081,stInflow,reservoir
NO,h1953,14.974837947650666,scr2081,stInflow,reservoir
NO,h1954,14.974837947650666,scr2081,stInflow,reservoir
NO,h1955,14.974837947650666,scr2081,stInflow,reservoir
NO,h1956,14.974837947650666,scr2081,stInflow,reservoir
NO,h1957,14.974837947650666,scr2081,stInflow,reservoir
NO,h1958,14.974837947650666,scr2081,stInflow,reservoir
NO,h1959,14.974837947650666,scr2081,stInflow,reservoir
NO,h1960,14.974837947650666,scr2081,stInflow,reservoir
NO,h1961,14.974837947650666,scr2081,stInflow,reservoir
NO,h1962,14.974837947650666,scr2081,stInflow,reservoir
NO,h1963,14.974837947650666,scr2081,stInflow,reservoir
NO,h1964,14.974837947650666,scr2081,stInflow,reservoir
NO,h1965,14.974837947650666,scr2081,stInflow,reservoir
NO,h1966,14.974837947650666,scr2081,stInflow,reservoir
NO,h1967,14.974837947650666,scr2081,stInflow,reservoir
NO,h1968,14.974837947650666,scr2081,stInflow,reservoir
NO,h1969,14.334125836133925,scr2081,stInflow,reservoir
NO,h1970,13.693416589314449,scr2081,stInflow,reservoir
NO,h1971,13.052710341306526,scr2081,stInflow,reservoir
NO,h1972,13.052710341306526,scr2081,stInflow,reservoir
NO,h1973,13.052710341306526,scr2081,stInflow,reservoir
NO,h1974,13.052710341306526,scr2081,stInflow,reservoir
NO,h1975,13.052710341306526,scr2081,stInflow,reservoir
NO,h1976,13.052710341306526,scr2081,stInflow,reservoir
NO,h1977,13.052710341306526,scr2081,stInflow,reservoir
NO,h1978,13.052710341306526,scr2081,stInflow,reservoir
NO,h1979,13.052710341306526,scr2081,stInflow,reservoir
NO,h1980,13.052710341306526,scr2081,stInflow,reservoir
NO,h1981,13.052710341306526,scr2081,stInflow,reservoir
NO,h1982,13.052710341306526,scr2081,stInflow,reservoir
NO,h1983,13.052710341306526,scr2081,stInflow,reservoir
NO,h1984,13.052710341306526,scr2081,stInflow,reservoir
NO,h1985,13.052710341306526,scr2081,stInflow,reservoir
NO,h1986,13.052710341306526,scr2081,stInflow,reservoir
NO,h1987,13.052710341306526,scr2081,stInflow,reservoir
NO,h1988,13.052710341306526,scr2081,stInflow,reservoir
NO,h1989,13.052710341306526,scr2081,stInflow,reservoir
NO,h1990,13.052710341306526,scr2081,stInflow,reservoir
NO,h1991,13.052710341306526,scr2081,stInflow,reservoir
NO,h1992,13.052710341306526,scr2081,stInflow,reservoir
NO,h1993,13.052710341306526,scr2081,stInflow,reservoir
NO,h1994,13.052710341306526,scr2081,stInflow,reservoir
NO,h1995,13.052710341306526,scr2081,stInflow,reservoir
NO,h1996,13.052710341306526,scr2081,stInflow,reservoir
NO,h1997,13.052710341306526,scr2081,stInflow,reservoir
NO,h1998,13.052710341306526,scr2081,stInflow,reservoir
NO,h1999,13.052710341306526,scr2081,stInflow,reservoir
NO,h2000,13.052710341306526,scr2081,stInflow,reservoir
NO,h2001,13.052710341306526,scr2081,stInflow,reservoir
NO,h2002,13.052710341306526,scr2081,stInflow,reservoir
NO,h2003,13.052710341306526,scr2081,stInflow,reservoir
NO,h2004,13.052710341306526,scr2081,stInflow,reservoir
NO,h2005,13.052710341306526,scr2081,stInflow,reservoir
NO,h2006,13.052710341306526,scr2081,stInflow,reservoir
NO,h2007,13.052710341306526,scr2081,stInflow,reservoir
NO,h2008,13.052710341306526,scr2081,stInflow,reservoir
NO,h2009,13.052710341306526,scr2081,stInflow,reservoir
NO,h2010,13.052710341306526,scr2081,stInflow,reservoir
NO,h2011,13.052710341306526,scr2081,stInflow,reservoir
NO,h2012,13.052710341306526,scr2081,stInflow,reservoir
NO,h2013,13.052710341306526,scr2081,stInflow,reservoir
NO,h2014,13.052710341306526,scr2081,stInflow,reservoir
NO,h2015,13.052710341306526,scr2081,stInflow,reservoir
NO,h2016,13.052710341306526,scr2081,stInflow,reservoir
NO,h2017,13.052710341306526,scr2081,stInflow,reservoir
NO,h2018,13.052710341306526,scr2081,stInflow,reservoir
NO,h2019,13.052710341306526,scr2081,stInflow,reservoir
NO,h2020,13.052710341306526,scr2081,stInflow,reservoir
NO,h2021,13.052710341306526,scr2081,stInflow,reservoir
NO,h2022,13.052710341306526,scr2081,stInflow,reservoir
NO,h2023,13.052710341306526,scr2081,stInflow,reservoir
NO,h2024,13.052710341306526,scr2081,stInflow,reservoir
NO,h2025,13.052710341306526,scr2081,stInflow,reservoir
NO,h2026,13.052710341306526,scr2081,stInflow,reservoir
NO,h2027,13.052710341306526,scr2081,stInflow,reservoir
NO,h2028,13.052710341306526,scr2081,stInflow,reservoir
NO,h2029,13.052710341306526,scr2081,stInflow,reservoir
NO,h2030,13.052710341306526,scr2081,stInflow,reservoir
NO,h2031,13.052710341306526,scr2081,stInflow,reservoir
NO,h2032,13.052710341306526,scr2081,stInflow,reservoir
NO,h2033,13.052710341306526,scr2081,stInflow,reservoir
NO,h2034,13.052710341306526,scr2081,stInflow,reservoir
NO,h2035,13.052710341306526,scr2081,stInflow,reservoir
NO,h2036,13.052710341306526,scr2081,stInflow,reservoir
NO,h2037,13.052710341306526,scr2081,stInflow,reservoir
NO,h2038,13.052710341306526,scr2081,stInflow,reservoir
NO,h2039,13.052710341306526,scr2081,stInflow,reservoir
NO,h2040,13.052710341306526,scr2081,stInflow,reservoir
NO,h2041,13.052710341306526,scr2081,stInflow,reservoir
NO,h2042,13.052710341306526,scr2081,stInflow,reservoir
NO,h2043,13.052710341306526,scr2081,stInflow,reservoir
NO,h2044,13.052710341306526,scr2081,stInflow,reservoir
NO,h2045,13.052710341306526,scr2081,stInflow,reservoir
NO,h2046,13.052710341306526,scr2081,stInflow,reservoir
NO,h2047,13.052710341306526,scr2081,stInflow,reservoir
NO,h2048,13.052710341306526,scr2081,stInflow,reservoir
NO,h2049,13.052710341306526,scr2081,stInflow,reservoir
NO,h2050,13.052710341306526,scr2081,stInflow,reservoir
NO,h2051,13.052710341306526,scr2081,stInflow,reservoir
NO,h2052,13.052710341306526,scr2081,stInflow,reservoir
NO,h2053,13.052710341306526,scr2081,stInflow,reservoir
NO,h2054,13.052710341306526,scr2081,stInflow,reservoir
NO,h2055,13.052710341306526,scr2081,stInflow,reservoir
NO,h2056,13.052710341306526,scr2081,stInflow,reservoir
NO,h2057,13.052710341306526,scr2081,stInflow,reservoir
NO,h2058,13.052710341306526,scr2081,stInflow,reservoir
NO,h2059,13.052710341306526,scr2081,stInflow,reservoir
NO,h2060,13.052710341306526,scr2081,stInflow,reservoir
NO,h2061,13.052710341306526,scr2081,stInflow,reservoir
NO,h2062,13.052710341306526,scr2081,stInflow,reservoir
NO,h2063,13.052710341306526,scr2081,stInflow,reservoir
NO,h2064,13.052710341306526,scr2081,stInflow,reservoir
NO,h2065,13.052710341306526,scr2081,stInflow,reservoir
NO,h2066,13.052710341306526,scr2081,stInflow,reservoir
NO,h2067,13.052710341306526,scr2081,stInflow,reservoir
NO,h2068,13.052710341306526,scr2081,stInflow,reservoir
NO,h2069,13.052710341306526,scr2081,stInflow,reservoir
NO,h2070,13.052710341306526,scr2081,stInflow,reservoir
NO,h2071,13.052710341306526,scr2081,stInflow,reservoir
NO,h2072,13.052710341306526,scr2081,stInflow,reservoir
NO,h2073,13.052710341306526,scr2081,stInflow,reservoir
NO,h2074,13.052710341306526,scr2081,stInflow,reservoir
NO,h2075,13.052710341306526,scr2081,stInflow,reservoir
NO,h2076,13.052710341306526,scr2081,stInflow,reservoir
NO,h2077,13.052710341306526,scr2081,stInflow,reservoir
NO,h2078,13.052710341306526,scr2081,stInflow,reservoir
NO,h2079,13.052710341306526,scr2081,stInflow,reservoir
NO,h2080,13.052710341306526,scr2081,stInflow,reservoir
NO,h2081,13.052710341306526,scr2081,stInflow,reservoir
NO,h2082,13.052710341306526,scr2081,stInflow,reservoir
NO,h2083,13.052710341306526,scr2081,stInflow,reservoir
NO,h2084,13.052710341306526,scr2081,stInflow,reservoir
NO,h2085,13.052710341306526,scr2081,stInflow,reservoir
NO,h2086,13.052710341306526,scr2081,stInflow,reservoir
NO,h2087,13.052710341306526,scr2081,stInflow,reservoir
NO,h2088,13.052710341306526,scr2081,stInflow,reservoir
NO,h2089,13.052710341306526,scr2081,stInflow,reservoir
NO,h2090,13.052710341306526,scr2081,stInflow,reservoir
NO,h2091,13.052710341306526,scr2081,stInflow,reservoir
NO,h2092,13.052710341306526,scr2081,stInflow,reservoir
NO,h2093,13.052710341306526,scr2081,stInflow,reservoir
NO,h2094,13.052710341306526,scr2081,stInflow,reservoir
NO,h2095,13.052710341306526,scr2081,stInflow,reservoir
NO,h2096,13.052710341306526,scr2081,stInflow,reservoir
NO,h2097,13.052710341306526,scr2081,stInflow,reservoir
NO,h2098,13.052710341306526,scr2081,stInflow,reservoir
NO,h2099,13.052710341306526,scr2081,stInflow,reservoir
NO,h2100,13.052710341306526,scr2081,stInflow,reservoir
NO,h2101,13.052710341306526,scr2081,stInflow,reservoir
NO,h2102,13.052710341306526,scr2081,stInflow,reservoir
NO,h2103,13.052710341306526,scr2081,stInflow,reservoir
NO,h2104,13.052710341306526,scr2081,stInflow,reservoir
NO,h2105,13.052710341306526,scr2081,stInflow,reservoir
NO,h2106,13.052710341306526,scr2081,stInflow,reservoir
NO,h2107,13.052710341306526,scr2081,stInflow,reservoir
NO,h2108,13.052710341306526,scr2081,stInflow,reservoir
NO,h2109,13.052710341306526,scr2081,stInflow,reservoir
NO,h2110,13.052710341306526,scr2081,stInflow,reservoir
NO,h2111,13.052710341306526,scr2081,stInflow,reservoir
NO,h2112,13.052710341306526,scr2081,stInflow,reservoir
NO,h2113,13.052710341306526,scr2081,stInflow,reservoir
NO,h2114,13.052710341306526,scr2081,stInflow,reservoir
NO,h2115,13.052710341306526,scr2081,stInflow,reservoir
NO,h2116,13.052710341306526,scr2081,stInflow,reservoir
NO,h2117,13.052710341306526,scr2081,stInflow,reservoir
NO,h2118,13.052710341306526,scr2081,stInflow,reservoir
NO,h2119,13.052710341306526,scr2081,stInflow,reservoir
NO,h2120,13.052710341306526,scr2081,stInflow,reservoir
NO,h2121,13.052710341306526,scr2081,stInflow,reservoir
NO,h2122,13.052710341306526,scr2081,stInflow,reservoir
NO,h2123,13.052710341306526,scr2081,stInflow,reservoir
NO,h2124,13.052710341306526,scr2081,stInflow,reservoir
NO,h2125,13.052710341306526,scr2081,stInflow,reservoir
NO,h2126,13.052710341306526,scr2081,stInflow,reservoir
NO,h2127,13.052710341306526,scr2081,stInflow,reservoir
NO,h2128,13.052710341306526,scr2081,stInflow,reservoir
NO,h2129,13.052710341306526,scr2081,stInflow,reservoir
NO,h2130,13.052710341306526,scr2081,stInflow,reservoir
NO,h2131,13.052710341306526,scr2081,stInflow,reservoir
NO,h2132,13.052710341306526,scr2081,stInflow,reservoir
NO,h2133,13.052710341306526,scr2081,stInflow,reservoir
NO,h2134,13.052710341306526,scr2081,stInflow,reservoir
NO,h2135,13.052710341306526,scr2081,stInflow,reservoir
NO,h2136,13.052710341306526,scr2081,stInflow,reservoir
NO,h2137,12.79892715600823,scr2081,stInflow,reservoir
NO,h2138,12.545144473937015,scr2081,stInflow,reservoir
NO,h2139,12.29136230527293,scr2081,stInflow,reservoir
NO,h2140,12.29136230527293,scr2081,stInflow,reservoir
NO,h2141,12.29136230527293,scr2081,stInflow,reservoir
NO,h2142,12.29136230527293,scr2081,stInflow,reservoir
NO,h2143,12.29136230527293,scr2081,stInflow,reservoir
NO,h2144,12.29136230527293,scr2081,stInflow,reservoir
NO,h2145,12.29136230527293,scr2081,stInflow,reservoir
NO,h2146,12.29136230527293,scr2081,stInflow,reservoir
NO,h2147,12.29136230527293,scr2081,stInflow,reservoir
NO,h2148,12.29136230527293,scr2081,stInflow,reservoir
NO,h2149,12.29136230527293,scr2081,stInflow,reservoir
NO,h2150,12.29136230527293,scr2081,stInflow,reservoir
NO,h2151,12.29136230527293,scr2081,stInflow,reservoir
NO,h2152,12.29136230527293,scr2081,stInflow,reservoir
NO,h2153,12.29136230527293,scr2081,stInflow,reservoir
NO,h2154,12.29136230527293,scr2081,stInflow,reservoir
NO,h2155,12.29136230527293,scr2081,stInflow,reservoir
NO,h2156,12.29136230527293,scr2081,stInflow,reservoir
NO,h2157,12.29136230527293,scr2081,stInflow,reservoir
NO,h2158,12.29136230527293,scr2081,stInflow,reservoir
NO,h2159,12.29136230527293,scr2081,stInflow,reservoir
NO,h2160,12.29136230527293,scr2081,stInflow,reservoir
PT,h1441,0.6375946581817238,scr2081,stInflow,reservoir
PT,h1442,0.6375946581817238,scr2081,stInflow,reservoir
PT,h1443,0.6375946581817238,scr2081,stInflow,reservoir
PT,h1444,0.6375946581817238,scr2081,stInflow,reservoir
PT,h1445,0.6375946581817238,scr2081,stInflow,reservoir
PT,h1446,0.6375946581817238,scr2081,stInflow,reservoir
PT,h1447,0.6375946581817238,scr2081,stInflow,reservoir
PT,h1448,0.6375946581817238,scr2081,stInflow,reservoir
PT,h1449,0.6375946581817238,scr2081,stInflow,reservoir
PT,h1450,0.6375946581817238,scr2081,stInflow,reservoir
PT,h1451,0.6375946581817238,scr2081,stInflow,reservoir
PT,h1452,0.6375946581817238,scr2081,stInflow,reservoir
PT,h1453,0.6375946581817238,scr2081,stInflow,reservoir
PT,h1454,0.6375946581817238,scr2081,stInflow,reservoir
PT,h1455,0.6375946581817238,scr2081,stInflow,reservoir
PT,h1456,0.6375946581817238,scr2081,stInflow,reservoir
PT,h1457,0.6375946581817238,scr2081,stInflow,reservoir
PT,h1458,0.6375946581817238,scr2081,stInflow,reservoir
PT,h1459,0.6375946581817238,scr2081,stInflow,reservoir
PT,h1460,0.6375946581817238,scr2081,stInflow,reservoir
PT,h1461,0.6375946581817238,scr2081,stInflow,reservoir
PT,h1462,0.6375946581817238,scr2081,stInflow,reservoir
PT,h1463,0.6375946581817238,scr2081,stInflow,reservoir
PT,h1464,0.6375946581817238,scr2081,stInflow,reservoir
PT,h1465,0.5947452822738971,scr2081,stInflow,reservoir
PT,h1466,0.5518962153157247,scr2081,stInflow,reservoir
PT,h1467,0.5090474813356006,scr2081,stInflow,reservoir
PT,h1468,0.5090474813356006,scr2081,stInflow,reservoir
PT,h1469,0.5090474813356006,scr2081,stInflow,reservoir
PT,h1470,0.5090474813356006,scr2081,stInflow,reservoir
PT,h1471,0.5090474813356006,scr2081,stInflow,reservoir
PT,h1472,0.5090474813356006,scr2081,stInflow,reservoir
PT,h1473,0.5090474813356006,scr2081,stInflow,reservoir
PT,h1474,0.5090474813356006,scr2081,stInflow,reservoir
PT,h1475,0.5090474813356006,scr2081,stInflow,reservoir
PT,h1476,0.5090474813356006,scr2081,stInflow,reservoir
PT,h1477,0.5090474813356006,scr2081,stInflow,reservoir
PT,h1478,0.5090474813356006,scr2081,stInflow,reservoir
PT,h1479,0.5090474813356006,scr2081,stInflow,reservoir
PT,h1480,0.5090474813356006,scr2081,stInflow,reservoir
PT,h1481,0.5090474813356006,scr2081,stInflow,reservoir
PT,h1482,0.5090474813356006,scr2081,stInflow,reservoir
PT,h1483,0.5090474813356006,scr2081,stInflow,reservoir
PT,h1484,0.5090474813356006,scr2081,stInflow,reservoir
PT,h1485,0.5090474813356006,scr2081,stInflow,reservoir
PT,h1486,0.5090474813356006,scr2081,stInflow,reservoir
PT,h1487,0.5090474813356006,scr2081,stInflow,reservoir
PT,h1488,0.5090474813356006,scr2081,stInflow,reservoir
PT,h1489,0.5090474813356006,scr2081,stInflow,reservoir
PT,h1490,0.5090474813356006,scr2081,stInflow,reservoir
PT,h1491,0.5090474813356006,scr2081,stInflow,reservoir
PT,h1492,0.5090474813356006,scr2081,stInflow,reservoir
PT,h1493,0.5090474813356006,scr2081,stInflow,reservoir
PT,h1494,0.5090474813356006,scr2081,stInflow,reservoir
PT,h1495,0.5090474813356006,scr2081,stInflow,reservoir
PT,h1496,0.5090474813356006,scr2081,stInflow,reservoir
PT,h1497,0.5090474813356006,scr2081,stInflow,reservoir
PT,h1498,0.5090474813356006,scr2081,stInflow,reservoir
PT,h1499,0.5090474813356006,scr2081,stInflow,reservoir
PT,h1500,0.5090474813356006,scr2081,stInflow,reservoir
PT,h1501,0.5090474813356006,scr2081,stInflow,reservoir
PT,h1502,0.5090474813356006,scr2081,stInflow,reservoir
PT,h1503,0.5090474813356006,scr2081,stInflow,reservoir
PT,h1504,0.5090474813356006,scr2081,stInflow,reservoir
PT,h1505,0.5090474813356006,scr2081,stInflow,reservoir
PT,h1506,0.5090474813356006,scr2081,stInflow,reservoir
PT,h1507,0.5090474813356006,scr2081,stInflow,reservoir
PT,h1508,0.5090474813356006,scr2081,stInflow,reservoir
PT,h1509,0.5090474813356006,scr2081,stInflow,reservoir
PT,h1510,0.5090474813356006,scr2081,stInflow,reservoir
PT,h1511,0.5090474813356006,scr2081,stInflow,reservoir
PT,h1512,0.5090474813356006,scr2081,stInflow,reservoir
PT,h1513,0.5090474813356006,scr2081,stInflow,reservoir
PT,h1514,0.5090474813356006,scr2081,stInflow,reservoir
PT,h1515,0.5090474813356006,scr2081,stInflow,reservoir
PT,h1516,0.5090474813356006,scr2081,stInflow,reservoir
PT,h1517,0.5090474813356006,scr2081,stInflow,reservoir
PT,h1518,0.5090474813356006,scr2081,stInflow,reservoir
PT,h1519,0.5090474813356006,scr2081,stInflow,reservoir
PT,h1520,0.5090474813356006,scr2081,stInflow,reservoir
PT,h1521,0.5090474813356006,scr2081,stInflow,reservoir
PT,h1522,0.5090474813356006,scr2081,stInflow,reservoir
PT,h1523,0.5090474813356006,scr2081,stInflow,reservoir
PT,h1524,0.5090474813356006,scr2081,stInflow,reservoir
PT,h1525,0.5090474813356006,scr2081,stInflow,reservoir
PT,h1526,0.5090474813356006,scr2081,stInflow,reservoir
PT,h1527,0.5090474813356006,scr2081,stInflow,reservoir
PT,h1528,0.5090474813356006,scr2081,stInflow,reservoir
PT,h1529,0.5090474813356006,scr2081,stInflow,reservoir
PT,h1530,0.5090474813356006,scr2081,stInflow,reservoir
PT,h1531,0.5090474813356006,scr2081,stInflow,reservoir
PT,h1532,0.5090474813356006,scr2081,stInflow,reservoir
PT,h1533,0.5090474813356006,scr2081,stInflow,reservoir
PT,h1534,0.5090474813356006,scr2081,stInflow,reservoir
PT,h1535,0.5090474813356006,scr2081,stInflow,reservoir
PT,h1536,0.5090474813356006,scr2081,stInflow,reservoir
PT,h1537,0.5090474813356006,scr2081,stInflow,reservoir
PT,h1538,0.5090474813356006,scr2081,stInflow,reservoir
PT,h1539,0.5090474813356006,scr2081,stInflow,reservoir
PT,h1540,0.5090474813356006,scr2081,stInflow,reservoir
PT,h1541,0.5090474813356006,scr2081,stInflow,reservoir
PT,h1542,0.5090474813356006,scr2081,stInflow,reservoir
PT,h1543,0.5090474813356006,scr2081,stInflow,reservoir
PT,h1544,0.5090474813356006,scr2081,stInflow,reservoir
PT,h1545,0.5090474813356006,scr2081,stInflow,reservoir
PT,h1546,0.5090474813356006,scr2081,stInflow,reservoir
PT,h1547,0.5090474813356006,scr2081,stInflow,reservoir
PT,h1548,0.5090474813356006,scr2081,stInflow,reservoir
PT,h1549,0.5090474813356006,scr2081,stInflow,reservoir
PT,h1550,0.5090474813356006,scr2081,stInflow,reservoir
PT,h1551,0.5090474813356006,scr2081,stInflow,reservoir
PT,h1552,0.5090474813356006,scr2081,stInflow,reservoir
PT,h1553,0.5090474813356006,scr2081,stInflow,reservoir
PT,h1554,0.5090474813356006,scr2081,stInflow,reservoir
PT,h1555,0.5090474813356006,scr2081,stInflow,reservoir
PT,h1556,0.5090474813356006,scr2081,stInflow,reservoir
PT,h1557,0.5090474813356006,scr2081,stInflow,reservoir
PT,h1558,0.5090474813356006,scr2081,stInflow,reservoir
PT,h1559,0.5090474813356006,scr2081,stInflow,reservoir
PT,h1560,0.5090474813356006,scr2081,stInflow,reservoir
PT,h1561,0.5090474813356006,scr2081,stInflow,reservoir
PT,h1562,0.5090474813356006,scr2081,stInflow,reservoir
PT,h1563,0.5090474813356006,scr2081,stInflow,reservoir
PT,h1564,0.5090474813356006,scr2081,stInflow,reservoir
PT,h1565,0.5090474813356006,scr2081,stInflow,reservoir
PT,h1566,0.5090474813356006,scr2081,stInflow,reservoir
PT,h1567,0.5090474813356006,scr2081,stInflow,reservoir
PT,h1568,0.5090474813356006,scr2081,stInflow,reservoir
PT,h1569,0.5090474813356006,scr2081,stInflow,reservoir
PT,h1570,0.5090474813356006,scr2081,stInflow,reservoir
PT,h1571,0.5090474813356006,scr2081,stInflow,reservoir
PT,h1572,0.5090474813356006,scr2081,stInflow,reservoir
PT,h1573,0.5090474813356006,scr2081,stInflow,reservoir
PT,h1574,0.5090474813356006,scr2081,stInflow,reservoir
PT,h1575,0.5090474813356006,scr2081,stInflow,reservoir
PT,h1576,0.5090474813356006,scr2081,stInflow,reservoir
PT,h1577,0.5090474813356006,scr2081,stInflow,reservoir
PT,h1578,0.5090474813356006,scr2081,stInflow,reservoir
PT,h1579,0.5090474813356006,scr2081,stInflow,reservoir
PT,h1580,0.5090474813356006,scr2081,stInflow,reservoir
PT,h1581,0.5090474813356006,scr2081,stInflow,reservoir
PT,h1582,0.5090474813356006,scr2081,stInflow,reservoir
PT,h1583,0.5090474813356006,scr2081,stInflow,reservoir
PT,h1584,0.5090474813356006,scr2081,stInflow,reservoir
PT,h1585,0.5090474813356006,scr2081,stInflow,reservoir
PT,h1586,0.5090474813356006,scr2081,stInflow,reservoir
PT,h1587,0.5090474813356006,scr2081,stInflow,reservoir
PT,h1588,0.5090474813356006,scr2081,stInflow,reservoir
PT,h1589,0.5090474813356006,scr2081,stInflow,reservoir
PT,h1590,0.5090474813356006,scr2081,stInflow,reservoir
PT,h1591,0.5090474813356006,scr2081,stInflow,reservoir
PT,h1592,0.5090474813356006,scr2081,stInflow,reservoir
PT,h1593,0.5090474813356006,scr2081,stInflow,reservoir
PT,h1594,0.5090474813356006,scr2081,stInflow,reservoir
PT,h1595,0.5090474813356006,scr2081,stInflow,reservoir
PT,h1596,0.5090474813356006,scr2081,stInflow,reservoir
PT,h1597,0.5090474813356006,scr2081,stInflow,reservoir
PT,h1598,0.5090474813356006,scr2081,stInflow,reservoir
PT,h1599,0.5090474813356006,scr2081,stInflow,reservoir
PT,h1600,0.5090474813356006,scr2081,stInflow,reservoir
PT,h1601,0.5090474813356006,scr2081,stInflow,reservoir
PT,h1602,0.5090474813356006,scr2081,stInflow,reservoir
PT,h1603,0.5090474813356006,scr2081,stInflow,reservoir
PT,h1604,0.5090474813356006,scr2081,stInflow,reservoir
PT,h1605,0.5090474813356006,scr2081,stInflow,reservoir
PT,h1606,0.5090474813356006,scr2081,stInflow,reservoir
PT,h1607,0.5090474813356006,scr2081,stInflow,reservoir
PT,h1608,0.5090474813356006,scr2081,stInflow,reservoir
PT,h1609,0.5090474813356006,scr2081,stInflow,reservoir
PT,h1610,0.5090474813356006,scr2081,stInflow,reservoir
PT,h1611,0.5090474813356006,scr2081,stInflow,reservoir
PT,h1612,0.5090474813356006,scr2081,stInflow,reservoir
PT,h1613,0.5090474813356006,scr2081,stInflow,reservoir
PT,h1614,0.5090474813356006,scr2081,stInflow,reservoir
PT,h1615,0.5090474813356006,scr2081,stInflow,reservoir
PT,h1616,0.5090474813356006,scr2081,stInflow,reservoir
PT,h1617,0.5090474813356006,scr2081,stInflow,reservoir
PT,h1618,0.5090474813356006,scr2081,stInflow,reservoir
PT,h1619,0.5090474813356006,scr2081,stInflow,reservoir
PT,h1620,0.5090474813356006,scr2081,stInflow,reservoir
PT,h1621,0.5090474813356006,scr2081,stInflow,reservoir
PT,h1622,0.5090474813356006,scr2081,stInflow,reservoir
PT,h1623,0.5090474813356006,scr2081,stInflow,reservoir
PT,h1624,0.5090474813356006,scr2081,stInflow,reservoir
PT,h1625,0.5090474813356006,scr2081,stInflow,reservoir
PT,h1626,0.5090474813356006,scr2081,stInflow,reservoir
PT,h1627,0.5090474813356006,scr2081,stInflow,reservoir
PT,h1628,0.5090474813356006,scr2081,stInflow,reservoir
PT,h1629,0.5090474813356006,scr2081,stInflow,reservoir
PT,h1630,0.5090474813356006,scr2081,stInflow,reservoir
PT,h1631,0.5090474813356006,scr2081,stInflow,reservoir
PT,h1632,0.5090474813356006,scr2081,stInflow,reservoir
PT,h1633,0.43795413547669626,scr2081,stInflow,reservoir
PT,h1634,0.36686194866716865,scr2081,stInflow,reservoir
PT,h1635,0.29577114810198446,scr2081,stInflow,reservoir
PT,h1636,0.29577114810198446,scr2081,stInflow,reservoir
PT,h1637,0.29577114810198446,scr2081,stInflow,reservoir
PT,h1638,0.29577114810198446,scr2081,stInflow,reservoir
PT,h1639,0.29577114810198446,scr2081,stInflow,reservoir
PT,h1640,0.29577114810198446,scr2081,stInflow,reservoir
PT,h1641,0.29577114810198446,scr2081,stInflow,reservoir
PT,h1642,0.29577114810198446,scr2081,stInflow,reservoir
PT,h1643,0.29577114810198446,scr2081,stInflow,reservoir
PT,h1644,0.29577114810198446,scr2081,stInflow,reservoir
PT,h1645,0.29577114810198446,scr2081,stInflow,reservoir
PT,h1646,0.29577114810198446,scr2081,stInflow,reservoir
PT,h1647,0.29577114810198446,scr2081,stInflow,reservoir
PT,h1648,0.29577114810198446,scr2081,stInflow,reservoir
PT,h1649,0.29577114810198446,scr2081,stInflow,reservoir
PT,h1650,0.29577114810198446,scr2081,stInflow,reservoir
PT,h1651,0.29577114810198446,scr2081,stInflow,reservoir
PT,h1652,0.29577114810198446,scr2081,stInflow,reservoir
PT,h1653,0.29577114810198446,scr2081,stInflow,reservoir
PT,h1654,0.29577114810198446,scr2081,stInflow,reservoir
PT,h1655,0.29577114810198446,scr2081,stInflow,reservoir
PT,h1656,0.29577114810198446,scr2081,stInflow,reservoir
PT,h1657,0.29577114810198446,scr2081,stInflow,reservoir
PT,h1658,0.29577114810198446,scr2081,stInflow,reservoir
PT,h1659,0.29577114810198446,scr2081,stInflow,reservoir
PT,h1660,0.29577114810198446,scr2081,stInflow,reservoir
PT,h1661,0.29577114810198446,scr2081,stInflow,reservoir
PT,h1662,0.29577114810198446,scr2081,stInflow,reservoir
PT,h1663,0.29577114810198446,scr2081,stInflow,reservoir
PT,h1664,0.29577114810198446,scr2081,stInflow,reservoir
PT,h1665,0.29577114810198446,scr2081,stInflow,reservoir
PT,h1666,0.29577114810198446,scr2081,stInflow,reservoir
PT,h1667,0.29577114810198446,scr2081,stInflow,reservoir
PT,h1668,0.29577114810198446,scr2081,stInflow,reservoir
PT,h1669,0.29577114810198446,scr2081,stInflow,reservoir
PT,h1670,0.29577114810198446,scr2081,stInflow,reservoir
PT,h1671,0.29577114810198446,scr2081,stInflow,reservoir
PT,h1672,0.29577114810198446,scr2081,stInflow,reservoir
PT,h1673,0.29577114810198446,scr2081,stInflow,reservoir
PT,h1674,0.29577114810198446,scr2081,stInflow,reservoir
PT,h1675,0.29577114810198446,scr2081,stInflow,reservoir
PT,h1676,0.29577114810198446,scr2081,stInflow,reservoir
PT,h1677,0.29577114810198446,scr2081,stInflow,reservoir
PT,h1678,0.29577114810198446,scr2081,stInflow,reservoir
PT,h1679,0.29577114810198446,scr2081,stInflow,reservoir
PT,h1680,0.29577114810198446,scr2081,stInflow,reservoir
PT,h1681,0.29577114810198446,scr2081,stInflow,reservoir
PT,h1682,0.29577114810198446,scr2081,stInflow,reservoir
PT,h1683,0.29577114810198446,scr2081,stInflow,reservoir
PT,h1684,0.29577114810198446,scr2081,stInflow,reservoir
PT,h1685,0.29577114810198446,scr2081,stInflow,reservoir
PT,h1686,0.29577114810198446,scr2081,stInflow,reservoir
PT,h1687,0.29577114810198446,scr2081,stInflow,reservoir
PT,h1688,0.29577114810198446,scr2081,stInflow,reservoir
PT,h1689,0.29577114810198446,scr2081,stInflow,reservoir
PT,h1690,0.29577114810198446,scr2081,stInflow,reservoir
PT,h1691,0.29577114810198446,scr2081,stInflow,reservoir
PT,h1692,0.29577114810198446,scr2081,stInflow,reservoir
PT,h1693,0.29577114810198446,scr2081,stInflow,reservoir
PT,h1694,0.29577114810198446,scr2081,stInflow,reservoir
PT,h1695,0.29577114810198446,scr2081,stInflow,reservoir
PT,h1696,0.29577114810198446,scr2081,stInflow,reservoir
PT,h1697,0.29577114810198446,scr2081,stInflow,reservoir
PT,h1698,0.29577114810198446,scr2081,stInflow,reservoir
PT,h1699,0.29577114810198446,scr2081,stInflow,reservoir
PT,h1700,0.29577114810198446,scr2081,stInflow,reservoir
PT,h1701,0.29577114810198446,scr2081,stInflow,reservoir
PT,h1702,0.29577114810198446,scr2081,stInflow,reservoir
PT,h1703,0.29577114810198446,scr2081,stInflow,reservoir
PT,h1704,0.29577114810198446,scr2081,stInflow,reservoir
PT,h1705,0.29577114810198446,scr2081,stInflow,reservoir
PT,h1706,0.29577114810198446,scr2081,stInflow,reservoir
PT,h1707,0.29577114810198446,scr2081,stInflow,reservoir
PT,h1708,0.29577114810198446,scr2081,stInflow,reservoir
PT,h1709,0.29577114810198446,scr2081,stInflow,reservoir
PT,h1710,0.29577114810198446,scr2081,stInflow,reservoir
PT,h1711,0.29577114810198446,scr2081,stInflow,reservoir
PT,h1712,0.29577114810198446,scr2081,stInflow,reservoir
PT,h1713,0.29577114810198446,scr2081,stInflow,reservoir
PT,h1714,0.29577114810198446,scr2081,stInflow,reservoir
PT,h1715,0.29577114810198446,scr2081,stInflow,reservoir
PT,h1716,0.29577114810198446,scr2081,stInflow,reservoir
PT,h1717,0.29577114810198446,scr2081,stInflow,reservoir
PT,h1718,0.29577114810198446,scr2081,stInflow,reservoir
PT,h1719,0.29577114810198446,scr2081,stInflow,reservoir
PT,h1720,0.29577114810198446,scr2081,stInflow,reservoir
PT,h1721,0.29577114810198446,scr2081,stInflow,reservoir
PT,h1722,0.29577114810198446,scr2081,stInflow,reservoir
PT,h1723,0.29577114810198446,scr2081,stInflow,reservoir
PT,h1724,0.29577114810198446,scr2081,stInflow,reservoir
PT,h1725,0.29577114810198446,scr2081,stInflow,reservoir
PT,h1726,0.29577114810198446,scr2081,stInflow,reservoir
PT,h1727,0.29577114810198446,scr2081,stInflow,reservoir
PT,h1728,0.29577114810198446,scr2081,stInflow,reservoir
PT,h1729,0.29577114810198446,scr2081,stInflow,reservoir
PT,h1730,0.29577114810198446,scr2081,stInflow,reservoir
PT,h1731,0.29577114810198446,scr2081,stInflow,reservoir
PT,h1732,0.29577114810198446,scr2081,stInflow,reservoir
PT,h1733,0.29577114810198446,scr2081,stInflow,reservoir
PT,h1734,0.29577114810198446,scr2081,stInflow,reservoir
PT,h1735,0.29577114810198446,scr2081,stInflow,reservoir
PT,h1736,0.29577114810198446,scr2081,stInflow,reservoir
PT,h1737,0.29577114810198446,scr2081,stInflow,reservoir
PT,h1738,0.29577114810198446,scr2081,stInflow,reservoir
PT,h1739,0.29577114810198446,scr2081,stInflow,reservoir
PT,h1740,0.29577114810198446,scr2081,stInflow,reservoir
PT,h1741,0.29577114810198446,scr2081,stInflow,reservoir
PT,h1742,0.29577114810198446,scr2081,stInflow,reservoir
PT,h1743,0.29577114810198446,scr2081,stInflow,reservoir
PT,h1744,0.29577114810198446,scr2081,stInflow,reservoir
PT,h1745,0.29577114810198446,scr2081,stInflow,reservoir
PT,h1746,0.29577114810198446,scr2081,stInflow,reservoir
PT,h1747,0.29577114810198446,scr2081,stInflow,reservoir
PT,h1748,0.29577114810198446,scr2081,stInflow,reservoir
PT,h1749,0.29577114810198446,scr2081,stInflow,reservoir
PT,h1750,0.29577114810198446,scr2081,stInflow,reservoir
PT,h1751,0.29577114810198446,scr2081,stInflow,reservoir
PT,h1752,0.29577114810198446,scr2081,stInflow,reservoir
PT,h1753,0.29577114810198446,scr2081,stInflow,reservoir
PT,h1754,0.29577114810198446,scr2081,stInflow,reservoir
PT,h1755,0.29577114810198446,scr2081,stInflow,reservoir
PT,h1756,0.29577114810198446,scr2081,stInflow,reservoir
PT,h1757,0.29577114810198446,scr2081,stInflow,reservoir
PT,h1758,0.29577114810198446,scr2081,stInflow,reservoir
PT,h1759,0.29577114810198446,scr2081,stInflow,reservoir
PT,h1760,0.29577114810198446,scr2081,stInflow,reservoir
PT,h1761,0.29577114810198446,scr2081,stInflow,reservoir
PT,h1762,0.29577114810198446,scr2081,stInflow,reservoir
PT,h1763,0.29577114810198446,scr2081,stInflow,reservoir
PT,h1764,0.29577114810198446,scr2081,stInflow,reservoir
PT,h1765,0.29577114810198446,scr2081,stInflow,reservoir
PT,h1766,0.29577114810198446,scr2081,stInflow,reservoir
PT,h1767,0.29577114810198446,scr2081,stInflow,reservoir
PT,h1768,0.29577114810198446,scr2081,stInflow,reservoir
PT,h1769,0.29577114810198446,scr2081,stInflow,reservoir
PT,h1770,0.29577114810198446,scr2081,stInflow,reservoir
PT,h1771,0.29577114810198446,scr2081,stInflow,reservoir
PT,h1772,0.29577114810198446,scr2081,stInflow,reservoir
PT,h1773,0.29577114810198446,scr2081,stInflow,reservoir
PT,h1774,0.29577114810198446,scr2081,stInflow,reservoir
PT,h1775,0.29577114810198446,scr2081,stInflow,reservoir
PT,h1776,0.29577114810198446,scr2081,stInflow,reservoir
PT,h1777,0.29577114810198446,scr2081,stInflow,reservoir
PT,h1778,0.29577114810198446,scr2081,stInflow,reservoir
PT,h1779,0.29577114810198446,scr2081,stInflow,reservoir
PT,h1780,0.29577114810198446,scr2081,stInflow,reservoir
PT,h1781,0.29577114810198446,scr2081,stInflow,reservoir
PT,h1782,0.29577114810198446,scr2081,stInflow,reservoir
PT,h1783,0.29577114810198446,scr2081,stInflow,reservoir
PT,h1784,0.29577114810198446,scr2081,stInflow,reservoir
PT,h1785,0.29577114810198446,scr2081,stInflow,reservoir
PT,h1786,0.29577114810198446,scr2081,stInflow,reservoir
PT,h1787,0.29577114810198446,scr2081,stInflow,reservoir
PT,h1788,0.29577114810198446,scr2081,stInflow,reservoir
PT,h1789,0.29577114810198446,scr2081,stInflow,reservoir
PT,h1790,0.29577114810198446,scr2081,stInflow,reservoir
PT,h1791,0.29577114810198446,scr2081,stInflow,reservoir
PT,h1792,0.29577114810198446,scr2081,stInflow,reservoir
PT,h1793,0.29577114810198446,scr2081,stInflow,reservoir
PT,h1794,0.29577114810198446,scr2081,stInflow,reservoir
PT,h1795,0.29577114810198446,scr2081,stInflow,reservoir
PT,h1796,0.29577114810198446,scr2081,stInflow,reservoir
PT,h1797,0.29577114810198446,scr2081,stInflow,reservoir
PT,h1798,0.29577114810198446,scr2081,stInflow,reservoir
PT,h1799,0.29577114810198446,scr2081,stInflow,reservoir
PT,h1800,0.29577114810198446,scr2081,stInflow,reservoir
PT,h1801,0.2977768433861596,scr2081,stInflow,reservoir
PT,h1802,0.29978254002115995,scr2081,stInflow,reservoir
PT,h1803,0.30178823799794935,scr2081,stInflow,reservoir
PT,h1804,0.30178823799794935,scr2081,stInflow,reservoir
PT,h1805,0.30178823799794935,scr2081,stInflow,reservoir
PT,h1806,0.30178823799794935,scr2081,stInflow,reservoir
PT,h1807,0.30178823799794935,scr2081,stInflow,reservoir
PT,h1808,0.30178823799794935,scr2081,stInflow,reservoir
PT,h1809,0.30178823799794935,scr2081,stInflow,reservoir
PT,h1810,0.30178823799794935,scr2081,stInflow,reservoir
PT,h1811,0.30178823799794935,scr2081,stInflow,reservoir
PT,h1812,0.30178823799794935,scr2081,stInflow,reservoir
PT,h1813,0.30178823799794935,scr2081,stInflow,reservoir
PT,h1814,0.30178823799794935,scr2081,stInflow,reservoir
PT,h1815,0.30178823799794935,scr2081,stInflow,reservoir
PT,h1816,0.30178823799794935,scr2081,stInflow,reservoir
PT,h1817,0.30178823799794935,scr2081,stInflow,reservoir
PT,h1818,0.30178823799794935,scr2081,stInflow,reservoir
PT,h1819,0.30178823799794935,scr2081,stInflow,reservoir
PT,h1820,0.30178823799794935,scr2081,stInflow,reservoir
PT,h1821,0.30178823799794935,scr2081,stInflow,reservoir
PT,h1822,0.30178823799794935,scr2081,stInflow,reservoir
PT,h1823,0.30178823799794935,scr2081,stInflow,reservoir
PT,h1824,0.30178823799794935,scr2081,stInflow,reservoir
PT,h1825,0.30178823799794935,scr2081,stInflow,reservoir
PT,h1826,0.30178823799794935,scr2081,stInflow,reservoir
PT,h1827,0.30178823799794935,scr2081,stInflow,reservoir
PT,h1828,0.30178823799794935,scr2081,stInflow,reservoir
PT,h1829,0.30178823799794935,scr2081,stInflow,reservoir
PT,h1830,0.30178823799794935,scr2081,stInflow,reservoir
PT,h1831,0.30178823799794935,scr2081,stInflow,reservoir
PT,h1832,0.30178823799794935,scr2081,stInflow,reservoir
PT,h1833,0.30178823799794935,scr2081,stInflow,reservoir
PT,h1834,0.30178823799794935,scr2081,stInflow,reservoir
PT,h1835,0.30178823799794935,scr2081,stInflow,reservoir
PT,h1836,0.30178823799794935,scr2081,stInflow,reservoir
PT,h1837,0.30178823799794935,scr2081,stInflow,reservoir
PT,h1838,0.30178823799794935,scr2081,stInflow,reservoir
PT,h1839,0.30178823799794935,scr2081,stInflow,reservoir
PT,h1840,0.30178823799794935,scr2081,stInflow,reservoir
PT,h1841,0.30178823799794935,scr2081,stInflow,reservoir
PT,h1842,0.30178823799794935,scr2081,stInflow,reservoir
PT,h1843,0.30178823799794935,scr2081,stInflow,reservoir
PT,h1844,0.30178823799794935,scr2081,stInflow,reservoir
PT,h1845,0.30178823799794935,scr2081,stInflow,reservoir
PT,h1846,0.30178823799794935,scr2081,stInflow,reservoir
PT,h1847,0.30178823799794935,scr2081,stInflow,reservoir
PT,h1848,0.30178823799794935,scr2081,stInflow,reservoir
PT,h1849,0.30178823799794935,scr2081,stInflow,reservoir
PT,h1850,0.30178823799794935,scr2081,stInflow,reservoir
PT,h1851,0.30178823799794935,scr2081,stInflow,reservoir
PT,h1852,0.30178823799794935,scr2081,stInflow,reservoir
PT,h1853,0.30178823799794935,scr2081,stInflow,reservoir
PT,h1854,0.30178823799794935,scr2081,stInflow,reservoir
PT,h1855,0.30178823799794935,scr2081,stInflow,reservoir
PT,h1856,0.30178823799794935,scr2081,stInflow,reservoir
PT,h1857,0.30178823799794935,scr2081,stInflow,reservoir
PT,h1858,0.30178823799794935,scr2081,stInflow,reservoir
PT,h1859,0.30178823799794935,scr2081,stInflow,reservoir
PT,h1860,0.30178823799794935,scr2081,stInflow,reservoir
PT,h1861,0.30178823799794935,scr2081,stInflow,reservoir
PT,h1862,0.30178823799794935,scr2081,stInflow,reservoir
PT,h1863,0.30178823799794935,scr2081,stInflow,reservoir
PT,h1864,0.30178823799794935,scr2081,stInflow,reservoir
PT,h1865,0.30178823799794935,scr2081,stInflow,reservoir
PT,h1866,0.30178823799794935,scr2081,stInflow,reservoir
PT,h1867,0.30178823799794935,scr2081,stInflow,reservoir
PT,h1868,0.30178823799794935,scr2081,stInflow,reservoir
PT,h1869,0.30178823799794935,scr2081,stInflow,reservoir
PT,h1870,0.30178823799794935,scr2081,stInflow,reservoir
PT,h1871,0.30178823799794935,scr2081,stInflow,reservoir
PT,h1872,0.30178823799794935,scr2081,stInflow,reservoir
PT,h1873,0.30178823799794935,scr2081,stInflow,reservoir
PT,h1874,0.30178823799794935,scr2081,stInflow,reservoir
PT,h1875,0.30178823799794935,scr2081,stInflow,reservoir
PT,h1876,0.30178823799794935,scr2081,stInflow,reservoir
PT,h1877,0.30178823799794935,scr2081,stInflow,reservoir
PT,h1878,0.30178823799794935,scr2081,stInflow,reservoir
PT,h1879,0.30178823799794935,scr2081,stInflow,reservoir
PT,h1880,0.30178823799794935,scr2081,stInflow,reservoir
PT,h1881,0.30178823799794935,scr2081,stInflow,reservoir
PT,h1882,0.30178823799794935,scr2081,stInflow,reservoir
PT,h1883,0.30178823799794935,scr2081,stInflow,reservoir
PT,h1884,0.30178823799794935,scr2081,stInflow,reservoir
PT,h1885,0.30178823799794935,scr2081,stInflow,reservoir
PT,h1886,0.30178823799794935,scr2081,stInflow,reservoir
PT,h1887,0.30178823799794935,scr2081,stInflow,reservoir
PT,h1888,0.30178823799794935,scr2081,stInflow,reservoir
PT,h1889,0.30178823799794935,scr2081,stInflow,reservoir
PT,h1890,0.30178823799794935,scr2081,stInflow,reservoir
PT,h1891,0.30178823799794935,scr2081,stInflow,reservoir
PT,h1892,0.30178823799794935,scr2081,stInflow,reservoir
PT,h1893,0.30178823799794935,scr2081,stInflow,reservoir
PT,h1894,0.30178823799794935,scr2081,stInflow,reservoir
PT,h1895,0.30178823799794935,scr2081,stInflow,reservoir
PT,h1896,0.30178823799794935,scr2081,stInflow,reservoir
PT,h1897,0.30178823799794935,scr2081,stInflow,reservoir
PT,h1898,0.30178823799794935,scr2081,stInflow,reservoir
PT,h1899,0.30178823799794935,scr2081,stInflow,reservoir
PT,h1900,0.30178823799794935,scr2081,stInflow,reservoir
PT,h1901,0.30178823799794935,scr2081,stInflow,reservoir
PT,h1902,0.30178823799794935,scr2081,stInflow,reservoir
PT,h1903,0.30178823799794935,scr2081,stInflow,reservoir
PT,h1904,0.30178823799794935,scr2081,stInflow,reservoir
PT,h1905,0.30178823799794935,scr2081,stInflow,reservoir
PT,h1906,0.30178823799794935,scr2081,stInflow,reservoir
PT,h1907,0.30178823799794935,scr2081,stInflow,reservoir
PT,h1908,0.30178823799794935,scr2081,stInflow,reservoir
PT,h1909,0.30178823799794935,scr2081,stInflow,reservoir
PT,h1910,0.30178823799794935,scr2081,stInflow,reservoir
PT,h1911,0.30178823799794935,scr2081,stInflow,reservoir
PT,h1912,0.30178823799794935,scr2081,stInflow,reservoir
PT,h1913,0.30178823799794935,scr2081,stInflow,reservoir
PT,h1914,0.30178823799794935,scr2081,stInflow,reservoir
PT,h1915,0.30178823799794935,scr2081,stInflow,reservoir
PT,h1916,0.30178823799794935,scr2081,stInflow,reservoir
PT,h1917,0.30178823799794935,scr2081,stInflow,reservoir
PT,h1918,0.30178823799794935,scr2081,stInflow,reservoir
PT,h1919,0.30178823799794935,scr2081,stInflow,reservoir
PT,h1920,0.30178823799794935,scr2081,stInflow,reservoir
PT,h1921,0.30178823799794935,scr2081,stInflow,reservoir
PT,h1922,0.30178823799794935,scr2081,stInflow,reservoir
PT,h1923,0.30178823799794935,scr2081,stInflow,reservoir
PT,h1924,0.30178823799794935,scr2081,stInflow,reservoir
PT,h1925,0.30178823799794935,scr2081,stInflow,reservoir
PT,h1926,0.30178823799794935,scr2081,stInflow,reservoir
PT,h1927,0.30178823799794935,scr2081,stInflow,reservoir
PT,h1928,0.30178823799794935,scr2081,stInflow,reservoir
PT,h1929,0.30178823799794935,scr2081,stInflow,reservoir
PT,h1930,0.30178823799794935,scr2081,stInflow,reservoir
PT,h1931,0.30178823799794935,scr2081,stInflow,reservoir
PT,h1932,0.30178823799794935,scr2081,stInflow,reservoir
PT,h1933,0.30178823799794935,scr2081,stInflow,reservoir
PT,h1934,0.30178823799794935,scr2081,stInflow,reservoir
PT,h1935,0.30178823799794935,scr2081,stInflow,reservoir
PT,h1936,0.30178823799794935,scr2081,stInflow,reservoir
PT,h1937,0.30178823799794935,scr2081,stInflow,reservoir
PT,h1938,0.30178823799794935,scr2081,stInflow,reservoir
PT,h1939,0.30178823799794935,scr2081,stInflow,reservoir
PT,h1940,0.30178823799794935,scr2081,stInflow,reservoir
PT,h1941,0.30178823799794935,scr2081,stInflow,reservoir
PT,h1942,0.30178823799794935,scr2081,stInflow,reservoir
PT,h1943,0.30178823799794935,scr2081,stInflow,reservoir
PT,h1944,0.30178823799794935,scr2081,stInflow,reservoir
PT,h1945,0.30178823799794935,scr2081,stInflow,reservoir
PT,h1946,0.30178823799794935,scr2081,stInflow,reservoir
PT,h1947,0.30178823799794935,scr2081,stInflow,reservoir
PT,h1948,0.30178823799794935,scr2081,stInflow,reservoir
PT,h1949,0.30178823799794935,scr2081,stInflow,reservoir
PT,h1950,0.30178823799794935,scr2081,stInflow,reservoir
PT,h1951,0.30178823799794935,scr2081,stInflow,reservoir
PT,h1952,0.30178823799794935,scr2081,stInflow,reservoir
PT,h1953,0.30178823799794935,scr2081,stInflow,reservoir
PT,h1954,0.30178823799794935,scr2081,stInflow,reservoir
PT,h1955,0.30178823799794935,scr2081,stInflow,reservoir
PT,h1956,0.30178823799794935,scr2081,stInflow,reservoir
PT,h1957,0.30178823799794935,scr2081,stInflow,reservoir
PT,h1958,0.30178823799794935,scr2081,stInflow,reservoir
PT,h1959,0.30178823799794935,scr2081,stInflow,reservoir
PT,h1960,0.30178823799794935,scr2081,stInflow,reservoir
PT,h1961,0.30178823799794935,scr2081,stInflow,reservoir
PT,h1962,0.30178823799794935,scr2081,stInflow,reservoir
PT,h1963,0.30178823799794935,scr2081,stInflow,reservoir
PT,h1964,0.30178823799794935,scr2081,stInflow,reservoir
PT,h1965,0.30178823799794935,scr2081,stInflow,reservoir
PT,h1966,0.30178823799794935,scr2081,stInflow,reservoir
PT,h1967,0.30178823799794935,scr2081,stInflow,reservoir
PT,h1968,0.30178823799794935,scr2081,stInflow,reservoir
PT,h1969,0.3138981446829285,scr2081,stInflow,reservoir
PT,h1970,0.3260080980939349,scr2081,stInflow,reservoir
PT,h1971,0.33811809649480196,scr2081,stInflow,reservoir
PT,h1972,0.33811809649480196,scr2081,stInflow,reservoir
PT,h1973,0.33811809649480196,scr2081,stInflow,reservoir
PT,h1974,0.33811809649480196,scr2081,stInflow,reservoir
PT,h1975,0.33811809649480196,scr2081,stInflow,reservoir
PT,h1976,0.33811809649480196,scr2081,stInflow,reservoir
PT,h1977,0.33811809649480196,scr2081,stInflow,reservoir
PT,h1978,0.33811809649480196,scr2081,stInflow,reservoir
PT,h1979,0.33811809649480196,scr2081,stInflow,reservoir
PT,h1980,0.33811809649480196,scr2081,stInflow,reservoir
PT,h1981,0.33811809649480196,scr2081,stInflow,reservoir
PT,h1982,0.33811809649480196,scr2081,stInflow,reservoir
PT,h1983,0.33811809649480196,scr2081,stInflow,reservoir
PT,h1984,0.33811809649480196,scr2081,stInflow,reservoir
PT,h1985,0.33811809649480196,scr2081,stInflow,reservoir
PT,h1986,0.33811809649480196,scr2081,stInflow,reservoir
PT,h1987,0.33811809649480196,scr2081,stInflow,reservoir
PT,h1988,0.33811809649480196,scr2081,stInflow,reservoir
PT,h1989,0.33811809649480196,scr2081,stInflow,reservoir
PT,h1990,0.33811809649480196,scr2081,stInflow,reservoir
PT,h1991,0.33811809649480196,scr2081,stInflow,reservoir
PT,h1992,0.33811809649480196,scr2081,stInflow,reservoir
PT,h1993,0.33811809649480196,scr2081,stInflow,reservoir
PT,h1994,0.33811809649480196,scr2081,stInflow,reservoir
PT,h1995,0.33811809649480196,scr2081,stInflow,reservoir
PT,h1996,0.33811809649480196,scr2081,stInflow,reservoir
PT,h1997,0.33811809649480196,scr2081,stInflow,reservoir
PT,h1998,0.33811809649480196,scr2081,stInflow,reservoir
PT,h1999,0.33811809649480196,scr2081,stInflow,reservoir
PT,h2000,0.33811809649480196,scr2081,stInflow,reservoir
PT,h2001,0.33811809649480196,scr2081,stInflow,reservoir
PT,h2002,0.33811809649480196,scr2081,stInflow,reservoir
PT,h2003,0.33811809649480196,scr2081,stInflow,reservoir
PT,h2004,0.33811809649480196,scr2081,stInflow,reservoir
PT,h2005,0.33811809649480196,scr2081,stInflow,reservoir
PT,h2006,0.33811809649480196,scr2081,stInflow,reservoir
PT,h2007,0.33811809649480196,scr2081,stInflow,reservoir
PT,h2008,0.33811809649480196,scr2081,stInflow,reservoir
PT,h2009,0.33811809649480196,scr2081,stInflow,reservoir
PT,h2010,0.33811809649480196,scr2081,stInflow,reservoir
PT,h2011,0.33811809649480196,scr2081,stInflow,reservoir
PT,h2012,0.33811809649480196,scr2081,stInflow,reservoir
PT,h2013,0.33811809649480196,scr2081,stInflow,reservoir
PT,h2014,0.33811809649480196,scr2081,stInflow,reservoir
PT,h2015,0.33811809649480196,scr2081,stInflow,reservoir
PT,h2016,0.33811809649480196,scr2081,stInflow,reservoir
PT,h2017,0.33811809649480196,scr2081,stInflow,reservoir
PT,h2018,0.33811809649480196,scr2081,stInflow,reservoir
PT,h2019,0.33811809649480196,scr2081,stInflow,reservoir
PT,h2020,0.33811809649480196,scr2081,stInflow,reservoir
PT,h2021,0.33811809649480196,scr2081,stInflow,reservoir
PT,h2022,0.33811809649480196,scr2081,stInflow,reservoir
PT,h2023,0.33811809649480196,scr2081,stInflow,reservoir
PT,h2024,0.33811809649480196,scr2081,stInflow,reservoir
PT,h2025,0.33811809649480196,scr2081,stInflow,reservoir
PT,h2026,0.33811809649480196,scr2081,stInflow,reservoir
PT,h2027,0.33811809649480196,scr2081,stInflow,reservoir
PT,h2028,0.33811809649480196,scr2081,stInflow,reservoir
PT,h2029,0.33811809649480196,scr2081,stInflow,reservoir
PT,h2030,0.33811809649480196,scr2081,stInflow,reservoir
PT,h2031,0.33811809649480196,scr2081,stInflow,reservoir
PT,h2032,0.33811809649480196,scr2081,stInflow,reservoir
PT,h2033,0.33811809649480196,scr2081,stInflow,reservoir
PT,h2034,0.33811809649480196,scr2081,stInflow,reservoir
PT,h2035,0.33811809649480196,scr2081,stInflow,reservoir
PT,h2036,0.33811809649480196,scr2081,stInflow,reservoir
PT,h2037,0.33811809649480196,scr2081,stInflow,reservoir
PT,h2038,0.33811809649480196,scr2081,stInflow,reservoir
PT,h2039,0.33811809649480196,scr2081,stInflow,reservoir
PT,h2040,0.33811809649480196,scr2081,stInflow,reservoir
PT,h2041,0.33811809649480196,scr2081,stInflow,reservoir
PT,h2042,0.33811809649480196,scr2081,stInflow,reservoir
PT,h2043,0.33811809649480196,scr2081,stInflow,reservoir
PT,h2044,0.33811809649480196,scr2081,stInflow,reservoir
PT,h2045,0.33811809649480196,scr2081,stInflow,reservoir
PT,h2046,0.33811809649480196,scr2081,stInflow,reservoir
PT,h2047,0.33811809649480196,scr2081,stInflow,reservoir
PT,h2048,0.33811809649480196,scr2081,stInflow,reservoir
PT,h2049,0.33811809649480196,scr2081,stInflow,reservoir
PT,h2050,0.33811809649480196,scr2081,stInflow,reservoir
PT,h2051,0.33811809649480196,scr2081,stInflow,reservoir
PT,h2052,0.33811809649480196,scr2081,stInflow,reservoir
PT,h2053,0.33811809649480196,scr2081,stInflow,reservoir
PT,h2054,0.33811809649480196,scr2081,stInflow,reservoir
PT,h2055,0.33811809649480196,scr2081,stInflow,reservoir
PT,h2056,0.33811809649480196,scr2081,stInflow,reservoir
PT,h2057,0.33811809649480196,scr2081,stInflow,reservoir
PT,h2058,0.33811809649480196,scr2081,stInflow,reservoir
PT,h2059,0.33811809649480196,scr2081,stInflow,reservoir
PT,h2060,0.33811809649480196,scr2081,stInflow,reservoir
PT,h2061,0.33811809649480196,scr2081,stInflow,reservoir
PT,h2062,0.33811809649480196,scr2081,stInflow,reservoir
PT,h2063,0.33811809649480196,scr2081,stInflow,reservoir
PT,h2064,0.33811809649480196,scr2081,stInflow,reservoir
PT,h2065,0.33811809649480196,scr2081,stInflow,reservoir
PT,h2066,0.33811809649480196,scr2081,stInflow,reservoir
PT,h2067,0.33811809649480196,scr2081,stInflow,reservoir
PT,h2068,0.33811809649480196,scr2081,stInflow,reservoir
PT,h2069,0.33811809649480196,scr2081,stInflow,reservoir
PT,h2070,0.33811809649480196,scr2081,stInflow,reservoir
PT,h2071,0.33811809649480196,scr2081,stInflow,reservoir
PT,h2072,0.33811809649480196,scr2081,stInflow,reservoir
PT,h2073,0.33811809649480196,scr2081,stInflow,reservoir
PT,h2074,0.33811809649480196,scr2081,stInflow,reservoir
PT,h2075,0.33811809649480196,scr2081,stInflow,reservoir
PT,h2076,0.33811809649480196,scr2081,stInflow,reservoir
PT,h2077,0.33811809649480196,scr2081,stInflow,reservoir
PT,h2078,0.33811809649480196,scr2081,stInflow,reservoir
PT,h2079,0.33811809649480196,scr2081,stInflow,reservoir
PT,h2080,0.33811809649480196,scr2081,stInflow,reservoir
PT,h2081,0.33811809649480196,scr2081,stInflow,reservoir
PT,h2082,0.33811809649480196,scr2081,stInflow,reservoir
PT,h2083,0.33811809649480196,scr2081,stInflow,reservoir
PT,h2084,0.33811809649480196,scr2081,stInflow,reservoir
PT,h2085,0.33811809649480196,scr2081,stInflow,reservoir
PT,h2086,0.33811809649480196,scr2081,stInflow,reservoir
PT,h2087,0.33811809649480196,scr2081,stInflow,reservoir
PT,h2088,0.33811809649480196,scr2081,stInflow,reservoir
PT,h2089,0.33811809649480196,scr2081,stInflow,reservoir
PT,h2090,0.33811809649480196,scr2081,stInflow,reservoir
PT,h2091,0.33811809649480196,scr2081,stInflow,reservoir
PT,h2092,0.33811809649480196,scr2081,stInflow,reservoir
PT,h2093,0.33811809649480196,scr2081,stInflow,reservoir
PT,h2094,0.33811809649480196,scr2081,stInflow,reservoir
PT,h2095,0.33811809649480196,scr2081,stInflow,reservoir
PT,h2096,0.33811809649480196,scr2081,stInflow,reservoir
PT,h2097,0.33811809649480196,scr2081,stInflow,reservoir
PT,h2098,0.33811809649480196,scr2081,stInflow,reservoir
PT,h2099,0.33811809649480196,scr2081,stInflow,reservoir
PT,h2100,0.33811809649480196,scr2081,stInflow,reservoir
PT,h2101,0.33811809649480196,scr2081,stInflow,reservoir
PT,h2102,0.33811809649480196,scr2081,stInflow,reservoir
PT,h2103,0.33811809649480196,scr2081,stInflow,reservoir
PT,h2104,0.33811809649480196,scr2081,stInflow,reservoir
PT,h2105,0.33811809649480196,scr2081,stInflow,reservoir
PT,h2106,0.33811809649480196,scr2081,stInflow,reservoir
PT,h2107,0.33811809649480196,scr2081,stInflow,reservoir
PT,h2108,0.33811809649480196,scr2081,stInflow,reservoir
PT,h2109,0.33811809649480196,scr2081,stInflow,reservoir
PT,h2110,0.33811809649480196,scr2081,stInflow,reservoir
PT,h2111,0.33811809649480196,scr2081,stInflow,reservoir
PT,h2112,0.33811809649480196,scr2081,stInflow,reservoir
PT,h2113,0.33811809649480196,scr2081,stInflow,reservoir
PT,h2114,0.33811809649480196,scr2081,stInflow,reservoir
PT,h2115,0.33811809649480196,scr2081,stInflow,reservoir
PT,h2116,0.33811809649480196,scr2081,stInflow,reservoir
PT,h2117,0.33811809649480196,scr2081,stInflow,reservoir
PT,h2118,0.33811809649480196,scr2081,stInflow,reservoir
PT,h2119,0.33811809649480196,scr2081,stInflow,reservoir
PT,h2120,0.33811809649480196,scr2081,stInflow,reservoir
PT,h2121,0.33811809649480196,scr2081,stInflow,reservoir
PT,h2122,0.33811809649480196,scr2081,stInflow,reservoir
PT,h2123,0.33811809649480196,scr2081,stInflow,reservoir
PT,h2124,0.33811809649480196,scr2081,stInflow,reservoir
PT,h2125,0.33811809649480196,scr2081,stInflow,reservoir
PT,h2126,0.33811809649480196,scr2081,stInflow,reservoir
PT,h2127,0.33811809649480196,scr2081,stInflow,reservoir
PT,h2128,0.33811809649480196,scr2081,stInflow,reservoir
PT,h2129,0.33811809649480196,scr2081,stInflow,reservoir
PT,h2130,0.33811809649480196,scr2081,stInflow,reservoir
PT,h2131,0.33811809649480196,scr2081,stInflow,reservoir
PT,h2132,0.33811809649480196,scr2081,stInflow,reservoir
PT,h2133,0.33811809649480196,scr2081,stInflow,reservoir
PT,h2134,0.33811809649480196,scr2081,stInflow,reservoir
PT,h2135,0.33811809649480196,scr2081,stInflow,reservoir
PT,h2136,0.33811809649480196,scr2081,stInflow,reservoir
PT,h2137,0.36457268514368896,scr2081,stInflow,reservoir
PT,h2138,0.39102746590671655,scr2081,stInflow,reservoir
PT,h2139,0.4174824257683977,scr2081,stInflow,reservoir
PT,h2140,0.4174824257683977,scr2081,stInflow,reservoir
PT,h2141,0.4174824257683977,scr2081,stInflow,reservoir
PT,h2142,0.4174824257683977,scr2081,stInflow,reservoir
PT,h2143,0.4174824257683977,scr2081,stInflow,reservoir
PT,h2144,0.4174824257683977,scr2081,stInflow,reservoir
PT,h2145,0.4174824257683977,scr2081,stInflow,reservoir
PT,h2146,0.4174824257683977,scr2081,stInflow,reservoir
PT,h2147,0.4174824257683977,scr2081,stInflow,reservoir
PT,h2148,0.4174824257683977,scr2081,stInflow,reservoir
PT,h2149,0.4174824257683977,scr2081,stInflow,reservoir
PT,h2150,0.4174824257683977,scr2081,stInflow,reservoir
PT,h2151,0.4174824257683977,scr2081,stInflow,reservoir
PT,h2152,0.4174824257683977,scr2081,stInflow,reservoir
PT,h2153,0.4174824257683977,scr2081,stInflow,reservoir
PT,h2154,0.4174824257683977,scr2081,stInflow,reservoir
PT,h2155,0.4174824257683977,scr2081,stInflow,reservoir
PT,h2156,0.4174824257683977,scr2081,stInflow,reservoir
PT,h2157,0.4174824257683977,scr2081,stInflow,reservoir
PT,h2158,0.4174824257683977,scr2081,stInflow,reservoir
PT,h2159,0.4174824257683977,scr2081,stInflow,reservoir
PT,h2160,0.4174824257683977,scr2081,stInflow,reservoir
RO,h1441,1.278783994070597,scr2081,stInflow,reservoir
RO,h1442,1.278783994070597,scr2081,stInflow,reservoir
RO,h1443,1.278783994070597,scr2081,stInflow,reservoir
RO,h1444,1.278783994070597,scr2081,stInflow,reservoir
RO,h1445,1.278783994070597,scr2081,stInflow,reservoir
RO,h1446,1.278783994070597,scr2081,stInflow,reservoir
RO,h1447,1.278783994070597,scr2081,stInflow,reservoir
RO,h1448,1.278783994070597,scr2081,stInflow,reservoir
RO,h1449,1.278783994070597,scr2081,stInflow,reservoir
RO,h1450,1.278783994070597,scr2081,stInflow,reservoir
RO,h1451,1.278783994070597,scr2081,stInflow,reservoir
RO,h1452,1.278783994070597,scr2081,stInflow,reservoir
RO,h1453,1.278783994070597,scr2081,stInflow,reservoir
RO,h1454,1.278783994070597,scr2081,stInflow,reservoir
RO,h1455,1.278783994070597,scr2081,stInflow,reservoir
RO,h1456,1.278783994070597,scr2081,stInflow,reservoir
RO,h1457,1.278783994070597,scr2081,stInflow,reservoir
RO,h1458,1.278783994070597,scr2081,stInflow,reservoir
RO,h1459,1.278783994070597,scr2081,stInflow,reservoir
RO,h1460,1.278783994070597,scr2081,stInflow,reservoir
RO,h1461,1.278783994070597,scr2081,stInflow,reservoir
RO,h1462,1.278783994070597,scr2081,stInflow,reservoir
RO,h1463,1.278783994070597,scr2081,stInflow,reservoir
RO,h1464,1.278783994070597,scr2081,stInflow,reservoir
RO,h1465,1.2744571584270363,scr2081,stInflow,reservoir
RO,h1466,1.2701303242523818,scr2081,stInflow,reservoir
RO,h1467,1.2658034915516363,scr2081,stInflow,reservoir
RO,h1468,1.2658034915516363,scr2081,stInflow,reservoir
RO,h1469,1.2658034915516363,scr2081,stInflow,reservoir
RO,h1470,1.2658034915516363,scr2081,stInflow,reservoir
RO,h1471,1.2658034915516363,scr2081,stInflow,reservoir
RO,h1472,1.2658034915516363,scr2081,stInflow,reservoir
RO,h1473,1.2658034915516363,scr2081,stInflow,reservoir
RO,h1474,1.2658034915516363,scr2081,stInflow,reservoir
RO,h1475,1.2658034915516363,scr2081,stInflow,reservoir
RO,h1476,1.2658034915516363,scr2081,stInflow,reservoir
RO,h1477,1.2658034915516363,scr2081,stInflow,reservoir
RO,h1478,1.2658034915516363,scr2081,stInflow,reservoir
RO,h1479,1.2658034915516363,scr2081,stInflow,reservoir
RO,h1480,1.2658034915516363,scr2081,stInflow,reservoir
RO,h1481,1.2658034915516363,scr2081,stInflow,reservoir
RO,h1482,1.2658034915516363,scr2081,stInflow,reservoir
RO,h1483,1.2658034915516363,scr2081,stInflow,reservoir
RO,h1484,1.2658034915516363,scr2081,stInflow,reservoir
RO,h1485,1.2658034915516363,scr2081,stInflow,reservoir
RO,h1486,1.2658034915516363,scr2081,stInflow,reservoir
RO,h1487,1.2658034915516363,scr2081,stInflow,reservoir
RO,h1488,1.2658034915516363,scr2081,stInflow,reservoir
RO,h1489,1.2658034915516363,scr2081,stInflow,reservoir
RO,h1490,1.2658034915516363,scr2081,stInflow,reservoir
RO,h1491,1.2658034915516363,scr2081,stInflow,reservoir
RO,h1492,1.2658034915516363,scr2081,stInflow,reservoir
RO,h1493,1.2658034915516363,scr2081,stInflow,reservoir
RO,h1494,1.2658034915516363,scr2081,stInflow,reservoir
RO,h1495,1.2658034915516363,scr2081,stInflow,reservoir
RO,h1496,1.2658034915516363,scr2081,stInflow,reservoir
RO,h1497,1.2658034915516363,scr2081,stInflow,reservoir
RO,h1498,1.2658034915516363,scr2081,stInflow,reservoir
RO,h1499,1.2658034915516363,scr2081,stInflow,reservoir
RO,h1500,1.2658034915516363,scr2081,stInflow,reservoir
RO,h1501,1.2658034915516363,scr2081,stInflow,reservoir
RO,h1502,1.2658034915516363,scr2081,stInflow,reservoir
RO,h1503,1.2658034915516363,scr2081,stInflow,reservoir
RO,h1504,1.2658034915516363,scr2081,stInflow,reservoir
RO,h1505,1.2658034915516363,scr2081,stInflow,reservoir
RO,h1506,1.2658034915516363,scr2081,stInflow,reservoir
RO,h1507,1.2658034915516363,scr2081,stInflow,reservoir
RO,h1508,1.2658034915516363,scr2081,stInflow,reservoir
RO,h1509,1.2658034915516363,scr2081,stInflow,reservoir
RO,h1510,1.2658034915516363,scr2081,stInflow,reservoir
RO,h1511,1.2658034915516363,scr2081,stInflow,reservoir
RO,h1512,1.2658034915516363,scr2081,stInflow,reservoir
RO,h1513,1.2658034915516363,scr2081,stInflow,reservoir
RO,h1514,1.2658034915516363,scr2081,stInflow,reservoir
RO,h1515,1.2658034915516363,scr2081,stInflow,reservoir
RO,h1516,1.2658034915516363,scr2081,stInflow,reservoir
RO,h1517,1.2658034915516363,scr2081,stInflow,reservoir
RO,h1518,1.2658034915516363,scr2081,stInflow,reservoir
RO,h1519,1.2658034915516363,scr2081,stInflow,reservoir
RO,h1520,1.2658034915516363,scr2081,stInflow,reservoir
RO,h1521,1.2658034915516363,scr2081,stInflow,reservoir
RO,h1522,1.2658034915516363,scr2081,stInflow,reservoir
RO,h1523,1.2658034915516363,scr2081,stInflow,reservoir
RO,h1524,1.2658034915516363,scr2081,stInflow,reservoir
RO,h1525,1.2658034915516363,scr2081,stInflow,reservoir
RO,h1526,1.2658034915516363,scr2081,stInflow,reservoir
RO,h1527,1.2658034915516363,scr2081,stInflow,reservoir
RO,h1528,1.2658034915516363,scr2081,stInflow,reservoir
RO,h1529,1.2658034915516363,scr2081,stInflow,reservoir
RO,h1530,1.2658034915516363,scr2081,stInflow,reservoir
RO,h1531,1.2658034915516363,scr2081,stInflow,reservoir
RO,h1532,1.2658034915516363,scr2081,stInflow,reservoir
RO,h1533,1.2658034915516363,scr2081,stInflow,reservoir
RO,h1534,1.2658034915516363,scr2081,stInflow,reservoir
RO,h1535,1.2658034915516363,scr2081,stInflow,reservoir
RO,h1536,1.2658034915516363,scr2081,stInflow,reservoir
RO,h1537,1.2658034915516363,scr2081,stInflow,reservoir
RO,h1538,1.2658034915516363,scr2081,stInflow,reservoir
RO,h1539,1.2658034915516363,scr2081,stInflow,reservoir
RO,h1540,1.2658034915516363,scr2081,stInflow,reservoir
RO,h1541,1.2658034915516363,scr2081,stInflow,reservoir
RO,h1542,1.2658034915516363,scr2081,stInflow,reservoir
RO,h1543,1.2658034915516363,scr2081,stInflow,reservoir
RO,h1544,1.2658034915516363,scr2081,stInflow,reservoir
RO,h1545,1.2658034915516363,scr2081,stInflow,reservoir
RO,h1546,1.2658034915516363,scr2081,stInflow,reservoir
RO,h1547,1.2658034915516363,scr2081,stInflow,reservoir
RO,h1548,1.2658034915516363,scr2081,stInflow,reservoir
RO,h1549,1.2658034915516363,scr2081,stInflow,reservoir
RO,h1550,1.2658034915516363,scr2081,stInflow,reservoir
RO,h1551,1.2658034915516363,scr2081,stInflow,reservoir
RO,h1552,1.2658034915516363,scr2081,stInflow,reservoir
RO,h1553,1.2658034915516363,scr2081,stInflow,reservoir
RO,h1554,1.2658034915516363,scr2081,stInflow,reservoir
RO,h1555,1.2658034915516363,scr2081,stInflow,reservoir
RO,h1556,1.2658034915516363,scr2081,stInflow,reservoir
RO,h1557,1.2658034915516363,scr2081,stInflow,reservoir
RO,h1558,1.2658034915516363,scr2081,stInflow,reservoir
RO,h1559,1.2658034915516363,scr2081,stInflow,reservoir
RO,h1560,1.2658034915516363,scr2081,stInflow,reservoir
RO,h1561,1.2658034915516363,scr2081,stInflow,reservoir
RO,h1562,1.2658034915516363,scr2081,stInflow,reservoir
RO,h1563,1.2658034915516363,scr2081,stInflow,reservoir
RO,h1564,1.2658034915516363,scr2081,stInflow,reservoir
RO,h1565,1.2658034915516363,scr2081,stInflow,reservoir
RO,h1566,1.2658034915516363,scr2081,stInflow,reservoir
RO,h1567,1.2658034915516363,scr2081,stInflow,reservoir
RO,h1568,1.2658034915516363,scr2081,stInflow,reservoir
RO,h1569,1.2658034915516363,scr2081,stInflow,reservoir
RO,h1570,1.2658034915516363,scr2081,stInflow,reservoir
RO,h1571,1.2658034915516363,scr2081,stInflow,reservoir
RO,h1572,1.2658034915516363,scr2081,stInflow,reservoir
RO,h1573,1.2658034915516363,scr2081,stInflow,reservoir
RO,h1574,1.2658034915516363,scr2081,stInflow,reservoir
RO,h1575,1.2658034915516363,scr2081,stInflow,reservoir
RO,h1576,1.2658034915516363,scr2081,stInflow,reservoir
RO,h1577,1.2658034915516363,scr2081,stInflow,reservoir
RO,h1578,1.2658034915516363,scr2081,stInflow,reservoir
RO,h1579,1.2658034915516363,scr2081,stInflow,reservoir
RO,h1580,1.2658034915516363,scr2081,stInflow,reservoir
RO,h1581,1.2658034915516363,scr2081,stInflow,reservoir
RO,h1582,1.2658034915516363,scr2081,stInflow,reservoir
RO,h1583,1.2658034915516363,scr2081,stInflow,reservoir
RO,h1584,1.2658034915516363,scr2081,stInflow,reservoir
RO,h1585,1.2658034915516363,scr2081,stInflow,reservoir
RO,h1586,1.2658034915516363,scr2081,stInflow,reservoir
RO,h1587,1.2658034915516363,scr2081,stInflow,reservoir
RO,h1588,1.2658034915516363,scr2081,stInflow,reservoir
RO,h1589,1.2658034915516363,scr2081,stInflow,reservoir
RO,h1590,1.2658034915516363,scr2081,stInflow,reservoir
RO,h1591,1.2658034915516363,scr2081,stInflow,reservoir
RO,h1592,1.2658034915516363,scr2081,stInflow,reservoir
RO,h1593,1.2658034915516363,scr2081,stInflow,reservoir
RO,h1594,1.2658034915516363,scr2081,stInflow,reservoir
RO,h1595,1.2658034915516363,scr2081,stInflow,reservoir
RO,h1596,1.2658034915516363,scr2081,stInflow,reservoir
RO,h1597,1.2658034915516363,scr2081,stInflow,reservoir
RO,h1598,1.2658034915516363,scr2081,stInflow,reservoir
RO,h1599,1.2658034915516363,scr2081,stInflow,reservoir
RO,h1600,1.2658034915516363,scr2081,stInflow,reservoir
RO,h1601,1.2658034915516363,scr2081,stInflow,reservoir
RO,h1602,1.2658034915516363,scr2081,stInflow,reservoir
RO,h1603,1.2658034915516363,scr2081,stInflow,reservoir
RO,h1604,1.2658034915516363,scr2081,stInflow,reservoir
RO,h1605,1.2658034915516363,scr2081,stInflow,reservoir
RO,h1606,1.2658034915516363,scr2081,stInflow,reservoir
RO,h1607,1.2658034915516363,scr2081,stInflow,reservoir
RO,h1608,1.2658034915516363,scr2081,stInflow,reservoir
RO,h1609,1.2658034915516363,scr2081,stInflow,reservoir
RO,h1610,1.2658034915516363,scr2081,stInflow,reservoir
RO,h1611,1.2658034915516363,scr2081,stInflow,reservoir
RO,h1612,1.2658034915516363,scr2081,stInflow,reservoir
RO,h1613,1.2658034915516363,scr2081,stInflow,reservoir
RO,h1614,1.2658034915516363,scr2081,stInflow,reservoir
RO,h1615,1.2658034915516363,scr2081,stInflow,reservoir
RO,h1616,1.2658034915516363,scr2081,stInflow,reservoir
RO,h1617,1.2658034915516363,scr2081,stInflow,reservoir
RO,h1618,1.2658034915516363,scr2081,stInflow,reservoir
RO,h1619,1.2658034915516363,scr2081,stInflow,reservoir
RO,h1620,1.2658034915516363,scr2081,stInflow,reservoir
RO,h1621,1.2658034915516363,scr2081,stInflow,reservoir
RO,h1622,1.2658034915516363,scr2081,stInflow,reservoir
RO,h1623,1.2658034915516363,scr2081,stInflow,reservoir
RO,h1624,1.2658034915516363,scr2081,stInflow,reservoir
RO,h1625,1.2658034915516363,scr2081,stInflow,reservoir
RO,h1626,1.2658034915516363,scr2081,stInflow,reservoir
RO,h1627,1.2658034915516363,scr2081,stInflow,reservoir
RO,h1628,1.2658034915516363,scr2081,stInflow,reservoir
RO,h1629,1.2658034915516363,scr2081,stInflow,reservoir
RO,h1630,1.2658034915516363,scr2081,stInflow,reservoir
RO,h1631,1.2658034915516363,scr2081,stInflow,reservoir
RO,h1632,1.2658034915516363,scr2081,stInflow,reservoir
RO,h1633,1.2088139783489427,scr2081,stInflow,reservoir
RO,h1634,1.1518247339084637,scr2081,stInflow,reservoir
RO,h1635,1.0948357715364434,scr2081,stInflow,reservoir
RO,h1636,1.0948357715364434,scr2081,stInflow,reservoir
RO,h1637,1.0948357715364434,scr2081,stInflow,reservoir
RO,h1638,1.0948357715364434,scr2081,stInflow,reservoir
RO,h1639,1.0948357715364434,scr2081,stInflow,reservoir
RO,h1640,1.0948357715364434,scr2081,stInflow,reservoir
RO,h1641,1.0948357715364434,scr2081,stInflow,reservoir
RO,h1642,1.0948357715364434,scr2081,stInflow,reservoir
RO,h1643,1.0948357715364434,scr2081,stInflow,reservoir
RO,h1644,1.0948357715364434,scr2081,stInflow,reservoir
RO,h1645,1.0948357715364434,scr2081,stInflow,reservoir
RO,h1646,1.0948357715364434,scr2081,stInflow,reservoir
RO,h1647,1.0948357715364434,scr2081,stInflow,reservoir
RO,h1648,1.0948357715364434,scr2081,stInflow,reservoir
RO,h1649,1.0948357715364434,scr2081,stInflow,reservoir
RO,h1650,1.0948357715364434,scr2081,stInflow,reservoir
RO,h1651,1.0948357715364434,scr2081,stInflow,reservoir
RO,h1652,1.0948357715364434,scr2081,stInflow,reservoir
RO,h1653,1.0948357715364434,scr2081,stInflow,reservoir
RO,h1654,1.0948357715364434,scr2081,stInflow,reservoir
RO,h1655,1.0948357715364434,scr2081,stInflow,reservoir
RO,h1656,1.0948357715364434,scr2081,stInflow,reservoir
RO,h1657,1.0948357715364434,scr2081,stInflow,reservoir
RO,h1658,1.0948357715364434,scr2081,stInflow,reservoir
RO,h1659,1.0948357715364434,scr2081,stInflow,reservoir
RO,h1660,1.0948357715364434,scr2081,stInflow,reservoir
RO,h1661,1.0948357715364434,scr2081,stInflow,reservoir
RO,h1662,1.0948357715364434,scr2081,stInflow,reservoir
RO,h1663,1.0948357715364434,scr2081,stInflow,reservoir
RO,h1664,1.0948357715364434,scr2081,stInflow,reservoir
RO,h1665,1.0948357715364434,scr2081,stInflow,reservoir
RO,h1666,1.0948357715364434,scr2081,stInflow,reservoir
RO,h1667,1.0948357715364434,scr2081,stInflow,reservoir
RO,h1668,1.0948357715364434,scr2081,stInflow,reservoir
RO,h1669,1.0948357715364434,scr2081,stInflow,reservoir
RO,h1670,1.0948357715364434,scr2081,stInflow,reservoir
RO,h1671,1.0948357715364434,scr2081,stInflow,reservoir
RO,h1672,1.0948357715364434,scr2081,stInflow,reservoir
RO,h1673,1.0948357715364434,scr2081,stInflow,reservoir
RO,h1674,1.0948357715364434,scr2081,stInflow,reservoir
RO,h1675,1.0948357715364434,scr2081,stInflow,reservoir
RO,h1676,1.0948357715364434,scr2081,stInflow,reservoir
RO,h1677,1.0948357715364434,scr2081,stInflow,reservoir
RO,h1678,1.0948357715364434,scr2081,stInflow,reservoir
RO,h1679,1.0948357715364434,scr2081,stInflow,reservoir
RO,h1680,1.0948357715364434,scr2081,stInflow,reservoir
RO,h1681,1.0948357715364434,scr2081,stInflow,reservoir
RO,h1682,1.0948357715364434,scr2081,stInflow,reservoir
RO,h1683,1.0948357715364434,scr2081,stInflow,reservoir
RO,h1684,1.0948357715364434,scr2081,stInflow,reservoir
RO,h1685,1.0948357715364434,scr2081,stInflow,reservoir
RO,h1686,1.0948357715364434,scr2081,stInflow,reservoir
RO,h1687,1.0948357715364434,scr2081,stInflow,reservoir
RO,h1688,1.0948357715364434,scr2081,stInflow,reservoir
RO,h1689,1.0948357715364434,scr2081,stInflow,reservoir
RO,h1690,1.0948357715364434,scr2081,stInflow,reservoir
RO,h1691,1.0948357715364434,scr2081,stInflow,reservoir
RO,h1692,1.0948357715364434,scr2081,stInflow,reservoir
RO,h1693,1.0948357715364434,scr2081,stInflow,reservoir
RO,h1694,1.0948357715364434,scr2081,stInflow,reservoir
RO,h1695,1.0948357715364434,scr2081,stInflow,reservoir
RO,h1696,1.0948357715364434,scr2081,stInflow,reservoir
RO,h1697,1.0948357715364434,scr2081,stInflow,reservoir
RO,h1698,1.0948357715364434,scr2081,stInflow,reservoir
RO,h1699,1.0948357715364434,scr2081,stInflow,reservoir
RO,h1700,1.0948357715364434,scr2081,stInflow,reservoir
RO,h1701,1.0948357715364434,scr2081,stInflow,reservoir
RO,h1702,1.0948357715364434,scr2081,stInflow,reservoir
RO,h1703,1.0948357715364434,scr2081,stInflow,reservoir
RO,h1704,1.0948357715364434,scr2081,stInflow,reservoir
RO,h1705,1.0948357715364434,scr2081,stInflow,reservoir
RO,h1706,1.0948357715364434,scr2081,stInflow,reservoir
RO,h1707,1.0948357715364434,scr2081,stInflow,reservoir
RO,h1708,1.0948357715364434,scr2081,stInflow,reservoir
RO,h1709,1.0948357715364434,scr2081,stInflow,reservoir
RO,h1710,1.0948357715364434,scr2081,stInflow,reservoir
RO,h1711,1.0948357715364434,scr2081,stInflow,reservoir
RO,h1712,1.0948357715364434,scr2081,stInflow,reservoir
RO,h1713,1.0948357715364434,scr2081,stInflow,reservoir
RO,h1714,1.0948357715364434,scr2081,stInflow,reservoir
RO,h1715,1.0948357715364434,scr2081,stInflow,reservoir
RO,h1716,1.0948357715364434,scr2081,stInflow,reservoir
RO,h1717,1.0948357715364434,scr2081,stInflow,reservoir
RO,h1718,1.0948357715364434,scr2081,stInflow,reservoir
RO,h1719,1.0948357715364434,scr2081,stInflow,reservoir
RO,h1720,1.0948357715364434,scr2081,stInflow,reservoir
RO,h1721,1.0948357715364434,scr2081,stInflow,reservoir
RO,h1722,1.0948357715364434,scr2081,stInflow,reservoir
RO,h1723,1.0948357715364434,scr2081,stInflow,reservoir
RO,h1724,1.0948357715364434,scr2081,stInflow,reservoir
RO,h1725,1.0948357715364434,scr2081,stInflow,reservoir
RO,h1726,1.0948357715364434,scr2081,stInflow,reservoir
RO,h1727,1.0948357715364434,scr2081,stInflow,reservoir
RO,h1728,1.0948357715364434,scr2081,stInflow,reservoir
RO,h1729,1.0948357715364434,scr2081,stInflow,reservoir
RO,h1730,1.0948357715364434,scr2081,stInflow,reservoir
RO,h1731,1.0948357715364434,scr2081,stInflow,reservoir
RO,h1732,1.0948357715364434,scr2081,stInflow,reservoir
RO,h1733,1.0948357715364434,scr2081,stInflow,reservoir
RO,h1734,1.0948357715364434,scr2081,stInflow,reservoir
RO,h1735,1.0948357715364434,scr2081,stInflow,reservoir
RO,h1736,1.0948357715364434,scr2081,stInflow,reservoir
RO,h1737,1.0948357715364434,scr2081,stInflow,reservoir
RO,h1738,1.0948357715364434,scr2081,stInflow,reservoir
RO,h1739,1.0948357715364434,scr2081,stInflow,reservoir
RO,h1740,1.0948357715364434,scr2081,stInflow,reservoir
RO,h1741,1.0948357715364434,scr2081,stInflow,reservoir
RO,h1742,1.0948357715364434,scr2081,stInflow,reservoir
RO,h1743,1.0948357715364434,scr2081,stInflow,reservoir
RO,h1744,1.0948357715364434,scr2081,stInflow,reservoir
RO,h1745,1.0948357715364434,scr2081,stInflow,reservoir
RO,h1746,1.0948357715364434,scr2081,stInflow,reservoir
RO,h1747,1.0948357715364434,scr2081,stInflow,reservoir
RO,h1748,1.0948357715364434,scr2081,stInflow,reservoir
RO,h1749,1.0948357715364434,scr2081,stInflow,reservoir
RO,h1750,1.0948357715364434,scr2081,stInflow,reservoir
RO,h1751,1.0948357715364434,scr2081,stInflow,reservoir
RO,h1752,1.0948357715364434,scr2081,stInflow,reservoir
RO,h1753,1.0948357715364434,scr2081,stInflow,reservoir
RO,h1754,1.0948357715364434,scr2081,stInflow,reservoir
RO,h1755,1.0948357715364434,scr2081,stInflow,reservoir
RO,h1756,1.0948357715364434,scr2081,stInflow,reservoir
RO,h1757,1.0948357715364434,scr2081,stInflow,reservoir
RO,h1758,1.0948357715364434,scr2081,stInflow,reservoir
RO,h1759,1.0948357715364434,scr2081,stInflow,reservoir
RO,h1760,1.0948357715364434,scr2081,stInflow,reservoir
RO,h1761,1.0948357715364434,scr2081,stInflow,reservoir
RO,h1762,1.0948357715364434,scr2081,stInflow,reservoir
RO,h1763,1.0948357715364434,scr2081,stInflow,reservoir
RO,h1764,1.0948357715364434,scr2081,stInflow,reservoir
RO,h1765,1.0948357715364434,scr2081,stInflow,reservoir
RO,h1766,1.0948357715364434,scr2081,stInflow,reservoir
RO,h1767,1.0948357715364434,scr2081,stInflow,reservoir
RO,h1768,1.0948357715364434,scr2081,stInflow,reservoir
RO,h1769,1.0948357715364434,scr2081,stInflow,reservoir
RO,h1770,1.0948357715364434,scr2081,stInflow,reservoir
RO,h1771,1.0948357715364434,scr2081,stInflow,reservoir
RO,h1772,1.0948357715364434,scr2081,stInflow,reservoir
RO,h1773,1.0948357715364434,scr2081,stInflow,reservoir
RO,h1774,1.0948357715364434,scr2081,stInflow,reservoir
RO,h1775,1.0948357715364434,scr2081,stInflow,reservoir
RO,h1776,1.0948357715364434,scr2081,stInflow,reservoir
RO,h1777,1.0948357715364434,scr2081,stInflow,reservoir
RO,h1778,1.0948357715364434,scr2081,stInflow,reservoir
RO,h1779,1.0948357715364434,scr2081,stInflow,reservoir
RO,h1780,1.0948357715364434,scr2081,stInflow,reservoir
RO,h1781,1.0948357715364434,scr2081,stInflow,reservoir
RO,h1782,1.0948357715364434,scr2081,stInflow,reservoir
RO,h1783,1.0948357715364434,scr2081,stInflow,reservoir
RO,h1784,1.0948357715364434,scr2081,stInflow,reservoir
RO,h1785,1.0948357715364434,scr2081,stInflow,reservoir
RO,h1786,1.0948357715364434,scr2081,stInflow,reservoir
RO,h1787,1.0948357715364434,scr2081,stInflow,reservoir
RO,h1788,1.0948357715364434,scr2081,stInflow,reservoir
RO,h1789,1.0948357715364434,scr2081,stInflow,reservoir
RO,h1790,1.0948357715364434,scr2081,stInflow,reservoir
RO,h1791,1.0948357715364434,scr2081,stInflow,reservoir
RO,h1792,1.0948357715364434,scr2081,stInflow,reservoir
RO,h1793,1.0948357715364434,scr2081,stInflow,reservoir
RO,h1794,1.0948357715364434,scr2081,stInflow,reservoir
RO,h1795,1.0948357715364434,scr2081,stInflow,reservoir
RO,h1796,1.0948357715364434,scr2081,stInflow,reservoir
RO,h1797,1.0948357715364434,scr2081,stInflow,reservoir
RO,h1798,1.0948357715364434,scr2081,stInflow,reservoir
RO,h1799,1.0948357715364434,scr2081,stInflow,reservoir
RO,h1800,1.0948357715364434,scr2081,stInflow,reservoir
RO,h1801,1.1015127079904423,scr2081,stInflow,reservoir
RO,h1802,1.1081896484915876,scr2081,stInflow,reservoir
RO,h1803,1.1148665930154984,scr2081,stInflow,reservoir
RO,h1804,1.1148665930154984,scr2081,stInflow,reservoir
RO,h1805,1.1148665930154984,scr2081,stInflow,reservoir
RO,h1806,1.1148665930154984,scr2081,stInflow,reservoir
RO,h1807,1.1148665930154984,scr2081,stInflow,reservoir
RO,h1808,1.1148665930154984,scr2081,stInflow,reservoir
RO,h1809,1.1148665930154984,scr2081,stInflow,reservoir
RO,h1810,1.1148665930154984,scr2081,stInflow,reservoir
RO,h1811,1.1148665930154984,scr2081,stInflow,reservoir
RO,h1812,1.1148665930154984,scr2081,stInflow,reservoir
RO,h1813,1.1148665930154984,scr2081,stInflow,reservoir
RO,h1814,1.1148665930154984,scr2081,stInflow,reservoir
RO,h1815,1.1148665930154984,scr2081,stInflow,reservoir
RO,h1816,1.1148665930154984,scr2081,stInflow,reservoir
RO,h1817,1.1148665930154984,scr2081,stInflow,reservoir
RO,h1818,1.1148665930154984,scr2081,stInflow,reservoir
RO,h1819,1.1148665930154984,scr2081,stInflow,reservoir
RO,h1820,1.1148665930154984,scr2081,stInflow,reservoir
RO,h1821,1.1148665930154984,scr2081,stInflow,reservoir
RO,h1822,1.1148665930154984,scr2081,stInflow,reservoir
RO,h1823,1.1148665930154984,scr2081,stInflow,reservoir
RO,h1824,1.1148665930154984,scr2081,stInflow,reservoir
RO,h1825,1.1148665930154984,scr2081,stInflow,reservoir
RO,h1826,1.1148665930154984,scr2081,stInflow,reservoir
RO,h1827,1.1148665930154984,scr2081,stInflow,reservoir
RO,h1828,1.1148665930154984,scr2081,stInflow,reservoir
RO,h1829,1.1148665930154984,scr2081,stInflow,reservoir
RO,h1830,1.1148665930154984,scr2081,stInflow,reservoir
RO,h1831,1.1148665930154984,scr2081,stInflow,reservoir
RO,h1832,1.1148665930154984,scr2081,stInflow,reservoir
RO,h1833,1.1148665930154984,scr2081,stInflow,reservoir
RO,h1834,1.1148665930154984,scr2081,stInflow,reservoir
RO,h1835,1.1148665930154984,scr2081,stInflow,reservoir
RO,h1836,1.1148665930154984,scr2081,stInflow,reservoir
RO,h1837,1.1148665930154984,scr2081,stInflow,reservoir
RO,h1838,1.1148665930154984,scr2081,stInflow,reservoir
RO,h1839,1.1148665930154984,scr2081,stInflow,reservoir
RO,h1840,1.1148665930154984,scr2081,stInflow,reservoir
RO,h1841,1.1148665930154984,scr2081,stInflow,reservoir
RO,h1842,1.1148665930154984,scr2081,stInflow,reservoir
RO,h1843,1.1148665930154984,scr2081,stInflow,reservoir
RO,h1844,1.1148665930154984,scr2081,stInflow,reservoir
RO,h1845,1.1148665930154984,scr2081,stInflow,reservoir
RO,h1846,1.1148665930154984,scr2081,stInflow,reservoir
RO,h1847,1.1148665930154984,scr2081,stInflow,reservoir
RO,h1848,1.1148665930154984,scr2081,stInflow,reservoir
RO,h1849,1.1148665930154984,scr2081,stInflow,reservoir
RO,h1850,1.1148665930154984,scr2081,stInflow,reservoir
RO,h1851,1.1148665930154984,scr2081,stInflow,reservoir
RO,h1852,1.1148665930154984,scr2081,stInflow,reservoir
RO,h1853,1.1148665930154984,scr2081,stInflow,reservoir
RO,h1854,1.1148665930154984,scr2081,stInflow,reservoir
RO,h1855,1.1148665930154984,scr2081,stInflow,reservoir
RO,h1856,1.1148665930154984,scr2081,stInflow,reservoir
RO,h1857,1.1148665930154984,scr2081,stInflow,reservoir
RO,h1858,1.1148665930154984,scr2081,stInflow,reservoir
RO,h1859,1.1148665930154984,scr2081,stInflow,reservoir
RO,h1860,1.1148665930154984,scr2081,stInflow,reservoir
RO,h1861,1.1148665930154984,scr2081,stInflow,reservoir
RO,h1862,1.1148665930154984,scr2081,stInflow,reservoir
RO,h1863,1.1148665930154984,scr2081,stInflow,reservoir
RO,h1864,1.1148665930154984,scr2081,stInflow,reservoir
RO,h1865,1.1148665930154984,scr2081,stInflow,reservoir
RO,h1866,1.1148665930154984,scr2081,stInflow,reservoir
RO,h1867,1.1148665930154984,scr2081,stInflow,reservoir
RO,h1868,1.1148665930154984,scr2081,stInflow,reservoir
RO,h1869,1.1148665930154984,scr2081,stInflow,reservoir
RO,h1870,1.1148665930154984,scr2081,stInflow,reservoir
RO,h1871,1.1148665930154984,scr2081,stInflow,reservoir
RO,h1872,1.1148665930154984,scr2081,stInflow,reservoir
RO,h1873,1.1148665930154984,scr2081,stInflow,reservoir
RO,h1874,1.1148665930154984,scr2081,stInflow,reservoir
RO,h1875,1.1148665930154984,scr2081,stInflow,reservoir
RO,h1876,1.1148665930154984,scr2081,stInflow,reservoir
RO,h1877,1.1148665930154984,scr2081,stInflow,reservoir
RO,h1878,1.1148665930154984,scr2081,stInflow,reservoir
RO,h1879,1.1148665930154984,scr2081,stInflow,reservoir
RO,h1880,1.1148665930154984,scr2081,stInflow,reservoir
RO,h1881,1.1148665930154984,scr2081,stInflow,reservoir
RO,h1882,1.1148665930154984,scr2081,stInflow,reservoir
RO,h1883,1.1148665930154984,scr2081,stInflow,reservoir
RO,h1884,1.1148665930154984,scr2081,stInflow,reservoir
RO,h1885,1.1148665930154984,scr2081,stInflow,reservoir
RO,h1886,1.1148665930154984,scr2081,stInflow,reservoir
RO,h1887,1.1148665930154984,scr2081,stInflow,reservoir
RO,h1888,1.1148665930154984,scr2081,stInflow,reservoir
RO,h1889,1.1148665930154984,scr2081,stInflow,reservoir
RO,h1890,1.1148665930154984,scr2081,stInflow,reservoir
RO,h1891,1.1148665930154984,scr2081,stInflow,reservoir
RO,h1892,1.1148665930154984,scr2081,stInflow,reservoir
RO,h1893,1.1148665930154984,scr2081,stInflow,reservoir
RO,h1894,1.1148665930154984,scr2081,stInflow,reservoir
RO,h1895,1.1148665930154984,scr2081,stInflow,reservoir
RO,h1896,1.1148665930154984,scr2081,stInflow,reservoir
RO,h1897,1.1148665930154984,scr2081,stInflow,reservoir
RO,h1898,1.1148665930154984,scr2081,stInflow,reservoir
RO,h1899,1.1148665930154984,scr2081,stInflow,reservoir
RO,h1900,1.1148665930154984,scr2081,stInflow,reservoir
RO,h1901,1.1148665930154984,scr2081,stInflow,reservoir
RO,h1902,1.1148665930154984,scr2081,stInflow,reservoir
RO,h1903,1.1148665930154984,scr2081,stInflow,reservoir
RO,h1904,1.1148665930154984,scr2081,stInflow,reservoir
RO,h1905,1.1148665930154984,scr2081,stInflow,reservoir
RO,h1906,1.1148665930154984,scr2081,stInflow,reservoir
RO,h1907,1.1148665930154984,scr2081,stInflow,reservoir
RO,h1908,1.1148665930154984,scr2081,stInflow,reservoir
RO,h1909,1.1148665930154984,scr2081,stInflow,reservoir
RO,h1910,1.1148665930154984,scr2081,stInflow,reservoir
RO,h1911,1.1148665930154984,scr2081,stInflow,reservoir
RO,h1912,1.1148665930154984,scr2081,stInflow,reservoir
RO,h1913,1.1148665930154984,scr2081,stInflow,reservoir
RO,h1914,1.1148665930154984,scr2081,stInflow,reservoir
RO,h1915,1.1148665930154984,scr2081,stInflow,reservoir
RO,h1916,1.1148665930154984,scr2081,stInflow,reservoir
RO,h1917,1.1148665930154984,scr2081,stInflow,reservoir
RO,h1918,1.1148665930154984,scr2081,stInflow,reservoir
RO,h1919,1.1148665930154984,scr2081,stInflow,reservoir
RO,h1920,1.1148665930154984,scr2081,stInflow,reservoir
RO,h1921,1.1148665930154984,scr2081,stInflow,reservoir
RO,h1922,1.1148665930154984,scr2081,stInflow,reservoir
RO,h1923,1.1148665930154984,scr2081,stInflow,reservoir
RO,h1924,1.1148665930154984,scr2081,stInflow,reservoir
RO,h1925,1.1148665930154984,scr2081,stInflow,reservoir
RO,h1926,1.1148665930154984,scr2081,stInflow,reservoir
RO,h1927,1.1148665930154984,scr2081,stInflow,reservoir
RO,h1928,1.1148665930154984,scr2081,stInflow,reservoir
RO,h1929,1.1148665930154984,scr2081,stInflow,reservoir
RO,h1930,1.1148665930154984,scr2081,stInflow,reservoir
RO,h1931,1.1148665930154984,scr2081,stInflow,reservoir
RO,h1932,1.1148665930154984,scr2081,stInflow,reservoir
RO,h1933,1.1148665930154984,scr2081,stInflow,reservoir
RO,h1934,1.1148665930154984,scr2081,stInflow,reservoir
RO,h1935,1.1148665930154984,scr2081,stInflow,reservoir
RO,h1936,1.1148665930154984,scr2081,stInflow,reservoir
RO,h1937,1.1148665930154984,scr2081,stInflow,reservoir
RO,h1938,1.1148665930154984,scr2081,stInflow,reservoir
RO,h1939,1.1148665930154984,scr2081,stInflow,reservoir
RO,h1940,1.1148665930154984,scr2081,stInflow,reservoir
RO,h1941,1.1148665930154984,scr2081,stInflow,reservoir
RO,h1942,1.1148665930154984,scr2081,stInflow,reservoir
RO,h1943,1.1148665930154984,scr2081,stInflow,reservoir
RO,h1944,1.1148665930154984,scr2081,stInflow,reservoir
RO,h1945,1.1148665930154984,scr2081,stInflow,reservoir
RO,h1946,1.1148665930154984,scr2081,stInflow,reservoir
RO,h1947,1.1148665930154984,scr2081,stInflow,reservoir
RO,h1948,1.1148665930154984,scr2081,stInflow,reservoir
RO,h1949,1.1148665930154984,scr2081,stInflow,reservoir
RO,h1950,1.1148665930154984,scr2081,stInflow,reservoir
RO,h1951,1.1148665930154984,scr2081,stInflow,reservoir
RO,h1952,1.1148665930154984,scr2081,stInflow,reservoir
RO,h1953,1.1148665930154984,scr2081,stInflow,reservoir
RO,h1954,1.1148665930154984,scr2081,stInflow,reservoir
RO,h1955,1.1148665930154984,scr2081,stInflow,reservoir
RO,h1956,1.1148665930154984,scr2081,stInflow,reservoir
RO,h1957,1.1148665930154984,scr2081,stInflow,reservoir
RO,h1958,1.1148665930154984,scr2081,stInflow,reservoir
RO,h1959,1.1148665930154984,scr2081,stInflow,reservoir
RO,h1960,1.1148665930154984,scr2081,stInflow,reservoir
RO,h1961,1.1148665930154984,scr2081,stInflow,reservoir
RO,h1962,1.1148665930154984,scr2081,stInflow,reservoir
RO,h1963,1.1148665930154984,scr2081,stInflow,reservoir
RO,h1964,1.1148665930154984,scr2081,stInflow,reservoir
RO,h1965,1.1148665930154984,scr2081,stInflow,reservoir
RO,h1966,1.1148665930154984,scr2081,stInflow,reservoir
RO,h1967,1.1148665930154984,scr2081,stInflow,reservoir
RO,h1968,1.1148665930154984,scr2081,stInflow,reservoir
RO,h1969,1.1195022536533614,scr2081,stInflow,reservoir
RO,h1970,1.1241379162106904,scr2081,stInflow,reservoir
RO,h1971,1.1287735806795707,scr2081,stInflow,reservoir
RO,h1972,1.1287735806795707,scr2081,stInflow,reservoir
RO,h1973,1.1287735806795707,scr2081,stInflow,reservoir
RO,h1974,1.1287735806795707,scr2081,stInflow,reservoir
RO,h1975,1.1287735806795707,scr2081,stInflow,reservoir
RO,h1976,1.1287735806795707,scr2081,stInflow,reservoir
RO,h1977,1.1287735806795707,scr2081,stInflow,reservoir
RO,h1978,1.1287735806795707,scr2081,stInflow,reservoir
RO,h1979,1.1287735806795707,scr2081,stInflow,reservoir
RO,h1980,1.1287735806795707,scr2081,stInflow,reservoir
RO,h1981,1.1287735806795707,scr2081,stInflow,reservoir
RO,h1982,1.1287735806795707,scr2081,stInflow,reservoir
RO,h1983,1.1287735806795707,scr2081,stInflow,reservoir
RO,h1984,1.1287735806795707,scr2081,stInflow,reservoir
RO,h1985,1.1287735806795707,scr2081,stInflow,reservoir
RO,h1986,1.1287735806795707,scr2081,stInflow,reservoir
RO,h1987,1.1287735806795707,scr2081,stInflow,reservoir
RO,h1988,1.1287735806795707,scr2081,stInflow,reservoir
RO,h1989,1.1287735806795707,scr2081,stInflow,reservoir
RO,h1990,1.1287735806795707,scr2081,stInflow,reservoir
RO,h1991,1.1287735806795707,scr2081,stInflow,reservoir
RO,h1992,1.1287735806795707,scr2081,stInflow,reservoir
RO,h1993,1.1287735806795707,scr2081,stInflow,reservoir
RO,h1994,1.1287735806795707,scr2081,stInflow,reservoir
RO,h1995,1.1287735806795707,scr2081,stInflow,reservoir
RO,h1996,1.1287735806795707,scr2081,stInflow,reservoir
RO,h1997,1.1287735806795707,scr2081,stInflow,reservoir
RO,h1998,1.1287735806795707,scr2081,stInflow,reservoir
RO,h1999,1.1287735806795707,scr2081,stInflow,reservoir
RO,h2000,1.1287735806795707,scr2081,stInflow,reservoir
RO,h2001,1.1287735806795707,scr2081,stInflow,reservoir
RO,h2002,1.1287735806795707,scr2081,stInflow,reservoir
RO,h2003,1.1287735806795707,scr2081,stInflow,reservoir
RO,h2004,1.1287735806795707,scr2081,stInflow,reservoir
RO,h2005,1.1287735806795707,scr2081,stInflow,reservoir
RO,h2006,1.1287735806795707,scr2081,stInflow,reservoir
RO,h2007,1.1287735806795707,scr2081,stInflow,reservoir
RO,h2008,1.1287735806795707,scr2081,stInflow,reservoir
RO,h2009,1.1287735806795707,scr2081,stInflow,reservoir
RO,h2010,1.1287735806795707,scr2081,stInflow,reservoir
RO,h2011,1.1287735806795707,scr2081,stInflow,reservoir
RO,h2012,1.1287735806795707,scr2081,stInflow,reservoir
RO,h2013,1.1287735806795707,scr2081,stInflow,reservoir
RO,h2014,1.1287735806795707,scr2081,stInflow,reservoir
RO,h2015,1.1287735806795707,scr2081,stInflow,reservoir
RO,h2016,1.1287735806795707,scr2081,stInflow,reservoir
RO,h2017,1.1287735806795707,scr2081,stInflow,reservoir
RO,h2018,1.1287735806795707,scr2081,stInflow,reservoir
RO,h2019,1.1287735806795707,scr2081,stInflow,reservoir
RO,h2020,1.1287735806795707,scr2081,stInflow,reservoir
RO,h2021,1.1287735806795707,scr2081,stInflow,reservoir
RO,h2022,1.1287735806795707,scr2081,stInflow,reservoir
RO,h2023,1.1287735806795707,scr2081,stInflow,reservoir
RO,h2024,1.1287735806795707,scr2081,stInflow,reservoir
RO,h2025,1.1287735806795707,scr2081,stInflow,reservoir
RO,h2026,1.1287735806795707,scr2081,stInflow,reservoir
RO,h2027,1.1287735806795707,scr2081,stInflow,reservoir
RO,h2028,1.1287735806795707,scr2081,stInflow,reservoir
RO,h2029,1.1287735806795707,scr2081,stInflow,reservoir
RO,h2030,1.1287735806795707,scr2081,stInflow,reservoir
RO,h2031,1.1287735806795707,scr2081,stInflow,reservoir
RO,h2032,1.1287735806795707,scr2081,stInflow,reservoir
RO,h2033,1.1287735806795707,scr2081,stInflow,reservoir
RO,h2034,1.1287735806795707,scr2081,stInflow,reservoir
RO,h2035,1.1287735806795707,scr2081,stInflow,reservoir
RO,h2036,1.1287735806795707,scr2081,stInflow,reservoir
RO,h2037,1.1287735806795707,scr2081,stInflow,reservoir
RO,h2038,1.1287735806795707,scr2081,stInflow,reservoir
RO,h2039,1.1287735806795707,scr2081,stInflow,reservoir
RO,h2040,1.1287735806795707,scr2081,stInflow,reservoir
RO,h2041,1.1287735806795707,scr2081,stInflow,reservoir
RO,h2042,1.1287735806795707,scr2081,stInflow,reservoir
RO,h2043,1.1287735806795707,scr2081,stInflow,reservoir
RO,h2044,1.1287735806795707,scr2081,stInflow,reservoir
RO,h2045,1.1287735806795707,scr2081,stInflow,reservoir
RO,h2046,1.1287735806795707,scr2081,stInflow,reservoir
RO,h2047,1.1287735806795707,scr2081,stInflow,reservoir
RO,h2048,1.1287735806795707,scr2081,stInflow,reservoir
RO,h2049,1.1287735806795707,scr2081,stInflow,reservoir
RO,h2050,1.1287735806795707,scr2081,stInflow,reservoir
RO,h2051,1.1287735806795707,scr2081,stInflow,reservoir
RO,h2052,1.1287735806795707,scr2081,stInflow,reservoir
RO,h2053,1.1287735806795707,scr2081,stInflow,reservoir
RO,h2054,1.1287735806795707,scr2081,stInflow,reservoir
RO,h2055,1.1287735806795707,scr2081,stInflow,reservoir
RO,h2056,1.1287735806795707,scr2081,stInflow,reservoir
RO,h2057,1.1287735806795707,scr2081,stInflow,reservoir
RO,h2058,1.1287735806795707,scr2081,stInflow,reservoir
RO,h2059,1.1287735806795707,scr2081,stInflow,reservoir
RO,h2060,1.1287735806795707,scr2081,stInflow,reservoir
RO,h2061,1.1287735806795707,scr2081,stInflow,reservoir
RO,h2062,1.1287735806795707,scr2081,stInflow,reservoir
RO,h2063,1.1287735806795707,scr2081,stInflow,reservoir
RO,h2064,1.1287735806795707,scr2081,stInflow,reservoir
RO,h2065,1.1287735806795707,scr2081,stInflow,reservoir
RO,h2066,1.1287735806795707,scr2081,stInflow,reservoir
RO,h2067,1.1287735806795707,scr2081,stInflow,reservoir
RO,h2068,1.1287735806795707,scr2081,stInflow,reservoir
RO,h2069,1.1287735806795707,scr2081,stInflow,reservoir
RO,h2070,1.1287735806795707,scr2081,stInflow,reservoir
RO,h2071,1.1287735806795707,scr2081,stInflow,reservoir
RO,h2072,1.1287735806795707,scr2081,stInflow,reservoir
RO,h2073,1.1287735806795707,scr2081,stInflow,reservoir
RO,h2074,1.1287735806795707,scr2081,stInflow,reservoir
RO,h2075,1.1287735806795707,scr2081,stInflow,reservoir
RO,h2076,1.1287735806795707,scr2081,stInflow,reservoir
RO,h2077,1.1287735806795707,scr2081,stInflow,reservoir
RO,h2078,1.1287735806795707,scr2081,stInflow,reservoir
RO,h2079,1.1287735806795707,scr2081,stInflow,reservoir
RO,h2080,1.1287735806795707,scr2081,stInflow,reservoir
RO,h2081,1.1287735806795707,scr2081,stInflow,reservoir
RO,h2082,1.1287735806795707,scr2081,stInflow,reservoir
RO,h2083,1.1287735806795707,scr2081,stInflow,reservoir
RO,h2084,1.1287735806795707,scr2081,stInflow,reservoir
RO,h2085,1.1287735806795707,scr2081,stInflow,reservoir
RO,h2086,1.1287735806795707,scr2081,stInflow,reservoir
RO,h2087,1.1287735806795707,scr2081,stInflow,reservoir
RO,h2088,1.1287735806795707,scr2081,stInflow,reservoir
RO,h2089,1.1287735806795707,scr2081,stInflow,reservoir
RO,h2090,1.1287735806795707,scr2081,stInflow,reservoir
RO,h2091,1.1287735806795707,scr2081,stInflow,reservoir
RO,h2092,1.1287735806795707,scr2081,stInflow,reservoir
RO,h2093,1.1287735806795707,scr2081,stInflow,reservoir
RO,h2094,1.1287735806795707,scr2081,stInflow,reservoir
RO,h2095,1.1287735806795707,scr2081,stInflow,reservoir
RO,h2096,1.1287735806795707,scr2081,stInflow,reservoir
RO,h2097,1.1287735806795707,scr2081,stInflow,reservoir
RO,h2098,1.1287735806795707,scr2081,stInflow,reservoir
RO,h2099,1.1287735806795707,scr2081,stInflow,reservoir
RO,h2100,1.1287735806795707,scr2081,stInflow,reservoir
RO,h2101,1.1287735806795707,scr2081,stInflow,reservoir
RO,h2102,1.1287735806795707,scr2081,stInflow,reservoir
RO,h2103,1.1287735806795707,scr2081,stInflow,reservoir
RO,h2104,1.1287735806795707,scr2081,stInflow,reservoir
RO,h2105,1.1287735806795707,scr2081,stInflow,reservoir
RO,h2106,1.1287735806795707,scr2081,stInflow,reservoir
RO,h2107,1.1287735806795707,scr2081,stInflow,reservoir
RO,h2108,1.1287735806795707,scr2081,stInflow,reservoir
RO,h2109,1.1287735806795707,scr2081,stInflow,reservoir
RO,h2110,1.1287735806795707,scr2081,stInflow,reservoir
RO,h2111,1.1287735806795707,scr2081,stInflow,reservoir
RO,h2112,1.1287735806795707,scr2081,stInflow,reservoir
RO,h2113,1.1287735806795707,scr2081,stInflow,reservoir
RO,h2114,1.1287735806795707,scr2081,stInflow,reservoir
RO,h2115,1.1287735806795707,scr2081,stInflow,reservoir
RO,h2116,1.1287735806795707,scr2081,stInflow,reservoir
RO,h2117,1.1287735806795707,scr2081,stInflow,reservoir
RO,h2118,1.1287735806795707,scr2081,stInflow,reservoir
RO,h2119,1.1287735806795707,scr2081,stInflow,reservoir
RO,h2120,1.1287735806795707,scr2081,stInflow,reservoir
RO,h2121,1.1287735806795707,scr2081,stInflow,reservoir
RO,h2122,1.1287735806795707,scr2081,stInflow,reservoir
RO,h2123,1.1287735806795707,scr2081,stInflow,reservoir
RO,h2124,1.1287735806795707,scr2081,stInflow,reservoir
RO,h2125,1.1287735806795707,scr2081,stInflow,reservoir
RO,h2126,1.1287735806795707,scr2081,stInflow,reservoir
RO,h2127,1.1287735806795707,scr2081,stInflow,reservoir
RO,h2128,1.1287735806795707,scr2081,stInflow,reservoir
RO,h2129,1.1287735806795707,scr2081,stInflow,reservoir
RO,h2130,1.1287735806795707,scr2081,stInflow,reservoir
RO,h2131,1.1287735806795707,scr2081,stInflow,reservoir
RO,h2132,1.1287735806795707,scr2081,stInflow,reservoir
RO,h2133,1.1287735806795707,scr2081,stInflow,reservoir
RO,h2134,1.1287735806795707,scr2081,stInflow,reservoir
RO,h2135,1.1287735806795707,scr2081,stInflow,reservoir
RO,h2136,1.1287735806795707,scr2081,stInflow,reservoir
RO,h2137,1.1656528824874246,scr2081,stInflow,reservoir
RO,h2138,1.202532300989584,scr2081,stInflow,reservoir
RO,h2139,1.2394118326066332,scr2081,stInflow,reservoir
RO,h2140,1.2394118326066332,scr2081,stInflow,reservoir
RO,h2141,1.2394118326066332,scr2081,stInflow,reservoir
RO,h2142,1.2394118326066332,scr2081,stInflow,reservoir
RO,h2143,1.2394118326066332,scr2081,stInflow,reservoir
RO,h2144,1.2394118326066332,scr2081,stInflow,reservoir
RO,h2145,1.2394118326066332,scr2081,stInflow,reservoir
RO,h2146,1.2394118326066332,scr2081,stInflow,reservoir
RO,h2147,1.2394118326066332,scr2081,stInflow,reservoir
RO,h2148,1.2394118326066332,scr2081,stInflow,reservoir
RO,h2149,1.2394118326066332,scr2081,stInflow,reservoir
RO,h2150,1.2394118326066332,scr2081,stInflow,reservoir
RO,h2151,1.2394118326066332,scr2081,stInflow,reservoir
RO,h2152,1.2394118326066332,scr2081,stInflow,reservoir
RO,h2153,1.2394118326066332,scr2081,stInflow,reservoir
RO,h2154,1.2394118326066332,scr2081,stInflow,reservoir
RO,h2155,1.2394118326066332,scr2081,stInflow,reservoir
RO,h2156,1.2394118326066332,scr2081,stInflow,reservoir
RO,h2157,1.2394118326066332,scr2081,stInflow,reservoir
RO,h2158,1.2394118326066332,scr2081,stInflow,reservoir
RO,h2159,1.2394118326066332,scr2081,stInflow,reservoir
RO,h2160,1.2394118326066332,scr2081,stInflow,reservoir
SE,h1441,6.809829021472032,scr2081,stInflow,reservoir
SE,h1442,6.809829021472032,scr2081,stInflow,reservoir
SE,h1443,6.809829021472032,scr2081,stInflow,reservoir
SE,h1444,6.809829021472032,scr2081,stInflow,reservoir
SE,h1445,6.809829021472032,scr2081,stInflow,reservoir
SE,h1446,6.809829021472032,scr2081,stInflow,reservoir
SE,h1447,6.809829021472032,scr2081,stInflow,reservoir
SE,h1448,6.809829021472032,scr2081,stInflow,reservoir
SE,h1449,6.809829021472032,scr2081,stInflow,reservoir
SE,h1450,6.809829021472032,scr2081,stInflow,reservoir
SE,h1451,6.809829021472032,scr2081,stInflow,reservoir
SE,h1452,6.809829021472032,scr2081,stInflow,reservoir
SE,h1453,6.809829021472032,scr2081,stInflow,reservoir
SE,h1454,6.809829021472032,scr2081,stInflow,reservoir
SE,h1455,6.809829021472032,scr2081,stInflow,reservoir
SE,h1456,6.809829021472032,scr2081,stInflow,reservoir
SE,h1457,6.809829021472032,scr2081,stInflow,reservoir
SE,h1458,6.809829021472032,scr2081,stInflow,reservoir
SE,h1459,6.809829021472032,scr2081,stInflow,reservoir
SE,h1460,6.809829021472032,scr2081,stInflow,reservoir
SE,h1461,6.809829021472032,scr2081,stInflow,reservoir
SE,h1462,6.809829021472032,scr2081,stInflow,reservoir
SE,h1463,6.809829021472032,scr2081,stInflow,reservoir
SE,h1464,6.809829021472032,scr2081,stInflow,reservoir
SE,h1465,7.023567767742167,scr2081,stInflow,reservoir
SE,h1466,7.237307164566355,scr2081,stInflow,reservoir
SE,h1467,7.451047192727765,scr2081,stInflow,reservoir
SE,h1468,7.451047192727765,scr2081,stInflow,reservoir
SE,h1469,7.451047192727765,scr2081,stInflow,reservoir
SE,h1470,7.451047192727765,scr2081,stInflow,reservoir
SE,h1471,7.451047192727765,scr2081,stInflow,reservoir
SE,h1472,7.451047192727765,scr2081,stInflow,reservoir
SE,h1473,7.451047192727765,scr2081,stInflow,reservoir
SE,h1474,7.451047192727765,scr2081,stInflow,reservoir
SE,h1475,7.451047192727765,scr2081,stInflow,reservoir
SE,h1476,7.451047192727765,scr2081,stInflow,reservoir
SE,h1477,7.451047192727765,scr2081,stInflow,reservoir
SE,h1478,7.451047192727765,scr2081,stInflow,reservoir
SE,h1479,7.451047192727765,scr2081,stInflow,reservoir
SE,h1480,7.451047192727765,scr2081,stInflow,reservoir
SE,h1481,7.451047192727765,scr2081,stInflow,reservoir
SE,h1482,7.451047192727765,scr2081,stInflow,reservoir
SE,h1483,7.451047192727765,scr2081,stInflow,reservoir
SE,h1484,7.451047192727765,scr2081,stInflow,reservoir
SE,h1485,7.451047192727765,scr2081,stInflow,reservoir
SE,h1486,7.451047192727765,scr2081,stInflow,reservoir
SE,h1487,7.451047192727765,scr2081,stInflow,reservoir
SE,h1488,7.451047192727765,scr2081,stInflow,reservoir
SE,h1489,7.451047192727765,scr2081,stInflow,reservoir
SE,h1490,7.451047192727765,scr2081,stInflow,reservoir
SE,h1491,7.451047192727765,scr2081,stInflow,reservoir
SE,h1492,7.451047192727765,scr2081,stInflow,reservoir
SE,h1493,7.451047192727765,scr2081,stInflow,reservoir
SE,h1494,7.451047192727765,scr2081,stInflow,reservoir
SE,h1495,7.451047192727765,scr2081,stInflow,reservoir
SE,h1496,7.451047192727765,scr2081,stInflow,reservoir
SE,h1497,7.451047192727765,scr2081,stInflow,reservoir
SE,h1498,7.451047192727765,scr2081,stInflow,reservoir
SE,h1499,7.451047192727765,scr2081,stInflow,reservoir
SE,h1500,7.451047192727765,scr2081,stInflow,reservoir
SE,h1501,7.451047192727765,scr2081,stInflow,reservoir
SE,h1502,7.451047192727765,scr2081,stInflow,reservoir
SE,h1503,7.451047192727765,scr2081,stInflow,reservoir
SE,h1504,7.451047192727765,scr2081,stInflow,reservoir
SE,h1505,7.451047192727765,scr2081,stInflow,reservoir
SE,h1506,7.451047192727765,scr2081,stInflow,reservoir
SE,h1507,7.451047192727765,scr2081,stInflow,reservoir
SE,h1508,7.451047192727765,scr2081,stInflow,reservoir
SE,h1509,7.451047192727765,scr2081,stInflow,reservoir
SE,h1510,7.451047192727765,scr2081,stInflow,reservoir
SE,h1511,7.451047192727765,scr2081,stInflow,reservoir
SE,h1512,7.451047192727765,scr2081,stInflow,reservoir
SE,h1513,7.451047192727765,scr2081,stInflow,reservoir
SE,h1514,7.451047192727765,scr2081,stInflow,reservoir
SE,h1515,7.451047192727765,scr2081,stInflow,reservoir
SE,h1516,7.451047192727765,scr2081,stInflow,reservoir
SE,h1517,7.451047192727765,scr2081,stInflow,reservoir
SE,h1518,7.451047192727765,scr2081,stInflow,reservoir
SE,h1519,7.451047192727765,scr2081,stInflow,reservoir
SE,h1520,7.451047192727765,scr2081,stInflow,reservoir
SE,h1521,7.451047192727765,scr2081,stInflow,reservoir
SE,h1522,7.451047192727765,scr2081,stInflow,reservoir
SE,h1523,7.451047192727765,scr2081,stInflow,reservoir
SE,h1524,7.451047192727765,scr2081,stInflow,reservoir
SE,h1525,7.451047192727765,scr2081,stInflow,reservoir
SE,h1526,7.451047192727765,scr2081,stInflow,reservoir
SE,h1527,7.451047192727765,scr2081,stInflow,reservoir
SE,h1528,7.451047192727765,scr2081,stInflow,reservoir
SE,h1529,7.451047192727765,scr2081,stInflow,reservoir
SE,h1530,7.451047192727765,scr2081,stInflow,reservoir
SE,h1531,7.451047192727765,scr2081,stInflow,reservoir
SE,h1532,7.451047192727765,scr2081,stInflow,reservoir
SE,h1533,7.451047192727765,scr2081,stInflow,reservoir
SE,h1534,7.451047192727765,scr2081,stInflow,reservoir
SE,h1535,7.451047192727765,scr2081,stInflow,reservoir
SE,h1536,7.451047192727765,scr2081,stInflow,reservoir
SE,h1537,7.451047192727765,scr2081,stInflow,reservoir
SE,h1538,7.451047192727765,scr2081,stInflow,reservoir
SE,h1539,7.451047192727765,scr2081,stInflow,reservoir
SE,h1540,7.451047192727765,scr2081,stInflow,reservoir
SE,h1541,7.451047192727765,scr2081,stInflow,reservoir
SE,h1542,7.451047192727765,scr2081,stInflow,reservoir
SE,h1543,7.451047192727765,scr2081,stInflow,reservoir
SE,h1544,7.451047192727765,scr2081,stInflow,reservoir
SE,h1545,7.451047192727765,scr2081,stInflow,reservoir
SE,h1546,7.451047192727765,scr2081,stInflow,reservoir
SE,h1547,7.451047192727765,scr2081,stInflow,reservoir
SE,h1548,7.451047192727765,scr2081,stInflow,reservoir
SE,h1549,7.451047192727765,scr2081,stInflow,reservoir
SE,h1550,7.451047192727765,scr2081,stInflow,reservoir
SE,h1551,7.451047192727765,scr2081,stInflow,reservoir
SE,h1552,7.451047192727765,scr2081,stInflow,reservoir
SE,h1553,7.451047192727765,scr2081,stInflow,reservoir
SE,h1554,7.451047192727765,scr2081,stInflow,reservoir
SE,h1555,7.451047192727765,scr2081,stInflow,reservoir
SE,h1556,7.451047192727765,scr2081,stInflow,reservoir
SE,h1557,7.451047192727765,scr2081,stInflow,reservoir
SE,h1558,7.451047192727765,scr2081,stInflow,reservoir
SE,h1559,7.451047192727765,scr2081,stInflow,reservoir
SE,h1560,7.451047192727765,scr2081,stInflow,reservoir
SE,h1561,7.451047192727765,scr2081,stInflow,reservoir
SE,h1562,7.451047192727765,scr2081,stInflow,reservoir
SE,h1563,7.451047192727765,scr2081,stInflow,reservoir
SE,h1564,7.451047192727765,scr2081,stInflow,reservoir
SE,h1565,7.451047192727765,scr2081,stInflow,reservoir
SE,h1566,7.451047192727765,scr2081,stInflow,reservoir
SE,h1567,7.451047192727765,scr2081,stInflow,reservoir
SE,h1568,7.451047192727765,scr2081,stInflow,reservoir
SE,h1569,7.451047192727765,scr2081,stInflow,reservoir
SE,h1570,7.451047192727765,scr2081,stInflow,reservoir
SE,h1571,7.451047192727765,scr2081,stInflow,reservoir
SE,h1572,7.451047192727765,scr2081,stInflow,reservoir
SE,h1573,7.451047192727765,scr2081,stInflow,reservoir
SE,h1574,7.451047192727765,scr2081,stInflow,reservoir
SE,h1575,7.451047192727765,scr2081,stInflow,reservoir
SE,h1576,7.451047192727765,scr2081,stInflow,reservoir
SE,h1577,7.451047192727765,scr2081,stInflow,reservoir
SE,h1578,7.451047192727765,scr2081,stInflow,reservoir
SE,h1579,7.451047192727765,scr2081,stInflow,reservoir
SE,h1580,7.451047192727765,scr2081,stInflow,reservoir
SE,h1581,7.451047192727765,scr2081,stInflow,reservoir
SE,h1582,7.451047192727765,scr2081,stInflow,reservoir
SE,h1583,7.451047192727765,scr2081,stInflow,reservoir
SE,h1584,7.451047192727765,scr2081,stInflow,reservoir
SE,h1585,7.451047192727765,scr2081,stInflow,reservoir
SE,h1586,7.451047192727765,scr2081,stInflow,reservoir
SE,h1587,7.451047192727765,scr2081,stInflow,reservoir
SE,h1588,7.451047192727765,scr2081,stInflow,reservoir
SE,h1589,7.451047192727765,scr2081,stInflow,reservoir
SE,h1590,7.451047192727765,scr2081,stInflow,reservoir
SE,h1591,7.451047192727765,scr2081,stInflow,reservoir
SE,h1592,7.451047192727765,scr2081,stInflow,reservoir
SE,h1593,7.451047192727765,scr2081,stInflow,reservoir
SE,h1594,7.451047192727765,scr2081,stInflow,reservoir
SE,h1595,7.451047192727765,scr2081,stInflow,reservoir
SE,h1596,7.451047192727765,scr2081,stInflow,reservoir
SE,h1597,7.451047192727765,scr2081,stInflow,reservoir
SE,h1598,7.451047192727765,scr2081,stInflow,reservoir
SE,h1599,7.451047192727765,scr2081,stInflow,reservoir
SE,h1600,7.451047192727765,scr2081,stInflow,reservoir
SE,h1601,7.451047192727765,scr2081,stInflow,reservoir
SE,h1602,7.451047192727765,scr2081,stInflow,reservoir
SE,h1603,7.451047192727765,scr2081,stInflow,reservoir
SE,h1604,7.451047192727765,scr2081,stInflow,reservoir
SE,h1605,7.451047192727765,scr2081,stInflow,reservoir
SE,h1606,7.451047192727765,scr2081,stInflow,reservoir
SE,h1607,7.451047192727765,scr2081,stInflow,reservoir
SE,h1608,7.451047192727765,scr2081,stInflow,reservoir
SE,h1609,7.451047192727765,scr2081,stInflow,reservoir
SE,h1610,7.451047192727765,scr2081,stInflow,reservoir
SE,h1611,7.451047192727765,scr2081,stInflow,reservoir
SE,h1612,7.451047192727765,scr2081,stInflow,reservoir
SE,h1613,7.451047192727765,scr2081,stInflow,reservoir
SE,h1614,7.451047192727765,scr2081,stInflow,reservoir
SE,h1615,7.451047192727765,scr2081,stInflow,reservoir
SE,h1616,7.451047192727765,scr2081,stInflow,reservoir
SE,h1617,7.451047192727765,scr2081,stInflow,reservoir
SE,h1618,7.451047192727765,scr2081,stInflow,reservoir
SE,h1619,7.451047192727765,scr2081,stInflow,reservoir
SE,h1620,7.451047192727765,scr2081,stInflow,reservoir
SE,h1621,7.451047192727765,scr2081,stInflow,reservoir
SE,h1622,7.451047192727765,scr2081,stInflow,reservoir
SE,h1623,7.451047192727765,scr2081,stInflow,reservoir
SE,h1624,7.451047192727765,scr2081,stInflow,reservoir
SE,h1625,7.451047192727765,scr2081,stInflow,reservoir
SE,h1626,7.451047192727765,scr2081,stInflow,reservoir
SE,h1627,7.451047192727765,scr2081,stInflow,reservoir
SE,h1628,7.451047192727765,scr2081,stInflow,reservoir
SE,h1629,7.451047192727765,scr2081,stInflow,reservoir
SE,h1630,7.451047192727765,scr2081,stInflow,reservoir
SE,h1631,7.451047192727765,scr2081,stInflow,reservoir
SE,h1632,7.451047192727765,scr2081,stInflow,reservoir
SE,h1633,7.416387941693347,scr2081,stInflow,reservoir
SE,h1634,7.381728706856536,scr2081,stInflow,reservoir
SE,h1635,7.347069488293382,scr2081,stInflow,reservoir
SE,h1636,7.347069488293382,scr2081,stInflow,reservoir
SE,h1637,7.347069488293382,scr2081,stInflow,reservoir
SE,h1638,7.347069488293382,scr2081,stInflow,reservoir
SE,h1639,7.347069488293382,scr2081,stInflow,reservoir
SE,h1640,7.347069488293382,scr2081,stInflow,reservoir
SE,h1641,7.347069488293382,scr2081,stInflow,reservoir
SE,h1642,7.347069488293382,scr2081,stInflow,reservoir
SE,h1643,7.347069488293382,scr2081,stInflow,reservoir
SE,h1644,7.347069488293382,scr2081,stInflow,reservoir
SE,h1645,7.347069488293382,scr2081,stInflow,reservoir
SE,h1646,7.347069488293382,scr2081,stInflow,reservoir
SE,h1647,7.347069488293382,scr2081,stInflow,reservoir
SE,h1648,7.347069488293382,scr2081,stInflow,reservoir
SE,h1649,7.347069488293382,scr2081,stInflow,reservoir
SE,h1650,7.347069488293382,scr2081,stInflow,reservoir
SE,h1651,7.347069488293382,scr2081,stInflow,reservoir
SE,h1652,7.347069488293382,scr2081,stInflow,reservoir
SE,h1653,7.347069488293382,scr2081,stInflow,reservoir
SE,h1654,7.347069488293382,scr2081,stInflow,reservoir
SE,h1655,7.347069488293382,scr2081,stInflow,reservoir
SE,h1656,7.347069488293382,scr2081,stInflow,reservoir
SE,h1657,7.347069488293382,scr2081,stInflow,reservoir
SE,h1658,7.347069488293382,scr2081,stInflow,reservoir
SE,h1659,7.347069488293382,scr2081,stInflow,reservoir
SE,h1660,7.347069488293382,scr2081,stInflow,reservoir
SE,h1661,7.347069488293382,scr2081,stInflow,reservoir
SE,h1662,7.347069488293382,scr2081,stInflow,reservoir
SE,h1663,7.347069488293382,scr2081,stInflow,reservoir
SE,h1664,7.347069488293382,scr2081,stInflow,reservoir
SE,h1665,7.347069488293382,scr2081,stInflow,reservoir
SE,h1666,7.347069488293382,scr2081,stInflow,reservoir
SE,h1667,7.347069488293382,scr2081,stInflow,reservoir
SE,h1668,7.347069488293382,scr2081,stInflow,reservoir
SE,h1669,7.347069488293382,scr2081,stInflow,reservoir
SE,h1670,7.347069488293382,scr2081,stInflow,reservoir
SE,h1671,7.347069488293382,scr2081,stInflow,reservoir
SE,h1672,7.347069488293382,scr2081,stInflow,reservoir
SE,h1673,7.347069488293382,scr2081,stInflow,reservoir
SE,h1674,7.347069488293382,scr2081,stInflow,reservoir
SE,h1675,7.347069488293382,scr2081,stInflow,reservoir
SE,h1676,7.347069488293382,scr2081,stInflow,reservoir
SE,h1677,7.347069488293382,scr2081,stInflow,reservoir
SE,h1678,7.347069488293382,scr2081,stInflow,reservoir
SE,h1679,7.347069488293382,scr2081,stInflow,reservoir
SE,h1680,7.347069488293382,scr2081,stInflow,reservoir
SE,h1681,7.347069488293382,scr2081,stInflow,reservoir
SE,h1682,7.347069488293382,scr2081,stInflow,reservoir
SE,h1683,7.347069488293382,scr2081,stInflow,reservoir
SE,h1684,7.347069488293382,scr2081,stInflow,reservoir
SE,h1685,7.347069488293382,scr2081,stInflow,reservoir
SE,h1686,7.347069488293382,scr2081,stInflow,reservoir
SE,h1687,7.347069488293382,scr2081,stInflow,reservoir
SE,h1688,7.347069488293382,scr2081,stInflow,reservoir
SE,h1689,7.347069488293382,scr2081,stInflow,reservoir
SE,h1690,7.347069488293382,scr2081,stInflow,reservoir
SE,h1691,7.347069488293382,scr2081,stInflow,reservoir
SE,h1692,7.347069488293382,scr2081,stInflow,reservoir
SE,h1693,7.347069488293382,scr2081,stInflow,reservoir
SE,h1694,7.347069488293382,scr2081,stInflow,reservoir
SE,h1695,7.347069488293382,scr2081,stInflow,reservoir
SE,h1696,7.347069488293382,scr2081,stInflow,reservoir
SE,h1697,7.347069488293382,scr2081,stInflow,reservoir
SE,h1698,7.347069488293382,scr2081,stInflow,reservoir
SE,h1699,7.347069488293382,scr2081,stInflow,reservoir
SE,h1700,7.347069488293382,scr2081,stInflow,reservoir
SE,h1701,7.347069488293382,scr2081,stInflow,reservoir
SE,h1702,7.347069488293382,scr2081,stInflow,reservoir
SE,h1703,7.347069488293382,scr2081,stInflow,reservoir
SE,h1704,7.347069488293382,scr2081,stInflow,reservoir
SE,h1705,7.347069488293382,scr2081,stInflow,reservoir
SE,h1706,7.347069488293382,scr2081,stInflow,reservoir
SE,h1707,7.347069488293382,scr2081,stInflow,reservoir
SE,h1708,7.347069488293382,scr2081,stInflow,reservoir
SE,h1709,7.347069488293382,scr2081,stInflow,reservoir
SE,h1710,7.347069488293382,scr2081,stInflow,reservoir
SE,h1711,7.347069488293382,scr2081,stInflow,reservoir
SE,h1712,7.347069488293382,scr2081,stInflow,reservoir
SE,h1713,7.347069488293382,scr2081,stInflow,reservoir
SE,h1714,7.347069488293382,scr2081,stInflow,reservoir
SE,h1715,7.347069488293382,scr2081,stInflow,reservoir
SE,h1716,7.347069488293382,scr2081,stInflow,reservoir
SE,h1717,7.347069488293382,scr2081,stInflow,reservoir
SE,h1718,7.347069488293382,scr2081,stInflow,reservoir
SE,h1719,7.347069488293382,scr2081,stInflow,reservoir
SE,h1720,7.347069488293382,scr2081,stInflow,reservoir
SE,h1721,7.347069488293382,scr2081,stInflow,reservoir
SE,h1722,7.347069488293382,scr2081,stInflow,reservoir
SE,h1723,7.347069488293382,scr2081,stInflow,reservoir
SE,h1724,7.347069488293382,scr2081,stInflow,reservoir
SE,h1725,7.347069488293382,scr2081,stInflow,reservoir
SE,h1726,7.347069488293382,scr2081,stInflow,reservoir
SE,h1727,7.347069488293382,scr2081,stInflow,reservoir
SE,h1728,7.347069488293382,scr2081,stInflow,reservoir
SE,h1729,7.347069488293382,scr2081,stInflow,reservoir
SE,h1730,7.347069488293382,scr2081,stInflow,reservoir
SE,h1731,7.347069488293382,scr2081,stInflow,reservoir
SE,h1732,7.347069488293382,scr2081,stInflow,reservoir
SE,h1733,7.347069488293382,scr2081,stInflow,reservoir
SE,h1734,7.347069488293382,scr2081,stInflow,reservoir
SE,h1735,7.347069488293382,scr2081,stInflow,reservoir
SE,h1736,7.347069488293382,scr2081,stInflow,reservoir
SE,h1737,7.347069488293382,scr2081,stInflow,reservoir
SE,h1738,7.347069488293382,scr2081,stInflow,reservoir
SE,h1739,7.347069488293382,scr2081,stInflow,reservoir
SE,h1740,7.347069488293382,scr2081,stInflow,reservoir
SE,h1741,7.347069488293382,scr2081,stInflow,reservoir
SE,h1742,7.347069488293382,scr2081,stInflow,reservoir
SE,h1743,7.347069488293382,scr2081,stInflow,reservoir
SE,h1744,7.347069488293382,scr2081,stInflow,reservoir
SE,h1745,7.347069488293382,scr2081,stInflow,reservoir
SE,h1746,7.347069488293382,scr2081,stInflow,reservoir
SE,h1747,7.347069488293382,scr2081,stInflow,reservoir
SE,h1748,7.347069488293382,scr2081,stInflow,reservoir
SE,h1749,7.347069488293382,scr2081,stInflow,reservoir
SE,h1750,7.347069488293382,scr2081,stInflow,reservoir
SE,h1751,7.347069488293382,scr2081,stInflow,reservoir
SE,h1752,7.347069488293382,scr2081,stInflow,reservoir
SE,h1753,7.347069488293382,scr2081,stInflow,reservoir
SE,h1754,7.347069488293382,scr2081,stInflow,reservoir
SE,h1755,7.347069488293382,scr2081,stInflow,reservoir
SE,h1756,7.347069488293382,scr2081,stInflow,reservoir
SE,h1757,7.347069488293382,scr2081,stInflow,reservoir
SE,h1758,7.347069488293382,scr2081,stInflow,reservoir
SE,h1759,7.347069488293382,scr2081,stInflow,reservoir
SE,h1760,7.347069488293382,scr2081,stInflow,reservoir
SE,h1761,7.347069488293382,scr2081,stInflow,reservoir
SE,h1762,7.347069488293382,scr2081,stInflow,reservoir
SE,h1763,7.347069488293382,scr2081,stInflow,reservoir
SE,h1764,7.347069488293382,scr2081,stInflow,reservoir
SE,h1765,7.347069488293382,scr2081,stInflow,reservoir
SE,h1766,7.347069488293382,scr2081,stInflow,reservoir
SE,h1767,7.347069488293382,scr2081,stInflow,reservoir
SE,h1768,7.347069488293382,scr2081,stInflow,reservoir
SE,h1769,7.347069488293382,scr2081,stInflow,reservoir
SE,h1770,7.347069488293382,scr2081,stInflow,reservoir
SE,h1771,7.347069488293382,scr2081,stInflow,reservoir
SE,h1772,7.347069488293382,scr2081,stInflow,reservoir
SE,h1773,7.347069488293382,scr2081,stInflow,reservoir
SE,h1774,7.347069488293382,scr2081,stInflow,reservoir
SE,h1775,7.347069488293382,scr2081,stInflow,reservoir
SE,h1776,7.347069488293382,scr2081,stInflow,reservoir
SE,h1777,7.347069488293382,scr2081,stInflow,reservoir
SE,h1778,7.347069488293382,scr2081,stInflow,reservoir
SE,h1779,7.347069488293382,scr2081,stInflow,reservoir
SE,h1780,7.347069488293382,scr2081,stInflow,reservoir
SE,h1781,7.347069488293382,scr2081,stInflow,reservoir
SE,h1782,7.347069488293382,scr2081,stInflow,reservoir
SE,h1783,7.347069488293382,scr2081,stInflow,reservoir
SE,h1784,7.347069488293382,scr2081,stInflow,reservoir
SE,h1785,7.347069488293382,scr2081,stInflow,reservoir
SE,h1786,7.347069488293382,scr2081,stInflow,reservoir
SE,h1787,7.347069488293382,scr2081,stInflow,reservoir
SE,h1788,7.347069488293382,scr2081,stInflow,reservoir
SE,h1789,7.347069488293382,scr2081,stInflow,reservoir
SE,h1790,7.347069488293382,scr2081,stInflow,reservoir
SE,h1791,7.347069488293382,scr2081,stInflow,reservoir
SE,h1792,7.347069488293382,scr2081,stInflow,reservoir
SE,h1793,7.347069488293382,scr2081,stInflow,reservoir
SE,h1794,7.347069488293382,scr2081,stInflow,reservoir
SE,h1795,7.347069488293382,scr2081,stInflow,reservoir
SE,h1796,7.347069488293382,scr2081,stInflow,reservoir
SE,h1797,7.347069488293382,scr2081,stInflow,reservoir
SE,h1798,7.347069488293382,scr2081,stInflow,reservoir
SE,h1799,7.347069488293382,scr2081,stInflow,reservoir
SE,h1800,7.347069488293382,scr2081,stInflow,reservoir
SE,h1801,7.379379180125703,scr2081,stInflow,reservoir
SE,h1802,7.411688886104596,scr2081,stInflow,reservoir
SE,h1803,7.443998606168399,scr2081,stInflow,reservoir
SE,h1804,7.443998606168399,scr2081,stInflow,reservoir
SE,h1805,7.443998606168399,scr2081,stInflow,reservoir
SE,h1806,7.443998606168399,scr2081,stInflow,reservoir
SE,h1807,7.443998606168399,scr2081,stInflow,reservoir
SE,h1808,7.443998606168399,scr2081,stInflow,reservoir
SE,h1809,7.443998606168399,scr2081,stInflow,reservoir
SE,h1810,7.443998606168399,scr2081,stInflow,reservoir
SE,h1811,7.443998606168399,scr2081,stInflow,reservoir
SE,h1812,7.443998606168399,scr2081,stInflow,reservoir
SE,h1813,7.443998606168399,scr2081,stInflow,reservoir
SE,h1814,7.443998606168399,scr2081,stInflow,reservoir
SE,h1815,7.443998606168399,scr2081,stInflow,reservoir
SE,h1816,7.443998606168399,scr2081,stInflow,reservoir
SE,h1817,7.443998606168399,scr2081,stInflow,reservoir
SE,h1818,7.443998606168399,scr2081,stInflow,reservoir
SE,h1819,7.443998606168399,scr2081,stInflow,reservoir
SE,h1820,7.443998606168399,scr2081,stInflow,reservoir
SE,h1821,7.443998606168399,scr2081,stInflow,reservoir
SE,h1822,7.443998606168399,scr2081,stInflow,reservoir
SE,h1823,7.443998606168399,scr2081,stInflow,reservoir
SE,h1824,7.443998606168399,scr2081,stInflow,reservoir
SE,h1825,7.443998606168399,scr2081,stInflow,reservoir
SE,h1826,7.443998606168399,scr2081,stInflow,reservoir
SE,h1827,7.443998606168399,scr2081,stInflow,reservoir
SE,h1828,7.443998606168399,scr2081,stInflow,reservoir
SE,h1829,7.443998606168399,scr2081,stInflow,reservoir
SE,h1830,7.443998606168399,scr2081,stInflow,reservoir
SE,h1831,7.443998606168399,scr2081,stInflow,reservoir
SE,h1832,7.443998606168399,scr2081,stInflow,reservoir
SE,h1833,7.443998606168399,scr2081,stInflow,reservoir
SE,h1834,7.443998606168399,scr2081,stInflow,reservoir
SE,h1835,7.443998606168399,scr2081,stInflow,reservoir
SE,h1836,7.443998606168399,scr2081,stInflow,reservoir
SE,h1837,7.443998606168399,scr2081,stInflow,reservoir
SE,h1838,7.443998606168399,scr2081,stInflow,reservoir
SE,h1839,7.443998606168399,scr2081,stInflow,reservoir
SE,h1840,7.443998606168399,scr2081,stInflow,reservoir
SE,h1841,7.443998606168399,scr2081,stInflow,reservoir
SE,h1842,7.443998606168399,scr2081,stInflow,reservoir
SE,h1843,7.443998606168399,scr2081,stInflow,reservoir
SE,h1844,7.443998606168399,scr2081,stInflow,reservoir
SE,h1845,7.443998606168399,scr2081,stInflow,reservoir
SE,h1846,7.443998606168399,scr2081,stInflow,reservoir
SE,h1847,7.443998606168399,scr2081,stInflow,reservoir
SE,h1848,7.443998606168399,scr2081,stInflow,reservoir
SE,h1849,7.443998606168399,scr2081,stInflow,reservoir
SE,h1850,7.443998606168399,scr2081,stInflow,reservoir
SE,h1851,7.443998606168399,scr2081,stInflow,reservoir
SE,h1852,7.443998606168399,scr2081,stInflow,reservoir
SE,h1853,7.443998606168399,scr2081,stInflow,reservoir
SE,h1854,7.443998606168399,scr2081,stInflow,reservoir
SE,h1855,7.443998606168399,scr2081,stInflow,reservoir
SE,h1856,7.443998606168399,scr2081,stInflow,reservoir
SE,h1857,7.443998606168399,scr2081,stInflow,reservoir
SE,h1858,7.443998606168399,scr2081,stInflow,reservoir
SE,h1859,7.443998606168399,scr2081,stInflow,reservoir
SE,h1860,7.443998606168399,scr2081,stInflow,reservoir
SE,h1861,7.443998606168399,scr2081,stInflow,reservoir
SE,h1862,7.443998606168399,scr2081,stInflow,reservoir
SE,h1863,7.443998606168399,scr2081,stInflow,reservoir
SE,h1864,7.443998606168399,scr2081,stInflow,reservoir
SE,h1865,7.443998606168399,scr2081,stInflow,reservoir
SE,h1866,7.443998606168399,scr2081,stInflow,reservoir
SE,h1867,7.443998606168399,scr2081,stInflow,reservoir
SE,h1868,7.443998606168399,scr2081,stInflow,reservoir
SE,h1869,7.443998606168399,scr2081,stInflow,reservoir
SE,h1870,7.443998606168399,scr2081,stInflow,reservoir
SE,h1871,7.443998606168399,scr2081,stInflow,reservoir
SE,h1872,7.443998606168399,scr2081,stInflow,reservoir
SE,h1873,7.443998606168399,scr2081,stInflow,reservoir
SE,h1874,7.443998606168399,scr2081,stInflow,reservoir
SE,h1875,7.443998606168399,scr2081,stInflow,reservoir
SE,h1876,7.443998606168399,scr2081,stInflow,reservoir
SE,h1877,7.443998606168399,scr2081,stInflow,reservoir
SE,h1878,7.443998606168399,scr2081,stInflow,reservoir
SE,h1879,7.443998606168399,scr2081,stInflow,reservoir
SE,h1880,7.443998606168399,scr2081,stInflow,reservoir
SE,h1881,7.443998606168399,scr2081,stInflow,reservoir
SE,h1882,7.443998606168399,scr2081,stInflow,reservoir
SE,h1883,7.443998606168399,scr2081,stInflow,reservoir
SE,h1884,7.443998606168399,scr2081,stInflow,reservoir
SE,h1885,7.443998606168399,scr2081,stInflow,reservoir
SE,h1886,7.443998606168399,scr2081,stInflow,reservoir
SE,h1887,7.443998606168399,scr2081,stInflow,reservoir
SE,h1888,7.443998606168399,scr2081,stInflow,reservoir
SE,h1889,7.443998606168399,scr2081,stInflow,reservoir
SE,h1890,7.443998606168399,scr2081,stInflow,reservoir
SE,h1891,7.443998606168399,scr2081,stInflow,reservoir
SE,h1892,7.443998606168399,scr2081,stInflow,reservoir
SE,h1893,7.443998606168399,scr2081,stInflow,reservoir
SE,h1894,7.443998606168399,scr2081,stInflow,reservoir
SE,h1895,7.443998606168399,scr2081,stInflow,reservoir
SE,h1896,7.443998606168399,scr2081,stInflow,reservoir
SE,h1897,7.443998606168399,scr2081,stInflow,reservoir
SE,h1898,7.443998606168399,scr2081,stInflow,reservoir
SE,h1899,7.443998606168399,scr2081,stInflow,reservoir
SE,h1900,7.443998606168399,scr2081,stInflow,reservoir
SE,h1901,7.443998606168399,scr2081,stInflow,reservoir
SE,h1902,7.443998606168399,scr2081,stInflow,reservoir
SE,h1903,7.443998606168399,scr2081,stInflow,reservoir
SE,h1904,7.443998606168399,scr2081,stInflow,reservoir
SE,h1905,7.443998606168399,scr2081,stInflow,reservoir
SE,h1906,7.443998606168399,scr2081,stInflow,reservoir
SE,h1907,7.443998606168399,scr2081,stInflow,reservoir
SE,h1908,7.443998606168399,scr2081,stInflow,reservoir
SE,h1909,7.443998606168399,scr2081,stInflow,reservoir
SE,h1910,7.443998606168399,scr2081,stInflow,reservoir
SE,h1911,7.443998606168399,scr2081,stInflow,reservoir
SE,h1912,7.443998606168399,scr2081,stInflow,reservoir
SE,h1913,7.443998606168399,scr2081,stInflow,reservoir
SE,h1914,7.443998606168399,scr2081,stInflow,reservoir
SE,h1915,7.443998606168399,scr2081,stInflow,reservoir
SE,h1916,7.443998606168399,scr2081,stInflow,reservoir
SE,h1917,7.443998606168399,scr2081,stInflow,reservoir
SE,h1918,7.443998606168399,scr2081,stInflow,reservoir
SE,h1919,7.443998606168399,scr2081,stInflow,reservoir
SE,h1920,7.443998606168399,scr2081,stInflow,reservoir
SE,h1921,7.443998606168399,scr2081,stInflow,reservoir
SE,h1922,7.443998606168399,scr2081,stInflow,reservoir
SE,h1923,7.443998606168399,scr2081,stInflow,reservoir
SE,h1924,7.443998606168399,scr2081,stInflow,reservoir
SE,h1925,7.443998606168399,scr2081,stInflow,reservoir
SE,h1926,7.443998606168399,scr2081,stInflow,reservoir
SE,h1927,7.443998606168399,scr2081,stInflow,reservoir
SE,h1928,7.443998606168399,scr2081,stInflow,reservoir
SE,h1929,7.443998606168399,scr2081,stInflow,reservoir
SE,h1930,7.443998606168399,scr2081,stInflow,reservoir
SE,h1931,7.443998606168399,scr2081,stInflow,reservoir
SE,h1932,7.443998606168399,scr2081,stInflow,reservoir
SE,h1933,7.443998606168399,scr2081,stInflow,reservoir
SE,h1934,7.443998606168399,scr2081,stInflow,reservoir
SE,h1935,7.443998606168399,scr2081,stInflow,reservoir
SE,h1936,7.443998606168399,scr2081,stInflow,reservoir
SE,h1937,7.443998606168399,scr2081,stInflow,reservoir
SE,h1938,7.443998606168399,scr2081,stInflow,reservoir
SE,h1939,7.443998606168399,scr2081,stInflow,reservoir
SE,h1940,7.443998606168399,scr2081,stInflow,reservoir
SE,h1941,7.443998606168399,scr2081,stInflow,reservoir
SE,h1942,7.443998606168399,scr2081,stInflow,reservoir
SE,h1943,7.443998606168399,scr2081,stInflow,reservoir
SE,h1944,7.443998606168399,scr2081,stInflow,reservoir
SE,h1945,7.443998606168399,scr2081,stInflow,reservoir
SE,h1946,7.443998606168399,scr2081,stInflow,reservoir
SE,h1947,7.443998606168399,scr2081,stInflow,reservoir
SE,h1948,7.443998606168399,scr2081,stInflow,reservoir
SE,h1949,7.443998606168399,scr2081,stInflow,reservoir
SE,h1950,7.443998606168399,scr2081,stInflow,reservoir
SE,h1951,7.443998606168399,scr2081,stInflow,reservoir
SE,h1952,7.443998606168399,scr2081,stInflow,reservoir
SE,h1953,7.443998606168399,scr2081,stInflow,reservoir
SE,h1954,7.443998606168399,scr2081,stInflow,reservoir
SE,h1955,7.443998606168399,scr2081,stInflow,reservoir
SE,h1956,7.443998606168399,scr2081,stInflow,reservoir
SE,h1957,7.443998606168399,scr2081,stInflow,reservoir
SE,h1958,7.443998606168399,scr2081,stInflow,reservoir
SE,h1959,7.443998606168399,scr2081,stInflow,reservoir
SE,h1960,7.443998606168399,scr2081,stInflow,reservoir
SE,h1961,7.443998606168399,scr2081,stInflow,reservoir
SE,h1962,7.443998606168399,scr2081,stInflow,reservoir
SE,h1963,7.443998606168399,scr2081,stInflow,reservoir
SE,h1964,7.443998606168399,scr2081,stInflow,reservoir
SE,h1965,7.443998606168399,scr2081,stInflow,reservoir
SE,h1966,7.443998606168399,scr2081,stInflow,reservoir
SE,h1967,7.443998606168399,scr2081,stInflow,reservoir
SE,h1968,7.443998606168399,scr2081,stInflow,reservoir
SE,h1969,7.400702186963748,scr2081,stInflow,reservoir
SE,h1970,7.357405793089202,scr2081,stInflow,reservoir
SE,h1971,7.314109424693812,scr2081,stInflow,reservoir
SE,h1972,7.314109424693812,scr2081,stInflow,reservoir
SE,h1973,7.314109424693812,scr2081,stInflow,reservoir
SE,h1974,7.314109424693812,scr2081,stInflow,reservoir
SE,h1975,7.314109424693812,scr2081,stInflow,reservoir
SE,h1976,7.314109424693812,scr2081,stInflow,reservoir
SE,h1977,7.314109424693812,scr2081,stInflow,reservoir
SE,h1978,7.314109424693812,scr2081,stInflow,reservoir
SE,h1979,7.314109424693812,scr2081,stInflow,reservoir
SE,h1980,7.314109424693812,scr2081,stInflow,reservoir
SE,h1981,7.314109424693812,scr2081,stInflow,reservoir
SE,h1982,7.314109424693812,scr2081,stInflow,reservoir
SE,h1983,7.314109424693812,scr2081,stInflow,reservoir
SE,h1984,7.314109424693812,scr2081,stInflow,reservoir
SE,h1985,7.314109424693812,scr2081,stInflow,reservoir
SE,h1986,7.314109424693812,scr2081,stInflow,reservoir
SE,h1987,7.314109424693812,scr2081,stInflow,reservoir
SE,h1988,7.314109424693812,scr2081,stInflow,reservoir
SE,h1989,7.314109424693812,scr2081,stInflow,reservoir
SE,h1990,7.314109424693812,scr2081,stInflow,reservoir
SE,h1991,7.314109424693812,scr2081,stInflow,reservoir
SE,h1992,7.314109424693812,scr2081,stInflow,reservoir
SE,h1993,7.314109424693812,scr2081,stInflow,reservoir
SE,h1994,7.314109424693812,scr2081,stInflow,reservoir
SE,h1995,7.314109424693812,scr2081,stInflow,reservoir
SE,h1996,7.314109424693812,scr2081,stInflow,reservoir
SE,h1997,7.314109424693812,scr2081,stInflow,reservoir
SE,h1998,7.314109424693812,scr2081,stInflow,reservoir
SE,h1999,7.314109424693812,scr2081,stInflow,reservoir
SE,h2000,7.314109424693812,scr2081,stInflow,reservoir
SE,h2001,7.314109424693812,scr2081,stInflow,reservoir
SE,h2002,7.314109424693812,scr2081,stInflow,reservoir
SE,h2003,7.314109424693812,scr2081,stInflow,reservoir
SE,h2004,7.314109424693812,scr2081,stInflow,reservoir
SE,h2005,7.314109424693812,scr2081,stInflow,reservoir
SE,h2006,7.314109424693812,scr2081,stInflow,reservoir
SE,h2007,7.314109424693812,scr2081,stInflow,reservoir
SE,h2008,7.314109424693812,scr2081,stInflow,reservoir
SE,h2009,7.314109424693812,scr2081,stInflow,reservoir
SE,h2010,7.314109424693812,scr2081,stInflow,reservoir
SE,h2011,7.314109424693812,scr2081,stInflow,reservoir
SE,h2012,7.314109424693812,scr2081,stInflow,reservoir
SE,h2013,7.314109424693812,scr2081,stInflow,reservoir
SE,h2014,7.314109424693812,scr2081,stInflow,reservoir
SE,h2015,7.314109424693812,scr2081,stInflow,reservoir
SE,h2016,7.314109424693812,scr2081,stInflow,reservoir
SE,h2017,7.314109424693812,scr2081,stInflow,reservoir
SE,h2018,7.314109424693812,scr2081,stInflow,reservoir
SE,h2019,7.314109424693812,scr2081,stInflow,reservoir
SE,h2020,7.314109424693812,scr2081,stInflow,reservoir
SE,h2021,7.314109424693812,scr2081,stInflow,reservoir
SE,h2022,7.314109424693812,scr2081,stInflow,reservoir
SE,h2023,7.314109424693812,scr2081,stInflow,reservoir
SE,h2024,7.314109424693812,scr2081,stInflow,reservoir
SE,h2025,7.314109424693812,scr2081,stInflow,reservoir
SE,h2026,7.314109424693812,scr2081,stInflow,reservoir
SE,h2027,7.314109424693812,scr2081,stInflow,reservoir
SE,h2028,7.314109424693812,scr2081,stInflow,reservoir
SE,h2029,7.314109424693812,scr2081,stInflow,reservoir
SE,h2030,7.314109424693812,scr2081,stInflow,reservoir
SE,h2031,7.314109424693812,scr2081,stInflow,reservoir
SE,h2032,7.314109424693812,scr2081,stInflow,reservoir
SE,h2033,7.314109424693812,scr2081,stInflow,reservoir
SE,h2034,7.314109424693812,scr2081,stInflow,reservoir
SE,h2035,7.314109424693812,scr2081,stInflow,reservoir
SE,h2036,7.314109424693812,scr2081,stInflow,reservoir
SE,h2037,7.314109424693812,scr2081,stInflow,reservoir
SE,h2038,7.314109424693812,scr2081,stInflow,reservoir
SE,h2039,7.314109424693812,scr2081,stInflow,reservoir
SE,h2040,7.314109424693812,scr2081,stInflow,reservoir
SE,h2041,7.314109424693812,scr2081,stInflow,reservoir
SE,h2042,7.314109424693812,scr2081,stInflow,reservoir
SE,h2043,7.314109424693812,scr2081,stInflow,reservoir
SE,h2044,7.314109424693812,scr2081,stInflow,reservoir
SE,h2045,7.314109424693812,scr2081,stInflow,reservoir
SE,h2046,7.314109424693812,scr2081,stInflow,reservoir
SE,h2047,7.314109424693812,scr2081,stInflow,reservoir
SE,h2048,7.314109424693812,scr2081,stInflow,reservoir
SE,h2049,7.314109424693812,scr2081,stInflow,reservoir
SE,h2050,7.314109424693812,scr2081,stInflow,reservoir
SE,h2051,7.314109424693812,scr2081,stInflow,reservoir
SE,h2052,7.314109424693812,scr2081,stInflow,reservoir
SE,h2053,7.314109424693812,scr2081,stInflow,reservoir
SE,h2054,7.314109424693812,scr2081,stInflow,reservoir
SE,h2055,7.314109424693812,scr2081,stInflow,reservoir
SE,h2056,7.314109424693812,scr2081,stInflow,reservoir
SE,h2057,7.314109424693812,scr2081,stInflow,reservoir
SE,h2058,7.314109424693812,scr2081,stInflow,reservoir
SE,h2059,7.314109424693812,scr2081,stInflow,reservoir
SE,h2060,7.314109424693812,scr2081,stInflow,reservoir
SE,h2061,7.314109424693812,scr2081,stInflow,reservoir
SE,h2062,7.314109424693812,scr2081,stInflow,reservoir
SE,h2063,7.314109424693812,scr2081,stInflow,reservoir
SE,h2064,7.314109424693812,scr2081,stInflow,reservoir
SE,h2065,7.314109424693812,scr2081,stInflow,reservoir
SE,h2066,7.314109424693812,scr2081,stInflow,reservoir
SE,h2067,7.314109424693812,scr2081,stInflow,reservoir
SE,h2068,7.314109424693812,scr2081,stInflow,reservoir
SE,h2069,7.314109424693812,scr2081,stInflow,reservoir
SE,h2070,7.314109424693812,scr2081,stInflow,reservoir
SE,h2071,7.314109424693812,scr2081,stInflow,reservoir
SE,h2072,7.314109424693812,scr2081,stInflow,reservoir
SE,h2073,7.314109424693812,scr2081,stInflow,reservoir
SE,h2074,7.314109424693812,scr2081,stInflow,reservoir
SE,h2075,7.314109424693812,scr2081,stInflow,reservoir
SE,h2076,7.314109424693812,scr2081,stInflow,reservoir
SE,h2077,7.314109424693812,scr2081,stInflow,reservoir
SE,h2078,7.314109424693812,scr2081,stInflow,reservoir
SE,h2079,7.314109424693812,scr2081,stInflow,reservoir
SE,h2080,7.314109424693812,scr2081,stInflow,reservoir
SE,h2081,7.314109424693812,scr2081,stInflow,reservoir
SE,h2082,7.314109424693812,scr2081,stInflow,reservoir
SE,h2083,7.314109424693812,scr2081,stInflow,reservoir
SE,h2084,7.314109424693812,scr2081,stInflow,reservoir
SE,h2085,7.314109424693812,scr2081,stInflow,reservoir
SE,h2086,7.314109424693812,scr2081,stInflow,reservoir
SE,h2087,7.314109424693812,scr2081,stInflow,reservoir
SE,h2088,7.314109424693812,scr2081,stInflow,reservoir
SE,h2089,7.314109424693812,scr2081,stInflow,reservoir
SE,h2090,7.314109424693812,scr2081,stInflow,reservoir
SE,h2091,7.314109424693812,scr2081,stInflow,reservoir
SE,h2092,7.314109424693812,scr2081,stInflow,reservoir
SE,h2093,7.314109424693812,scr2081,stInflow,reservoir
SE,h2094,7.314109424693812,scr2081,stInflow,reservoir
SE,h2095,7.314109424693812,scr2081,stInflow,reservoir
SE,h2096,7.314109424693812,scr2081,stInflow,reservoir
SE,h2097,7.314109424693812,scr2081,stInflow,reservoir
SE,h2098,7.314109424693812,scr2081,stInflow,reservoir
SE,h2099,7.314109424693812,scr2081,stInflow,reservoir
SE,h2100,7.314109424693812,scr2081,stInflow,reservoir
SE,h2101,7.314109424693812,scr2081,stInflow,reservoir
SE,h2102,7.314109424693812,scr2081,stInflow,reservoir
SE,h2103,7.314109424693812,scr2081,stInflow,reservoir
SE,h2104,7.314109424693812,scr2081,stInflow,reservoir
SE,h2105,7.314109424693812,scr2081,stInflow,reservoir
SE,h2106,7.314109424693812,scr2081,stInflow,reservoir
SE,h2107,7.314109424693812,scr2081,stInflow,reservoir
SE,h2108,7.314109424693812,scr2081,stInflow,reservoir
SE,h2109,7.314109424693812,scr2081,stInflow,reservoir
SE,h2110,7.314109424693812,scr2081,stInflow,reservoir
SE,h2111,7.314109424693812,scr2081,stInflow,reservoir
SE,h2112,7.314109424693812,scr2081,stInflow,reservoir
SE,h2113,7.314109424693812,scr2081,stInflow,reservoir
SE,h2114,7.314109424693812,scr2081,stInflow,reservoir
SE,h2115,7.314109424693812,scr2081,stInflow,reservoir
SE,h2116,7.314109424693812,scr2081,stInflow,reservoir
SE,h2117,7.314109424693812,scr2081,stInflow,reservoir
SE,h2118,7.314109424693812,scr2081,stInflow,reservoir
SE,h2119,7.314109424693812,scr2081,stInflow,reservoir
SE,h2120,7.314109424693812,scr2081,stInflow,reservoir
SE,h2121,7.314109424693812,scr2081,stInflow,reservoir
SE,h2122,7.314109424693812,scr2081,stInflow,reservoir
SE,h2123,7.314109424693812,scr2081,stInflow,reservoir
SE,h2124,7.314109424693812,scr2081,stInflow,reservoir
SE,h2125,7.314109424693812,scr2081,stInflow,reservoir
SE,h2126,7.314109424693812,scr2081,stInflow,reservoir
SE,h2127,7.314109424693812,scr2081,stInflow,reservoir
SE,h2128,7.314109424693812,scr2081,stInflow,reservoir
SE,h2129,7.314109424693812,scr2081,stInflow,reservoir
SE,h2130,7.314109424693812,scr2081,stInflow,reservoir
SE,h2131,7.314109424693812,scr2081,stInflow,reservoir
SE,h2132,7.314109424693812,scr2081,stInflow,reservoir
SE,h2133,7.314109424693812,scr2081,stInflow,reservoir
SE,h2134,7.314109424693812,scr2081,stInflow,reservoir
SE,h2135,7.314109424693812,scr2081,stInflow,reservoir
SE,h2136,7.314109424693812,scr2081,stInflow,reservoir
SE,h2137,7.4021860889057365,scr2081,stInflow,reservoir
SE,h2138,7.490262857921263,scr2081,stInflow,reservoir
SE,h2139,7.578339730508081,scr2081,stInflow,reservoir
SE,h2140,7.578339730508081,scr2081,stInflow,reservoir
SE,h2141,7.578339730508081,scr2081,stInflow,reservoir
SE,h2142,7.578339730508081,scr2081,stInflow,reservoir
SE,h2143,7.578339730508081,scr2081,stInflow,reservoir
SE,h2144,7.578339730508081,scr2081,stInflow,reservoir
SE,h2145,7.578339730508081,scr2081,stInflow,reservoir
SE,h2146,7.578339730508081,scr2081,stInflow,reservoir
SE,h2147,7.578339730508081,scr2081,stInflow,reservoir
SE,h2148,7.578339730508081,scr2081,stInflow,reservoir
SE,h2149,7.578339730508081,scr2081,stInflow,reservoir
SE,h2150,7.578339730508081,scr2081,stInflow,reservoir
SE,h2151,7.578339730508081,scr2081,stInflow,reservoir
SE,h2152,7.578339730508081,scr2081,stInflow,reservoir
SE,h2153,7.578339730508081,scr2081,stInflow,reservoir
SE,h2154,7.578339730508081,scr2081,stInflow,reservoir
SE,h2155,7.578339730508081,scr2081,stInflow,reservoir
SE,h2156,7.578339730508081,scr2081,stInflow,reservoir
SE,h2157,7.578339730508081,scr2081,stInflow,reservoir
SE,h2158,7.578339730508081,scr2081,stInflow,reservoir
SE,h2159,7.578339730508081,scr2081,stInflow,reservoir
SE,h2160,7.578339730508081,scr2081,stInflow,reservoir
