region_1,timestep_6,value,scenario_1,parameter,technology_3
AT,h7297,1.0790678446544064,scr2007,stInflow,reservoir
AT,h7298,1.0790678446544064,scr2007,stInflow,reservoir
AT,h7299,1.0790678446544064,scr2007,stInflow,reservoir
AT,h7300,1.0790678446544064,scr2007,stInflow,reservoir
AT,h7301,1.0790678446544064,scr2007,stInflow,reservoir
AT,h7302,1.0790678446544064,scr2007,stInflow,reservoir
AT,h7303,1.0790678446544064,scr2007,stInflow,reservoir
AT,h7304,1.0790678446544064,scr2007,stInflow,reservoir
AT,h7305,1.0790678446544064,scr2007,stInflow,reservoir
AT,h7306,1.0790678446544064,scr2007,stInflow,reservoir
AT,h7307,1.0790678446544064,scr2007,stInflow,reservoir
AT,h7308,1.0790678446544064,scr2007,stInflow,reservoir
AT,h7309,1.0790678446544064,scr2007,stInflow,reservoir
AT,h7310,1.0790678446544064,scr2007,stInflow,reservoir
AT,h7311,1.0790678446544064,scr2007,stInflow,reservoir
AT,h7312,1.0790678446544064,scr2007,stInflow,reservoir
AT,h7313,1.0790678446544064,scr2007,stInflow,reservoir
AT,h7314,1.0790678446544064,scr2007,stInflow,reservoir
AT,h7315,1.0790678446544064,scr2007,stInflow,reservoir
AT,h7316,1.0790678446544064,scr2007,stInflow,reservoir
AT,h7317,1.0790678446544064,scr2007,stInflow,reservoir
AT,h7318,1.0790678446544064,scr2007,stInflow,reservoir
AT,h7319,1.0790678446544064,scr2007,stInflow,reservoir
AT,h7320,1.0790678446544064,scr2007,stInflow,reservoir
AT,h7321,1.0790678446544064,scr2007,stInflow,reservoir
AT,h7322,1.0790678446544064,scr2007,stInflow,reservoir
AT,h7323,1.0790678446544064,scr2007,stInflow,reservoir
AT,h7324,1.0790678446544064,scr2007,stInflow,reservoir
AT,h7325,1.0790678446544064,scr2007,stInflow,reservoir
AT,h7326,1.0790678446544064,scr2007,stInflow,reservoir
AT,h7327,1.0790678446544064,scr2007,stInflow,reservoir
AT,h7328,1.0790678446544064,scr2007,stInflow,reservoir
AT,h7329,1.0790678446544064,scr2007,stInflow,reservoir
AT,h7330,1.0790678446544064,scr2007,stInflow,reservoir
AT,h7331,1.0790678446544064,scr2007,stInflow,reservoir
AT,h7332,1.0790678446544064,scr2007,stInflow,reservoir
AT,h7333,1.0790678446544064,scr2007,stInflow,reservoir
AT,h7334,1.0790678446544064,scr2007,stInflow,reservoir
AT,h7335,1.0790678446544064,scr2007,stInflow,reservoir
AT,h7336,1.0790678446544064,scr2007,stInflow,reservoir
AT,h7337,1.0790678446544064,scr2007,stInflow,reservoir
AT,h7338,1.0790678446544064,scr2007,stInflow,reservoir
AT,h7339,1.0790678446544064,scr2007,stInflow,reservoir
AT,h7340,1.0790678446544064,scr2007,stInflow,reservoir
AT,h7341,1.0790678446544064,scr2007,stInflow,reservoir
AT,h7342,1.0790678446544064,scr2007,stInflow,reservoir
AT,h7343,1.0790678446544064,scr2007,stInflow,reservoir
AT,h7344,1.0790678446544064,scr2007,stInflow,reservoir
AT,h7345,1.0790678446544064,scr2007,stInflow,reservoir
AT,h7346,1.0790678446544064,scr2007,stInflow,reservoir
AT,h7347,1.0790678446544064,scr2007,stInflow,reservoir
AT,h7348,1.0790678446544064,scr2007,stInflow,reservoir
AT,h7349,1.0790678446544064,scr2007,stInflow,reservoir
AT,h7350,1.0790678446544064,scr2007,stInflow,reservoir
AT,h7351,1.0790678446544064,scr2007,stInflow,reservoir
AT,h7352,1.0790678446544064,scr2007,stInflow,reservoir
AT,h7353,1.0790678446544064,scr2007,stInflow,reservoir
AT,h7354,1.0790678446544064,scr2007,stInflow,reservoir
AT,h7355,1.0790678446544064,scr2007,stInflow,reservoir
AT,h7356,1.0790678446544064,scr2007,stInflow,reservoir
AT,h7357,1.0790678446544064,scr2007,stInflow,reservoir
AT,h7358,1.0790678446544064,scr2007,stInflow,reservoir
AT,h7359,1.0790678446544064,scr2007,stInflow,reservoir
AT,h7360,1.0790678446544064,scr2007,stInflow,reservoir
AT,h7361,1.0790678446544064,scr2007,stInflow,reservoir
AT,h7362,1.0790678446544064,scr2007,stInflow,reservoir
AT,h7363,1.0790678446544064,scr2007,stInflow,reservoir
AT,h7364,1.0790678446544064,scr2007,stInflow,reservoir
AT,h7365,1.0790678446544064,scr2007,stInflow,reservoir
AT,h7366,1.0790678446544064,scr2007,stInflow,reservoir
AT,h7367,1.0790678446544064,scr2007,stInflow,reservoir
AT,h7368,1.0790678446544064,scr2007,stInflow,reservoir
AT,h7369,1.0790678446544064,scr2007,stInflow,reservoir
AT,h7370,1.0790678446544064,scr2007,stInflow,reservoir
AT,h7371,1.0790678446544064,scr2007,stInflow,reservoir
AT,h7372,1.0790678446544064,scr2007,stInflow,reservoir
AT,h7373,1.0790678446544064,scr2007,stInflow,reservoir
AT,h7374,1.0790678446544064,scr2007,stInflow,reservoir
AT,h7375,1.0790678446544064,scr2007,stInflow,reservoir
AT,h7376,1.0790678446544064,scr2007,stInflow,reservoir
AT,h7377,1.0790678446544064,scr2007,stInflow,reservoir
AT,h7378,1.0790678446544064,scr2007,stInflow,reservoir
AT,h7379,1.0790678446544064,scr2007,stInflow,reservoir
AT,h7380,1.0790678446544064,scr2007,stInflow,reservoir
AT,h7381,1.0790678446544064,scr2007,stInflow,reservoir
AT,h7382,1.0790678446544064,scr2007,stInflow,reservoir
AT,h7383,1.0790678446544064,scr2007,stInflow,reservoir
AT,h7384,1.0790678446544064,scr2007,stInflow,reservoir
AT,h7385,1.0790678446544064,scr2007,stInflow,reservoir
AT,h7386,1.0790678446544064,scr2007,stInflow,reservoir
AT,h7387,1.0790678446544064,scr2007,stInflow,reservoir
AT,h7388,1.0790678446544064,scr2007,stInflow,reservoir
AT,h7389,1.0790678446544064,scr2007,stInflow,reservoir
AT,h7390,1.0790678446544064,scr2007,stInflow,reservoir
AT,h7391,1.0790678446544064,scr2007,stInflow,reservoir
AT,h7392,1.0790678446544064,scr2007,stInflow,reservoir
AT,h7393,1.10286793079491,scr2007,stInflow,reservoir
AT,h7394,1.1266680682953845,scr2007,stInflow,reservoir
AT,h7395,1.1504682560709354,scr2007,stInflow,reservoir
AT,h7396,1.1504682560709354,scr2007,stInflow,reservoir
AT,h7397,1.1504682560709354,scr2007,stInflow,reservoir
AT,h7398,1.1504682560709354,scr2007,stInflow,reservoir
AT,h7399,1.1504682560709354,scr2007,stInflow,reservoir
AT,h7400,1.1504682560709354,scr2007,stInflow,reservoir
AT,h7401,1.1504682560709354,scr2007,stInflow,reservoir
AT,h7402,1.1504682560709354,scr2007,stInflow,reservoir
AT,h7403,1.1504682560709354,scr2007,stInflow,reservoir
AT,h7404,1.1504682560709354,scr2007,stInflow,reservoir
AT,h7405,1.1504682560709354,scr2007,stInflow,reservoir
AT,h7406,1.1504682560709354,scr2007,stInflow,reservoir
AT,h7407,1.1504682560709354,scr2007,stInflow,reservoir
AT,h7408,1.1504682560709354,scr2007,stInflow,reservoir
AT,h7409,1.1504682560709354,scr2007,stInflow,reservoir
AT,h7410,1.1504682560709354,scr2007,stInflow,reservoir
AT,h7411,1.1504682560709354,scr2007,stInflow,reservoir
AT,h7412,1.1504682560709354,scr2007,stInflow,reservoir
AT,h7413,1.1504682560709354,scr2007,stInflow,reservoir
AT,h7414,1.1504682560709354,scr2007,stInflow,reservoir
AT,h7415,1.1504682560709354,scr2007,stInflow,reservoir
AT,h7416,1.1504682560709354,scr2007,stInflow,reservoir
AT,h7417,1.1504682560709354,scr2007,stInflow,reservoir
AT,h7418,1.1504682560709354,scr2007,stInflow,reservoir
AT,h7419,1.1504682560709354,scr2007,stInflow,reservoir
AT,h7420,1.1504682560709354,scr2007,stInflow,reservoir
AT,h7421,1.1504682560709354,scr2007,stInflow,reservoir
AT,h7422,1.1504682560709354,scr2007,stInflow,reservoir
AT,h7423,1.1504682560709354,scr2007,stInflow,reservoir
AT,h7424,1.1504682560709354,scr2007,stInflow,reservoir
AT,h7425,1.1504682560709354,scr2007,stInflow,reservoir
AT,h7426,1.1504682560709354,scr2007,stInflow,reservoir
AT,h7427,1.1504682560709354,scr2007,stInflow,reservoir
AT,h7428,1.1504682560709354,scr2007,stInflow,reservoir
AT,h7429,1.1504682560709354,scr2007,stInflow,reservoir
AT,h7430,1.1504682560709354,scr2007,stInflow,reservoir
AT,h7431,1.1504682560709354,scr2007,stInflow,reservoir
AT,h7432,1.1504682560709354,scr2007,stInflow,reservoir
AT,h7433,1.1504682560709354,scr2007,stInflow,reservoir
AT,h7434,1.1504682560709354,scr2007,stInflow,reservoir
AT,h7435,1.1504682560709354,scr2007,stInflow,reservoir
AT,h7436,1.1504682560709354,scr2007,stInflow,reservoir
AT,h7437,1.1504682560709354,scr2007,stInflow,reservoir
AT,h7438,1.1504682560709354,scr2007,stInflow,reservoir
AT,h7439,1.1504682560709354,scr2007,stInflow,reservoir
AT,h7440,1.1504682560709354,scr2007,stInflow,reservoir
AT,h7441,1.1504682560709354,scr2007,stInflow,reservoir
AT,h7442,1.1504682560709354,scr2007,stInflow,reservoir
AT,h7443,1.1504682560709354,scr2007,stInflow,reservoir
AT,h7444,1.1504682560709354,scr2007,stInflow,reservoir
AT,h7445,1.1504682560709354,scr2007,stInflow,reservoir
AT,h7446,1.1504682560709354,scr2007,stInflow,reservoir
AT,h7447,1.1504682560709354,scr2007,stInflow,reservoir
AT,h7448,1.1504682560709354,scr2007,stInflow,reservoir
AT,h7449,1.1504682560709354,scr2007,stInflow,reservoir
AT,h7450,1.1504682560709354,scr2007,stInflow,reservoir
AT,h7451,1.1504682560709354,scr2007,stInflow,reservoir
AT,h7452,1.1504682560709354,scr2007,stInflow,reservoir
AT,h7453,1.1504682560709354,scr2007,stInflow,reservoir
AT,h7454,1.1504682560709354,scr2007,stInflow,reservoir
AT,h7455,1.1504682560709354,scr2007,stInflow,reservoir
AT,h7456,1.1504682560709354,scr2007,stInflow,reservoir
AT,h7457,1.1504682560709354,scr2007,stInflow,reservoir
AT,h7458,1.1504682560709354,scr2007,stInflow,reservoir
AT,h7459,1.1504682560709354,scr2007,stInflow,reservoir
AT,h7460,1.1504682560709354,scr2007,stInflow,reservoir
AT,h7461,1.1504682560709354,scr2007,stInflow,reservoir
AT,h7462,1.1504682560709354,scr2007,stInflow,reservoir
AT,h7463,1.1504682560709354,scr2007,stInflow,reservoir
AT,h7464,1.1504682560709354,scr2007,stInflow,reservoir
AT,h7465,1.1504682560709354,scr2007,stInflow,reservoir
AT,h7466,1.1504682560709354,scr2007,stInflow,reservoir
AT,h7467,1.1504682560709354,scr2007,stInflow,reservoir
AT,h7468,1.1504682560709354,scr2007,stInflow,reservoir
AT,h7469,1.1504682560709354,scr2007,stInflow,reservoir
AT,h7470,1.1504682560709354,scr2007,stInflow,reservoir
AT,h7471,1.1504682560709354,scr2007,stInflow,reservoir
AT,h7472,1.1504682560709354,scr2007,stInflow,reservoir
AT,h7473,1.1504682560709354,scr2007,stInflow,reservoir
AT,h7474,1.1504682560709354,scr2007,stInflow,reservoir
AT,h7475,1.1504682560709354,scr2007,stInflow,reservoir
AT,h7476,1.1504682560709354,scr2007,stInflow,reservoir
AT,h7477,1.1504682560709354,scr2007,stInflow,reservoir
AT,h7478,1.1504682560709354,scr2007,stInflow,reservoir
AT,h7479,1.1504682560709354,scr2007,stInflow,reservoir
AT,h7480,1.1504682560709354,scr2007,stInflow,reservoir
AT,h7481,1.1504682560709354,scr2007,stInflow,reservoir
AT,h7482,1.1504682560709354,scr2007,stInflow,reservoir
AT,h7483,1.1504682560709354,scr2007,stInflow,reservoir
AT,h7484,1.1504682560709354,scr2007,stInflow,reservoir
AT,h7485,1.1504682560709354,scr2007,stInflow,reservoir
AT,h7486,1.1504682560709354,scr2007,stInflow,reservoir
AT,h7487,1.1504682560709354,scr2007,stInflow,reservoir
AT,h7488,1.1504682560709354,scr2007,stInflow,reservoir
AT,h7489,1.1504682560709354,scr2007,stInflow,reservoir
AT,h7490,1.1504682560709354,scr2007,stInflow,reservoir
AT,h7491,1.1504682560709354,scr2007,stInflow,reservoir
AT,h7492,1.1504682560709354,scr2007,stInflow,reservoir
AT,h7493,1.1504682560709354,scr2007,stInflow,reservoir
AT,h7494,1.1504682560709354,scr2007,stInflow,reservoir
AT,h7495,1.1504682560709354,scr2007,stInflow,reservoir
AT,h7496,1.1504682560709354,scr2007,stInflow,reservoir
AT,h7497,1.1504682560709354,scr2007,stInflow,reservoir
AT,h7498,1.1504682560709354,scr2007,stInflow,reservoir
AT,h7499,1.1504682560709354,scr2007,stInflow,reservoir
AT,h7500,1.1504682560709354,scr2007,stInflow,reservoir
AT,h7501,1.1504682560709354,scr2007,stInflow,reservoir
AT,h7502,1.1504682560709354,scr2007,stInflow,reservoir
AT,h7503,1.1504682560709354,scr2007,stInflow,reservoir
AT,h7504,1.1504682560709354,scr2007,stInflow,reservoir
AT,h7505,1.1504682560709354,scr2007,stInflow,reservoir
AT,h7506,1.1504682560709354,scr2007,stInflow,reservoir
AT,h7507,1.1504682560709354,scr2007,stInflow,reservoir
AT,h7508,1.1504682560709354,scr2007,stInflow,reservoir
AT,h7509,1.1504682560709354,scr2007,stInflow,reservoir
AT,h7510,1.1504682560709354,scr2007,stInflow,reservoir
AT,h7511,1.1504682560709354,scr2007,stInflow,reservoir
AT,h7512,1.1504682560709354,scr2007,stInflow,reservoir
AT,h7513,1.1504682560709354,scr2007,stInflow,reservoir
AT,h7514,1.1504682560709354,scr2007,stInflow,reservoir
AT,h7515,1.1504682560709354,scr2007,stInflow,reservoir
AT,h7516,1.1504682560709354,scr2007,stInflow,reservoir
AT,h7517,1.1504682560709354,scr2007,stInflow,reservoir
AT,h7518,1.1504682560709354,scr2007,stInflow,reservoir
AT,h7519,1.1504682560709354,scr2007,stInflow,reservoir
AT,h7520,1.1504682560709354,scr2007,stInflow,reservoir
AT,h7521,1.1504682560709354,scr2007,stInflow,reservoir
AT,h7522,1.1504682560709354,scr2007,stInflow,reservoir
AT,h7523,1.1504682560709354,scr2007,stInflow,reservoir
AT,h7524,1.1504682560709354,scr2007,stInflow,reservoir
AT,h7525,1.1504682560709354,scr2007,stInflow,reservoir
AT,h7526,1.1504682560709354,scr2007,stInflow,reservoir
AT,h7527,1.1504682560709354,scr2007,stInflow,reservoir
AT,h7528,1.1504682560709354,scr2007,stInflow,reservoir
AT,h7529,1.1504682560709354,scr2007,stInflow,reservoir
AT,h7530,1.1504682560709354,scr2007,stInflow,reservoir
AT,h7531,1.1504682560709354,scr2007,stInflow,reservoir
AT,h7532,1.1504682560709354,scr2007,stInflow,reservoir
AT,h7533,1.1504682560709354,scr2007,stInflow,reservoir
AT,h7534,1.1504682560709354,scr2007,stInflow,reservoir
AT,h7535,1.1504682560709354,scr2007,stInflow,reservoir
AT,h7536,1.1504682560709354,scr2007,stInflow,reservoir
AT,h7537,1.1504682560709354,scr2007,stInflow,reservoir
AT,h7538,1.1504682560709354,scr2007,stInflow,reservoir
AT,h7539,1.1504682560709354,scr2007,stInflow,reservoir
AT,h7540,1.1504682560709354,scr2007,stInflow,reservoir
AT,h7541,1.1504682560709354,scr2007,stInflow,reservoir
AT,h7542,1.1504682560709354,scr2007,stInflow,reservoir
AT,h7543,1.1504682560709354,scr2007,stInflow,reservoir
AT,h7544,1.1504682560709354,scr2007,stInflow,reservoir
AT,h7545,1.1504682560709354,scr2007,stInflow,reservoir
AT,h7546,1.1504682560709354,scr2007,stInflow,reservoir
AT,h7547,1.1504682560709354,scr2007,stInflow,reservoir
AT,h7548,1.1504682560709354,scr2007,stInflow,reservoir
AT,h7549,1.1504682560709354,scr2007,stInflow,reservoir
AT,h7550,1.1504682560709354,scr2007,stInflow,reservoir
AT,h7551,1.1504682560709354,scr2007,stInflow,reservoir
AT,h7552,1.1504682560709354,scr2007,stInflow,reservoir
AT,h7553,1.1504682560709354,scr2007,stInflow,reservoir
AT,h7554,1.1504682560709354,scr2007,stInflow,reservoir
AT,h7555,1.1504682560709354,scr2007,stInflow,reservoir
AT,h7556,1.1504682560709354,scr2007,stInflow,reservoir
AT,h7557,1.1504682560709354,scr2007,stInflow,reservoir
AT,h7558,1.1504682560709354,scr2007,stInflow,reservoir
AT,h7559,1.1504682560709354,scr2007,stInflow,reservoir
AT,h7560,1.1504682560709354,scr2007,stInflow,reservoir
AT,h7561,1.1547913065232434,scr2007,stInflow,reservoir
AT,h7562,1.159114358593761,scr2007,stInflow,reservoir
AT,h7563,1.1634374122764546,scr2007,stInflow,reservoir
AT,h7564,1.1634374122764546,scr2007,stInflow,reservoir
AT,h7565,1.1634374122764546,scr2007,stInflow,reservoir
AT,h7566,1.1634374122764546,scr2007,stInflow,reservoir
AT,h7567,1.1634374122764546,scr2007,stInflow,reservoir
AT,h7568,1.1634374122764546,scr2007,stInflow,reservoir
AT,h7569,1.1634374122764546,scr2007,stInflow,reservoir
AT,h7570,1.1634374122764546,scr2007,stInflow,reservoir
AT,h7571,1.1634374122764546,scr2007,stInflow,reservoir
AT,h7572,1.1634374122764546,scr2007,stInflow,reservoir
AT,h7573,1.1634374122764546,scr2007,stInflow,reservoir
AT,h7574,1.1634374122764546,scr2007,stInflow,reservoir
AT,h7575,1.1634374122764546,scr2007,stInflow,reservoir
AT,h7576,1.1634374122764546,scr2007,stInflow,reservoir
AT,h7577,1.1634374122764546,scr2007,stInflow,reservoir
AT,h7578,1.1634374122764546,scr2007,stInflow,reservoir
AT,h7579,1.1634374122764546,scr2007,stInflow,reservoir
AT,h7580,1.1634374122764546,scr2007,stInflow,reservoir
AT,h7581,1.1634374122764546,scr2007,stInflow,reservoir
AT,h7582,1.1634374122764546,scr2007,stInflow,reservoir
AT,h7583,1.1634374122764546,scr2007,stInflow,reservoir
AT,h7584,1.1634374122764546,scr2007,stInflow,reservoir
AT,h7585,1.1634374122764546,scr2007,stInflow,reservoir
AT,h7586,1.1634374122764546,scr2007,stInflow,reservoir
AT,h7587,1.1634374122764546,scr2007,stInflow,reservoir
AT,h7588,1.1634374122764546,scr2007,stInflow,reservoir
AT,h7589,1.1634374122764546,scr2007,stInflow,reservoir
AT,h7590,1.1634374122764546,scr2007,stInflow,reservoir
AT,h7591,1.1634374122764546,scr2007,stInflow,reservoir
AT,h7592,1.1634374122764546,scr2007,stInflow,reservoir
AT,h7593,1.1634374122764546,scr2007,stInflow,reservoir
AT,h7594,1.1634374122764546,scr2007,stInflow,reservoir
AT,h7595,1.1634374122764546,scr2007,stInflow,reservoir
AT,h7596,1.1634374122764546,scr2007,stInflow,reservoir
AT,h7597,1.1634374122764546,scr2007,stInflow,reservoir
AT,h7598,1.1634374122764546,scr2007,stInflow,reservoir
AT,h7599,1.1634374122764546,scr2007,stInflow,reservoir
AT,h7600,1.1634374122764546,scr2007,stInflow,reservoir
AT,h7601,1.1634374122764546,scr2007,stInflow,reservoir
AT,h7602,1.1634374122764546,scr2007,stInflow,reservoir
AT,h7603,1.1634374122764546,scr2007,stInflow,reservoir
AT,h7604,1.1634374122764546,scr2007,stInflow,reservoir
AT,h7605,1.1634374122764546,scr2007,stInflow,reservoir
AT,h7606,1.1634374122764546,scr2007,stInflow,reservoir
AT,h7607,1.1634374122764546,scr2007,stInflow,reservoir
AT,h7608,1.1634374122764546,scr2007,stInflow,reservoir
AT,h7609,1.1634374122764546,scr2007,stInflow,reservoir
AT,h7610,1.1634374122764546,scr2007,stInflow,reservoir
AT,h7611,1.1634374122764546,scr2007,stInflow,reservoir
AT,h7612,1.1634374122764546,scr2007,stInflow,reservoir
AT,h7613,1.1634374122764546,scr2007,stInflow,reservoir
AT,h7614,1.1634374122764546,scr2007,stInflow,reservoir
AT,h7615,1.1634374122764546,scr2007,stInflow,reservoir
AT,h7616,1.1634374122764546,scr2007,stInflow,reservoir
AT,h7617,1.1634374122764546,scr2007,stInflow,reservoir
AT,h7618,1.1634374122764546,scr2007,stInflow,reservoir
AT,h7619,1.1634374122764546,scr2007,stInflow,reservoir
AT,h7620,1.1634374122764546,scr2007,stInflow,reservoir
AT,h7621,1.1634374122764546,scr2007,stInflow,reservoir
AT,h7622,1.1634374122764546,scr2007,stInflow,reservoir
AT,h7623,1.1634374122764546,scr2007,stInflow,reservoir
AT,h7624,1.1634374122764546,scr2007,stInflow,reservoir
AT,h7625,1.1634374122764546,scr2007,stInflow,reservoir
AT,h7626,1.1634374122764546,scr2007,stInflow,reservoir
AT,h7627,1.1634374122764546,scr2007,stInflow,reservoir
AT,h7628,1.1634374122764546,scr2007,stInflow,reservoir
AT,h7629,1.1634374122764546,scr2007,stInflow,reservoir
AT,h7630,1.1634374122764546,scr2007,stInflow,reservoir
AT,h7631,1.1634374122764546,scr2007,stInflow,reservoir
AT,h7632,1.1634374122764546,scr2007,stInflow,reservoir
AT,h7633,1.1634374122764546,scr2007,stInflow,reservoir
AT,h7634,1.1634374122764546,scr2007,stInflow,reservoir
AT,h7635,1.1634374122764546,scr2007,stInflow,reservoir
AT,h7636,1.1634374122764546,scr2007,stInflow,reservoir
AT,h7637,1.1634374122764546,scr2007,stInflow,reservoir
AT,h7638,1.1634374122764546,scr2007,stInflow,reservoir
AT,h7639,1.1634374122764546,scr2007,stInflow,reservoir
AT,h7640,1.1634374122764546,scr2007,stInflow,reservoir
AT,h7641,1.1634374122764546,scr2007,stInflow,reservoir
AT,h7642,1.1634374122764546,scr2007,stInflow,reservoir
AT,h7643,1.1634374122764546,scr2007,stInflow,reservoir
AT,h7644,1.1634374122764546,scr2007,stInflow,reservoir
AT,h7645,1.1634374122764546,scr2007,stInflow,reservoir
AT,h7646,1.1634374122764546,scr2007,stInflow,reservoir
AT,h7647,1.1634374122764546,scr2007,stInflow,reservoir
AT,h7648,1.1634374122764546,scr2007,stInflow,reservoir
AT,h7649,1.1634374122764546,scr2007,stInflow,reservoir
AT,h7650,1.1634374122764546,scr2007,stInflow,reservoir
AT,h7651,1.1634374122764546,scr2007,stInflow,reservoir
AT,h7652,1.1634374122764546,scr2007,stInflow,reservoir
AT,h7653,1.1634374122764546,scr2007,stInflow,reservoir
AT,h7654,1.1634374122764546,scr2007,stInflow,reservoir
AT,h7655,1.1634374122764546,scr2007,stInflow,reservoir
AT,h7656,1.1634374122764546,scr2007,stInflow,reservoir
AT,h7657,1.1634374122764546,scr2007,stInflow,reservoir
AT,h7658,1.1634374122764546,scr2007,stInflow,reservoir
AT,h7659,1.1634374122764546,scr2007,stInflow,reservoir
AT,h7660,1.1634374122764546,scr2007,stInflow,reservoir
AT,h7661,1.1634374122764546,scr2007,stInflow,reservoir
AT,h7662,1.1634374122764546,scr2007,stInflow,reservoir
AT,h7663,1.1634374122764546,scr2007,stInflow,reservoir
AT,h7664,1.1634374122764546,scr2007,stInflow,reservoir
AT,h7665,1.1634374122764546,scr2007,stInflow,reservoir
AT,h7666,1.1634374122764546,scr2007,stInflow,reservoir
AT,h7667,1.1634374122764546,scr2007,stInflow,reservoir
AT,h7668,1.1634374122764546,scr2007,stInflow,reservoir
AT,h7669,1.1634374122764546,scr2007,stInflow,reservoir
AT,h7670,1.1634374122764546,scr2007,stInflow,reservoir
AT,h7671,1.1634374122764546,scr2007,stInflow,reservoir
AT,h7672,1.1634374122764546,scr2007,stInflow,reservoir
AT,h7673,1.1634374122764546,scr2007,stInflow,reservoir
AT,h7674,1.1634374122764546,scr2007,stInflow,reservoir
AT,h7675,1.1634374122764546,scr2007,stInflow,reservoir
AT,h7676,1.1634374122764546,scr2007,stInflow,reservoir
AT,h7677,1.1634374122764546,scr2007,stInflow,reservoir
AT,h7678,1.1634374122764546,scr2007,stInflow,reservoir
AT,h7679,1.1634374122764546,scr2007,stInflow,reservoir
AT,h7680,1.1634374122764546,scr2007,stInflow,reservoir
AT,h7681,1.1634374122764546,scr2007,stInflow,reservoir
AT,h7682,1.1634374122764546,scr2007,stInflow,reservoir
AT,h7683,1.1634374122764546,scr2007,stInflow,reservoir
AT,h7684,1.1634374122764546,scr2007,stInflow,reservoir
AT,h7685,1.1634374122764546,scr2007,stInflow,reservoir
AT,h7686,1.1634374122764546,scr2007,stInflow,reservoir
AT,h7687,1.1634374122764546,scr2007,stInflow,reservoir
AT,h7688,1.1634374122764546,scr2007,stInflow,reservoir
AT,h7689,1.1634374122764546,scr2007,stInflow,reservoir
AT,h7690,1.1634374122764546,scr2007,stInflow,reservoir
AT,h7691,1.1634374122764546,scr2007,stInflow,reservoir
AT,h7692,1.1634374122764546,scr2007,stInflow,reservoir
AT,h7693,1.1634374122764546,scr2007,stInflow,reservoir
AT,h7694,1.1634374122764546,scr2007,stInflow,reservoir
AT,h7695,1.1634374122764546,scr2007,stInflow,reservoir
AT,h7696,1.1634374122764546,scr2007,stInflow,reservoir
AT,h7697,1.1634374122764546,scr2007,stInflow,reservoir
AT,h7698,1.1634374122764546,scr2007,stInflow,reservoir
AT,h7699,1.1634374122764546,scr2007,stInflow,reservoir
AT,h7700,1.1634374122764546,scr2007,stInflow,reservoir
AT,h7701,1.1634374122764546,scr2007,stInflow,reservoir
AT,h7702,1.1634374122764546,scr2007,stInflow,reservoir
AT,h7703,1.1634374122764546,scr2007,stInflow,reservoir
AT,h7704,1.1634374122764546,scr2007,stInflow,reservoir
AT,h7705,1.1634374122764546,scr2007,stInflow,reservoir
AT,h7706,1.1634374122764546,scr2007,stInflow,reservoir
AT,h7707,1.1634374122764546,scr2007,stInflow,reservoir
AT,h7708,1.1634374122764546,scr2007,stInflow,reservoir
AT,h7709,1.1634374122764546,scr2007,stInflow,reservoir
AT,h7710,1.1634374122764546,scr2007,stInflow,reservoir
AT,h7711,1.1634374122764546,scr2007,stInflow,reservoir
AT,h7712,1.1634374122764546,scr2007,stInflow,reservoir
AT,h7713,1.1634374122764546,scr2007,stInflow,reservoir
AT,h7714,1.1634374122764546,scr2007,stInflow,reservoir
AT,h7715,1.1634374122764546,scr2007,stInflow,reservoir
AT,h7716,1.1634374122764546,scr2007,stInflow,reservoir
AT,h7717,1.1634374122764546,scr2007,stInflow,reservoir
AT,h7718,1.1634374122764546,scr2007,stInflow,reservoir
AT,h7719,1.1634374122764546,scr2007,stInflow,reservoir
AT,h7720,1.1634374122764546,scr2007,stInflow,reservoir
AT,h7721,1.1634374122764546,scr2007,stInflow,reservoir
AT,h7722,1.1634374122764546,scr2007,stInflow,reservoir
AT,h7723,1.1634374122764546,scr2007,stInflow,reservoir
AT,h7724,1.1634374122764546,scr2007,stInflow,reservoir
AT,h7725,1.1634374122764546,scr2007,stInflow,reservoir
AT,h7726,1.1634374122764546,scr2007,stInflow,reservoir
AT,h7727,1.1634374122764546,scr2007,stInflow,reservoir
AT,h7728,1.1634374122764546,scr2007,stInflow,reservoir
AT,h7729,1.1895947285451824,scr2007,stInflow,reservoir
AT,h7730,1.2157521023287428,scr2007,stInflow,reservoir
AT,h7731,1.2419095323897338,scr2007,stInflow,reservoir
AT,h7732,1.2419095323897338,scr2007,stInflow,reservoir
AT,h7733,1.2419095323897338,scr2007,stInflow,reservoir
AT,h7734,1.2419095323897338,scr2007,stInflow,reservoir
AT,h7735,1.2419095323897338,scr2007,stInflow,reservoir
AT,h7736,1.2419095323897338,scr2007,stInflow,reservoir
AT,h7737,1.2419095323897338,scr2007,stInflow,reservoir
AT,h7738,1.2419095323897338,scr2007,stInflow,reservoir
AT,h7739,1.2419095323897338,scr2007,stInflow,reservoir
AT,h7740,1.2419095323897338,scr2007,stInflow,reservoir
AT,h7741,1.2419095323897338,scr2007,stInflow,reservoir
AT,h7742,1.2419095323897338,scr2007,stInflow,reservoir
AT,h7743,1.2419095323897338,scr2007,stInflow,reservoir
AT,h7744,1.2419095323897338,scr2007,stInflow,reservoir
AT,h7745,1.2419095323897338,scr2007,stInflow,reservoir
AT,h7746,1.2419095323897338,scr2007,stInflow,reservoir
AT,h7747,1.2419095323897338,scr2007,stInflow,reservoir
AT,h7748,1.2419095323897338,scr2007,stInflow,reservoir
AT,h7749,1.2419095323897338,scr2007,stInflow,reservoir
AT,h7750,1.2419095323897338,scr2007,stInflow,reservoir
AT,h7751,1.2419095323897338,scr2007,stInflow,reservoir
AT,h7752,1.2419095323897338,scr2007,stInflow,reservoir
AT,h7753,1.2419095323897338,scr2007,stInflow,reservoir
AT,h7754,1.2419095323897338,scr2007,stInflow,reservoir
AT,h7755,1.2419095323897338,scr2007,stInflow,reservoir
AT,h7756,1.2419095323897338,scr2007,stInflow,reservoir
AT,h7757,1.2419095323897338,scr2007,stInflow,reservoir
AT,h7758,1.2419095323897338,scr2007,stInflow,reservoir
AT,h7759,1.2419095323897338,scr2007,stInflow,reservoir
AT,h7760,1.2419095323897338,scr2007,stInflow,reservoir
AT,h7761,1.2419095323897338,scr2007,stInflow,reservoir
AT,h7762,1.2419095323897338,scr2007,stInflow,reservoir
AT,h7763,1.2419095323897338,scr2007,stInflow,reservoir
AT,h7764,1.2419095323897338,scr2007,stInflow,reservoir
AT,h7765,1.2419095323897338,scr2007,stInflow,reservoir
AT,h7766,1.2419095323897338,scr2007,stInflow,reservoir
AT,h7767,1.2419095323897338,scr2007,stInflow,reservoir
AT,h7768,1.2419095323897338,scr2007,stInflow,reservoir
AT,h7769,1.2419095323897338,scr2007,stInflow,reservoir
AT,h7770,1.2419095323897338,scr2007,stInflow,reservoir
AT,h7771,1.2419095323897338,scr2007,stInflow,reservoir
AT,h7772,1.2419095323897338,scr2007,stInflow,reservoir
AT,h7773,1.2419095323897338,scr2007,stInflow,reservoir
AT,h7774,1.2419095323897338,scr2007,stInflow,reservoir
AT,h7775,1.2419095323897338,scr2007,stInflow,reservoir
AT,h7776,1.2419095323897338,scr2007,stInflow,reservoir
AT,h7777,1.2419095323897338,scr2007,stInflow,reservoir
AT,h7778,1.2419095323897338,scr2007,stInflow,reservoir
AT,h7779,1.2419095323897338,scr2007,stInflow,reservoir
AT,h7780,1.2419095323897338,scr2007,stInflow,reservoir
AT,h7781,1.2419095323897338,scr2007,stInflow,reservoir
AT,h7782,1.2419095323897338,scr2007,stInflow,reservoir
AT,h7783,1.2419095323897338,scr2007,stInflow,reservoir
AT,h7784,1.2419095323897338,scr2007,stInflow,reservoir
AT,h7785,1.2419095323897338,scr2007,stInflow,reservoir
AT,h7786,1.2419095323897338,scr2007,stInflow,reservoir
AT,h7787,1.2419095323897338,scr2007,stInflow,reservoir
AT,h7788,1.2419095323897338,scr2007,stInflow,reservoir
AT,h7789,1.2419095323897338,scr2007,stInflow,reservoir
AT,h7790,1.2419095323897338,scr2007,stInflow,reservoir
AT,h7791,1.2419095323897338,scr2007,stInflow,reservoir
AT,h7792,1.2419095323897338,scr2007,stInflow,reservoir
AT,h7793,1.2419095323897338,scr2007,stInflow,reservoir
AT,h7794,1.2419095323897338,scr2007,stInflow,reservoir
AT,h7795,1.2419095323897338,scr2007,stInflow,reservoir
AT,h7796,1.2419095323897338,scr2007,stInflow,reservoir
AT,h7797,1.2419095323897338,scr2007,stInflow,reservoir
AT,h7798,1.2419095323897338,scr2007,stInflow,reservoir
AT,h7799,1.2419095323897338,scr2007,stInflow,reservoir
AT,h7800,1.2419095323897338,scr2007,stInflow,reservoir
AT,h7801,1.2419095323897338,scr2007,stInflow,reservoir
AT,h7802,1.2419095323897338,scr2007,stInflow,reservoir
AT,h7803,1.2419095323897338,scr2007,stInflow,reservoir
AT,h7804,1.2419095323897338,scr2007,stInflow,reservoir
AT,h7805,1.2419095323897338,scr2007,stInflow,reservoir
AT,h7806,1.2419095323897338,scr2007,stInflow,reservoir
AT,h7807,1.2419095323897338,scr2007,stInflow,reservoir
AT,h7808,1.2419095323897338,scr2007,stInflow,reservoir
AT,h7809,1.2419095323897338,scr2007,stInflow,reservoir
AT,h7810,1.2419095323897338,scr2007,stInflow,reservoir
AT,h7811,1.2419095323897338,scr2007,stInflow,reservoir
AT,h7812,1.2419095323897338,scr2007,stInflow,reservoir
AT,h7813,1.2419095323897338,scr2007,stInflow,reservoir
AT,h7814,1.2419095323897338,scr2007,stInflow,reservoir
AT,h7815,1.2419095323897338,scr2007,stInflow,reservoir
AT,h7816,1.2419095323897338,scr2007,stInflow,reservoir
AT,h7817,1.2419095323897338,scr2007,stInflow,reservoir
AT,h7818,1.2419095323897338,scr2007,stInflow,reservoir
AT,h7819,1.2419095323897338,scr2007,stInflow,reservoir
AT,h7820,1.2419095323897338,scr2007,stInflow,reservoir
AT,h7821,1.2419095323897338,scr2007,stInflow,reservoir
AT,h7822,1.2419095323897338,scr2007,stInflow,reservoir
AT,h7823,1.2419095323897338,scr2007,stInflow,reservoir
AT,h7824,1.2419095323897338,scr2007,stInflow,reservoir
AT,h7825,1.2419095323897338,scr2007,stInflow,reservoir
AT,h7826,1.2419095323897338,scr2007,stInflow,reservoir
AT,h7827,1.2419095323897338,scr2007,stInflow,reservoir
AT,h7828,1.2419095323897338,scr2007,stInflow,reservoir
AT,h7829,1.2419095323897338,scr2007,stInflow,reservoir
AT,h7830,1.2419095323897338,scr2007,stInflow,reservoir
AT,h7831,1.2419095323897338,scr2007,stInflow,reservoir
AT,h7832,1.2419095323897338,scr2007,stInflow,reservoir
AT,h7833,1.2419095323897338,scr2007,stInflow,reservoir
AT,h7834,1.2419095323897338,scr2007,stInflow,reservoir
AT,h7835,1.2419095323897338,scr2007,stInflow,reservoir
AT,h7836,1.2419095323897338,scr2007,stInflow,reservoir
AT,h7837,1.2419095323897338,scr2007,stInflow,reservoir
AT,h7838,1.2419095323897338,scr2007,stInflow,reservoir
AT,h7839,1.2419095323897338,scr2007,stInflow,reservoir
AT,h7840,1.2419095323897338,scr2007,stInflow,reservoir
AT,h7841,1.2419095323897338,scr2007,stInflow,reservoir
AT,h7842,1.2419095323897338,scr2007,stInflow,reservoir
AT,h7843,1.2419095323897338,scr2007,stInflow,reservoir
AT,h7844,1.2419095323897338,scr2007,stInflow,reservoir
AT,h7845,1.2419095323897338,scr2007,stInflow,reservoir
AT,h7846,1.2419095323897338,scr2007,stInflow,reservoir
AT,h7847,1.2419095323897338,scr2007,stInflow,reservoir
AT,h7848,1.2419095323897338,scr2007,stInflow,reservoir
AT,h7849,1.2419095323897338,scr2007,stInflow,reservoir
AT,h7850,1.2419095323897338,scr2007,stInflow,reservoir
AT,h7851,1.2419095323897338,scr2007,stInflow,reservoir
AT,h7852,1.2419095323897338,scr2007,stInflow,reservoir
AT,h7853,1.2419095323897338,scr2007,stInflow,reservoir
AT,h7854,1.2419095323897338,scr2007,stInflow,reservoir
AT,h7855,1.2419095323897338,scr2007,stInflow,reservoir
AT,h7856,1.2419095323897338,scr2007,stInflow,reservoir
AT,h7857,1.2419095323897338,scr2007,stInflow,reservoir
AT,h7858,1.2419095323897338,scr2007,stInflow,reservoir
AT,h7859,1.2419095323897338,scr2007,stInflow,reservoir
AT,h7860,1.2419095323897338,scr2007,stInflow,reservoir
AT,h7861,1.2419095323897338,scr2007,stInflow,reservoir
AT,h7862,1.2419095323897338,scr2007,stInflow,reservoir
AT,h7863,1.2419095323897338,scr2007,stInflow,reservoir
AT,h7864,1.2419095323897338,scr2007,stInflow,reservoir
AT,h7865,1.2419095323897338,scr2007,stInflow,reservoir
AT,h7866,1.2419095323897338,scr2007,stInflow,reservoir
AT,h7867,1.2419095323897338,scr2007,stInflow,reservoir
AT,h7868,1.2419095323897338,scr2007,stInflow,reservoir
AT,h7869,1.2419095323897338,scr2007,stInflow,reservoir
AT,h7870,1.2419095323897338,scr2007,stInflow,reservoir
AT,h7871,1.2419095323897338,scr2007,stInflow,reservoir
AT,h7872,1.2419095323897338,scr2007,stInflow,reservoir
AT,h7873,1.2419095323897338,scr2007,stInflow,reservoir
AT,h7874,1.2419095323897338,scr2007,stInflow,reservoir
AT,h7875,1.2419095323897338,scr2007,stInflow,reservoir
AT,h7876,1.2419095323897338,scr2007,stInflow,reservoir
AT,h7877,1.2419095323897338,scr2007,stInflow,reservoir
AT,h7878,1.2419095323897338,scr2007,stInflow,reservoir
AT,h7879,1.2419095323897338,scr2007,stInflow,reservoir
AT,h7880,1.2419095323897338,scr2007,stInflow,reservoir
AT,h7881,1.2419095323897338,scr2007,stInflow,reservoir
AT,h7882,1.2419095323897338,scr2007,stInflow,reservoir
AT,h7883,1.2419095323897338,scr2007,stInflow,reservoir
AT,h7884,1.2419095323897338,scr2007,stInflow,reservoir
AT,h7885,1.2419095323897338,scr2007,stInflow,reservoir
AT,h7886,1.2419095323897338,scr2007,stInflow,reservoir
AT,h7887,1.2419095323897338,scr2007,stInflow,reservoir
AT,h7888,1.2419095323897338,scr2007,stInflow,reservoir
AT,h7889,1.2419095323897338,scr2007,stInflow,reservoir
AT,h7890,1.2419095323897338,scr2007,stInflow,reservoir
AT,h7891,1.2419095323897338,scr2007,stInflow,reservoir
AT,h7892,1.2419095323897338,scr2007,stInflow,reservoir
AT,h7893,1.2419095323897338,scr2007,stInflow,reservoir
AT,h7894,1.2419095323897338,scr2007,stInflow,reservoir
AT,h7895,1.2419095323897338,scr2007,stInflow,reservoir
AT,h7896,1.2419095323897338,scr2007,stInflow,reservoir
AT,h7897,1.2840444914702953,scr2007,stInflow,reservoir
AT,h7898,1.3261795888250183,scr2007,stInflow,reservoir
AT,h7899,1.3683148200600468,scr2007,stInflow,reservoir
AT,h7900,1.3683148200600468,scr2007,stInflow,reservoir
AT,h7901,1.3683148200600468,scr2007,stInflow,reservoir
AT,h7902,1.3683148200600468,scr2007,stInflow,reservoir
AT,h7903,1.3683148200600468,scr2007,stInflow,reservoir
AT,h7904,1.3683148200600468,scr2007,stInflow,reservoir
AT,h7905,1.3683148200600468,scr2007,stInflow,reservoir
AT,h7906,1.3683148200600468,scr2007,stInflow,reservoir
AT,h7907,1.3683148200600468,scr2007,stInflow,reservoir
AT,h7908,1.3683148200600468,scr2007,stInflow,reservoir
AT,h7909,1.3683148200600468,scr2007,stInflow,reservoir
AT,h7910,1.3683148200600468,scr2007,stInflow,reservoir
AT,h7911,1.3683148200600468,scr2007,stInflow,reservoir
AT,h7912,1.3683148200600468,scr2007,stInflow,reservoir
AT,h7913,1.3683148200600468,scr2007,stInflow,reservoir
AT,h7914,1.3683148200600468,scr2007,stInflow,reservoir
AT,h7915,1.3683148200600468,scr2007,stInflow,reservoir
AT,h7916,1.3683148200600468,scr2007,stInflow,reservoir
AT,h7917,1.3683148200600468,scr2007,stInflow,reservoir
AT,h7918,1.3683148200600468,scr2007,stInflow,reservoir
AT,h7919,1.3683148200600468,scr2007,stInflow,reservoir
AT,h7920,1.3683148200600468,scr2007,stInflow,reservoir
AT,h7921,1.3683148200600468,scr2007,stInflow,reservoir
AT,h7922,1.3683148200600468,scr2007,stInflow,reservoir
AT,h7923,1.3683148200600468,scr2007,stInflow,reservoir
AT,h7924,1.3683148200600468,scr2007,stInflow,reservoir
AT,h7925,1.3683148200600468,scr2007,stInflow,reservoir
AT,h7926,1.3683148200600468,scr2007,stInflow,reservoir
AT,h7927,1.3683148200600468,scr2007,stInflow,reservoir
AT,h7928,1.3683148200600468,scr2007,stInflow,reservoir
AT,h7929,1.3683148200600468,scr2007,stInflow,reservoir
AT,h7930,1.3683148200600468,scr2007,stInflow,reservoir
AT,h7931,1.3683148200600468,scr2007,stInflow,reservoir
AT,h7932,1.3683148200600468,scr2007,stInflow,reservoir
AT,h7933,1.3683148200600468,scr2007,stInflow,reservoir
AT,h7934,1.3683148200600468,scr2007,stInflow,reservoir
AT,h7935,1.3683148200600468,scr2007,stInflow,reservoir
AT,h7936,1.3683148200600468,scr2007,stInflow,reservoir
AT,h7937,1.3683148200600468,scr2007,stInflow,reservoir
AT,h7938,1.3683148200600468,scr2007,stInflow,reservoir
AT,h7939,1.3683148200600468,scr2007,stInflow,reservoir
AT,h7940,1.3683148200600468,scr2007,stInflow,reservoir
AT,h7941,1.3683148200600468,scr2007,stInflow,reservoir
AT,h7942,1.3683148200600468,scr2007,stInflow,reservoir
AT,h7943,1.3683148200600468,scr2007,stInflow,reservoir
AT,h7944,1.3683148200600468,scr2007,stInflow,reservoir
AT,h7945,1.3683148200600468,scr2007,stInflow,reservoir
AT,h7946,1.3683148200600468,scr2007,stInflow,reservoir
AT,h7947,1.3683148200600468,scr2007,stInflow,reservoir
AT,h7948,1.3683148200600468,scr2007,stInflow,reservoir
AT,h7949,1.3683148200600468,scr2007,stInflow,reservoir
AT,h7950,1.3683148200600468,scr2007,stInflow,reservoir
AT,h7951,1.3683148200600468,scr2007,stInflow,reservoir
AT,h7952,1.3683148200600468,scr2007,stInflow,reservoir
AT,h7953,1.3683148200600468,scr2007,stInflow,reservoir
AT,h7954,1.3683148200600468,scr2007,stInflow,reservoir
AT,h7955,1.3683148200600468,scr2007,stInflow,reservoir
AT,h7956,1.3683148200600468,scr2007,stInflow,reservoir
AT,h7957,1.3683148200600468,scr2007,stInflow,reservoir
AT,h7958,1.3683148200600468,scr2007,stInflow,reservoir
AT,h7959,1.3683148200600468,scr2007,stInflow,reservoir
AT,h7960,1.3683148200600468,scr2007,stInflow,reservoir
AT,h7961,1.3683148200600468,scr2007,stInflow,reservoir
AT,h7962,1.3683148200600468,scr2007,stInflow,reservoir
AT,h7963,1.3683148200600468,scr2007,stInflow,reservoir
AT,h7964,1.3683148200600468,scr2007,stInflow,reservoir
AT,h7965,1.3683148200600468,scr2007,stInflow,reservoir
AT,h7966,1.3683148200600468,scr2007,stInflow,reservoir
AT,h7967,1.3683148200600468,scr2007,stInflow,reservoir
AT,h7968,1.3683148200600468,scr2007,stInflow,reservoir
AT,h7969,1.3683148200600468,scr2007,stInflow,reservoir
AT,h7970,1.3683148200600468,scr2007,stInflow,reservoir
AT,h7971,1.3683148200600468,scr2007,stInflow,reservoir
AT,h7972,1.3683148200600468,scr2007,stInflow,reservoir
AT,h7973,1.3683148200600468,scr2007,stInflow,reservoir
AT,h7974,1.3683148200600468,scr2007,stInflow,reservoir
AT,h7975,1.3683148200600468,scr2007,stInflow,reservoir
AT,h7976,1.3683148200600468,scr2007,stInflow,reservoir
AT,h7977,1.3683148200600468,scr2007,stInflow,reservoir
AT,h7978,1.3683148200600468,scr2007,stInflow,reservoir
AT,h7979,1.3683148200600468,scr2007,stInflow,reservoir
AT,h7980,1.3683148200600468,scr2007,stInflow,reservoir
AT,h7981,1.3683148200600468,scr2007,stInflow,reservoir
AT,h7982,1.3683148200600468,scr2007,stInflow,reservoir
AT,h7983,1.3683148200600468,scr2007,stInflow,reservoir
AT,h7984,1.3683148200600468,scr2007,stInflow,reservoir
AT,h7985,1.3683148200600468,scr2007,stInflow,reservoir
AT,h7986,1.3683148200600468,scr2007,stInflow,reservoir
AT,h7987,1.3683148200600468,scr2007,stInflow,reservoir
AT,h7988,1.3683148200600468,scr2007,stInflow,reservoir
AT,h7989,1.3683148200600468,scr2007,stInflow,reservoir
AT,h7990,1.3683148200600468,scr2007,stInflow,reservoir
AT,h7991,1.3683148200600468,scr2007,stInflow,reservoir
AT,h7992,1.3683148200600468,scr2007,stInflow,reservoir
AT,h7993,1.3683148200600468,scr2007,stInflow,reservoir
AT,h7994,1.3683148200600468,scr2007,stInflow,reservoir
AT,h7995,1.3683148200600468,scr2007,stInflow,reservoir
AT,h7996,1.3683148200600468,scr2007,stInflow,reservoir
AT,h7997,1.3683148200600468,scr2007,stInflow,reservoir
AT,h7998,1.3683148200600468,scr2007,stInflow,reservoir
AT,h7999,1.3683148200600468,scr2007,stInflow,reservoir
AT,h8000,1.3683148200600468,scr2007,stInflow,reservoir
AT,h8001,1.3683148200600468,scr2007,stInflow,reservoir
AT,h8002,1.3683148200600468,scr2007,stInflow,reservoir
AT,h8003,1.3683148200600468,scr2007,stInflow,reservoir
AT,h8004,1.3683148200600468,scr2007,stInflow,reservoir
AT,h8005,1.3683148200600468,scr2007,stInflow,reservoir
AT,h8006,1.3683148200600468,scr2007,stInflow,reservoir
AT,h8007,1.3683148200600468,scr2007,stInflow,reservoir
AT,h8008,1.3683148200600468,scr2007,stInflow,reservoir
AT,h8009,1.3683148200600468,scr2007,stInflow,reservoir
AT,h8010,1.3683148200600468,scr2007,stInflow,reservoir
AT,h8011,1.3683148200600468,scr2007,stInflow,reservoir
AT,h8012,1.3683148200600468,scr2007,stInflow,reservoir
AT,h8013,1.3683148200600468,scr2007,stInflow,reservoir
AT,h8014,1.3683148200600468,scr2007,stInflow,reservoir
AT,h8015,1.3683148200600468,scr2007,stInflow,reservoir
AT,h8016,1.3683148200600468,scr2007,stInflow,reservoir
AT,h8017,1.3683148200600468,scr2007,stInflow,reservoir
AT,h8018,1.3683148200600468,scr2007,stInflow,reservoir
AT,h8019,1.3683148200600468,scr2007,stInflow,reservoir
AT,h8020,1.3683148200600468,scr2007,stInflow,reservoir
AT,h8021,1.3683148200600468,scr2007,stInflow,reservoir
AT,h8022,1.3683148200600468,scr2007,stInflow,reservoir
AT,h8023,1.3683148200600468,scr2007,stInflow,reservoir
AT,h8024,1.3683148200600468,scr2007,stInflow,reservoir
AT,h8025,1.3683148200600468,scr2007,stInflow,reservoir
AT,h8026,1.3683148200600468,scr2007,stInflow,reservoir
AT,h8027,1.3683148200600468,scr2007,stInflow,reservoir
AT,h8028,1.3683148200600468,scr2007,stInflow,reservoir
AT,h8029,1.3683148200600468,scr2007,stInflow,reservoir
AT,h8030,1.3683148200600468,scr2007,stInflow,reservoir
AT,h8031,1.3683148200600468,scr2007,stInflow,reservoir
AT,h8032,1.3683148200600468,scr2007,stInflow,reservoir
AT,h8033,1.3683148200600468,scr2007,stInflow,reservoir
AT,h8034,1.3683148200600468,scr2007,stInflow,reservoir
AT,h8035,1.3683148200600468,scr2007,stInflow,reservoir
AT,h8036,1.3683148200600468,scr2007,stInflow,reservoir
AT,h8037,1.3683148200600468,scr2007,stInflow,reservoir
AT,h8038,1.3683148200600468,scr2007,stInflow,reservoir
AT,h8039,1.3683148200600468,scr2007,stInflow,reservoir
AT,h8040,1.3683148200600468,scr2007,stInflow,reservoir
BG,h7297,0.21405535165850603,scr2007,stInflow,reservoir
BG,h7298,0.21405535165850603,scr2007,stInflow,reservoir
BG,h7299,0.21405535165850603,scr2007,stInflow,reservoir
BG,h7300,0.21405535165850603,scr2007,stInflow,reservoir
BG,h7301,0.21405535165850603,scr2007,stInflow,reservoir
BG,h7302,0.21405535165850603,scr2007,stInflow,reservoir
BG,h7303,0.21405535165850603,scr2007,stInflow,reservoir
BG,h7304,0.21405535165850603,scr2007,stInflow,reservoir
BG,h7305,0.21405535165850603,scr2007,stInflow,reservoir
BG,h7306,0.21405535165850603,scr2007,stInflow,reservoir
BG,h7307,0.21405535165850603,scr2007,stInflow,reservoir
BG,h7308,0.21405535165850603,scr2007,stInflow,reservoir
BG,h7309,0.21405535165850603,scr2007,stInflow,reservoir
BG,h7310,0.21405535165850603,scr2007,stInflow,reservoir
BG,h7311,0.21405535165850603,scr2007,stInflow,reservoir
BG,h7312,0.21405535165850603,scr2007,stInflow,reservoir
BG,h7313,0.21405535165850603,scr2007,stInflow,reservoir
BG,h7314,0.21405535165850603,scr2007,stInflow,reservoir
BG,h7315,0.21405535165850603,scr2007,stInflow,reservoir
BG,h7316,0.21405535165850603,scr2007,stInflow,reservoir
BG,h7317,0.21405535165850603,scr2007,stInflow,reservoir
BG,h7318,0.21405535165850603,scr2007,stInflow,reservoir
BG,h7319,0.21405535165850603,scr2007,stInflow,reservoir
BG,h7320,0.21405535165850603,scr2007,stInflow,reservoir
BG,h7321,0.21405535165850603,scr2007,stInflow,reservoir
BG,h7322,0.21405535165850603,scr2007,stInflow,reservoir
BG,h7323,0.21405535165850603,scr2007,stInflow,reservoir
BG,h7324,0.21405535165850603,scr2007,stInflow,reservoir
BG,h7325,0.21405535165850603,scr2007,stInflow,reservoir
BG,h7326,0.21405535165850603,scr2007,stInflow,reservoir
BG,h7327,0.21405535165850603,scr2007,stInflow,reservoir
BG,h7328,0.21405535165850603,scr2007,stInflow,reservoir
BG,h7329,0.21405535165850603,scr2007,stInflow,reservoir
BG,h7330,0.21405535165850603,scr2007,stInflow,reservoir
BG,h7331,0.21405535165850603,scr2007,stInflow,reservoir
BG,h7332,0.21405535165850603,scr2007,stInflow,reservoir
BG,h7333,0.21405535165850603,scr2007,stInflow,reservoir
BG,h7334,0.21405535165850603,scr2007,stInflow,reservoir
BG,h7335,0.21405535165850603,scr2007,stInflow,reservoir
BG,h7336,0.21405535165850603,scr2007,stInflow,reservoir
BG,h7337,0.21405535165850603,scr2007,stInflow,reservoir
BG,h7338,0.21405535165850603,scr2007,stInflow,reservoir
BG,h7339,0.21405535165850603,scr2007,stInflow,reservoir
BG,h7340,0.21405535165850603,scr2007,stInflow,reservoir
BG,h7341,0.21405535165850603,scr2007,stInflow,reservoir
BG,h7342,0.21405535165850603,scr2007,stInflow,reservoir
BG,h7343,0.21405535165850603,scr2007,stInflow,reservoir
BG,h7344,0.21405535165850603,scr2007,stInflow,reservoir
BG,h7345,0.21405535165850603,scr2007,stInflow,reservoir
BG,h7346,0.21405535165850603,scr2007,stInflow,reservoir
BG,h7347,0.21405535165850603,scr2007,stInflow,reservoir
BG,h7348,0.21405535165850603,scr2007,stInflow,reservoir
BG,h7349,0.21405535165850603,scr2007,stInflow,reservoir
BG,h7350,0.21405535165850603,scr2007,stInflow,reservoir
BG,h7351,0.21405535165850603,scr2007,stInflow,reservoir
BG,h7352,0.21405535165850603,scr2007,stInflow,reservoir
BG,h7353,0.21405535165850603,scr2007,stInflow,reservoir
BG,h7354,0.21405535165850603,scr2007,stInflow,reservoir
BG,h7355,0.21405535165850603,scr2007,stInflow,reservoir
BG,h7356,0.21405535165850603,scr2007,stInflow,reservoir
BG,h7357,0.21405535165850603,scr2007,stInflow,reservoir
BG,h7358,0.21405535165850603,scr2007,stInflow,reservoir
BG,h7359,0.21405535165850603,scr2007,stInflow,reservoir
BG,h7360,0.21405535165850603,scr2007,stInflow,reservoir
BG,h7361,0.21405535165850603,scr2007,stInflow,reservoir
BG,h7362,0.21405535165850603,scr2007,stInflow,reservoir
BG,h7363,0.21405535165850603,scr2007,stInflow,reservoir
BG,h7364,0.21405535165850603,scr2007,stInflow,reservoir
BG,h7365,0.21405535165850603,scr2007,stInflow,reservoir
BG,h7366,0.21405535165850603,scr2007,stInflow,reservoir
BG,h7367,0.21405535165850603,scr2007,stInflow,reservoir
BG,h7368,0.21405535165850603,scr2007,stInflow,reservoir
BG,h7369,0.21405535165850603,scr2007,stInflow,reservoir
BG,h7370,0.21405535165850603,scr2007,stInflow,reservoir
BG,h7371,0.21405535165850603,scr2007,stInflow,reservoir
BG,h7372,0.21405535165850603,scr2007,stInflow,reservoir
BG,h7373,0.21405535165850603,scr2007,stInflow,reservoir
BG,h7374,0.21405535165850603,scr2007,stInflow,reservoir
BG,h7375,0.21405535165850603,scr2007,stInflow,reservoir
BG,h7376,0.21405535165850603,scr2007,stInflow,reservoir
BG,h7377,0.21405535165850603,scr2007,stInflow,reservoir
BG,h7378,0.21405535165850603,scr2007,stInflow,reservoir
BG,h7379,0.21405535165850603,scr2007,stInflow,reservoir
BG,h7380,0.21405535165850603,scr2007,stInflow,reservoir
BG,h7381,0.21405535165850603,scr2007,stInflow,reservoir
BG,h7382,0.21405535165850603,scr2007,stInflow,reservoir
BG,h7383,0.21405535165850603,scr2007,stInflow,reservoir
BG,h7384,0.21405535165850603,scr2007,stInflow,reservoir
BG,h7385,0.21405535165850603,scr2007,stInflow,reservoir
BG,h7386,0.21405535165850603,scr2007,stInflow,reservoir
BG,h7387,0.21405535165850603,scr2007,stInflow,reservoir
BG,h7388,0.21405535165850603,scr2007,stInflow,reservoir
BG,h7389,0.21405535165850603,scr2007,stInflow,reservoir
BG,h7390,0.21405535165850603,scr2007,stInflow,reservoir
BG,h7391,0.21405535165850603,scr2007,stInflow,reservoir
BG,h7392,0.21405535165850603,scr2007,stInflow,reservoir
BG,h7393,0.21326090218936325,scr2007,stInflow,reservoir
BG,h7394,0.21246645301615233,scr2007,stInflow,reservoir
BG,h7395,0.21167200413997975,scr2007,stInflow,reservoir
BG,h7396,0.21167200413997975,scr2007,stInflow,reservoir
BG,h7397,0.21167200413997975,scr2007,stInflow,reservoir
BG,h7398,0.21167200413997975,scr2007,stInflow,reservoir
BG,h7399,0.21167200413997975,scr2007,stInflow,reservoir
BG,h7400,0.21167200413997975,scr2007,stInflow,reservoir
BG,h7401,0.21167200413997975,scr2007,stInflow,reservoir
BG,h7402,0.21167200413997975,scr2007,stInflow,reservoir
BG,h7403,0.21167200413997975,scr2007,stInflow,reservoir
BG,h7404,0.21167200413997975,scr2007,stInflow,reservoir
BG,h7405,0.21167200413997975,scr2007,stInflow,reservoir
BG,h7406,0.21167200413997975,scr2007,stInflow,reservoir
BG,h7407,0.21167200413997975,scr2007,stInflow,reservoir
BG,h7408,0.21167200413997975,scr2007,stInflow,reservoir
BG,h7409,0.21167200413997975,scr2007,stInflow,reservoir
BG,h7410,0.21167200413997975,scr2007,stInflow,reservoir
BG,h7411,0.21167200413997975,scr2007,stInflow,reservoir
BG,h7412,0.21167200413997975,scr2007,stInflow,reservoir
BG,h7413,0.21167200413997975,scr2007,stInflow,reservoir
BG,h7414,0.21167200413997975,scr2007,stInflow,reservoir
BG,h7415,0.21167200413997975,scr2007,stInflow,reservoir
BG,h7416,0.21167200413997975,scr2007,stInflow,reservoir
BG,h7417,0.21167200413997975,scr2007,stInflow,reservoir
BG,h7418,0.21167200413997975,scr2007,stInflow,reservoir
BG,h7419,0.21167200413997975,scr2007,stInflow,reservoir
BG,h7420,0.21167200413997975,scr2007,stInflow,reservoir
BG,h7421,0.21167200413997975,scr2007,stInflow,reservoir
BG,h7422,0.21167200413997975,scr2007,stInflow,reservoir
BG,h7423,0.21167200413997975,scr2007,stInflow,reservoir
BG,h7424,0.21167200413997975,scr2007,stInflow,reservoir
BG,h7425,0.21167200413997975,scr2007,stInflow,reservoir
BG,h7426,0.21167200413997975,scr2007,stInflow,reservoir
BG,h7427,0.21167200413997975,scr2007,stInflow,reservoir
BG,h7428,0.21167200413997975,scr2007,stInflow,reservoir
BG,h7429,0.21167200413997975,scr2007,stInflow,reservoir
BG,h7430,0.21167200413997975,scr2007,stInflow,reservoir
BG,h7431,0.21167200413997975,scr2007,stInflow,reservoir
BG,h7432,0.21167200413997975,scr2007,stInflow,reservoir
BG,h7433,0.21167200413997975,scr2007,stInflow,reservoir
BG,h7434,0.21167200413997975,scr2007,stInflow,reservoir
BG,h7435,0.21167200413997975,scr2007,stInflow,reservoir
BG,h7436,0.21167200413997975,scr2007,stInflow,reservoir
BG,h7437,0.21167200413997975,scr2007,stInflow,reservoir
BG,h7438,0.21167200413997975,scr2007,stInflow,reservoir
BG,h7439,0.21167200413997975,scr2007,stInflow,reservoir
BG,h7440,0.21167200413997975,scr2007,stInflow,reservoir
BG,h7441,0.21167200413997975,scr2007,stInflow,reservoir
BG,h7442,0.21167200413997975,scr2007,stInflow,reservoir
BG,h7443,0.21167200413997975,scr2007,stInflow,reservoir
BG,h7444,0.21167200413997975,scr2007,stInflow,reservoir
BG,h7445,0.21167200413997975,scr2007,stInflow,reservoir
BG,h7446,0.21167200413997975,scr2007,stInflow,reservoir
BG,h7447,0.21167200413997975,scr2007,stInflow,reservoir
BG,h7448,0.21167200413997975,scr2007,stInflow,reservoir
BG,h7449,0.21167200413997975,scr2007,stInflow,reservoir
BG,h7450,0.21167200413997975,scr2007,stInflow,reservoir
BG,h7451,0.21167200413997975,scr2007,stInflow,reservoir
BG,h7452,0.21167200413997975,scr2007,stInflow,reservoir
BG,h7453,0.21167200413997975,scr2007,stInflow,reservoir
BG,h7454,0.21167200413997975,scr2007,stInflow,reservoir
BG,h7455,0.21167200413997975,scr2007,stInflow,reservoir
BG,h7456,0.21167200413997975,scr2007,stInflow,reservoir
BG,h7457,0.21167200413997975,scr2007,stInflow,reservoir
BG,h7458,0.21167200413997975,scr2007,stInflow,reservoir
BG,h7459,0.21167200413997975,scr2007,stInflow,reservoir
BG,h7460,0.21167200413997975,scr2007,stInflow,reservoir
BG,h7461,0.21167200413997975,scr2007,stInflow,reservoir
BG,h7462,0.21167200413997975,scr2007,stInflow,reservoir
BG,h7463,0.21167200413997975,scr2007,stInflow,reservoir
BG,h7464,0.21167200413997975,scr2007,stInflow,reservoir
BG,h7465,0.21167200413997975,scr2007,stInflow,reservoir
BG,h7466,0.21167200413997975,scr2007,stInflow,reservoir
BG,h7467,0.21167200413997975,scr2007,stInflow,reservoir
BG,h7468,0.21167200413997975,scr2007,stInflow,reservoir
BG,h7469,0.21167200413997975,scr2007,stInflow,reservoir
BG,h7470,0.21167200413997975,scr2007,stInflow,reservoir
BG,h7471,0.21167200413997975,scr2007,stInflow,reservoir
BG,h7472,0.21167200413997975,scr2007,stInflow,reservoir
BG,h7473,0.21167200413997975,scr2007,stInflow,reservoir
BG,h7474,0.21167200413997975,scr2007,stInflow,reservoir
BG,h7475,0.21167200413997975,scr2007,stInflow,reservoir
BG,h7476,0.21167200413997975,scr2007,stInflow,reservoir
BG,h7477,0.21167200413997975,scr2007,stInflow,reservoir
BG,h7478,0.21167200413997975,scr2007,stInflow,reservoir
BG,h7479,0.21167200413997975,scr2007,stInflow,reservoir
BG,h7480,0.21167200413997975,scr2007,stInflow,reservoir
BG,h7481,0.21167200413997975,scr2007,stInflow,reservoir
BG,h7482,0.21167200413997975,scr2007,stInflow,reservoir
BG,h7483,0.21167200413997975,scr2007,stInflow,reservoir
BG,h7484,0.21167200413997975,scr2007,stInflow,reservoir
BG,h7485,0.21167200413997975,scr2007,stInflow,reservoir
BG,h7486,0.21167200413997975,scr2007,stInflow,reservoir
BG,h7487,0.21167200413997975,scr2007,stInflow,reservoir
BG,h7488,0.21167200413997975,scr2007,stInflow,reservoir
BG,h7489,0.21167200413997975,scr2007,stInflow,reservoir
BG,h7490,0.21167200413997975,scr2007,stInflow,reservoir
BG,h7491,0.21167200413997975,scr2007,stInflow,reservoir
BG,h7492,0.21167200413997975,scr2007,stInflow,reservoir
BG,h7493,0.21167200413997975,scr2007,stInflow,reservoir
BG,h7494,0.21167200413997975,scr2007,stInflow,reservoir
BG,h7495,0.21167200413997975,scr2007,stInflow,reservoir
BG,h7496,0.21167200413997975,scr2007,stInflow,reservoir
BG,h7497,0.21167200413997975,scr2007,stInflow,reservoir
BG,h7498,0.21167200413997975,scr2007,stInflow,reservoir
BG,h7499,0.21167200413997975,scr2007,stInflow,reservoir
BG,h7500,0.21167200413997975,scr2007,stInflow,reservoir
BG,h7501,0.21167200413997975,scr2007,stInflow,reservoir
BG,h7502,0.21167200413997975,scr2007,stInflow,reservoir
BG,h7503,0.21167200413997975,scr2007,stInflow,reservoir
BG,h7504,0.21167200413997975,scr2007,stInflow,reservoir
BG,h7505,0.21167200413997975,scr2007,stInflow,reservoir
BG,h7506,0.21167200413997975,scr2007,stInflow,reservoir
BG,h7507,0.21167200413997975,scr2007,stInflow,reservoir
BG,h7508,0.21167200413997975,scr2007,stInflow,reservoir
BG,h7509,0.21167200413997975,scr2007,stInflow,reservoir
BG,h7510,0.21167200413997975,scr2007,stInflow,reservoir
BG,h7511,0.21167200413997975,scr2007,stInflow,reservoir
BG,h7512,0.21167200413997975,scr2007,stInflow,reservoir
BG,h7513,0.21167200413997975,scr2007,stInflow,reservoir
BG,h7514,0.21167200413997975,scr2007,stInflow,reservoir
BG,h7515,0.21167200413997975,scr2007,stInflow,reservoir
BG,h7516,0.21167200413997975,scr2007,stInflow,reservoir
BG,h7517,0.21167200413997975,scr2007,stInflow,reservoir
BG,h7518,0.21167200413997975,scr2007,stInflow,reservoir
BG,h7519,0.21167200413997975,scr2007,stInflow,reservoir
BG,h7520,0.21167200413997975,scr2007,stInflow,reservoir
BG,h7521,0.21167200413997975,scr2007,stInflow,reservoir
BG,h7522,0.21167200413997975,scr2007,stInflow,reservoir
BG,h7523,0.21167200413997975,scr2007,stInflow,reservoir
BG,h7524,0.21167200413997975,scr2007,stInflow,reservoir
BG,h7525,0.21167200413997975,scr2007,stInflow,reservoir
BG,h7526,0.21167200413997975,scr2007,stInflow,reservoir
BG,h7527,0.21167200413997975,scr2007,stInflow,reservoir
BG,h7528,0.21167200413997975,scr2007,stInflow,reservoir
BG,h7529,0.21167200413997975,scr2007,stInflow,reservoir
BG,h7530,0.21167200413997975,scr2007,stInflow,reservoir
BG,h7531,0.21167200413997975,scr2007,stInflow,reservoir
BG,h7532,0.21167200413997975,scr2007,stInflow,reservoir
BG,h7533,0.21167200413997975,scr2007,stInflow,reservoir
BG,h7534,0.21167200413997975,scr2007,stInflow,reservoir
BG,h7535,0.21167200413997975,scr2007,stInflow,reservoir
BG,h7536,0.21167200413997975,scr2007,stInflow,reservoir
BG,h7537,0.21167200413997975,scr2007,stInflow,reservoir
BG,h7538,0.21167200413997975,scr2007,stInflow,reservoir
BG,h7539,0.21167200413997975,scr2007,stInflow,reservoir
BG,h7540,0.21167200413997975,scr2007,stInflow,reservoir
BG,h7541,0.21167200413997975,scr2007,stInflow,reservoir
BG,h7542,0.21167200413997975,scr2007,stInflow,reservoir
BG,h7543,0.21167200413997975,scr2007,stInflow,reservoir
BG,h7544,0.21167200413997975,scr2007,stInflow,reservoir
BG,h7545,0.21167200413997975,scr2007,stInflow,reservoir
BG,h7546,0.21167200413997975,scr2007,stInflow,reservoir
BG,h7547,0.21167200413997975,scr2007,stInflow,reservoir
BG,h7548,0.21167200413997975,scr2007,stInflow,reservoir
BG,h7549,0.21167200413997975,scr2007,stInflow,reservoir
BG,h7550,0.21167200413997975,scr2007,stInflow,reservoir
BG,h7551,0.21167200413997975,scr2007,stInflow,reservoir
BG,h7552,0.21167200413997975,scr2007,stInflow,reservoir
BG,h7553,0.21167200413997975,scr2007,stInflow,reservoir
BG,h7554,0.21167200413997975,scr2007,stInflow,reservoir
BG,h7555,0.21167200413997975,scr2007,stInflow,reservoir
BG,h7556,0.21167200413997975,scr2007,stInflow,reservoir
BG,h7557,0.21167200413997975,scr2007,stInflow,reservoir
BG,h7558,0.21167200413997975,scr2007,stInflow,reservoir
BG,h7559,0.21167200413997975,scr2007,stInflow,reservoir
BG,h7560,0.21167200413997975,scr2007,stInflow,reservoir
BG,h7561,0.21182127212080687,scr2007,stInflow,reservoir
BG,h7562,0.21197054011215202,scr2007,stInflow,reservoir
BG,h7563,0.21211980811400777,scr2007,stInflow,reservoir
BG,h7564,0.21211980811400777,scr2007,stInflow,reservoir
BG,h7565,0.21211980811400777,scr2007,stInflow,reservoir
BG,h7566,0.21211980811400777,scr2007,stInflow,reservoir
BG,h7567,0.21211980811400777,scr2007,stInflow,reservoir
BG,h7568,0.21211980811400777,scr2007,stInflow,reservoir
BG,h7569,0.21211980811400777,scr2007,stInflow,reservoir
BG,h7570,0.21211980811400777,scr2007,stInflow,reservoir
BG,h7571,0.21211980811400777,scr2007,stInflow,reservoir
BG,h7572,0.21211980811400777,scr2007,stInflow,reservoir
BG,h7573,0.21211980811400777,scr2007,stInflow,reservoir
BG,h7574,0.21211980811400777,scr2007,stInflow,reservoir
BG,h7575,0.21211980811400777,scr2007,stInflow,reservoir
BG,h7576,0.21211980811400777,scr2007,stInflow,reservoir
BG,h7577,0.21211980811400777,scr2007,stInflow,reservoir
BG,h7578,0.21211980811400777,scr2007,stInflow,reservoir
BG,h7579,0.21211980811400777,scr2007,stInflow,reservoir
BG,h7580,0.21211980811400777,scr2007,stInflow,reservoir
BG,h7581,0.21211980811400777,scr2007,stInflow,reservoir
BG,h7582,0.21211980811400777,scr2007,stInflow,reservoir
BG,h7583,0.21211980811400777,scr2007,stInflow,reservoir
BG,h7584,0.21211980811400777,scr2007,stInflow,reservoir
BG,h7585,0.21211980811400777,scr2007,stInflow,reservoir
BG,h7586,0.21211980811400777,scr2007,stInflow,reservoir
BG,h7587,0.21211980811400777,scr2007,stInflow,reservoir
BG,h7588,0.21211980811400777,scr2007,stInflow,reservoir
BG,h7589,0.21211980811400777,scr2007,stInflow,reservoir
BG,h7590,0.21211980811400777,scr2007,stInflow,reservoir
BG,h7591,0.21211980811400777,scr2007,stInflow,reservoir
BG,h7592,0.21211980811400777,scr2007,stInflow,reservoir
BG,h7593,0.21211980811400777,scr2007,stInflow,reservoir
BG,h7594,0.21211980811400777,scr2007,stInflow,reservoir
BG,h7595,0.21211980811400777,scr2007,stInflow,reservoir
BG,h7596,0.21211980811400777,scr2007,stInflow,reservoir
BG,h7597,0.21211980811400777,scr2007,stInflow,reservoir
BG,h7598,0.21211980811400777,scr2007,stInflow,reservoir
BG,h7599,0.21211980811400777,scr2007,stInflow,reservoir
BG,h7600,0.21211980811400777,scr2007,stInflow,reservoir
BG,h7601,0.21211980811400777,scr2007,stInflow,reservoir
BG,h7602,0.21211980811400777,scr2007,stInflow,reservoir
BG,h7603,0.21211980811400777,scr2007,stInflow,reservoir
BG,h7604,0.21211980811400777,scr2007,stInflow,reservoir
BG,h7605,0.21211980811400777,scr2007,stInflow,reservoir
BG,h7606,0.21211980811400777,scr2007,stInflow,reservoir
BG,h7607,0.21211980811400777,scr2007,stInflow,reservoir
BG,h7608,0.21211980811400777,scr2007,stInflow,reservoir
BG,h7609,0.21211980811400777,scr2007,stInflow,reservoir
BG,h7610,0.21211980811400777,scr2007,stInflow,reservoir
BG,h7611,0.21211980811400777,scr2007,stInflow,reservoir
BG,h7612,0.21211980811400777,scr2007,stInflow,reservoir
BG,h7613,0.21211980811400777,scr2007,stInflow,reservoir
BG,h7614,0.21211980811400777,scr2007,stInflow,reservoir
BG,h7615,0.21211980811400777,scr2007,stInflow,reservoir
BG,h7616,0.21211980811400777,scr2007,stInflow,reservoir
BG,h7617,0.21211980811400777,scr2007,stInflow,reservoir
BG,h7618,0.21211980811400777,scr2007,stInflow,reservoir
BG,h7619,0.21211980811400777,scr2007,stInflow,reservoir
BG,h7620,0.21211980811400777,scr2007,stInflow,reservoir
BG,h7621,0.21211980811400777,scr2007,stInflow,reservoir
BG,h7622,0.21211980811400777,scr2007,stInflow,reservoir
BG,h7623,0.21211980811400777,scr2007,stInflow,reservoir
BG,h7624,0.21211980811400777,scr2007,stInflow,reservoir
BG,h7625,0.21211980811400777,scr2007,stInflow,reservoir
BG,h7626,0.21211980811400777,scr2007,stInflow,reservoir
BG,h7627,0.21211980811400777,scr2007,stInflow,reservoir
BG,h7628,0.21211980811400777,scr2007,stInflow,reservoir
BG,h7629,0.21211980811400777,scr2007,stInflow,reservoir
BG,h7630,0.21211980811400777,scr2007,stInflow,reservoir
BG,h7631,0.21211980811400777,scr2007,stInflow,reservoir
BG,h7632,0.21211980811400777,scr2007,stInflow,reservoir
BG,h7633,0.21211980811400777,scr2007,stInflow,reservoir
BG,h7634,0.21211980811400777,scr2007,stInflow,reservoir
BG,h7635,0.21211980811400777,scr2007,stInflow,reservoir
BG,h7636,0.21211980811400777,scr2007,stInflow,reservoir
BG,h7637,0.21211980811400777,scr2007,stInflow,reservoir
BG,h7638,0.21211980811400777,scr2007,stInflow,reservoir
BG,h7639,0.21211980811400777,scr2007,stInflow,reservoir
BG,h7640,0.21211980811400777,scr2007,stInflow,reservoir
BG,h7641,0.21211980811400777,scr2007,stInflow,reservoir
BG,h7642,0.21211980811400777,scr2007,stInflow,reservoir
BG,h7643,0.21211980811400777,scr2007,stInflow,reservoir
BG,h7644,0.21211980811400777,scr2007,stInflow,reservoir
BG,h7645,0.21211980811400777,scr2007,stInflow,reservoir
BG,h7646,0.21211980811400777,scr2007,stInflow,reservoir
BG,h7647,0.21211980811400777,scr2007,stInflow,reservoir
BG,h7648,0.21211980811400777,scr2007,stInflow,reservoir
BG,h7649,0.21211980811400777,scr2007,stInflow,reservoir
BG,h7650,0.21211980811400777,scr2007,stInflow,reservoir
BG,h7651,0.21211980811400777,scr2007,stInflow,reservoir
BG,h7652,0.21211980811400777,scr2007,stInflow,reservoir
BG,h7653,0.21211980811400777,scr2007,stInflow,reservoir
BG,h7654,0.21211980811400777,scr2007,stInflow,reservoir
BG,h7655,0.21211980811400777,scr2007,stInflow,reservoir
BG,h7656,0.21211980811400777,scr2007,stInflow,reservoir
BG,h7657,0.21211980811400777,scr2007,stInflow,reservoir
BG,h7658,0.21211980811400777,scr2007,stInflow,reservoir
BG,h7659,0.21211980811400777,scr2007,stInflow,reservoir
BG,h7660,0.21211980811400777,scr2007,stInflow,reservoir
BG,h7661,0.21211980811400777,scr2007,stInflow,reservoir
BG,h7662,0.21211980811400777,scr2007,stInflow,reservoir
BG,h7663,0.21211980811400777,scr2007,stInflow,reservoir
BG,h7664,0.21211980811400777,scr2007,stInflow,reservoir
BG,h7665,0.21211980811400777,scr2007,stInflow,reservoir
BG,h7666,0.21211980811400777,scr2007,stInflow,reservoir
BG,h7667,0.21211980811400777,scr2007,stInflow,reservoir
BG,h7668,0.21211980811400777,scr2007,stInflow,reservoir
BG,h7669,0.21211980811400777,scr2007,stInflow,reservoir
BG,h7670,0.21211980811400777,scr2007,stInflow,reservoir
BG,h7671,0.21211980811400777,scr2007,stInflow,reservoir
BG,h7672,0.21211980811400777,scr2007,stInflow,reservoir
BG,h7673,0.21211980811400777,scr2007,stInflow,reservoir
BG,h7674,0.21211980811400777,scr2007,stInflow,reservoir
BG,h7675,0.21211980811400777,scr2007,stInflow,reservoir
BG,h7676,0.21211980811400777,scr2007,stInflow,reservoir
BG,h7677,0.21211980811400777,scr2007,stInflow,reservoir
BG,h7678,0.21211980811400777,scr2007,stInflow,reservoir
BG,h7679,0.21211980811400777,scr2007,stInflow,reservoir
BG,h7680,0.21211980811400777,scr2007,stInflow,reservoir
BG,h7681,0.21211980811400777,scr2007,stInflow,reservoir
BG,h7682,0.21211980811400777,scr2007,stInflow,reservoir
BG,h7683,0.21211980811400777,scr2007,stInflow,reservoir
BG,h7684,0.21211980811400777,scr2007,stInflow,reservoir
BG,h7685,0.21211980811400777,scr2007,stInflow,reservoir
BG,h7686,0.21211980811400777,scr2007,stInflow,reservoir
BG,h7687,0.21211980811400777,scr2007,stInflow,reservoir
BG,h7688,0.21211980811400777,scr2007,stInflow,reservoir
BG,h7689,0.21211980811400777,scr2007,stInflow,reservoir
BG,h7690,0.21211980811400777,scr2007,stInflow,reservoir
BG,h7691,0.21211980811400777,scr2007,stInflow,reservoir
BG,h7692,0.21211980811400777,scr2007,stInflow,reservoir
BG,h7693,0.21211980811400777,scr2007,stInflow,reservoir
BG,h7694,0.21211980811400777,scr2007,stInflow,reservoir
BG,h7695,0.21211980811400777,scr2007,stInflow,reservoir
BG,h7696,0.21211980811400777,scr2007,stInflow,reservoir
BG,h7697,0.21211980811400777,scr2007,stInflow,reservoir
BG,h7698,0.21211980811400777,scr2007,stInflow,reservoir
BG,h7699,0.21211980811400777,scr2007,stInflow,reservoir
BG,h7700,0.21211980811400777,scr2007,stInflow,reservoir
BG,h7701,0.21211980811400777,scr2007,stInflow,reservoir
BG,h7702,0.21211980811400777,scr2007,stInflow,reservoir
BG,h7703,0.21211980811400777,scr2007,stInflow,reservoir
BG,h7704,0.21211980811400777,scr2007,stInflow,reservoir
BG,h7705,0.21211980811400777,scr2007,stInflow,reservoir
BG,h7706,0.21211980811400777,scr2007,stInflow,reservoir
BG,h7707,0.21211980811400777,scr2007,stInflow,reservoir
BG,h7708,0.21211980811400777,scr2007,stInflow,reservoir
BG,h7709,0.21211980811400777,scr2007,stInflow,reservoir
BG,h7710,0.21211980811400777,scr2007,stInflow,reservoir
BG,h7711,0.21211980811400777,scr2007,stInflow,reservoir
BG,h7712,0.21211980811400777,scr2007,stInflow,reservoir
BG,h7713,0.21211980811400777,scr2007,stInflow,reservoir
BG,h7714,0.21211980811400777,scr2007,stInflow,reservoir
BG,h7715,0.21211980811400777,scr2007,stInflow,reservoir
BG,h7716,0.21211980811400777,scr2007,stInflow,reservoir
BG,h7717,0.21211980811400777,scr2007,stInflow,reservoir
BG,h7718,0.21211980811400777,scr2007,stInflow,reservoir
BG,h7719,0.21211980811400777,scr2007,stInflow,reservoir
BG,h7720,0.21211980811400777,scr2007,stInflow,reservoir
BG,h7721,0.21211980811400777,scr2007,stInflow,reservoir
BG,h7722,0.21211980811400777,scr2007,stInflow,reservoir
BG,h7723,0.21211980811400777,scr2007,stInflow,reservoir
BG,h7724,0.21211980811400777,scr2007,stInflow,reservoir
BG,h7725,0.21211980811400777,scr2007,stInflow,reservoir
BG,h7726,0.21211980811400777,scr2007,stInflow,reservoir
BG,h7727,0.21211980811400777,scr2007,stInflow,reservoir
BG,h7728,0.21211980811400777,scr2007,stInflow,reservoir
BG,h7729,0.22251004719927187,scr2007,stInflow,reservoir
BG,h7730,0.2329003348167934,scr2007,stInflow,reservoir
BG,h7731,0.24329066880031477,scr2007,stInflow,reservoir
BG,h7732,0.24329066880031477,scr2007,stInflow,reservoir
BG,h7733,0.24329066880031477,scr2007,stInflow,reservoir
BG,h7734,0.24329066880031477,scr2007,stInflow,reservoir
BG,h7735,0.24329066880031477,scr2007,stInflow,reservoir
BG,h7736,0.24329066880031477,scr2007,stInflow,reservoir
BG,h7737,0.24329066880031477,scr2007,stInflow,reservoir
BG,h7738,0.24329066880031477,scr2007,stInflow,reservoir
BG,h7739,0.24329066880031477,scr2007,stInflow,reservoir
BG,h7740,0.24329066880031477,scr2007,stInflow,reservoir
BG,h7741,0.24329066880031477,scr2007,stInflow,reservoir
BG,h7742,0.24329066880031477,scr2007,stInflow,reservoir
BG,h7743,0.24329066880031477,scr2007,stInflow,reservoir
BG,h7744,0.24329066880031477,scr2007,stInflow,reservoir
BG,h7745,0.24329066880031477,scr2007,stInflow,reservoir
BG,h7746,0.24329066880031477,scr2007,stInflow,reservoir
BG,h7747,0.24329066880031477,scr2007,stInflow,reservoir
BG,h7748,0.24329066880031477,scr2007,stInflow,reservoir
BG,h7749,0.24329066880031477,scr2007,stInflow,reservoir
BG,h7750,0.24329066880031477,scr2007,stInflow,reservoir
BG,h7751,0.24329066880031477,scr2007,stInflow,reservoir
BG,h7752,0.24329066880031477,scr2007,stInflow,reservoir
BG,h7753,0.24329066880031477,scr2007,stInflow,reservoir
BG,h7754,0.24329066880031477,scr2007,stInflow,reservoir
BG,h7755,0.24329066880031477,scr2007,stInflow,reservoir
BG,h7756,0.24329066880031477,scr2007,stInflow,reservoir
BG,h7757,0.24329066880031477,scr2007,stInflow,reservoir
BG,h7758,0.24329066880031477,scr2007,stInflow,reservoir
BG,h7759,0.24329066880031477,scr2007,stInflow,reservoir
BG,h7760,0.24329066880031477,scr2007,stInflow,reservoir
BG,h7761,0.24329066880031477,scr2007,stInflow,reservoir
BG,h7762,0.24329066880031477,scr2007,stInflow,reservoir
BG,h7763,0.24329066880031477,scr2007,stInflow,reservoir
BG,h7764,0.24329066880031477,scr2007,stInflow,reservoir
BG,h7765,0.24329066880031477,scr2007,stInflow,reservoir
BG,h7766,0.24329066880031477,scr2007,stInflow,reservoir
BG,h7767,0.24329066880031477,scr2007,stInflow,reservoir
BG,h7768,0.24329066880031477,scr2007,stInflow,reservoir
BG,h7769,0.24329066880031477,scr2007,stInflow,reservoir
BG,h7770,0.24329066880031477,scr2007,stInflow,reservoir
BG,h7771,0.24329066880031477,scr2007,stInflow,reservoir
BG,h7772,0.24329066880031477,scr2007,stInflow,reservoir
BG,h7773,0.24329066880031477,scr2007,stInflow,reservoir
BG,h7774,0.24329066880031477,scr2007,stInflow,reservoir
BG,h7775,0.24329066880031477,scr2007,stInflow,reservoir
BG,h7776,0.24329066880031477,scr2007,stInflow,reservoir
BG,h7777,0.24329066880031477,scr2007,stInflow,reservoir
BG,h7778,0.24329066880031477,scr2007,stInflow,reservoir
BG,h7779,0.24329066880031477,scr2007,stInflow,reservoir
BG,h7780,0.24329066880031477,scr2007,stInflow,reservoir
BG,h7781,0.24329066880031477,scr2007,stInflow,reservoir
BG,h7782,0.24329066880031477,scr2007,stInflow,reservoir
BG,h7783,0.24329066880031477,scr2007,stInflow,reservoir
BG,h7784,0.24329066880031477,scr2007,stInflow,reservoir
BG,h7785,0.24329066880031477,scr2007,stInflow,reservoir
BG,h7786,0.24329066880031477,scr2007,stInflow,reservoir
BG,h7787,0.24329066880031477,scr2007,stInflow,reservoir
BG,h7788,0.24329066880031477,scr2007,stInflow,reservoir
BG,h7789,0.24329066880031477,scr2007,stInflow,reservoir
BG,h7790,0.24329066880031477,scr2007,stInflow,reservoir
BG,h7791,0.24329066880031477,scr2007,stInflow,reservoir
BG,h7792,0.24329066880031477,scr2007,stInflow,reservoir
BG,h7793,0.24329066880031477,scr2007,stInflow,reservoir
BG,h7794,0.24329066880031477,scr2007,stInflow,reservoir
BG,h7795,0.24329066880031477,scr2007,stInflow,reservoir
BG,h7796,0.24329066880031477,scr2007,stInflow,reservoir
BG,h7797,0.24329066880031477,scr2007,stInflow,reservoir
BG,h7798,0.24329066880031477,scr2007,stInflow,reservoir
BG,h7799,0.24329066880031477,scr2007,stInflow,reservoir
BG,h7800,0.24329066880031477,scr2007,stInflow,reservoir
BG,h7801,0.24329066880031477,scr2007,stInflow,reservoir
BG,h7802,0.24329066880031477,scr2007,stInflow,reservoir
BG,h7803,0.24329066880031477,scr2007,stInflow,reservoir
BG,h7804,0.24329066880031477,scr2007,stInflow,reservoir
BG,h7805,0.24329066880031477,scr2007,stInflow,reservoir
BG,h7806,0.24329066880031477,scr2007,stInflow,reservoir
BG,h7807,0.24329066880031477,scr2007,stInflow,reservoir
BG,h7808,0.24329066880031477,scr2007,stInflow,reservoir
BG,h7809,0.24329066880031477,scr2007,stInflow,reservoir
BG,h7810,0.24329066880031477,scr2007,stInflow,reservoir
BG,h7811,0.24329066880031477,scr2007,stInflow,reservoir
BG,h7812,0.24329066880031477,scr2007,stInflow,reservoir
BG,h7813,0.24329066880031477,scr2007,stInflow,reservoir
BG,h7814,0.24329066880031477,scr2007,stInflow,reservoir
BG,h7815,0.24329066880031477,scr2007,stInflow,reservoir
BG,h7816,0.24329066880031477,scr2007,stInflow,reservoir
BG,h7817,0.24329066880031477,scr2007,stInflow,reservoir
BG,h7818,0.24329066880031477,scr2007,stInflow,reservoir
BG,h7819,0.24329066880031477,scr2007,stInflow,reservoir
BG,h7820,0.24329066880031477,scr2007,stInflow,reservoir
BG,h7821,0.24329066880031477,scr2007,stInflow,reservoir
BG,h7822,0.24329066880031477,scr2007,stInflow,reservoir
BG,h7823,0.24329066880031477,scr2007,stInflow,reservoir
BG,h7824,0.24329066880031477,scr2007,stInflow,reservoir
BG,h7825,0.24329066880031477,scr2007,stInflow,reservoir
BG,h7826,0.24329066880031477,scr2007,stInflow,reservoir
BG,h7827,0.24329066880031477,scr2007,stInflow,reservoir
BG,h7828,0.24329066880031477,scr2007,stInflow,reservoir
BG,h7829,0.24329066880031477,scr2007,stInflow,reservoir
BG,h7830,0.24329066880031477,scr2007,stInflow,reservoir
BG,h7831,0.24329066880031477,scr2007,stInflow,reservoir
BG,h7832,0.24329066880031477,scr2007,stInflow,reservoir
BG,h7833,0.24329066880031477,scr2007,stInflow,reservoir
BG,h7834,0.24329066880031477,scr2007,stInflow,reservoir
BG,h7835,0.24329066880031477,scr2007,stInflow,reservoir
BG,h7836,0.24329066880031477,scr2007,stInflow,reservoir
BG,h7837,0.24329066880031477,scr2007,stInflow,reservoir
BG,h7838,0.24329066880031477,scr2007,stInflow,reservoir
BG,h7839,0.24329066880031477,scr2007,stInflow,reservoir
BG,h7840,0.24329066880031477,scr2007,stInflow,reservoir
BG,h7841,0.24329066880031477,scr2007,stInflow,reservoir
BG,h7842,0.24329066880031477,scr2007,stInflow,reservoir
BG,h7843,0.24329066880031477,scr2007,stInflow,reservoir
BG,h7844,0.24329066880031477,scr2007,stInflow,reservoir
BG,h7845,0.24329066880031477,scr2007,stInflow,reservoir
BG,h7846,0.24329066880031477,scr2007,stInflow,reservoir
BG,h7847,0.24329066880031477,scr2007,stInflow,reservoir
BG,h7848,0.24329066880031477,scr2007,stInflow,reservoir
BG,h7849,0.24329066880031477,scr2007,stInflow,reservoir
BG,h7850,0.24329066880031477,scr2007,stInflow,reservoir
BG,h7851,0.24329066880031477,scr2007,stInflow,reservoir
BG,h7852,0.24329066880031477,scr2007,stInflow,reservoir
BG,h7853,0.24329066880031477,scr2007,stInflow,reservoir
BG,h7854,0.24329066880031477,scr2007,stInflow,reservoir
BG,h7855,0.24329066880031477,scr2007,stInflow,reservoir
BG,h7856,0.24329066880031477,scr2007,stInflow,reservoir
BG,h7857,0.24329066880031477,scr2007,stInflow,reservoir
BG,h7858,0.24329066880031477,scr2007,stInflow,reservoir
BG,h7859,0.24329066880031477,scr2007,stInflow,reservoir
BG,h7860,0.24329066880031477,scr2007,stInflow,reservoir
BG,h7861,0.24329066880031477,scr2007,stInflow,reservoir
BG,h7862,0.24329066880031477,scr2007,stInflow,reservoir
BG,h7863,0.24329066880031477,scr2007,stInflow,reservoir
BG,h7864,0.24329066880031477,scr2007,stInflow,reservoir
BG,h7865,0.24329066880031477,scr2007,stInflow,reservoir
BG,h7866,0.24329066880031477,scr2007,stInflow,reservoir
BG,h7867,0.24329066880031477,scr2007,stInflow,reservoir
BG,h7868,0.24329066880031477,scr2007,stInflow,reservoir
BG,h7869,0.24329066880031477,scr2007,stInflow,reservoir
BG,h7870,0.24329066880031477,scr2007,stInflow,reservoir
BG,h7871,0.24329066880031477,scr2007,stInflow,reservoir
BG,h7872,0.24329066880031477,scr2007,stInflow,reservoir
BG,h7873,0.24329066880031477,scr2007,stInflow,reservoir
BG,h7874,0.24329066880031477,scr2007,stInflow,reservoir
BG,h7875,0.24329066880031477,scr2007,stInflow,reservoir
BG,h7876,0.24329066880031477,scr2007,stInflow,reservoir
BG,h7877,0.24329066880031477,scr2007,stInflow,reservoir
BG,h7878,0.24329066880031477,scr2007,stInflow,reservoir
BG,h7879,0.24329066880031477,scr2007,stInflow,reservoir
BG,h7880,0.24329066880031477,scr2007,stInflow,reservoir
BG,h7881,0.24329066880031477,scr2007,stInflow,reservoir
BG,h7882,0.24329066880031477,scr2007,stInflow,reservoir
BG,h7883,0.24329066880031477,scr2007,stInflow,reservoir
BG,h7884,0.24329066880031477,scr2007,stInflow,reservoir
BG,h7885,0.24329066880031477,scr2007,stInflow,reservoir
BG,h7886,0.24329066880031477,scr2007,stInflow,reservoir
BG,h7887,0.24329066880031477,scr2007,stInflow,reservoir
BG,h7888,0.24329066880031477,scr2007,stInflow,reservoir
BG,h7889,0.24329066880031477,scr2007,stInflow,reservoir
BG,h7890,0.24329066880031477,scr2007,stInflow,reservoir
BG,h7891,0.24329066880031477,scr2007,stInflow,reservoir
BG,h7892,0.24329066880031477,scr2007,stInflow,reservoir
BG,h7893,0.24329066880031477,scr2007,stInflow,reservoir
BG,h7894,0.24329066880031477,scr2007,stInflow,reservoir
BG,h7895,0.24329066880031477,scr2007,stInflow,reservoir
BG,h7896,0.24329066880031477,scr2007,stInflow,reservoir
BG,h7897,0.2748171524156592,scr2007,stInflow,reservoir
BG,h7898,0.3063439984704043,scr2007,stInflow,reservoir
BG,h7899,0.33787116953081625,scr2007,stInflow,reservoir
BG,h7900,0.33787116953081625,scr2007,stInflow,reservoir
BG,h7901,0.33787116953081625,scr2007,stInflow,reservoir
BG,h7902,0.33787116953081625,scr2007,stInflow,reservoir
BG,h7903,0.33787116953081625,scr2007,stInflow,reservoir
BG,h7904,0.33787116953081625,scr2007,stInflow,reservoir
BG,h7905,0.33787116953081625,scr2007,stInflow,reservoir
BG,h7906,0.33787116953081625,scr2007,stInflow,reservoir
BG,h7907,0.33787116953081625,scr2007,stInflow,reservoir
BG,h7908,0.33787116953081625,scr2007,stInflow,reservoir
BG,h7909,0.33787116953081625,scr2007,stInflow,reservoir
BG,h7910,0.33787116953081625,scr2007,stInflow,reservoir
BG,h7911,0.33787116953081625,scr2007,stInflow,reservoir
BG,h7912,0.33787116953081625,scr2007,stInflow,reservoir
BG,h7913,0.33787116953081625,scr2007,stInflow,reservoir
BG,h7914,0.33787116953081625,scr2007,stInflow,reservoir
BG,h7915,0.33787116953081625,scr2007,stInflow,reservoir
BG,h7916,0.33787116953081625,scr2007,stInflow,reservoir
BG,h7917,0.33787116953081625,scr2007,stInflow,reservoir
BG,h7918,0.33787116953081625,scr2007,stInflow,reservoir
BG,h7919,0.33787116953081625,scr2007,stInflow,reservoir
BG,h7920,0.33787116953081625,scr2007,stInflow,reservoir
BG,h7921,0.33787116953081625,scr2007,stInflow,reservoir
BG,h7922,0.33787116953081625,scr2007,stInflow,reservoir
BG,h7923,0.33787116953081625,scr2007,stInflow,reservoir
BG,h7924,0.33787116953081625,scr2007,stInflow,reservoir
BG,h7925,0.33787116953081625,scr2007,stInflow,reservoir
BG,h7926,0.33787116953081625,scr2007,stInflow,reservoir
BG,h7927,0.33787116953081625,scr2007,stInflow,reservoir
BG,h7928,0.33787116953081625,scr2007,stInflow,reservoir
BG,h7929,0.33787116953081625,scr2007,stInflow,reservoir
BG,h7930,0.33787116953081625,scr2007,stInflow,reservoir
BG,h7931,0.33787116953081625,scr2007,stInflow,reservoir
BG,h7932,0.33787116953081625,scr2007,stInflow,reservoir
BG,h7933,0.33787116953081625,scr2007,stInflow,reservoir
BG,h7934,0.33787116953081625,scr2007,stInflow,reservoir
BG,h7935,0.33787116953081625,scr2007,stInflow,reservoir
BG,h7936,0.33787116953081625,scr2007,stInflow,reservoir
BG,h7937,0.33787116953081625,scr2007,stInflow,reservoir
BG,h7938,0.33787116953081625,scr2007,stInflow,reservoir
BG,h7939,0.33787116953081625,scr2007,stInflow,reservoir
BG,h7940,0.33787116953081625,scr2007,stInflow,reservoir
BG,h7941,0.33787116953081625,scr2007,stInflow,reservoir
BG,h7942,0.33787116953081625,scr2007,stInflow,reservoir
BG,h7943,0.33787116953081625,scr2007,stInflow,reservoir
BG,h7944,0.33787116953081625,scr2007,stInflow,reservoir
BG,h7945,0.33787116953081625,scr2007,stInflow,reservoir
BG,h7946,0.33787116953081625,scr2007,stInflow,reservoir
BG,h7947,0.33787116953081625,scr2007,stInflow,reservoir
BG,h7948,0.33787116953081625,scr2007,stInflow,reservoir
BG,h7949,0.33787116953081625,scr2007,stInflow,reservoir
BG,h7950,0.33787116953081625,scr2007,stInflow,reservoir
BG,h7951,0.33787116953081625,scr2007,stInflow,reservoir
BG,h7952,0.33787116953081625,scr2007,stInflow,reservoir
BG,h7953,0.33787116953081625,scr2007,stInflow,reservoir
BG,h7954,0.33787116953081625,scr2007,stInflow,reservoir
BG,h7955,0.33787116953081625,scr2007,stInflow,reservoir
BG,h7956,0.33787116953081625,scr2007,stInflow,reservoir
BG,h7957,0.33787116953081625,scr2007,stInflow,reservoir
BG,h7958,0.33787116953081625,scr2007,stInflow,reservoir
BG,h7959,0.33787116953081625,scr2007,stInflow,reservoir
BG,h7960,0.33787116953081625,scr2007,stInflow,reservoir
BG,h7961,0.33787116953081625,scr2007,stInflow,reservoir
BG,h7962,0.33787116953081625,scr2007,stInflow,reservoir
BG,h7963,0.33787116953081625,scr2007,stInflow,reservoir
BG,h7964,0.33787116953081625,scr2007,stInflow,reservoir
BG,h7965,0.33787116953081625,scr2007,stInflow,reservoir
BG,h7966,0.33787116953081625,scr2007,stInflow,reservoir
BG,h7967,0.33787116953081625,scr2007,stInflow,reservoir
BG,h7968,0.33787116953081625,scr2007,stInflow,reservoir
BG,h7969,0.33787116953081625,scr2007,stInflow,reservoir
BG,h7970,0.33787116953081625,scr2007,stInflow,reservoir
BG,h7971,0.33787116953081625,scr2007,stInflow,reservoir
BG,h7972,0.33787116953081625,scr2007,stInflow,reservoir
BG,h7973,0.33787116953081625,scr2007,stInflow,reservoir
BG,h7974,0.33787116953081625,scr2007,stInflow,reservoir
BG,h7975,0.33787116953081625,scr2007,stInflow,reservoir
BG,h7976,0.33787116953081625,scr2007,stInflow,reservoir
BG,h7977,0.33787116953081625,scr2007,stInflow,reservoir
BG,h7978,0.33787116953081625,scr2007,stInflow,reservoir
BG,h7979,0.33787116953081625,scr2007,stInflow,reservoir
BG,h7980,0.33787116953081625,scr2007,stInflow,reservoir
BG,h7981,0.33787116953081625,scr2007,stInflow,reservoir
BG,h7982,0.33787116953081625,scr2007,stInflow,reservoir
BG,h7983,0.33787116953081625,scr2007,stInflow,reservoir
BG,h7984,0.33787116953081625,scr2007,stInflow,reservoir
BG,h7985,0.33787116953081625,scr2007,stInflow,reservoir
BG,h7986,0.33787116953081625,scr2007,stInflow,reservoir
BG,h7987,0.33787116953081625,scr2007,stInflow,reservoir
BG,h7988,0.33787116953081625,scr2007,stInflow,reservoir
BG,h7989,0.33787116953081625,scr2007,stInflow,reservoir
BG,h7990,0.33787116953081625,scr2007,stInflow,reservoir
BG,h7991,0.33787116953081625,scr2007,stInflow,reservoir
BG,h7992,0.33787116953081625,scr2007,stInflow,reservoir
BG,h7993,0.33787116953081625,scr2007,stInflow,reservoir
BG,h7994,0.33787116953081625,scr2007,stInflow,reservoir
BG,h7995,0.33787116953081625,scr2007,stInflow,reservoir
BG,h7996,0.33787116953081625,scr2007,stInflow,reservoir
BG,h7997,0.33787116953081625,scr2007,stInflow,reservoir
BG,h7998,0.33787116953081625,scr2007,stInflow,reservoir
BG,h7999,0.33787116953081625,scr2007,stInflow,reservoir
BG,h8000,0.33787116953081625,scr2007,stInflow,reservoir
BG,h8001,0.33787116953081625,scr2007,stInflow,reservoir
BG,h8002,0.33787116953081625,scr2007,stInflow,reservoir
BG,h8003,0.33787116953081625,scr2007,stInflow,reservoir
BG,h8004,0.33787116953081625,scr2007,stInflow,reservoir
BG,h8005,0.33787116953081625,scr2007,stInflow,reservoir
BG,h8006,0.33787116953081625,scr2007,stInflow,reservoir
BG,h8007,0.33787116953081625,scr2007,stInflow,reservoir
BG,h8008,0.33787116953081625,scr2007,stInflow,reservoir
BG,h8009,0.33787116953081625,scr2007,stInflow,reservoir
BG,h8010,0.33787116953081625,scr2007,stInflow,reservoir
BG,h8011,0.33787116953081625,scr2007,stInflow,reservoir
BG,h8012,0.33787116953081625,scr2007,stInflow,reservoir
BG,h8013,0.33787116953081625,scr2007,stInflow,reservoir
BG,h8014,0.33787116953081625,scr2007,stInflow,reservoir
BG,h8015,0.33787116953081625,scr2007,stInflow,reservoir
BG,h8016,0.33787116953081625,scr2007,stInflow,reservoir
BG,h8017,0.33787116953081625,scr2007,stInflow,reservoir
BG,h8018,0.33787116953081625,scr2007,stInflow,reservoir
BG,h8019,0.33787116953081625,scr2007,stInflow,reservoir
BG,h8020,0.33787116953081625,scr2007,stInflow,reservoir
BG,h8021,0.33787116953081625,scr2007,stInflow,reservoir
BG,h8022,0.33787116953081625,scr2007,stInflow,reservoir
BG,h8023,0.33787116953081625,scr2007,stInflow,reservoir
BG,h8024,0.33787116953081625,scr2007,stInflow,reservoir
BG,h8025,0.33787116953081625,scr2007,stInflow,reservoir
BG,h8026,0.33787116953081625,scr2007,stInflow,reservoir
BG,h8027,0.33787116953081625,scr2007,stInflow,reservoir
BG,h8028,0.33787116953081625,scr2007,stInflow,reservoir
BG,h8029,0.33787116953081625,scr2007,stInflow,reservoir
BG,h8030,0.33787116953081625,scr2007,stInflow,reservoir
BG,h8031,0.33787116953081625,scr2007,stInflow,reservoir
BG,h8032,0.33787116953081625,scr2007,stInflow,reservoir
BG,h8033,0.33787116953081625,scr2007,stInflow,reservoir
BG,h8034,0.33787116953081625,scr2007,stInflow,reservoir
BG,h8035,0.33787116953081625,scr2007,stInflow,reservoir
BG,h8036,0.33787116953081625,scr2007,stInflow,reservoir
BG,h8037,0.33787116953081625,scr2007,stInflow,reservoir
BG,h8038,0.33787116953081625,scr2007,stInflow,reservoir
BG,h8039,0.33787116953081625,scr2007,stInflow,reservoir
BG,h8040,0.33787116953081625,scr2007,stInflow,reservoir
CH,h7297,1.560537267349145,scr2007,stInflow,reservoir
CH,h7298,1.560537267349145,scr2007,stInflow,reservoir
CH,h7299,1.560537267349145,scr2007,stInflow,reservoir
CH,h7300,1.560537267349145,scr2007,stInflow,reservoir
CH,h7301,1.560537267349145,scr2007,stInflow,reservoir
CH,h7302,1.560537267349145,scr2007,stInflow,reservoir
CH,h7303,1.560537267349145,scr2007,stInflow,reservoir
CH,h7304,1.560537267349145,scr2007,stInflow,reservoir
CH,h7305,1.560537267349145,scr2007,stInflow,reservoir
CH,h7306,1.560537267349145,scr2007,stInflow,reservoir
CH,h7307,1.560537267349145,scr2007,stInflow,reservoir
CH,h7308,1.560537267349145,scr2007,stInflow,reservoir
CH,h7309,1.560537267349145,scr2007,stInflow,reservoir
CH,h7310,1.560537267349145,scr2007,stInflow,reservoir
CH,h7311,1.560537267349145,scr2007,stInflow,reservoir
CH,h7312,1.560537267349145,scr2007,stInflow,reservoir
CH,h7313,1.560537267349145,scr2007,stInflow,reservoir
CH,h7314,1.560537267349145,scr2007,stInflow,reservoir
CH,h7315,1.560537267349145,scr2007,stInflow,reservoir
CH,h7316,1.560537267349145,scr2007,stInflow,reservoir
CH,h7317,1.560537267349145,scr2007,stInflow,reservoir
CH,h7318,1.560537267349145,scr2007,stInflow,reservoir
CH,h7319,1.560537267349145,scr2007,stInflow,reservoir
CH,h7320,1.560537267349145,scr2007,stInflow,reservoir
CH,h7321,1.560537267349145,scr2007,stInflow,reservoir
CH,h7322,1.560537267349145,scr2007,stInflow,reservoir
CH,h7323,1.560537267349145,scr2007,stInflow,reservoir
CH,h7324,1.560537267349145,scr2007,stInflow,reservoir
CH,h7325,1.560537267349145,scr2007,stInflow,reservoir
CH,h7326,1.560537267349145,scr2007,stInflow,reservoir
CH,h7327,1.560537267349145,scr2007,stInflow,reservoir
CH,h7328,1.560537267349145,scr2007,stInflow,reservoir
CH,h7329,1.560537267349145,scr2007,stInflow,reservoir
CH,h7330,1.560537267349145,scr2007,stInflow,reservoir
CH,h7331,1.560537267349145,scr2007,stInflow,reservoir
CH,h7332,1.560537267349145,scr2007,stInflow,reservoir
CH,h7333,1.560537267349145,scr2007,stInflow,reservoir
CH,h7334,1.560537267349145,scr2007,stInflow,reservoir
CH,h7335,1.560537267349145,scr2007,stInflow,reservoir
CH,h7336,1.560537267349145,scr2007,stInflow,reservoir
CH,h7337,1.560537267349145,scr2007,stInflow,reservoir
CH,h7338,1.560537267349145,scr2007,stInflow,reservoir
CH,h7339,1.560537267349145,scr2007,stInflow,reservoir
CH,h7340,1.560537267349145,scr2007,stInflow,reservoir
CH,h7341,1.560537267349145,scr2007,stInflow,reservoir
CH,h7342,1.560537267349145,scr2007,stInflow,reservoir
CH,h7343,1.560537267349145,scr2007,stInflow,reservoir
CH,h7344,1.560537267349145,scr2007,stInflow,reservoir
CH,h7345,1.560537267349145,scr2007,stInflow,reservoir
CH,h7346,1.560537267349145,scr2007,stInflow,reservoir
CH,h7347,1.560537267349145,scr2007,stInflow,reservoir
CH,h7348,1.560537267349145,scr2007,stInflow,reservoir
CH,h7349,1.560537267349145,scr2007,stInflow,reservoir
CH,h7350,1.560537267349145,scr2007,stInflow,reservoir
CH,h7351,1.560537267349145,scr2007,stInflow,reservoir
CH,h7352,1.560537267349145,scr2007,stInflow,reservoir
CH,h7353,1.560537267349145,scr2007,stInflow,reservoir
CH,h7354,1.560537267349145,scr2007,stInflow,reservoir
CH,h7355,1.560537267349145,scr2007,stInflow,reservoir
CH,h7356,1.560537267349145,scr2007,stInflow,reservoir
CH,h7357,1.560537267349145,scr2007,stInflow,reservoir
CH,h7358,1.560537267349145,scr2007,stInflow,reservoir
CH,h7359,1.560537267349145,scr2007,stInflow,reservoir
CH,h7360,1.560537267349145,scr2007,stInflow,reservoir
CH,h7361,1.560537267349145,scr2007,stInflow,reservoir
CH,h7362,1.560537267349145,scr2007,stInflow,reservoir
CH,h7363,1.560537267349145,scr2007,stInflow,reservoir
CH,h7364,1.560537267349145,scr2007,stInflow,reservoir
CH,h7365,1.560537267349145,scr2007,stInflow,reservoir
CH,h7366,1.560537267349145,scr2007,stInflow,reservoir
CH,h7367,1.560537267349145,scr2007,stInflow,reservoir
CH,h7368,1.560537267349145,scr2007,stInflow,reservoir
CH,h7369,1.560537267349145,scr2007,stInflow,reservoir
CH,h7370,1.560537267349145,scr2007,stInflow,reservoir
CH,h7371,1.560537267349145,scr2007,stInflow,reservoir
CH,h7372,1.560537267349145,scr2007,stInflow,reservoir
CH,h7373,1.560537267349145,scr2007,stInflow,reservoir
CH,h7374,1.560537267349145,scr2007,stInflow,reservoir
CH,h7375,1.560537267349145,scr2007,stInflow,reservoir
CH,h7376,1.560537267349145,scr2007,stInflow,reservoir
CH,h7377,1.560537267349145,scr2007,stInflow,reservoir
CH,h7378,1.560537267349145,scr2007,stInflow,reservoir
CH,h7379,1.560537267349145,scr2007,stInflow,reservoir
CH,h7380,1.560537267349145,scr2007,stInflow,reservoir
CH,h7381,1.560537267349145,scr2007,stInflow,reservoir
CH,h7382,1.560537267349145,scr2007,stInflow,reservoir
CH,h7383,1.560537267349145,scr2007,stInflow,reservoir
CH,h7384,1.560537267349145,scr2007,stInflow,reservoir
CH,h7385,1.560537267349145,scr2007,stInflow,reservoir
CH,h7386,1.560537267349145,scr2007,stInflow,reservoir
CH,h7387,1.560537267349145,scr2007,stInflow,reservoir
CH,h7388,1.560537267349145,scr2007,stInflow,reservoir
CH,h7389,1.560537267349145,scr2007,stInflow,reservoir
CH,h7390,1.560537267349145,scr2007,stInflow,reservoir
CH,h7391,1.560537267349145,scr2007,stInflow,reservoir
CH,h7392,1.560537267349145,scr2007,stInflow,reservoir
CH,h7393,1.774020692656882,scr2007,stInflow,reservoir
CH,h7394,1.987506693006815,scr2007,stInflow,reservoir
CH,h7395,2.2009949907192645,scr2007,stInflow,reservoir
CH,h7396,2.2009949907192645,scr2007,stInflow,reservoir
CH,h7397,2.2009949907192645,scr2007,stInflow,reservoir
CH,h7398,2.2009949907192645,scr2007,stInflow,reservoir
CH,h7399,2.2009949907192645,scr2007,stInflow,reservoir
CH,h7400,2.2009949907192645,scr2007,stInflow,reservoir
CH,h7401,2.2009949907192645,scr2007,stInflow,reservoir
CH,h7402,2.2009949907192645,scr2007,stInflow,reservoir
CH,h7403,2.2009949907192645,scr2007,stInflow,reservoir
CH,h7404,2.2009949907192645,scr2007,stInflow,reservoir
CH,h7405,2.2009949907192645,scr2007,stInflow,reservoir
CH,h7406,2.2009949907192645,scr2007,stInflow,reservoir
CH,h7407,2.2009949907192645,scr2007,stInflow,reservoir
CH,h7408,2.2009949907192645,scr2007,stInflow,reservoir
CH,h7409,2.2009949907192645,scr2007,stInflow,reservoir
CH,h7410,2.2009949907192645,scr2007,stInflow,reservoir
CH,h7411,2.2009949907192645,scr2007,stInflow,reservoir
CH,h7412,2.2009949907192645,scr2007,stInflow,reservoir
CH,h7413,2.2009949907192645,scr2007,stInflow,reservoir
CH,h7414,2.2009949907192645,scr2007,stInflow,reservoir
CH,h7415,2.2009949907192645,scr2007,stInflow,reservoir
CH,h7416,2.2009949907192645,scr2007,stInflow,reservoir
CH,h7417,2.2009949907192645,scr2007,stInflow,reservoir
CH,h7418,2.2009949907192645,scr2007,stInflow,reservoir
CH,h7419,2.2009949907192645,scr2007,stInflow,reservoir
CH,h7420,2.2009949907192645,scr2007,stInflow,reservoir
CH,h7421,2.2009949907192645,scr2007,stInflow,reservoir
CH,h7422,2.2009949907192645,scr2007,stInflow,reservoir
CH,h7423,2.2009949907192645,scr2007,stInflow,reservoir
CH,h7424,2.2009949907192645,scr2007,stInflow,reservoir
CH,h7425,2.2009949907192645,scr2007,stInflow,reservoir
CH,h7426,2.2009949907192645,scr2007,stInflow,reservoir
CH,h7427,2.2009949907192645,scr2007,stInflow,reservoir
CH,h7428,2.2009949907192645,scr2007,stInflow,reservoir
CH,h7429,2.2009949907192645,scr2007,stInflow,reservoir
CH,h7430,2.2009949907192645,scr2007,stInflow,reservoir
CH,h7431,2.2009949907192645,scr2007,stInflow,reservoir
CH,h7432,2.2009949907192645,scr2007,stInflow,reservoir
CH,h7433,2.2009949907192645,scr2007,stInflow,reservoir
CH,h7434,2.2009949907192645,scr2007,stInflow,reservoir
CH,h7435,2.2009949907192645,scr2007,stInflow,reservoir
CH,h7436,2.2009949907192645,scr2007,stInflow,reservoir
CH,h7437,2.2009949907192645,scr2007,stInflow,reservoir
CH,h7438,2.2009949907192645,scr2007,stInflow,reservoir
CH,h7439,2.2009949907192645,scr2007,stInflow,reservoir
CH,h7440,2.2009949907192645,scr2007,stInflow,reservoir
CH,h7441,2.2009949907192645,scr2007,stInflow,reservoir
CH,h7442,2.2009949907192645,scr2007,stInflow,reservoir
CH,h7443,2.2009949907192645,scr2007,stInflow,reservoir
CH,h7444,2.2009949907192645,scr2007,stInflow,reservoir
CH,h7445,2.2009949907192645,scr2007,stInflow,reservoir
CH,h7446,2.2009949907192645,scr2007,stInflow,reservoir
CH,h7447,2.2009949907192645,scr2007,stInflow,reservoir
CH,h7448,2.2009949907192645,scr2007,stInflow,reservoir
CH,h7449,2.2009949907192645,scr2007,stInflow,reservoir
CH,h7450,2.2009949907192645,scr2007,stInflow,reservoir
CH,h7451,2.2009949907192645,scr2007,stInflow,reservoir
CH,h7452,2.2009949907192645,scr2007,stInflow,reservoir
CH,h7453,2.2009949907192645,scr2007,stInflow,reservoir
CH,h7454,2.2009949907192645,scr2007,stInflow,reservoir
CH,h7455,2.2009949907192645,scr2007,stInflow,reservoir
CH,h7456,2.2009949907192645,scr2007,stInflow,reservoir
CH,h7457,2.2009949907192645,scr2007,stInflow,reservoir
CH,h7458,2.2009949907192645,scr2007,stInflow,reservoir
CH,h7459,2.2009949907192645,scr2007,stInflow,reservoir
CH,h7460,2.2009949907192645,scr2007,stInflow,reservoir
CH,h7461,2.2009949907192645,scr2007,stInflow,reservoir
CH,h7462,2.2009949907192645,scr2007,stInflow,reservoir
CH,h7463,2.2009949907192645,scr2007,stInflow,reservoir
CH,h7464,2.2009949907192645,scr2007,stInflow,reservoir
CH,h7465,2.2009949907192645,scr2007,stInflow,reservoir
CH,h7466,2.2009949907192645,scr2007,stInflow,reservoir
CH,h7467,2.2009949907192645,scr2007,stInflow,reservoir
CH,h7468,2.2009949907192645,scr2007,stInflow,reservoir
CH,h7469,2.2009949907192645,scr2007,stInflow,reservoir
CH,h7470,2.2009949907192645,scr2007,stInflow,reservoir
CH,h7471,2.2009949907192645,scr2007,stInflow,reservoir
CH,h7472,2.2009949907192645,scr2007,stInflow,reservoir
CH,h7473,2.2009949907192645,scr2007,stInflow,reservoir
CH,h7474,2.2009949907192645,scr2007,stInflow,reservoir
CH,h7475,2.2009949907192645,scr2007,stInflow,reservoir
CH,h7476,2.2009949907192645,scr2007,stInflow,reservoir
CH,h7477,2.2009949907192645,scr2007,stInflow,reservoir
CH,h7478,2.2009949907192645,scr2007,stInflow,reservoir
CH,h7479,2.2009949907192645,scr2007,stInflow,reservoir
CH,h7480,2.2009949907192645,scr2007,stInflow,reservoir
CH,h7481,2.2009949907192645,scr2007,stInflow,reservoir
CH,h7482,2.2009949907192645,scr2007,stInflow,reservoir
CH,h7483,2.2009949907192645,scr2007,stInflow,reservoir
CH,h7484,2.2009949907192645,scr2007,stInflow,reservoir
CH,h7485,2.2009949907192645,scr2007,stInflow,reservoir
CH,h7486,2.2009949907192645,scr2007,stInflow,reservoir
CH,h7487,2.2009949907192645,scr2007,stInflow,reservoir
CH,h7488,2.2009949907192645,scr2007,stInflow,reservoir
CH,h7489,2.2009949907192645,scr2007,stInflow,reservoir
CH,h7490,2.2009949907192645,scr2007,stInflow,reservoir
CH,h7491,2.2009949907192645,scr2007,stInflow,reservoir
CH,h7492,2.2009949907192645,scr2007,stInflow,reservoir
CH,h7493,2.2009949907192645,scr2007,stInflow,reservoir
CH,h7494,2.2009949907192645,scr2007,stInflow,reservoir
CH,h7495,2.2009949907192645,scr2007,stInflow,reservoir
CH,h7496,2.2009949907192645,scr2007,stInflow,reservoir
CH,h7497,2.2009949907192645,scr2007,stInflow,reservoir
CH,h7498,2.2009949907192645,scr2007,stInflow,reservoir
CH,h7499,2.2009949907192645,scr2007,stInflow,reservoir
CH,h7500,2.2009949907192645,scr2007,stInflow,reservoir
CH,h7501,2.2009949907192645,scr2007,stInflow,reservoir
CH,h7502,2.2009949907192645,scr2007,stInflow,reservoir
CH,h7503,2.2009949907192645,scr2007,stInflow,reservoir
CH,h7504,2.2009949907192645,scr2007,stInflow,reservoir
CH,h7505,2.2009949907192645,scr2007,stInflow,reservoir
CH,h7506,2.2009949907192645,scr2007,stInflow,reservoir
CH,h7507,2.2009949907192645,scr2007,stInflow,reservoir
CH,h7508,2.2009949907192645,scr2007,stInflow,reservoir
CH,h7509,2.2009949907192645,scr2007,stInflow,reservoir
CH,h7510,2.2009949907192645,scr2007,stInflow,reservoir
CH,h7511,2.2009949907192645,scr2007,stInflow,reservoir
CH,h7512,2.2009949907192645,scr2007,stInflow,reservoir
CH,h7513,2.2009949907192645,scr2007,stInflow,reservoir
CH,h7514,2.2009949907192645,scr2007,stInflow,reservoir
CH,h7515,2.2009949907192645,scr2007,stInflow,reservoir
CH,h7516,2.2009949907192645,scr2007,stInflow,reservoir
CH,h7517,2.2009949907192645,scr2007,stInflow,reservoir
CH,h7518,2.2009949907192645,scr2007,stInflow,reservoir
CH,h7519,2.2009949907192645,scr2007,stInflow,reservoir
CH,h7520,2.2009949907192645,scr2007,stInflow,reservoir
CH,h7521,2.2009949907192645,scr2007,stInflow,reservoir
CH,h7522,2.2009949907192645,scr2007,stInflow,reservoir
CH,h7523,2.2009949907192645,scr2007,stInflow,reservoir
CH,h7524,2.2009949907192645,scr2007,stInflow,reservoir
CH,h7525,2.2009949907192645,scr2007,stInflow,reservoir
CH,h7526,2.2009949907192645,scr2007,stInflow,reservoir
CH,h7527,2.2009949907192645,scr2007,stInflow,reservoir
CH,h7528,2.2009949907192645,scr2007,stInflow,reservoir
CH,h7529,2.2009949907192645,scr2007,stInflow,reservoir
CH,h7530,2.2009949907192645,scr2007,stInflow,reservoir
CH,h7531,2.2009949907192645,scr2007,stInflow,reservoir
CH,h7532,2.2009949907192645,scr2007,stInflow,reservoir
CH,h7533,2.2009949907192645,scr2007,stInflow,reservoir
CH,h7534,2.2009949907192645,scr2007,stInflow,reservoir
CH,h7535,2.2009949907192645,scr2007,stInflow,reservoir
CH,h7536,2.2009949907192645,scr2007,stInflow,reservoir
CH,h7537,2.2009949907192645,scr2007,stInflow,reservoir
CH,h7538,2.2009949907192645,scr2007,stInflow,reservoir
CH,h7539,2.2009949907192645,scr2007,stInflow,reservoir
CH,h7540,2.2009949907192645,scr2007,stInflow,reservoir
CH,h7541,2.2009949907192645,scr2007,stInflow,reservoir
CH,h7542,2.2009949907192645,scr2007,stInflow,reservoir
CH,h7543,2.2009949907192645,scr2007,stInflow,reservoir
CH,h7544,2.2009949907192645,scr2007,stInflow,reservoir
CH,h7545,2.2009949907192645,scr2007,stInflow,reservoir
CH,h7546,2.2009949907192645,scr2007,stInflow,reservoir
CH,h7547,2.2009949907192645,scr2007,stInflow,reservoir
CH,h7548,2.2009949907192645,scr2007,stInflow,reservoir
CH,h7549,2.2009949907192645,scr2007,stInflow,reservoir
CH,h7550,2.2009949907192645,scr2007,stInflow,reservoir
CH,h7551,2.2009949907192645,scr2007,stInflow,reservoir
CH,h7552,2.2009949907192645,scr2007,stInflow,reservoir
CH,h7553,2.2009949907192645,scr2007,stInflow,reservoir
CH,h7554,2.2009949907192645,scr2007,stInflow,reservoir
CH,h7555,2.2009949907192645,scr2007,stInflow,reservoir
CH,h7556,2.2009949907192645,scr2007,stInflow,reservoir
CH,h7557,2.2009949907192645,scr2007,stInflow,reservoir
CH,h7558,2.2009949907192645,scr2007,stInflow,reservoir
CH,h7559,2.2009949907192645,scr2007,stInflow,reservoir
CH,h7560,2.2009949907192645,scr2007,stInflow,reservoir
CH,h7561,2.254446040333924,scr2007,stInflow,reservoir
CH,h7562,2.307897216676099,scr2007,stInflow,reservoir
CH,h7563,2.361348516810816,scr2007,stInflow,reservoir
CH,h7564,2.361348516810816,scr2007,stInflow,reservoir
CH,h7565,2.361348516810816,scr2007,stInflow,reservoir
CH,h7566,2.361348516810816,scr2007,stInflow,reservoir
CH,h7567,2.361348516810816,scr2007,stInflow,reservoir
CH,h7568,2.361348516810816,scr2007,stInflow,reservoir
CH,h7569,2.361348516810816,scr2007,stInflow,reservoir
CH,h7570,2.361348516810816,scr2007,stInflow,reservoir
CH,h7571,2.361348516810816,scr2007,stInflow,reservoir
CH,h7572,2.361348516810816,scr2007,stInflow,reservoir
CH,h7573,2.361348516810816,scr2007,stInflow,reservoir
CH,h7574,2.361348516810816,scr2007,stInflow,reservoir
CH,h7575,2.361348516810816,scr2007,stInflow,reservoir
CH,h7576,2.361348516810816,scr2007,stInflow,reservoir
CH,h7577,2.361348516810816,scr2007,stInflow,reservoir
CH,h7578,2.361348516810816,scr2007,stInflow,reservoir
CH,h7579,2.361348516810816,scr2007,stInflow,reservoir
CH,h7580,2.361348516810816,scr2007,stInflow,reservoir
CH,h7581,2.361348516810816,scr2007,stInflow,reservoir
CH,h7582,2.361348516810816,scr2007,stInflow,reservoir
CH,h7583,2.361348516810816,scr2007,stInflow,reservoir
CH,h7584,2.361348516810816,scr2007,stInflow,reservoir
CH,h7585,2.361348516810816,scr2007,stInflow,reservoir
CH,h7586,2.361348516810816,scr2007,stInflow,reservoir
CH,h7587,2.361348516810816,scr2007,stInflow,reservoir
CH,h7588,2.361348516810816,scr2007,stInflow,reservoir
CH,h7589,2.361348516810816,scr2007,stInflow,reservoir
CH,h7590,2.361348516810816,scr2007,stInflow,reservoir
CH,h7591,2.361348516810816,scr2007,stInflow,reservoir
CH,h7592,2.361348516810816,scr2007,stInflow,reservoir
CH,h7593,2.361348516810816,scr2007,stInflow,reservoir
CH,h7594,2.361348516810816,scr2007,stInflow,reservoir
CH,h7595,2.361348516810816,scr2007,stInflow,reservoir
CH,h7596,2.361348516810816,scr2007,stInflow,reservoir
CH,h7597,2.361348516810816,scr2007,stInflow,reservoir
CH,h7598,2.361348516810816,scr2007,stInflow,reservoir
CH,h7599,2.361348516810816,scr2007,stInflow,reservoir
CH,h7600,2.361348516810816,scr2007,stInflow,reservoir
CH,h7601,2.361348516810816,scr2007,stInflow,reservoir
CH,h7602,2.361348516810816,scr2007,stInflow,reservoir
CH,h7603,2.361348516810816,scr2007,stInflow,reservoir
CH,h7604,2.361348516810816,scr2007,stInflow,reservoir
CH,h7605,2.361348516810816,scr2007,stInflow,reservoir
CH,h7606,2.361348516810816,scr2007,stInflow,reservoir
CH,h7607,2.361348516810816,scr2007,stInflow,reservoir
CH,h7608,2.361348516810816,scr2007,stInflow,reservoir
CH,h7609,2.361348516810816,scr2007,stInflow,reservoir
CH,h7610,2.361348516810816,scr2007,stInflow,reservoir
CH,h7611,2.361348516810816,scr2007,stInflow,reservoir
CH,h7612,2.361348516810816,scr2007,stInflow,reservoir
CH,h7613,2.361348516810816,scr2007,stInflow,reservoir
CH,h7614,2.361348516810816,scr2007,stInflow,reservoir
CH,h7615,2.361348516810816,scr2007,stInflow,reservoir
CH,h7616,2.361348516810816,scr2007,stInflow,reservoir
CH,h7617,2.361348516810816,scr2007,stInflow,reservoir
CH,h7618,2.361348516810816,scr2007,stInflow,reservoir
CH,h7619,2.361348516810816,scr2007,stInflow,reservoir
CH,h7620,2.361348516810816,scr2007,stInflow,reservoir
CH,h7621,2.361348516810816,scr2007,stInflow,reservoir
CH,h7622,2.361348516810816,scr2007,stInflow,reservoir
CH,h7623,2.361348516810816,scr2007,stInflow,reservoir
CH,h7624,2.361348516810816,scr2007,stInflow,reservoir
CH,h7625,2.361348516810816,scr2007,stInflow,reservoir
CH,h7626,2.361348516810816,scr2007,stInflow,reservoir
CH,h7627,2.361348516810816,scr2007,stInflow,reservoir
CH,h7628,2.361348516810816,scr2007,stInflow,reservoir
CH,h7629,2.361348516810816,scr2007,stInflow,reservoir
CH,h7630,2.361348516810816,scr2007,stInflow,reservoir
CH,h7631,2.361348516810816,scr2007,stInflow,reservoir
CH,h7632,2.361348516810816,scr2007,stInflow,reservoir
CH,h7633,2.361348516810816,scr2007,stInflow,reservoir
CH,h7634,2.361348516810816,scr2007,stInflow,reservoir
CH,h7635,2.361348516810816,scr2007,stInflow,reservoir
CH,h7636,2.361348516810816,scr2007,stInflow,reservoir
CH,h7637,2.361348516810816,scr2007,stInflow,reservoir
CH,h7638,2.361348516810816,scr2007,stInflow,reservoir
CH,h7639,2.361348516810816,scr2007,stInflow,reservoir
CH,h7640,2.361348516810816,scr2007,stInflow,reservoir
CH,h7641,2.361348516810816,scr2007,stInflow,reservoir
CH,h7642,2.361348516810816,scr2007,stInflow,reservoir
CH,h7643,2.361348516810816,scr2007,stInflow,reservoir
CH,h7644,2.361348516810816,scr2007,stInflow,reservoir
CH,h7645,2.361348516810816,scr2007,stInflow,reservoir
CH,h7646,2.361348516810816,scr2007,stInflow,reservoir
CH,h7647,2.361348516810816,scr2007,stInflow,reservoir
CH,h7648,2.361348516810816,scr2007,stInflow,reservoir
CH,h7649,2.361348516810816,scr2007,stInflow,reservoir
CH,h7650,2.361348516810816,scr2007,stInflow,reservoir
CH,h7651,2.361348516810816,scr2007,stInflow,reservoir
CH,h7652,2.361348516810816,scr2007,stInflow,reservoir
CH,h7653,2.361348516810816,scr2007,stInflow,reservoir
CH,h7654,2.361348516810816,scr2007,stInflow,reservoir
CH,h7655,2.361348516810816,scr2007,stInflow,reservoir
CH,h7656,2.361348516810816,scr2007,stInflow,reservoir
CH,h7657,2.361348516810816,scr2007,stInflow,reservoir
CH,h7658,2.361348516810816,scr2007,stInflow,reservoir
CH,h7659,2.361348516810816,scr2007,stInflow,reservoir
CH,h7660,2.361348516810816,scr2007,stInflow,reservoir
CH,h7661,2.361348516810816,scr2007,stInflow,reservoir
CH,h7662,2.361348516810816,scr2007,stInflow,reservoir
CH,h7663,2.361348516810816,scr2007,stInflow,reservoir
CH,h7664,2.361348516810816,scr2007,stInflow,reservoir
CH,h7665,2.361348516810816,scr2007,stInflow,reservoir
CH,h7666,2.361348516810816,scr2007,stInflow,reservoir
CH,h7667,2.361348516810816,scr2007,stInflow,reservoir
CH,h7668,2.361348516810816,scr2007,stInflow,reservoir
CH,h7669,2.361348516810816,scr2007,stInflow,reservoir
CH,h7670,2.361348516810816,scr2007,stInflow,reservoir
CH,h7671,2.361348516810816,scr2007,stInflow,reservoir
CH,h7672,2.361348516810816,scr2007,stInflow,reservoir
CH,h7673,2.361348516810816,scr2007,stInflow,reservoir
CH,h7674,2.361348516810816,scr2007,stInflow,reservoir
CH,h7675,2.361348516810816,scr2007,stInflow,reservoir
CH,h7676,2.361348516810816,scr2007,stInflow,reservoir
CH,h7677,2.361348516810816,scr2007,stInflow,reservoir
CH,h7678,2.361348516810816,scr2007,stInflow,reservoir
CH,h7679,2.361348516810816,scr2007,stInflow,reservoir
CH,h7680,2.361348516810816,scr2007,stInflow,reservoir
CH,h7681,2.361348516810816,scr2007,stInflow,reservoir
CH,h7682,2.361348516810816,scr2007,stInflow,reservoir
CH,h7683,2.361348516810816,scr2007,stInflow,reservoir
CH,h7684,2.361348516810816,scr2007,stInflow,reservoir
CH,h7685,2.361348516810816,scr2007,stInflow,reservoir
CH,h7686,2.361348516810816,scr2007,stInflow,reservoir
CH,h7687,2.361348516810816,scr2007,stInflow,reservoir
CH,h7688,2.361348516810816,scr2007,stInflow,reservoir
CH,h7689,2.361348516810816,scr2007,stInflow,reservoir
CH,h7690,2.361348516810816,scr2007,stInflow,reservoir
CH,h7691,2.361348516810816,scr2007,stInflow,reservoir
CH,h7692,2.361348516810816,scr2007,stInflow,reservoir
CH,h7693,2.361348516810816,scr2007,stInflow,reservoir
CH,h7694,2.361348516810816,scr2007,stInflow,reservoir
CH,h7695,2.361348516810816,scr2007,stInflow,reservoir
CH,h7696,2.361348516810816,scr2007,stInflow,reservoir
CH,h7697,2.361348516810816,scr2007,stInflow,reservoir
CH,h7698,2.361348516810816,scr2007,stInflow,reservoir
CH,h7699,2.361348516810816,scr2007,stInflow,reservoir
CH,h7700,2.361348516810816,scr2007,stInflow,reservoir
CH,h7701,2.361348516810816,scr2007,stInflow,reservoir
CH,h7702,2.361348516810816,scr2007,stInflow,reservoir
CH,h7703,2.361348516810816,scr2007,stInflow,reservoir
CH,h7704,2.361348516810816,scr2007,stInflow,reservoir
CH,h7705,2.361348516810816,scr2007,stInflow,reservoir
CH,h7706,2.361348516810816,scr2007,stInflow,reservoir
CH,h7707,2.361348516810816,scr2007,stInflow,reservoir
CH,h7708,2.361348516810816,scr2007,stInflow,reservoir
CH,h7709,2.361348516810816,scr2007,stInflow,reservoir
CH,h7710,2.361348516810816,scr2007,stInflow,reservoir
CH,h7711,2.361348516810816,scr2007,stInflow,reservoir
CH,h7712,2.361348516810816,scr2007,stInflow,reservoir
CH,h7713,2.361348516810816,scr2007,stInflow,reservoir
CH,h7714,2.361348516810816,scr2007,stInflow,reservoir
CH,h7715,2.361348516810816,scr2007,stInflow,reservoir
CH,h7716,2.361348516810816,scr2007,stInflow,reservoir
CH,h7717,2.361348516810816,scr2007,stInflow,reservoir
CH,h7718,2.361348516810816,scr2007,stInflow,reservoir
CH,h7719,2.361348516810816,scr2007,stInflow,reservoir
CH,h7720,2.361348516810816,scr2007,stInflow,reservoir
CH,h7721,2.361348516810816,scr2007,stInflow,reservoir
CH,h7722,2.361348516810816,scr2007,stInflow,reservoir
CH,h7723,2.361348516810816,scr2007,stInflow,reservoir
CH,h7724,2.361348516810816,scr2007,stInflow,reservoir
CH,h7725,2.361348516810816,scr2007,stInflow,reservoir
CH,h7726,2.361348516810816,scr2007,stInflow,reservoir
CH,h7727,2.361348516810816,scr2007,stInflow,reservoir
CH,h7728,2.361348516810816,scr2007,stInflow,reservoir
CH,h7729,2.3607401926607916,scr2007,stInflow,reservoir
CH,h7730,2.360131868526441,scr2007,stInflow,reservoir
CH,h7731,2.3595235444077685,scr2007,stInflow,reservoir
CH,h7732,2.3595235444077685,scr2007,stInflow,reservoir
CH,h7733,2.3595235444077685,scr2007,stInflow,reservoir
CH,h7734,2.3595235444077685,scr2007,stInflow,reservoir
CH,h7735,2.3595235444077685,scr2007,stInflow,reservoir
CH,h7736,2.3595235444077685,scr2007,stInflow,reservoir
CH,h7737,2.3595235444077685,scr2007,stInflow,reservoir
CH,h7738,2.3595235444077685,scr2007,stInflow,reservoir
CH,h7739,2.3595235444077685,scr2007,stInflow,reservoir
CH,h7740,2.3595235444077685,scr2007,stInflow,reservoir
CH,h7741,2.3595235444077685,scr2007,stInflow,reservoir
CH,h7742,2.3595235444077685,scr2007,stInflow,reservoir
CH,h7743,2.3595235444077685,scr2007,stInflow,reservoir
CH,h7744,2.3595235444077685,scr2007,stInflow,reservoir
CH,h7745,2.3595235444077685,scr2007,stInflow,reservoir
CH,h7746,2.3595235444077685,scr2007,stInflow,reservoir
CH,h7747,2.3595235444077685,scr2007,stInflow,reservoir
CH,h7748,2.3595235444077685,scr2007,stInflow,reservoir
CH,h7749,2.3595235444077685,scr2007,stInflow,reservoir
CH,h7750,2.3595235444077685,scr2007,stInflow,reservoir
CH,h7751,2.3595235444077685,scr2007,stInflow,reservoir
CH,h7752,2.3595235444077685,scr2007,stInflow,reservoir
CH,h7753,2.3595235444077685,scr2007,stInflow,reservoir
CH,h7754,2.3595235444077685,scr2007,stInflow,reservoir
CH,h7755,2.3595235444077685,scr2007,stInflow,reservoir
CH,h7756,2.3595235444077685,scr2007,stInflow,reservoir
CH,h7757,2.3595235444077685,scr2007,stInflow,reservoir
CH,h7758,2.3595235444077685,scr2007,stInflow,reservoir
CH,h7759,2.3595235444077685,scr2007,stInflow,reservoir
CH,h7760,2.3595235444077685,scr2007,stInflow,reservoir
CH,h7761,2.3595235444077685,scr2007,stInflow,reservoir
CH,h7762,2.3595235444077685,scr2007,stInflow,reservoir
CH,h7763,2.3595235444077685,scr2007,stInflow,reservoir
CH,h7764,2.3595235444077685,scr2007,stInflow,reservoir
CH,h7765,2.3595235444077685,scr2007,stInflow,reservoir
CH,h7766,2.3595235444077685,scr2007,stInflow,reservoir
CH,h7767,2.3595235444077685,scr2007,stInflow,reservoir
CH,h7768,2.3595235444077685,scr2007,stInflow,reservoir
CH,h7769,2.3595235444077685,scr2007,stInflow,reservoir
CH,h7770,2.3595235444077685,scr2007,stInflow,reservoir
CH,h7771,2.3595235444077685,scr2007,stInflow,reservoir
CH,h7772,2.3595235444077685,scr2007,stInflow,reservoir
CH,h7773,2.3595235444077685,scr2007,stInflow,reservoir
CH,h7774,2.3595235444077685,scr2007,stInflow,reservoir
CH,h7775,2.3595235444077685,scr2007,stInflow,reservoir
CH,h7776,2.3595235444077685,scr2007,stInflow,reservoir
CH,h7777,2.3595235444077685,scr2007,stInflow,reservoir
CH,h7778,2.3595235444077685,scr2007,stInflow,reservoir
CH,h7779,2.3595235444077685,scr2007,stInflow,reservoir
CH,h7780,2.3595235444077685,scr2007,stInflow,reservoir
CH,h7781,2.3595235444077685,scr2007,stInflow,reservoir
CH,h7782,2.3595235444077685,scr2007,stInflow,reservoir
CH,h7783,2.3595235444077685,scr2007,stInflow,reservoir
CH,h7784,2.3595235444077685,scr2007,stInflow,reservoir
CH,h7785,2.3595235444077685,scr2007,stInflow,reservoir
CH,h7786,2.3595235444077685,scr2007,stInflow,reservoir
CH,h7787,2.3595235444077685,scr2007,stInflow,reservoir
CH,h7788,2.3595235444077685,scr2007,stInflow,reservoir
CH,h7789,2.3595235444077685,scr2007,stInflow,reservoir
CH,h7790,2.3595235444077685,scr2007,stInflow,reservoir
CH,h7791,2.3595235444077685,scr2007,stInflow,reservoir
CH,h7792,2.3595235444077685,scr2007,stInflow,reservoir
CH,h7793,2.3595235444077685,scr2007,stInflow,reservoir
CH,h7794,2.3595235444077685,scr2007,stInflow,reservoir
CH,h7795,2.3595235444077685,scr2007,stInflow,reservoir
CH,h7796,2.3595235444077685,scr2007,stInflow,reservoir
CH,h7797,2.3595235444077685,scr2007,stInflow,reservoir
CH,h7798,2.3595235444077685,scr2007,stInflow,reservoir
CH,h7799,2.3595235444077685,scr2007,stInflow,reservoir
CH,h7800,2.3595235444077685,scr2007,stInflow,reservoir
CH,h7801,2.3595235444077685,scr2007,stInflow,reservoir
CH,h7802,2.3595235444077685,scr2007,stInflow,reservoir
CH,h7803,2.3595235444077685,scr2007,stInflow,reservoir
CH,h7804,2.3595235444077685,scr2007,stInflow,reservoir
CH,h7805,2.3595235444077685,scr2007,stInflow,reservoir
CH,h7806,2.3595235444077685,scr2007,stInflow,reservoir
CH,h7807,2.3595235444077685,scr2007,stInflow,reservoir
CH,h7808,2.3595235444077685,scr2007,stInflow,reservoir
CH,h7809,2.3595235444077685,scr2007,stInflow,reservoir
CH,h7810,2.3595235444077685,scr2007,stInflow,reservoir
CH,h7811,2.3595235444077685,scr2007,stInflow,reservoir
CH,h7812,2.3595235444077685,scr2007,stInflow,reservoir
CH,h7813,2.3595235444077685,scr2007,stInflow,reservoir
CH,h7814,2.3595235444077685,scr2007,stInflow,reservoir
CH,h7815,2.3595235444077685,scr2007,stInflow,reservoir
CH,h7816,2.3595235444077685,scr2007,stInflow,reservoir
CH,h7817,2.3595235444077685,scr2007,stInflow,reservoir
CH,h7818,2.3595235444077685,scr2007,stInflow,reservoir
CH,h7819,2.3595235444077685,scr2007,stInflow,reservoir
CH,h7820,2.3595235444077685,scr2007,stInflow,reservoir
CH,h7821,2.3595235444077685,scr2007,stInflow,reservoir
CH,h7822,2.3595235444077685,scr2007,stInflow,reservoir
CH,h7823,2.3595235444077685,scr2007,stInflow,reservoir
CH,h7824,2.3595235444077685,scr2007,stInflow,reservoir
CH,h7825,2.3595235444077685,scr2007,stInflow,reservoir
CH,h7826,2.3595235444077685,scr2007,stInflow,reservoir
CH,h7827,2.3595235444077685,scr2007,stInflow,reservoir
CH,h7828,2.3595235444077685,scr2007,stInflow,reservoir
CH,h7829,2.3595235444077685,scr2007,stInflow,reservoir
CH,h7830,2.3595235444077685,scr2007,stInflow,reservoir
CH,h7831,2.3595235444077685,scr2007,stInflow,reservoir
CH,h7832,2.3595235444077685,scr2007,stInflow,reservoir
CH,h7833,2.3595235444077685,scr2007,stInflow,reservoir
CH,h7834,2.3595235444077685,scr2007,stInflow,reservoir
CH,h7835,2.3595235444077685,scr2007,stInflow,reservoir
CH,h7836,2.3595235444077685,scr2007,stInflow,reservoir
CH,h7837,2.3595235444077685,scr2007,stInflow,reservoir
CH,h7838,2.3595235444077685,scr2007,stInflow,reservoir
CH,h7839,2.3595235444077685,scr2007,stInflow,reservoir
CH,h7840,2.3595235444077685,scr2007,stInflow,reservoir
CH,h7841,2.3595235444077685,scr2007,stInflow,reservoir
CH,h7842,2.3595235444077685,scr2007,stInflow,reservoir
CH,h7843,2.3595235444077685,scr2007,stInflow,reservoir
CH,h7844,2.3595235444077685,scr2007,stInflow,reservoir
CH,h7845,2.3595235444077685,scr2007,stInflow,reservoir
CH,h7846,2.3595235444077685,scr2007,stInflow,reservoir
CH,h7847,2.3595235444077685,scr2007,stInflow,reservoir
CH,h7848,2.3595235444077685,scr2007,stInflow,reservoir
CH,h7849,2.3595235444077685,scr2007,stInflow,reservoir
CH,h7850,2.3595235444077685,scr2007,stInflow,reservoir
CH,h7851,2.3595235444077685,scr2007,stInflow,reservoir
CH,h7852,2.3595235444077685,scr2007,stInflow,reservoir
CH,h7853,2.3595235444077685,scr2007,stInflow,reservoir
CH,h7854,2.3595235444077685,scr2007,stInflow,reservoir
CH,h7855,2.3595235444077685,scr2007,stInflow,reservoir
CH,h7856,2.3595235444077685,scr2007,stInflow,reservoir
CH,h7857,2.3595235444077685,scr2007,stInflow,reservoir
CH,h7858,2.3595235444077685,scr2007,stInflow,reservoir
CH,h7859,2.3595235444077685,scr2007,stInflow,reservoir
CH,h7860,2.3595235444077685,scr2007,stInflow,reservoir
CH,h7861,2.3595235444077685,scr2007,stInflow,reservoir
CH,h7862,2.3595235444077685,scr2007,stInflow,reservoir
CH,h7863,2.3595235444077685,scr2007,stInflow,reservoir
CH,h7864,2.3595235444077685,scr2007,stInflow,reservoir
CH,h7865,2.3595235444077685,scr2007,stInflow,reservoir
CH,h7866,2.3595235444077685,scr2007,stInflow,reservoir
CH,h7867,2.3595235444077685,scr2007,stInflow,reservoir
CH,h7868,2.3595235444077685,scr2007,stInflow,reservoir
CH,h7869,2.3595235444077685,scr2007,stInflow,reservoir
CH,h7870,2.3595235444077685,scr2007,stInflow,reservoir
CH,h7871,2.3595235444077685,scr2007,stInflow,reservoir
CH,h7872,2.3595235444077685,scr2007,stInflow,reservoir
CH,h7873,2.3595235444077685,scr2007,stInflow,reservoir
CH,h7874,2.3595235444077685,scr2007,stInflow,reservoir
CH,h7875,2.3595235444077685,scr2007,stInflow,reservoir
CH,h7876,2.3595235444077685,scr2007,stInflow,reservoir
CH,h7877,2.3595235444077685,scr2007,stInflow,reservoir
CH,h7878,2.3595235444077685,scr2007,stInflow,reservoir
CH,h7879,2.3595235444077685,scr2007,stInflow,reservoir
CH,h7880,2.3595235444077685,scr2007,stInflow,reservoir
CH,h7881,2.3595235444077685,scr2007,stInflow,reservoir
CH,h7882,2.3595235444077685,scr2007,stInflow,reservoir
CH,h7883,2.3595235444077685,scr2007,stInflow,reservoir
CH,h7884,2.3595235444077685,scr2007,stInflow,reservoir
CH,h7885,2.3595235444077685,scr2007,stInflow,reservoir
CH,h7886,2.3595235444077685,scr2007,stInflow,reservoir
CH,h7887,2.3595235444077685,scr2007,stInflow,reservoir
CH,h7888,2.3595235444077685,scr2007,stInflow,reservoir
CH,h7889,2.3595235444077685,scr2007,stInflow,reservoir
CH,h7890,2.3595235444077685,scr2007,stInflow,reservoir
CH,h7891,2.3595235444077685,scr2007,stInflow,reservoir
CH,h7892,2.3595235444077685,scr2007,stInflow,reservoir
CH,h7893,2.3595235444077685,scr2007,stInflow,reservoir
CH,h7894,2.3595235444077685,scr2007,stInflow,reservoir
CH,h7895,2.3595235444077685,scr2007,stInflow,reservoir
CH,h7896,2.3595235444077685,scr2007,stInflow,reservoir
CH,h7897,2.2413110254649284,scr2007,stInflow,reservoir
CH,h7898,2.123099130229056,scr2007,stInflow,reservoir
CH,h7899,2.004887893455344,scr2007,stInflow,reservoir
CH,h7900,2.004887893455344,scr2007,stInflow,reservoir
CH,h7901,2.004887893455344,scr2007,stInflow,reservoir
CH,h7902,2.004887893455344,scr2007,stInflow,reservoir
CH,h7903,2.004887893455344,scr2007,stInflow,reservoir
CH,h7904,2.004887893455344,scr2007,stInflow,reservoir
CH,h7905,2.004887893455344,scr2007,stInflow,reservoir
CH,h7906,2.004887893455344,scr2007,stInflow,reservoir
CH,h7907,2.004887893455344,scr2007,stInflow,reservoir
CH,h7908,2.004887893455344,scr2007,stInflow,reservoir
CH,h7909,2.004887893455344,scr2007,stInflow,reservoir
CH,h7910,2.004887893455344,scr2007,stInflow,reservoir
CH,h7911,2.004887893455344,scr2007,stInflow,reservoir
CH,h7912,2.004887893455344,scr2007,stInflow,reservoir
CH,h7913,2.004887893455344,scr2007,stInflow,reservoir
CH,h7914,2.004887893455344,scr2007,stInflow,reservoir
CH,h7915,2.004887893455344,scr2007,stInflow,reservoir
CH,h7916,2.004887893455344,scr2007,stInflow,reservoir
CH,h7917,2.004887893455344,scr2007,stInflow,reservoir
CH,h7918,2.004887893455344,scr2007,stInflow,reservoir
CH,h7919,2.004887893455344,scr2007,stInflow,reservoir
CH,h7920,2.004887893455344,scr2007,stInflow,reservoir
CH,h7921,2.004887893455344,scr2007,stInflow,reservoir
CH,h7922,2.004887893455344,scr2007,stInflow,reservoir
CH,h7923,2.004887893455344,scr2007,stInflow,reservoir
CH,h7924,2.004887893455344,scr2007,stInflow,reservoir
CH,h7925,2.004887893455344,scr2007,stInflow,reservoir
CH,h7926,2.004887893455344,scr2007,stInflow,reservoir
CH,h7927,2.004887893455344,scr2007,stInflow,reservoir
CH,h7928,2.004887893455344,scr2007,stInflow,reservoir
CH,h7929,2.004887893455344,scr2007,stInflow,reservoir
CH,h7930,2.004887893455344,scr2007,stInflow,reservoir
CH,h7931,2.004887893455344,scr2007,stInflow,reservoir
CH,h7932,2.004887893455344,scr2007,stInflow,reservoir
CH,h7933,2.004887893455344,scr2007,stInflow,reservoir
CH,h7934,2.004887893455344,scr2007,stInflow,reservoir
CH,h7935,2.004887893455344,scr2007,stInflow,reservoir
CH,h7936,2.004887893455344,scr2007,stInflow,reservoir
CH,h7937,2.004887893455344,scr2007,stInflow,reservoir
CH,h7938,2.004887893455344,scr2007,stInflow,reservoir
CH,h7939,2.004887893455344,scr2007,stInflow,reservoir
CH,h7940,2.004887893455344,scr2007,stInflow,reservoir
CH,h7941,2.004887893455344,scr2007,stInflow,reservoir
CH,h7942,2.004887893455344,scr2007,stInflow,reservoir
CH,h7943,2.004887893455344,scr2007,stInflow,reservoir
CH,h7944,2.004887893455344,scr2007,stInflow,reservoir
CH,h7945,2.004887893455344,scr2007,stInflow,reservoir
CH,h7946,2.004887893455344,scr2007,stInflow,reservoir
CH,h7947,2.004887893455344,scr2007,stInflow,reservoir
CH,h7948,2.004887893455344,scr2007,stInflow,reservoir
CH,h7949,2.004887893455344,scr2007,stInflow,reservoir
CH,h7950,2.004887893455344,scr2007,stInflow,reservoir
CH,h7951,2.004887893455344,scr2007,stInflow,reservoir
CH,h7952,2.004887893455344,scr2007,stInflow,reservoir
CH,h7953,2.004887893455344,scr2007,stInflow,reservoir
CH,h7954,2.004887893455344,scr2007,stInflow,reservoir
CH,h7955,2.004887893455344,scr2007,stInflow,reservoir
CH,h7956,2.004887893455344,scr2007,stInflow,reservoir
CH,h7957,2.004887893455344,scr2007,stInflow,reservoir
CH,h7958,2.004887893455344,scr2007,stInflow,reservoir
CH,h7959,2.004887893455344,scr2007,stInflow,reservoir
CH,h7960,2.004887893455344,scr2007,stInflow,reservoir
CH,h7961,2.004887893455344,scr2007,stInflow,reservoir
CH,h7962,2.004887893455344,scr2007,stInflow,reservoir
CH,h7963,2.004887893455344,scr2007,stInflow,reservoir
CH,h7964,2.004887893455344,scr2007,stInflow,reservoir
CH,h7965,2.004887893455344,scr2007,stInflow,reservoir
CH,h7966,2.004887893455344,scr2007,stInflow,reservoir
CH,h7967,2.004887893455344,scr2007,stInflow,reservoir
CH,h7968,2.004887893455344,scr2007,stInflow,reservoir
CH,h7969,2.004887893455344,scr2007,stInflow,reservoir
CH,h7970,2.004887893455344,scr2007,stInflow,reservoir
CH,h7971,2.004887893455344,scr2007,stInflow,reservoir
CH,h7972,2.004887893455344,scr2007,stInflow,reservoir
CH,h7973,2.004887893455344,scr2007,stInflow,reservoir
CH,h7974,2.004887893455344,scr2007,stInflow,reservoir
CH,h7975,2.004887893455344,scr2007,stInflow,reservoir
CH,h7976,2.004887893455344,scr2007,stInflow,reservoir
CH,h7977,2.004887893455344,scr2007,stInflow,reservoir
CH,h7978,2.004887893455344,scr2007,stInflow,reservoir
CH,h7979,2.004887893455344,scr2007,stInflow,reservoir
CH,h7980,2.004887893455344,scr2007,stInflow,reservoir
CH,h7981,2.004887893455344,scr2007,stInflow,reservoir
CH,h7982,2.004887893455344,scr2007,stInflow,reservoir
CH,h7983,2.004887893455344,scr2007,stInflow,reservoir
CH,h7984,2.004887893455344,scr2007,stInflow,reservoir
CH,h7985,2.004887893455344,scr2007,stInflow,reservoir
CH,h7986,2.004887893455344,scr2007,stInflow,reservoir
CH,h7987,2.004887893455344,scr2007,stInflow,reservoir
CH,h7988,2.004887893455344,scr2007,stInflow,reservoir
CH,h7989,2.004887893455344,scr2007,stInflow,reservoir
CH,h7990,2.004887893455344,scr2007,stInflow,reservoir
CH,h7991,2.004887893455344,scr2007,stInflow,reservoir
CH,h7992,2.004887893455344,scr2007,stInflow,reservoir
CH,h7993,2.004887893455344,scr2007,stInflow,reservoir
CH,h7994,2.004887893455344,scr2007,stInflow,reservoir
CH,h7995,2.004887893455344,scr2007,stInflow,reservoir
CH,h7996,2.004887893455344,scr2007,stInflow,reservoir
CH,h7997,2.004887893455344,scr2007,stInflow,reservoir
CH,h7998,2.004887893455344,scr2007,stInflow,reservoir
CH,h7999,2.004887893455344,scr2007,stInflow,reservoir
CH,h8000,2.004887893455344,scr2007,stInflow,reservoir
CH,h8001,2.004887893455344,scr2007,stInflow,reservoir
CH,h8002,2.004887893455344,scr2007,stInflow,reservoir
CH,h8003,2.004887893455344,scr2007,stInflow,reservoir
CH,h8004,2.004887893455344,scr2007,stInflow,reservoir
CH,h8005,2.004887893455344,scr2007,stInflow,reservoir
CH,h8006,2.004887893455344,scr2007,stInflow,reservoir
CH,h8007,2.004887893455344,scr2007,stInflow,reservoir
CH,h8008,2.004887893455344,scr2007,stInflow,reservoir
CH,h8009,2.004887893455344,scr2007,stInflow,reservoir
CH,h8010,2.004887893455344,scr2007,stInflow,reservoir
CH,h8011,2.004887893455344,scr2007,stInflow,reservoir
CH,h8012,2.004887893455344,scr2007,stInflow,reservoir
CH,h8013,2.004887893455344,scr2007,stInflow,reservoir
CH,h8014,2.004887893455344,scr2007,stInflow,reservoir
CH,h8015,2.004887893455344,scr2007,stInflow,reservoir
CH,h8016,2.004887893455344,scr2007,stInflow,reservoir
CH,h8017,2.004887893455344,scr2007,stInflow,reservoir
CH,h8018,2.004887893455344,scr2007,stInflow,reservoir
CH,h8019,2.004887893455344,scr2007,stInflow,reservoir
CH,h8020,2.004887893455344,scr2007,stInflow,reservoir
CH,h8021,2.004887893455344,scr2007,stInflow,reservoir
CH,h8022,2.004887893455344,scr2007,stInflow,reservoir
CH,h8023,2.004887893455344,scr2007,stInflow,reservoir
CH,h8024,2.004887893455344,scr2007,stInflow,reservoir
CH,h8025,2.004887893455344,scr2007,stInflow,reservoir
CH,h8026,2.004887893455344,scr2007,stInflow,reservoir
CH,h8027,2.004887893455344,scr2007,stInflow,reservoir
CH,h8028,2.004887893455344,scr2007,stInflow,reservoir
CH,h8029,2.004887893455344,scr2007,stInflow,reservoir
CH,h8030,2.004887893455344,scr2007,stInflow,reservoir
CH,h8031,2.004887893455344,scr2007,stInflow,reservoir
CH,h8032,2.004887893455344,scr2007,stInflow,reservoir
CH,h8033,2.004887893455344,scr2007,stInflow,reservoir
CH,h8034,2.004887893455344,scr2007,stInflow,reservoir
CH,h8035,2.004887893455344,scr2007,stInflow,reservoir
CH,h8036,2.004887893455344,scr2007,stInflow,reservoir
CH,h8037,2.004887893455344,scr2007,stInflow,reservoir
CH,h8038,2.004887893455344,scr2007,stInflow,reservoir
CH,h8039,2.004887893455344,scr2007,stInflow,reservoir
CH,h8040,2.004887893455344,scr2007,stInflow,reservoir
ES,h7297,0.7225973027449024,scr2007,stInflow,reservoir
ES,h7298,0.7225973027449024,scr2007,stInflow,reservoir
ES,h7299,0.7225973027449024,scr2007,stInflow,reservoir
ES,h7300,0.7225973027449024,scr2007,stInflow,reservoir
ES,h7301,0.7225973027449024,scr2007,stInflow,reservoir
ES,h7302,0.7225973027449024,scr2007,stInflow,reservoir
ES,h7303,0.7225973027449024,scr2007,stInflow,reservoir
ES,h7304,0.7225973027449024,scr2007,stInflow,reservoir
ES,h7305,0.7225973027449024,scr2007,stInflow,reservoir
ES,h7306,0.7225973027449024,scr2007,stInflow,reservoir
ES,h7307,0.7225973027449024,scr2007,stInflow,reservoir
ES,h7308,0.7225973027449024,scr2007,stInflow,reservoir
ES,h7309,0.7225973027449024,scr2007,stInflow,reservoir
ES,h7310,0.7225973027449024,scr2007,stInflow,reservoir
ES,h7311,0.7225973027449024,scr2007,stInflow,reservoir
ES,h7312,0.7225973027449024,scr2007,stInflow,reservoir
ES,h7313,0.7225973027449024,scr2007,stInflow,reservoir
ES,h7314,0.7225973027449024,scr2007,stInflow,reservoir
ES,h7315,0.7225973027449024,scr2007,stInflow,reservoir
ES,h7316,0.7225973027449024,scr2007,stInflow,reservoir
ES,h7317,0.7225973027449024,scr2007,stInflow,reservoir
ES,h7318,0.7225973027449024,scr2007,stInflow,reservoir
ES,h7319,0.7225973027449024,scr2007,stInflow,reservoir
ES,h7320,0.7225973027449024,scr2007,stInflow,reservoir
ES,h7321,0.7225973027449024,scr2007,stInflow,reservoir
ES,h7322,0.7225973027449024,scr2007,stInflow,reservoir
ES,h7323,0.7225973027449024,scr2007,stInflow,reservoir
ES,h7324,0.7225973027449024,scr2007,stInflow,reservoir
ES,h7325,0.7225973027449024,scr2007,stInflow,reservoir
ES,h7326,0.7225973027449024,scr2007,stInflow,reservoir
ES,h7327,0.7225973027449024,scr2007,stInflow,reservoir
ES,h7328,0.7225973027449024,scr2007,stInflow,reservoir
ES,h7329,0.7225973027449024,scr2007,stInflow,reservoir
ES,h7330,0.7225973027449024,scr2007,stInflow,reservoir
ES,h7331,0.7225973027449024,scr2007,stInflow,reservoir
ES,h7332,0.7225973027449024,scr2007,stInflow,reservoir
ES,h7333,0.7225973027449024,scr2007,stInflow,reservoir
ES,h7334,0.7225973027449024,scr2007,stInflow,reservoir
ES,h7335,0.7225973027449024,scr2007,stInflow,reservoir
ES,h7336,0.7225973027449024,scr2007,stInflow,reservoir
ES,h7337,0.7225973027449024,scr2007,stInflow,reservoir
ES,h7338,0.7225973027449024,scr2007,stInflow,reservoir
ES,h7339,0.7225973027449024,scr2007,stInflow,reservoir
ES,h7340,0.7225973027449024,scr2007,stInflow,reservoir
ES,h7341,0.7225973027449024,scr2007,stInflow,reservoir
ES,h7342,0.7225973027449024,scr2007,stInflow,reservoir
ES,h7343,0.7225973027449024,scr2007,stInflow,reservoir
ES,h7344,0.7225973027449024,scr2007,stInflow,reservoir
ES,h7345,0.7225973027449024,scr2007,stInflow,reservoir
ES,h7346,0.7225973027449024,scr2007,stInflow,reservoir
ES,h7347,0.7225973027449024,scr2007,stInflow,reservoir
ES,h7348,0.7225973027449024,scr2007,stInflow,reservoir
ES,h7349,0.7225973027449024,scr2007,stInflow,reservoir
ES,h7350,0.7225973027449024,scr2007,stInflow,reservoir
ES,h7351,0.7225973027449024,scr2007,stInflow,reservoir
ES,h7352,0.7225973027449024,scr2007,stInflow,reservoir
ES,h7353,0.7225973027449024,scr2007,stInflow,reservoir
ES,h7354,0.7225973027449024,scr2007,stInflow,reservoir
ES,h7355,0.7225973027449024,scr2007,stInflow,reservoir
ES,h7356,0.7225973027449024,scr2007,stInflow,reservoir
ES,h7357,0.7225973027449024,scr2007,stInflow,reservoir
ES,h7358,0.7225973027449024,scr2007,stInflow,reservoir
ES,h7359,0.7225973027449024,scr2007,stInflow,reservoir
ES,h7360,0.7225973027449024,scr2007,stInflow,reservoir
ES,h7361,0.7225973027449024,scr2007,stInflow,reservoir
ES,h7362,0.7225973027449024,scr2007,stInflow,reservoir
ES,h7363,0.7225973027449024,scr2007,stInflow,reservoir
ES,h7364,0.7225973027449024,scr2007,stInflow,reservoir
ES,h7365,0.7225973027449024,scr2007,stInflow,reservoir
ES,h7366,0.7225973027449024,scr2007,stInflow,reservoir
ES,h7367,0.7225973027449024,scr2007,stInflow,reservoir
ES,h7368,0.7225973027449024,scr2007,stInflow,reservoir
ES,h7369,0.7225973027449024,scr2007,stInflow,reservoir
ES,h7370,0.7225973027449024,scr2007,stInflow,reservoir
ES,h7371,0.7225973027449024,scr2007,stInflow,reservoir
ES,h7372,0.7225973027449024,scr2007,stInflow,reservoir
ES,h7373,0.7225973027449024,scr2007,stInflow,reservoir
ES,h7374,0.7225973027449024,scr2007,stInflow,reservoir
ES,h7375,0.7225973027449024,scr2007,stInflow,reservoir
ES,h7376,0.7225973027449024,scr2007,stInflow,reservoir
ES,h7377,0.7225973027449024,scr2007,stInflow,reservoir
ES,h7378,0.7225973027449024,scr2007,stInflow,reservoir
ES,h7379,0.7225973027449024,scr2007,stInflow,reservoir
ES,h7380,0.7225973027449024,scr2007,stInflow,reservoir
ES,h7381,0.7225973027449024,scr2007,stInflow,reservoir
ES,h7382,0.7225973027449024,scr2007,stInflow,reservoir
ES,h7383,0.7225973027449024,scr2007,stInflow,reservoir
ES,h7384,0.7225973027449024,scr2007,stInflow,reservoir
ES,h7385,0.7225973027449024,scr2007,stInflow,reservoir
ES,h7386,0.7225973027449024,scr2007,stInflow,reservoir
ES,h7387,0.7225973027449024,scr2007,stInflow,reservoir
ES,h7388,0.7225973027449024,scr2007,stInflow,reservoir
ES,h7389,0.7225973027449024,scr2007,stInflow,reservoir
ES,h7390,0.7225973027449024,scr2007,stInflow,reservoir
ES,h7391,0.7225973027449024,scr2007,stInflow,reservoir
ES,h7392,0.7225973027449024,scr2007,stInflow,reservoir
ES,h7393,0.728899338283851,scr2007,stInflow,reservoir
ES,h7394,0.7352013792718947,scr2007,stInflow,reservoir
ES,h7395,0.7415034256623255,scr2007,stInflow,reservoir
ES,h7396,0.7415034256623255,scr2007,stInflow,reservoir
ES,h7397,0.7415034256623255,scr2007,stInflow,reservoir
ES,h7398,0.7415034256623255,scr2007,stInflow,reservoir
ES,h7399,0.7415034256623255,scr2007,stInflow,reservoir
ES,h7400,0.7415034256623255,scr2007,stInflow,reservoir
ES,h7401,0.7415034256623255,scr2007,stInflow,reservoir
ES,h7402,0.7415034256623255,scr2007,stInflow,reservoir
ES,h7403,0.7415034256623255,scr2007,stInflow,reservoir
ES,h7404,0.7415034256623255,scr2007,stInflow,reservoir
ES,h7405,0.7415034256623255,scr2007,stInflow,reservoir
ES,h7406,0.7415034256623255,scr2007,stInflow,reservoir
ES,h7407,0.7415034256623255,scr2007,stInflow,reservoir
ES,h7408,0.7415034256623255,scr2007,stInflow,reservoir
ES,h7409,0.7415034256623255,scr2007,stInflow,reservoir
ES,h7410,0.7415034256623255,scr2007,stInflow,reservoir
ES,h7411,0.7415034256623255,scr2007,stInflow,reservoir
ES,h7412,0.7415034256623255,scr2007,stInflow,reservoir
ES,h7413,0.7415034256623255,scr2007,stInflow,reservoir
ES,h7414,0.7415034256623255,scr2007,stInflow,reservoir
ES,h7415,0.7415034256623255,scr2007,stInflow,reservoir
ES,h7416,0.7415034256623255,scr2007,stInflow,reservoir
ES,h7417,0.7415034256623255,scr2007,stInflow,reservoir
ES,h7418,0.7415034256623255,scr2007,stInflow,reservoir
ES,h7419,0.7415034256623255,scr2007,stInflow,reservoir
ES,h7420,0.7415034256623255,scr2007,stInflow,reservoir
ES,h7421,0.7415034256623255,scr2007,stInflow,reservoir
ES,h7422,0.7415034256623255,scr2007,stInflow,reservoir
ES,h7423,0.7415034256623255,scr2007,stInflow,reservoir
ES,h7424,0.7415034256623255,scr2007,stInflow,reservoir
ES,h7425,0.7415034256623255,scr2007,stInflow,reservoir
ES,h7426,0.7415034256623255,scr2007,stInflow,reservoir
ES,h7427,0.7415034256623255,scr2007,stInflow,reservoir
ES,h7428,0.7415034256623255,scr2007,stInflow,reservoir
ES,h7429,0.7415034256623255,scr2007,stInflow,reservoir
ES,h7430,0.7415034256623255,scr2007,stInflow,reservoir
ES,h7431,0.7415034256623255,scr2007,stInflow,reservoir
ES,h7432,0.7415034256623255,scr2007,stInflow,reservoir
ES,h7433,0.7415034256623255,scr2007,stInflow,reservoir
ES,h7434,0.7415034256623255,scr2007,stInflow,reservoir
ES,h7435,0.7415034256623255,scr2007,stInflow,reservoir
ES,h7436,0.7415034256623255,scr2007,stInflow,reservoir
ES,h7437,0.7415034256623255,scr2007,stInflow,reservoir
ES,h7438,0.7415034256623255,scr2007,stInflow,reservoir
ES,h7439,0.7415034256623255,scr2007,stInflow,reservoir
ES,h7440,0.7415034256623255,scr2007,stInflow,reservoir
ES,h7441,0.7415034256623255,scr2007,stInflow,reservoir
ES,h7442,0.7415034256623255,scr2007,stInflow,reservoir
ES,h7443,0.7415034256623255,scr2007,stInflow,reservoir
ES,h7444,0.7415034256623255,scr2007,stInflow,reservoir
ES,h7445,0.7415034256623255,scr2007,stInflow,reservoir
ES,h7446,0.7415034256623255,scr2007,stInflow,reservoir
ES,h7447,0.7415034256623255,scr2007,stInflow,reservoir
ES,h7448,0.7415034256623255,scr2007,stInflow,reservoir
ES,h7449,0.7415034256623255,scr2007,stInflow,reservoir
ES,h7450,0.7415034256623255,scr2007,stInflow,reservoir
ES,h7451,0.7415034256623255,scr2007,stInflow,reservoir
ES,h7452,0.7415034256623255,scr2007,stInflow,reservoir
ES,h7453,0.7415034256623255,scr2007,stInflow,reservoir
ES,h7454,0.7415034256623255,scr2007,stInflow,reservoir
ES,h7455,0.7415034256623255,scr2007,stInflow,reservoir
ES,h7456,0.7415034256623255,scr2007,stInflow,reservoir
ES,h7457,0.7415034256623255,scr2007,stInflow,reservoir
ES,h7458,0.7415034256623255,scr2007,stInflow,reservoir
ES,h7459,0.7415034256623255,scr2007,stInflow,reservoir
ES,h7460,0.7415034256623255,scr2007,stInflow,reservoir
ES,h7461,0.7415034256623255,scr2007,stInflow,reservoir
ES,h7462,0.7415034256623255,scr2007,stInflow,reservoir
ES,h7463,0.7415034256623255,scr2007,stInflow,reservoir
ES,h7464,0.7415034256623255,scr2007,stInflow,reservoir
ES,h7465,0.7415034256623255,scr2007,stInflow,reservoir
ES,h7466,0.7415034256623255,scr2007,stInflow,reservoir
ES,h7467,0.7415034256623255,scr2007,stInflow,reservoir
ES,h7468,0.7415034256623255,scr2007,stInflow,reservoir
ES,h7469,0.7415034256623255,scr2007,stInflow,reservoir
ES,h7470,0.7415034256623255,scr2007,stInflow,reservoir
ES,h7471,0.7415034256623255,scr2007,stInflow,reservoir
ES,h7472,0.7415034256623255,scr2007,stInflow,reservoir
ES,h7473,0.7415034256623255,scr2007,stInflow,reservoir
ES,h7474,0.7415034256623255,scr2007,stInflow,reservoir
ES,h7475,0.7415034256623255,scr2007,stInflow,reservoir
ES,h7476,0.7415034256623255,scr2007,stInflow,reservoir
ES,h7477,0.7415034256623255,scr2007,stInflow,reservoir
ES,h7478,0.7415034256623255,scr2007,stInflow,reservoir
ES,h7479,0.7415034256623255,scr2007,stInflow,reservoir
ES,h7480,0.7415034256623255,scr2007,stInflow,reservoir
ES,h7481,0.7415034256623255,scr2007,stInflow,reservoir
ES,h7482,0.7415034256623255,scr2007,stInflow,reservoir
ES,h7483,0.7415034256623255,scr2007,stInflow,reservoir
ES,h7484,0.7415034256623255,scr2007,stInflow,reservoir
ES,h7485,0.7415034256623255,scr2007,stInflow,reservoir
ES,h7486,0.7415034256623255,scr2007,stInflow,reservoir
ES,h7487,0.7415034256623255,scr2007,stInflow,reservoir
ES,h7488,0.7415034256623255,scr2007,stInflow,reservoir
ES,h7489,0.7415034256623255,scr2007,stInflow,reservoir
ES,h7490,0.7415034256623255,scr2007,stInflow,reservoir
ES,h7491,0.7415034256623255,scr2007,stInflow,reservoir
ES,h7492,0.7415034256623255,scr2007,stInflow,reservoir
ES,h7493,0.7415034256623255,scr2007,stInflow,reservoir
ES,h7494,0.7415034256623255,scr2007,stInflow,reservoir
ES,h7495,0.7415034256623255,scr2007,stInflow,reservoir
ES,h7496,0.7415034256623255,scr2007,stInflow,reservoir
ES,h7497,0.7415034256623255,scr2007,stInflow,reservoir
ES,h7498,0.7415034256623255,scr2007,stInflow,reservoir
ES,h7499,0.7415034256623255,scr2007,stInflow,reservoir
ES,h7500,0.7415034256623255,scr2007,stInflow,reservoir
ES,h7501,0.7415034256623255,scr2007,stInflow,reservoir
ES,h7502,0.7415034256623255,scr2007,stInflow,reservoir
ES,h7503,0.7415034256623255,scr2007,stInflow,reservoir
ES,h7504,0.7415034256623255,scr2007,stInflow,reservoir
ES,h7505,0.7415034256623255,scr2007,stInflow,reservoir
ES,h7506,0.7415034256623255,scr2007,stInflow,reservoir
ES,h7507,0.7415034256623255,scr2007,stInflow,reservoir
ES,h7508,0.7415034256623255,scr2007,stInflow,reservoir
ES,h7509,0.7415034256623255,scr2007,stInflow,reservoir
ES,h7510,0.7415034256623255,scr2007,stInflow,reservoir
ES,h7511,0.7415034256623255,scr2007,stInflow,reservoir
ES,h7512,0.7415034256623255,scr2007,stInflow,reservoir
ES,h7513,0.7415034256623255,scr2007,stInflow,reservoir
ES,h7514,0.7415034256623255,scr2007,stInflow,reservoir
ES,h7515,0.7415034256623255,scr2007,stInflow,reservoir
ES,h7516,0.7415034256623255,scr2007,stInflow,reservoir
ES,h7517,0.7415034256623255,scr2007,stInflow,reservoir
ES,h7518,0.7415034256623255,scr2007,stInflow,reservoir
ES,h7519,0.7415034256623255,scr2007,stInflow,reservoir
ES,h7520,0.7415034256623255,scr2007,stInflow,reservoir
ES,h7521,0.7415034256623255,scr2007,stInflow,reservoir
ES,h7522,0.7415034256623255,scr2007,stInflow,reservoir
ES,h7523,0.7415034256623255,scr2007,stInflow,reservoir
ES,h7524,0.7415034256623255,scr2007,stInflow,reservoir
ES,h7525,0.7415034256623255,scr2007,stInflow,reservoir
ES,h7526,0.7415034256623255,scr2007,stInflow,reservoir
ES,h7527,0.7415034256623255,scr2007,stInflow,reservoir
ES,h7528,0.7415034256623255,scr2007,stInflow,reservoir
ES,h7529,0.7415034256623255,scr2007,stInflow,reservoir
ES,h7530,0.7415034256623255,scr2007,stInflow,reservoir
ES,h7531,0.7415034256623255,scr2007,stInflow,reservoir
ES,h7532,0.7415034256623255,scr2007,stInflow,reservoir
ES,h7533,0.7415034256623255,scr2007,stInflow,reservoir
ES,h7534,0.7415034256623255,scr2007,stInflow,reservoir
ES,h7535,0.7415034256623255,scr2007,stInflow,reservoir
ES,h7536,0.7415034256623255,scr2007,stInflow,reservoir
ES,h7537,0.7415034256623255,scr2007,stInflow,reservoir
ES,h7538,0.7415034256623255,scr2007,stInflow,reservoir
ES,h7539,0.7415034256623255,scr2007,stInflow,reservoir
ES,h7540,0.7415034256623255,scr2007,stInflow,reservoir
ES,h7541,0.7415034256623255,scr2007,stInflow,reservoir
ES,h7542,0.7415034256623255,scr2007,stInflow,reservoir
ES,h7543,0.7415034256623255,scr2007,stInflow,reservoir
ES,h7544,0.7415034256623255,scr2007,stInflow,reservoir
ES,h7545,0.7415034256623255,scr2007,stInflow,reservoir
ES,h7546,0.7415034256623255,scr2007,stInflow,reservoir
ES,h7547,0.7415034256623255,scr2007,stInflow,reservoir
ES,h7548,0.7415034256623255,scr2007,stInflow,reservoir
ES,h7549,0.7415034256623255,scr2007,stInflow,reservoir
ES,h7550,0.7415034256623255,scr2007,stInflow,reservoir
ES,h7551,0.7415034256623255,scr2007,stInflow,reservoir
ES,h7552,0.7415034256623255,scr2007,stInflow,reservoir
ES,h7553,0.7415034256623255,scr2007,stInflow,reservoir
ES,h7554,0.7415034256623255,scr2007,stInflow,reservoir
ES,h7555,0.7415034256623255,scr2007,stInflow,reservoir
ES,h7556,0.7415034256623255,scr2007,stInflow,reservoir
ES,h7557,0.7415034256623255,scr2007,stInflow,reservoir
ES,h7558,0.7415034256623255,scr2007,stInflow,reservoir
ES,h7559,0.7415034256623255,scr2007,stInflow,reservoir
ES,h7560,0.7415034256623255,scr2007,stInflow,reservoir
ES,h7561,0.7443808010685361,scr2007,stInflow,reservoir
ES,h7562,0.7472581775870472,scr2007,stInflow,reservoir
ES,h7563,0.7501355552135762,scr2007,stInflow,reservoir
ES,h7564,0.7501355552135762,scr2007,stInflow,reservoir
ES,h7565,0.7501355552135762,scr2007,stInflow,reservoir
ES,h7566,0.7501355552135762,scr2007,stInflow,reservoir
ES,h7567,0.7501355552135762,scr2007,stInflow,reservoir
ES,h7568,0.7501355552135762,scr2007,stInflow,reservoir
ES,h7569,0.7501355552135762,scr2007,stInflow,reservoir
ES,h7570,0.7501355552135762,scr2007,stInflow,reservoir
ES,h7571,0.7501355552135762,scr2007,stInflow,reservoir
ES,h7572,0.7501355552135762,scr2007,stInflow,reservoir
ES,h7573,0.7501355552135762,scr2007,stInflow,reservoir
ES,h7574,0.7501355552135762,scr2007,stInflow,reservoir
ES,h7575,0.7501355552135762,scr2007,stInflow,reservoir
ES,h7576,0.7501355552135762,scr2007,stInflow,reservoir
ES,h7577,0.7501355552135762,scr2007,stInflow,reservoir
ES,h7578,0.7501355552135762,scr2007,stInflow,reservoir
ES,h7579,0.7501355552135762,scr2007,stInflow,reservoir
ES,h7580,0.7501355552135762,scr2007,stInflow,reservoir
ES,h7581,0.7501355552135762,scr2007,stInflow,reservoir
ES,h7582,0.7501355552135762,scr2007,stInflow,reservoir
ES,h7583,0.7501355552135762,scr2007,stInflow,reservoir
ES,h7584,0.7501355552135762,scr2007,stInflow,reservoir
ES,h7585,0.7501355552135762,scr2007,stInflow,reservoir
ES,h7586,0.7501355552135762,scr2007,stInflow,reservoir
ES,h7587,0.7501355552135762,scr2007,stInflow,reservoir
ES,h7588,0.7501355552135762,scr2007,stInflow,reservoir
ES,h7589,0.7501355552135762,scr2007,stInflow,reservoir
ES,h7590,0.7501355552135762,scr2007,stInflow,reservoir
ES,h7591,0.7501355552135762,scr2007,stInflow,reservoir
ES,h7592,0.7501355552135762,scr2007,stInflow,reservoir
ES,h7593,0.7501355552135762,scr2007,stInflow,reservoir
ES,h7594,0.7501355552135762,scr2007,stInflow,reservoir
ES,h7595,0.7501355552135762,scr2007,stInflow,reservoir
ES,h7596,0.7501355552135762,scr2007,stInflow,reservoir
ES,h7597,0.7501355552135762,scr2007,stInflow,reservoir
ES,h7598,0.7501355552135762,scr2007,stInflow,reservoir
ES,h7599,0.7501355552135762,scr2007,stInflow,reservoir
ES,h7600,0.7501355552135762,scr2007,stInflow,reservoir
ES,h7601,0.7501355552135762,scr2007,stInflow,reservoir
ES,h7602,0.7501355552135762,scr2007,stInflow,reservoir
ES,h7603,0.7501355552135762,scr2007,stInflow,reservoir
ES,h7604,0.7501355552135762,scr2007,stInflow,reservoir
ES,h7605,0.7501355552135762,scr2007,stInflow,reservoir
ES,h7606,0.7501355552135762,scr2007,stInflow,reservoir
ES,h7607,0.7501355552135762,scr2007,stInflow,reservoir
ES,h7608,0.7501355552135762,scr2007,stInflow,reservoir
ES,h7609,0.7501355552135762,scr2007,stInflow,reservoir
ES,h7610,0.7501355552135762,scr2007,stInflow,reservoir
ES,h7611,0.7501355552135762,scr2007,stInflow,reservoir
ES,h7612,0.7501355552135762,scr2007,stInflow,reservoir
ES,h7613,0.7501355552135762,scr2007,stInflow,reservoir
ES,h7614,0.7501355552135762,scr2007,stInflow,reservoir
ES,h7615,0.7501355552135762,scr2007,stInflow,reservoir
ES,h7616,0.7501355552135762,scr2007,stInflow,reservoir
ES,h7617,0.7501355552135762,scr2007,stInflow,reservoir
ES,h7618,0.7501355552135762,scr2007,stInflow,reservoir
ES,h7619,0.7501355552135762,scr2007,stInflow,reservoir
ES,h7620,0.7501355552135762,scr2007,stInflow,reservoir
ES,h7621,0.7501355552135762,scr2007,stInflow,reservoir
ES,h7622,0.7501355552135762,scr2007,stInflow,reservoir
ES,h7623,0.7501355552135762,scr2007,stInflow,reservoir
ES,h7624,0.7501355552135762,scr2007,stInflow,reservoir
ES,h7625,0.7501355552135762,scr2007,stInflow,reservoir
ES,h7626,0.7501355552135762,scr2007,stInflow,reservoir
ES,h7627,0.7501355552135762,scr2007,stInflow,reservoir
ES,h7628,0.7501355552135762,scr2007,stInflow,reservoir
ES,h7629,0.7501355552135762,scr2007,stInflow,reservoir
ES,h7630,0.7501355552135762,scr2007,stInflow,reservoir
ES,h7631,0.7501355552135762,scr2007,stInflow,reservoir
ES,h7632,0.7501355552135762,scr2007,stInflow,reservoir
ES,h7633,0.7501355552135762,scr2007,stInflow,reservoir
ES,h7634,0.7501355552135762,scr2007,stInflow,reservoir
ES,h7635,0.7501355552135762,scr2007,stInflow,reservoir
ES,h7636,0.7501355552135762,scr2007,stInflow,reservoir
ES,h7637,0.7501355552135762,scr2007,stInflow,reservoir
ES,h7638,0.7501355552135762,scr2007,stInflow,reservoir
ES,h7639,0.7501355552135762,scr2007,stInflow,reservoir
ES,h7640,0.7501355552135762,scr2007,stInflow,reservoir
ES,h7641,0.7501355552135762,scr2007,stInflow,reservoir
ES,h7642,0.7501355552135762,scr2007,stInflow,reservoir
ES,h7643,0.7501355552135762,scr2007,stInflow,reservoir
ES,h7644,0.7501355552135762,scr2007,stInflow,reservoir
ES,h7645,0.7501355552135762,scr2007,stInflow,reservoir
ES,h7646,0.7501355552135762,scr2007,stInflow,reservoir
ES,h7647,0.7501355552135762,scr2007,stInflow,reservoir
ES,h7648,0.7501355552135762,scr2007,stInflow,reservoir
ES,h7649,0.7501355552135762,scr2007,stInflow,reservoir
ES,h7650,0.7501355552135762,scr2007,stInflow,reservoir
ES,h7651,0.7501355552135762,scr2007,stInflow,reservoir
ES,h7652,0.7501355552135762,scr2007,stInflow,reservoir
ES,h7653,0.7501355552135762,scr2007,stInflow,reservoir
ES,h7654,0.7501355552135762,scr2007,stInflow,reservoir
ES,h7655,0.7501355552135762,scr2007,stInflow,reservoir
ES,h7656,0.7501355552135762,scr2007,stInflow,reservoir
ES,h7657,0.7501355552135762,scr2007,stInflow,reservoir
ES,h7658,0.7501355552135762,scr2007,stInflow,reservoir
ES,h7659,0.7501355552135762,scr2007,stInflow,reservoir
ES,h7660,0.7501355552135762,scr2007,stInflow,reservoir
ES,h7661,0.7501355552135762,scr2007,stInflow,reservoir
ES,h7662,0.7501355552135762,scr2007,stInflow,reservoir
ES,h7663,0.7501355552135762,scr2007,stInflow,reservoir
ES,h7664,0.7501355552135762,scr2007,stInflow,reservoir
ES,h7665,0.7501355552135762,scr2007,stInflow,reservoir
ES,h7666,0.7501355552135762,scr2007,stInflow,reservoir
ES,h7667,0.7501355552135762,scr2007,stInflow,reservoir
ES,h7668,0.7501355552135762,scr2007,stInflow,reservoir
ES,h7669,0.7501355552135762,scr2007,stInflow,reservoir
ES,h7670,0.7501355552135762,scr2007,stInflow,reservoir
ES,h7671,0.7501355552135762,scr2007,stInflow,reservoir
ES,h7672,0.7501355552135762,scr2007,stInflow,reservoir
ES,h7673,0.7501355552135762,scr2007,stInflow,reservoir
ES,h7674,0.7501355552135762,scr2007,stInflow,reservoir
ES,h7675,0.7501355552135762,scr2007,stInflow,reservoir
ES,h7676,0.7501355552135762,scr2007,stInflow,reservoir
ES,h7677,0.7501355552135762,scr2007,stInflow,reservoir
ES,h7678,0.7501355552135762,scr2007,stInflow,reservoir
ES,h7679,0.7501355552135762,scr2007,stInflow,reservoir
ES,h7680,0.7501355552135762,scr2007,stInflow,reservoir
ES,h7681,0.7501355552135762,scr2007,stInflow,reservoir
ES,h7682,0.7501355552135762,scr2007,stInflow,reservoir
ES,h7683,0.7501355552135762,scr2007,stInflow,reservoir
ES,h7684,0.7501355552135762,scr2007,stInflow,reservoir
ES,h7685,0.7501355552135762,scr2007,stInflow,reservoir
ES,h7686,0.7501355552135762,scr2007,stInflow,reservoir
ES,h7687,0.7501355552135762,scr2007,stInflow,reservoir
ES,h7688,0.7501355552135762,scr2007,stInflow,reservoir
ES,h7689,0.7501355552135762,scr2007,stInflow,reservoir
ES,h7690,0.7501355552135762,scr2007,stInflow,reservoir
ES,h7691,0.7501355552135762,scr2007,stInflow,reservoir
ES,h7692,0.7501355552135762,scr2007,stInflow,reservoir
ES,h7693,0.7501355552135762,scr2007,stInflow,reservoir
ES,h7694,0.7501355552135762,scr2007,stInflow,reservoir
ES,h7695,0.7501355552135762,scr2007,stInflow,reservoir
ES,h7696,0.7501355552135762,scr2007,stInflow,reservoir
ES,h7697,0.7501355552135762,scr2007,stInflow,reservoir
ES,h7698,0.7501355552135762,scr2007,stInflow,reservoir
ES,h7699,0.7501355552135762,scr2007,stInflow,reservoir
ES,h7700,0.7501355552135762,scr2007,stInflow,reservoir
ES,h7701,0.7501355552135762,scr2007,stInflow,reservoir
ES,h7702,0.7501355552135762,scr2007,stInflow,reservoir
ES,h7703,0.7501355552135762,scr2007,stInflow,reservoir
ES,h7704,0.7501355552135762,scr2007,stInflow,reservoir
ES,h7705,0.7501355552135762,scr2007,stInflow,reservoir
ES,h7706,0.7501355552135762,scr2007,stInflow,reservoir
ES,h7707,0.7501355552135762,scr2007,stInflow,reservoir
ES,h7708,0.7501355552135762,scr2007,stInflow,reservoir
ES,h7709,0.7501355552135762,scr2007,stInflow,reservoir
ES,h7710,0.7501355552135762,scr2007,stInflow,reservoir
ES,h7711,0.7501355552135762,scr2007,stInflow,reservoir
ES,h7712,0.7501355552135762,scr2007,stInflow,reservoir
ES,h7713,0.7501355552135762,scr2007,stInflow,reservoir
ES,h7714,0.7501355552135762,scr2007,stInflow,reservoir
ES,h7715,0.7501355552135762,scr2007,stInflow,reservoir
ES,h7716,0.7501355552135762,scr2007,stInflow,reservoir
ES,h7717,0.7501355552135762,scr2007,stInflow,reservoir
ES,h7718,0.7501355552135762,scr2007,stInflow,reservoir
ES,h7719,0.7501355552135762,scr2007,stInflow,reservoir
ES,h7720,0.7501355552135762,scr2007,stInflow,reservoir
ES,h7721,0.7501355552135762,scr2007,stInflow,reservoir
ES,h7722,0.7501355552135762,scr2007,stInflow,reservoir
ES,h7723,0.7501355552135762,scr2007,stInflow,reservoir
ES,h7724,0.7501355552135762,scr2007,stInflow,reservoir
ES,h7725,0.7501355552135762,scr2007,stInflow,reservoir
ES,h7726,0.7501355552135762,scr2007,stInflow,reservoir
ES,h7727,0.7501355552135762,scr2007,stInflow,reservoir
ES,h7728,0.7501355552135762,scr2007,stInflow,reservoir
ES,h7729,0.7717803031489564,scr2007,stInflow,reservoir
ES,h7730,0.7934251117985306,scr2007,stInflow,reservoir
ES,h7731,0.8150699795056741,scr2007,stInflow,reservoir
ES,h7732,0.8150699795056741,scr2007,stInflow,reservoir
ES,h7733,0.8150699795056741,scr2007,stInflow,reservoir
ES,h7734,0.8150699795056741,scr2007,stInflow,reservoir
ES,h7735,0.8150699795056741,scr2007,stInflow,reservoir
ES,h7736,0.8150699795056741,scr2007,stInflow,reservoir
ES,h7737,0.8150699795056741,scr2007,stInflow,reservoir
ES,h7738,0.8150699795056741,scr2007,stInflow,reservoir
ES,h7739,0.8150699795056741,scr2007,stInflow,reservoir
ES,h7740,0.8150699795056741,scr2007,stInflow,reservoir
ES,h7741,0.8150699795056741,scr2007,stInflow,reservoir
ES,h7742,0.8150699795056741,scr2007,stInflow,reservoir
ES,h7743,0.8150699795056741,scr2007,stInflow,reservoir
ES,h7744,0.8150699795056741,scr2007,stInflow,reservoir
ES,h7745,0.8150699795056741,scr2007,stInflow,reservoir
ES,h7746,0.8150699795056741,scr2007,stInflow,reservoir
ES,h7747,0.8150699795056741,scr2007,stInflow,reservoir
ES,h7748,0.8150699795056741,scr2007,stInflow,reservoir
ES,h7749,0.8150699795056741,scr2007,stInflow,reservoir
ES,h7750,0.8150699795056741,scr2007,stInflow,reservoir
ES,h7751,0.8150699795056741,scr2007,stInflow,reservoir
ES,h7752,0.8150699795056741,scr2007,stInflow,reservoir
ES,h7753,0.8150699795056741,scr2007,stInflow,reservoir
ES,h7754,0.8150699795056741,scr2007,stInflow,reservoir
ES,h7755,0.8150699795056741,scr2007,stInflow,reservoir
ES,h7756,0.8150699795056741,scr2007,stInflow,reservoir
ES,h7757,0.8150699795056741,scr2007,stInflow,reservoir
ES,h7758,0.8150699795056741,scr2007,stInflow,reservoir
ES,h7759,0.8150699795056741,scr2007,stInflow,reservoir
ES,h7760,0.8150699795056741,scr2007,stInflow,reservoir
ES,h7761,0.8150699795056741,scr2007,stInflow,reservoir
ES,h7762,0.8150699795056741,scr2007,stInflow,reservoir
ES,h7763,0.8150699795056741,scr2007,stInflow,reservoir
ES,h7764,0.8150699795056741,scr2007,stInflow,reservoir
ES,h7765,0.8150699795056741,scr2007,stInflow,reservoir
ES,h7766,0.8150699795056741,scr2007,stInflow,reservoir
ES,h7767,0.8150699795056741,scr2007,stInflow,reservoir
ES,h7768,0.8150699795056741,scr2007,stInflow,reservoir
ES,h7769,0.8150699795056741,scr2007,stInflow,reservoir
ES,h7770,0.8150699795056741,scr2007,stInflow,reservoir
ES,h7771,0.8150699795056741,scr2007,stInflow,reservoir
ES,h7772,0.8150699795056741,scr2007,stInflow,reservoir
ES,h7773,0.8150699795056741,scr2007,stInflow,reservoir
ES,h7774,0.8150699795056741,scr2007,stInflow,reservoir
ES,h7775,0.8150699795056741,scr2007,stInflow,reservoir
ES,h7776,0.8150699795056741,scr2007,stInflow,reservoir
ES,h7777,0.8150699795056741,scr2007,stInflow,reservoir
ES,h7778,0.8150699795056741,scr2007,stInflow,reservoir
ES,h7779,0.8150699795056741,scr2007,stInflow,reservoir
ES,h7780,0.8150699795056741,scr2007,stInflow,reservoir
ES,h7781,0.8150699795056741,scr2007,stInflow,reservoir
ES,h7782,0.8150699795056741,scr2007,stInflow,reservoir
ES,h7783,0.8150699795056741,scr2007,stInflow,reservoir
ES,h7784,0.8150699795056741,scr2007,stInflow,reservoir
ES,h7785,0.8150699795056741,scr2007,stInflow,reservoir
ES,h7786,0.8150699795056741,scr2007,stInflow,reservoir
ES,h7787,0.8150699795056741,scr2007,stInflow,reservoir
ES,h7788,0.8150699795056741,scr2007,stInflow,reservoir
ES,h7789,0.8150699795056741,scr2007,stInflow,reservoir
ES,h7790,0.8150699795056741,scr2007,stInflow,reservoir
ES,h7791,0.8150699795056741,scr2007,stInflow,reservoir
ES,h7792,0.8150699795056741,scr2007,stInflow,reservoir
ES,h7793,0.8150699795056741,scr2007,stInflow,reservoir
ES,h7794,0.8150699795056741,scr2007,stInflow,reservoir
ES,h7795,0.8150699795056741,scr2007,stInflow,reservoir
ES,h7796,0.8150699795056741,scr2007,stInflow,reservoir
ES,h7797,0.8150699795056741,scr2007,stInflow,reservoir
ES,h7798,0.8150699795056741,scr2007,stInflow,reservoir
ES,h7799,0.8150699795056741,scr2007,stInflow,reservoir
ES,h7800,0.8150699795056741,scr2007,stInflow,reservoir
ES,h7801,0.8150699795056741,scr2007,stInflow,reservoir
ES,h7802,0.8150699795056741,scr2007,stInflow,reservoir
ES,h7803,0.8150699795056741,scr2007,stInflow,reservoir
ES,h7804,0.8150699795056741,scr2007,stInflow,reservoir
ES,h7805,0.8150699795056741,scr2007,stInflow,reservoir
ES,h7806,0.8150699795056741,scr2007,stInflow,reservoir
ES,h7807,0.8150699795056741,scr2007,stInflow,reservoir
ES,h7808,0.8150699795056741,scr2007,stInflow,reservoir
ES,h7809,0.8150699795056741,scr2007,stInflow,reservoir
ES,h7810,0.8150699795056741,scr2007,stInflow,reservoir
ES,h7811,0.8150699795056741,scr2007,stInflow,reservoir
ES,h7812,0.8150699795056741,scr2007,stInflow,reservoir
ES,h7813,0.8150699795056741,scr2007,stInflow,reservoir
ES,h7814,0.8150699795056741,scr2007,stInflow,reservoir
ES,h7815,0.8150699795056741,scr2007,stInflow,reservoir
ES,h7816,0.8150699795056741,scr2007,stInflow,reservoir
ES,h7817,0.8150699795056741,scr2007,stInflow,reservoir
ES,h7818,0.8150699795056741,scr2007,stInflow,reservoir
ES,h7819,0.8150699795056741,scr2007,stInflow,reservoir
ES,h7820,0.8150699795056741,scr2007,stInflow,reservoir
ES,h7821,0.8150699795056741,scr2007,stInflow,reservoir
ES,h7822,0.8150699795056741,scr2007,stInflow,reservoir
ES,h7823,0.8150699795056741,scr2007,stInflow,reservoir
ES,h7824,0.8150699795056741,scr2007,stInflow,reservoir
ES,h7825,0.8150699795056741,scr2007,stInflow,reservoir
ES,h7826,0.8150699795056741,scr2007,stInflow,reservoir
ES,h7827,0.8150699795056741,scr2007,stInflow,reservoir
ES,h7828,0.8150699795056741,scr2007,stInflow,reservoir
ES,h7829,0.8150699795056741,scr2007,stInflow,reservoir
ES,h7830,0.8150699795056741,scr2007,stInflow,reservoir
ES,h7831,0.8150699795056741,scr2007,stInflow,reservoir
ES,h7832,0.8150699795056741,scr2007,stInflow,reservoir
ES,h7833,0.8150699795056741,scr2007,stInflow,reservoir
ES,h7834,0.8150699795056741,scr2007,stInflow,reservoir
ES,h7835,0.8150699795056741,scr2007,stInflow,reservoir
ES,h7836,0.8150699795056741,scr2007,stInflow,reservoir
ES,h7837,0.8150699795056741,scr2007,stInflow,reservoir
ES,h7838,0.8150699795056741,scr2007,stInflow,reservoir
ES,h7839,0.8150699795056741,scr2007,stInflow,reservoir
ES,h7840,0.8150699795056741,scr2007,stInflow,reservoir
ES,h7841,0.8150699795056741,scr2007,stInflow,reservoir
ES,h7842,0.8150699795056741,scr2007,stInflow,reservoir
ES,h7843,0.8150699795056741,scr2007,stInflow,reservoir
ES,h7844,0.8150699795056741,scr2007,stInflow,reservoir
ES,h7845,0.8150699795056741,scr2007,stInflow,reservoir
ES,h7846,0.8150699795056741,scr2007,stInflow,reservoir
ES,h7847,0.8150699795056741,scr2007,stInflow,reservoir
ES,h7848,0.8150699795056741,scr2007,stInflow,reservoir
ES,h7849,0.8150699795056741,scr2007,stInflow,reservoir
ES,h7850,0.8150699795056741,scr2007,stInflow,reservoir
ES,h7851,0.8150699795056741,scr2007,stInflow,reservoir
ES,h7852,0.8150699795056741,scr2007,stInflow,reservoir
ES,h7853,0.8150699795056741,scr2007,stInflow,reservoir
ES,h7854,0.8150699795056741,scr2007,stInflow,reservoir
ES,h7855,0.8150699795056741,scr2007,stInflow,reservoir
ES,h7856,0.8150699795056741,scr2007,stInflow,reservoir
ES,h7857,0.8150699795056741,scr2007,stInflow,reservoir
ES,h7858,0.8150699795056741,scr2007,stInflow,reservoir
ES,h7859,0.8150699795056741,scr2007,stInflow,reservoir
ES,h7860,0.8150699795056741,scr2007,stInflow,reservoir
ES,h7861,0.8150699795056741,scr2007,stInflow,reservoir
ES,h7862,0.8150699795056741,scr2007,stInflow,reservoir
ES,h7863,0.8150699795056741,scr2007,stInflow,reservoir
ES,h7864,0.8150699795056741,scr2007,stInflow,reservoir
ES,h7865,0.8150699795056741,scr2007,stInflow,reservoir
ES,h7866,0.8150699795056741,scr2007,stInflow,reservoir
ES,h7867,0.8150699795056741,scr2007,stInflow,reservoir
ES,h7868,0.8150699795056741,scr2007,stInflow,reservoir
ES,h7869,0.8150699795056741,scr2007,stInflow,reservoir
ES,h7870,0.8150699795056741,scr2007,stInflow,reservoir
ES,h7871,0.8150699795056741,scr2007,stInflow,reservoir
ES,h7872,0.8150699795056741,scr2007,stInflow,reservoir
ES,h7873,0.8150699795056741,scr2007,stInflow,reservoir
ES,h7874,0.8150699795056741,scr2007,stInflow,reservoir
ES,h7875,0.8150699795056741,scr2007,stInflow,reservoir
ES,h7876,0.8150699795056741,scr2007,stInflow,reservoir
ES,h7877,0.8150699795056741,scr2007,stInflow,reservoir
ES,h7878,0.8150699795056741,scr2007,stInflow,reservoir
ES,h7879,0.8150699795056741,scr2007,stInflow,reservoir
ES,h7880,0.8150699795056741,scr2007,stInflow,reservoir
ES,h7881,0.8150699795056741,scr2007,stInflow,reservoir
ES,h7882,0.8150699795056741,scr2007,stInflow,reservoir
ES,h7883,0.8150699795056741,scr2007,stInflow,reservoir
ES,h7884,0.8150699795056741,scr2007,stInflow,reservoir
ES,h7885,0.8150699795056741,scr2007,stInflow,reservoir
ES,h7886,0.8150699795056741,scr2007,stInflow,reservoir
ES,h7887,0.8150699795056741,scr2007,stInflow,reservoir
ES,h7888,0.8150699795056741,scr2007,stInflow,reservoir
ES,h7889,0.8150699795056741,scr2007,stInflow,reservoir
ES,h7890,0.8150699795056741,scr2007,stInflow,reservoir
ES,h7891,0.8150699795056741,scr2007,stInflow,reservoir
ES,h7892,0.8150699795056741,scr2007,stInflow,reservoir
ES,h7893,0.8150699795056741,scr2007,stInflow,reservoir
ES,h7894,0.8150699795056741,scr2007,stInflow,reservoir
ES,h7895,0.8150699795056741,scr2007,stInflow,reservoir
ES,h7896,0.8150699795056741,scr2007,stInflow,reservoir
ES,h7897,0.875690466100945,scr2007,stInflow,reservoir
ES,h7898,0.9363113726985877,scr2007,stInflow,reservoir
ES,h7899,0.9969326720683362,scr2007,stInflow,reservoir
ES,h7900,0.9969326720683362,scr2007,stInflow,reservoir
ES,h7901,0.9969326720683362,scr2007,stInflow,reservoir
ES,h7902,0.9969326720683362,scr2007,stInflow,reservoir
ES,h7903,0.9969326720683362,scr2007,stInflow,reservoir
ES,h7904,0.9969326720683362,scr2007,stInflow,reservoir
ES,h7905,0.9969326720683362,scr2007,stInflow,reservoir
ES,h7906,0.9969326720683362,scr2007,stInflow,reservoir
ES,h7907,0.9969326720683362,scr2007,stInflow,reservoir
ES,h7908,0.9969326720683362,scr2007,stInflow,reservoir
ES,h7909,0.9969326720683362,scr2007,stInflow,reservoir
ES,h7910,0.9969326720683362,scr2007,stInflow,reservoir
ES,h7911,0.9969326720683362,scr2007,stInflow,reservoir
ES,h7912,0.9969326720683362,scr2007,stInflow,reservoir
ES,h7913,0.9969326720683362,scr2007,stInflow,reservoir
ES,h7914,0.9969326720683362,scr2007,stInflow,reservoir
ES,h7915,0.9969326720683362,scr2007,stInflow,reservoir
ES,h7916,0.9969326720683362,scr2007,stInflow,reservoir
ES,h7917,0.9969326720683362,scr2007,stInflow,reservoir
ES,h7918,0.9969326720683362,scr2007,stInflow,reservoir
ES,h7919,0.9969326720683362,scr2007,stInflow,reservoir
ES,h7920,0.9969326720683362,scr2007,stInflow,reservoir
ES,h7921,0.9969326720683362,scr2007,stInflow,reservoir
ES,h7922,0.9969326720683362,scr2007,stInflow,reservoir
ES,h7923,0.9969326720683362,scr2007,stInflow,reservoir
ES,h7924,0.9969326720683362,scr2007,stInflow,reservoir
ES,h7925,0.9969326720683362,scr2007,stInflow,reservoir
ES,h7926,0.9969326720683362,scr2007,stInflow,reservoir
ES,h7927,0.9969326720683362,scr2007,stInflow,reservoir
ES,h7928,0.9969326720683362,scr2007,stInflow,reservoir
ES,h7929,0.9969326720683362,scr2007,stInflow,reservoir
ES,h7930,0.9969326720683362,scr2007,stInflow,reservoir
ES,h7931,0.9969326720683362,scr2007,stInflow,reservoir
ES,h7932,0.9969326720683362,scr2007,stInflow,reservoir
ES,h7933,0.9969326720683362,scr2007,stInflow,reservoir
ES,h7934,0.9969326720683362,scr2007,stInflow,reservoir
ES,h7935,0.9969326720683362,scr2007,stInflow,reservoir
ES,h7936,0.9969326720683362,scr2007,stInflow,reservoir
ES,h7937,0.9969326720683362,scr2007,stInflow,reservoir
ES,h7938,0.9969326720683362,scr2007,stInflow,reservoir
ES,h7939,0.9969326720683362,scr2007,stInflow,reservoir
ES,h7940,0.9969326720683362,scr2007,stInflow,reservoir
ES,h7941,0.9969326720683362,scr2007,stInflow,reservoir
ES,h7942,0.9969326720683362,scr2007,stInflow,reservoir
ES,h7943,0.9969326720683362,scr2007,stInflow,reservoir
ES,h7944,0.9969326720683362,scr2007,stInflow,reservoir
ES,h7945,0.9969326720683362,scr2007,stInflow,reservoir
ES,h7946,0.9969326720683362,scr2007,stInflow,reservoir
ES,h7947,0.9969326720683362,scr2007,stInflow,reservoir
ES,h7948,0.9969326720683362,scr2007,stInflow,reservoir
ES,h7949,0.9969326720683362,scr2007,stInflow,reservoir
ES,h7950,0.9969326720683362,scr2007,stInflow,reservoir
ES,h7951,0.9969326720683362,scr2007,stInflow,reservoir
ES,h7952,0.9969326720683362,scr2007,stInflow,reservoir
ES,h7953,0.9969326720683362,scr2007,stInflow,reservoir
ES,h7954,0.9969326720683362,scr2007,stInflow,reservoir
ES,h7955,0.9969326720683362,scr2007,stInflow,reservoir
ES,h7956,0.9969326720683362,scr2007,stInflow,reservoir
ES,h7957,0.9969326720683362,scr2007,stInflow,reservoir
ES,h7958,0.9969326720683362,scr2007,stInflow,reservoir
ES,h7959,0.9969326720683362,scr2007,stInflow,reservoir
ES,h7960,0.9969326720683362,scr2007,stInflow,reservoir
ES,h7961,0.9969326720683362,scr2007,stInflow,reservoir
ES,h7962,0.9969326720683362,scr2007,stInflow,reservoir
ES,h7963,0.9969326720683362,scr2007,stInflow,reservoir
ES,h7964,0.9969326720683362,scr2007,stInflow,reservoir
ES,h7965,0.9969326720683362,scr2007,stInflow,reservoir
ES,h7966,0.9969326720683362,scr2007,stInflow,reservoir
ES,h7967,0.9969326720683362,scr2007,stInflow,reservoir
ES,h7968,0.9969326720683362,scr2007,stInflow,reservoir
ES,h7969,0.9969326720683362,scr2007,stInflow,reservoir
ES,h7970,0.9969326720683362,scr2007,stInflow,reservoir
ES,h7971,0.9969326720683362,scr2007,stInflow,reservoir
ES,h7972,0.9969326720683362,scr2007,stInflow,reservoir
ES,h7973,0.9969326720683362,scr2007,stInflow,reservoir
ES,h7974,0.9969326720683362,scr2007,stInflow,reservoir
ES,h7975,0.9969326720683362,scr2007,stInflow,reservoir
ES,h7976,0.9969326720683362,scr2007,stInflow,reservoir
ES,h7977,0.9969326720683362,scr2007,stInflow,reservoir
ES,h7978,0.9969326720683362,scr2007,stInflow,reservoir
ES,h7979,0.9969326720683362,scr2007,stInflow,reservoir
ES,h7980,0.9969326720683362,scr2007,stInflow,reservoir
ES,h7981,0.9969326720683362,scr2007,stInflow,reservoir
ES,h7982,0.9969326720683362,scr2007,stInflow,reservoir
ES,h7983,0.9969326720683362,scr2007,stInflow,reservoir
ES,h7984,0.9969326720683362,scr2007,stInflow,reservoir
ES,h7985,0.9969326720683362,scr2007,stInflow,reservoir
ES,h7986,0.9969326720683362,scr2007,stInflow,reservoir
ES,h7987,0.9969326720683362,scr2007,stInflow,reservoir
ES,h7988,0.9969326720683362,scr2007,stInflow,reservoir
ES,h7989,0.9969326720683362,scr2007,stInflow,reservoir
ES,h7990,0.9969326720683362,scr2007,stInflow,reservoir
ES,h7991,0.9969326720683362,scr2007,stInflow,reservoir
ES,h7992,0.9969326720683362,scr2007,stInflow,reservoir
ES,h7993,0.9969326720683362,scr2007,stInflow,reservoir
ES,h7994,0.9969326720683362,scr2007,stInflow,reservoir
ES,h7995,0.9969326720683362,scr2007,stInflow,reservoir
ES,h7996,0.9969326720683362,scr2007,stInflow,reservoir
ES,h7997,0.9969326720683362,scr2007,stInflow,reservoir
ES,h7998,0.9969326720683362,scr2007,stInflow,reservoir
ES,h7999,0.9969326720683362,scr2007,stInflow,reservoir
ES,h8000,0.9969326720683362,scr2007,stInflow,reservoir
ES,h8001,0.9969326720683362,scr2007,stInflow,reservoir
ES,h8002,0.9969326720683362,scr2007,stInflow,reservoir
ES,h8003,0.9969326720683362,scr2007,stInflow,reservoir
ES,h8004,0.9969326720683362,scr2007,stInflow,reservoir
ES,h8005,0.9969326720683362,scr2007,stInflow,reservoir
ES,h8006,0.9969326720683362,scr2007,stInflow,reservoir
ES,h8007,0.9969326720683362,scr2007,stInflow,reservoir
ES,h8008,0.9969326720683362,scr2007,stInflow,reservoir
ES,h8009,0.9969326720683362,scr2007,stInflow,reservoir
ES,h8010,0.9969326720683362,scr2007,stInflow,reservoir
ES,h8011,0.9969326720683362,scr2007,stInflow,reservoir
ES,h8012,0.9969326720683362,scr2007,stInflow,reservoir
ES,h8013,0.9969326720683362,scr2007,stInflow,reservoir
ES,h8014,0.9969326720683362,scr2007,stInflow,reservoir
ES,h8015,0.9969326720683362,scr2007,stInflow,reservoir
ES,h8016,0.9969326720683362,scr2007,stInflow,reservoir
ES,h8017,0.9969326720683362,scr2007,stInflow,reservoir
ES,h8018,0.9969326720683362,scr2007,stInflow,reservoir
ES,h8019,0.9969326720683362,scr2007,stInflow,reservoir
ES,h8020,0.9969326720683362,scr2007,stInflow,reservoir
ES,h8021,0.9969326720683362,scr2007,stInflow,reservoir
ES,h8022,0.9969326720683362,scr2007,stInflow,reservoir
ES,h8023,0.9969326720683362,scr2007,stInflow,reservoir
ES,h8024,0.9969326720683362,scr2007,stInflow,reservoir
ES,h8025,0.9969326720683362,scr2007,stInflow,reservoir
ES,h8026,0.9969326720683362,scr2007,stInflow,reservoir
ES,h8027,0.9969326720683362,scr2007,stInflow,reservoir
ES,h8028,0.9969326720683362,scr2007,stInflow,reservoir
ES,h8029,0.9969326720683362,scr2007,stInflow,reservoir
ES,h8030,0.9969326720683362,scr2007,stInflow,reservoir
ES,h8031,0.9969326720683362,scr2007,stInflow,reservoir
ES,h8032,0.9969326720683362,scr2007,stInflow,reservoir
ES,h8033,0.9969326720683362,scr2007,stInflow,reservoir
ES,h8034,0.9969326720683362,scr2007,stInflow,reservoir
ES,h8035,0.9969326720683362,scr2007,stInflow,reservoir
ES,h8036,0.9969326720683362,scr2007,stInflow,reservoir
ES,h8037,0.9969326720683362,scr2007,stInflow,reservoir
ES,h8038,0.9969326720683362,scr2007,stInflow,reservoir
ES,h8039,0.9969326720683362,scr2007,stInflow,reservoir
ES,h8040,0.9969326720683362,scr2007,stInflow,reservoir
FR,h7297,1.5486451547817741,scr2007,stInflow,reservoir
FR,h7298,1.5486451547817741,scr2007,stInflow,reservoir
FR,h7299,1.5486451547817741,scr2007,stInflow,reservoir
FR,h7300,1.5486451547817741,scr2007,stInflow,reservoir
FR,h7301,1.5486451547817741,scr2007,stInflow,reservoir
FR,h7302,1.5486451547817741,scr2007,stInflow,reservoir
FR,h7303,1.5486451547817741,scr2007,stInflow,reservoir
FR,h7304,1.5486451547817741,scr2007,stInflow,reservoir
FR,h7305,1.5486451547817741,scr2007,stInflow,reservoir
FR,h7306,1.5486451547817741,scr2007,stInflow,reservoir
FR,h7307,1.5486451547817741,scr2007,stInflow,reservoir
FR,h7308,1.5486451547817741,scr2007,stInflow,reservoir
FR,h7309,1.5486451547817741,scr2007,stInflow,reservoir
FR,h7310,1.5486451547817741,scr2007,stInflow,reservoir
FR,h7311,1.5486451547817741,scr2007,stInflow,reservoir
FR,h7312,1.5486451547817741,scr2007,stInflow,reservoir
FR,h7313,1.5486451547817741,scr2007,stInflow,reservoir
FR,h7314,1.5486451547817741,scr2007,stInflow,reservoir
FR,h7315,1.5486451547817741,scr2007,stInflow,reservoir
FR,h7316,1.5486451547817741,scr2007,stInflow,reservoir
FR,h7317,1.5486451547817741,scr2007,stInflow,reservoir
FR,h7318,1.5486451547817741,scr2007,stInflow,reservoir
FR,h7319,1.5486451547817741,scr2007,stInflow,reservoir
FR,h7320,1.5486451547817741,scr2007,stInflow,reservoir
FR,h7321,1.5486451547817741,scr2007,stInflow,reservoir
FR,h7322,1.5486451547817741,scr2007,stInflow,reservoir
FR,h7323,1.5486451547817741,scr2007,stInflow,reservoir
FR,h7324,1.5486451547817741,scr2007,stInflow,reservoir
FR,h7325,1.5486451547817741,scr2007,stInflow,reservoir
FR,h7326,1.5486451547817741,scr2007,stInflow,reservoir
FR,h7327,1.5486451547817741,scr2007,stInflow,reservoir
FR,h7328,1.5486451547817741,scr2007,stInflow,reservoir
FR,h7329,1.5486451547817741,scr2007,stInflow,reservoir
FR,h7330,1.5486451547817741,scr2007,stInflow,reservoir
FR,h7331,1.5486451547817741,scr2007,stInflow,reservoir
FR,h7332,1.5486451547817741,scr2007,stInflow,reservoir
FR,h7333,1.5486451547817741,scr2007,stInflow,reservoir
FR,h7334,1.5486451547817741,scr2007,stInflow,reservoir
FR,h7335,1.5486451547817741,scr2007,stInflow,reservoir
FR,h7336,1.5486451547817741,scr2007,stInflow,reservoir
FR,h7337,1.5486451547817741,scr2007,stInflow,reservoir
FR,h7338,1.5486451547817741,scr2007,stInflow,reservoir
FR,h7339,1.5486451547817741,scr2007,stInflow,reservoir
FR,h7340,1.5486451547817741,scr2007,stInflow,reservoir
FR,h7341,1.5486451547817741,scr2007,stInflow,reservoir
FR,h7342,1.5486451547817741,scr2007,stInflow,reservoir
FR,h7343,1.5486451547817741,scr2007,stInflow,reservoir
FR,h7344,1.5486451547817741,scr2007,stInflow,reservoir
FR,h7345,1.5486451547817741,scr2007,stInflow,reservoir
FR,h7346,1.5486451547817741,scr2007,stInflow,reservoir
FR,h7347,1.5486451547817741,scr2007,stInflow,reservoir
FR,h7348,1.5486451547817741,scr2007,stInflow,reservoir
FR,h7349,1.5486451547817741,scr2007,stInflow,reservoir
FR,h7350,1.5486451547817741,scr2007,stInflow,reservoir
FR,h7351,1.5486451547817741,scr2007,stInflow,reservoir
FR,h7352,1.5486451547817741,scr2007,stInflow,reservoir
FR,h7353,1.5486451547817741,scr2007,stInflow,reservoir
FR,h7354,1.5486451547817741,scr2007,stInflow,reservoir
FR,h7355,1.5486451547817741,scr2007,stInflow,reservoir
FR,h7356,1.5486451547817741,scr2007,stInflow,reservoir
FR,h7357,1.5486451547817741,scr2007,stInflow,reservoir
FR,h7358,1.5486451547817741,scr2007,stInflow,reservoir
FR,h7359,1.5486451547817741,scr2007,stInflow,reservoir
FR,h7360,1.5486451547817741,scr2007,stInflow,reservoir
FR,h7361,1.5486451547817741,scr2007,stInflow,reservoir
FR,h7362,1.5486451547817741,scr2007,stInflow,reservoir
FR,h7363,1.5486451547817741,scr2007,stInflow,reservoir
FR,h7364,1.5486451547817741,scr2007,stInflow,reservoir
FR,h7365,1.5486451547817741,scr2007,stInflow,reservoir
FR,h7366,1.5486451547817741,scr2007,stInflow,reservoir
FR,h7367,1.5486451547817741,scr2007,stInflow,reservoir
FR,h7368,1.5486451547817741,scr2007,stInflow,reservoir
FR,h7369,1.5486451547817741,scr2007,stInflow,reservoir
FR,h7370,1.5486451547817741,scr2007,stInflow,reservoir
FR,h7371,1.5486451547817741,scr2007,stInflow,reservoir
FR,h7372,1.5486451547817741,scr2007,stInflow,reservoir
FR,h7373,1.5486451547817741,scr2007,stInflow,reservoir
FR,h7374,1.5486451547817741,scr2007,stInflow,reservoir
FR,h7375,1.5486451547817741,scr2007,stInflow,reservoir
FR,h7376,1.5486451547817741,scr2007,stInflow,reservoir
FR,h7377,1.5486451547817741,scr2007,stInflow,reservoir
FR,h7378,1.5486451547817741,scr2007,stInflow,reservoir
FR,h7379,1.5486451547817741,scr2007,stInflow,reservoir
FR,h7380,1.5486451547817741,scr2007,stInflow,reservoir
FR,h7381,1.5486451547817741,scr2007,stInflow,reservoir
FR,h7382,1.5486451547817741,scr2007,stInflow,reservoir
FR,h7383,1.5486451547817741,scr2007,stInflow,reservoir
FR,h7384,1.5486451547817741,scr2007,stInflow,reservoir
FR,h7385,1.5486451547817741,scr2007,stInflow,reservoir
FR,h7386,1.5486451547817741,scr2007,stInflow,reservoir
FR,h7387,1.5486451547817741,scr2007,stInflow,reservoir
FR,h7388,1.5486451547817741,scr2007,stInflow,reservoir
FR,h7389,1.5486451547817741,scr2007,stInflow,reservoir
FR,h7390,1.5486451547817741,scr2007,stInflow,reservoir
FR,h7391,1.5486451547817741,scr2007,stInflow,reservoir
FR,h7392,1.5486451547817741,scr2007,stInflow,reservoir
FR,h7393,1.553995350877445,scr2007,stInflow,reservoir
FR,h7394,1.5593455488150942,scr2007,stInflow,reservoir
FR,h7395,1.5646957485884014,scr2007,stInflow,reservoir
FR,h7396,1.5646957485884014,scr2007,stInflow,reservoir
FR,h7397,1.5646957485884014,scr2007,stInflow,reservoir
FR,h7398,1.5646957485884014,scr2007,stInflow,reservoir
FR,h7399,1.5646957485884014,scr2007,stInflow,reservoir
FR,h7400,1.5646957485884014,scr2007,stInflow,reservoir
FR,h7401,1.5646957485884014,scr2007,stInflow,reservoir
FR,h7402,1.5646957485884014,scr2007,stInflow,reservoir
FR,h7403,1.5646957485884014,scr2007,stInflow,reservoir
FR,h7404,1.5646957485884014,scr2007,stInflow,reservoir
FR,h7405,1.5646957485884014,scr2007,stInflow,reservoir
FR,h7406,1.5646957485884014,scr2007,stInflow,reservoir
FR,h7407,1.5646957485884014,scr2007,stInflow,reservoir
FR,h7408,1.5646957485884014,scr2007,stInflow,reservoir
FR,h7409,1.5646957485884014,scr2007,stInflow,reservoir
FR,h7410,1.5646957485884014,scr2007,stInflow,reservoir
FR,h7411,1.5646957485884014,scr2007,stInflow,reservoir
FR,h7412,1.5646957485884014,scr2007,stInflow,reservoir
FR,h7413,1.5646957485884014,scr2007,stInflow,reservoir
FR,h7414,1.5646957485884014,scr2007,stInflow,reservoir
FR,h7415,1.5646957485884014,scr2007,stInflow,reservoir
FR,h7416,1.5646957485884014,scr2007,stInflow,reservoir
FR,h7417,1.5646957485884014,scr2007,stInflow,reservoir
FR,h7418,1.5646957485884014,scr2007,stInflow,reservoir
FR,h7419,1.5646957485884014,scr2007,stInflow,reservoir
FR,h7420,1.5646957485884014,scr2007,stInflow,reservoir
FR,h7421,1.5646957485884014,scr2007,stInflow,reservoir
FR,h7422,1.5646957485884014,scr2007,stInflow,reservoir
FR,h7423,1.5646957485884014,scr2007,stInflow,reservoir
FR,h7424,1.5646957485884014,scr2007,stInflow,reservoir
FR,h7425,1.5646957485884014,scr2007,stInflow,reservoir
FR,h7426,1.5646957485884014,scr2007,stInflow,reservoir
FR,h7427,1.5646957485884014,scr2007,stInflow,reservoir
FR,h7428,1.5646957485884014,scr2007,stInflow,reservoir
FR,h7429,1.5646957485884014,scr2007,stInflow,reservoir
FR,h7430,1.5646957485884014,scr2007,stInflow,reservoir
FR,h7431,1.5646957485884014,scr2007,stInflow,reservoir
FR,h7432,1.5646957485884014,scr2007,stInflow,reservoir
FR,h7433,1.5646957485884014,scr2007,stInflow,reservoir
FR,h7434,1.5646957485884014,scr2007,stInflow,reservoir
FR,h7435,1.5646957485884014,scr2007,stInflow,reservoir
FR,h7436,1.5646957485884014,scr2007,stInflow,reservoir
FR,h7437,1.5646957485884014,scr2007,stInflow,reservoir
FR,h7438,1.5646957485884014,scr2007,stInflow,reservoir
FR,h7439,1.5646957485884014,scr2007,stInflow,reservoir
FR,h7440,1.5646957485884014,scr2007,stInflow,reservoir
FR,h7441,1.5646957485884014,scr2007,stInflow,reservoir
FR,h7442,1.5646957485884014,scr2007,stInflow,reservoir
FR,h7443,1.5646957485884014,scr2007,stInflow,reservoir
FR,h7444,1.5646957485884014,scr2007,stInflow,reservoir
FR,h7445,1.5646957485884014,scr2007,stInflow,reservoir
FR,h7446,1.5646957485884014,scr2007,stInflow,reservoir
FR,h7447,1.5646957485884014,scr2007,stInflow,reservoir
FR,h7448,1.5646957485884014,scr2007,stInflow,reservoir
FR,h7449,1.5646957485884014,scr2007,stInflow,reservoir
FR,h7450,1.5646957485884014,scr2007,stInflow,reservoir
FR,h7451,1.5646957485884014,scr2007,stInflow,reservoir
FR,h7452,1.5646957485884014,scr2007,stInflow,reservoir
FR,h7453,1.5646957485884014,scr2007,stInflow,reservoir
FR,h7454,1.5646957485884014,scr2007,stInflow,reservoir
FR,h7455,1.5646957485884014,scr2007,stInflow,reservoir
FR,h7456,1.5646957485884014,scr2007,stInflow,reservoir
FR,h7457,1.5646957485884014,scr2007,stInflow,reservoir
FR,h7458,1.5646957485884014,scr2007,stInflow,reservoir
FR,h7459,1.5646957485884014,scr2007,stInflow,reservoir
FR,h7460,1.5646957485884014,scr2007,stInflow,reservoir
FR,h7461,1.5646957485884014,scr2007,stInflow,reservoir
FR,h7462,1.5646957485884014,scr2007,stInflow,reservoir
FR,h7463,1.5646957485884014,scr2007,stInflow,reservoir
FR,h7464,1.5646957485884014,scr2007,stInflow,reservoir
FR,h7465,1.5646957485884014,scr2007,stInflow,reservoir
FR,h7466,1.5646957485884014,scr2007,stInflow,reservoir
FR,h7467,1.5646957485884014,scr2007,stInflow,reservoir
FR,h7468,1.5646957485884014,scr2007,stInflow,reservoir
FR,h7469,1.5646957485884014,scr2007,stInflow,reservoir
FR,h7470,1.5646957485884014,scr2007,stInflow,reservoir
FR,h7471,1.5646957485884014,scr2007,stInflow,reservoir
FR,h7472,1.5646957485884014,scr2007,stInflow,reservoir
FR,h7473,1.5646957485884014,scr2007,stInflow,reservoir
FR,h7474,1.5646957485884014,scr2007,stInflow,reservoir
FR,h7475,1.5646957485884014,scr2007,stInflow,reservoir
FR,h7476,1.5646957485884014,scr2007,stInflow,reservoir
FR,h7477,1.5646957485884014,scr2007,stInflow,reservoir
FR,h7478,1.5646957485884014,scr2007,stInflow,reservoir
FR,h7479,1.5646957485884014,scr2007,stInflow,reservoir
FR,h7480,1.5646957485884014,scr2007,stInflow,reservoir
FR,h7481,1.5646957485884014,scr2007,stInflow,reservoir
FR,h7482,1.5646957485884014,scr2007,stInflow,reservoir
FR,h7483,1.5646957485884014,scr2007,stInflow,reservoir
FR,h7484,1.5646957485884014,scr2007,stInflow,reservoir
FR,h7485,1.5646957485884014,scr2007,stInflow,reservoir
FR,h7486,1.5646957485884014,scr2007,stInflow,reservoir
FR,h7487,1.5646957485884014,scr2007,stInflow,reservoir
FR,h7488,1.5646957485884014,scr2007,stInflow,reservoir
FR,h7489,1.5646957485884014,scr2007,stInflow,reservoir
FR,h7490,1.5646957485884014,scr2007,stInflow,reservoir
FR,h7491,1.5646957485884014,scr2007,stInflow,reservoir
FR,h7492,1.5646957485884014,scr2007,stInflow,reservoir
FR,h7493,1.5646957485884014,scr2007,stInflow,reservoir
FR,h7494,1.5646957485884014,scr2007,stInflow,reservoir
FR,h7495,1.5646957485884014,scr2007,stInflow,reservoir
FR,h7496,1.5646957485884014,scr2007,stInflow,reservoir
FR,h7497,1.5646957485884014,scr2007,stInflow,reservoir
FR,h7498,1.5646957485884014,scr2007,stInflow,reservoir
FR,h7499,1.5646957485884014,scr2007,stInflow,reservoir
FR,h7500,1.5646957485884014,scr2007,stInflow,reservoir
FR,h7501,1.5646957485884014,scr2007,stInflow,reservoir
FR,h7502,1.5646957485884014,scr2007,stInflow,reservoir
FR,h7503,1.5646957485884014,scr2007,stInflow,reservoir
FR,h7504,1.5646957485884014,scr2007,stInflow,reservoir
FR,h7505,1.5646957485884014,scr2007,stInflow,reservoir
FR,h7506,1.5646957485884014,scr2007,stInflow,reservoir
FR,h7507,1.5646957485884014,scr2007,stInflow,reservoir
FR,h7508,1.5646957485884014,scr2007,stInflow,reservoir
FR,h7509,1.5646957485884014,scr2007,stInflow,reservoir
FR,h7510,1.5646957485884014,scr2007,stInflow,reservoir
FR,h7511,1.5646957485884014,scr2007,stInflow,reservoir
FR,h7512,1.5646957485884014,scr2007,stInflow,reservoir
FR,h7513,1.5646957485884014,scr2007,stInflow,reservoir
FR,h7514,1.5646957485884014,scr2007,stInflow,reservoir
FR,h7515,1.5646957485884014,scr2007,stInflow,reservoir
FR,h7516,1.5646957485884014,scr2007,stInflow,reservoir
FR,h7517,1.5646957485884014,scr2007,stInflow,reservoir
FR,h7518,1.5646957485884014,scr2007,stInflow,reservoir
FR,h7519,1.5646957485884014,scr2007,stInflow,reservoir
FR,h7520,1.5646957485884014,scr2007,stInflow,reservoir
FR,h7521,1.5646957485884014,scr2007,stInflow,reservoir
FR,h7522,1.5646957485884014,scr2007,stInflow,reservoir
FR,h7523,1.5646957485884014,scr2007,stInflow,reservoir
FR,h7524,1.5646957485884014,scr2007,stInflow,reservoir
FR,h7525,1.5646957485884014,scr2007,stInflow,reservoir
FR,h7526,1.5646957485884014,scr2007,stInflow,reservoir
FR,h7527,1.5646957485884014,scr2007,stInflow,reservoir
FR,h7528,1.5646957485884014,scr2007,stInflow,reservoir
FR,h7529,1.5646957485884014,scr2007,stInflow,reservoir
FR,h7530,1.5646957485884014,scr2007,stInflow,reservoir
FR,h7531,1.5646957485884014,scr2007,stInflow,reservoir
FR,h7532,1.5646957485884014,scr2007,stInflow,reservoir
FR,h7533,1.5646957485884014,scr2007,stInflow,reservoir
FR,h7534,1.5646957485884014,scr2007,stInflow,reservoir
FR,h7535,1.5646957485884014,scr2007,stInflow,reservoir
FR,h7536,1.5646957485884014,scr2007,stInflow,reservoir
FR,h7537,1.5646957485884014,scr2007,stInflow,reservoir
FR,h7538,1.5646957485884014,scr2007,stInflow,reservoir
FR,h7539,1.5646957485884014,scr2007,stInflow,reservoir
FR,h7540,1.5646957485884014,scr2007,stInflow,reservoir
FR,h7541,1.5646957485884014,scr2007,stInflow,reservoir
FR,h7542,1.5646957485884014,scr2007,stInflow,reservoir
FR,h7543,1.5646957485884014,scr2007,stInflow,reservoir
FR,h7544,1.5646957485884014,scr2007,stInflow,reservoir
FR,h7545,1.5646957485884014,scr2007,stInflow,reservoir
FR,h7546,1.5646957485884014,scr2007,stInflow,reservoir
FR,h7547,1.5646957485884014,scr2007,stInflow,reservoir
FR,h7548,1.5646957485884014,scr2007,stInflow,reservoir
FR,h7549,1.5646957485884014,scr2007,stInflow,reservoir
FR,h7550,1.5646957485884014,scr2007,stInflow,reservoir
FR,h7551,1.5646957485884014,scr2007,stInflow,reservoir
FR,h7552,1.5646957485884014,scr2007,stInflow,reservoir
FR,h7553,1.5646957485884014,scr2007,stInflow,reservoir
FR,h7554,1.5646957485884014,scr2007,stInflow,reservoir
FR,h7555,1.5646957485884014,scr2007,stInflow,reservoir
FR,h7556,1.5646957485884014,scr2007,stInflow,reservoir
FR,h7557,1.5646957485884014,scr2007,stInflow,reservoir
FR,h7558,1.5646957485884014,scr2007,stInflow,reservoir
FR,h7559,1.5646957485884014,scr2007,stInflow,reservoir
FR,h7560,1.5646957485884014,scr2007,stInflow,reservoir
FR,h7561,1.56580133995958,scr2007,stInflow,reservoir
FR,h7562,1.5669069314088215,scr2007,stInflow,reservoir
FR,h7563,1.5680125229360717,scr2007,stInflow,reservoir
FR,h7564,1.5680125229360717,scr2007,stInflow,reservoir
FR,h7565,1.5680125229360717,scr2007,stInflow,reservoir
FR,h7566,1.5680125229360717,scr2007,stInflow,reservoir
FR,h7567,1.5680125229360717,scr2007,stInflow,reservoir
FR,h7568,1.5680125229360717,scr2007,stInflow,reservoir
FR,h7569,1.5680125229360717,scr2007,stInflow,reservoir
FR,h7570,1.5680125229360717,scr2007,stInflow,reservoir
FR,h7571,1.5680125229360717,scr2007,stInflow,reservoir
FR,h7572,1.5680125229360717,scr2007,stInflow,reservoir
FR,h7573,1.5680125229360717,scr2007,stInflow,reservoir
FR,h7574,1.5680125229360717,scr2007,stInflow,reservoir
FR,h7575,1.5680125229360717,scr2007,stInflow,reservoir
FR,h7576,1.5680125229360717,scr2007,stInflow,reservoir
FR,h7577,1.5680125229360717,scr2007,stInflow,reservoir
FR,h7578,1.5680125229360717,scr2007,stInflow,reservoir
FR,h7579,1.5680125229360717,scr2007,stInflow,reservoir
FR,h7580,1.5680125229360717,scr2007,stInflow,reservoir
FR,h7581,1.5680125229360717,scr2007,stInflow,reservoir
FR,h7582,1.5680125229360717,scr2007,stInflow,reservoir
FR,h7583,1.5680125229360717,scr2007,stInflow,reservoir
FR,h7584,1.5680125229360717,scr2007,stInflow,reservoir
FR,h7585,1.5680125229360717,scr2007,stInflow,reservoir
FR,h7586,1.5680125229360717,scr2007,stInflow,reservoir
FR,h7587,1.5680125229360717,scr2007,stInflow,reservoir
FR,h7588,1.5680125229360717,scr2007,stInflow,reservoir
FR,h7589,1.5680125229360717,scr2007,stInflow,reservoir
FR,h7590,1.5680125229360717,scr2007,stInflow,reservoir
FR,h7591,1.5680125229360717,scr2007,stInflow,reservoir
FR,h7592,1.5680125229360717,scr2007,stInflow,reservoir
FR,h7593,1.5680125229360717,scr2007,stInflow,reservoir
FR,h7594,1.5680125229360717,scr2007,stInflow,reservoir
FR,h7595,1.5680125229360717,scr2007,stInflow,reservoir
FR,h7596,1.5680125229360717,scr2007,stInflow,reservoir
FR,h7597,1.5680125229360717,scr2007,stInflow,reservoir
FR,h7598,1.5680125229360717,scr2007,stInflow,reservoir
FR,h7599,1.5680125229360717,scr2007,stInflow,reservoir
FR,h7600,1.5680125229360717,scr2007,stInflow,reservoir
FR,h7601,1.5680125229360717,scr2007,stInflow,reservoir
FR,h7602,1.5680125229360717,scr2007,stInflow,reservoir
FR,h7603,1.5680125229360717,scr2007,stInflow,reservoir
FR,h7604,1.5680125229360717,scr2007,stInflow,reservoir
FR,h7605,1.5680125229360717,scr2007,stInflow,reservoir
FR,h7606,1.5680125229360717,scr2007,stInflow,reservoir
FR,h7607,1.5680125229360717,scr2007,stInflow,reservoir
FR,h7608,1.5680125229360717,scr2007,stInflow,reservoir
FR,h7609,1.5680125229360717,scr2007,stInflow,reservoir
FR,h7610,1.5680125229360717,scr2007,stInflow,reservoir
FR,h7611,1.5680125229360717,scr2007,stInflow,reservoir
FR,h7612,1.5680125229360717,scr2007,stInflow,reservoir
FR,h7613,1.5680125229360717,scr2007,stInflow,reservoir
FR,h7614,1.5680125229360717,scr2007,stInflow,reservoir
FR,h7615,1.5680125229360717,scr2007,stInflow,reservoir
FR,h7616,1.5680125229360717,scr2007,stInflow,reservoir
FR,h7617,1.5680125229360717,scr2007,stInflow,reservoir
FR,h7618,1.5680125229360717,scr2007,stInflow,reservoir
FR,h7619,1.5680125229360717,scr2007,stInflow,reservoir
FR,h7620,1.5680125229360717,scr2007,stInflow,reservoir
FR,h7621,1.5680125229360717,scr2007,stInflow,reservoir
FR,h7622,1.5680125229360717,scr2007,stInflow,reservoir
FR,h7623,1.5680125229360717,scr2007,stInflow,reservoir
FR,h7624,1.5680125229360717,scr2007,stInflow,reservoir
FR,h7625,1.5680125229360717,scr2007,stInflow,reservoir
FR,h7626,1.5680125229360717,scr2007,stInflow,reservoir
FR,h7627,1.5680125229360717,scr2007,stInflow,reservoir
FR,h7628,1.5680125229360717,scr2007,stInflow,reservoir
FR,h7629,1.5680125229360717,scr2007,stInflow,reservoir
FR,h7630,1.5680125229360717,scr2007,stInflow,reservoir
FR,h7631,1.5680125229360717,scr2007,stInflow,reservoir
FR,h7632,1.5680125229360717,scr2007,stInflow,reservoir
FR,h7633,1.5680125229360717,scr2007,stInflow,reservoir
FR,h7634,1.5680125229360717,scr2007,stInflow,reservoir
FR,h7635,1.5680125229360717,scr2007,stInflow,reservoir
FR,h7636,1.5680125229360717,scr2007,stInflow,reservoir
FR,h7637,1.5680125229360717,scr2007,stInflow,reservoir
FR,h7638,1.5680125229360717,scr2007,stInflow,reservoir
FR,h7639,1.5680125229360717,scr2007,stInflow,reservoir
FR,h7640,1.5680125229360717,scr2007,stInflow,reservoir
FR,h7641,1.5680125229360717,scr2007,stInflow,reservoir
FR,h7642,1.5680125229360717,scr2007,stInflow,reservoir
FR,h7643,1.5680125229360717,scr2007,stInflow,reservoir
FR,h7644,1.5680125229360717,scr2007,stInflow,reservoir
FR,h7645,1.5680125229360717,scr2007,stInflow,reservoir
FR,h7646,1.5680125229360717,scr2007,stInflow,reservoir
FR,h7647,1.5680125229360717,scr2007,stInflow,reservoir
FR,h7648,1.5680125229360717,scr2007,stInflow,reservoir
FR,h7649,1.5680125229360717,scr2007,stInflow,reservoir
FR,h7650,1.5680125229360717,scr2007,stInflow,reservoir
FR,h7651,1.5680125229360717,scr2007,stInflow,reservoir
FR,h7652,1.5680125229360717,scr2007,stInflow,reservoir
FR,h7653,1.5680125229360717,scr2007,stInflow,reservoir
FR,h7654,1.5680125229360717,scr2007,stInflow,reservoir
FR,h7655,1.5680125229360717,scr2007,stInflow,reservoir
FR,h7656,1.5680125229360717,scr2007,stInflow,reservoir
FR,h7657,1.5680125229360717,scr2007,stInflow,reservoir
FR,h7658,1.5680125229360717,scr2007,stInflow,reservoir
FR,h7659,1.5680125229360717,scr2007,stInflow,reservoir
FR,h7660,1.5680125229360717,scr2007,stInflow,reservoir
FR,h7661,1.5680125229360717,scr2007,stInflow,reservoir
FR,h7662,1.5680125229360717,scr2007,stInflow,reservoir
FR,h7663,1.5680125229360717,scr2007,stInflow,reservoir
FR,h7664,1.5680125229360717,scr2007,stInflow,reservoir
FR,h7665,1.5680125229360717,scr2007,stInflow,reservoir
FR,h7666,1.5680125229360717,scr2007,stInflow,reservoir
FR,h7667,1.5680125229360717,scr2007,stInflow,reservoir
FR,h7668,1.5680125229360717,scr2007,stInflow,reservoir
FR,h7669,1.5680125229360717,scr2007,stInflow,reservoir
FR,h7670,1.5680125229360717,scr2007,stInflow,reservoir
FR,h7671,1.5680125229360717,scr2007,stInflow,reservoir
FR,h7672,1.5680125229360717,scr2007,stInflow,reservoir
FR,h7673,1.5680125229360717,scr2007,stInflow,reservoir
FR,h7674,1.5680125229360717,scr2007,stInflow,reservoir
FR,h7675,1.5680125229360717,scr2007,stInflow,reservoir
FR,h7676,1.5680125229360717,scr2007,stInflow,reservoir
FR,h7677,1.5680125229360717,scr2007,stInflow,reservoir
FR,h7678,1.5680125229360717,scr2007,stInflow,reservoir
FR,h7679,1.5680125229360717,scr2007,stInflow,reservoir
FR,h7680,1.5680125229360717,scr2007,stInflow,reservoir
FR,h7681,1.5680125229360717,scr2007,stInflow,reservoir
FR,h7682,1.5680125229360717,scr2007,stInflow,reservoir
FR,h7683,1.5680125229360717,scr2007,stInflow,reservoir
FR,h7684,1.5680125229360717,scr2007,stInflow,reservoir
FR,h7685,1.5680125229360717,scr2007,stInflow,reservoir
FR,h7686,1.5680125229360717,scr2007,stInflow,reservoir
FR,h7687,1.5680125229360717,scr2007,stInflow,reservoir
FR,h7688,1.5680125229360717,scr2007,stInflow,reservoir
FR,h7689,1.5680125229360717,scr2007,stInflow,reservoir
FR,h7690,1.5680125229360717,scr2007,stInflow,reservoir
FR,h7691,1.5680125229360717,scr2007,stInflow,reservoir
FR,h7692,1.5680125229360717,scr2007,stInflow,reservoir
FR,h7693,1.5680125229360717,scr2007,stInflow,reservoir
FR,h7694,1.5680125229360717,scr2007,stInflow,reservoir
FR,h7695,1.5680125229360717,scr2007,stInflow,reservoir
FR,h7696,1.5680125229360717,scr2007,stInflow,reservoir
FR,h7697,1.5680125229360717,scr2007,stInflow,reservoir
FR,h7698,1.5680125229360717,scr2007,stInflow,reservoir
FR,h7699,1.5680125229360717,scr2007,stInflow,reservoir
FR,h7700,1.5680125229360717,scr2007,stInflow,reservoir
FR,h7701,1.5680125229360717,scr2007,stInflow,reservoir
FR,h7702,1.5680125229360717,scr2007,stInflow,reservoir
FR,h7703,1.5680125229360717,scr2007,stInflow,reservoir
FR,h7704,1.5680125229360717,scr2007,stInflow,reservoir
FR,h7705,1.5680125229360717,scr2007,stInflow,reservoir
FR,h7706,1.5680125229360717,scr2007,stInflow,reservoir
FR,h7707,1.5680125229360717,scr2007,stInflow,reservoir
FR,h7708,1.5680125229360717,scr2007,stInflow,reservoir
FR,h7709,1.5680125229360717,scr2007,stInflow,reservoir
FR,h7710,1.5680125229360717,scr2007,stInflow,reservoir
FR,h7711,1.5680125229360717,scr2007,stInflow,reservoir
FR,h7712,1.5680125229360717,scr2007,stInflow,reservoir
FR,h7713,1.5680125229360717,scr2007,stInflow,reservoir
FR,h7714,1.5680125229360717,scr2007,stInflow,reservoir
FR,h7715,1.5680125229360717,scr2007,stInflow,reservoir
FR,h7716,1.5680125229360717,scr2007,stInflow,reservoir
FR,h7717,1.5680125229360717,scr2007,stInflow,reservoir
FR,h7718,1.5680125229360717,scr2007,stInflow,reservoir
FR,h7719,1.5680125229360717,scr2007,stInflow,reservoir
FR,h7720,1.5680125229360717,scr2007,stInflow,reservoir
FR,h7721,1.5680125229360717,scr2007,stInflow,reservoir
FR,h7722,1.5680125229360717,scr2007,stInflow,reservoir
FR,h7723,1.5680125229360717,scr2007,stInflow,reservoir
FR,h7724,1.5680125229360717,scr2007,stInflow,reservoir
FR,h7725,1.5680125229360717,scr2007,stInflow,reservoir
FR,h7726,1.5680125229360717,scr2007,stInflow,reservoir
FR,h7727,1.5680125229360717,scr2007,stInflow,reservoir
FR,h7728,1.5680125229360717,scr2007,stInflow,reservoir
FR,h7729,1.5968063917506794,scr2007,stInflow,reservoir
FR,h7730,1.625600312488884,scr2007,stInflow,reservoir
FR,h7731,1.6543942842309844,scr2007,stInflow,reservoir
FR,h7732,1.6543942842309844,scr2007,stInflow,reservoir
FR,h7733,1.6543942842309844,scr2007,stInflow,reservoir
FR,h7734,1.6543942842309844,scr2007,stInflow,reservoir
FR,h7735,1.6543942842309844,scr2007,stInflow,reservoir
FR,h7736,1.6543942842309844,scr2007,stInflow,reservoir
FR,h7737,1.6543942842309844,scr2007,stInflow,reservoir
FR,h7738,1.6543942842309844,scr2007,stInflow,reservoir
FR,h7739,1.6543942842309844,scr2007,stInflow,reservoir
FR,h7740,1.6543942842309844,scr2007,stInflow,reservoir
FR,h7741,1.6543942842309844,scr2007,stInflow,reservoir
FR,h7742,1.6543942842309844,scr2007,stInflow,reservoir
FR,h7743,1.6543942842309844,scr2007,stInflow,reservoir
FR,h7744,1.6543942842309844,scr2007,stInflow,reservoir
FR,h7745,1.6543942842309844,scr2007,stInflow,reservoir
FR,h7746,1.6543942842309844,scr2007,stInflow,reservoir
FR,h7747,1.6543942842309844,scr2007,stInflow,reservoir
FR,h7748,1.6543942842309844,scr2007,stInflow,reservoir
FR,h7749,1.6543942842309844,scr2007,stInflow,reservoir
FR,h7750,1.6543942842309844,scr2007,stInflow,reservoir
FR,h7751,1.6543942842309844,scr2007,stInflow,reservoir
FR,h7752,1.6543942842309844,scr2007,stInflow,reservoir
FR,h7753,1.6543942842309844,scr2007,stInflow,reservoir
FR,h7754,1.6543942842309844,scr2007,stInflow,reservoir
FR,h7755,1.6543942842309844,scr2007,stInflow,reservoir
FR,h7756,1.6543942842309844,scr2007,stInflow,reservoir
FR,h7757,1.6543942842309844,scr2007,stInflow,reservoir
FR,h7758,1.6543942842309844,scr2007,stInflow,reservoir
FR,h7759,1.6543942842309844,scr2007,stInflow,reservoir
FR,h7760,1.6543942842309844,scr2007,stInflow,reservoir
FR,h7761,1.6543942842309844,scr2007,stInflow,reservoir
FR,h7762,1.6543942842309844,scr2007,stInflow,reservoir
FR,h7763,1.6543942842309844,scr2007,stInflow,reservoir
FR,h7764,1.6543942842309844,scr2007,stInflow,reservoir
FR,h7765,1.6543942842309844,scr2007,stInflow,reservoir
FR,h7766,1.6543942842309844,scr2007,stInflow,reservoir
FR,h7767,1.6543942842309844,scr2007,stInflow,reservoir
FR,h7768,1.6543942842309844,scr2007,stInflow,reservoir
FR,h7769,1.6543942842309844,scr2007,stInflow,reservoir
FR,h7770,1.6543942842309844,scr2007,stInflow,reservoir
FR,h7771,1.6543942842309844,scr2007,stInflow,reservoir
FR,h7772,1.6543942842309844,scr2007,stInflow,reservoir
FR,h7773,1.6543942842309844,scr2007,stInflow,reservoir
FR,h7774,1.6543942842309844,scr2007,stInflow,reservoir
FR,h7775,1.6543942842309844,scr2007,stInflow,reservoir
FR,h7776,1.6543942842309844,scr2007,stInflow,reservoir
FR,h7777,1.6543942842309844,scr2007,stInflow,reservoir
FR,h7778,1.6543942842309844,scr2007,stInflow,reservoir
FR,h7779,1.6543942842309844,scr2007,stInflow,reservoir
FR,h7780,1.6543942842309844,scr2007,stInflow,reservoir
FR,h7781,1.6543942842309844,scr2007,stInflow,reservoir
FR,h7782,1.6543942842309844,scr2007,stInflow,reservoir
FR,h7783,1.6543942842309844,scr2007,stInflow,reservoir
FR,h7784,1.6543942842309844,scr2007,stInflow,reservoir
FR,h7785,1.6543942842309844,scr2007,stInflow,reservoir
FR,h7786,1.6543942842309844,scr2007,stInflow,reservoir
FR,h7787,1.6543942842309844,scr2007,stInflow,reservoir
FR,h7788,1.6543942842309844,scr2007,stInflow,reservoir
FR,h7789,1.6543942842309844,scr2007,stInflow,reservoir
FR,h7790,1.6543942842309844,scr2007,stInflow,reservoir
FR,h7791,1.6543942842309844,scr2007,stInflow,reservoir
FR,h7792,1.6543942842309844,scr2007,stInflow,reservoir
FR,h7793,1.6543942842309844,scr2007,stInflow,reservoir
FR,h7794,1.6543942842309844,scr2007,stInflow,reservoir
FR,h7795,1.6543942842309844,scr2007,stInflow,reservoir
FR,h7796,1.6543942842309844,scr2007,stInflow,reservoir
FR,h7797,1.6543942842309844,scr2007,stInflow,reservoir
FR,h7798,1.6543942842309844,scr2007,stInflow,reservoir
FR,h7799,1.6543942842309844,scr2007,stInflow,reservoir
FR,h7800,1.6543942842309844,scr2007,stInflow,reservoir
FR,h7801,1.6543942842309844,scr2007,stInflow,reservoir
FR,h7802,1.6543942842309844,scr2007,stInflow,reservoir
FR,h7803,1.6543942842309844,scr2007,stInflow,reservoir
FR,h7804,1.6543942842309844,scr2007,stInflow,reservoir
FR,h7805,1.6543942842309844,scr2007,stInflow,reservoir
FR,h7806,1.6543942842309844,scr2007,stInflow,reservoir
FR,h7807,1.6543942842309844,scr2007,stInflow,reservoir
FR,h7808,1.6543942842309844,scr2007,stInflow,reservoir
FR,h7809,1.6543942842309844,scr2007,stInflow,reservoir
FR,h7810,1.6543942842309844,scr2007,stInflow,reservoir
FR,h7811,1.6543942842309844,scr2007,stInflow,reservoir
FR,h7812,1.6543942842309844,scr2007,stInflow,reservoir
FR,h7813,1.6543942842309844,scr2007,stInflow,reservoir
FR,h7814,1.6543942842309844,scr2007,stInflow,reservoir
FR,h7815,1.6543942842309844,scr2007,stInflow,reservoir
FR,h7816,1.6543942842309844,scr2007,stInflow,reservoir
FR,h7817,1.6543942842309844,scr2007,stInflow,reservoir
FR,h7818,1.6543942842309844,scr2007,stInflow,reservoir
FR,h7819,1.6543942842309844,scr2007,stInflow,reservoir
FR,h7820,1.6543942842309844,scr2007,stInflow,reservoir
FR,h7821,1.6543942842309844,scr2007,stInflow,reservoir
FR,h7822,1.6543942842309844,scr2007,stInflow,reservoir
FR,h7823,1.6543942842309844,scr2007,stInflow,reservoir
FR,h7824,1.6543942842309844,scr2007,stInflow,reservoir
FR,h7825,1.6543942842309844,scr2007,stInflow,reservoir
FR,h7826,1.6543942842309844,scr2007,stInflow,reservoir
FR,h7827,1.6543942842309844,scr2007,stInflow,reservoir
FR,h7828,1.6543942842309844,scr2007,stInflow,reservoir
FR,h7829,1.6543942842309844,scr2007,stInflow,reservoir
FR,h7830,1.6543942842309844,scr2007,stInflow,reservoir
FR,h7831,1.6543942842309844,scr2007,stInflow,reservoir
FR,h7832,1.6543942842309844,scr2007,stInflow,reservoir
FR,h7833,1.6543942842309844,scr2007,stInflow,reservoir
FR,h7834,1.6543942842309844,scr2007,stInflow,reservoir
FR,h7835,1.6543942842309844,scr2007,stInflow,reservoir
FR,h7836,1.6543942842309844,scr2007,stInflow,reservoir
FR,h7837,1.6543942842309844,scr2007,stInflow,reservoir
FR,h7838,1.6543942842309844,scr2007,stInflow,reservoir
FR,h7839,1.6543942842309844,scr2007,stInflow,reservoir
FR,h7840,1.6543942842309844,scr2007,stInflow,reservoir
FR,h7841,1.6543942842309844,scr2007,stInflow,reservoir
FR,h7842,1.6543942842309844,scr2007,stInflow,reservoir
FR,h7843,1.6543942842309844,scr2007,stInflow,reservoir
FR,h7844,1.6543942842309844,scr2007,stInflow,reservoir
FR,h7845,1.6543942842309844,scr2007,stInflow,reservoir
FR,h7846,1.6543942842309844,scr2007,stInflow,reservoir
FR,h7847,1.6543942842309844,scr2007,stInflow,reservoir
FR,h7848,1.6543942842309844,scr2007,stInflow,reservoir
FR,h7849,1.6543942842309844,scr2007,stInflow,reservoir
FR,h7850,1.6543942842309844,scr2007,stInflow,reservoir
FR,h7851,1.6543942842309844,scr2007,stInflow,reservoir
FR,h7852,1.6543942842309844,scr2007,stInflow,reservoir
FR,h7853,1.6543942842309844,scr2007,stInflow,reservoir
FR,h7854,1.6543942842309844,scr2007,stInflow,reservoir
FR,h7855,1.6543942842309844,scr2007,stInflow,reservoir
FR,h7856,1.6543942842309844,scr2007,stInflow,reservoir
FR,h7857,1.6543942842309844,scr2007,stInflow,reservoir
FR,h7858,1.6543942842309844,scr2007,stInflow,reservoir
FR,h7859,1.6543942842309844,scr2007,stInflow,reservoir
FR,h7860,1.6543942842309844,scr2007,stInflow,reservoir
FR,h7861,1.6543942842309844,scr2007,stInflow,reservoir
FR,h7862,1.6543942842309844,scr2007,stInflow,reservoir
FR,h7863,1.6543942842309844,scr2007,stInflow,reservoir
FR,h7864,1.6543942842309844,scr2007,stInflow,reservoir
FR,h7865,1.6543942842309844,scr2007,stInflow,reservoir
FR,h7866,1.6543942842309844,scr2007,stInflow,reservoir
FR,h7867,1.6543942842309844,scr2007,stInflow,reservoir
FR,h7868,1.6543942842309844,scr2007,stInflow,reservoir
FR,h7869,1.6543942842309844,scr2007,stInflow,reservoir
FR,h7870,1.6543942842309844,scr2007,stInflow,reservoir
FR,h7871,1.6543942842309844,scr2007,stInflow,reservoir
FR,h7872,1.6543942842309844,scr2007,stInflow,reservoir
FR,h7873,1.6543942842309844,scr2007,stInflow,reservoir
FR,h7874,1.6543942842309844,scr2007,stInflow,reservoir
FR,h7875,1.6543942842309844,scr2007,stInflow,reservoir
FR,h7876,1.6543942842309844,scr2007,stInflow,reservoir
FR,h7877,1.6543942842309844,scr2007,stInflow,reservoir
FR,h7878,1.6543942842309844,scr2007,stInflow,reservoir
FR,h7879,1.6543942842309844,scr2007,stInflow,reservoir
FR,h7880,1.6543942842309844,scr2007,stInflow,reservoir
FR,h7881,1.6543942842309844,scr2007,stInflow,reservoir
FR,h7882,1.6543942842309844,scr2007,stInflow,reservoir
FR,h7883,1.6543942842309844,scr2007,stInflow,reservoir
FR,h7884,1.6543942842309844,scr2007,stInflow,reservoir
FR,h7885,1.6543942842309844,scr2007,stInflow,reservoir
FR,h7886,1.6543942842309844,scr2007,stInflow,reservoir
FR,h7887,1.6543942842309844,scr2007,stInflow,reservoir
FR,h7888,1.6543942842309844,scr2007,stInflow,reservoir
FR,h7889,1.6543942842309844,scr2007,stInflow,reservoir
FR,h7890,1.6543942842309844,scr2007,stInflow,reservoir
FR,h7891,1.6543942842309844,scr2007,stInflow,reservoir
FR,h7892,1.6543942842309844,scr2007,stInflow,reservoir
FR,h7893,1.6543942842309844,scr2007,stInflow,reservoir
FR,h7894,1.6543942842309844,scr2007,stInflow,reservoir
FR,h7895,1.6543942842309844,scr2007,stInflow,reservoir
FR,h7896,1.6543942842309844,scr2007,stInflow,reservoir
FR,h7897,1.7447083680133426,scr2007,stInflow,reservoir
FR,h7898,1.8350229195029417,scr2007,stInflow,reservoir
FR,h7899,1.9253379156643051,scr2007,stInflow,reservoir
FR,h7900,1.9253379156643051,scr2007,stInflow,reservoir
FR,h7901,1.9253379156643051,scr2007,stInflow,reservoir
FR,h7902,1.9253379156643051,scr2007,stInflow,reservoir
FR,h7903,1.9253379156643051,scr2007,stInflow,reservoir
FR,h7904,1.9253379156643051,scr2007,stInflow,reservoir
FR,h7905,1.9253379156643051,scr2007,stInflow,reservoir
FR,h7906,1.9253379156643051,scr2007,stInflow,reservoir
FR,h7907,1.9253379156643051,scr2007,stInflow,reservoir
FR,h7908,1.9253379156643051,scr2007,stInflow,reservoir
FR,h7909,1.9253379156643051,scr2007,stInflow,reservoir
FR,h7910,1.9253379156643051,scr2007,stInflow,reservoir
FR,h7911,1.9253379156643051,scr2007,stInflow,reservoir
FR,h7912,1.9253379156643051,scr2007,stInflow,reservoir
FR,h7913,1.9253379156643051,scr2007,stInflow,reservoir
FR,h7914,1.9253379156643051,scr2007,stInflow,reservoir
FR,h7915,1.9253379156643051,scr2007,stInflow,reservoir
FR,h7916,1.9253379156643051,scr2007,stInflow,reservoir
FR,h7917,1.9253379156643051,scr2007,stInflow,reservoir
FR,h7918,1.9253379156643051,scr2007,stInflow,reservoir
FR,h7919,1.9253379156643051,scr2007,stInflow,reservoir
FR,h7920,1.9253379156643051,scr2007,stInflow,reservoir
FR,h7921,1.9253379156643051,scr2007,stInflow,reservoir
FR,h7922,1.9253379156643051,scr2007,stInflow,reservoir
FR,h7923,1.9253379156643051,scr2007,stInflow,reservoir
FR,h7924,1.9253379156643051,scr2007,stInflow,reservoir
FR,h7925,1.9253379156643051,scr2007,stInflow,reservoir
FR,h7926,1.9253379156643051,scr2007,stInflow,reservoir
FR,h7927,1.9253379156643051,scr2007,stInflow,reservoir
FR,h7928,1.9253379156643051,scr2007,stInflow,reservoir
FR,h7929,1.9253379156643051,scr2007,stInflow,reservoir
FR,h7930,1.9253379156643051,scr2007,stInflow,reservoir
FR,h7931,1.9253379156643051,scr2007,stInflow,reservoir
FR,h7932,1.9253379156643051,scr2007,stInflow,reservoir
FR,h7933,1.9253379156643051,scr2007,stInflow,reservoir
FR,h7934,1.9253379156643051,scr2007,stInflow,reservoir
FR,h7935,1.9253379156643051,scr2007,stInflow,reservoir
FR,h7936,1.9253379156643051,scr2007,stInflow,reservoir
FR,h7937,1.9253379156643051,scr2007,stInflow,reservoir
FR,h7938,1.9253379156643051,scr2007,stInflow,reservoir
FR,h7939,1.9253379156643051,scr2007,stInflow,reservoir
FR,h7940,1.9253379156643051,scr2007,stInflow,reservoir
FR,h7941,1.9253379156643051,scr2007,stInflow,reservoir
FR,h7942,1.9253379156643051,scr2007,stInflow,reservoir
FR,h7943,1.9253379156643051,scr2007,stInflow,reservoir
FR,h7944,1.9253379156643051,scr2007,stInflow,reservoir
FR,h7945,1.9253379156643051,scr2007,stInflow,reservoir
FR,h7946,1.9253379156643051,scr2007,stInflow,reservoir
FR,h7947,1.9253379156643051,scr2007,stInflow,reservoir
FR,h7948,1.9253379156643051,scr2007,stInflow,reservoir
FR,h7949,1.9253379156643051,scr2007,stInflow,reservoir
FR,h7950,1.9253379156643051,scr2007,stInflow,reservoir
FR,h7951,1.9253379156643051,scr2007,stInflow,reservoir
FR,h7952,1.9253379156643051,scr2007,stInflow,reservoir
FR,h7953,1.9253379156643051,scr2007,stInflow,reservoir
FR,h7954,1.9253379156643051,scr2007,stInflow,reservoir
FR,h7955,1.9253379156643051,scr2007,stInflow,reservoir
FR,h7956,1.9253379156643051,scr2007,stInflow,reservoir
FR,h7957,1.9253379156643051,scr2007,stInflow,reservoir
FR,h7958,1.9253379156643051,scr2007,stInflow,reservoir
FR,h7959,1.9253379156643051,scr2007,stInflow,reservoir
FR,h7960,1.9253379156643051,scr2007,stInflow,reservoir
FR,h7961,1.9253379156643051,scr2007,stInflow,reservoir
FR,h7962,1.9253379156643051,scr2007,stInflow,reservoir
FR,h7963,1.9253379156643051,scr2007,stInflow,reservoir
FR,h7964,1.9253379156643051,scr2007,stInflow,reservoir
FR,h7965,1.9253379156643051,scr2007,stInflow,reservoir
FR,h7966,1.9253379156643051,scr2007,stInflow,reservoir
FR,h7967,1.9253379156643051,scr2007,stInflow,reservoir
FR,h7968,1.9253379156643051,scr2007,stInflow,reservoir
FR,h7969,1.9253379156643051,scr2007,stInflow,reservoir
FR,h7970,1.9253379156643051,scr2007,stInflow,reservoir
FR,h7971,1.9253379156643051,scr2007,stInflow,reservoir
FR,h7972,1.9253379156643051,scr2007,stInflow,reservoir
FR,h7973,1.9253379156643051,scr2007,stInflow,reservoir
FR,h7974,1.9253379156643051,scr2007,stInflow,reservoir
FR,h7975,1.9253379156643051,scr2007,stInflow,reservoir
FR,h7976,1.9253379156643051,scr2007,stInflow,reservoir
FR,h7977,1.9253379156643051,scr2007,stInflow,reservoir
FR,h7978,1.9253379156643051,scr2007,stInflow,reservoir
FR,h7979,1.9253379156643051,scr2007,stInflow,reservoir
FR,h7980,1.9253379156643051,scr2007,stInflow,reservoir
FR,h7981,1.9253379156643051,scr2007,stInflow,reservoir
FR,h7982,1.9253379156643051,scr2007,stInflow,reservoir
FR,h7983,1.9253379156643051,scr2007,stInflow,reservoir
FR,h7984,1.9253379156643051,scr2007,stInflow,reservoir
FR,h7985,1.9253379156643051,scr2007,stInflow,reservoir
FR,h7986,1.9253379156643051,scr2007,stInflow,reservoir
FR,h7987,1.9253379156643051,scr2007,stInflow,reservoir
FR,h7988,1.9253379156643051,scr2007,stInflow,reservoir
FR,h7989,1.9253379156643051,scr2007,stInflow,reservoir
FR,h7990,1.9253379156643051,scr2007,stInflow,reservoir
FR,h7991,1.9253379156643051,scr2007,stInflow,reservoir
FR,h7992,1.9253379156643051,scr2007,stInflow,reservoir
FR,h7993,1.9253379156643051,scr2007,stInflow,reservoir
FR,h7994,1.9253379156643051,scr2007,stInflow,reservoir
FR,h7995,1.9253379156643051,scr2007,stInflow,reservoir
FR,h7996,1.9253379156643051,scr2007,stInflow,reservoir
FR,h7997,1.9253379156643051,scr2007,stInflow,reservoir
FR,h7998,1.9253379156643051,scr2007,stInflow,reservoir
FR,h7999,1.9253379156643051,scr2007,stInflow,reservoir
FR,h8000,1.9253379156643051,scr2007,stInflow,reservoir
FR,h8001,1.9253379156643051,scr2007,stInflow,reservoir
FR,h8002,1.9253379156643051,scr2007,stInflow,reservoir
FR,h8003,1.9253379156643051,scr2007,stInflow,reservoir
FR,h8004,1.9253379156643051,scr2007,stInflow,reservoir
FR,h8005,1.9253379156643051,scr2007,stInflow,reservoir
FR,h8006,1.9253379156643051,scr2007,stInflow,reservoir
FR,h8007,1.9253379156643051,scr2007,stInflow,reservoir
FR,h8008,1.9253379156643051,scr2007,stInflow,reservoir
FR,h8009,1.9253379156643051,scr2007,stInflow,reservoir
FR,h8010,1.9253379156643051,scr2007,stInflow,reservoir
FR,h8011,1.9253379156643051,scr2007,stInflow,reservoir
FR,h8012,1.9253379156643051,scr2007,stInflow,reservoir
FR,h8013,1.9253379156643051,scr2007,stInflow,reservoir
FR,h8014,1.9253379156643051,scr2007,stInflow,reservoir
FR,h8015,1.9253379156643051,scr2007,stInflow,reservoir
FR,h8016,1.9253379156643051,scr2007,stInflow,reservoir
FR,h8017,1.9253379156643051,scr2007,stInflow,reservoir
FR,h8018,1.9253379156643051,scr2007,stInflow,reservoir
FR,h8019,1.9253379156643051,scr2007,stInflow,reservoir
FR,h8020,1.9253379156643051,scr2007,stInflow,reservoir
FR,h8021,1.9253379156643051,scr2007,stInflow,reservoir
FR,h8022,1.9253379156643051,scr2007,stInflow,reservoir
FR,h8023,1.9253379156643051,scr2007,stInflow,reservoir
FR,h8024,1.9253379156643051,scr2007,stInflow,reservoir
FR,h8025,1.9253379156643051,scr2007,stInflow,reservoir
FR,h8026,1.9253379156643051,scr2007,stInflow,reservoir
FR,h8027,1.9253379156643051,scr2007,stInflow,reservoir
FR,h8028,1.9253379156643051,scr2007,stInflow,reservoir
FR,h8029,1.9253379156643051,scr2007,stInflow,reservoir
FR,h8030,1.9253379156643051,scr2007,stInflow,reservoir
FR,h8031,1.9253379156643051,scr2007,stInflow,reservoir
FR,h8032,1.9253379156643051,scr2007,stInflow,reservoir
FR,h8033,1.9253379156643051,scr2007,stInflow,reservoir
FR,h8034,1.9253379156643051,scr2007,stInflow,reservoir
FR,h8035,1.9253379156643051,scr2007,stInflow,reservoir
FR,h8036,1.9253379156643051,scr2007,stInflow,reservoir
FR,h8037,1.9253379156643051,scr2007,stInflow,reservoir
FR,h8038,1.9253379156643051,scr2007,stInflow,reservoir
FR,h8039,1.9253379156643051,scr2007,stInflow,reservoir
FR,h8040,1.9253379156643051,scr2007,stInflow,reservoir
IT,h7297,0.6826437197242666,scr2007,stInflow,reservoir
IT,h7298,0.6826437197242666,scr2007,stInflow,reservoir
IT,h7299,0.6826437197242666,scr2007,stInflow,reservoir
IT,h7300,0.6826437197242666,scr2007,stInflow,reservoir
IT,h7301,0.6826437197242666,scr2007,stInflow,reservoir
IT,h7302,0.6826437197242666,scr2007,stInflow,reservoir
IT,h7303,0.6826437197242666,scr2007,stInflow,reservoir
IT,h7304,0.6826437197242666,scr2007,stInflow,reservoir
IT,h7305,0.6826437197242666,scr2007,stInflow,reservoir
IT,h7306,0.6826437197242666,scr2007,stInflow,reservoir
IT,h7307,0.6826437197242666,scr2007,stInflow,reservoir
IT,h7308,0.6826437197242666,scr2007,stInflow,reservoir
IT,h7309,0.6826437197242666,scr2007,stInflow,reservoir
IT,h7310,0.6826437197242666,scr2007,stInflow,reservoir
IT,h7311,0.6826437197242666,scr2007,stInflow,reservoir
IT,h7312,0.6826437197242666,scr2007,stInflow,reservoir
IT,h7313,0.6826437197242666,scr2007,stInflow,reservoir
IT,h7314,0.6826437197242666,scr2007,stInflow,reservoir
IT,h7315,0.6826437197242666,scr2007,stInflow,reservoir
IT,h7316,0.6826437197242666,scr2007,stInflow,reservoir
IT,h7317,0.6826437197242666,scr2007,stInflow,reservoir
IT,h7318,0.6826437197242666,scr2007,stInflow,reservoir
IT,h7319,0.6826437197242666,scr2007,stInflow,reservoir
IT,h7320,0.6826437197242666,scr2007,stInflow,reservoir
IT,h7321,0.6826437197242666,scr2007,stInflow,reservoir
IT,h7322,0.6826437197242666,scr2007,stInflow,reservoir
IT,h7323,0.6826437197242666,scr2007,stInflow,reservoir
IT,h7324,0.6826437197242666,scr2007,stInflow,reservoir
IT,h7325,0.6826437197242666,scr2007,stInflow,reservoir
IT,h7326,0.6826437197242666,scr2007,stInflow,reservoir
IT,h7327,0.6826437197242666,scr2007,stInflow,reservoir
IT,h7328,0.6826437197242666,scr2007,stInflow,reservoir
IT,h7329,0.6826437197242666,scr2007,stInflow,reservoir
IT,h7330,0.6826437197242666,scr2007,stInflow,reservoir
IT,h7331,0.6826437197242666,scr2007,stInflow,reservoir
IT,h7332,0.6826437197242666,scr2007,stInflow,reservoir
IT,h7333,0.6826437197242666,scr2007,stInflow,reservoir
IT,h7334,0.6826437197242666,scr2007,stInflow,reservoir
IT,h7335,0.6826437197242666,scr2007,stInflow,reservoir
IT,h7336,0.6826437197242666,scr2007,stInflow,reservoir
IT,h7337,0.6826437197242666,scr2007,stInflow,reservoir
IT,h7338,0.6826437197242666,scr2007,stInflow,reservoir
IT,h7339,0.6826437197242666,scr2007,stInflow,reservoir
IT,h7340,0.6826437197242666,scr2007,stInflow,reservoir
IT,h7341,0.6826437197242666,scr2007,stInflow,reservoir
IT,h7342,0.6826437197242666,scr2007,stInflow,reservoir
IT,h7343,0.6826437197242666,scr2007,stInflow,reservoir
IT,h7344,0.6826437197242666,scr2007,stInflow,reservoir
IT,h7345,0.6826437197242666,scr2007,stInflow,reservoir
IT,h7346,0.6826437197242666,scr2007,stInflow,reservoir
IT,h7347,0.6826437197242666,scr2007,stInflow,reservoir
IT,h7348,0.6826437197242666,scr2007,stInflow,reservoir
IT,h7349,0.6826437197242666,scr2007,stInflow,reservoir
IT,h7350,0.6826437197242666,scr2007,stInflow,reservoir
IT,h7351,0.6826437197242666,scr2007,stInflow,reservoir
IT,h7352,0.6826437197242666,scr2007,stInflow,reservoir
IT,h7353,0.6826437197242666,scr2007,stInflow,reservoir
IT,h7354,0.6826437197242666,scr2007,stInflow,reservoir
IT,h7355,0.6826437197242666,scr2007,stInflow,reservoir
IT,h7356,0.6826437197242666,scr2007,stInflow,reservoir
IT,h7357,0.6826437197242666,scr2007,stInflow,reservoir
IT,h7358,0.6826437197242666,scr2007,stInflow,reservoir
IT,h7359,0.6826437197242666,scr2007,stInflow,reservoir
IT,h7360,0.6826437197242666,scr2007,stInflow,reservoir
IT,h7361,0.6826437197242666,scr2007,stInflow,reservoir
IT,h7362,0.6826437197242666,scr2007,stInflow,reservoir
IT,h7363,0.6826437197242666,scr2007,stInflow,reservoir
IT,h7364,0.6826437197242666,scr2007,stInflow,reservoir
IT,h7365,0.6826437197242666,scr2007,stInflow,reservoir
IT,h7366,0.6826437197242666,scr2007,stInflow,reservoir
IT,h7367,0.6826437197242666,scr2007,stInflow,reservoir
IT,h7368,0.6826437197242666,scr2007,stInflow,reservoir
IT,h7369,0.6826437197242666,scr2007,stInflow,reservoir
IT,h7370,0.6826437197242666,scr2007,stInflow,reservoir
IT,h7371,0.6826437197242666,scr2007,stInflow,reservoir
IT,h7372,0.6826437197242666,scr2007,stInflow,reservoir
IT,h7373,0.6826437197242666,scr2007,stInflow,reservoir
IT,h7374,0.6826437197242666,scr2007,stInflow,reservoir
IT,h7375,0.6826437197242666,scr2007,stInflow,reservoir
IT,h7376,0.6826437197242666,scr2007,stInflow,reservoir
IT,h7377,0.6826437197242666,scr2007,stInflow,reservoir
IT,h7378,0.6826437197242666,scr2007,stInflow,reservoir
IT,h7379,0.6826437197242666,scr2007,stInflow,reservoir
IT,h7380,0.6826437197242666,scr2007,stInflow,reservoir
IT,h7381,0.6826437197242666,scr2007,stInflow,reservoir
IT,h7382,0.6826437197242666,scr2007,stInflow,reservoir
IT,h7383,0.6826437197242666,scr2007,stInflow,reservoir
IT,h7384,0.6826437197242666,scr2007,stInflow,reservoir
IT,h7385,0.6826437197242666,scr2007,stInflow,reservoir
IT,h7386,0.6826437197242666,scr2007,stInflow,reservoir
IT,h7387,0.6826437197242666,scr2007,stInflow,reservoir
IT,h7388,0.6826437197242666,scr2007,stInflow,reservoir
IT,h7389,0.6826437197242666,scr2007,stInflow,reservoir
IT,h7390,0.6826437197242666,scr2007,stInflow,reservoir
IT,h7391,0.6826437197242666,scr2007,stInflow,reservoir
IT,h7392,0.6826437197242666,scr2007,stInflow,reservoir
IT,h7393,0.6630486633893469,scr2007,stInflow,reservoir
IT,h7394,0.6434536649684574,scr2007,stInflow,reservoir
IT,h7395,0.6238587262254985,scr2007,stInflow,reservoir
IT,h7396,0.6238587262254985,scr2007,stInflow,reservoir
IT,h7397,0.6238587262254985,scr2007,stInflow,reservoir
IT,h7398,0.6238587262254985,scr2007,stInflow,reservoir
IT,h7399,0.6238587262254985,scr2007,stInflow,reservoir
IT,h7400,0.6238587262254985,scr2007,stInflow,reservoir
IT,h7401,0.6238587262254985,scr2007,stInflow,reservoir
IT,h7402,0.6238587262254985,scr2007,stInflow,reservoir
IT,h7403,0.6238587262254985,scr2007,stInflow,reservoir
IT,h7404,0.6238587262254985,scr2007,stInflow,reservoir
IT,h7405,0.6238587262254985,scr2007,stInflow,reservoir
IT,h7406,0.6238587262254985,scr2007,stInflow,reservoir
IT,h7407,0.6238587262254985,scr2007,stInflow,reservoir
IT,h7408,0.6238587262254985,scr2007,stInflow,reservoir
IT,h7409,0.6238587262254985,scr2007,stInflow,reservoir
IT,h7410,0.6238587262254985,scr2007,stInflow,reservoir
IT,h7411,0.6238587262254985,scr2007,stInflow,reservoir
IT,h7412,0.6238587262254985,scr2007,stInflow,reservoir
IT,h7413,0.6238587262254985,scr2007,stInflow,reservoir
IT,h7414,0.6238587262254985,scr2007,stInflow,reservoir
IT,h7415,0.6238587262254985,scr2007,stInflow,reservoir
IT,h7416,0.6238587262254985,scr2007,stInflow,reservoir
IT,h7417,0.6238587262254985,scr2007,stInflow,reservoir
IT,h7418,0.6238587262254985,scr2007,stInflow,reservoir
IT,h7419,0.6238587262254985,scr2007,stInflow,reservoir
IT,h7420,0.6238587262254985,scr2007,stInflow,reservoir
IT,h7421,0.6238587262254985,scr2007,stInflow,reservoir
IT,h7422,0.6238587262254985,scr2007,stInflow,reservoir
IT,h7423,0.6238587262254985,scr2007,stInflow,reservoir
IT,h7424,0.6238587262254985,scr2007,stInflow,reservoir
IT,h7425,0.6238587262254985,scr2007,stInflow,reservoir
IT,h7426,0.6238587262254985,scr2007,stInflow,reservoir
IT,h7427,0.6238587262254985,scr2007,stInflow,reservoir
IT,h7428,0.6238587262254985,scr2007,stInflow,reservoir
IT,h7429,0.6238587262254985,scr2007,stInflow,reservoir
IT,h7430,0.6238587262254985,scr2007,stInflow,reservoir
IT,h7431,0.6238587262254985,scr2007,stInflow,reservoir
IT,h7432,0.6238587262254985,scr2007,stInflow,reservoir
IT,h7433,0.6238587262254985,scr2007,stInflow,reservoir
IT,h7434,0.6238587262254985,scr2007,stInflow,reservoir
IT,h7435,0.6238587262254985,scr2007,stInflow,reservoir
IT,h7436,0.6238587262254985,scr2007,stInflow,reservoir
IT,h7437,0.6238587262254985,scr2007,stInflow,reservoir
IT,h7438,0.6238587262254985,scr2007,stInflow,reservoir
IT,h7439,0.6238587262254985,scr2007,stInflow,reservoir
IT,h7440,0.6238587262254985,scr2007,stInflow,reservoir
IT,h7441,0.6238587262254985,scr2007,stInflow,reservoir
IT,h7442,0.6238587262254985,scr2007,stInflow,reservoir
IT,h7443,0.6238587262254985,scr2007,stInflow,reservoir
IT,h7444,0.6238587262254985,scr2007,stInflow,reservoir
IT,h7445,0.6238587262254985,scr2007,stInflow,reservoir
IT,h7446,0.6238587262254985,scr2007,stInflow,reservoir
IT,h7447,0.6238587262254985,scr2007,stInflow,reservoir
IT,h7448,0.6238587262254985,scr2007,stInflow,reservoir
IT,h7449,0.6238587262254985,scr2007,stInflow,reservoir
IT,h7450,0.6238587262254985,scr2007,stInflow,reservoir
IT,h7451,0.6238587262254985,scr2007,stInflow,reservoir
IT,h7452,0.6238587262254985,scr2007,stInflow,reservoir
IT,h7453,0.6238587262254985,scr2007,stInflow,reservoir
IT,h7454,0.6238587262254985,scr2007,stInflow,reservoir
IT,h7455,0.6238587262254985,scr2007,stInflow,reservoir
IT,h7456,0.6238587262254985,scr2007,stInflow,reservoir
IT,h7457,0.6238587262254985,scr2007,stInflow,reservoir
IT,h7458,0.6238587262254985,scr2007,stInflow,reservoir
IT,h7459,0.6238587262254985,scr2007,stInflow,reservoir
IT,h7460,0.6238587262254985,scr2007,stInflow,reservoir
IT,h7461,0.6238587262254985,scr2007,stInflow,reservoir
IT,h7462,0.6238587262254985,scr2007,stInflow,reservoir
IT,h7463,0.6238587262254985,scr2007,stInflow,reservoir
IT,h7464,0.6238587262254985,scr2007,stInflow,reservoir
IT,h7465,0.6238587262254985,scr2007,stInflow,reservoir
IT,h7466,0.6238587262254985,scr2007,stInflow,reservoir
IT,h7467,0.6238587262254985,scr2007,stInflow,reservoir
IT,h7468,0.6238587262254985,scr2007,stInflow,reservoir
IT,h7469,0.6238587262254985,scr2007,stInflow,reservoir
IT,h7470,0.6238587262254985,scr2007,stInflow,reservoir
IT,h7471,0.6238587262254985,scr2007,stInflow,reservoir
IT,h7472,0.6238587262254985,scr2007,stInflow,reservoir
IT,h7473,0.6238587262254985,scr2007,stInflow,reservoir
IT,h7474,0.6238587262254985,scr2007,stInflow,reservoir
IT,h7475,0.6238587262254985,scr2007,stInflow,reservoir
IT,h7476,0.6238587262254985,scr2007,stInflow,reservoir
IT,h7477,0.6238587262254985,scr2007,stInflow,reservoir
IT,h7478,0.6238587262254985,scr2007,stInflow,reservoir
IT,h7479,0.6238587262254985,scr2007,stInflow,reservoir
IT,h7480,0.6238587262254985,scr2007,stInflow,reservoir
IT,h7481,0.6238587262254985,scr2007,stInflow,reservoir
IT,h7482,0.6238587262254985,scr2007,stInflow,reservoir
IT,h7483,0.6238587262254985,scr2007,stInflow,reservoir
IT,h7484,0.6238587262254985,scr2007,stInflow,reservoir
IT,h7485,0.6238587262254985,scr2007,stInflow,reservoir
IT,h7486,0.6238587262254985,scr2007,stInflow,reservoir
IT,h7487,0.6238587262254985,scr2007,stInflow,reservoir
IT,h7488,0.6238587262254985,scr2007,stInflow,reservoir
IT,h7489,0.6238587262254985,scr2007,stInflow,reservoir
IT,h7490,0.6238587262254985,scr2007,stInflow,reservoir
IT,h7491,0.6238587262254985,scr2007,stInflow,reservoir
IT,h7492,0.6238587262254985,scr2007,stInflow,reservoir
IT,h7493,0.6238587262254985,scr2007,stInflow,reservoir
IT,h7494,0.6238587262254985,scr2007,stInflow,reservoir
IT,h7495,0.6238587262254985,scr2007,stInflow,reservoir
IT,h7496,0.6238587262254985,scr2007,stInflow,reservoir
IT,h7497,0.6238587262254985,scr2007,stInflow,reservoir
IT,h7498,0.6238587262254985,scr2007,stInflow,reservoir
IT,h7499,0.6238587262254985,scr2007,stInflow,reservoir
IT,h7500,0.6238587262254985,scr2007,stInflow,reservoir
IT,h7501,0.6238587262254985,scr2007,stInflow,reservoir
IT,h7502,0.6238587262254985,scr2007,stInflow,reservoir
IT,h7503,0.6238587262254985,scr2007,stInflow,reservoir
IT,h7504,0.6238587262254985,scr2007,stInflow,reservoir
IT,h7505,0.6238587262254985,scr2007,stInflow,reservoir
IT,h7506,0.6238587262254985,scr2007,stInflow,reservoir
IT,h7507,0.6238587262254985,scr2007,stInflow,reservoir
IT,h7508,0.6238587262254985,scr2007,stInflow,reservoir
IT,h7509,0.6238587262254985,scr2007,stInflow,reservoir
IT,h7510,0.6238587262254985,scr2007,stInflow,reservoir
IT,h7511,0.6238587262254985,scr2007,stInflow,reservoir
IT,h7512,0.6238587262254985,scr2007,stInflow,reservoir
IT,h7513,0.6238587262254985,scr2007,stInflow,reservoir
IT,h7514,0.6238587262254985,scr2007,stInflow,reservoir
IT,h7515,0.6238587262254985,scr2007,stInflow,reservoir
IT,h7516,0.6238587262254985,scr2007,stInflow,reservoir
IT,h7517,0.6238587262254985,scr2007,stInflow,reservoir
IT,h7518,0.6238587262254985,scr2007,stInflow,reservoir
IT,h7519,0.6238587262254985,scr2007,stInflow,reservoir
IT,h7520,0.6238587262254985,scr2007,stInflow,reservoir
IT,h7521,0.6238587262254985,scr2007,stInflow,reservoir
IT,h7522,0.6238587262254985,scr2007,stInflow,reservoir
IT,h7523,0.6238587262254985,scr2007,stInflow,reservoir
IT,h7524,0.6238587262254985,scr2007,stInflow,reservoir
IT,h7525,0.6238587262254985,scr2007,stInflow,reservoir
IT,h7526,0.6238587262254985,scr2007,stInflow,reservoir
IT,h7527,0.6238587262254985,scr2007,stInflow,reservoir
IT,h7528,0.6238587262254985,scr2007,stInflow,reservoir
IT,h7529,0.6238587262254985,scr2007,stInflow,reservoir
IT,h7530,0.6238587262254985,scr2007,stInflow,reservoir
IT,h7531,0.6238587262254985,scr2007,stInflow,reservoir
IT,h7532,0.6238587262254985,scr2007,stInflow,reservoir
IT,h7533,0.6238587262254985,scr2007,stInflow,reservoir
IT,h7534,0.6238587262254985,scr2007,stInflow,reservoir
IT,h7535,0.6238587262254985,scr2007,stInflow,reservoir
IT,h7536,0.6238587262254985,scr2007,stInflow,reservoir
IT,h7537,0.6238587262254985,scr2007,stInflow,reservoir
IT,h7538,0.6238587262254985,scr2007,stInflow,reservoir
IT,h7539,0.6238587262254985,scr2007,stInflow,reservoir
IT,h7540,0.6238587262254985,scr2007,stInflow,reservoir
IT,h7541,0.6238587262254985,scr2007,stInflow,reservoir
IT,h7542,0.6238587262254985,scr2007,stInflow,reservoir
IT,h7543,0.6238587262254985,scr2007,stInflow,reservoir
IT,h7544,0.6238587262254985,scr2007,stInflow,reservoir
IT,h7545,0.6238587262254985,scr2007,stInflow,reservoir
IT,h7546,0.6238587262254985,scr2007,stInflow,reservoir
IT,h7547,0.6238587262254985,scr2007,stInflow,reservoir
IT,h7548,0.6238587262254985,scr2007,stInflow,reservoir
IT,h7549,0.6238587262254985,scr2007,stInflow,reservoir
IT,h7550,0.6238587262254985,scr2007,stInflow,reservoir
IT,h7551,0.6238587262254985,scr2007,stInflow,reservoir
IT,h7552,0.6238587262254985,scr2007,stInflow,reservoir
IT,h7553,0.6238587262254985,scr2007,stInflow,reservoir
IT,h7554,0.6238587262254985,scr2007,stInflow,reservoir
IT,h7555,0.6238587262254985,scr2007,stInflow,reservoir
IT,h7556,0.6238587262254985,scr2007,stInflow,reservoir
IT,h7557,0.6238587262254985,scr2007,stInflow,reservoir
IT,h7558,0.6238587262254985,scr2007,stInflow,reservoir
IT,h7559,0.6238587262254985,scr2007,stInflow,reservoir
IT,h7560,0.6238587262254985,scr2007,stInflow,reservoir
IT,h7561,0.6199487313569472,scr2007,stInflow,reservoir
IT,h7562,0.6160387389542912,scr2007,stInflow,reservoir
IT,h7563,0.612128749033179,scr2007,stInflow,reservoir
IT,h7564,0.612128749033179,scr2007,stInflow,reservoir
IT,h7565,0.612128749033179,scr2007,stInflow,reservoir
IT,h7566,0.612128749033179,scr2007,stInflow,reservoir
IT,h7567,0.612128749033179,scr2007,stInflow,reservoir
IT,h7568,0.612128749033179,scr2007,stInflow,reservoir
IT,h7569,0.612128749033179,scr2007,stInflow,reservoir
IT,h7570,0.612128749033179,scr2007,stInflow,reservoir
IT,h7571,0.612128749033179,scr2007,stInflow,reservoir
IT,h7572,0.612128749033179,scr2007,stInflow,reservoir
IT,h7573,0.612128749033179,scr2007,stInflow,reservoir
IT,h7574,0.612128749033179,scr2007,stInflow,reservoir
IT,h7575,0.612128749033179,scr2007,stInflow,reservoir
IT,h7576,0.612128749033179,scr2007,stInflow,reservoir
IT,h7577,0.612128749033179,scr2007,stInflow,reservoir
IT,h7578,0.612128749033179,scr2007,stInflow,reservoir
IT,h7579,0.612128749033179,scr2007,stInflow,reservoir
IT,h7580,0.612128749033179,scr2007,stInflow,reservoir
IT,h7581,0.612128749033179,scr2007,stInflow,reservoir
IT,h7582,0.612128749033179,scr2007,stInflow,reservoir
IT,h7583,0.612128749033179,scr2007,stInflow,reservoir
IT,h7584,0.612128749033179,scr2007,stInflow,reservoir
IT,h7585,0.612128749033179,scr2007,stInflow,reservoir
IT,h7586,0.612128749033179,scr2007,stInflow,reservoir
IT,h7587,0.612128749033179,scr2007,stInflow,reservoir
IT,h7588,0.612128749033179,scr2007,stInflow,reservoir
IT,h7589,0.612128749033179,scr2007,stInflow,reservoir
IT,h7590,0.612128749033179,scr2007,stInflow,reservoir
IT,h7591,0.612128749033179,scr2007,stInflow,reservoir
IT,h7592,0.612128749033179,scr2007,stInflow,reservoir
IT,h7593,0.612128749033179,scr2007,stInflow,reservoir
IT,h7594,0.612128749033179,scr2007,stInflow,reservoir
IT,h7595,0.612128749033179,scr2007,stInflow,reservoir
IT,h7596,0.612128749033179,scr2007,stInflow,reservoir
IT,h7597,0.612128749033179,scr2007,stInflow,reservoir
IT,h7598,0.612128749033179,scr2007,stInflow,reservoir
IT,h7599,0.612128749033179,scr2007,stInflow,reservoir
IT,h7600,0.612128749033179,scr2007,stInflow,reservoir
IT,h7601,0.612128749033179,scr2007,stInflow,reservoir
IT,h7602,0.612128749033179,scr2007,stInflow,reservoir
IT,h7603,0.612128749033179,scr2007,stInflow,reservoir
IT,h7604,0.612128749033179,scr2007,stInflow,reservoir
IT,h7605,0.612128749033179,scr2007,stInflow,reservoir
IT,h7606,0.612128749033179,scr2007,stInflow,reservoir
IT,h7607,0.612128749033179,scr2007,stInflow,reservoir
IT,h7608,0.612128749033179,scr2007,stInflow,reservoir
IT,h7609,0.612128749033179,scr2007,stInflow,reservoir
IT,h7610,0.612128749033179,scr2007,stInflow,reservoir
IT,h7611,0.612128749033179,scr2007,stInflow,reservoir
IT,h7612,0.612128749033179,scr2007,stInflow,reservoir
IT,h7613,0.612128749033179,scr2007,stInflow,reservoir
IT,h7614,0.612128749033179,scr2007,stInflow,reservoir
IT,h7615,0.612128749033179,scr2007,stInflow,reservoir
IT,h7616,0.612128749033179,scr2007,stInflow,reservoir
IT,h7617,0.612128749033179,scr2007,stInflow,reservoir
IT,h7618,0.612128749033179,scr2007,stInflow,reservoir
IT,h7619,0.612128749033179,scr2007,stInflow,reservoir
IT,h7620,0.612128749033179,scr2007,stInflow,reservoir
IT,h7621,0.612128749033179,scr2007,stInflow,reservoir
IT,h7622,0.612128749033179,scr2007,stInflow,reservoir
IT,h7623,0.612128749033179,scr2007,stInflow,reservoir
IT,h7624,0.612128749033179,scr2007,stInflow,reservoir
IT,h7625,0.612128749033179,scr2007,stInflow,reservoir
IT,h7626,0.612128749033179,scr2007,stInflow,reservoir
IT,h7627,0.612128749033179,scr2007,stInflow,reservoir
IT,h7628,0.612128749033179,scr2007,stInflow,reservoir
IT,h7629,0.612128749033179,scr2007,stInflow,reservoir
IT,h7630,0.612128749033179,scr2007,stInflow,reservoir
IT,h7631,0.612128749033179,scr2007,stInflow,reservoir
IT,h7632,0.612128749033179,scr2007,stInflow,reservoir
IT,h7633,0.612128749033179,scr2007,stInflow,reservoir
IT,h7634,0.612128749033179,scr2007,stInflow,reservoir
IT,h7635,0.612128749033179,scr2007,stInflow,reservoir
IT,h7636,0.612128749033179,scr2007,stInflow,reservoir
IT,h7637,0.612128749033179,scr2007,stInflow,reservoir
IT,h7638,0.612128749033179,scr2007,stInflow,reservoir
IT,h7639,0.612128749033179,scr2007,stInflow,reservoir
IT,h7640,0.612128749033179,scr2007,stInflow,reservoir
IT,h7641,0.612128749033179,scr2007,stInflow,reservoir
IT,h7642,0.612128749033179,scr2007,stInflow,reservoir
IT,h7643,0.612128749033179,scr2007,stInflow,reservoir
IT,h7644,0.612128749033179,scr2007,stInflow,reservoir
IT,h7645,0.612128749033179,scr2007,stInflow,reservoir
IT,h7646,0.612128749033179,scr2007,stInflow,reservoir
IT,h7647,0.612128749033179,scr2007,stInflow,reservoir
IT,h7648,0.612128749033179,scr2007,stInflow,reservoir
IT,h7649,0.612128749033179,scr2007,stInflow,reservoir
IT,h7650,0.612128749033179,scr2007,stInflow,reservoir
IT,h7651,0.612128749033179,scr2007,stInflow,reservoir
IT,h7652,0.612128749033179,scr2007,stInflow,reservoir
IT,h7653,0.612128749033179,scr2007,stInflow,reservoir
IT,h7654,0.612128749033179,scr2007,stInflow,reservoir
IT,h7655,0.612128749033179,scr2007,stInflow,reservoir
IT,h7656,0.612128749033179,scr2007,stInflow,reservoir
IT,h7657,0.612128749033179,scr2007,stInflow,reservoir
IT,h7658,0.612128749033179,scr2007,stInflow,reservoir
IT,h7659,0.612128749033179,scr2007,stInflow,reservoir
IT,h7660,0.612128749033179,scr2007,stInflow,reservoir
IT,h7661,0.612128749033179,scr2007,stInflow,reservoir
IT,h7662,0.612128749033179,scr2007,stInflow,reservoir
IT,h7663,0.612128749033179,scr2007,stInflow,reservoir
IT,h7664,0.612128749033179,scr2007,stInflow,reservoir
IT,h7665,0.612128749033179,scr2007,stInflow,reservoir
IT,h7666,0.612128749033179,scr2007,stInflow,reservoir
IT,h7667,0.612128749033179,scr2007,stInflow,reservoir
IT,h7668,0.612128749033179,scr2007,stInflow,reservoir
IT,h7669,0.612128749033179,scr2007,stInflow,reservoir
IT,h7670,0.612128749033179,scr2007,stInflow,reservoir
IT,h7671,0.612128749033179,scr2007,stInflow,reservoir
IT,h7672,0.612128749033179,scr2007,stInflow,reservoir
IT,h7673,0.612128749033179,scr2007,stInflow,reservoir
IT,h7674,0.612128749033179,scr2007,stInflow,reservoir
IT,h7675,0.612128749033179,scr2007,stInflow,reservoir
IT,h7676,0.612128749033179,scr2007,stInflow,reservoir
IT,h7677,0.612128749033179,scr2007,stInflow,reservoir
IT,h7678,0.612128749033179,scr2007,stInflow,reservoir
IT,h7679,0.612128749033179,scr2007,stInflow,reservoir
IT,h7680,0.612128749033179,scr2007,stInflow,reservoir
IT,h7681,0.612128749033179,scr2007,stInflow,reservoir
IT,h7682,0.612128749033179,scr2007,stInflow,reservoir
IT,h7683,0.612128749033179,scr2007,stInflow,reservoir
IT,h7684,0.612128749033179,scr2007,stInflow,reservoir
IT,h7685,0.612128749033179,scr2007,stInflow,reservoir
IT,h7686,0.612128749033179,scr2007,stInflow,reservoir
IT,h7687,0.612128749033179,scr2007,stInflow,reservoir
IT,h7688,0.612128749033179,scr2007,stInflow,reservoir
IT,h7689,0.612128749033179,scr2007,stInflow,reservoir
IT,h7690,0.612128749033179,scr2007,stInflow,reservoir
IT,h7691,0.612128749033179,scr2007,stInflow,reservoir
IT,h7692,0.612128749033179,scr2007,stInflow,reservoir
IT,h7693,0.612128749033179,scr2007,stInflow,reservoir
IT,h7694,0.612128749033179,scr2007,stInflow,reservoir
IT,h7695,0.612128749033179,scr2007,stInflow,reservoir
IT,h7696,0.612128749033179,scr2007,stInflow,reservoir
IT,h7697,0.612128749033179,scr2007,stInflow,reservoir
IT,h7698,0.612128749033179,scr2007,stInflow,reservoir
IT,h7699,0.612128749033179,scr2007,stInflow,reservoir
IT,h7700,0.612128749033179,scr2007,stInflow,reservoir
IT,h7701,0.612128749033179,scr2007,stInflow,reservoir
IT,h7702,0.612128749033179,scr2007,stInflow,reservoir
IT,h7703,0.612128749033179,scr2007,stInflow,reservoir
IT,h7704,0.612128749033179,scr2007,stInflow,reservoir
IT,h7705,0.612128749033179,scr2007,stInflow,reservoir
IT,h7706,0.612128749033179,scr2007,stInflow,reservoir
IT,h7707,0.612128749033179,scr2007,stInflow,reservoir
IT,h7708,0.612128749033179,scr2007,stInflow,reservoir
IT,h7709,0.612128749033179,scr2007,stInflow,reservoir
IT,h7710,0.612128749033179,scr2007,stInflow,reservoir
IT,h7711,0.612128749033179,scr2007,stInflow,reservoir
IT,h7712,0.612128749033179,scr2007,stInflow,reservoir
IT,h7713,0.612128749033179,scr2007,stInflow,reservoir
IT,h7714,0.612128749033179,scr2007,stInflow,reservoir
IT,h7715,0.612128749033179,scr2007,stInflow,reservoir
IT,h7716,0.612128749033179,scr2007,stInflow,reservoir
IT,h7717,0.612128749033179,scr2007,stInflow,reservoir
IT,h7718,0.612128749033179,scr2007,stInflow,reservoir
IT,h7719,0.612128749033179,scr2007,stInflow,reservoir
IT,h7720,0.612128749033179,scr2007,stInflow,reservoir
IT,h7721,0.612128749033179,scr2007,stInflow,reservoir
IT,h7722,0.612128749033179,scr2007,stInflow,reservoir
IT,h7723,0.612128749033179,scr2007,stInflow,reservoir
IT,h7724,0.612128749033179,scr2007,stInflow,reservoir
IT,h7725,0.612128749033179,scr2007,stInflow,reservoir
IT,h7726,0.612128749033179,scr2007,stInflow,reservoir
IT,h7727,0.612128749033179,scr2007,stInflow,reservoir
IT,h7728,0.612128749033179,scr2007,stInflow,reservoir
IT,h7729,0.6240586847214369,scr2007,stInflow,reservoir
IT,h7730,0.6359886432159181,scr2007,stInflow,reservoir
IT,h7731,0.6479186240888364,scr2007,stInflow,reservoir
IT,h7732,0.6479186240888364,scr2007,stInflow,reservoir
IT,h7733,0.6479186240888364,scr2007,stInflow,reservoir
IT,h7734,0.6479186240888364,scr2007,stInflow,reservoir
IT,h7735,0.6479186240888364,scr2007,stInflow,reservoir
IT,h7736,0.6479186240888364,scr2007,stInflow,reservoir
IT,h7737,0.6479186240888364,scr2007,stInflow,reservoir
IT,h7738,0.6479186240888364,scr2007,stInflow,reservoir
IT,h7739,0.6479186240888364,scr2007,stInflow,reservoir
IT,h7740,0.6479186240888364,scr2007,stInflow,reservoir
IT,h7741,0.6479186240888364,scr2007,stInflow,reservoir
IT,h7742,0.6479186240888364,scr2007,stInflow,reservoir
IT,h7743,0.6479186240888364,scr2007,stInflow,reservoir
IT,h7744,0.6479186240888364,scr2007,stInflow,reservoir
IT,h7745,0.6479186240888364,scr2007,stInflow,reservoir
IT,h7746,0.6479186240888364,scr2007,stInflow,reservoir
IT,h7747,0.6479186240888364,scr2007,stInflow,reservoir
IT,h7748,0.6479186240888364,scr2007,stInflow,reservoir
IT,h7749,0.6479186240888364,scr2007,stInflow,reservoir
IT,h7750,0.6479186240888364,scr2007,stInflow,reservoir
IT,h7751,0.6479186240888364,scr2007,stInflow,reservoir
IT,h7752,0.6479186240888364,scr2007,stInflow,reservoir
IT,h7753,0.6479186240888364,scr2007,stInflow,reservoir
IT,h7754,0.6479186240888364,scr2007,stInflow,reservoir
IT,h7755,0.6479186240888364,scr2007,stInflow,reservoir
IT,h7756,0.6479186240888364,scr2007,stInflow,reservoir
IT,h7757,0.6479186240888364,scr2007,stInflow,reservoir
IT,h7758,0.6479186240888364,scr2007,stInflow,reservoir
IT,h7759,0.6479186240888364,scr2007,stInflow,reservoir
IT,h7760,0.6479186240888364,scr2007,stInflow,reservoir
IT,h7761,0.6479186240888364,scr2007,stInflow,reservoir
IT,h7762,0.6479186240888364,scr2007,stInflow,reservoir
IT,h7763,0.6479186240888364,scr2007,stInflow,reservoir
IT,h7764,0.6479186240888364,scr2007,stInflow,reservoir
IT,h7765,0.6479186240888364,scr2007,stInflow,reservoir
IT,h7766,0.6479186240888364,scr2007,stInflow,reservoir
IT,h7767,0.6479186240888364,scr2007,stInflow,reservoir
IT,h7768,0.6479186240888364,scr2007,stInflow,reservoir
IT,h7769,0.6479186240888364,scr2007,stInflow,reservoir
IT,h7770,0.6479186240888364,scr2007,stInflow,reservoir
IT,h7771,0.6479186240888364,scr2007,stInflow,reservoir
IT,h7772,0.6479186240888364,scr2007,stInflow,reservoir
IT,h7773,0.6479186240888364,scr2007,stInflow,reservoir
IT,h7774,0.6479186240888364,scr2007,stInflow,reservoir
IT,h7775,0.6479186240888364,scr2007,stInflow,reservoir
IT,h7776,0.6479186240888364,scr2007,stInflow,reservoir
IT,h7777,0.6479186240888364,scr2007,stInflow,reservoir
IT,h7778,0.6479186240888364,scr2007,stInflow,reservoir
IT,h7779,0.6479186240888364,scr2007,stInflow,reservoir
IT,h7780,0.6479186240888364,scr2007,stInflow,reservoir
IT,h7781,0.6479186240888364,scr2007,stInflow,reservoir
IT,h7782,0.6479186240888364,scr2007,stInflow,reservoir
IT,h7783,0.6479186240888364,scr2007,stInflow,reservoir
IT,h7784,0.6479186240888364,scr2007,stInflow,reservoir
IT,h7785,0.6479186240888364,scr2007,stInflow,reservoir
IT,h7786,0.6479186240888364,scr2007,stInflow,reservoir
IT,h7787,0.6479186240888364,scr2007,stInflow,reservoir
IT,h7788,0.6479186240888364,scr2007,stInflow,reservoir
IT,h7789,0.6479186240888364,scr2007,stInflow,reservoir
IT,h7790,0.6479186240888364,scr2007,stInflow,reservoir
IT,h7791,0.6479186240888364,scr2007,stInflow,reservoir
IT,h7792,0.6479186240888364,scr2007,stInflow,reservoir
IT,h7793,0.6479186240888364,scr2007,stInflow,reservoir
IT,h7794,0.6479186240888364,scr2007,stInflow,reservoir
IT,h7795,0.6479186240888364,scr2007,stInflow,reservoir
IT,h7796,0.6479186240888364,scr2007,stInflow,reservoir
IT,h7797,0.6479186240888364,scr2007,stInflow,reservoir
IT,h7798,0.6479186240888364,scr2007,stInflow,reservoir
IT,h7799,0.6479186240888364,scr2007,stInflow,reservoir
IT,h7800,0.6479186240888364,scr2007,stInflow,reservoir
IT,h7801,0.6479186240888364,scr2007,stInflow,reservoir
IT,h7802,0.6479186240888364,scr2007,stInflow,reservoir
IT,h7803,0.6479186240888364,scr2007,stInflow,reservoir
IT,h7804,0.6479186240888364,scr2007,stInflow,reservoir
IT,h7805,0.6479186240888364,scr2007,stInflow,reservoir
IT,h7806,0.6479186240888364,scr2007,stInflow,reservoir
IT,h7807,0.6479186240888364,scr2007,stInflow,reservoir
IT,h7808,0.6479186240888364,scr2007,stInflow,reservoir
IT,h7809,0.6479186240888364,scr2007,stInflow,reservoir
IT,h7810,0.6479186240888364,scr2007,stInflow,reservoir
IT,h7811,0.6479186240888364,scr2007,stInflow,reservoir
IT,h7812,0.6479186240888364,scr2007,stInflow,reservoir
IT,h7813,0.6479186240888364,scr2007,stInflow,reservoir
IT,h7814,0.6479186240888364,scr2007,stInflow,reservoir
IT,h7815,0.6479186240888364,scr2007,stInflow,reservoir
IT,h7816,0.6479186240888364,scr2007,stInflow,reservoir
IT,h7817,0.6479186240888364,scr2007,stInflow,reservoir
IT,h7818,0.6479186240888364,scr2007,stInflow,reservoir
IT,h7819,0.6479186240888364,scr2007,stInflow,reservoir
IT,h7820,0.6479186240888364,scr2007,stInflow,reservoir
IT,h7821,0.6479186240888364,scr2007,stInflow,reservoir
IT,h7822,0.6479186240888364,scr2007,stInflow,reservoir
IT,h7823,0.6479186240888364,scr2007,stInflow,reservoir
IT,h7824,0.6479186240888364,scr2007,stInflow,reservoir
IT,h7825,0.6479186240888364,scr2007,stInflow,reservoir
IT,h7826,0.6479186240888364,scr2007,stInflow,reservoir
IT,h7827,0.6479186240888364,scr2007,stInflow,reservoir
IT,h7828,0.6479186240888364,scr2007,stInflow,reservoir
IT,h7829,0.6479186240888364,scr2007,stInflow,reservoir
IT,h7830,0.6479186240888364,scr2007,stInflow,reservoir
IT,h7831,0.6479186240888364,scr2007,stInflow,reservoir
IT,h7832,0.6479186240888364,scr2007,stInflow,reservoir
IT,h7833,0.6479186240888364,scr2007,stInflow,reservoir
IT,h7834,0.6479186240888364,scr2007,stInflow,reservoir
IT,h7835,0.6479186240888364,scr2007,stInflow,reservoir
IT,h7836,0.6479186240888364,scr2007,stInflow,reservoir
IT,h7837,0.6479186240888364,scr2007,stInflow,reservoir
IT,h7838,0.6479186240888364,scr2007,stInflow,reservoir
IT,h7839,0.6479186240888364,scr2007,stInflow,reservoir
IT,h7840,0.6479186240888364,scr2007,stInflow,reservoir
IT,h7841,0.6479186240888364,scr2007,stInflow,reservoir
IT,h7842,0.6479186240888364,scr2007,stInflow,reservoir
IT,h7843,0.6479186240888364,scr2007,stInflow,reservoir
IT,h7844,0.6479186240888364,scr2007,stInflow,reservoir
IT,h7845,0.6479186240888364,scr2007,stInflow,reservoir
IT,h7846,0.6479186240888364,scr2007,stInflow,reservoir
IT,h7847,0.6479186240888364,scr2007,stInflow,reservoir
IT,h7848,0.6479186240888364,scr2007,stInflow,reservoir
IT,h7849,0.6479186240888364,scr2007,stInflow,reservoir
IT,h7850,0.6479186240888364,scr2007,stInflow,reservoir
IT,h7851,0.6479186240888364,scr2007,stInflow,reservoir
IT,h7852,0.6479186240888364,scr2007,stInflow,reservoir
IT,h7853,0.6479186240888364,scr2007,stInflow,reservoir
IT,h7854,0.6479186240888364,scr2007,stInflow,reservoir
IT,h7855,0.6479186240888364,scr2007,stInflow,reservoir
IT,h7856,0.6479186240888364,scr2007,stInflow,reservoir
IT,h7857,0.6479186240888364,scr2007,stInflow,reservoir
IT,h7858,0.6479186240888364,scr2007,stInflow,reservoir
IT,h7859,0.6479186240888364,scr2007,stInflow,reservoir
IT,h7860,0.6479186240888364,scr2007,stInflow,reservoir
IT,h7861,0.6479186240888364,scr2007,stInflow,reservoir
IT,h7862,0.6479186240888364,scr2007,stInflow,reservoir
IT,h7863,0.6479186240888364,scr2007,stInflow,reservoir
IT,h7864,0.6479186240888364,scr2007,stInflow,reservoir
IT,h7865,0.6479186240888364,scr2007,stInflow,reservoir
IT,h7866,0.6479186240888364,scr2007,stInflow,reservoir
IT,h7867,0.6479186240888364,scr2007,stInflow,reservoir
IT,h7868,0.6479186240888364,scr2007,stInflow,reservoir
IT,h7869,0.6479186240888364,scr2007,stInflow,reservoir
IT,h7870,0.6479186240888364,scr2007,stInflow,reservoir
IT,h7871,0.6479186240888364,scr2007,stInflow,reservoir
IT,h7872,0.6479186240888364,scr2007,stInflow,reservoir
IT,h7873,0.6479186240888364,scr2007,stInflow,reservoir
IT,h7874,0.6479186240888364,scr2007,stInflow,reservoir
IT,h7875,0.6479186240888364,scr2007,stInflow,reservoir
IT,h7876,0.6479186240888364,scr2007,stInflow,reservoir
IT,h7877,0.6479186240888364,scr2007,stInflow,reservoir
IT,h7878,0.6479186240888364,scr2007,stInflow,reservoir
IT,h7879,0.6479186240888364,scr2007,stInflow,reservoir
IT,h7880,0.6479186240888364,scr2007,stInflow,reservoir
IT,h7881,0.6479186240888364,scr2007,stInflow,reservoir
IT,h7882,0.6479186240888364,scr2007,stInflow,reservoir
IT,h7883,0.6479186240888364,scr2007,stInflow,reservoir
IT,h7884,0.6479186240888364,scr2007,stInflow,reservoir
IT,h7885,0.6479186240888364,scr2007,stInflow,reservoir
IT,h7886,0.6479186240888364,scr2007,stInflow,reservoir
IT,h7887,0.6479186240888364,scr2007,stInflow,reservoir
IT,h7888,0.6479186240888364,scr2007,stInflow,reservoir
IT,h7889,0.6479186240888364,scr2007,stInflow,reservoir
IT,h7890,0.6479186240888364,scr2007,stInflow,reservoir
IT,h7891,0.6479186240888364,scr2007,stInflow,reservoir
IT,h7892,0.6479186240888364,scr2007,stInflow,reservoir
IT,h7893,0.6479186240888364,scr2007,stInflow,reservoir
IT,h7894,0.6479186240888364,scr2007,stInflow,reservoir
IT,h7895,0.6479186240888364,scr2007,stInflow,reservoir
IT,h7896,0.6479186240888364,scr2007,stInflow,reservoir
IT,h7897,0.6704764470478121,scr2007,stInflow,reservoir
IT,h7898,0.6930343459114194,scr2007,stInflow,reservoir
IT,h7899,0.7155923182085059,scr2007,stInflow,reservoir
IT,h7900,0.7155923182085059,scr2007,stInflow,reservoir
IT,h7901,0.7155923182085059,scr2007,stInflow,reservoir
IT,h7902,0.7155923182085059,scr2007,stInflow,reservoir
IT,h7903,0.7155923182085059,scr2007,stInflow,reservoir
IT,h7904,0.7155923182085059,scr2007,stInflow,reservoir
IT,h7905,0.7155923182085059,scr2007,stInflow,reservoir
IT,h7906,0.7155923182085059,scr2007,stInflow,reservoir
IT,h7907,0.7155923182085059,scr2007,stInflow,reservoir
IT,h7908,0.7155923182085059,scr2007,stInflow,reservoir
IT,h7909,0.7155923182085059,scr2007,stInflow,reservoir
IT,h7910,0.7155923182085059,scr2007,stInflow,reservoir
IT,h7911,0.7155923182085059,scr2007,stInflow,reservoir
IT,h7912,0.7155923182085059,scr2007,stInflow,reservoir
IT,h7913,0.7155923182085059,scr2007,stInflow,reservoir
IT,h7914,0.7155923182085059,scr2007,stInflow,reservoir
IT,h7915,0.7155923182085059,scr2007,stInflow,reservoir
IT,h7916,0.7155923182085059,scr2007,stInflow,reservoir
IT,h7917,0.7155923182085059,scr2007,stInflow,reservoir
IT,h7918,0.7155923182085059,scr2007,stInflow,reservoir
IT,h7919,0.7155923182085059,scr2007,stInflow,reservoir
IT,h7920,0.7155923182085059,scr2007,stInflow,reservoir
IT,h7921,0.7155923182085059,scr2007,stInflow,reservoir
IT,h7922,0.7155923182085059,scr2007,stInflow,reservoir
IT,h7923,0.7155923182085059,scr2007,stInflow,reservoir
IT,h7924,0.7155923182085059,scr2007,stInflow,reservoir
IT,h7925,0.7155923182085059,scr2007,stInflow,reservoir
IT,h7926,0.7155923182085059,scr2007,stInflow,reservoir
IT,h7927,0.7155923182085059,scr2007,stInflow,reservoir
IT,h7928,0.7155923182085059,scr2007,stInflow,reservoir
IT,h7929,0.7155923182085059,scr2007,stInflow,reservoir
IT,h7930,0.7155923182085059,scr2007,stInflow,reservoir
IT,h7931,0.7155923182085059,scr2007,stInflow,reservoir
IT,h7932,0.7155923182085059,scr2007,stInflow,reservoir
IT,h7933,0.7155923182085059,scr2007,stInflow,reservoir
IT,h7934,0.7155923182085059,scr2007,stInflow,reservoir
IT,h7935,0.7155923182085059,scr2007,stInflow,reservoir
IT,h7936,0.7155923182085059,scr2007,stInflow,reservoir
IT,h7937,0.7155923182085059,scr2007,stInflow,reservoir
IT,h7938,0.7155923182085059,scr2007,stInflow,reservoir
IT,h7939,0.7155923182085059,scr2007,stInflow,reservoir
IT,h7940,0.7155923182085059,scr2007,stInflow,reservoir
IT,h7941,0.7155923182085059,scr2007,stInflow,reservoir
IT,h7942,0.7155923182085059,scr2007,stInflow,reservoir
IT,h7943,0.7155923182085059,scr2007,stInflow,reservoir
IT,h7944,0.7155923182085059,scr2007,stInflow,reservoir
IT,h7945,0.7155923182085059,scr2007,stInflow,reservoir
IT,h7946,0.7155923182085059,scr2007,stInflow,reservoir
IT,h7947,0.7155923182085059,scr2007,stInflow,reservoir
IT,h7948,0.7155923182085059,scr2007,stInflow,reservoir
IT,h7949,0.7155923182085059,scr2007,stInflow,reservoir
IT,h7950,0.7155923182085059,scr2007,stInflow,reservoir
IT,h7951,0.7155923182085059,scr2007,stInflow,reservoir
IT,h7952,0.7155923182085059,scr2007,stInflow,reservoir
IT,h7953,0.7155923182085059,scr2007,stInflow,reservoir
IT,h7954,0.7155923182085059,scr2007,stInflow,reservoir
IT,h7955,0.7155923182085059,scr2007,stInflow,reservoir
IT,h7956,0.7155923182085059,scr2007,stInflow,reservoir
IT,h7957,0.7155923182085059,scr2007,stInflow,reservoir
IT,h7958,0.7155923182085059,scr2007,stInflow,reservoir
IT,h7959,0.7155923182085059,scr2007,stInflow,reservoir
IT,h7960,0.7155923182085059,scr2007,stInflow,reservoir
IT,h7961,0.7155923182085059,scr2007,stInflow,reservoir
IT,h7962,0.7155923182085059,scr2007,stInflow,reservoir
IT,h7963,0.7155923182085059,scr2007,stInflow,reservoir
IT,h7964,0.7155923182085059,scr2007,stInflow,reservoir
IT,h7965,0.7155923182085059,scr2007,stInflow,reservoir
IT,h7966,0.7155923182085059,scr2007,stInflow,reservoir
IT,h7967,0.7155923182085059,scr2007,stInflow,reservoir
IT,h7968,0.7155923182085059,scr2007,stInflow,reservoir
IT,h7969,0.7155923182085059,scr2007,stInflow,reservoir
IT,h7970,0.7155923182085059,scr2007,stInflow,reservoir
IT,h7971,0.7155923182085059,scr2007,stInflow,reservoir
IT,h7972,0.7155923182085059,scr2007,stInflow,reservoir
IT,h7973,0.7155923182085059,scr2007,stInflow,reservoir
IT,h7974,0.7155923182085059,scr2007,stInflow,reservoir
IT,h7975,0.7155923182085059,scr2007,stInflow,reservoir
IT,h7976,0.7155923182085059,scr2007,stInflow,reservoir
IT,h7977,0.7155923182085059,scr2007,stInflow,reservoir
IT,h7978,0.7155923182085059,scr2007,stInflow,reservoir
IT,h7979,0.7155923182085059,scr2007,stInflow,reservoir
IT,h7980,0.7155923182085059,scr2007,stInflow,reservoir
IT,h7981,0.7155923182085059,scr2007,stInflow,reservoir
IT,h7982,0.7155923182085059,scr2007,stInflow,reservoir
IT,h7983,0.7155923182085059,scr2007,stInflow,reservoir
IT,h7984,0.7155923182085059,scr2007,stInflow,reservoir
IT,h7985,0.7155923182085059,scr2007,stInflow,reservoir
IT,h7986,0.7155923182085059,scr2007,stInflow,reservoir
IT,h7987,0.7155923182085059,scr2007,stInflow,reservoir
IT,h7988,0.7155923182085059,scr2007,stInflow,reservoir
IT,h7989,0.7155923182085059,scr2007,stInflow,reservoir
IT,h7990,0.7155923182085059,scr2007,stInflow,reservoir
IT,h7991,0.7155923182085059,scr2007,stInflow,reservoir
IT,h7992,0.7155923182085059,scr2007,stInflow,reservoir
IT,h7993,0.7155923182085059,scr2007,stInflow,reservoir
IT,h7994,0.7155923182085059,scr2007,stInflow,reservoir
IT,h7995,0.7155923182085059,scr2007,stInflow,reservoir
IT,h7996,0.7155923182085059,scr2007,stInflow,reservoir
IT,h7997,0.7155923182085059,scr2007,stInflow,reservoir
IT,h7998,0.7155923182085059,scr2007,stInflow,reservoir
IT,h7999,0.7155923182085059,scr2007,stInflow,reservoir
IT,h8000,0.7155923182085059,scr2007,stInflow,reservoir
IT,h8001,0.7155923182085059,scr2007,stInflow,reservoir
IT,h8002,0.7155923182085059,scr2007,stInflow,reservoir
IT,h8003,0.7155923182085059,scr2007,stInflow,reservoir
IT,h8004,0.7155923182085059,scr2007,stInflow,reservoir
IT,h8005,0.7155923182085059,scr2007,stInflow,reservoir
IT,h8006,0.7155923182085059,scr2007,stInflow,reservoir
IT,h8007,0.7155923182085059,scr2007,stInflow,reservoir
IT,h8008,0.7155923182085059,scr2007,stInflow,reservoir
IT,h8009,0.7155923182085059,scr2007,stInflow,reservoir
IT,h8010,0.7155923182085059,scr2007,stInflow,reservoir
IT,h8011,0.7155923182085059,scr2007,stInflow,reservoir
IT,h8012,0.7155923182085059,scr2007,stInflow,reservoir
IT,h8013,0.7155923182085059,scr2007,stInflow,reservoir
IT,h8014,0.7155923182085059,scr2007,stInflow,reservoir
IT,h8015,0.7155923182085059,scr2007,stInflow,reservoir
IT,h8016,0.7155923182085059,scr2007,stInflow,reservoir
IT,h8017,0.7155923182085059,scr2007,stInflow,reservoir
IT,h8018,0.7155923182085059,scr2007,stInflow,reservoir
IT,h8019,0.7155923182085059,scr2007,stInflow,reservoir
IT,h8020,0.7155923182085059,scr2007,stInflow,reservoir
IT,h8021,0.7155923182085059,scr2007,stInflow,reservoir
IT,h8022,0.7155923182085059,scr2007,stInflow,reservoir
IT,h8023,0.7155923182085059,scr2007,stInflow,reservoir
IT,h8024,0.7155923182085059,scr2007,stInflow,reservoir
IT,h8025,0.7155923182085059,scr2007,stInflow,reservoir
IT,h8026,0.7155923182085059,scr2007,stInflow,reservoir
IT,h8027,0.7155923182085059,scr2007,stInflow,reservoir
IT,h8028,0.7155923182085059,scr2007,stInflow,reservoir
IT,h8029,0.7155923182085059,scr2007,stInflow,reservoir
IT,h8030,0.7155923182085059,scr2007,stInflow,reservoir
IT,h8031,0.7155923182085059,scr2007,stInflow,reservoir
IT,h8032,0.7155923182085059,scr2007,stInflow,reservoir
IT,h8033,0.7155923182085059,scr2007,stInflow,reservoir
IT,h8034,0.7155923182085059,scr2007,stInflow,reservoir
IT,h8035,0.7155923182085059,scr2007,stInflow,reservoir
IT,h8036,0.7155923182085059,scr2007,stInflow,reservoir
IT,h8037,0.7155923182085059,scr2007,stInflow,reservoir
IT,h8038,0.7155923182085059,scr2007,stInflow,reservoir
IT,h8039,0.7155923182085059,scr2007,stInflow,reservoir
IT,h8040,0.7155923182085059,scr2007,stInflow,reservoir
ME,h7297,0.21466445804947284,scr2007,stInflow,reservoir
ME,h7298,0.21466445804947284,scr2007,stInflow,reservoir
ME,h7299,0.21466445804947284,scr2007,stInflow,reservoir
ME,h7300,0.21466445804947284,scr2007,stInflow,reservoir
ME,h7301,0.21466445804947284,scr2007,stInflow,reservoir
ME,h7302,0.21466445804947284,scr2007,stInflow,reservoir
ME,h7303,0.21466445804947284,scr2007,stInflow,reservoir
ME,h7304,0.21466445804947284,scr2007,stInflow,reservoir
ME,h7305,0.21466445804947284,scr2007,stInflow,reservoir
ME,h7306,0.21466445804947284,scr2007,stInflow,reservoir
ME,h7307,0.21466445804947284,scr2007,stInflow,reservoir
ME,h7308,0.21466445804947284,scr2007,stInflow,reservoir
ME,h7309,0.21466445804947284,scr2007,stInflow,reservoir
ME,h7310,0.21466445804947284,scr2007,stInflow,reservoir
ME,h7311,0.21466445804947284,scr2007,stInflow,reservoir
ME,h7312,0.21466445804947284,scr2007,stInflow,reservoir
ME,h7313,0.21466445804947284,scr2007,stInflow,reservoir
ME,h7314,0.21466445804947284,scr2007,stInflow,reservoir
ME,h7315,0.21466445804947284,scr2007,stInflow,reservoir
ME,h7316,0.21466445804947284,scr2007,stInflow,reservoir
ME,h7317,0.21466445804947284,scr2007,stInflow,reservoir
ME,h7318,0.21466445804947284,scr2007,stInflow,reservoir
ME,h7319,0.21466445804947284,scr2007,stInflow,reservoir
ME,h7320,0.21466445804947284,scr2007,stInflow,reservoir
ME,h7321,0.21466445804947284,scr2007,stInflow,reservoir
ME,h7322,0.21466445804947284,scr2007,stInflow,reservoir
ME,h7323,0.21466445804947284,scr2007,stInflow,reservoir
ME,h7324,0.21466445804947284,scr2007,stInflow,reservoir
ME,h7325,0.21466445804947284,scr2007,stInflow,reservoir
ME,h7326,0.21466445804947284,scr2007,stInflow,reservoir
ME,h7327,0.21466445804947284,scr2007,stInflow,reservoir
ME,h7328,0.21466445804947284,scr2007,stInflow,reservoir
ME,h7329,0.21466445804947284,scr2007,stInflow,reservoir
ME,h7330,0.21466445804947284,scr2007,stInflow,reservoir
ME,h7331,0.21466445804947284,scr2007,stInflow,reservoir
ME,h7332,0.21466445804947284,scr2007,stInflow,reservoir
ME,h7333,0.21466445804947284,scr2007,stInflow,reservoir
ME,h7334,0.21466445804947284,scr2007,stInflow,reservoir
ME,h7335,0.21466445804947284,scr2007,stInflow,reservoir
ME,h7336,0.21466445804947284,scr2007,stInflow,reservoir
ME,h7337,0.21466445804947284,scr2007,stInflow,reservoir
ME,h7338,0.21466445804947284,scr2007,stInflow,reservoir
ME,h7339,0.21466445804947284,scr2007,stInflow,reservoir
ME,h7340,0.21466445804947284,scr2007,stInflow,reservoir
ME,h7341,0.21466445804947284,scr2007,stInflow,reservoir
ME,h7342,0.21466445804947284,scr2007,stInflow,reservoir
ME,h7343,0.21466445804947284,scr2007,stInflow,reservoir
ME,h7344,0.21466445804947284,scr2007,stInflow,reservoir
ME,h7345,0.21466445804947284,scr2007,stInflow,reservoir
ME,h7346,0.21466445804947284,scr2007,stInflow,reservoir
ME,h7347,0.21466445804947284,scr2007,stInflow,reservoir
ME,h7348,0.21466445804947284,scr2007,stInflow,reservoir
ME,h7349,0.21466445804947284,scr2007,stInflow,reservoir
ME,h7350,0.21466445804947284,scr2007,stInflow,reservoir
ME,h7351,0.21466445804947284,scr2007,stInflow,reservoir
ME,h7352,0.21466445804947284,scr2007,stInflow,reservoir
ME,h7353,0.21466445804947284,scr2007,stInflow,reservoir
ME,h7354,0.21466445804947284,scr2007,stInflow,reservoir
ME,h7355,0.21466445804947284,scr2007,stInflow,reservoir
ME,h7356,0.21466445804947284,scr2007,stInflow,reservoir
ME,h7357,0.21466445804947284,scr2007,stInflow,reservoir
ME,h7358,0.21466445804947284,scr2007,stInflow,reservoir
ME,h7359,0.21466445804947284,scr2007,stInflow,reservoir
ME,h7360,0.21466445804947284,scr2007,stInflow,reservoir
ME,h7361,0.21466445804947284,scr2007,stInflow,reservoir
ME,h7362,0.21466445804947284,scr2007,stInflow,reservoir
ME,h7363,0.21466445804947284,scr2007,stInflow,reservoir
ME,h7364,0.21466445804947284,scr2007,stInflow,reservoir
ME,h7365,0.21466445804947284,scr2007,stInflow,reservoir
ME,h7366,0.21466445804947284,scr2007,stInflow,reservoir
ME,h7367,0.21466445804947284,scr2007,stInflow,reservoir
ME,h7368,0.21466445804947284,scr2007,stInflow,reservoir
ME,h7369,0.21466445804947284,scr2007,stInflow,reservoir
ME,h7370,0.21466445804947284,scr2007,stInflow,reservoir
ME,h7371,0.21466445804947284,scr2007,stInflow,reservoir
ME,h7372,0.21466445804947284,scr2007,stInflow,reservoir
ME,h7373,0.21466445804947284,scr2007,stInflow,reservoir
ME,h7374,0.21466445804947284,scr2007,stInflow,reservoir
ME,h7375,0.21466445804947284,scr2007,stInflow,reservoir
ME,h7376,0.21466445804947284,scr2007,stInflow,reservoir
ME,h7377,0.21466445804947284,scr2007,stInflow,reservoir
ME,h7378,0.21466445804947284,scr2007,stInflow,reservoir
ME,h7379,0.21466445804947284,scr2007,stInflow,reservoir
ME,h7380,0.21466445804947284,scr2007,stInflow,reservoir
ME,h7381,0.21466445804947284,scr2007,stInflow,reservoir
ME,h7382,0.21466445804947284,scr2007,stInflow,reservoir
ME,h7383,0.21466445804947284,scr2007,stInflow,reservoir
ME,h7384,0.21466445804947284,scr2007,stInflow,reservoir
ME,h7385,0.21466445804947284,scr2007,stInflow,reservoir
ME,h7386,0.21466445804947284,scr2007,stInflow,reservoir
ME,h7387,0.21466445804947284,scr2007,stInflow,reservoir
ME,h7388,0.21466445804947284,scr2007,stInflow,reservoir
ME,h7389,0.21466445804947284,scr2007,stInflow,reservoir
ME,h7390,0.21466445804947284,scr2007,stInflow,reservoir
ME,h7391,0.21466445804947284,scr2007,stInflow,reservoir
ME,h7392,0.21466445804947284,scr2007,stInflow,reservoir
ME,h7393,0.21005595081501818,scr2007,stInflow,reservoir
ME,h7394,0.2054474536916677,scr2007,stInflow,reservoir
ME,h7395,0.2008389669062325,scr2007,stInflow,reservoir
ME,h7396,0.2008389669062325,scr2007,stInflow,reservoir
ME,h7397,0.2008389669062325,scr2007,stInflow,reservoir
ME,h7398,0.2008389669062325,scr2007,stInflow,reservoir
ME,h7399,0.2008389669062325,scr2007,stInflow,reservoir
ME,h7400,0.2008389669062325,scr2007,stInflow,reservoir
ME,h7401,0.2008389669062325,scr2007,stInflow,reservoir
ME,h7402,0.2008389669062325,scr2007,stInflow,reservoir
ME,h7403,0.2008389669062325,scr2007,stInflow,reservoir
ME,h7404,0.2008389669062325,scr2007,stInflow,reservoir
ME,h7405,0.2008389669062325,scr2007,stInflow,reservoir
ME,h7406,0.2008389669062325,scr2007,stInflow,reservoir
ME,h7407,0.2008389669062325,scr2007,stInflow,reservoir
ME,h7408,0.2008389669062325,scr2007,stInflow,reservoir
ME,h7409,0.2008389669062325,scr2007,stInflow,reservoir
ME,h7410,0.2008389669062325,scr2007,stInflow,reservoir
ME,h7411,0.2008389669062325,scr2007,stInflow,reservoir
ME,h7412,0.2008389669062325,scr2007,stInflow,reservoir
ME,h7413,0.2008389669062325,scr2007,stInflow,reservoir
ME,h7414,0.2008389669062325,scr2007,stInflow,reservoir
ME,h7415,0.2008389669062325,scr2007,stInflow,reservoir
ME,h7416,0.2008389669062325,scr2007,stInflow,reservoir
ME,h7417,0.2008389669062325,scr2007,stInflow,reservoir
ME,h7418,0.2008389669062325,scr2007,stInflow,reservoir
ME,h7419,0.2008389669062325,scr2007,stInflow,reservoir
ME,h7420,0.2008389669062325,scr2007,stInflow,reservoir
ME,h7421,0.2008389669062325,scr2007,stInflow,reservoir
ME,h7422,0.2008389669062325,scr2007,stInflow,reservoir
ME,h7423,0.2008389669062325,scr2007,stInflow,reservoir
ME,h7424,0.2008389669062325,scr2007,stInflow,reservoir
ME,h7425,0.2008389669062325,scr2007,stInflow,reservoir
ME,h7426,0.2008389669062325,scr2007,stInflow,reservoir
ME,h7427,0.2008389669062325,scr2007,stInflow,reservoir
ME,h7428,0.2008389669062325,scr2007,stInflow,reservoir
ME,h7429,0.2008389669062325,scr2007,stInflow,reservoir
ME,h7430,0.2008389669062325,scr2007,stInflow,reservoir
ME,h7431,0.2008389669062325,scr2007,stInflow,reservoir
ME,h7432,0.2008389669062325,scr2007,stInflow,reservoir
ME,h7433,0.2008389669062325,scr2007,stInflow,reservoir
ME,h7434,0.2008389669062325,scr2007,stInflow,reservoir
ME,h7435,0.2008389669062325,scr2007,stInflow,reservoir
ME,h7436,0.2008389669062325,scr2007,stInflow,reservoir
ME,h7437,0.2008389669062325,scr2007,stInflow,reservoir
ME,h7438,0.2008389669062325,scr2007,stInflow,reservoir
ME,h7439,0.2008389669062325,scr2007,stInflow,reservoir
ME,h7440,0.2008389669062325,scr2007,stInflow,reservoir
ME,h7441,0.2008389669062325,scr2007,stInflow,reservoir
ME,h7442,0.2008389669062325,scr2007,stInflow,reservoir
ME,h7443,0.2008389669062325,scr2007,stInflow,reservoir
ME,h7444,0.2008389669062325,scr2007,stInflow,reservoir
ME,h7445,0.2008389669062325,scr2007,stInflow,reservoir
ME,h7446,0.2008389669062325,scr2007,stInflow,reservoir
ME,h7447,0.2008389669062325,scr2007,stInflow,reservoir
ME,h7448,0.2008389669062325,scr2007,stInflow,reservoir
ME,h7449,0.2008389669062325,scr2007,stInflow,reservoir
ME,h7450,0.2008389669062325,scr2007,stInflow,reservoir
ME,h7451,0.2008389669062325,scr2007,stInflow,reservoir
ME,h7452,0.2008389669062325,scr2007,stInflow,reservoir
ME,h7453,0.2008389669062325,scr2007,stInflow,reservoir
ME,h7454,0.2008389669062325,scr2007,stInflow,reservoir
ME,h7455,0.2008389669062325,scr2007,stInflow,reservoir
ME,h7456,0.2008389669062325,scr2007,stInflow,reservoir
ME,h7457,0.2008389669062325,scr2007,stInflow,reservoir
ME,h7458,0.2008389669062325,scr2007,stInflow,reservoir
ME,h7459,0.2008389669062325,scr2007,stInflow,reservoir
ME,h7460,0.2008389669062325,scr2007,stInflow,reservoir
ME,h7461,0.2008389669062325,scr2007,stInflow,reservoir
ME,h7462,0.2008389669062325,scr2007,stInflow,reservoir
ME,h7463,0.2008389669062325,scr2007,stInflow,reservoir
ME,h7464,0.2008389669062325,scr2007,stInflow,reservoir
ME,h7465,0.2008389669062325,scr2007,stInflow,reservoir
ME,h7466,0.2008389669062325,scr2007,stInflow,reservoir
ME,h7467,0.2008389669062325,scr2007,stInflow,reservoir
ME,h7468,0.2008389669062325,scr2007,stInflow,reservoir
ME,h7469,0.2008389669062325,scr2007,stInflow,reservoir
ME,h7470,0.2008389669062325,scr2007,stInflow,reservoir
ME,h7471,0.2008389669062325,scr2007,stInflow,reservoir
ME,h7472,0.2008389669062325,scr2007,stInflow,reservoir
ME,h7473,0.2008389669062325,scr2007,stInflow,reservoir
ME,h7474,0.2008389669062325,scr2007,stInflow,reservoir
ME,h7475,0.2008389669062325,scr2007,stInflow,reservoir
ME,h7476,0.2008389669062325,scr2007,stInflow,reservoir
ME,h7477,0.2008389669062325,scr2007,stInflow,reservoir
ME,h7478,0.2008389669062325,scr2007,stInflow,reservoir
ME,h7479,0.2008389669062325,scr2007,stInflow,reservoir
ME,h7480,0.2008389669062325,scr2007,stInflow,reservoir
ME,h7481,0.2008389669062325,scr2007,stInflow,reservoir
ME,h7482,0.2008389669062325,scr2007,stInflow,reservoir
ME,h7483,0.2008389669062325,scr2007,stInflow,reservoir
ME,h7484,0.2008389669062325,scr2007,stInflow,reservoir
ME,h7485,0.2008389669062325,scr2007,stInflow,reservoir
ME,h7486,0.2008389669062325,scr2007,stInflow,reservoir
ME,h7487,0.2008389669062325,scr2007,stInflow,reservoir
ME,h7488,0.2008389669062325,scr2007,stInflow,reservoir
ME,h7489,0.2008389669062325,scr2007,stInflow,reservoir
ME,h7490,0.2008389669062325,scr2007,stInflow,reservoir
ME,h7491,0.2008389669062325,scr2007,stInflow,reservoir
ME,h7492,0.2008389669062325,scr2007,stInflow,reservoir
ME,h7493,0.2008389669062325,scr2007,stInflow,reservoir
ME,h7494,0.2008389669062325,scr2007,stInflow,reservoir
ME,h7495,0.2008389669062325,scr2007,stInflow,reservoir
ME,h7496,0.2008389669062325,scr2007,stInflow,reservoir
ME,h7497,0.2008389669062325,scr2007,stInflow,reservoir
ME,h7498,0.2008389669062325,scr2007,stInflow,reservoir
ME,h7499,0.2008389669062325,scr2007,stInflow,reservoir
ME,h7500,0.2008389669062325,scr2007,stInflow,reservoir
ME,h7501,0.2008389669062325,scr2007,stInflow,reservoir
ME,h7502,0.2008389669062325,scr2007,stInflow,reservoir
ME,h7503,0.2008389669062325,scr2007,stInflow,reservoir
ME,h7504,0.2008389669062325,scr2007,stInflow,reservoir
ME,h7505,0.2008389669062325,scr2007,stInflow,reservoir
ME,h7506,0.2008389669062325,scr2007,stInflow,reservoir
ME,h7507,0.2008389669062325,scr2007,stInflow,reservoir
ME,h7508,0.2008389669062325,scr2007,stInflow,reservoir
ME,h7509,0.2008389669062325,scr2007,stInflow,reservoir
ME,h7510,0.2008389669062325,scr2007,stInflow,reservoir
ME,h7511,0.2008389669062325,scr2007,stInflow,reservoir
ME,h7512,0.2008389669062325,scr2007,stInflow,reservoir
ME,h7513,0.2008389669062325,scr2007,stInflow,reservoir
ME,h7514,0.2008389669062325,scr2007,stInflow,reservoir
ME,h7515,0.2008389669062325,scr2007,stInflow,reservoir
ME,h7516,0.2008389669062325,scr2007,stInflow,reservoir
ME,h7517,0.2008389669062325,scr2007,stInflow,reservoir
ME,h7518,0.2008389669062325,scr2007,stInflow,reservoir
ME,h7519,0.2008389669062325,scr2007,stInflow,reservoir
ME,h7520,0.2008389669062325,scr2007,stInflow,reservoir
ME,h7521,0.2008389669062325,scr2007,stInflow,reservoir
ME,h7522,0.2008389669062325,scr2007,stInflow,reservoir
ME,h7523,0.2008389669062325,scr2007,stInflow,reservoir
ME,h7524,0.2008389669062325,scr2007,stInflow,reservoir
ME,h7525,0.2008389669062325,scr2007,stInflow,reservoir
ME,h7526,0.2008389669062325,scr2007,stInflow,reservoir
ME,h7527,0.2008389669062325,scr2007,stInflow,reservoir
ME,h7528,0.2008389669062325,scr2007,stInflow,reservoir
ME,h7529,0.2008389669062325,scr2007,stInflow,reservoir
ME,h7530,0.2008389669062325,scr2007,stInflow,reservoir
ME,h7531,0.2008389669062325,scr2007,stInflow,reservoir
ME,h7532,0.2008389669062325,scr2007,stInflow,reservoir
ME,h7533,0.2008389669062325,scr2007,stInflow,reservoir
ME,h7534,0.2008389669062325,scr2007,stInflow,reservoir
ME,h7535,0.2008389669062325,scr2007,stInflow,reservoir
ME,h7536,0.2008389669062325,scr2007,stInflow,reservoir
ME,h7537,0.2008389669062325,scr2007,stInflow,reservoir
ME,h7538,0.2008389669062325,scr2007,stInflow,reservoir
ME,h7539,0.2008389669062325,scr2007,stInflow,reservoir
ME,h7540,0.2008389669062325,scr2007,stInflow,reservoir
ME,h7541,0.2008389669062325,scr2007,stInflow,reservoir
ME,h7542,0.2008389669062325,scr2007,stInflow,reservoir
ME,h7543,0.2008389669062325,scr2007,stInflow,reservoir
ME,h7544,0.2008389669062325,scr2007,stInflow,reservoir
ME,h7545,0.2008389669062325,scr2007,stInflow,reservoir
ME,h7546,0.2008389669062325,scr2007,stInflow,reservoir
ME,h7547,0.2008389669062325,scr2007,stInflow,reservoir
ME,h7548,0.2008389669062325,scr2007,stInflow,reservoir
ME,h7549,0.2008389669062325,scr2007,stInflow,reservoir
ME,h7550,0.2008389669062325,scr2007,stInflow,reservoir
ME,h7551,0.2008389669062325,scr2007,stInflow,reservoir
ME,h7552,0.2008389669062325,scr2007,stInflow,reservoir
ME,h7553,0.2008389669062325,scr2007,stInflow,reservoir
ME,h7554,0.2008389669062325,scr2007,stInflow,reservoir
ME,h7555,0.2008389669062325,scr2007,stInflow,reservoir
ME,h7556,0.2008389669062325,scr2007,stInflow,reservoir
ME,h7557,0.2008389669062325,scr2007,stInflow,reservoir
ME,h7558,0.2008389669062325,scr2007,stInflow,reservoir
ME,h7559,0.2008389669062325,scr2007,stInflow,reservoir
ME,h7560,0.2008389669062325,scr2007,stInflow,reservoir
ME,h7561,0.19972302117852014,scr2007,stInflow,reservoir
ME,h7562,0.19860707607431338,scr2007,stInflow,reservoir
ME,h7563,0.1974911315971151,scr2007,stInflow,reservoir
ME,h7564,0.1974911315971151,scr2007,stInflow,reservoir
ME,h7565,0.1974911315971151,scr2007,stInflow,reservoir
ME,h7566,0.1974911315971151,scr2007,stInflow,reservoir
ME,h7567,0.1974911315971151,scr2007,stInflow,reservoir
ME,h7568,0.1974911315971151,scr2007,stInflow,reservoir
ME,h7569,0.1974911315971151,scr2007,stInflow,reservoir
ME,h7570,0.1974911315971151,scr2007,stInflow,reservoir
ME,h7571,0.1974911315971151,scr2007,stInflow,reservoir
ME,h7572,0.1974911315971151,scr2007,stInflow,reservoir
ME,h7573,0.1974911315971151,scr2007,stInflow,reservoir
ME,h7574,0.1974911315971151,scr2007,stInflow,reservoir
ME,h7575,0.1974911315971151,scr2007,stInflow,reservoir
ME,h7576,0.1974911315971151,scr2007,stInflow,reservoir
ME,h7577,0.1974911315971151,scr2007,stInflow,reservoir
ME,h7578,0.1974911315971151,scr2007,stInflow,reservoir
ME,h7579,0.1974911315971151,scr2007,stInflow,reservoir
ME,h7580,0.1974911315971151,scr2007,stInflow,reservoir
ME,h7581,0.1974911315971151,scr2007,stInflow,reservoir
ME,h7582,0.1974911315971151,scr2007,stInflow,reservoir
ME,h7583,0.1974911315971151,scr2007,stInflow,reservoir
ME,h7584,0.1974911315971151,scr2007,stInflow,reservoir
ME,h7585,0.1974911315971151,scr2007,stInflow,reservoir
ME,h7586,0.1974911315971151,scr2007,stInflow,reservoir
ME,h7587,0.1974911315971151,scr2007,stInflow,reservoir
ME,h7588,0.1974911315971151,scr2007,stInflow,reservoir
ME,h7589,0.1974911315971151,scr2007,stInflow,reservoir
ME,h7590,0.1974911315971151,scr2007,stInflow,reservoir
ME,h7591,0.1974911315971151,scr2007,stInflow,reservoir
ME,h7592,0.1974911315971151,scr2007,stInflow,reservoir
ME,h7593,0.1974911315971151,scr2007,stInflow,reservoir
ME,h7594,0.1974911315971151,scr2007,stInflow,reservoir
ME,h7595,0.1974911315971151,scr2007,stInflow,reservoir
ME,h7596,0.1974911315971151,scr2007,stInflow,reservoir
ME,h7597,0.1974911315971151,scr2007,stInflow,reservoir
ME,h7598,0.1974911315971151,scr2007,stInflow,reservoir
ME,h7599,0.1974911315971151,scr2007,stInflow,reservoir
ME,h7600,0.1974911315971151,scr2007,stInflow,reservoir
ME,h7601,0.1974911315971151,scr2007,stInflow,reservoir
ME,h7602,0.1974911315971151,scr2007,stInflow,reservoir
ME,h7603,0.1974911315971151,scr2007,stInflow,reservoir
ME,h7604,0.1974911315971151,scr2007,stInflow,reservoir
ME,h7605,0.1974911315971151,scr2007,stInflow,reservoir
ME,h7606,0.1974911315971151,scr2007,stInflow,reservoir
ME,h7607,0.1974911315971151,scr2007,stInflow,reservoir
ME,h7608,0.1974911315971151,scr2007,stInflow,reservoir
ME,h7609,0.1974911315971151,scr2007,stInflow,reservoir
ME,h7610,0.1974911315971151,scr2007,stInflow,reservoir
ME,h7611,0.1974911315971151,scr2007,stInflow,reservoir
ME,h7612,0.1974911315971151,scr2007,stInflow,reservoir
ME,h7613,0.1974911315971151,scr2007,stInflow,reservoir
ME,h7614,0.1974911315971151,scr2007,stInflow,reservoir
ME,h7615,0.1974911315971151,scr2007,stInflow,reservoir
ME,h7616,0.1974911315971151,scr2007,stInflow,reservoir
ME,h7617,0.1974911315971151,scr2007,stInflow,reservoir
ME,h7618,0.1974911315971151,scr2007,stInflow,reservoir
ME,h7619,0.1974911315971151,scr2007,stInflow,reservoir
ME,h7620,0.1974911315971151,scr2007,stInflow,reservoir
ME,h7621,0.1974911315971151,scr2007,stInflow,reservoir
ME,h7622,0.1974911315971151,scr2007,stInflow,reservoir
ME,h7623,0.1974911315971151,scr2007,stInflow,reservoir
ME,h7624,0.1974911315971151,scr2007,stInflow,reservoir
ME,h7625,0.1974911315971151,scr2007,stInflow,reservoir
ME,h7626,0.1974911315971151,scr2007,stInflow,reservoir
ME,h7627,0.1974911315971151,scr2007,stInflow,reservoir
ME,h7628,0.1974911315971151,scr2007,stInflow,reservoir
ME,h7629,0.1974911315971151,scr2007,stInflow,reservoir
ME,h7630,0.1974911315971151,scr2007,stInflow,reservoir
ME,h7631,0.1974911315971151,scr2007,stInflow,reservoir
ME,h7632,0.1974911315971151,scr2007,stInflow,reservoir
ME,h7633,0.1974911315971151,scr2007,stInflow,reservoir
ME,h7634,0.1974911315971151,scr2007,stInflow,reservoir
ME,h7635,0.1974911315971151,scr2007,stInflow,reservoir
ME,h7636,0.1974911315971151,scr2007,stInflow,reservoir
ME,h7637,0.1974911315971151,scr2007,stInflow,reservoir
ME,h7638,0.1974911315971151,scr2007,stInflow,reservoir
ME,h7639,0.1974911315971151,scr2007,stInflow,reservoir
ME,h7640,0.1974911315971151,scr2007,stInflow,reservoir
ME,h7641,0.1974911315971151,scr2007,stInflow,reservoir
ME,h7642,0.1974911315971151,scr2007,stInflow,reservoir
ME,h7643,0.1974911315971151,scr2007,stInflow,reservoir
ME,h7644,0.1974911315971151,scr2007,stInflow,reservoir
ME,h7645,0.1974911315971151,scr2007,stInflow,reservoir
ME,h7646,0.1974911315971151,scr2007,stInflow,reservoir
ME,h7647,0.1974911315971151,scr2007,stInflow,reservoir
ME,h7648,0.1974911315971151,scr2007,stInflow,reservoir
ME,h7649,0.1974911315971151,scr2007,stInflow,reservoir
ME,h7650,0.1974911315971151,scr2007,stInflow,reservoir
ME,h7651,0.1974911315971151,scr2007,stInflow,reservoir
ME,h7652,0.1974911315971151,scr2007,stInflow,reservoir
ME,h7653,0.1974911315971151,scr2007,stInflow,reservoir
ME,h7654,0.1974911315971151,scr2007,stInflow,reservoir
ME,h7655,0.1974911315971151,scr2007,stInflow,reservoir
ME,h7656,0.1974911315971151,scr2007,stInflow,reservoir
ME,h7657,0.1974911315971151,scr2007,stInflow,reservoir
ME,h7658,0.1974911315971151,scr2007,stInflow,reservoir
ME,h7659,0.1974911315971151,scr2007,stInflow,reservoir
ME,h7660,0.1974911315971151,scr2007,stInflow,reservoir
ME,h7661,0.1974911315971151,scr2007,stInflow,reservoir
ME,h7662,0.1974911315971151,scr2007,stInflow,reservoir
ME,h7663,0.1974911315971151,scr2007,stInflow,reservoir
ME,h7664,0.1974911315971151,scr2007,stInflow,reservoir
ME,h7665,0.1974911315971151,scr2007,stInflow,reservoir
ME,h7666,0.1974911315971151,scr2007,stInflow,reservoir
ME,h7667,0.1974911315971151,scr2007,stInflow,reservoir
ME,h7668,0.1974911315971151,scr2007,stInflow,reservoir
ME,h7669,0.1974911315971151,scr2007,stInflow,reservoir
ME,h7670,0.1974911315971151,scr2007,stInflow,reservoir
ME,h7671,0.1974911315971151,scr2007,stInflow,reservoir
ME,h7672,0.1974911315971151,scr2007,stInflow,reservoir
ME,h7673,0.1974911315971151,scr2007,stInflow,reservoir
ME,h7674,0.1974911315971151,scr2007,stInflow,reservoir
ME,h7675,0.1974911315971151,scr2007,stInflow,reservoir
ME,h7676,0.1974911315971151,scr2007,stInflow,reservoir
ME,h7677,0.1974911315971151,scr2007,stInflow,reservoir
ME,h7678,0.1974911315971151,scr2007,stInflow,reservoir
ME,h7679,0.1974911315971151,scr2007,stInflow,reservoir
ME,h7680,0.1974911315971151,scr2007,stInflow,reservoir
ME,h7681,0.1974911315971151,scr2007,stInflow,reservoir
ME,h7682,0.1974911315971151,scr2007,stInflow,reservoir
ME,h7683,0.1974911315971151,scr2007,stInflow,reservoir
ME,h7684,0.1974911315971151,scr2007,stInflow,reservoir
ME,h7685,0.1974911315971151,scr2007,stInflow,reservoir
ME,h7686,0.1974911315971151,scr2007,stInflow,reservoir
ME,h7687,0.1974911315971151,scr2007,stInflow,reservoir
ME,h7688,0.1974911315971151,scr2007,stInflow,reservoir
ME,h7689,0.1974911315971151,scr2007,stInflow,reservoir
ME,h7690,0.1974911315971151,scr2007,stInflow,reservoir
ME,h7691,0.1974911315971151,scr2007,stInflow,reservoir
ME,h7692,0.1974911315971151,scr2007,stInflow,reservoir
ME,h7693,0.1974911315971151,scr2007,stInflow,reservoir
ME,h7694,0.1974911315971151,scr2007,stInflow,reservoir
ME,h7695,0.1974911315971151,scr2007,stInflow,reservoir
ME,h7696,0.1974911315971151,scr2007,stInflow,reservoir
ME,h7697,0.1974911315971151,scr2007,stInflow,reservoir
ME,h7698,0.1974911315971151,scr2007,stInflow,reservoir
ME,h7699,0.1974911315971151,scr2007,stInflow,reservoir
ME,h7700,0.1974911315971151,scr2007,stInflow,reservoir
ME,h7701,0.1974911315971151,scr2007,stInflow,reservoir
ME,h7702,0.1974911315971151,scr2007,stInflow,reservoir
ME,h7703,0.1974911315971151,scr2007,stInflow,reservoir
ME,h7704,0.1974911315971151,scr2007,stInflow,reservoir
ME,h7705,0.1974911315971151,scr2007,stInflow,reservoir
ME,h7706,0.1974911315971151,scr2007,stInflow,reservoir
ME,h7707,0.1974911315971151,scr2007,stInflow,reservoir
ME,h7708,0.1974911315971151,scr2007,stInflow,reservoir
ME,h7709,0.1974911315971151,scr2007,stInflow,reservoir
ME,h7710,0.1974911315971151,scr2007,stInflow,reservoir
ME,h7711,0.1974911315971151,scr2007,stInflow,reservoir
ME,h7712,0.1974911315971151,scr2007,stInflow,reservoir
ME,h7713,0.1974911315971151,scr2007,stInflow,reservoir
ME,h7714,0.1974911315971151,scr2007,stInflow,reservoir
ME,h7715,0.1974911315971151,scr2007,stInflow,reservoir
ME,h7716,0.1974911315971151,scr2007,stInflow,reservoir
ME,h7717,0.1974911315971151,scr2007,stInflow,reservoir
ME,h7718,0.1974911315971151,scr2007,stInflow,reservoir
ME,h7719,0.1974911315971151,scr2007,stInflow,reservoir
ME,h7720,0.1974911315971151,scr2007,stInflow,reservoir
ME,h7721,0.1974911315971151,scr2007,stInflow,reservoir
ME,h7722,0.1974911315971151,scr2007,stInflow,reservoir
ME,h7723,0.1974911315971151,scr2007,stInflow,reservoir
ME,h7724,0.1974911315971151,scr2007,stInflow,reservoir
ME,h7725,0.1974911315971151,scr2007,stInflow,reservoir
ME,h7726,0.1974911315971151,scr2007,stInflow,reservoir
ME,h7727,0.1974911315971151,scr2007,stInflow,reservoir
ME,h7728,0.1974911315971151,scr2007,stInflow,reservoir
ME,h7729,0.21038036503302,scr2007,stInflow,reservoir
ME,h7730,0.22326967748268703,scr2007,stInflow,reservoir
ME,h7731,0.23615906438009784,scr2007,stInflow,reservoir
ME,h7732,0.23615906438009784,scr2007,stInflow,reservoir
ME,h7733,0.23615906438009784,scr2007,stInflow,reservoir
ME,h7734,0.23615906438009784,scr2007,stInflow,reservoir
ME,h7735,0.23615906438009784,scr2007,stInflow,reservoir
ME,h7736,0.23615906438009784,scr2007,stInflow,reservoir
ME,h7737,0.23615906438009784,scr2007,stInflow,reservoir
ME,h7738,0.23615906438009784,scr2007,stInflow,reservoir
ME,h7739,0.23615906438009784,scr2007,stInflow,reservoir
ME,h7740,0.23615906438009784,scr2007,stInflow,reservoir
ME,h7741,0.23615906438009784,scr2007,stInflow,reservoir
ME,h7742,0.23615906438009784,scr2007,stInflow,reservoir
ME,h7743,0.23615906438009784,scr2007,stInflow,reservoir
ME,h7744,0.23615906438009784,scr2007,stInflow,reservoir
ME,h7745,0.23615906438009784,scr2007,stInflow,reservoir
ME,h7746,0.23615906438009784,scr2007,stInflow,reservoir
ME,h7747,0.23615906438009784,scr2007,stInflow,reservoir
ME,h7748,0.23615906438009784,scr2007,stInflow,reservoir
ME,h7749,0.23615906438009784,scr2007,stInflow,reservoir
ME,h7750,0.23615906438009784,scr2007,stInflow,reservoir
ME,h7751,0.23615906438009784,scr2007,stInflow,reservoir
ME,h7752,0.23615906438009784,scr2007,stInflow,reservoir
ME,h7753,0.23615906438009784,scr2007,stInflow,reservoir
ME,h7754,0.23615906438009784,scr2007,stInflow,reservoir
ME,h7755,0.23615906438009784,scr2007,stInflow,reservoir
ME,h7756,0.23615906438009784,scr2007,stInflow,reservoir
ME,h7757,0.23615906438009784,scr2007,stInflow,reservoir
ME,h7758,0.23615906438009784,scr2007,stInflow,reservoir
ME,h7759,0.23615906438009784,scr2007,stInflow,reservoir
ME,h7760,0.23615906438009784,scr2007,stInflow,reservoir
ME,h7761,0.23615906438009784,scr2007,stInflow,reservoir
ME,h7762,0.23615906438009784,scr2007,stInflow,reservoir
ME,h7763,0.23615906438009784,scr2007,stInflow,reservoir
ME,h7764,0.23615906438009784,scr2007,stInflow,reservoir
ME,h7765,0.23615906438009784,scr2007,stInflow,reservoir
ME,h7766,0.23615906438009784,scr2007,stInflow,reservoir
ME,h7767,0.23615906438009784,scr2007,stInflow,reservoir
ME,h7768,0.23615906438009784,scr2007,stInflow,reservoir
ME,h7769,0.23615906438009784,scr2007,stInflow,reservoir
ME,h7770,0.23615906438009784,scr2007,stInflow,reservoir
ME,h7771,0.23615906438009784,scr2007,stInflow,reservoir
ME,h7772,0.23615906438009784,scr2007,stInflow,reservoir
ME,h7773,0.23615906438009784,scr2007,stInflow,reservoir
ME,h7774,0.23615906438009784,scr2007,stInflow,reservoir
ME,h7775,0.23615906438009784,scr2007,stInflow,reservoir
ME,h7776,0.23615906438009784,scr2007,stInflow,reservoir
ME,h7777,0.23615906438009784,scr2007,stInflow,reservoir
ME,h7778,0.23615906438009784,scr2007,stInflow,reservoir
ME,h7779,0.23615906438009784,scr2007,stInflow,reservoir
ME,h7780,0.23615906438009784,scr2007,stInflow,reservoir
ME,h7781,0.23615906438009784,scr2007,stInflow,reservoir
ME,h7782,0.23615906438009784,scr2007,stInflow,reservoir
ME,h7783,0.23615906438009784,scr2007,stInflow,reservoir
ME,h7784,0.23615906438009784,scr2007,stInflow,reservoir
ME,h7785,0.23615906438009784,scr2007,stInflow,reservoir
ME,h7786,0.23615906438009784,scr2007,stInflow,reservoir
ME,h7787,0.23615906438009784,scr2007,stInflow,reservoir
ME,h7788,0.23615906438009784,scr2007,stInflow,reservoir
ME,h7789,0.23615906438009784,scr2007,stInflow,reservoir
ME,h7790,0.23615906438009784,scr2007,stInflow,reservoir
ME,h7791,0.23615906438009784,scr2007,stInflow,reservoir
ME,h7792,0.23615906438009784,scr2007,stInflow,reservoir
ME,h7793,0.23615906438009784,scr2007,stInflow,reservoir
ME,h7794,0.23615906438009784,scr2007,stInflow,reservoir
ME,h7795,0.23615906438009784,scr2007,stInflow,reservoir
ME,h7796,0.23615906438009784,scr2007,stInflow,reservoir
ME,h7797,0.23615906438009784,scr2007,stInflow,reservoir
ME,h7798,0.23615906438009784,scr2007,stInflow,reservoir
ME,h7799,0.23615906438009784,scr2007,stInflow,reservoir
ME,h7800,0.23615906438009784,scr2007,stInflow,reservoir
ME,h7801,0.23615906438009784,scr2007,stInflow,reservoir
ME,h7802,0.23615906438009784,scr2007,stInflow,reservoir
ME,h7803,0.23615906438009784,scr2007,stInflow,reservoir
ME,h7804,0.23615906438009784,scr2007,stInflow,reservoir
ME,h7805,0.23615906438009784,scr2007,stInflow,reservoir
ME,h7806,0.23615906438009784,scr2007,stInflow,reservoir
ME,h7807,0.23615906438009784,scr2007,stInflow,reservoir
ME,h7808,0.23615906438009784,scr2007,stInflow,reservoir
ME,h7809,0.23615906438009784,scr2007,stInflow,reservoir
ME,h7810,0.23615906438009784,scr2007,stInflow,reservoir
ME,h7811,0.23615906438009784,scr2007,stInflow,reservoir
ME,h7812,0.23615906438009784,scr2007,stInflow,reservoir
ME,h7813,0.23615906438009784,scr2007,stInflow,reservoir
ME,h7814,0.23615906438009784,scr2007,stInflow,reservoir
ME,h7815,0.23615906438009784,scr2007,stInflow,reservoir
ME,h7816,0.23615906438009784,scr2007,stInflow,reservoir
ME,h7817,0.23615906438009784,scr2007,stInflow,reservoir
ME,h7818,0.23615906438009784,scr2007,stInflow,reservoir
ME,h7819,0.23615906438009784,scr2007,stInflow,reservoir
ME,h7820,0.23615906438009784,scr2007,stInflow,reservoir
ME,h7821,0.23615906438009784,scr2007,stInflow,reservoir
ME,h7822,0.23615906438009784,scr2007,stInflow,reservoir
ME,h7823,0.23615906438009784,scr2007,stInflow,reservoir
ME,h7824,0.23615906438009784,scr2007,stInflow,reservoir
ME,h7825,0.23615906438009784,scr2007,stInflow,reservoir
ME,h7826,0.23615906438009784,scr2007,stInflow,reservoir
ME,h7827,0.23615906438009784,scr2007,stInflow,reservoir
ME,h7828,0.23615906438009784,scr2007,stInflow,reservoir
ME,h7829,0.23615906438009784,scr2007,stInflow,reservoir
ME,h7830,0.23615906438009784,scr2007,stInflow,reservoir
ME,h7831,0.23615906438009784,scr2007,stInflow,reservoir
ME,h7832,0.23615906438009784,scr2007,stInflow,reservoir
ME,h7833,0.23615906438009784,scr2007,stInflow,reservoir
ME,h7834,0.23615906438009784,scr2007,stInflow,reservoir
ME,h7835,0.23615906438009784,scr2007,stInflow,reservoir
ME,h7836,0.23615906438009784,scr2007,stInflow,reservoir
ME,h7837,0.23615906438009784,scr2007,stInflow,reservoir
ME,h7838,0.23615906438009784,scr2007,stInflow,reservoir
ME,h7839,0.23615906438009784,scr2007,stInflow,reservoir
ME,h7840,0.23615906438009784,scr2007,stInflow,reservoir
ME,h7841,0.23615906438009784,scr2007,stInflow,reservoir
ME,h7842,0.23615906438009784,scr2007,stInflow,reservoir
ME,h7843,0.23615906438009784,scr2007,stInflow,reservoir
ME,h7844,0.23615906438009784,scr2007,stInflow,reservoir
ME,h7845,0.23615906438009784,scr2007,stInflow,reservoir
ME,h7846,0.23615906438009784,scr2007,stInflow,reservoir
ME,h7847,0.23615906438009784,scr2007,stInflow,reservoir
ME,h7848,0.23615906438009784,scr2007,stInflow,reservoir
ME,h7849,0.23615906438009784,scr2007,stInflow,reservoir
ME,h7850,0.23615906438009784,scr2007,stInflow,reservoir
ME,h7851,0.23615906438009784,scr2007,stInflow,reservoir
ME,h7852,0.23615906438009784,scr2007,stInflow,reservoir
ME,h7853,0.23615906438009784,scr2007,stInflow,reservoir
ME,h7854,0.23615906438009784,scr2007,stInflow,reservoir
ME,h7855,0.23615906438009784,scr2007,stInflow,reservoir
ME,h7856,0.23615906438009784,scr2007,stInflow,reservoir
ME,h7857,0.23615906438009784,scr2007,stInflow,reservoir
ME,h7858,0.23615906438009784,scr2007,stInflow,reservoir
ME,h7859,0.23615906438009784,scr2007,stInflow,reservoir
ME,h7860,0.23615906438009784,scr2007,stInflow,reservoir
ME,h7861,0.23615906438009784,scr2007,stInflow,reservoir
ME,h7862,0.23615906438009784,scr2007,stInflow,reservoir
ME,h7863,0.23615906438009784,scr2007,stInflow,reservoir
ME,h7864,0.23615906438009784,scr2007,stInflow,reservoir
ME,h7865,0.23615906438009784,scr2007,stInflow,reservoir
ME,h7866,0.23615906438009784,scr2007,stInflow,reservoir
ME,h7867,0.23615906438009784,scr2007,stInflow,reservoir
ME,h7868,0.23615906438009784,scr2007,stInflow,reservoir
ME,h7869,0.23615906438009784,scr2007,stInflow,reservoir
ME,h7870,0.23615906438009784,scr2007,stInflow,reservoir
ME,h7871,0.23615906438009784,scr2007,stInflow,reservoir
ME,h7872,0.23615906438009784,scr2007,stInflow,reservoir
ME,h7873,0.23615906438009784,scr2007,stInflow,reservoir
ME,h7874,0.23615906438009784,scr2007,stInflow,reservoir
ME,h7875,0.23615906438009784,scr2007,stInflow,reservoir
ME,h7876,0.23615906438009784,scr2007,stInflow,reservoir
ME,h7877,0.23615906438009784,scr2007,stInflow,reservoir
ME,h7878,0.23615906438009784,scr2007,stInflow,reservoir
ME,h7879,0.23615906438009784,scr2007,stInflow,reservoir
ME,h7880,0.23615906438009784,scr2007,stInflow,reservoir
ME,h7881,0.23615906438009784,scr2007,stInflow,reservoir
ME,h7882,0.23615906438009784,scr2007,stInflow,reservoir
ME,h7883,0.23615906438009784,scr2007,stInflow,reservoir
ME,h7884,0.23615906438009784,scr2007,stInflow,reservoir
ME,h7885,0.23615906438009784,scr2007,stInflow,reservoir
ME,h7886,0.23615906438009784,scr2007,stInflow,reservoir
ME,h7887,0.23615906438009784,scr2007,stInflow,reservoir
ME,h7888,0.23615906438009784,scr2007,stInflow,reservoir
ME,h7889,0.23615906438009784,scr2007,stInflow,reservoir
ME,h7890,0.23615906438009784,scr2007,stInflow,reservoir
ME,h7891,0.23615906438009784,scr2007,stInflow,reservoir
ME,h7892,0.23615906438009784,scr2007,stInflow,reservoir
ME,h7893,0.23615906438009784,scr2007,stInflow,reservoir
ME,h7894,0.23615906438009784,scr2007,stInflow,reservoir
ME,h7895,0.23615906438009784,scr2007,stInflow,reservoir
ME,h7896,0.23615906438009784,scr2007,stInflow,reservoir
ME,h7897,0.27556204207735513,scr2007,stInflow,reservoir
ME,h7898,0.3149655851127159,scr2007,stInflow,reservoir
ME,h7899,0.3543696223710795,scr2007,stInflow,reservoir
ME,h7900,0.3543696223710795,scr2007,stInflow,reservoir
ME,h7901,0.3543696223710795,scr2007,stInflow,reservoir
ME,h7902,0.3543696223710795,scr2007,stInflow,reservoir
ME,h7903,0.3543696223710795,scr2007,stInflow,reservoir
ME,h7904,0.3543696223710795,scr2007,stInflow,reservoir
ME,h7905,0.3543696223710795,scr2007,stInflow,reservoir
ME,h7906,0.3543696223710795,scr2007,stInflow,reservoir
ME,h7907,0.3543696223710795,scr2007,stInflow,reservoir
ME,h7908,0.3543696223710795,scr2007,stInflow,reservoir
ME,h7909,0.3543696223710795,scr2007,stInflow,reservoir
ME,h7910,0.3543696223710795,scr2007,stInflow,reservoir
ME,h7911,0.3543696223710795,scr2007,stInflow,reservoir
ME,h7912,0.3543696223710795,scr2007,stInflow,reservoir
ME,h7913,0.3543696223710795,scr2007,stInflow,reservoir
ME,h7914,0.3543696223710795,scr2007,stInflow,reservoir
ME,h7915,0.3543696223710795,scr2007,stInflow,reservoir
ME,h7916,0.3543696223710795,scr2007,stInflow,reservoir
ME,h7917,0.3543696223710795,scr2007,stInflow,reservoir
ME,h7918,0.3543696223710795,scr2007,stInflow,reservoir
ME,h7919,0.3543696223710795,scr2007,stInflow,reservoir
ME,h7920,0.3543696223710795,scr2007,stInflow,reservoir
ME,h7921,0.3543696223710795,scr2007,stInflow,reservoir
ME,h7922,0.3543696223710795,scr2007,stInflow,reservoir
ME,h7923,0.3543696223710795,scr2007,stInflow,reservoir
ME,h7924,0.3543696223710795,scr2007,stInflow,reservoir
ME,h7925,0.3543696223710795,scr2007,stInflow,reservoir
ME,h7926,0.3543696223710795,scr2007,stInflow,reservoir
ME,h7927,0.3543696223710795,scr2007,stInflow,reservoir
ME,h7928,0.3543696223710795,scr2007,stInflow,reservoir
ME,h7929,0.3543696223710795,scr2007,stInflow,reservoir
ME,h7930,0.3543696223710795,scr2007,stInflow,reservoir
ME,h7931,0.3543696223710795,scr2007,stInflow,reservoir
ME,h7932,0.3543696223710795,scr2007,stInflow,reservoir
ME,h7933,0.3543696223710795,scr2007,stInflow,reservoir
ME,h7934,0.3543696223710795,scr2007,stInflow,reservoir
ME,h7935,0.3543696223710795,scr2007,stInflow,reservoir
ME,h7936,0.3543696223710795,scr2007,stInflow,reservoir
ME,h7937,0.3543696223710795,scr2007,stInflow,reservoir
ME,h7938,0.3543696223710795,scr2007,stInflow,reservoir
ME,h7939,0.3543696223710795,scr2007,stInflow,reservoir
ME,h7940,0.3543696223710795,scr2007,stInflow,reservoir
ME,h7941,0.3543696223710795,scr2007,stInflow,reservoir
ME,h7942,0.3543696223710795,scr2007,stInflow,reservoir
ME,h7943,0.3543696223710795,scr2007,stInflow,reservoir
ME,h7944,0.3543696223710795,scr2007,stInflow,reservoir
ME,h7945,0.3543696223710795,scr2007,stInflow,reservoir
ME,h7946,0.3543696223710795,scr2007,stInflow,reservoir
ME,h7947,0.3543696223710795,scr2007,stInflow,reservoir
ME,h7948,0.3543696223710795,scr2007,stInflow,reservoir
ME,h7949,0.3543696223710795,scr2007,stInflow,reservoir
ME,h7950,0.3543696223710795,scr2007,stInflow,reservoir
ME,h7951,0.3543696223710795,scr2007,stInflow,reservoir
ME,h7952,0.3543696223710795,scr2007,stInflow,reservoir
ME,h7953,0.3543696223710795,scr2007,stInflow,reservoir
ME,h7954,0.3543696223710795,scr2007,stInflow,reservoir
ME,h7955,0.3543696223710795,scr2007,stInflow,reservoir
ME,h7956,0.3543696223710795,scr2007,stInflow,reservoir
ME,h7957,0.3543696223710795,scr2007,stInflow,reservoir
ME,h7958,0.3543696223710795,scr2007,stInflow,reservoir
ME,h7959,0.3543696223710795,scr2007,stInflow,reservoir
ME,h7960,0.3543696223710795,scr2007,stInflow,reservoir
ME,h7961,0.3543696223710795,scr2007,stInflow,reservoir
ME,h7962,0.3543696223710795,scr2007,stInflow,reservoir
ME,h7963,0.3543696223710795,scr2007,stInflow,reservoir
ME,h7964,0.3543696223710795,scr2007,stInflow,reservoir
ME,h7965,0.3543696223710795,scr2007,stInflow,reservoir
ME,h7966,0.3543696223710795,scr2007,stInflow,reservoir
ME,h7967,0.3543696223710795,scr2007,stInflow,reservoir
ME,h7968,0.3543696223710795,scr2007,stInflow,reservoir
ME,h7969,0.3543696223710795,scr2007,stInflow,reservoir
ME,h7970,0.3543696223710795,scr2007,stInflow,reservoir
ME,h7971,0.3543696223710795,scr2007,stInflow,reservoir
ME,h7972,0.3543696223710795,scr2007,stInflow,reservoir
ME,h7973,0.3543696223710795,scr2007,stInflow,reservoir
ME,h7974,0.3543696223710795,scr2007,stInflow,reservoir
ME,h7975,0.3543696223710795,scr2007,stInflow,reservoir
ME,h7976,0.3543696223710795,scr2007,stInflow,reservoir
ME,h7977,0.3543696223710795,scr2007,stInflow,reservoir
ME,h7978,0.3543696223710795,scr2007,stInflow,reservoir
ME,h7979,0.3543696223710795,scr2007,stInflow,reservoir
ME,h7980,0.3543696223710795,scr2007,stInflow,reservoir
ME,h7981,0.3543696223710795,scr2007,stInflow,reservoir
ME,h7982,0.3543696223710795,scr2007,stInflow,reservoir
ME,h7983,0.3543696223710795,scr2007,stInflow,reservoir
ME,h7984,0.3543696223710795,scr2007,stInflow,reservoir
ME,h7985,0.3543696223710795,scr2007,stInflow,reservoir
ME,h7986,0.3543696223710795,scr2007,stInflow,reservoir
ME,h7987,0.3543696223710795,scr2007,stInflow,reservoir
ME,h7988,0.3543696223710795,scr2007,stInflow,reservoir
ME,h7989,0.3543696223710795,scr2007,stInflow,reservoir
ME,h7990,0.3543696223710795,scr2007,stInflow,reservoir
ME,h7991,0.3543696223710795,scr2007,stInflow,reservoir
ME,h7992,0.3543696223710795,scr2007,stInflow,reservoir
ME,h7993,0.3543696223710795,scr2007,stInflow,reservoir
ME,h7994,0.3543696223710795,scr2007,stInflow,reservoir
ME,h7995,0.3543696223710795,scr2007,stInflow,reservoir
ME,h7996,0.3543696223710795,scr2007,stInflow,reservoir
ME,h7997,0.3543696223710795,scr2007,stInflow,reservoir
ME,h7998,0.3543696223710795,scr2007,stInflow,reservoir
ME,h7999,0.3543696223710795,scr2007,stInflow,reservoir
ME,h8000,0.3543696223710795,scr2007,stInflow,reservoir
ME,h8001,0.3543696223710795,scr2007,stInflow,reservoir
ME,h8002,0.3543696223710795,scr2007,stInflow,reservoir
ME,h8003,0.3543696223710795,scr2007,stInflow,reservoir
ME,h8004,0.3543696223710795,scr2007,stInflow,reservoir
ME,h8005,0.3543696223710795,scr2007,stInflow,reservoir
ME,h8006,0.3543696223710795,scr2007,stInflow,reservoir
ME,h8007,0.3543696223710795,scr2007,stInflow,reservoir
ME,h8008,0.3543696223710795,scr2007,stInflow,reservoir
ME,h8009,0.3543696223710795,scr2007,stInflow,reservoir
ME,h8010,0.3543696223710795,scr2007,stInflow,reservoir
ME,h8011,0.3543696223710795,scr2007,stInflow,reservoir
ME,h8012,0.3543696223710795,scr2007,stInflow,reservoir
ME,h8013,0.3543696223710795,scr2007,stInflow,reservoir
ME,h8014,0.3543696223710795,scr2007,stInflow,reservoir
ME,h8015,0.3543696223710795,scr2007,stInflow,reservoir
ME,h8016,0.3543696223710795,scr2007,stInflow,reservoir
ME,h8017,0.3543696223710795,scr2007,stInflow,reservoir
ME,h8018,0.3543696223710795,scr2007,stInflow,reservoir
ME,h8019,0.3543696223710795,scr2007,stInflow,reservoir
ME,h8020,0.3543696223710795,scr2007,stInflow,reservoir
ME,h8021,0.3543696223710795,scr2007,stInflow,reservoir
ME,h8022,0.3543696223710795,scr2007,stInflow,reservoir
ME,h8023,0.3543696223710795,scr2007,stInflow,reservoir
ME,h8024,0.3543696223710795,scr2007,stInflow,reservoir
ME,h8025,0.3543696223710795,scr2007,stInflow,reservoir
ME,h8026,0.3543696223710795,scr2007,stInflow,reservoir
ME,h8027,0.3543696223710795,scr2007,stInflow,reservoir
ME,h8028,0.3543696223710795,scr2007,stInflow,reservoir
ME,h8029,0.3543696223710795,scr2007,stInflow,reservoir
ME,h8030,0.3543696223710795,scr2007,stInflow,reservoir
ME,h8031,0.3543696223710795,scr2007,stInflow,reservoir
ME,h8032,0.3543696223710795,scr2007,stInflow,reservoir
ME,h8033,0.3543696223710795,scr2007,stInflow,reservoir
ME,h8034,0.3543696223710795,scr2007,stInflow,reservoir
ME,h8035,0.3543696223710795,scr2007,stInflow,reservoir
ME,h8036,0.3543696223710795,scr2007,stInflow,reservoir
ME,h8037,0.3543696223710795,scr2007,stInflow,reservoir
ME,h8038,0.3543696223710795,scr2007,stInflow,reservoir
ME,h8039,0.3543696223710795,scr2007,stInflow,reservoir
ME,h8040,0.3543696223710795,scr2007,stInflow,reservoir
NO,h7297,9.733165062437795,scr2007,stInflow,reservoir
NO,h7298,9.733165062437795,scr2007,stInflow,reservoir
NO,h7299,9.733165062437795,scr2007,stInflow,reservoir
NO,h7300,9.733165062437795,scr2007,stInflow,reservoir
NO,h7301,9.733165062437795,scr2007,stInflow,reservoir
NO,h7302,9.733165062437795,scr2007,stInflow,reservoir
NO,h7303,9.733165062437795,scr2007,stInflow,reservoir
NO,h7304,9.733165062437795,scr2007,stInflow,reservoir
NO,h7305,9.733165062437795,scr2007,stInflow,reservoir
NO,h7306,9.733165062437795,scr2007,stInflow,reservoir
NO,h7307,9.733165062437795,scr2007,stInflow,reservoir
NO,h7308,9.733165062437795,scr2007,stInflow,reservoir
NO,h7309,9.733165062437795,scr2007,stInflow,reservoir
NO,h7310,9.733165062437795,scr2007,stInflow,reservoir
NO,h7311,9.733165062437795,scr2007,stInflow,reservoir
NO,h7312,9.733165062437795,scr2007,stInflow,reservoir
NO,h7313,9.733165062437795,scr2007,stInflow,reservoir
NO,h7314,9.733165062437795,scr2007,stInflow,reservoir
NO,h7315,9.733165062437795,scr2007,stInflow,reservoir
NO,h7316,9.733165062437795,scr2007,stInflow,reservoir
NO,h7317,9.733165062437795,scr2007,stInflow,reservoir
NO,h7318,9.733165062437795,scr2007,stInflow,reservoir
NO,h7319,9.733165062437795,scr2007,stInflow,reservoir
NO,h7320,9.733165062437795,scr2007,stInflow,reservoir
NO,h7321,9.733165062437795,scr2007,stInflow,reservoir
NO,h7322,9.733165062437795,scr2007,stInflow,reservoir
NO,h7323,9.733165062437795,scr2007,stInflow,reservoir
NO,h7324,9.733165062437795,scr2007,stInflow,reservoir
NO,h7325,9.733165062437795,scr2007,stInflow,reservoir
NO,h7326,9.733165062437795,scr2007,stInflow,reservoir
NO,h7327,9.733165062437795,scr2007,stInflow,reservoir
NO,h7328,9.733165062437795,scr2007,stInflow,reservoir
NO,h7329,9.733165062437795,scr2007,stInflow,reservoir
NO,h7330,9.733165062437795,scr2007,stInflow,reservoir
NO,h7331,9.733165062437795,scr2007,stInflow,reservoir
NO,h7332,9.733165062437795,scr2007,stInflow,reservoir
NO,h7333,9.733165062437795,scr2007,stInflow,reservoir
NO,h7334,9.733165062437795,scr2007,stInflow,reservoir
NO,h7335,9.733165062437795,scr2007,stInflow,reservoir
NO,h7336,9.733165062437795,scr2007,stInflow,reservoir
NO,h7337,9.733165062437795,scr2007,stInflow,reservoir
NO,h7338,9.733165062437795,scr2007,stInflow,reservoir
NO,h7339,9.733165062437795,scr2007,stInflow,reservoir
NO,h7340,9.733165062437795,scr2007,stInflow,reservoir
NO,h7341,9.733165062437795,scr2007,stInflow,reservoir
NO,h7342,9.733165062437795,scr2007,stInflow,reservoir
NO,h7343,9.733165062437795,scr2007,stInflow,reservoir
NO,h7344,9.733165062437795,scr2007,stInflow,reservoir
NO,h7345,9.733165062437795,scr2007,stInflow,reservoir
NO,h7346,9.733165062437795,scr2007,stInflow,reservoir
NO,h7347,9.733165062437795,scr2007,stInflow,reservoir
NO,h7348,9.733165062437795,scr2007,stInflow,reservoir
NO,h7349,9.733165062437795,scr2007,stInflow,reservoir
NO,h7350,9.733165062437795,scr2007,stInflow,reservoir
NO,h7351,9.733165062437795,scr2007,stInflow,reservoir
NO,h7352,9.733165062437795,scr2007,stInflow,reservoir
NO,h7353,9.733165062437795,scr2007,stInflow,reservoir
NO,h7354,9.733165062437795,scr2007,stInflow,reservoir
NO,h7355,9.733165062437795,scr2007,stInflow,reservoir
NO,h7356,9.733165062437795,scr2007,stInflow,reservoir
NO,h7357,9.733165062437795,scr2007,stInflow,reservoir
NO,h7358,9.733165062437795,scr2007,stInflow,reservoir
NO,h7359,9.733165062437795,scr2007,stInflow,reservoir
NO,h7360,9.733165062437795,scr2007,stInflow,reservoir
NO,h7361,9.733165062437795,scr2007,stInflow,reservoir
NO,h7362,9.733165062437795,scr2007,stInflow,reservoir
NO,h7363,9.733165062437795,scr2007,stInflow,reservoir
NO,h7364,9.733165062437795,scr2007,stInflow,reservoir
NO,h7365,9.733165062437795,scr2007,stInflow,reservoir
NO,h7366,9.733165062437795,scr2007,stInflow,reservoir
NO,h7367,9.733165062437795,scr2007,stInflow,reservoir
NO,h7368,9.733165062437795,scr2007,stInflow,reservoir
NO,h7369,9.733165062437795,scr2007,stInflow,reservoir
NO,h7370,9.733165062437795,scr2007,stInflow,reservoir
NO,h7371,9.733165062437795,scr2007,stInflow,reservoir
NO,h7372,9.733165062437795,scr2007,stInflow,reservoir
NO,h7373,9.733165062437795,scr2007,stInflow,reservoir
NO,h7374,9.733165062437795,scr2007,stInflow,reservoir
NO,h7375,9.733165062437795,scr2007,stInflow,reservoir
NO,h7376,9.733165062437795,scr2007,stInflow,reservoir
NO,h7377,9.733165062437795,scr2007,stInflow,reservoir
NO,h7378,9.733165062437795,scr2007,stInflow,reservoir
NO,h7379,9.733165062437795,scr2007,stInflow,reservoir
NO,h7380,9.733165062437795,scr2007,stInflow,reservoir
NO,h7381,9.733165062437795,scr2007,stInflow,reservoir
NO,h7382,9.733165062437795,scr2007,stInflow,reservoir
NO,h7383,9.733165062437795,scr2007,stInflow,reservoir
NO,h7384,9.733165062437795,scr2007,stInflow,reservoir
NO,h7385,9.733165062437795,scr2007,stInflow,reservoir
NO,h7386,9.733165062437795,scr2007,stInflow,reservoir
NO,h7387,9.733165062437795,scr2007,stInflow,reservoir
NO,h7388,9.733165062437795,scr2007,stInflow,reservoir
NO,h7389,9.733165062437795,scr2007,stInflow,reservoir
NO,h7390,9.733165062437795,scr2007,stInflow,reservoir
NO,h7391,9.733165062437795,scr2007,stInflow,reservoir
NO,h7392,9.733165062437795,scr2007,stInflow,reservoir
NO,h7393,9.67727777198797,scr2007,stInflow,reservoir
NO,h7394,9.621390513813676,scr2007,stInflow,reservoir
NO,h7395,9.565503288102366,scr2007,stInflow,reservoir
NO,h7396,9.565503288102366,scr2007,stInflow,reservoir
NO,h7397,9.565503288102366,scr2007,stInflow,reservoir
NO,h7398,9.565503288102366,scr2007,stInflow,reservoir
NO,h7399,9.565503288102366,scr2007,stInflow,reservoir
NO,h7400,9.565503288102366,scr2007,stInflow,reservoir
NO,h7401,9.565503288102366,scr2007,stInflow,reservoir
NO,h7402,9.565503288102366,scr2007,stInflow,reservoir
NO,h7403,9.565503288102366,scr2007,stInflow,reservoir
NO,h7404,9.565503288102366,scr2007,stInflow,reservoir
NO,h7405,9.565503288102366,scr2007,stInflow,reservoir
NO,h7406,9.565503288102366,scr2007,stInflow,reservoir
NO,h7407,9.565503288102366,scr2007,stInflow,reservoir
NO,h7408,9.565503288102366,scr2007,stInflow,reservoir
NO,h7409,9.565503288102366,scr2007,stInflow,reservoir
NO,h7410,9.565503288102366,scr2007,stInflow,reservoir
NO,h7411,9.565503288102366,scr2007,stInflow,reservoir
NO,h7412,9.565503288102366,scr2007,stInflow,reservoir
NO,h7413,9.565503288102366,scr2007,stInflow,reservoir
NO,h7414,9.565503288102366,scr2007,stInflow,reservoir
NO,h7415,9.565503288102366,scr2007,stInflow,reservoir
NO,h7416,9.565503288102366,scr2007,stInflow,reservoir
NO,h7417,9.565503288102366,scr2007,stInflow,reservoir
NO,h7418,9.565503288102366,scr2007,stInflow,reservoir
NO,h7419,9.565503288102366,scr2007,stInflow,reservoir
NO,h7420,9.565503288102366,scr2007,stInflow,reservoir
NO,h7421,9.565503288102366,scr2007,stInflow,reservoir
NO,h7422,9.565503288102366,scr2007,stInflow,reservoir
NO,h7423,9.565503288102366,scr2007,stInflow,reservoir
NO,h7424,9.565503288102366,scr2007,stInflow,reservoir
NO,h7425,9.565503288102366,scr2007,stInflow,reservoir
NO,h7426,9.565503288102366,scr2007,stInflow,reservoir
NO,h7427,9.565503288102366,scr2007,stInflow,reservoir
NO,h7428,9.565503288102366,scr2007,stInflow,reservoir
NO,h7429,9.565503288102366,scr2007,stInflow,reservoir
NO,h7430,9.565503288102366,scr2007,stInflow,reservoir
NO,h7431,9.565503288102366,scr2007,stInflow,reservoir
NO,h7432,9.565503288102366,scr2007,stInflow,reservoir
NO,h7433,9.565503288102366,scr2007,stInflow,reservoir
NO,h7434,9.565503288102366,scr2007,stInflow,reservoir
NO,h7435,9.565503288102366,scr2007,stInflow,reservoir
NO,h7436,9.565503288102366,scr2007,stInflow,reservoir
NO,h7437,9.565503288102366,scr2007,stInflow,reservoir
NO,h7438,9.565503288102366,scr2007,stInflow,reservoir
NO,h7439,9.565503288102366,scr2007,stInflow,reservoir
NO,h7440,9.565503288102366,scr2007,stInflow,reservoir
NO,h7441,9.565503288102366,scr2007,stInflow,reservoir
NO,h7442,9.565503288102366,scr2007,stInflow,reservoir
NO,h7443,9.565503288102366,scr2007,stInflow,reservoir
NO,h7444,9.565503288102366,scr2007,stInflow,reservoir
NO,h7445,9.565503288102366,scr2007,stInflow,reservoir
NO,h7446,9.565503288102366,scr2007,stInflow,reservoir
NO,h7447,9.565503288102366,scr2007,stInflow,reservoir
NO,h7448,9.565503288102366,scr2007,stInflow,reservoir
NO,h7449,9.565503288102366,scr2007,stInflow,reservoir
NO,h7450,9.565503288102366,scr2007,stInflow,reservoir
NO,h7451,9.565503288102366,scr2007,stInflow,reservoir
NO,h7452,9.565503288102366,scr2007,stInflow,reservoir
NO,h7453,9.565503288102366,scr2007,stInflow,reservoir
NO,h7454,9.565503288102366,scr2007,stInflow,reservoir
NO,h7455,9.565503288102366,scr2007,stInflow,reservoir
NO,h7456,9.565503288102366,scr2007,stInflow,reservoir
NO,h7457,9.565503288102366,scr2007,stInflow,reservoir
NO,h7458,9.565503288102366,scr2007,stInflow,reservoir
NO,h7459,9.565503288102366,scr2007,stInflow,reservoir
NO,h7460,9.565503288102366,scr2007,stInflow,reservoir
NO,h7461,9.565503288102366,scr2007,stInflow,reservoir
NO,h7462,9.565503288102366,scr2007,stInflow,reservoir
NO,h7463,9.565503288102366,scr2007,stInflow,reservoir
NO,h7464,9.565503288102366,scr2007,stInflow,reservoir
NO,h7465,9.565503288102366,scr2007,stInflow,reservoir
NO,h7466,9.565503288102366,scr2007,stInflow,reservoir
NO,h7467,9.565503288102366,scr2007,stInflow,reservoir
NO,h7468,9.565503288102366,scr2007,stInflow,reservoir
NO,h7469,9.565503288102366,scr2007,stInflow,reservoir
NO,h7470,9.565503288102366,scr2007,stInflow,reservoir
NO,h7471,9.565503288102366,scr2007,stInflow,reservoir
NO,h7472,9.565503288102366,scr2007,stInflow,reservoir
NO,h7473,9.565503288102366,scr2007,stInflow,reservoir
NO,h7474,9.565503288102366,scr2007,stInflow,reservoir
NO,h7475,9.565503288102366,scr2007,stInflow,reservoir
NO,h7476,9.565503288102366,scr2007,stInflow,reservoir
NO,h7477,9.565503288102366,scr2007,stInflow,reservoir
NO,h7478,9.565503288102366,scr2007,stInflow,reservoir
NO,h7479,9.565503288102366,scr2007,stInflow,reservoir
NO,h7480,9.565503288102366,scr2007,stInflow,reservoir
NO,h7481,9.565503288102366,scr2007,stInflow,reservoir
NO,h7482,9.565503288102366,scr2007,stInflow,reservoir
NO,h7483,9.565503288102366,scr2007,stInflow,reservoir
NO,h7484,9.565503288102366,scr2007,stInflow,reservoir
NO,h7485,9.565503288102366,scr2007,stInflow,reservoir
NO,h7486,9.565503288102366,scr2007,stInflow,reservoir
NO,h7487,9.565503288102366,scr2007,stInflow,reservoir
NO,h7488,9.565503288102366,scr2007,stInflow,reservoir
NO,h7489,9.565503288102366,scr2007,stInflow,reservoir
NO,h7490,9.565503288102366,scr2007,stInflow,reservoir
NO,h7491,9.565503288102366,scr2007,stInflow,reservoir
NO,h7492,9.565503288102366,scr2007,stInflow,reservoir
NO,h7493,9.565503288102366,scr2007,stInflow,reservoir
NO,h7494,9.565503288102366,scr2007,stInflow,reservoir
NO,h7495,9.565503288102366,scr2007,stInflow,reservoir
NO,h7496,9.565503288102366,scr2007,stInflow,reservoir
NO,h7497,9.565503288102366,scr2007,stInflow,reservoir
NO,h7498,9.565503288102366,scr2007,stInflow,reservoir
NO,h7499,9.565503288102366,scr2007,stInflow,reservoir
NO,h7500,9.565503288102366,scr2007,stInflow,reservoir
NO,h7501,9.565503288102366,scr2007,stInflow,reservoir
NO,h7502,9.565503288102366,scr2007,stInflow,reservoir
NO,h7503,9.565503288102366,scr2007,stInflow,reservoir
NO,h7504,9.565503288102366,scr2007,stInflow,reservoir
NO,h7505,9.565503288102366,scr2007,stInflow,reservoir
NO,h7506,9.565503288102366,scr2007,stInflow,reservoir
NO,h7507,9.565503288102366,scr2007,stInflow,reservoir
NO,h7508,9.565503288102366,scr2007,stInflow,reservoir
NO,h7509,9.565503288102366,scr2007,stInflow,reservoir
NO,h7510,9.565503288102366,scr2007,stInflow,reservoir
NO,h7511,9.565503288102366,scr2007,stInflow,reservoir
NO,h7512,9.565503288102366,scr2007,stInflow,reservoir
NO,h7513,9.565503288102366,scr2007,stInflow,reservoir
NO,h7514,9.565503288102366,scr2007,stInflow,reservoir
NO,h7515,9.565503288102366,scr2007,stInflow,reservoir
NO,h7516,9.565503288102366,scr2007,stInflow,reservoir
NO,h7517,9.565503288102366,scr2007,stInflow,reservoir
NO,h7518,9.565503288102366,scr2007,stInflow,reservoir
NO,h7519,9.565503288102366,scr2007,stInflow,reservoir
NO,h7520,9.565503288102366,scr2007,stInflow,reservoir
NO,h7521,9.565503288102366,scr2007,stInflow,reservoir
NO,h7522,9.565503288102366,scr2007,stInflow,reservoir
NO,h7523,9.565503288102366,scr2007,stInflow,reservoir
NO,h7524,9.565503288102366,scr2007,stInflow,reservoir
NO,h7525,9.565503288102366,scr2007,stInflow,reservoir
NO,h7526,9.565503288102366,scr2007,stInflow,reservoir
NO,h7527,9.565503288102366,scr2007,stInflow,reservoir
NO,h7528,9.565503288102366,scr2007,stInflow,reservoir
NO,h7529,9.565503288102366,scr2007,stInflow,reservoir
NO,h7530,9.565503288102366,scr2007,stInflow,reservoir
NO,h7531,9.565503288102366,scr2007,stInflow,reservoir
NO,h7532,9.565503288102366,scr2007,stInflow,reservoir
NO,h7533,9.565503288102366,scr2007,stInflow,reservoir
NO,h7534,9.565503288102366,scr2007,stInflow,reservoir
NO,h7535,9.565503288102366,scr2007,stInflow,reservoir
NO,h7536,9.565503288102366,scr2007,stInflow,reservoir
NO,h7537,9.565503288102366,scr2007,stInflow,reservoir
NO,h7538,9.565503288102366,scr2007,stInflow,reservoir
NO,h7539,9.565503288102366,scr2007,stInflow,reservoir
NO,h7540,9.565503288102366,scr2007,stInflow,reservoir
NO,h7541,9.565503288102366,scr2007,stInflow,reservoir
NO,h7542,9.565503288102366,scr2007,stInflow,reservoir
NO,h7543,9.565503288102366,scr2007,stInflow,reservoir
NO,h7544,9.565503288102366,scr2007,stInflow,reservoir
NO,h7545,9.565503288102366,scr2007,stInflow,reservoir
NO,h7546,9.565503288102366,scr2007,stInflow,reservoir
NO,h7547,9.565503288102366,scr2007,stInflow,reservoir
NO,h7548,9.565503288102366,scr2007,stInflow,reservoir
NO,h7549,9.565503288102366,scr2007,stInflow,reservoir
NO,h7550,9.565503288102366,scr2007,stInflow,reservoir
NO,h7551,9.565503288102366,scr2007,stInflow,reservoir
NO,h7552,9.565503288102366,scr2007,stInflow,reservoir
NO,h7553,9.565503288102366,scr2007,stInflow,reservoir
NO,h7554,9.565503288102366,scr2007,stInflow,reservoir
NO,h7555,9.565503288102366,scr2007,stInflow,reservoir
NO,h7556,9.565503288102366,scr2007,stInflow,reservoir
NO,h7557,9.565503288102366,scr2007,stInflow,reservoir
NO,h7558,9.565503288102366,scr2007,stInflow,reservoir
NO,h7559,9.565503288102366,scr2007,stInflow,reservoir
NO,h7560,9.565503288102366,scr2007,stInflow,reservoir
NO,h7561,9.575918827962763,scr2007,stInflow,reservoir
NO,h7562,9.586334368956038,scr2007,stInflow,reservoir
NO,h7563,9.596749911080952,scr2007,stInflow,reservoir
NO,h7564,9.596749911080952,scr2007,stInflow,reservoir
NO,h7565,9.596749911080952,scr2007,stInflow,reservoir
NO,h7566,9.596749911080952,scr2007,stInflow,reservoir
NO,h7567,9.596749911080952,scr2007,stInflow,reservoir
NO,h7568,9.596749911080952,scr2007,stInflow,reservoir
NO,h7569,9.596749911080952,scr2007,stInflow,reservoir
NO,h7570,9.596749911080952,scr2007,stInflow,reservoir
NO,h7571,9.596749911080952,scr2007,stInflow,reservoir
NO,h7572,9.596749911080952,scr2007,stInflow,reservoir
NO,h7573,9.596749911080952,scr2007,stInflow,reservoir
NO,h7574,9.596749911080952,scr2007,stInflow,reservoir
NO,h7575,9.596749911080952,scr2007,stInflow,reservoir
NO,h7576,9.596749911080952,scr2007,stInflow,reservoir
NO,h7577,9.596749911080952,scr2007,stInflow,reservoir
NO,h7578,9.596749911080952,scr2007,stInflow,reservoir
NO,h7579,9.596749911080952,scr2007,stInflow,reservoir
NO,h7580,9.596749911080952,scr2007,stInflow,reservoir
NO,h7581,9.596749911080952,scr2007,stInflow,reservoir
NO,h7582,9.596749911080952,scr2007,stInflow,reservoir
NO,h7583,9.596749911080952,scr2007,stInflow,reservoir
NO,h7584,9.596749911080952,scr2007,stInflow,reservoir
NO,h7585,9.596749911080952,scr2007,stInflow,reservoir
NO,h7586,9.596749911080952,scr2007,stInflow,reservoir
NO,h7587,9.596749911080952,scr2007,stInflow,reservoir
NO,h7588,9.596749911080952,scr2007,stInflow,reservoir
NO,h7589,9.596749911080952,scr2007,stInflow,reservoir
NO,h7590,9.596749911080952,scr2007,stInflow,reservoir
NO,h7591,9.596749911080952,scr2007,stInflow,reservoir
NO,h7592,9.596749911080952,scr2007,stInflow,reservoir
NO,h7593,9.596749911080952,scr2007,stInflow,reservoir
NO,h7594,9.596749911080952,scr2007,stInflow,reservoir
NO,h7595,9.596749911080952,scr2007,stInflow,reservoir
NO,h7596,9.596749911080952,scr2007,stInflow,reservoir
NO,h7597,9.596749911080952,scr2007,stInflow,reservoir
NO,h7598,9.596749911080952,scr2007,stInflow,reservoir
NO,h7599,9.596749911080952,scr2007,stInflow,reservoir
NO,h7600,9.596749911080952,scr2007,stInflow,reservoir
NO,h7601,9.596749911080952,scr2007,stInflow,reservoir
NO,h7602,9.596749911080952,scr2007,stInflow,reservoir
NO,h7603,9.596749911080952,scr2007,stInflow,reservoir
NO,h7604,9.596749911080952,scr2007,stInflow,reservoir
NO,h7605,9.596749911080952,scr2007,stInflow,reservoir
NO,h7606,9.596749911080952,scr2007,stInflow,reservoir
NO,h7607,9.596749911080952,scr2007,stInflow,reservoir
NO,h7608,9.596749911080952,scr2007,stInflow,reservoir
NO,h7609,9.596749911080952,scr2007,stInflow,reservoir
NO,h7610,9.596749911080952,scr2007,stInflow,reservoir
NO,h7611,9.596749911080952,scr2007,stInflow,reservoir
NO,h7612,9.596749911080952,scr2007,stInflow,reservoir
NO,h7613,9.596749911080952,scr2007,stInflow,reservoir
NO,h7614,9.596749911080952,scr2007,stInflow,reservoir
NO,h7615,9.596749911080952,scr2007,stInflow,reservoir
NO,h7616,9.596749911080952,scr2007,stInflow,reservoir
NO,h7617,9.596749911080952,scr2007,stInflow,reservoir
NO,h7618,9.596749911080952,scr2007,stInflow,reservoir
NO,h7619,9.596749911080952,scr2007,stInflow,reservoir
NO,h7620,9.596749911080952,scr2007,stInflow,reservoir
NO,h7621,9.596749911080952,scr2007,stInflow,reservoir
NO,h7622,9.596749911080952,scr2007,stInflow,reservoir
NO,h7623,9.596749911080952,scr2007,stInflow,reservoir
NO,h7624,9.596749911080952,scr2007,stInflow,reservoir
NO,h7625,9.596749911080952,scr2007,stInflow,reservoir
NO,h7626,9.596749911080952,scr2007,stInflow,reservoir
NO,h7627,9.596749911080952,scr2007,stInflow,reservoir
NO,h7628,9.596749911080952,scr2007,stInflow,reservoir
NO,h7629,9.596749911080952,scr2007,stInflow,reservoir
NO,h7630,9.596749911080952,scr2007,stInflow,reservoir
NO,h7631,9.596749911080952,scr2007,stInflow,reservoir
NO,h7632,9.596749911080952,scr2007,stInflow,reservoir
NO,h7633,9.596749911080952,scr2007,stInflow,reservoir
NO,h7634,9.596749911080952,scr2007,stInflow,reservoir
NO,h7635,9.596749911080952,scr2007,stInflow,reservoir
NO,h7636,9.596749911080952,scr2007,stInflow,reservoir
NO,h7637,9.596749911080952,scr2007,stInflow,reservoir
NO,h7638,9.596749911080952,scr2007,stInflow,reservoir
NO,h7639,9.596749911080952,scr2007,stInflow,reservoir
NO,h7640,9.596749911080952,scr2007,stInflow,reservoir
NO,h7641,9.596749911080952,scr2007,stInflow,reservoir
NO,h7642,9.596749911080952,scr2007,stInflow,reservoir
NO,h7643,9.596749911080952,scr2007,stInflow,reservoir
NO,h7644,9.596749911080952,scr2007,stInflow,reservoir
NO,h7645,9.596749911080952,scr2007,stInflow,reservoir
NO,h7646,9.596749911080952,scr2007,stInflow,reservoir
NO,h7647,9.596749911080952,scr2007,stInflow,reservoir
NO,h7648,9.596749911080952,scr2007,stInflow,reservoir
NO,h7649,9.596749911080952,scr2007,stInflow,reservoir
NO,h7650,9.596749911080952,scr2007,stInflow,reservoir
NO,h7651,9.596749911080952,scr2007,stInflow,reservoir
NO,h7652,9.596749911080952,scr2007,stInflow,reservoir
NO,h7653,9.596749911080952,scr2007,stInflow,reservoir
NO,h7654,9.596749911080952,scr2007,stInflow,reservoir
NO,h7655,9.596749911080952,scr2007,stInflow,reservoir
NO,h7656,9.596749911080952,scr2007,stInflow,reservoir
NO,h7657,9.596749911080952,scr2007,stInflow,reservoir
NO,h7658,9.596749911080952,scr2007,stInflow,reservoir
NO,h7659,9.596749911080952,scr2007,stInflow,reservoir
NO,h7660,9.596749911080952,scr2007,stInflow,reservoir
NO,h7661,9.596749911080952,scr2007,stInflow,reservoir
NO,h7662,9.596749911080952,scr2007,stInflow,reservoir
NO,h7663,9.596749911080952,scr2007,stInflow,reservoir
NO,h7664,9.596749911080952,scr2007,stInflow,reservoir
NO,h7665,9.596749911080952,scr2007,stInflow,reservoir
NO,h7666,9.596749911080952,scr2007,stInflow,reservoir
NO,h7667,9.596749911080952,scr2007,stInflow,reservoir
NO,h7668,9.596749911080952,scr2007,stInflow,reservoir
NO,h7669,9.596749911080952,scr2007,stInflow,reservoir
NO,h7670,9.596749911080952,scr2007,stInflow,reservoir
NO,h7671,9.596749911080952,scr2007,stInflow,reservoir
NO,h7672,9.596749911080952,scr2007,stInflow,reservoir
NO,h7673,9.596749911080952,scr2007,stInflow,reservoir
NO,h7674,9.596749911080952,scr2007,stInflow,reservoir
NO,h7675,9.596749911080952,scr2007,stInflow,reservoir
NO,h7676,9.596749911080952,scr2007,stInflow,reservoir
NO,h7677,9.596749911080952,scr2007,stInflow,reservoir
NO,h7678,9.596749911080952,scr2007,stInflow,reservoir
NO,h7679,9.596749911080952,scr2007,stInflow,reservoir
NO,h7680,9.596749911080952,scr2007,stInflow,reservoir
NO,h7681,9.596749911080952,scr2007,stInflow,reservoir
NO,h7682,9.596749911080952,scr2007,stInflow,reservoir
NO,h7683,9.596749911080952,scr2007,stInflow,reservoir
NO,h7684,9.596749911080952,scr2007,stInflow,reservoir
NO,h7685,9.596749911080952,scr2007,stInflow,reservoir
NO,h7686,9.596749911080952,scr2007,stInflow,reservoir
NO,h7687,9.596749911080952,scr2007,stInflow,reservoir
NO,h7688,9.596749911080952,scr2007,stInflow,reservoir
NO,h7689,9.596749911080952,scr2007,stInflow,reservoir
NO,h7690,9.596749911080952,scr2007,stInflow,reservoir
NO,h7691,9.596749911080952,scr2007,stInflow,reservoir
NO,h7692,9.596749911080952,scr2007,stInflow,reservoir
NO,h7693,9.596749911080952,scr2007,stInflow,reservoir
NO,h7694,9.596749911080952,scr2007,stInflow,reservoir
NO,h7695,9.596749911080952,scr2007,stInflow,reservoir
NO,h7696,9.596749911080952,scr2007,stInflow,reservoir
NO,h7697,9.596749911080952,scr2007,stInflow,reservoir
NO,h7698,9.596749911080952,scr2007,stInflow,reservoir
NO,h7699,9.596749911080952,scr2007,stInflow,reservoir
NO,h7700,9.596749911080952,scr2007,stInflow,reservoir
NO,h7701,9.596749911080952,scr2007,stInflow,reservoir
NO,h7702,9.596749911080952,scr2007,stInflow,reservoir
NO,h7703,9.596749911080952,scr2007,stInflow,reservoir
NO,h7704,9.596749911080952,scr2007,stInflow,reservoir
NO,h7705,9.596749911080952,scr2007,stInflow,reservoir
NO,h7706,9.596749911080952,scr2007,stInflow,reservoir
NO,h7707,9.596749911080952,scr2007,stInflow,reservoir
NO,h7708,9.596749911080952,scr2007,stInflow,reservoir
NO,h7709,9.596749911080952,scr2007,stInflow,reservoir
NO,h7710,9.596749911080952,scr2007,stInflow,reservoir
NO,h7711,9.596749911080952,scr2007,stInflow,reservoir
NO,h7712,9.596749911080952,scr2007,stInflow,reservoir
NO,h7713,9.596749911080952,scr2007,stInflow,reservoir
NO,h7714,9.596749911080952,scr2007,stInflow,reservoir
NO,h7715,9.596749911080952,scr2007,stInflow,reservoir
NO,h7716,9.596749911080952,scr2007,stInflow,reservoir
NO,h7717,9.596749911080952,scr2007,stInflow,reservoir
NO,h7718,9.596749911080952,scr2007,stInflow,reservoir
NO,h7719,9.596749911080952,scr2007,stInflow,reservoir
NO,h7720,9.596749911080952,scr2007,stInflow,reservoir
NO,h7721,9.596749911080952,scr2007,stInflow,reservoir
NO,h7722,9.596749911080952,scr2007,stInflow,reservoir
NO,h7723,9.596749911080952,scr2007,stInflow,reservoir
NO,h7724,9.596749911080952,scr2007,stInflow,reservoir
NO,h7725,9.596749911080952,scr2007,stInflow,reservoir
NO,h7726,9.596749911080952,scr2007,stInflow,reservoir
NO,h7727,9.596749911080952,scr2007,stInflow,reservoir
NO,h7728,9.596749911080952,scr2007,stInflow,reservoir
NO,h7729,9.614082452210592,scr2007,stInflow,reservoir
NO,h7730,9.631414996464986,scr2007,stInflow,reservoir
NO,h7731,9.648747543838507,scr2007,stInflow,reservoir
NO,h7732,9.648747543838507,scr2007,stInflow,reservoir
NO,h7733,9.648747543838507,scr2007,stInflow,reservoir
NO,h7734,9.648747543838507,scr2007,stInflow,reservoir
NO,h7735,9.648747543838507,scr2007,stInflow,reservoir
NO,h7736,9.648747543838507,scr2007,stInflow,reservoir
NO,h7737,9.648747543838507,scr2007,stInflow,reservoir
NO,h7738,9.648747543838507,scr2007,stInflow,reservoir
NO,h7739,9.648747543838507,scr2007,stInflow,reservoir
NO,h7740,9.648747543838507,scr2007,stInflow,reservoir
NO,h7741,9.648747543838507,scr2007,stInflow,reservoir
NO,h7742,9.648747543838507,scr2007,stInflow,reservoir
NO,h7743,9.648747543838507,scr2007,stInflow,reservoir
NO,h7744,9.648747543838507,scr2007,stInflow,reservoir
NO,h7745,9.648747543838507,scr2007,stInflow,reservoir
NO,h7746,9.648747543838507,scr2007,stInflow,reservoir
NO,h7747,9.648747543838507,scr2007,stInflow,reservoir
NO,h7748,9.648747543838507,scr2007,stInflow,reservoir
NO,h7749,9.648747543838507,scr2007,stInflow,reservoir
NO,h7750,9.648747543838507,scr2007,stInflow,reservoir
NO,h7751,9.648747543838507,scr2007,stInflow,reservoir
NO,h7752,9.648747543838507,scr2007,stInflow,reservoir
NO,h7753,9.648747543838507,scr2007,stInflow,reservoir
NO,h7754,9.648747543838507,scr2007,stInflow,reservoir
NO,h7755,9.648747543838507,scr2007,stInflow,reservoir
NO,h7756,9.648747543838507,scr2007,stInflow,reservoir
NO,h7757,9.648747543838507,scr2007,stInflow,reservoir
NO,h7758,9.648747543838507,scr2007,stInflow,reservoir
NO,h7759,9.648747543838507,scr2007,stInflow,reservoir
NO,h7760,9.648747543838507,scr2007,stInflow,reservoir
NO,h7761,9.648747543838507,scr2007,stInflow,reservoir
NO,h7762,9.648747543838507,scr2007,stInflow,reservoir
NO,h7763,9.648747543838507,scr2007,stInflow,reservoir
NO,h7764,9.648747543838507,scr2007,stInflow,reservoir
NO,h7765,9.648747543838507,scr2007,stInflow,reservoir
NO,h7766,9.648747543838507,scr2007,stInflow,reservoir
NO,h7767,9.648747543838507,scr2007,stInflow,reservoir
NO,h7768,9.648747543838507,scr2007,stInflow,reservoir
NO,h7769,9.648747543838507,scr2007,stInflow,reservoir
NO,h7770,9.648747543838507,scr2007,stInflow,reservoir
NO,h7771,9.648747543838507,scr2007,stInflow,reservoir
NO,h7772,9.648747543838507,scr2007,stInflow,reservoir
NO,h7773,9.648747543838507,scr2007,stInflow,reservoir
NO,h7774,9.648747543838507,scr2007,stInflow,reservoir
NO,h7775,9.648747543838507,scr2007,stInflow,reservoir
NO,h7776,9.648747543838507,scr2007,stInflow,reservoir
NO,h7777,9.648747543838507,scr2007,stInflow,reservoir
NO,h7778,9.648747543838507,scr2007,stInflow,reservoir
NO,h7779,9.648747543838507,scr2007,stInflow,reservoir
NO,h7780,9.648747543838507,scr2007,stInflow,reservoir
NO,h7781,9.648747543838507,scr2007,stInflow,reservoir
NO,h7782,9.648747543838507,scr2007,stInflow,reservoir
NO,h7783,9.648747543838507,scr2007,stInflow,reservoir
NO,h7784,9.648747543838507,scr2007,stInflow,reservoir
NO,h7785,9.648747543838507,scr2007,stInflow,reservoir
NO,h7786,9.648747543838507,scr2007,stInflow,reservoir
NO,h7787,9.648747543838507,scr2007,stInflow,reservoir
NO,h7788,9.648747543838507,scr2007,stInflow,reservoir
NO,h7789,9.648747543838507,scr2007,stInflow,reservoir
NO,h7790,9.648747543838507,scr2007,stInflow,reservoir
NO,h7791,9.648747543838507,scr2007,stInflow,reservoir
NO,h7792,9.648747543838507,scr2007,stInflow,reservoir
NO,h7793,9.648747543838507,scr2007,stInflow,reservoir
NO,h7794,9.648747543838507,scr2007,stInflow,reservoir
NO,h7795,9.648747543838507,scr2007,stInflow,reservoir
NO,h7796,9.648747543838507,scr2007,stInflow,reservoir
NO,h7797,9.648747543838507,scr2007,stInflow,reservoir
NO,h7798,9.648747543838507,scr2007,stInflow,reservoir
NO,h7799,9.648747543838507,scr2007,stInflow,reservoir
NO,h7800,9.648747543838507,scr2007,stInflow,reservoir
NO,h7801,9.648747543838507,scr2007,stInflow,reservoir
NO,h7802,9.648747543838507,scr2007,stInflow,reservoir
NO,h7803,9.648747543838507,scr2007,stInflow,reservoir
NO,h7804,9.648747543838507,scr2007,stInflow,reservoir
NO,h7805,9.648747543838507,scr2007,stInflow,reservoir
NO,h7806,9.648747543838507,scr2007,stInflow,reservoir
NO,h7807,9.648747543838507,scr2007,stInflow,reservoir
NO,h7808,9.648747543838507,scr2007,stInflow,reservoir
NO,h7809,9.648747543838507,scr2007,stInflow,reservoir
NO,h7810,9.648747543838507,scr2007,stInflow,reservoir
NO,h7811,9.648747543838507,scr2007,stInflow,reservoir
NO,h7812,9.648747543838507,scr2007,stInflow,reservoir
NO,h7813,9.648747543838507,scr2007,stInflow,reservoir
NO,h7814,9.648747543838507,scr2007,stInflow,reservoir
NO,h7815,9.648747543838507,scr2007,stInflow,reservoir
NO,h7816,9.648747543838507,scr2007,stInflow,reservoir
NO,h7817,9.648747543838507,scr2007,stInflow,reservoir
NO,h7818,9.648747543838507,scr2007,stInflow,reservoir
NO,h7819,9.648747543838507,scr2007,stInflow,reservoir
NO,h7820,9.648747543838507,scr2007,stInflow,reservoir
NO,h7821,9.648747543838507,scr2007,stInflow,reservoir
NO,h7822,9.648747543838507,scr2007,stInflow,reservoir
NO,h7823,9.648747543838507,scr2007,stInflow,reservoir
NO,h7824,9.648747543838507,scr2007,stInflow,reservoir
NO,h7825,9.648747543838507,scr2007,stInflow,reservoir
NO,h7826,9.648747543838507,scr2007,stInflow,reservoir
NO,h7827,9.648747543838507,scr2007,stInflow,reservoir
NO,h7828,9.648747543838507,scr2007,stInflow,reservoir
NO,h7829,9.648747543838507,scr2007,stInflow,reservoir
NO,h7830,9.648747543838507,scr2007,stInflow,reservoir
NO,h7831,9.648747543838507,scr2007,stInflow,reservoir
NO,h7832,9.648747543838507,scr2007,stInflow,reservoir
NO,h7833,9.648747543838507,scr2007,stInflow,reservoir
NO,h7834,9.648747543838507,scr2007,stInflow,reservoir
NO,h7835,9.648747543838507,scr2007,stInflow,reservoir
NO,h7836,9.648747543838507,scr2007,stInflow,reservoir
NO,h7837,9.648747543838507,scr2007,stInflow,reservoir
NO,h7838,9.648747543838507,scr2007,stInflow,reservoir
NO,h7839,9.648747543838507,scr2007,stInflow,reservoir
NO,h7840,9.648747543838507,scr2007,stInflow,reservoir
NO,h7841,9.648747543838507,scr2007,stInflow,reservoir
NO,h7842,9.648747543838507,scr2007,stInflow,reservoir
NO,h7843,9.648747543838507,scr2007,stInflow,reservoir
NO,h7844,9.648747543838507,scr2007,stInflow,reservoir
NO,h7845,9.648747543838507,scr2007,stInflow,reservoir
NO,h7846,9.648747543838507,scr2007,stInflow,reservoir
NO,h7847,9.648747543838507,scr2007,stInflow,reservoir
NO,h7848,9.648747543838507,scr2007,stInflow,reservoir
NO,h7849,9.648747543838507,scr2007,stInflow,reservoir
NO,h7850,9.648747543838507,scr2007,stInflow,reservoir
NO,h7851,9.648747543838507,scr2007,stInflow,reservoir
NO,h7852,9.648747543838507,scr2007,stInflow,reservoir
NO,h7853,9.648747543838507,scr2007,stInflow,reservoir
NO,h7854,9.648747543838507,scr2007,stInflow,reservoir
NO,h7855,9.648747543838507,scr2007,stInflow,reservoir
NO,h7856,9.648747543838507,scr2007,stInflow,reservoir
NO,h7857,9.648747543838507,scr2007,stInflow,reservoir
NO,h7858,9.648747543838507,scr2007,stInflow,reservoir
NO,h7859,9.648747543838507,scr2007,stInflow,reservoir
NO,h7860,9.648747543838507,scr2007,stInflow,reservoir
NO,h7861,9.648747543838507,scr2007,stInflow,reservoir
NO,h7862,9.648747543838507,scr2007,stInflow,reservoir
NO,h7863,9.648747543838507,scr2007,stInflow,reservoir
NO,h7864,9.648747543838507,scr2007,stInflow,reservoir
NO,h7865,9.648747543838507,scr2007,stInflow,reservoir
NO,h7866,9.648747543838507,scr2007,stInflow,reservoir
NO,h7867,9.648747543838507,scr2007,stInflow,reservoir
NO,h7868,9.648747543838507,scr2007,stInflow,reservoir
NO,h7869,9.648747543838507,scr2007,stInflow,reservoir
NO,h7870,9.648747543838507,scr2007,stInflow,reservoir
NO,h7871,9.648747543838507,scr2007,stInflow,reservoir
NO,h7872,9.648747543838507,scr2007,stInflow,reservoir
NO,h7873,9.648747543838507,scr2007,stInflow,reservoir
NO,h7874,9.648747543838507,scr2007,stInflow,reservoir
NO,h7875,9.648747543838507,scr2007,stInflow,reservoir
NO,h7876,9.648747543838507,scr2007,stInflow,reservoir
NO,h7877,9.648747543838507,scr2007,stInflow,reservoir
NO,h7878,9.648747543838507,scr2007,stInflow,reservoir
NO,h7879,9.648747543838507,scr2007,stInflow,reservoir
NO,h7880,9.648747543838507,scr2007,stInflow,reservoir
NO,h7881,9.648747543838507,scr2007,stInflow,reservoir
NO,h7882,9.648747543838507,scr2007,stInflow,reservoir
NO,h7883,9.648747543838507,scr2007,stInflow,reservoir
NO,h7884,9.648747543838507,scr2007,stInflow,reservoir
NO,h7885,9.648747543838507,scr2007,stInflow,reservoir
NO,h7886,9.648747543838507,scr2007,stInflow,reservoir
NO,h7887,9.648747543838507,scr2007,stInflow,reservoir
NO,h7888,9.648747543838507,scr2007,stInflow,reservoir
NO,h7889,9.648747543838507,scr2007,stInflow,reservoir
NO,h7890,9.648747543838507,scr2007,stInflow,reservoir
NO,h7891,9.648747543838507,scr2007,stInflow,reservoir
NO,h7892,9.648747543838507,scr2007,stInflow,reservoir
NO,h7893,9.648747543838507,scr2007,stInflow,reservoir
NO,h7894,9.648747543838507,scr2007,stInflow,reservoir
NO,h7895,9.648747543838507,scr2007,stInflow,reservoir
NO,h7896,9.648747543838507,scr2007,stInflow,reservoir
NO,h7897,9.3705897522836,scr2007,stInflow,reservoir
NO,h7898,9.09243278653409,scr2007,stInflow,reservoir
NO,h7899,8.814276671858345,scr2007,stInflow,reservoir
NO,h7900,8.814276671858345,scr2007,stInflow,reservoir
NO,h7901,8.814276671858345,scr2007,stInflow,reservoir
NO,h7902,8.814276671858345,scr2007,stInflow,reservoir
NO,h7903,8.814276671858345,scr2007,stInflow,reservoir
NO,h7904,8.814276671858345,scr2007,stInflow,reservoir
NO,h7905,8.814276671858345,scr2007,stInflow,reservoir
NO,h7906,8.814276671858345,scr2007,stInflow,reservoir
NO,h7907,8.814276671858345,scr2007,stInflow,reservoir
NO,h7908,8.814276671858345,scr2007,stInflow,reservoir
NO,h7909,8.814276671858345,scr2007,stInflow,reservoir
NO,h7910,8.814276671858345,scr2007,stInflow,reservoir
NO,h7911,8.814276671858345,scr2007,stInflow,reservoir
NO,h7912,8.814276671858345,scr2007,stInflow,reservoir
NO,h7913,8.814276671858345,scr2007,stInflow,reservoir
NO,h7914,8.814276671858345,scr2007,stInflow,reservoir
NO,h7915,8.814276671858345,scr2007,stInflow,reservoir
NO,h7916,8.814276671858345,scr2007,stInflow,reservoir
NO,h7917,8.814276671858345,scr2007,stInflow,reservoir
NO,h7918,8.814276671858345,scr2007,stInflow,reservoir
NO,h7919,8.814276671858345,scr2007,stInflow,reservoir
NO,h7920,8.814276671858345,scr2007,stInflow,reservoir
NO,h7921,8.814276671858345,scr2007,stInflow,reservoir
NO,h7922,8.814276671858345,scr2007,stInflow,reservoir
NO,h7923,8.814276671858345,scr2007,stInflow,reservoir
NO,h7924,8.814276671858345,scr2007,stInflow,reservoir
NO,h7925,8.814276671858345,scr2007,stInflow,reservoir
NO,h7926,8.814276671858345,scr2007,stInflow,reservoir
NO,h7927,8.814276671858345,scr2007,stInflow,reservoir
NO,h7928,8.814276671858345,scr2007,stInflow,reservoir
NO,h7929,8.814276671858345,scr2007,stInflow,reservoir
NO,h7930,8.814276671858345,scr2007,stInflow,reservoir
NO,h7931,8.814276671858345,scr2007,stInflow,reservoir
NO,h7932,8.814276671858345,scr2007,stInflow,reservoir
NO,h7933,8.814276671858345,scr2007,stInflow,reservoir
NO,h7934,8.814276671858345,scr2007,stInflow,reservoir
NO,h7935,8.814276671858345,scr2007,stInflow,reservoir
NO,h7936,8.814276671858345,scr2007,stInflow,reservoir
NO,h7937,8.814276671858345,scr2007,stInflow,reservoir
NO,h7938,8.814276671858345,scr2007,stInflow,reservoir
NO,h7939,8.814276671858345,scr2007,stInflow,reservoir
NO,h7940,8.814276671858345,scr2007,stInflow,reservoir
NO,h7941,8.814276671858345,scr2007,stInflow,reservoir
NO,h7942,8.814276671858345,scr2007,stInflow,reservoir
NO,h7943,8.814276671858345,scr2007,stInflow,reservoir
NO,h7944,8.814276671858345,scr2007,stInflow,reservoir
NO,h7945,8.814276671858345,scr2007,stInflow,reservoir
NO,h7946,8.814276671858345,scr2007,stInflow,reservoir
NO,h7947,8.814276671858345,scr2007,stInflow,reservoir
NO,h7948,8.814276671858345,scr2007,stInflow,reservoir
NO,h7949,8.814276671858345,scr2007,stInflow,reservoir
NO,h7950,8.814276671858345,scr2007,stInflow,reservoir
NO,h7951,8.814276671858345,scr2007,stInflow,reservoir
NO,h7952,8.814276671858345,scr2007,stInflow,reservoir
NO,h7953,8.814276671858345,scr2007,stInflow,reservoir
NO,h7954,8.814276671858345,scr2007,stInflow,reservoir
NO,h7955,8.814276671858345,scr2007,stInflow,reservoir
NO,h7956,8.814276671858345,scr2007,stInflow,reservoir
NO,h7957,8.814276671858345,scr2007,stInflow,reservoir
NO,h7958,8.814276671858345,scr2007,stInflow,reservoir
NO,h7959,8.814276671858345,scr2007,stInflow,reservoir
NO,h7960,8.814276671858345,scr2007,stInflow,reservoir
NO,h7961,8.814276671858345,scr2007,stInflow,reservoir
NO,h7962,8.814276671858345,scr2007,stInflow,reservoir
NO,h7963,8.814276671858345,scr2007,stInflow,reservoir
NO,h7964,8.814276671858345,scr2007,stInflow,reservoir
NO,h7965,8.814276671858345,scr2007,stInflow,reservoir
NO,h7966,8.814276671858345,scr2007,stInflow,reservoir
NO,h7967,8.814276671858345,scr2007,stInflow,reservoir
NO,h7968,8.814276671858345,scr2007,stInflow,reservoir
NO,h7969,8.814276671858345,scr2007,stInflow,reservoir
NO,h7970,8.814276671858345,scr2007,stInflow,reservoir
NO,h7971,8.814276671858345,scr2007,stInflow,reservoir
NO,h7972,8.814276671858345,scr2007,stInflow,reservoir
NO,h7973,8.814276671858345,scr2007,stInflow,reservoir
NO,h7974,8.814276671858345,scr2007,stInflow,reservoir
NO,h7975,8.814276671858345,scr2007,stInflow,reservoir
NO,h7976,8.814276671858345,scr2007,stInflow,reservoir
NO,h7977,8.814276671858345,scr2007,stInflow,reservoir
NO,h7978,8.814276671858345,scr2007,stInflow,reservoir
NO,h7979,8.814276671858345,scr2007,stInflow,reservoir
NO,h7980,8.814276671858345,scr2007,stInflow,reservoir
NO,h7981,8.814276671858345,scr2007,stInflow,reservoir
NO,h7982,8.814276671858345,scr2007,stInflow,reservoir
NO,h7983,8.814276671858345,scr2007,stInflow,reservoir
NO,h7984,8.814276671858345,scr2007,stInflow,reservoir
NO,h7985,8.814276671858345,scr2007,stInflow,reservoir
NO,h7986,8.814276671858345,scr2007,stInflow,reservoir
NO,h7987,8.814276671858345,scr2007,stInflow,reservoir
NO,h7988,8.814276671858345,scr2007,stInflow,reservoir
NO,h7989,8.814276671858345,scr2007,stInflow,reservoir
NO,h7990,8.814276671858345,scr2007,stInflow,reservoir
NO,h7991,8.814276671858345,scr2007,stInflow,reservoir
NO,h7992,8.814276671858345,scr2007,stInflow,reservoir
NO,h7993,8.814276671858345,scr2007,stInflow,reservoir
NO,h7994,8.814276671858345,scr2007,stInflow,reservoir
NO,h7995,8.814276671858345,scr2007,stInflow,reservoir
NO,h7996,8.814276671858345,scr2007,stInflow,reservoir
NO,h7997,8.814276671858345,scr2007,stInflow,reservoir
NO,h7998,8.814276671858345,scr2007,stInflow,reservoir
NO,h7999,8.814276671858345,scr2007,stInflow,reservoir
NO,h8000,8.814276671858345,scr2007,stInflow,reservoir
NO,h8001,8.814276671858345,scr2007,stInflow,reservoir
NO,h8002,8.814276671858345,scr2007,stInflow,reservoir
NO,h8003,8.814276671858345,scr2007,stInflow,reservoir
NO,h8004,8.814276671858345,scr2007,stInflow,reservoir
NO,h8005,8.814276671858345,scr2007,stInflow,reservoir
NO,h8006,8.814276671858345,scr2007,stInflow,reservoir
NO,h8007,8.814276671858345,scr2007,stInflow,reservoir
NO,h8008,8.814276671858345,scr2007,stInflow,reservoir
NO,h8009,8.814276671858345,scr2007,stInflow,reservoir
NO,h8010,8.814276671858345,scr2007,stInflow,reservoir
NO,h8011,8.814276671858345,scr2007,stInflow,reservoir
NO,h8012,8.814276671858345,scr2007,stInflow,reservoir
NO,h8013,8.814276671858345,scr2007,stInflow,reservoir
NO,h8014,8.814276671858345,scr2007,stInflow,reservoir
NO,h8015,8.814276671858345,scr2007,stInflow,reservoir
NO,h8016,8.814276671858345,scr2007,stInflow,reservoir
NO,h8017,8.814276671858345,scr2007,stInflow,reservoir
NO,h8018,8.814276671858345,scr2007,stInflow,reservoir
NO,h8019,8.814276671858345,scr2007,stInflow,reservoir
NO,h8020,8.814276671858345,scr2007,stInflow,reservoir
NO,h8021,8.814276671858345,scr2007,stInflow,reservoir
NO,h8022,8.814276671858345,scr2007,stInflow,reservoir
NO,h8023,8.814276671858345,scr2007,stInflow,reservoir
NO,h8024,8.814276671858345,scr2007,stInflow,reservoir
NO,h8025,8.814276671858345,scr2007,stInflow,reservoir
NO,h8026,8.814276671858345,scr2007,stInflow,reservoir
NO,h8027,8.814276671858345,scr2007,stInflow,reservoir
NO,h8028,8.814276671858345,scr2007,stInflow,reservoir
NO,h8029,8.814276671858345,scr2007,stInflow,reservoir
NO,h8030,8.814276671858345,scr2007,stInflow,reservoir
NO,h8031,8.814276671858345,scr2007,stInflow,reservoir
NO,h8032,8.814276671858345,scr2007,stInflow,reservoir
NO,h8033,8.814276671858345,scr2007,stInflow,reservoir
NO,h8034,8.814276671858345,scr2007,stInflow,reservoir
NO,h8035,8.814276671858345,scr2007,stInflow,reservoir
NO,h8036,8.814276671858345,scr2007,stInflow,reservoir
NO,h8037,8.814276671858345,scr2007,stInflow,reservoir
NO,h8038,8.814276671858345,scr2007,stInflow,reservoir
NO,h8039,8.814276671858345,scr2007,stInflow,reservoir
NO,h8040,8.814276671858345,scr2007,stInflow,reservoir
PT,h7297,0.10150025663675336,scr2007,stInflow,reservoir
PT,h7298,0.10150025663675336,scr2007,stInflow,reservoir
PT,h7299,0.10150025663675336,scr2007,stInflow,reservoir
PT,h7300,0.10150025663675336,scr2007,stInflow,reservoir
PT,h7301,0.10150025663675336,scr2007,stInflow,reservoir
PT,h7302,0.10150025663675336,scr2007,stInflow,reservoir
PT,h7303,0.10150025663675336,scr2007,stInflow,reservoir
PT,h7304,0.10150025663675336,scr2007,stInflow,reservoir
PT,h7305,0.10150025663675336,scr2007,stInflow,reservoir
PT,h7306,0.10150025663675336,scr2007,stInflow,reservoir
PT,h7307,0.10150025663675336,scr2007,stInflow,reservoir
PT,h7308,0.10150025663675336,scr2007,stInflow,reservoir
PT,h7309,0.10150025663675336,scr2007,stInflow,reservoir
PT,h7310,0.10150025663675336,scr2007,stInflow,reservoir
PT,h7311,0.10150025663675336,scr2007,stInflow,reservoir
PT,h7312,0.10150025663675336,scr2007,stInflow,reservoir
PT,h7313,0.10150025663675336,scr2007,stInflow,reservoir
PT,h7314,0.10150025663675336,scr2007,stInflow,reservoir
PT,h7315,0.10150025663675336,scr2007,stInflow,reservoir
PT,h7316,0.10150025663675336,scr2007,stInflow,reservoir
PT,h7317,0.10150025663675336,scr2007,stInflow,reservoir
PT,h7318,0.10150025663675336,scr2007,stInflow,reservoir
PT,h7319,0.10150025663675336,scr2007,stInflow,reservoir
PT,h7320,0.10150025663675336,scr2007,stInflow,reservoir
PT,h7321,0.10150025663675336,scr2007,stInflow,reservoir
PT,h7322,0.10150025663675336,scr2007,stInflow,reservoir
PT,h7323,0.10150025663675336,scr2007,stInflow,reservoir
PT,h7324,0.10150025663675336,scr2007,stInflow,reservoir
PT,h7325,0.10150025663675336,scr2007,stInflow,reservoir
PT,h7326,0.10150025663675336,scr2007,stInflow,reservoir
PT,h7327,0.10150025663675336,scr2007,stInflow,reservoir
PT,h7328,0.10150025663675336,scr2007,stInflow,reservoir
PT,h7329,0.10150025663675336,scr2007,stInflow,reservoir
PT,h7330,0.10150025663675336,scr2007,stInflow,reservoir
PT,h7331,0.10150025663675336,scr2007,stInflow,reservoir
PT,h7332,0.10150025663675336,scr2007,stInflow,reservoir
PT,h7333,0.10150025663675336,scr2007,stInflow,reservoir
PT,h7334,0.10150025663675336,scr2007,stInflow,reservoir
PT,h7335,0.10150025663675336,scr2007,stInflow,reservoir
PT,h7336,0.10150025663675336,scr2007,stInflow,reservoir
PT,h7337,0.10150025663675336,scr2007,stInflow,reservoir
PT,h7338,0.10150025663675336,scr2007,stInflow,reservoir
PT,h7339,0.10150025663675336,scr2007,stInflow,reservoir
PT,h7340,0.10150025663675336,scr2007,stInflow,reservoir
PT,h7341,0.10150025663675336,scr2007,stInflow,reservoir
PT,h7342,0.10150025663675336,scr2007,stInflow,reservoir
PT,h7343,0.10150025663675336,scr2007,stInflow,reservoir
PT,h7344,0.10150025663675336,scr2007,stInflow,reservoir
PT,h7345,0.10150025663675336,scr2007,stInflow,reservoir
PT,h7346,0.10150025663675336,scr2007,stInflow,reservoir
PT,h7347,0.10150025663675336,scr2007,stInflow,reservoir
PT,h7348,0.10150025663675336,scr2007,stInflow,reservoir
PT,h7349,0.10150025663675336,scr2007,stInflow,reservoir
PT,h7350,0.10150025663675336,scr2007,stInflow,reservoir
PT,h7351,0.10150025663675336,scr2007,stInflow,reservoir
PT,h7352,0.10150025663675336,scr2007,stInflow,reservoir
PT,h7353,0.10150025663675336,scr2007,stInflow,reservoir
PT,h7354,0.10150025663675336,scr2007,stInflow,reservoir
PT,h7355,0.10150025663675336,scr2007,stInflow,reservoir
PT,h7356,0.10150025663675336,scr2007,stInflow,reservoir
PT,h7357,0.10150025663675336,scr2007,stInflow,reservoir
PT,h7358,0.10150025663675336,scr2007,stInflow,reservoir
PT,h7359,0.10150025663675336,scr2007,stInflow,reservoir
PT,h7360,0.10150025663675336,scr2007,stInflow,reservoir
PT,h7361,0.10150025663675336,scr2007,stInflow,reservoir
PT,h7362,0.10150025663675336,scr2007,stInflow,reservoir
PT,h7363,0.10150025663675336,scr2007,stInflow,reservoir
PT,h7364,0.10150025663675336,scr2007,stInflow,reservoir
PT,h7365,0.10150025663675336,scr2007,stInflow,reservoir
PT,h7366,0.10150025663675336,scr2007,stInflow,reservoir
PT,h7367,0.10150025663675336,scr2007,stInflow,reservoir
PT,h7368,0.10150025663675336,scr2007,stInflow,reservoir
PT,h7369,0.10150025663675336,scr2007,stInflow,reservoir
PT,h7370,0.10150025663675336,scr2007,stInflow,reservoir
PT,h7371,0.10150025663675336,scr2007,stInflow,reservoir
PT,h7372,0.10150025663675336,scr2007,stInflow,reservoir
PT,h7373,0.10150025663675336,scr2007,stInflow,reservoir
PT,h7374,0.10150025663675336,scr2007,stInflow,reservoir
PT,h7375,0.10150025663675336,scr2007,stInflow,reservoir
PT,h7376,0.10150025663675336,scr2007,stInflow,reservoir
PT,h7377,0.10150025663675336,scr2007,stInflow,reservoir
PT,h7378,0.10150025663675336,scr2007,stInflow,reservoir
PT,h7379,0.10150025663675336,scr2007,stInflow,reservoir
PT,h7380,0.10150025663675336,scr2007,stInflow,reservoir
PT,h7381,0.10150025663675336,scr2007,stInflow,reservoir
PT,h7382,0.10150025663675336,scr2007,stInflow,reservoir
PT,h7383,0.10150025663675336,scr2007,stInflow,reservoir
PT,h7384,0.10150025663675336,scr2007,stInflow,reservoir
PT,h7385,0.10150025663675336,scr2007,stInflow,reservoir
PT,h7386,0.10150025663675336,scr2007,stInflow,reservoir
PT,h7387,0.10150025663675336,scr2007,stInflow,reservoir
PT,h7388,0.10150025663675336,scr2007,stInflow,reservoir
PT,h7389,0.10150025663675336,scr2007,stInflow,reservoir
PT,h7390,0.10150025663675336,scr2007,stInflow,reservoir
PT,h7391,0.10150025663675336,scr2007,stInflow,reservoir
PT,h7392,0.10150025663675336,scr2007,stInflow,reservoir
PT,h7393,0.11141267954276972,scr2007,stInflow,reservoir
PT,h7394,0.12132519074859963,scr2007,stInflow,reservoir
PT,h7395,0.13123778302451838,scr2007,stInflow,reservoir
PT,h7396,0.13123778302451838,scr2007,stInflow,reservoir
PT,h7397,0.13123778302451838,scr2007,stInflow,reservoir
PT,h7398,0.13123778302451838,scr2007,stInflow,reservoir
PT,h7399,0.13123778302451838,scr2007,stInflow,reservoir
PT,h7400,0.13123778302451838,scr2007,stInflow,reservoir
PT,h7401,0.13123778302451838,scr2007,stInflow,reservoir
PT,h7402,0.13123778302451838,scr2007,stInflow,reservoir
PT,h7403,0.13123778302451838,scr2007,stInflow,reservoir
PT,h7404,0.13123778302451838,scr2007,stInflow,reservoir
PT,h7405,0.13123778302451838,scr2007,stInflow,reservoir
PT,h7406,0.13123778302451838,scr2007,stInflow,reservoir
PT,h7407,0.13123778302451838,scr2007,stInflow,reservoir
PT,h7408,0.13123778302451838,scr2007,stInflow,reservoir
PT,h7409,0.13123778302451838,scr2007,stInflow,reservoir
PT,h7410,0.13123778302451838,scr2007,stInflow,reservoir
PT,h7411,0.13123778302451838,scr2007,stInflow,reservoir
PT,h7412,0.13123778302451838,scr2007,stInflow,reservoir
PT,h7413,0.13123778302451838,scr2007,stInflow,reservoir
PT,h7414,0.13123778302451838,scr2007,stInflow,reservoir
PT,h7415,0.13123778302451838,scr2007,stInflow,reservoir
PT,h7416,0.13123778302451838,scr2007,stInflow,reservoir
PT,h7417,0.13123778302451838,scr2007,stInflow,reservoir
PT,h7418,0.13123778302451838,scr2007,stInflow,reservoir
PT,h7419,0.13123778302451838,scr2007,stInflow,reservoir
PT,h7420,0.13123778302451838,scr2007,stInflow,reservoir
PT,h7421,0.13123778302451838,scr2007,stInflow,reservoir
PT,h7422,0.13123778302451838,scr2007,stInflow,reservoir
PT,h7423,0.13123778302451838,scr2007,stInflow,reservoir
PT,h7424,0.13123778302451838,scr2007,stInflow,reservoir
PT,h7425,0.13123778302451838,scr2007,stInflow,reservoir
PT,h7426,0.13123778302451838,scr2007,stInflow,reservoir
PT,h7427,0.13123778302451838,scr2007,stInflow,reservoir
PT,h7428,0.13123778302451838,scr2007,stInflow,reservoir
PT,h7429,0.13123778302451838,scr2007,stInflow,reservoir
PT,h7430,0.13123778302451838,scr2007,stInflow,reservoir
PT,h7431,0.13123778302451838,scr2007,stInflow,reservoir
PT,h7432,0.13123778302451838,scr2007,stInflow,reservoir
PT,h7433,0.13123778302451838,scr2007,stInflow,reservoir
PT,h7434,0.13123778302451838,scr2007,stInflow,reservoir
PT,h7435,0.13123778302451838,scr2007,stInflow,reservoir
PT,h7436,0.13123778302451838,scr2007,stInflow,reservoir
PT,h7437,0.13123778302451838,scr2007,stInflow,reservoir
PT,h7438,0.13123778302451838,scr2007,stInflow,reservoir
PT,h7439,0.13123778302451838,scr2007,stInflow,reservoir
PT,h7440,0.13123778302451838,scr2007,stInflow,reservoir
PT,h7441,0.13123778302451838,scr2007,stInflow,reservoir
PT,h7442,0.13123778302451838,scr2007,stInflow,reservoir
PT,h7443,0.13123778302451838,scr2007,stInflow,reservoir
PT,h7444,0.13123778302451838,scr2007,stInflow,reservoir
PT,h7445,0.13123778302451838,scr2007,stInflow,reservoir
PT,h7446,0.13123778302451838,scr2007,stInflow,reservoir
PT,h7447,0.13123778302451838,scr2007,stInflow,reservoir
PT,h7448,0.13123778302451838,scr2007,stInflow,reservoir
PT,h7449,0.13123778302451838,scr2007,stInflow,reservoir
PT,h7450,0.13123778302451838,scr2007,stInflow,reservoir
PT,h7451,0.13123778302451838,scr2007,stInflow,reservoir
PT,h7452,0.13123778302451838,scr2007,stInflow,reservoir
PT,h7453,0.13123778302451838,scr2007,stInflow,reservoir
PT,h7454,0.13123778302451838,scr2007,stInflow,reservoir
PT,h7455,0.13123778302451838,scr2007,stInflow,reservoir
PT,h7456,0.13123778302451838,scr2007,stInflow,reservoir
PT,h7457,0.13123778302451838,scr2007,stInflow,reservoir
PT,h7458,0.13123778302451838,scr2007,stInflow,reservoir
PT,h7459,0.13123778302451838,scr2007,stInflow,reservoir
PT,h7460,0.13123778302451838,scr2007,stInflow,reservoir
PT,h7461,0.13123778302451838,scr2007,stInflow,reservoir
PT,h7462,0.13123778302451838,scr2007,stInflow,reservoir
PT,h7463,0.13123778302451838,scr2007,stInflow,reservoir
PT,h7464,0.13123778302451838,scr2007,stInflow,reservoir
PT,h7465,0.13123778302451838,scr2007,stInflow,reservoir
PT,h7466,0.13123778302451838,scr2007,stInflow,reservoir
PT,h7467,0.13123778302451838,scr2007,stInflow,reservoir
PT,h7468,0.13123778302451838,scr2007,stInflow,reservoir
PT,h7469,0.13123778302451838,scr2007,stInflow,reservoir
PT,h7470,0.13123778302451838,scr2007,stInflow,reservoir
PT,h7471,0.13123778302451838,scr2007,stInflow,reservoir
PT,h7472,0.13123778302451838,scr2007,stInflow,reservoir
PT,h7473,0.13123778302451838,scr2007,stInflow,reservoir
PT,h7474,0.13123778302451838,scr2007,stInflow,reservoir
PT,h7475,0.13123778302451838,scr2007,stInflow,reservoir
PT,h7476,0.13123778302451838,scr2007,stInflow,reservoir
PT,h7477,0.13123778302451838,scr2007,stInflow,reservoir
PT,h7478,0.13123778302451838,scr2007,stInflow,reservoir
PT,h7479,0.13123778302451838,scr2007,stInflow,reservoir
PT,h7480,0.13123778302451838,scr2007,stInflow,reservoir
PT,h7481,0.13123778302451838,scr2007,stInflow,reservoir
PT,h7482,0.13123778302451838,scr2007,stInflow,reservoir
PT,h7483,0.13123778302451838,scr2007,stInflow,reservoir
PT,h7484,0.13123778302451838,scr2007,stInflow,reservoir
PT,h7485,0.13123778302451838,scr2007,stInflow,reservoir
PT,h7486,0.13123778302451838,scr2007,stInflow,reservoir
PT,h7487,0.13123778302451838,scr2007,stInflow,reservoir
PT,h7488,0.13123778302451838,scr2007,stInflow,reservoir
PT,h7489,0.13123778302451838,scr2007,stInflow,reservoir
PT,h7490,0.13123778302451838,scr2007,stInflow,reservoir
PT,h7491,0.13123778302451838,scr2007,stInflow,reservoir
PT,h7492,0.13123778302451838,scr2007,stInflow,reservoir
PT,h7493,0.13123778302451838,scr2007,stInflow,reservoir
PT,h7494,0.13123778302451838,scr2007,stInflow,reservoir
PT,h7495,0.13123778302451838,scr2007,stInflow,reservoir
PT,h7496,0.13123778302451838,scr2007,stInflow,reservoir
PT,h7497,0.13123778302451838,scr2007,stInflow,reservoir
PT,h7498,0.13123778302451838,scr2007,stInflow,reservoir
PT,h7499,0.13123778302451838,scr2007,stInflow,reservoir
PT,h7500,0.13123778302451838,scr2007,stInflow,reservoir
PT,h7501,0.13123778302451838,scr2007,stInflow,reservoir
PT,h7502,0.13123778302451838,scr2007,stInflow,reservoir
PT,h7503,0.13123778302451838,scr2007,stInflow,reservoir
PT,h7504,0.13123778302451838,scr2007,stInflow,reservoir
PT,h7505,0.13123778302451838,scr2007,stInflow,reservoir
PT,h7506,0.13123778302451838,scr2007,stInflow,reservoir
PT,h7507,0.13123778302451838,scr2007,stInflow,reservoir
PT,h7508,0.13123778302451838,scr2007,stInflow,reservoir
PT,h7509,0.13123778302451838,scr2007,stInflow,reservoir
PT,h7510,0.13123778302451838,scr2007,stInflow,reservoir
PT,h7511,0.13123778302451838,scr2007,stInflow,reservoir
PT,h7512,0.13123778302451838,scr2007,stInflow,reservoir
PT,h7513,0.13123778302451838,scr2007,stInflow,reservoir
PT,h7514,0.13123778302451838,scr2007,stInflow,reservoir
PT,h7515,0.13123778302451838,scr2007,stInflow,reservoir
PT,h7516,0.13123778302451838,scr2007,stInflow,reservoir
PT,h7517,0.13123778302451838,scr2007,stInflow,reservoir
PT,h7518,0.13123778302451838,scr2007,stInflow,reservoir
PT,h7519,0.13123778302451838,scr2007,stInflow,reservoir
PT,h7520,0.13123778302451838,scr2007,stInflow,reservoir
PT,h7521,0.13123778302451838,scr2007,stInflow,reservoir
PT,h7522,0.13123778302451838,scr2007,stInflow,reservoir
PT,h7523,0.13123778302451838,scr2007,stInflow,reservoir
PT,h7524,0.13123778302451838,scr2007,stInflow,reservoir
PT,h7525,0.13123778302451838,scr2007,stInflow,reservoir
PT,h7526,0.13123778302451838,scr2007,stInflow,reservoir
PT,h7527,0.13123778302451838,scr2007,stInflow,reservoir
PT,h7528,0.13123778302451838,scr2007,stInflow,reservoir
PT,h7529,0.13123778302451838,scr2007,stInflow,reservoir
PT,h7530,0.13123778302451838,scr2007,stInflow,reservoir
PT,h7531,0.13123778302451838,scr2007,stInflow,reservoir
PT,h7532,0.13123778302451838,scr2007,stInflow,reservoir
PT,h7533,0.13123778302451838,scr2007,stInflow,reservoir
PT,h7534,0.13123778302451838,scr2007,stInflow,reservoir
PT,h7535,0.13123778302451838,scr2007,stInflow,reservoir
PT,h7536,0.13123778302451838,scr2007,stInflow,reservoir
PT,h7537,0.13123778302451838,scr2007,stInflow,reservoir
PT,h7538,0.13123778302451838,scr2007,stInflow,reservoir
PT,h7539,0.13123778302451838,scr2007,stInflow,reservoir
PT,h7540,0.13123778302451838,scr2007,stInflow,reservoir
PT,h7541,0.13123778302451838,scr2007,stInflow,reservoir
PT,h7542,0.13123778302451838,scr2007,stInflow,reservoir
PT,h7543,0.13123778302451838,scr2007,stInflow,reservoir
PT,h7544,0.13123778302451838,scr2007,stInflow,reservoir
PT,h7545,0.13123778302451838,scr2007,stInflow,reservoir
PT,h7546,0.13123778302451838,scr2007,stInflow,reservoir
PT,h7547,0.13123778302451838,scr2007,stInflow,reservoir
PT,h7548,0.13123778302451838,scr2007,stInflow,reservoir
PT,h7549,0.13123778302451838,scr2007,stInflow,reservoir
PT,h7550,0.13123778302451838,scr2007,stInflow,reservoir
PT,h7551,0.13123778302451838,scr2007,stInflow,reservoir
PT,h7552,0.13123778302451838,scr2007,stInflow,reservoir
PT,h7553,0.13123778302451838,scr2007,stInflow,reservoir
PT,h7554,0.13123778302451838,scr2007,stInflow,reservoir
PT,h7555,0.13123778302451838,scr2007,stInflow,reservoir
PT,h7556,0.13123778302451838,scr2007,stInflow,reservoir
PT,h7557,0.13123778302451838,scr2007,stInflow,reservoir
PT,h7558,0.13123778302451838,scr2007,stInflow,reservoir
PT,h7559,0.13123778302451838,scr2007,stInflow,reservoir
PT,h7560,0.13123778302451838,scr2007,stInflow,reservoir
PT,h7561,0.13387486835237633,scr2007,stInflow,reservoir
PT,h7562,0.1365119588746275,scr2007,stInflow,reservoir
PT,h7563,0.13914905449093562,scr2007,stInflow,reservoir
PT,h7564,0.13914905449093562,scr2007,stInflow,reservoir
PT,h7565,0.13914905449093562,scr2007,stInflow,reservoir
PT,h7566,0.13914905449093562,scr2007,stInflow,reservoir
PT,h7567,0.13914905449093562,scr2007,stInflow,reservoir
PT,h7568,0.13914905449093562,scr2007,stInflow,reservoir
PT,h7569,0.13914905449093562,scr2007,stInflow,reservoir
PT,h7570,0.13914905449093562,scr2007,stInflow,reservoir
PT,h7571,0.13914905449093562,scr2007,stInflow,reservoir
PT,h7572,0.13914905449093562,scr2007,stInflow,reservoir
PT,h7573,0.13914905449093562,scr2007,stInflow,reservoir
PT,h7574,0.13914905449093562,scr2007,stInflow,reservoir
PT,h7575,0.13914905449093562,scr2007,stInflow,reservoir
PT,h7576,0.13914905449093562,scr2007,stInflow,reservoir
PT,h7577,0.13914905449093562,scr2007,stInflow,reservoir
PT,h7578,0.13914905449093562,scr2007,stInflow,reservoir
PT,h7579,0.13914905449093562,scr2007,stInflow,reservoir
PT,h7580,0.13914905449093562,scr2007,stInflow,reservoir
PT,h7581,0.13914905449093562,scr2007,stInflow,reservoir
PT,h7582,0.13914905449093562,scr2007,stInflow,reservoir
PT,h7583,0.13914905449093562,scr2007,stInflow,reservoir
PT,h7584,0.13914905449093562,scr2007,stInflow,reservoir
PT,h7585,0.13914905449093562,scr2007,stInflow,reservoir
PT,h7586,0.13914905449093562,scr2007,stInflow,reservoir
PT,h7587,0.13914905449093562,scr2007,stInflow,reservoir
PT,h7588,0.13914905449093562,scr2007,stInflow,reservoir
PT,h7589,0.13914905449093562,scr2007,stInflow,reservoir
PT,h7590,0.13914905449093562,scr2007,stInflow,reservoir
PT,h7591,0.13914905449093562,scr2007,stInflow,reservoir
PT,h7592,0.13914905449093562,scr2007,stInflow,reservoir
PT,h7593,0.13914905449093562,scr2007,stInflow,reservoir
PT,h7594,0.13914905449093562,scr2007,stInflow,reservoir
PT,h7595,0.13914905449093562,scr2007,stInflow,reservoir
PT,h7596,0.13914905449093562,scr2007,stInflow,reservoir
PT,h7597,0.13914905449093562,scr2007,stInflow,reservoir
PT,h7598,0.13914905449093562,scr2007,stInflow,reservoir
PT,h7599,0.13914905449093562,scr2007,stInflow,reservoir
PT,h7600,0.13914905449093562,scr2007,stInflow,reservoir
PT,h7601,0.13914905449093562,scr2007,stInflow,reservoir
PT,h7602,0.13914905449093562,scr2007,stInflow,reservoir
PT,h7603,0.13914905449093562,scr2007,stInflow,reservoir
PT,h7604,0.13914905449093562,scr2007,stInflow,reservoir
PT,h7605,0.13914905449093562,scr2007,stInflow,reservoir
PT,h7606,0.13914905449093562,scr2007,stInflow,reservoir
PT,h7607,0.13914905449093562,scr2007,stInflow,reservoir
PT,h7608,0.13914905449093562,scr2007,stInflow,reservoir
PT,h7609,0.13914905449093562,scr2007,stInflow,reservoir
PT,h7610,0.13914905449093562,scr2007,stInflow,reservoir
PT,h7611,0.13914905449093562,scr2007,stInflow,reservoir
PT,h7612,0.13914905449093562,scr2007,stInflow,reservoir
PT,h7613,0.13914905449093562,scr2007,stInflow,reservoir
PT,h7614,0.13914905449093562,scr2007,stInflow,reservoir
PT,h7615,0.13914905449093562,scr2007,stInflow,reservoir
PT,h7616,0.13914905449093562,scr2007,stInflow,reservoir
PT,h7617,0.13914905449093562,scr2007,stInflow,reservoir
PT,h7618,0.13914905449093562,scr2007,stInflow,reservoir
PT,h7619,0.13914905449093562,scr2007,stInflow,reservoir
PT,h7620,0.13914905449093562,scr2007,stInflow,reservoir
PT,h7621,0.13914905449093562,scr2007,stInflow,reservoir
PT,h7622,0.13914905449093562,scr2007,stInflow,reservoir
PT,h7623,0.13914905449093562,scr2007,stInflow,reservoir
PT,h7624,0.13914905449093562,scr2007,stInflow,reservoir
PT,h7625,0.13914905449093562,scr2007,stInflow,reservoir
PT,h7626,0.13914905449093562,scr2007,stInflow,reservoir
PT,h7627,0.13914905449093562,scr2007,stInflow,reservoir
PT,h7628,0.13914905449093562,scr2007,stInflow,reservoir
PT,h7629,0.13914905449093562,scr2007,stInflow,reservoir
PT,h7630,0.13914905449093562,scr2007,stInflow,reservoir
PT,h7631,0.13914905449093562,scr2007,stInflow,reservoir
PT,h7632,0.13914905449093562,scr2007,stInflow,reservoir
PT,h7633,0.13914905449093562,scr2007,stInflow,reservoir
PT,h7634,0.13914905449093562,scr2007,stInflow,reservoir
PT,h7635,0.13914905449093562,scr2007,stInflow,reservoir
PT,h7636,0.13914905449093562,scr2007,stInflow,reservoir
PT,h7637,0.13914905449093562,scr2007,stInflow,reservoir
PT,h7638,0.13914905449093562,scr2007,stInflow,reservoir
PT,h7639,0.13914905449093562,scr2007,stInflow,reservoir
PT,h7640,0.13914905449093562,scr2007,stInflow,reservoir
PT,h7641,0.13914905449093562,scr2007,stInflow,reservoir
PT,h7642,0.13914905449093562,scr2007,stInflow,reservoir
PT,h7643,0.13914905449093562,scr2007,stInflow,reservoir
PT,h7644,0.13914905449093562,scr2007,stInflow,reservoir
PT,h7645,0.13914905449093562,scr2007,stInflow,reservoir
PT,h7646,0.13914905449093562,scr2007,stInflow,reservoir
PT,h7647,0.13914905449093562,scr2007,stInflow,reservoir
PT,h7648,0.13914905449093562,scr2007,stInflow,reservoir
PT,h7649,0.13914905449093562,scr2007,stInflow,reservoir
PT,h7650,0.13914905449093562,scr2007,stInflow,reservoir
PT,h7651,0.13914905449093562,scr2007,stInflow,reservoir
PT,h7652,0.13914905449093562,scr2007,stInflow,reservoir
PT,h7653,0.13914905449093562,scr2007,stInflow,reservoir
PT,h7654,0.13914905449093562,scr2007,stInflow,reservoir
PT,h7655,0.13914905449093562,scr2007,stInflow,reservoir
PT,h7656,0.13914905449093562,scr2007,stInflow,reservoir
PT,h7657,0.13914905449093562,scr2007,stInflow,reservoir
PT,h7658,0.13914905449093562,scr2007,stInflow,reservoir
PT,h7659,0.13914905449093562,scr2007,stInflow,reservoir
PT,h7660,0.13914905449093562,scr2007,stInflow,reservoir
PT,h7661,0.13914905449093562,scr2007,stInflow,reservoir
PT,h7662,0.13914905449093562,scr2007,stInflow,reservoir
PT,h7663,0.13914905449093562,scr2007,stInflow,reservoir
PT,h7664,0.13914905449093562,scr2007,stInflow,reservoir
PT,h7665,0.13914905449093562,scr2007,stInflow,reservoir
PT,h7666,0.13914905449093562,scr2007,stInflow,reservoir
PT,h7667,0.13914905449093562,scr2007,stInflow,reservoir
PT,h7668,0.13914905449093562,scr2007,stInflow,reservoir
PT,h7669,0.13914905449093562,scr2007,stInflow,reservoir
PT,h7670,0.13914905449093562,scr2007,stInflow,reservoir
PT,h7671,0.13914905449093562,scr2007,stInflow,reservoir
PT,h7672,0.13914905449093562,scr2007,stInflow,reservoir
PT,h7673,0.13914905449093562,scr2007,stInflow,reservoir
PT,h7674,0.13914905449093562,scr2007,stInflow,reservoir
PT,h7675,0.13914905449093562,scr2007,stInflow,reservoir
PT,h7676,0.13914905449093562,scr2007,stInflow,reservoir
PT,h7677,0.13914905449093562,scr2007,stInflow,reservoir
PT,h7678,0.13914905449093562,scr2007,stInflow,reservoir
PT,h7679,0.13914905449093562,scr2007,stInflow,reservoir
PT,h7680,0.13914905449093562,scr2007,stInflow,reservoir
PT,h7681,0.13914905449093562,scr2007,stInflow,reservoir
PT,h7682,0.13914905449093562,scr2007,stInflow,reservoir
PT,h7683,0.13914905449093562,scr2007,stInflow,reservoir
PT,h7684,0.13914905449093562,scr2007,stInflow,reservoir
PT,h7685,0.13914905449093562,scr2007,stInflow,reservoir
PT,h7686,0.13914905449093562,scr2007,stInflow,reservoir
PT,h7687,0.13914905449093562,scr2007,stInflow,reservoir
PT,h7688,0.13914905449093562,scr2007,stInflow,reservoir
PT,h7689,0.13914905449093562,scr2007,stInflow,reservoir
PT,h7690,0.13914905449093562,scr2007,stInflow,reservoir
PT,h7691,0.13914905449093562,scr2007,stInflow,reservoir
PT,h7692,0.13914905449093562,scr2007,stInflow,reservoir
PT,h7693,0.13914905449093562,scr2007,stInflow,reservoir
PT,h7694,0.13914905449093562,scr2007,stInflow,reservoir
PT,h7695,0.13914905449093562,scr2007,stInflow,reservoir
PT,h7696,0.13914905449093562,scr2007,stInflow,reservoir
PT,h7697,0.13914905449093562,scr2007,stInflow,reservoir
PT,h7698,0.13914905449093562,scr2007,stInflow,reservoir
PT,h7699,0.13914905449093562,scr2007,stInflow,reservoir
PT,h7700,0.13914905449093562,scr2007,stInflow,reservoir
PT,h7701,0.13914905449093562,scr2007,stInflow,reservoir
PT,h7702,0.13914905449093562,scr2007,stInflow,reservoir
PT,h7703,0.13914905449093562,scr2007,stInflow,reservoir
PT,h7704,0.13914905449093562,scr2007,stInflow,reservoir
PT,h7705,0.13914905449093562,scr2007,stInflow,reservoir
PT,h7706,0.13914905449093562,scr2007,stInflow,reservoir
PT,h7707,0.13914905449093562,scr2007,stInflow,reservoir
PT,h7708,0.13914905449093562,scr2007,stInflow,reservoir
PT,h7709,0.13914905449093562,scr2007,stInflow,reservoir
PT,h7710,0.13914905449093562,scr2007,stInflow,reservoir
PT,h7711,0.13914905449093562,scr2007,stInflow,reservoir
PT,h7712,0.13914905449093562,scr2007,stInflow,reservoir
PT,h7713,0.13914905449093562,scr2007,stInflow,reservoir
PT,h7714,0.13914905449093562,scr2007,stInflow,reservoir
PT,h7715,0.13914905449093562,scr2007,stInflow,reservoir
PT,h7716,0.13914905449093562,scr2007,stInflow,reservoir
PT,h7717,0.13914905449093562,scr2007,stInflow,reservoir
PT,h7718,0.13914905449093562,scr2007,stInflow,reservoir
PT,h7719,0.13914905449093562,scr2007,stInflow,reservoir
PT,h7720,0.13914905449093562,scr2007,stInflow,reservoir
PT,h7721,0.13914905449093562,scr2007,stInflow,reservoir
PT,h7722,0.13914905449093562,scr2007,stInflow,reservoir
PT,h7723,0.13914905449093562,scr2007,stInflow,reservoir
PT,h7724,0.13914905449093562,scr2007,stInflow,reservoir
PT,h7725,0.13914905449093562,scr2007,stInflow,reservoir
PT,h7726,0.13914905449093562,scr2007,stInflow,reservoir
PT,h7727,0.13914905449093562,scr2007,stInflow,reservoir
PT,h7728,0.13914905449093562,scr2007,stInflow,reservoir
PT,h7729,0.1428583409165219,scr2007,stInflow,reservoir
PT,h7730,0.14656763697333566,scr2007,stInflow,reservoir
PT,h7731,0.15027694241762765,scr2007,stInflow,reservoir
PT,h7732,0.15027694241762765,scr2007,stInflow,reservoir
PT,h7733,0.15027694241762765,scr2007,stInflow,reservoir
PT,h7734,0.15027694241762765,scr2007,stInflow,reservoir
PT,h7735,0.15027694241762765,scr2007,stInflow,reservoir
PT,h7736,0.15027694241762765,scr2007,stInflow,reservoir
PT,h7737,0.15027694241762765,scr2007,stInflow,reservoir
PT,h7738,0.15027694241762765,scr2007,stInflow,reservoir
PT,h7739,0.15027694241762765,scr2007,stInflow,reservoir
PT,h7740,0.15027694241762765,scr2007,stInflow,reservoir
PT,h7741,0.15027694241762765,scr2007,stInflow,reservoir
PT,h7742,0.15027694241762765,scr2007,stInflow,reservoir
PT,h7743,0.15027694241762765,scr2007,stInflow,reservoir
PT,h7744,0.15027694241762765,scr2007,stInflow,reservoir
PT,h7745,0.15027694241762765,scr2007,stInflow,reservoir
PT,h7746,0.15027694241762765,scr2007,stInflow,reservoir
PT,h7747,0.15027694241762765,scr2007,stInflow,reservoir
PT,h7748,0.15027694241762765,scr2007,stInflow,reservoir
PT,h7749,0.15027694241762765,scr2007,stInflow,reservoir
PT,h7750,0.15027694241762765,scr2007,stInflow,reservoir
PT,h7751,0.15027694241762765,scr2007,stInflow,reservoir
PT,h7752,0.15027694241762765,scr2007,stInflow,reservoir
PT,h7753,0.15027694241762765,scr2007,stInflow,reservoir
PT,h7754,0.15027694241762765,scr2007,stInflow,reservoir
PT,h7755,0.15027694241762765,scr2007,stInflow,reservoir
PT,h7756,0.15027694241762765,scr2007,stInflow,reservoir
PT,h7757,0.15027694241762765,scr2007,stInflow,reservoir
PT,h7758,0.15027694241762765,scr2007,stInflow,reservoir
PT,h7759,0.15027694241762765,scr2007,stInflow,reservoir
PT,h7760,0.15027694241762765,scr2007,stInflow,reservoir
PT,h7761,0.15027694241762765,scr2007,stInflow,reservoir
PT,h7762,0.15027694241762765,scr2007,stInflow,reservoir
PT,h7763,0.15027694241762765,scr2007,stInflow,reservoir
PT,h7764,0.15027694241762765,scr2007,stInflow,reservoir
PT,h7765,0.15027694241762765,scr2007,stInflow,reservoir
PT,h7766,0.15027694241762765,scr2007,stInflow,reservoir
PT,h7767,0.15027694241762765,scr2007,stInflow,reservoir
PT,h7768,0.15027694241762765,scr2007,stInflow,reservoir
PT,h7769,0.15027694241762765,scr2007,stInflow,reservoir
PT,h7770,0.15027694241762765,scr2007,stInflow,reservoir
PT,h7771,0.15027694241762765,scr2007,stInflow,reservoir
PT,h7772,0.15027694241762765,scr2007,stInflow,reservoir
PT,h7773,0.15027694241762765,scr2007,stInflow,reservoir
PT,h7774,0.15027694241762765,scr2007,stInflow,reservoir
PT,h7775,0.15027694241762765,scr2007,stInflow,reservoir
PT,h7776,0.15027694241762765,scr2007,stInflow,reservoir
PT,h7777,0.15027694241762765,scr2007,stInflow,reservoir
PT,h7778,0.15027694241762765,scr2007,stInflow,reservoir
PT,h7779,0.15027694241762765,scr2007,stInflow,reservoir
PT,h7780,0.15027694241762765,scr2007,stInflow,reservoir
PT,h7781,0.15027694241762765,scr2007,stInflow,reservoir
PT,h7782,0.15027694241762765,scr2007,stInflow,reservoir
PT,h7783,0.15027694241762765,scr2007,stInflow,reservoir
PT,h7784,0.15027694241762765,scr2007,stInflow,reservoir
PT,h7785,0.15027694241762765,scr2007,stInflow,reservoir
PT,h7786,0.15027694241762765,scr2007,stInflow,reservoir
PT,h7787,0.15027694241762765,scr2007,stInflow,reservoir
PT,h7788,0.15027694241762765,scr2007,stInflow,reservoir
PT,h7789,0.15027694241762765,scr2007,stInflow,reservoir
PT,h7790,0.15027694241762765,scr2007,stInflow,reservoir
PT,h7791,0.15027694241762765,scr2007,stInflow,reservoir
PT,h7792,0.15027694241762765,scr2007,stInflow,reservoir
PT,h7793,0.15027694241762765,scr2007,stInflow,reservoir
PT,h7794,0.15027694241762765,scr2007,stInflow,reservoir
PT,h7795,0.15027694241762765,scr2007,stInflow,reservoir
PT,h7796,0.15027694241762765,scr2007,stInflow,reservoir
PT,h7797,0.15027694241762765,scr2007,stInflow,reservoir
PT,h7798,0.15027694241762765,scr2007,stInflow,reservoir
PT,h7799,0.15027694241762765,scr2007,stInflow,reservoir
PT,h7800,0.15027694241762765,scr2007,stInflow,reservoir
PT,h7801,0.15027694241762765,scr2007,stInflow,reservoir
PT,h7802,0.15027694241762765,scr2007,stInflow,reservoir
PT,h7803,0.15027694241762765,scr2007,stInflow,reservoir
PT,h7804,0.15027694241762765,scr2007,stInflow,reservoir
PT,h7805,0.15027694241762765,scr2007,stInflow,reservoir
PT,h7806,0.15027694241762765,scr2007,stInflow,reservoir
PT,h7807,0.15027694241762765,scr2007,stInflow,reservoir
PT,h7808,0.15027694241762765,scr2007,stInflow,reservoir
PT,h7809,0.15027694241762765,scr2007,stInflow,reservoir
PT,h7810,0.15027694241762765,scr2007,stInflow,reservoir
PT,h7811,0.15027694241762765,scr2007,stInflow,reservoir
PT,h7812,0.15027694241762765,scr2007,stInflow,reservoir
PT,h7813,0.15027694241762765,scr2007,stInflow,reservoir
PT,h7814,0.15027694241762765,scr2007,stInflow,reservoir
PT,h7815,0.15027694241762765,scr2007,stInflow,reservoir
PT,h7816,0.15027694241762765,scr2007,stInflow,reservoir
PT,h7817,0.15027694241762765,scr2007,stInflow,reservoir
PT,h7818,0.15027694241762765,scr2007,stInflow,reservoir
PT,h7819,0.15027694241762765,scr2007,stInflow,reservoir
PT,h7820,0.15027694241762765,scr2007,stInflow,reservoir
PT,h7821,0.15027694241762765,scr2007,stInflow,reservoir
PT,h7822,0.15027694241762765,scr2007,stInflow,reservoir
PT,h7823,0.15027694241762765,scr2007,stInflow,reservoir
PT,h7824,0.15027694241762765,scr2007,stInflow,reservoir
PT,h7825,0.15027694241762765,scr2007,stInflow,reservoir
PT,h7826,0.15027694241762765,scr2007,stInflow,reservoir
PT,h7827,0.15027694241762765,scr2007,stInflow,reservoir
PT,h7828,0.15027694241762765,scr2007,stInflow,reservoir
PT,h7829,0.15027694241762765,scr2007,stInflow,reservoir
PT,h7830,0.15027694241762765,scr2007,stInflow,reservoir
PT,h7831,0.15027694241762765,scr2007,stInflow,reservoir
PT,h7832,0.15027694241762765,scr2007,stInflow,reservoir
PT,h7833,0.15027694241762765,scr2007,stInflow,reservoir
PT,h7834,0.15027694241762765,scr2007,stInflow,reservoir
PT,h7835,0.15027694241762765,scr2007,stInflow,reservoir
PT,h7836,0.15027694241762765,scr2007,stInflow,reservoir
PT,h7837,0.15027694241762765,scr2007,stInflow,reservoir
PT,h7838,0.15027694241762765,scr2007,stInflow,reservoir
PT,h7839,0.15027694241762765,scr2007,stInflow,reservoir
PT,h7840,0.15027694241762765,scr2007,stInflow,reservoir
PT,h7841,0.15027694241762765,scr2007,stInflow,reservoir
PT,h7842,0.15027694241762765,scr2007,stInflow,reservoir
PT,h7843,0.15027694241762765,scr2007,stInflow,reservoir
PT,h7844,0.15027694241762765,scr2007,stInflow,reservoir
PT,h7845,0.15027694241762765,scr2007,stInflow,reservoir
PT,h7846,0.15027694241762765,scr2007,stInflow,reservoir
PT,h7847,0.15027694241762765,scr2007,stInflow,reservoir
PT,h7848,0.15027694241762765,scr2007,stInflow,reservoir
PT,h7849,0.15027694241762765,scr2007,stInflow,reservoir
PT,h7850,0.15027694241762765,scr2007,stInflow,reservoir
PT,h7851,0.15027694241762765,scr2007,stInflow,reservoir
PT,h7852,0.15027694241762765,scr2007,stInflow,reservoir
PT,h7853,0.15027694241762765,scr2007,stInflow,reservoir
PT,h7854,0.15027694241762765,scr2007,stInflow,reservoir
PT,h7855,0.15027694241762765,scr2007,stInflow,reservoir
PT,h7856,0.15027694241762765,scr2007,stInflow,reservoir
PT,h7857,0.15027694241762765,scr2007,stInflow,reservoir
PT,h7858,0.15027694241762765,scr2007,stInflow,reservoir
PT,h7859,0.15027694241762765,scr2007,stInflow,reservoir
PT,h7860,0.15027694241762765,scr2007,stInflow,reservoir
PT,h7861,0.15027694241762765,scr2007,stInflow,reservoir
PT,h7862,0.15027694241762765,scr2007,stInflow,reservoir
PT,h7863,0.15027694241762765,scr2007,stInflow,reservoir
PT,h7864,0.15027694241762765,scr2007,stInflow,reservoir
PT,h7865,0.15027694241762765,scr2007,stInflow,reservoir
PT,h7866,0.15027694241762765,scr2007,stInflow,reservoir
PT,h7867,0.15027694241762765,scr2007,stInflow,reservoir
PT,h7868,0.15027694241762765,scr2007,stInflow,reservoir
PT,h7869,0.15027694241762765,scr2007,stInflow,reservoir
PT,h7870,0.15027694241762765,scr2007,stInflow,reservoir
PT,h7871,0.15027694241762765,scr2007,stInflow,reservoir
PT,h7872,0.15027694241762765,scr2007,stInflow,reservoir
PT,h7873,0.15027694241762765,scr2007,stInflow,reservoir
PT,h7874,0.15027694241762765,scr2007,stInflow,reservoir
PT,h7875,0.15027694241762765,scr2007,stInflow,reservoir
PT,h7876,0.15027694241762765,scr2007,stInflow,reservoir
PT,h7877,0.15027694241762765,scr2007,stInflow,reservoir
PT,h7878,0.15027694241762765,scr2007,stInflow,reservoir
PT,h7879,0.15027694241762765,scr2007,stInflow,reservoir
PT,h7880,0.15027694241762765,scr2007,stInflow,reservoir
PT,h7881,0.15027694241762765,scr2007,stInflow,reservoir
PT,h7882,0.15027694241762765,scr2007,stInflow,reservoir
PT,h7883,0.15027694241762765,scr2007,stInflow,reservoir
PT,h7884,0.15027694241762765,scr2007,stInflow,reservoir
PT,h7885,0.15027694241762765,scr2007,stInflow,reservoir
PT,h7886,0.15027694241762765,scr2007,stInflow,reservoir
PT,h7887,0.15027694241762765,scr2007,stInflow,reservoir
PT,h7888,0.15027694241762765,scr2007,stInflow,reservoir
PT,h7889,0.15027694241762765,scr2007,stInflow,reservoir
PT,h7890,0.15027694241762765,scr2007,stInflow,reservoir
PT,h7891,0.15027694241762765,scr2007,stInflow,reservoir
PT,h7892,0.15027694241762765,scr2007,stInflow,reservoir
PT,h7893,0.15027694241762765,scr2007,stInflow,reservoir
PT,h7894,0.15027694241762765,scr2007,stInflow,reservoir
PT,h7895,0.15027694241762765,scr2007,stInflow,reservoir
PT,h7896,0.15027694241762765,scr2007,stInflow,reservoir
PT,h7897,0.1584479857221279,scr2007,stInflow,reservoir
PT,h7898,0.1666190711787792,scr2007,stInflow,reservoir
PT,h7899,0.17479019671911958,scr2007,stInflow,reservoir
PT,h7900,0.17479019671911958,scr2007,stInflow,reservoir
PT,h7901,0.17479019671911958,scr2007,stInflow,reservoir
PT,h7902,0.17479019671911958,scr2007,stInflow,reservoir
PT,h7903,0.17479019671911958,scr2007,stInflow,reservoir
PT,h7904,0.17479019671911958,scr2007,stInflow,reservoir
PT,h7905,0.17479019671911958,scr2007,stInflow,reservoir
PT,h7906,0.17479019671911958,scr2007,stInflow,reservoir
PT,h7907,0.17479019671911958,scr2007,stInflow,reservoir
PT,h7908,0.17479019671911958,scr2007,stInflow,reservoir
PT,h7909,0.17479019671911958,scr2007,stInflow,reservoir
PT,h7910,0.17479019671911958,scr2007,stInflow,reservoir
PT,h7911,0.17479019671911958,scr2007,stInflow,reservoir
PT,h7912,0.17479019671911958,scr2007,stInflow,reservoir
PT,h7913,0.17479019671911958,scr2007,stInflow,reservoir
PT,h7914,0.17479019671911958,scr2007,stInflow,reservoir
PT,h7915,0.17479019671911958,scr2007,stInflow,reservoir
PT,h7916,0.17479019671911958,scr2007,stInflow,reservoir
PT,h7917,0.17479019671911958,scr2007,stInflow,reservoir
PT,h7918,0.17479019671911958,scr2007,stInflow,reservoir
PT,h7919,0.17479019671911958,scr2007,stInflow,reservoir
PT,h7920,0.17479019671911958,scr2007,stInflow,reservoir
PT,h7921,0.17479019671911958,scr2007,stInflow,reservoir
PT,h7922,0.17479019671911958,scr2007,stInflow,reservoir
PT,h7923,0.17479019671911958,scr2007,stInflow,reservoir
PT,h7924,0.17479019671911958,scr2007,stInflow,reservoir
PT,h7925,0.17479019671911958,scr2007,stInflow,reservoir
PT,h7926,0.17479019671911958,scr2007,stInflow,reservoir
PT,h7927,0.17479019671911958,scr2007,stInflow,reservoir
PT,h7928,0.17479019671911958,scr2007,stInflow,reservoir
PT,h7929,0.17479019671911958,scr2007,stInflow,reservoir
PT,h7930,0.17479019671911958,scr2007,stInflow,reservoir
PT,h7931,0.17479019671911958,scr2007,stInflow,reservoir
PT,h7932,0.17479019671911958,scr2007,stInflow,reservoir
PT,h7933,0.17479019671911958,scr2007,stInflow,reservoir
PT,h7934,0.17479019671911958,scr2007,stInflow,reservoir
PT,h7935,0.17479019671911958,scr2007,stInflow,reservoir
PT,h7936,0.17479019671911958,scr2007,stInflow,reservoir
PT,h7937,0.17479019671911958,scr2007,stInflow,reservoir
PT,h7938,0.17479019671911958,scr2007,stInflow,reservoir
PT,h7939,0.17479019671911958,scr2007,stInflow,reservoir
PT,h7940,0.17479019671911958,scr2007,stInflow,reservoir
PT,h7941,0.17479019671911958,scr2007,stInflow,reservoir
PT,h7942,0.17479019671911958,scr2007,stInflow,reservoir
PT,h7943,0.17479019671911958,scr2007,stInflow,reservoir
PT,h7944,0.17479019671911958,scr2007,stInflow,reservoir
PT,h7945,0.17479019671911958,scr2007,stInflow,reservoir
PT,h7946,0.17479019671911958,scr2007,stInflow,reservoir
PT,h7947,0.17479019671911958,scr2007,stInflow,reservoir
PT,h7948,0.17479019671911958,scr2007,stInflow,reservoir
PT,h7949,0.17479019671911958,scr2007,stInflow,reservoir
PT,h7950,0.17479019671911958,scr2007,stInflow,reservoir
PT,h7951,0.17479019671911958,scr2007,stInflow,reservoir
PT,h7952,0.17479019671911958,scr2007,stInflow,reservoir
PT,h7953,0.17479019671911958,scr2007,stInflow,reservoir
PT,h7954,0.17479019671911958,scr2007,stInflow,reservoir
PT,h7955,0.17479019671911958,scr2007,stInflow,reservoir
PT,h7956,0.17479019671911958,scr2007,stInflow,reservoir
PT,h7957,0.17479019671911958,scr2007,stInflow,reservoir
PT,h7958,0.17479019671911958,scr2007,stInflow,reservoir
PT,h7959,0.17479019671911958,scr2007,stInflow,reservoir
PT,h7960,0.17479019671911958,scr2007,stInflow,reservoir
PT,h7961,0.17479019671911958,scr2007,stInflow,reservoir
PT,h7962,0.17479019671911958,scr2007,stInflow,reservoir
PT,h7963,0.17479019671911958,scr2007,stInflow,reservoir
PT,h7964,0.17479019671911958,scr2007,stInflow,reservoir
PT,h7965,0.17479019671911958,scr2007,stInflow,reservoir
PT,h7966,0.17479019671911958,scr2007,stInflow,reservoir
PT,h7967,0.17479019671911958,scr2007,stInflow,reservoir
PT,h7968,0.17479019671911958,scr2007,stInflow,reservoir
PT,h7969,0.17479019671911958,scr2007,stInflow,reservoir
PT,h7970,0.17479019671911958,scr2007,stInflow,reservoir
PT,h7971,0.17479019671911958,scr2007,stInflow,reservoir
PT,h7972,0.17479019671911958,scr2007,stInflow,reservoir
PT,h7973,0.17479019671911958,scr2007,stInflow,reservoir
PT,h7974,0.17479019671911958,scr2007,stInflow,reservoir
PT,h7975,0.17479019671911958,scr2007,stInflow,reservoir
PT,h7976,0.17479019671911958,scr2007,stInflow,reservoir
PT,h7977,0.17479019671911958,scr2007,stInflow,reservoir
PT,h7978,0.17479019671911958,scr2007,stInflow,reservoir
PT,h7979,0.17479019671911958,scr2007,stInflow,reservoir
PT,h7980,0.17479019671911958,scr2007,stInflow,reservoir
PT,h7981,0.17479019671911958,scr2007,stInflow,reservoir
PT,h7982,0.17479019671911958,scr2007,stInflow,reservoir
PT,h7983,0.17479019671911958,scr2007,stInflow,reservoir
PT,h7984,0.17479019671911958,scr2007,stInflow,reservoir
PT,h7985,0.17479019671911958,scr2007,stInflow,reservoir
PT,h7986,0.17479019671911958,scr2007,stInflow,reservoir
PT,h7987,0.17479019671911958,scr2007,stInflow,reservoir
PT,h7988,0.17479019671911958,scr2007,stInflow,reservoir
PT,h7989,0.17479019671911958,scr2007,stInflow,reservoir
PT,h7990,0.17479019671911958,scr2007,stInflow,reservoir
PT,h7991,0.17479019671911958,scr2007,stInflow,reservoir
PT,h7992,0.17479019671911958,scr2007,stInflow,reservoir
PT,h7993,0.17479019671911958,scr2007,stInflow,reservoir
PT,h7994,0.17479019671911958,scr2007,stInflow,reservoir
PT,h7995,0.17479019671911958,scr2007,stInflow,reservoir
PT,h7996,0.17479019671911958,scr2007,stInflow,reservoir
PT,h7997,0.17479019671911958,scr2007,stInflow,reservoir
PT,h7998,0.17479019671911958,scr2007,stInflow,reservoir
PT,h7999,0.17479019671911958,scr2007,stInflow,reservoir
PT,h8000,0.17479019671911958,scr2007,stInflow,reservoir
PT,h8001,0.17479019671911958,scr2007,stInflow,reservoir
PT,h8002,0.17479019671911958,scr2007,stInflow,reservoir
PT,h8003,0.17479019671911958,scr2007,stInflow,reservoir
PT,h8004,0.17479019671911958,scr2007,stInflow,reservoir
PT,h8005,0.17479019671911958,scr2007,stInflow,reservoir
PT,h8006,0.17479019671911958,scr2007,stInflow,reservoir
PT,h8007,0.17479019671911958,scr2007,stInflow,reservoir
PT,h8008,0.17479019671911958,scr2007,stInflow,reservoir
PT,h8009,0.17479019671911958,scr2007,stInflow,reservoir
PT,h8010,0.17479019671911958,scr2007,stInflow,reservoir
PT,h8011,0.17479019671911958,scr2007,stInflow,reservoir
PT,h8012,0.17479019671911958,scr2007,stInflow,reservoir
PT,h8013,0.17479019671911958,scr2007,stInflow,reservoir
PT,h8014,0.17479019671911958,scr2007,stInflow,reservoir
PT,h8015,0.17479019671911958,scr2007,stInflow,reservoir
PT,h8016,0.17479019671911958,scr2007,stInflow,reservoir
PT,h8017,0.17479019671911958,scr2007,stInflow,reservoir
PT,h8018,0.17479019671911958,scr2007,stInflow,reservoir
PT,h8019,0.17479019671911958,scr2007,stInflow,reservoir
PT,h8020,0.17479019671911958,scr2007,stInflow,reservoir
PT,h8021,0.17479019671911958,scr2007,stInflow,reservoir
PT,h8022,0.17479019671911958,scr2007,stInflow,reservoir
PT,h8023,0.17479019671911958,scr2007,stInflow,reservoir
PT,h8024,0.17479019671911958,scr2007,stInflow,reservoir
PT,h8025,0.17479019671911958,scr2007,stInflow,reservoir
PT,h8026,0.17479019671911958,scr2007,stInflow,reservoir
PT,h8027,0.17479019671911958,scr2007,stInflow,reservoir
PT,h8028,0.17479019671911958,scr2007,stInflow,reservoir
PT,h8029,0.17479019671911958,scr2007,stInflow,reservoir
PT,h8030,0.17479019671911958,scr2007,stInflow,reservoir
PT,h8031,0.17479019671911958,scr2007,stInflow,reservoir
PT,h8032,0.17479019671911958,scr2007,stInflow,reservoir
PT,h8033,0.17479019671911958,scr2007,stInflow,reservoir
PT,h8034,0.17479019671911958,scr2007,stInflow,reservoir
PT,h8035,0.17479019671911958,scr2007,stInflow,reservoir
PT,h8036,0.17479019671911958,scr2007,stInflow,reservoir
PT,h8037,0.17479019671911958,scr2007,stInflow,reservoir
PT,h8038,0.17479019671911958,scr2007,stInflow,reservoir
PT,h8039,0.17479019671911958,scr2007,stInflow,reservoir
PT,h8040,0.17479019671911958,scr2007,stInflow,reservoir
RO,h7297,0.5192849631447642,scr2007,stInflow,reservoir
RO,h7298,0.5192849631447642,scr2007,stInflow,reservoir
RO,h7299,0.5192849631447642,scr2007,stInflow,reservoir
RO,h7300,0.5192849631447642,scr2007,stInflow,reservoir
RO,h7301,0.5192849631447642,scr2007,stInflow,reservoir
RO,h7302,0.5192849631447642,scr2007,stInflow,reservoir
RO,h7303,0.5192849631447642,scr2007,stInflow,reservoir
RO,h7304,0.5192849631447642,scr2007,stInflow,reservoir
RO,h7305,0.5192849631447642,scr2007,stInflow,reservoir
RO,h7306,0.5192849631447642,scr2007,stInflow,reservoir
RO,h7307,0.5192849631447642,scr2007,stInflow,reservoir
RO,h7308,0.5192849631447642,scr2007,stInflow,reservoir
RO,h7309,0.5192849631447642,scr2007,stInflow,reservoir
RO,h7310,0.5192849631447642,scr2007,stInflow,reservoir
RO,h7311,0.5192849631447642,scr2007,stInflow,reservoir
RO,h7312,0.5192849631447642,scr2007,stInflow,reservoir
RO,h7313,0.5192849631447642,scr2007,stInflow,reservoir
RO,h7314,0.5192849631447642,scr2007,stInflow,reservoir
RO,h7315,0.5192849631447642,scr2007,stInflow,reservoir
RO,h7316,0.5192849631447642,scr2007,stInflow,reservoir
RO,h7317,0.5192849631447642,scr2007,stInflow,reservoir
RO,h7318,0.5192849631447642,scr2007,stInflow,reservoir
RO,h7319,0.5192849631447642,scr2007,stInflow,reservoir
RO,h7320,0.5192849631447642,scr2007,stInflow,reservoir
RO,h7321,0.5192849631447642,scr2007,stInflow,reservoir
RO,h7322,0.5192849631447642,scr2007,stInflow,reservoir
RO,h7323,0.5192849631447642,scr2007,stInflow,reservoir
RO,h7324,0.5192849631447642,scr2007,stInflow,reservoir
RO,h7325,0.5192849631447642,scr2007,stInflow,reservoir
RO,h7326,0.5192849631447642,scr2007,stInflow,reservoir
RO,h7327,0.5192849631447642,scr2007,stInflow,reservoir
RO,h7328,0.5192849631447642,scr2007,stInflow,reservoir
RO,h7329,0.5192849631447642,scr2007,stInflow,reservoir
RO,h7330,0.5192849631447642,scr2007,stInflow,reservoir
RO,h7331,0.5192849631447642,scr2007,stInflow,reservoir
RO,h7332,0.5192849631447642,scr2007,stInflow,reservoir
RO,h7333,0.5192849631447642,scr2007,stInflow,reservoir
RO,h7334,0.5192849631447642,scr2007,stInflow,reservoir
RO,h7335,0.5192849631447642,scr2007,stInflow,reservoir
RO,h7336,0.5192849631447642,scr2007,stInflow,reservoir
RO,h7337,0.5192849631447642,scr2007,stInflow,reservoir
RO,h7338,0.5192849631447642,scr2007,stInflow,reservoir
RO,h7339,0.5192849631447642,scr2007,stInflow,reservoir
RO,h7340,0.5192849631447642,scr2007,stInflow,reservoir
RO,h7341,0.5192849631447642,scr2007,stInflow,reservoir
RO,h7342,0.5192849631447642,scr2007,stInflow,reservoir
RO,h7343,0.5192849631447642,scr2007,stInflow,reservoir
RO,h7344,0.5192849631447642,scr2007,stInflow,reservoir
RO,h7345,0.5192849631447642,scr2007,stInflow,reservoir
RO,h7346,0.5192849631447642,scr2007,stInflow,reservoir
RO,h7347,0.5192849631447642,scr2007,stInflow,reservoir
RO,h7348,0.5192849631447642,scr2007,stInflow,reservoir
RO,h7349,0.5192849631447642,scr2007,stInflow,reservoir
RO,h7350,0.5192849631447642,scr2007,stInflow,reservoir
RO,h7351,0.5192849631447642,scr2007,stInflow,reservoir
RO,h7352,0.5192849631447642,scr2007,stInflow,reservoir
RO,h7353,0.5192849631447642,scr2007,stInflow,reservoir
RO,h7354,0.5192849631447642,scr2007,stInflow,reservoir
RO,h7355,0.5192849631447642,scr2007,stInflow,reservoir
RO,h7356,0.5192849631447642,scr2007,stInflow,reservoir
RO,h7357,0.5192849631447642,scr2007,stInflow,reservoir
RO,h7358,0.5192849631447642,scr2007,stInflow,reservoir
RO,h7359,0.5192849631447642,scr2007,stInflow,reservoir
RO,h7360,0.5192849631447642,scr2007,stInflow,reservoir
RO,h7361,0.5192849631447642,scr2007,stInflow,reservoir
RO,h7362,0.5192849631447642,scr2007,stInflow,reservoir
RO,h7363,0.5192849631447642,scr2007,stInflow,reservoir
RO,h7364,0.5192849631447642,scr2007,stInflow,reservoir
RO,h7365,0.5192849631447642,scr2007,stInflow,reservoir
RO,h7366,0.5192849631447642,scr2007,stInflow,reservoir
RO,h7367,0.5192849631447642,scr2007,stInflow,reservoir
RO,h7368,0.5192849631447642,scr2007,stInflow,reservoir
RO,h7369,0.5192849631447642,scr2007,stInflow,reservoir
RO,h7370,0.5192849631447642,scr2007,stInflow,reservoir
RO,h7371,0.5192849631447642,scr2007,stInflow,reservoir
RO,h7372,0.5192849631447642,scr2007,stInflow,reservoir
RO,h7373,0.5192849631447642,scr2007,stInflow,reservoir
RO,h7374,0.5192849631447642,scr2007,stInflow,reservoir
RO,h7375,0.5192849631447642,scr2007,stInflow,reservoir
RO,h7376,0.5192849631447642,scr2007,stInflow,reservoir
RO,h7377,0.5192849631447642,scr2007,stInflow,reservoir
RO,h7378,0.5192849631447642,scr2007,stInflow,reservoir
RO,h7379,0.5192849631447642,scr2007,stInflow,reservoir
RO,h7380,0.5192849631447642,scr2007,stInflow,reservoir
RO,h7381,0.5192849631447642,scr2007,stInflow,reservoir
RO,h7382,0.5192849631447642,scr2007,stInflow,reservoir
RO,h7383,0.5192849631447642,scr2007,stInflow,reservoir
RO,h7384,0.5192849631447642,scr2007,stInflow,reservoir
RO,h7385,0.5192849631447642,scr2007,stInflow,reservoir
RO,h7386,0.5192849631447642,scr2007,stInflow,reservoir
RO,h7387,0.5192849631447642,scr2007,stInflow,reservoir
RO,h7388,0.5192849631447642,scr2007,stInflow,reservoir
RO,h7389,0.5192849631447642,scr2007,stInflow,reservoir
RO,h7390,0.5192849631447642,scr2007,stInflow,reservoir
RO,h7391,0.5192849631447642,scr2007,stInflow,reservoir
RO,h7392,0.5192849631447642,scr2007,stInflow,reservoir
RO,h7393,0.5289294986119055,scr2007,stInflow,reservoir
RO,h7394,0.5385740516663184,scr2007,stInflow,reservoir
RO,h7395,0.5482186219930492,scr2007,stInflow,reservoir
RO,h7396,0.5482186219930492,scr2007,stInflow,reservoir
RO,h7397,0.5482186219930492,scr2007,stInflow,reservoir
RO,h7398,0.5482186219930492,scr2007,stInflow,reservoir
RO,h7399,0.5482186219930492,scr2007,stInflow,reservoir
RO,h7400,0.5482186219930492,scr2007,stInflow,reservoir
RO,h7401,0.5482186219930492,scr2007,stInflow,reservoir
RO,h7402,0.5482186219930492,scr2007,stInflow,reservoir
RO,h7403,0.5482186219930492,scr2007,stInflow,reservoir
RO,h7404,0.5482186219930492,scr2007,stInflow,reservoir
RO,h7405,0.5482186219930492,scr2007,stInflow,reservoir
RO,h7406,0.5482186219930492,scr2007,stInflow,reservoir
RO,h7407,0.5482186219930492,scr2007,stInflow,reservoir
RO,h7408,0.5482186219930492,scr2007,stInflow,reservoir
RO,h7409,0.5482186219930492,scr2007,stInflow,reservoir
RO,h7410,0.5482186219930492,scr2007,stInflow,reservoir
RO,h7411,0.5482186219930492,scr2007,stInflow,reservoir
RO,h7412,0.5482186219930492,scr2007,stInflow,reservoir
RO,h7413,0.5482186219930492,scr2007,stInflow,reservoir
RO,h7414,0.5482186219930492,scr2007,stInflow,reservoir
RO,h7415,0.5482186219930492,scr2007,stInflow,reservoir
RO,h7416,0.5482186219930492,scr2007,stInflow,reservoir
RO,h7417,0.5482186219930492,scr2007,stInflow,reservoir
RO,h7418,0.5482186219930492,scr2007,stInflow,reservoir
RO,h7419,0.5482186219930492,scr2007,stInflow,reservoir
RO,h7420,0.5482186219930492,scr2007,stInflow,reservoir
RO,h7421,0.5482186219930492,scr2007,stInflow,reservoir
RO,h7422,0.5482186219930492,scr2007,stInflow,reservoir
RO,h7423,0.5482186219930492,scr2007,stInflow,reservoir
RO,h7424,0.5482186219930492,scr2007,stInflow,reservoir
RO,h7425,0.5482186219930492,scr2007,stInflow,reservoir
RO,h7426,0.5482186219930492,scr2007,stInflow,reservoir
RO,h7427,0.5482186219930492,scr2007,stInflow,reservoir
RO,h7428,0.5482186219930492,scr2007,stInflow,reservoir
RO,h7429,0.5482186219930492,scr2007,stInflow,reservoir
RO,h7430,0.5482186219930492,scr2007,stInflow,reservoir
RO,h7431,0.5482186219930492,scr2007,stInflow,reservoir
RO,h7432,0.5482186219930492,scr2007,stInflow,reservoir
RO,h7433,0.5482186219930492,scr2007,stInflow,reservoir
RO,h7434,0.5482186219930492,scr2007,stInflow,reservoir
RO,h7435,0.5482186219930492,scr2007,stInflow,reservoir
RO,h7436,0.5482186219930492,scr2007,stInflow,reservoir
RO,h7437,0.5482186219930492,scr2007,stInflow,reservoir
RO,h7438,0.5482186219930492,scr2007,stInflow,reservoir
RO,h7439,0.5482186219930492,scr2007,stInflow,reservoir
RO,h7440,0.5482186219930492,scr2007,stInflow,reservoir
RO,h7441,0.5482186219930492,scr2007,stInflow,reservoir
RO,h7442,0.5482186219930492,scr2007,stInflow,reservoir
RO,h7443,0.5482186219930492,scr2007,stInflow,reservoir
RO,h7444,0.5482186219930492,scr2007,stInflow,reservoir
RO,h7445,0.5482186219930492,scr2007,stInflow,reservoir
RO,h7446,0.5482186219930492,scr2007,stInflow,reservoir
RO,h7447,0.5482186219930492,scr2007,stInflow,reservoir
RO,h7448,0.5482186219930492,scr2007,stInflow,reservoir
RO,h7449,0.5482186219930492,scr2007,stInflow,reservoir
RO,h7450,0.5482186219930492,scr2007,stInflow,reservoir
RO,h7451,0.5482186219930492,scr2007,stInflow,reservoir
RO,h7452,0.5482186219930492,scr2007,stInflow,reservoir
RO,h7453,0.5482186219930492,scr2007,stInflow,reservoir
RO,h7454,0.5482186219930492,scr2007,stInflow,reservoir
RO,h7455,0.5482186219930492,scr2007,stInflow,reservoir
RO,h7456,0.5482186219930492,scr2007,stInflow,reservoir
RO,h7457,0.5482186219930492,scr2007,stInflow,reservoir
RO,h7458,0.5482186219930492,scr2007,stInflow,reservoir
RO,h7459,0.5482186219930492,scr2007,stInflow,reservoir
RO,h7460,0.5482186219930492,scr2007,stInflow,reservoir
RO,h7461,0.5482186219930492,scr2007,stInflow,reservoir
RO,h7462,0.5482186219930492,scr2007,stInflow,reservoir
RO,h7463,0.5482186219930492,scr2007,stInflow,reservoir
RO,h7464,0.5482186219930492,scr2007,stInflow,reservoir
RO,h7465,0.5482186219930492,scr2007,stInflow,reservoir
RO,h7466,0.5482186219930492,scr2007,stInflow,reservoir
RO,h7467,0.5482186219930492,scr2007,stInflow,reservoir
RO,h7468,0.5482186219930492,scr2007,stInflow,reservoir
RO,h7469,0.5482186219930492,scr2007,stInflow,reservoir
RO,h7470,0.5482186219930492,scr2007,stInflow,reservoir
RO,h7471,0.5482186219930492,scr2007,stInflow,reservoir
RO,h7472,0.5482186219930492,scr2007,stInflow,reservoir
RO,h7473,0.5482186219930492,scr2007,stInflow,reservoir
RO,h7474,0.5482186219930492,scr2007,stInflow,reservoir
RO,h7475,0.5482186219930492,scr2007,stInflow,reservoir
RO,h7476,0.5482186219930492,scr2007,stInflow,reservoir
RO,h7477,0.5482186219930492,scr2007,stInflow,reservoir
RO,h7478,0.5482186219930492,scr2007,stInflow,reservoir
RO,h7479,0.5482186219930492,scr2007,stInflow,reservoir
RO,h7480,0.5482186219930492,scr2007,stInflow,reservoir
RO,h7481,0.5482186219930492,scr2007,stInflow,reservoir
RO,h7482,0.5482186219930492,scr2007,stInflow,reservoir
RO,h7483,0.5482186219930492,scr2007,stInflow,reservoir
RO,h7484,0.5482186219930492,scr2007,stInflow,reservoir
RO,h7485,0.5482186219930492,scr2007,stInflow,reservoir
RO,h7486,0.5482186219930492,scr2007,stInflow,reservoir
RO,h7487,0.5482186219930492,scr2007,stInflow,reservoir
RO,h7488,0.5482186219930492,scr2007,stInflow,reservoir
RO,h7489,0.5482186219930492,scr2007,stInflow,reservoir
RO,h7490,0.5482186219930492,scr2007,stInflow,reservoir
RO,h7491,0.5482186219930492,scr2007,stInflow,reservoir
RO,h7492,0.5482186219930492,scr2007,stInflow,reservoir
RO,h7493,0.5482186219930492,scr2007,stInflow,reservoir
RO,h7494,0.5482186219930492,scr2007,stInflow,reservoir
RO,h7495,0.5482186219930492,scr2007,stInflow,reservoir
RO,h7496,0.5482186219930492,scr2007,stInflow,reservoir
RO,h7497,0.5482186219930492,scr2007,stInflow,reservoir
RO,h7498,0.5482186219930492,scr2007,stInflow,reservoir
RO,h7499,0.5482186219930492,scr2007,stInflow,reservoir
RO,h7500,0.5482186219930492,scr2007,stInflow,reservoir
RO,h7501,0.5482186219930492,scr2007,stInflow,reservoir
RO,h7502,0.5482186219930492,scr2007,stInflow,reservoir
RO,h7503,0.5482186219930492,scr2007,stInflow,reservoir
RO,h7504,0.5482186219930492,scr2007,stInflow,reservoir
RO,h7505,0.5482186219930492,scr2007,stInflow,reservoir
RO,h7506,0.5482186219930492,scr2007,stInflow,reservoir
RO,h7507,0.5482186219930492,scr2007,stInflow,reservoir
RO,h7508,0.5482186219930492,scr2007,stInflow,reservoir
RO,h7509,0.5482186219930492,scr2007,stInflow,reservoir
RO,h7510,0.5482186219930492,scr2007,stInflow,reservoir
RO,h7511,0.5482186219930492,scr2007,stInflow,reservoir
RO,h7512,0.5482186219930492,scr2007,stInflow,reservoir
RO,h7513,0.5482186219930492,scr2007,stInflow,reservoir
RO,h7514,0.5482186219930492,scr2007,stInflow,reservoir
RO,h7515,0.5482186219930492,scr2007,stInflow,reservoir
RO,h7516,0.5482186219930492,scr2007,stInflow,reservoir
RO,h7517,0.5482186219930492,scr2007,stInflow,reservoir
RO,h7518,0.5482186219930492,scr2007,stInflow,reservoir
RO,h7519,0.5482186219930492,scr2007,stInflow,reservoir
RO,h7520,0.5482186219930492,scr2007,stInflow,reservoir
RO,h7521,0.5482186219930492,scr2007,stInflow,reservoir
RO,h7522,0.5482186219930492,scr2007,stInflow,reservoir
RO,h7523,0.5482186219930492,scr2007,stInflow,reservoir
RO,h7524,0.5482186219930492,scr2007,stInflow,reservoir
RO,h7525,0.5482186219930492,scr2007,stInflow,reservoir
RO,h7526,0.5482186219930492,scr2007,stInflow,reservoir
RO,h7527,0.5482186219930492,scr2007,stInflow,reservoir
RO,h7528,0.5482186219930492,scr2007,stInflow,reservoir
RO,h7529,0.5482186219930492,scr2007,stInflow,reservoir
RO,h7530,0.5482186219930492,scr2007,stInflow,reservoir
RO,h7531,0.5482186219930492,scr2007,stInflow,reservoir
RO,h7532,0.5482186219930492,scr2007,stInflow,reservoir
RO,h7533,0.5482186219930492,scr2007,stInflow,reservoir
RO,h7534,0.5482186219930492,scr2007,stInflow,reservoir
RO,h7535,0.5482186219930492,scr2007,stInflow,reservoir
RO,h7536,0.5482186219930492,scr2007,stInflow,reservoir
RO,h7537,0.5482186219930492,scr2007,stInflow,reservoir
RO,h7538,0.5482186219930492,scr2007,stInflow,reservoir
RO,h7539,0.5482186219930492,scr2007,stInflow,reservoir
RO,h7540,0.5482186219930492,scr2007,stInflow,reservoir
RO,h7541,0.5482186219930492,scr2007,stInflow,reservoir
RO,h7542,0.5482186219930492,scr2007,stInflow,reservoir
RO,h7543,0.5482186219930492,scr2007,stInflow,reservoir
RO,h7544,0.5482186219930492,scr2007,stInflow,reservoir
RO,h7545,0.5482186219930492,scr2007,stInflow,reservoir
RO,h7546,0.5482186219930492,scr2007,stInflow,reservoir
RO,h7547,0.5482186219930492,scr2007,stInflow,reservoir
RO,h7548,0.5482186219930492,scr2007,stInflow,reservoir
RO,h7549,0.5482186219930492,scr2007,stInflow,reservoir
RO,h7550,0.5482186219930492,scr2007,stInflow,reservoir
RO,h7551,0.5482186219930492,scr2007,stInflow,reservoir
RO,h7552,0.5482186219930492,scr2007,stInflow,reservoir
RO,h7553,0.5482186219930492,scr2007,stInflow,reservoir
RO,h7554,0.5482186219930492,scr2007,stInflow,reservoir
RO,h7555,0.5482186219930492,scr2007,stInflow,reservoir
RO,h7556,0.5482186219930492,scr2007,stInflow,reservoir
RO,h7557,0.5482186219930492,scr2007,stInflow,reservoir
RO,h7558,0.5482186219930492,scr2007,stInflow,reservoir
RO,h7559,0.5482186219930492,scr2007,stInflow,reservoir
RO,h7560,0.5482186219930492,scr2007,stInflow,reservoir
RO,h7561,0.5508570920792017,scr2007,stInflow,reservoir
RO,h7562,0.5534955634291416,scr2007,stInflow,reservoir
RO,h7563,0.5561340360368447,scr2007,stInflow,reservoir
RO,h7564,0.5561340360368447,scr2007,stInflow,reservoir
RO,h7565,0.5561340360368447,scr2007,stInflow,reservoir
RO,h7566,0.5561340360368447,scr2007,stInflow,reservoir
RO,h7567,0.5561340360368447,scr2007,stInflow,reservoir
RO,h7568,0.5561340360368447,scr2007,stInflow,reservoir
RO,h7569,0.5561340360368447,scr2007,stInflow,reservoir
RO,h7570,0.5561340360368447,scr2007,stInflow,reservoir
RO,h7571,0.5561340360368447,scr2007,stInflow,reservoir
RO,h7572,0.5561340360368447,scr2007,stInflow,reservoir
RO,h7573,0.5561340360368447,scr2007,stInflow,reservoir
RO,h7574,0.5561340360368447,scr2007,stInflow,reservoir
RO,h7575,0.5561340360368447,scr2007,stInflow,reservoir
RO,h7576,0.5561340360368447,scr2007,stInflow,reservoir
RO,h7577,0.5561340360368447,scr2007,stInflow,reservoir
RO,h7578,0.5561340360368447,scr2007,stInflow,reservoir
RO,h7579,0.5561340360368447,scr2007,stInflow,reservoir
RO,h7580,0.5561340360368447,scr2007,stInflow,reservoir
RO,h7581,0.5561340360368447,scr2007,stInflow,reservoir
RO,h7582,0.5561340360368447,scr2007,stInflow,reservoir
RO,h7583,0.5561340360368447,scr2007,stInflow,reservoir
RO,h7584,0.5561340360368447,scr2007,stInflow,reservoir
RO,h7585,0.5561340360368447,scr2007,stInflow,reservoir
RO,h7586,0.5561340360368447,scr2007,stInflow,reservoir
RO,h7587,0.5561340360368447,scr2007,stInflow,reservoir
RO,h7588,0.5561340360368447,scr2007,stInflow,reservoir
RO,h7589,0.5561340360368447,scr2007,stInflow,reservoir
RO,h7590,0.5561340360368447,scr2007,stInflow,reservoir
RO,h7591,0.5561340360368447,scr2007,stInflow,reservoir
RO,h7592,0.5561340360368447,scr2007,stInflow,reservoir
RO,h7593,0.5561340360368447,scr2007,stInflow,reservoir
RO,h7594,0.5561340360368447,scr2007,stInflow,reservoir
RO,h7595,0.5561340360368447,scr2007,stInflow,reservoir
RO,h7596,0.5561340360368447,scr2007,stInflow,reservoir
RO,h7597,0.5561340360368447,scr2007,stInflow,reservoir
RO,h7598,0.5561340360368447,scr2007,stInflow,reservoir
RO,h7599,0.5561340360368447,scr2007,stInflow,reservoir
RO,h7600,0.5561340360368447,scr2007,stInflow,reservoir
RO,h7601,0.5561340360368447,scr2007,stInflow,reservoir
RO,h7602,0.5561340360368447,scr2007,stInflow,reservoir
RO,h7603,0.5561340360368447,scr2007,stInflow,reservoir
RO,h7604,0.5561340360368447,scr2007,stInflow,reservoir
RO,h7605,0.5561340360368447,scr2007,stInflow,reservoir
RO,h7606,0.5561340360368447,scr2007,stInflow,reservoir
RO,h7607,0.5561340360368447,scr2007,stInflow,reservoir
RO,h7608,0.5561340360368447,scr2007,stInflow,reservoir
RO,h7609,0.5561340360368447,scr2007,stInflow,reservoir
RO,h7610,0.5561340360368447,scr2007,stInflow,reservoir
RO,h7611,0.5561340360368447,scr2007,stInflow,reservoir
RO,h7612,0.5561340360368447,scr2007,stInflow,reservoir
RO,h7613,0.5561340360368447,scr2007,stInflow,reservoir
RO,h7614,0.5561340360368447,scr2007,stInflow,reservoir
RO,h7615,0.5561340360368447,scr2007,stInflow,reservoir
RO,h7616,0.5561340360368447,scr2007,stInflow,reservoir
RO,h7617,0.5561340360368447,scr2007,stInflow,reservoir
RO,h7618,0.5561340360368447,scr2007,stInflow,reservoir
RO,h7619,0.5561340360368447,scr2007,stInflow,reservoir
RO,h7620,0.5561340360368447,scr2007,stInflow,reservoir
RO,h7621,0.5561340360368447,scr2007,stInflow,reservoir
RO,h7622,0.5561340360368447,scr2007,stInflow,reservoir
RO,h7623,0.5561340360368447,scr2007,stInflow,reservoir
RO,h7624,0.5561340360368447,scr2007,stInflow,reservoir
RO,h7625,0.5561340360368447,scr2007,stInflow,reservoir
RO,h7626,0.5561340360368447,scr2007,stInflow,reservoir
RO,h7627,0.5561340360368447,scr2007,stInflow,reservoir
RO,h7628,0.5561340360368447,scr2007,stInflow,reservoir
RO,h7629,0.5561340360368447,scr2007,stInflow,reservoir
RO,h7630,0.5561340360368447,scr2007,stInflow,reservoir
RO,h7631,0.5561340360368447,scr2007,stInflow,reservoir
RO,h7632,0.5561340360368447,scr2007,stInflow,reservoir
RO,h7633,0.5561340360368447,scr2007,stInflow,reservoir
RO,h7634,0.5561340360368447,scr2007,stInflow,reservoir
RO,h7635,0.5561340360368447,scr2007,stInflow,reservoir
RO,h7636,0.5561340360368447,scr2007,stInflow,reservoir
RO,h7637,0.5561340360368447,scr2007,stInflow,reservoir
RO,h7638,0.5561340360368447,scr2007,stInflow,reservoir
RO,h7639,0.5561340360368447,scr2007,stInflow,reservoir
RO,h7640,0.5561340360368447,scr2007,stInflow,reservoir
RO,h7641,0.5561340360368447,scr2007,stInflow,reservoir
RO,h7642,0.5561340360368447,scr2007,stInflow,reservoir
RO,h7643,0.5561340360368447,scr2007,stInflow,reservoir
RO,h7644,0.5561340360368447,scr2007,stInflow,reservoir
RO,h7645,0.5561340360368447,scr2007,stInflow,reservoir
RO,h7646,0.5561340360368447,scr2007,stInflow,reservoir
RO,h7647,0.5561340360368447,scr2007,stInflow,reservoir
RO,h7648,0.5561340360368447,scr2007,stInflow,reservoir
RO,h7649,0.5561340360368447,scr2007,stInflow,reservoir
RO,h7650,0.5561340360368447,scr2007,stInflow,reservoir
RO,h7651,0.5561340360368447,scr2007,stInflow,reservoir
RO,h7652,0.5561340360368447,scr2007,stInflow,reservoir
RO,h7653,0.5561340360368447,scr2007,stInflow,reservoir
RO,h7654,0.5561340360368447,scr2007,stInflow,reservoir
RO,h7655,0.5561340360368447,scr2007,stInflow,reservoir
RO,h7656,0.5561340360368447,scr2007,stInflow,reservoir
RO,h7657,0.5561340360368447,scr2007,stInflow,reservoir
RO,h7658,0.5561340360368447,scr2007,stInflow,reservoir
RO,h7659,0.5561340360368447,scr2007,stInflow,reservoir
RO,h7660,0.5561340360368447,scr2007,stInflow,reservoir
RO,h7661,0.5561340360368447,scr2007,stInflow,reservoir
RO,h7662,0.5561340360368447,scr2007,stInflow,reservoir
RO,h7663,0.5561340360368447,scr2007,stInflow,reservoir
RO,h7664,0.5561340360368447,scr2007,stInflow,reservoir
RO,h7665,0.5561340360368447,scr2007,stInflow,reservoir
RO,h7666,0.5561340360368447,scr2007,stInflow,reservoir
RO,h7667,0.5561340360368447,scr2007,stInflow,reservoir
RO,h7668,0.5561340360368447,scr2007,stInflow,reservoir
RO,h7669,0.5561340360368447,scr2007,stInflow,reservoir
RO,h7670,0.5561340360368447,scr2007,stInflow,reservoir
RO,h7671,0.5561340360368447,scr2007,stInflow,reservoir
RO,h7672,0.5561340360368447,scr2007,stInflow,reservoir
RO,h7673,0.5561340360368447,scr2007,stInflow,reservoir
RO,h7674,0.5561340360368447,scr2007,stInflow,reservoir
RO,h7675,0.5561340360368447,scr2007,stInflow,reservoir
RO,h7676,0.5561340360368447,scr2007,stInflow,reservoir
RO,h7677,0.5561340360368447,scr2007,stInflow,reservoir
RO,h7678,0.5561340360368447,scr2007,stInflow,reservoir
RO,h7679,0.5561340360368447,scr2007,stInflow,reservoir
RO,h7680,0.5561340360368447,scr2007,stInflow,reservoir
RO,h7681,0.5561340360368447,scr2007,stInflow,reservoir
RO,h7682,0.5561340360368447,scr2007,stInflow,reservoir
RO,h7683,0.5561340360368447,scr2007,stInflow,reservoir
RO,h7684,0.5561340360368447,scr2007,stInflow,reservoir
RO,h7685,0.5561340360368447,scr2007,stInflow,reservoir
RO,h7686,0.5561340360368447,scr2007,stInflow,reservoir
RO,h7687,0.5561340360368447,scr2007,stInflow,reservoir
RO,h7688,0.5561340360368447,scr2007,stInflow,reservoir
RO,h7689,0.5561340360368447,scr2007,stInflow,reservoir
RO,h7690,0.5561340360368447,scr2007,stInflow,reservoir
RO,h7691,0.5561340360368447,scr2007,stInflow,reservoir
RO,h7692,0.5561340360368447,scr2007,stInflow,reservoir
RO,h7693,0.5561340360368447,scr2007,stInflow,reservoir
RO,h7694,0.5561340360368447,scr2007,stInflow,reservoir
RO,h7695,0.5561340360368447,scr2007,stInflow,reservoir
RO,h7696,0.5561340360368447,scr2007,stInflow,reservoir
RO,h7697,0.5561340360368447,scr2007,stInflow,reservoir
RO,h7698,0.5561340360368447,scr2007,stInflow,reservoir
RO,h7699,0.5561340360368447,scr2007,stInflow,reservoir
RO,h7700,0.5561340360368447,scr2007,stInflow,reservoir
RO,h7701,0.5561340360368447,scr2007,stInflow,reservoir
RO,h7702,0.5561340360368447,scr2007,stInflow,reservoir
RO,h7703,0.5561340360368447,scr2007,stInflow,reservoir
RO,h7704,0.5561340360368447,scr2007,stInflow,reservoir
RO,h7705,0.5561340360368447,scr2007,stInflow,reservoir
RO,h7706,0.5561340360368447,scr2007,stInflow,reservoir
RO,h7707,0.5561340360368447,scr2007,stInflow,reservoir
RO,h7708,0.5561340360368447,scr2007,stInflow,reservoir
RO,h7709,0.5561340360368447,scr2007,stInflow,reservoir
RO,h7710,0.5561340360368447,scr2007,stInflow,reservoir
RO,h7711,0.5561340360368447,scr2007,stInflow,reservoir
RO,h7712,0.5561340360368447,scr2007,stInflow,reservoir
RO,h7713,0.5561340360368447,scr2007,stInflow,reservoir
RO,h7714,0.5561340360368447,scr2007,stInflow,reservoir
RO,h7715,0.5561340360368447,scr2007,stInflow,reservoir
RO,h7716,0.5561340360368447,scr2007,stInflow,reservoir
RO,h7717,0.5561340360368447,scr2007,stInflow,reservoir
RO,h7718,0.5561340360368447,scr2007,stInflow,reservoir
RO,h7719,0.5561340360368447,scr2007,stInflow,reservoir
RO,h7720,0.5561340360368447,scr2007,stInflow,reservoir
RO,h7721,0.5561340360368447,scr2007,stInflow,reservoir
RO,h7722,0.5561340360368447,scr2007,stInflow,reservoir
RO,h7723,0.5561340360368447,scr2007,stInflow,reservoir
RO,h7724,0.5561340360368447,scr2007,stInflow,reservoir
RO,h7725,0.5561340360368447,scr2007,stInflow,reservoir
RO,h7726,0.5561340360368447,scr2007,stInflow,reservoir
RO,h7727,0.5561340360368447,scr2007,stInflow,reservoir
RO,h7728,0.5561340360368447,scr2007,stInflow,reservoir
RO,h7729,0.5629960726707548,scr2007,stInflow,reservoir
RO,h7730,0.5698581176687336,scr2007,stInflow,reservoir
RO,h7731,0.5767201709300678,scr2007,stInflow,reservoir
RO,h7732,0.5767201709300678,scr2007,stInflow,reservoir
RO,h7733,0.5767201709300678,scr2007,stInflow,reservoir
RO,h7734,0.5767201709300678,scr2007,stInflow,reservoir
RO,h7735,0.5767201709300678,scr2007,stInflow,reservoir
RO,h7736,0.5767201709300678,scr2007,stInflow,reservoir
RO,h7737,0.5767201709300678,scr2007,stInflow,reservoir
RO,h7738,0.5767201709300678,scr2007,stInflow,reservoir
RO,h7739,0.5767201709300678,scr2007,stInflow,reservoir
RO,h7740,0.5767201709300678,scr2007,stInflow,reservoir
RO,h7741,0.5767201709300678,scr2007,stInflow,reservoir
RO,h7742,0.5767201709300678,scr2007,stInflow,reservoir
RO,h7743,0.5767201709300678,scr2007,stInflow,reservoir
RO,h7744,0.5767201709300678,scr2007,stInflow,reservoir
RO,h7745,0.5767201709300678,scr2007,stInflow,reservoir
RO,h7746,0.5767201709300678,scr2007,stInflow,reservoir
RO,h7747,0.5767201709300678,scr2007,stInflow,reservoir
RO,h7748,0.5767201709300678,scr2007,stInflow,reservoir
RO,h7749,0.5767201709300678,scr2007,stInflow,reservoir
RO,h7750,0.5767201709300678,scr2007,stInflow,reservoir
RO,h7751,0.5767201709300678,scr2007,stInflow,reservoir
RO,h7752,0.5767201709300678,scr2007,stInflow,reservoir
RO,h7753,0.5767201709300678,scr2007,stInflow,reservoir
RO,h7754,0.5767201709300678,scr2007,stInflow,reservoir
RO,h7755,0.5767201709300678,scr2007,stInflow,reservoir
RO,h7756,0.5767201709300678,scr2007,stInflow,reservoir
RO,h7757,0.5767201709300678,scr2007,stInflow,reservoir
RO,h7758,0.5767201709300678,scr2007,stInflow,reservoir
RO,h7759,0.5767201709300678,scr2007,stInflow,reservoir
RO,h7760,0.5767201709300678,scr2007,stInflow,reservoir
RO,h7761,0.5767201709300678,scr2007,stInflow,reservoir
RO,h7762,0.5767201709300678,scr2007,stInflow,reservoir
RO,h7763,0.5767201709300678,scr2007,stInflow,reservoir
RO,h7764,0.5767201709300678,scr2007,stInflow,reservoir
RO,h7765,0.5767201709300678,scr2007,stInflow,reservoir
RO,h7766,0.5767201709300678,scr2007,stInflow,reservoir
RO,h7767,0.5767201709300678,scr2007,stInflow,reservoir
RO,h7768,0.5767201709300678,scr2007,stInflow,reservoir
RO,h7769,0.5767201709300678,scr2007,stInflow,reservoir
RO,h7770,0.5767201709300678,scr2007,stInflow,reservoir
RO,h7771,0.5767201709300678,scr2007,stInflow,reservoir
RO,h7772,0.5767201709300678,scr2007,stInflow,reservoir
RO,h7773,0.5767201709300678,scr2007,stInflow,reservoir
RO,h7774,0.5767201709300678,scr2007,stInflow,reservoir
RO,h7775,0.5767201709300678,scr2007,stInflow,reservoir
RO,h7776,0.5767201709300678,scr2007,stInflow,reservoir
RO,h7777,0.5767201709300678,scr2007,stInflow,reservoir
RO,h7778,0.5767201709300678,scr2007,stInflow,reservoir
RO,h7779,0.5767201709300678,scr2007,stInflow,reservoir
RO,h7780,0.5767201709300678,scr2007,stInflow,reservoir
RO,h7781,0.5767201709300678,scr2007,stInflow,reservoir
RO,h7782,0.5767201709300678,scr2007,stInflow,reservoir
RO,h7783,0.5767201709300678,scr2007,stInflow,reservoir
RO,h7784,0.5767201709300678,scr2007,stInflow,reservoir
RO,h7785,0.5767201709300678,scr2007,stInflow,reservoir
RO,h7786,0.5767201709300678,scr2007,stInflow,reservoir
RO,h7787,0.5767201709300678,scr2007,stInflow,reservoir
RO,h7788,0.5767201709300678,scr2007,stInflow,reservoir
RO,h7789,0.5767201709300678,scr2007,stInflow,reservoir
RO,h7790,0.5767201709300678,scr2007,stInflow,reservoir
RO,h7791,0.5767201709300678,scr2007,stInflow,reservoir
RO,h7792,0.5767201709300678,scr2007,stInflow,reservoir
RO,h7793,0.5767201709300678,scr2007,stInflow,reservoir
RO,h7794,0.5767201709300678,scr2007,stInflow,reservoir
RO,h7795,0.5767201709300678,scr2007,stInflow,reservoir
RO,h7796,0.5767201709300678,scr2007,stInflow,reservoir
RO,h7797,0.5767201709300678,scr2007,stInflow,reservoir
RO,h7798,0.5767201709300678,scr2007,stInflow,reservoir
RO,h7799,0.5767201709300678,scr2007,stInflow,reservoir
RO,h7800,0.5767201709300678,scr2007,stInflow,reservoir
RO,h7801,0.5767201709300678,scr2007,stInflow,reservoir
RO,h7802,0.5767201709300678,scr2007,stInflow,reservoir
RO,h7803,0.5767201709300678,scr2007,stInflow,reservoir
RO,h7804,0.5767201709300678,scr2007,stInflow,reservoir
RO,h7805,0.5767201709300678,scr2007,stInflow,reservoir
RO,h7806,0.5767201709300678,scr2007,stInflow,reservoir
RO,h7807,0.5767201709300678,scr2007,stInflow,reservoir
RO,h7808,0.5767201709300678,scr2007,stInflow,reservoir
RO,h7809,0.5767201709300678,scr2007,stInflow,reservoir
RO,h7810,0.5767201709300678,scr2007,stInflow,reservoir
RO,h7811,0.5767201709300678,scr2007,stInflow,reservoir
RO,h7812,0.5767201709300678,scr2007,stInflow,reservoir
RO,h7813,0.5767201709300678,scr2007,stInflow,reservoir
RO,h7814,0.5767201709300678,scr2007,stInflow,reservoir
RO,h7815,0.5767201709300678,scr2007,stInflow,reservoir
RO,h7816,0.5767201709300678,scr2007,stInflow,reservoir
RO,h7817,0.5767201709300678,scr2007,stInflow,reservoir
RO,h7818,0.5767201709300678,scr2007,stInflow,reservoir
RO,h7819,0.5767201709300678,scr2007,stInflow,reservoir
RO,h7820,0.5767201709300678,scr2007,stInflow,reservoir
RO,h7821,0.5767201709300678,scr2007,stInflow,reservoir
RO,h7822,0.5767201709300678,scr2007,stInflow,reservoir
RO,h7823,0.5767201709300678,scr2007,stInflow,reservoir
RO,h7824,0.5767201709300678,scr2007,stInflow,reservoir
RO,h7825,0.5767201709300678,scr2007,stInflow,reservoir
RO,h7826,0.5767201709300678,scr2007,stInflow,reservoir
RO,h7827,0.5767201709300678,scr2007,stInflow,reservoir
RO,h7828,0.5767201709300678,scr2007,stInflow,reservoir
RO,h7829,0.5767201709300678,scr2007,stInflow,reservoir
RO,h7830,0.5767201709300678,scr2007,stInflow,reservoir
RO,h7831,0.5767201709300678,scr2007,stInflow,reservoir
RO,h7832,0.5767201709300678,scr2007,stInflow,reservoir
RO,h7833,0.5767201709300678,scr2007,stInflow,reservoir
RO,h7834,0.5767201709300678,scr2007,stInflow,reservoir
RO,h7835,0.5767201709300678,scr2007,stInflow,reservoir
RO,h7836,0.5767201709300678,scr2007,stInflow,reservoir
RO,h7837,0.5767201709300678,scr2007,stInflow,reservoir
RO,h7838,0.5767201709300678,scr2007,stInflow,reservoir
RO,h7839,0.5767201709300678,scr2007,stInflow,reservoir
RO,h7840,0.5767201709300678,scr2007,stInflow,reservoir
RO,h7841,0.5767201709300678,scr2007,stInflow,reservoir
RO,h7842,0.5767201709300678,scr2007,stInflow,reservoir
RO,h7843,0.5767201709300678,scr2007,stInflow,reservoir
RO,h7844,0.5767201709300678,scr2007,stInflow,reservoir
RO,h7845,0.5767201709300678,scr2007,stInflow,reservoir
RO,h7846,0.5767201709300678,scr2007,stInflow,reservoir
RO,h7847,0.5767201709300678,scr2007,stInflow,reservoir
RO,h7848,0.5767201709300678,scr2007,stInflow,reservoir
RO,h7849,0.5767201709300678,scr2007,stInflow,reservoir
RO,h7850,0.5767201709300678,scr2007,stInflow,reservoir
RO,h7851,0.5767201709300678,scr2007,stInflow,reservoir
RO,h7852,0.5767201709300678,scr2007,stInflow,reservoir
RO,h7853,0.5767201709300678,scr2007,stInflow,reservoir
RO,h7854,0.5767201709300678,scr2007,stInflow,reservoir
RO,h7855,0.5767201709300678,scr2007,stInflow,reservoir
RO,h7856,0.5767201709300678,scr2007,stInflow,reservoir
RO,h7857,0.5767201709300678,scr2007,stInflow,reservoir
RO,h7858,0.5767201709300678,scr2007,stInflow,reservoir
RO,h7859,0.5767201709300678,scr2007,stInflow,reservoir
RO,h7860,0.5767201709300678,scr2007,stInflow,reservoir
RO,h7861,0.5767201709300678,scr2007,stInflow,reservoir
RO,h7862,0.5767201709300678,scr2007,stInflow,reservoir
RO,h7863,0.5767201709300678,scr2007,stInflow,reservoir
RO,h7864,0.5767201709300678,scr2007,stInflow,reservoir
RO,h7865,0.5767201709300678,scr2007,stInflow,reservoir
RO,h7866,0.5767201709300678,scr2007,stInflow,reservoir
RO,h7867,0.5767201709300678,scr2007,stInflow,reservoir
RO,h7868,0.5767201709300678,scr2007,stInflow,reservoir
RO,h7869,0.5767201709300678,scr2007,stInflow,reservoir
RO,h7870,0.5767201709300678,scr2007,stInflow,reservoir
RO,h7871,0.5767201709300678,scr2007,stInflow,reservoir
RO,h7872,0.5767201709300678,scr2007,stInflow,reservoir
RO,h7873,0.5767201709300678,scr2007,stInflow,reservoir
RO,h7874,0.5767201709300678,scr2007,stInflow,reservoir
RO,h7875,0.5767201709300678,scr2007,stInflow,reservoir
RO,h7876,0.5767201709300678,scr2007,stInflow,reservoir
RO,h7877,0.5767201709300678,scr2007,stInflow,reservoir
RO,h7878,0.5767201709300678,scr2007,stInflow,reservoir
RO,h7879,0.5767201709300678,scr2007,stInflow,reservoir
RO,h7880,0.5767201709300678,scr2007,stInflow,reservoir
RO,h7881,0.5767201709300678,scr2007,stInflow,reservoir
RO,h7882,0.5767201709300678,scr2007,stInflow,reservoir
RO,h7883,0.5767201709300678,scr2007,stInflow,reservoir
RO,h7884,0.5767201709300678,scr2007,stInflow,reservoir
RO,h7885,0.5767201709300678,scr2007,stInflow,reservoir
RO,h7886,0.5767201709300678,scr2007,stInflow,reservoir
RO,h7887,0.5767201709300678,scr2007,stInflow,reservoir
RO,h7888,0.5767201709300678,scr2007,stInflow,reservoir
RO,h7889,0.5767201709300678,scr2007,stInflow,reservoir
RO,h7890,0.5767201709300678,scr2007,stInflow,reservoir
RO,h7891,0.5767201709300678,scr2007,stInflow,reservoir
RO,h7892,0.5767201709300678,scr2007,stInflow,reservoir
RO,h7893,0.5767201709300678,scr2007,stInflow,reservoir
RO,h7894,0.5767201709300678,scr2007,stInflow,reservoir
RO,h7895,0.5767201709300678,scr2007,stInflow,reservoir
RO,h7896,0.5767201709300678,scr2007,stInflow,reservoir
RO,h7897,0.5881097677577951,scr2007,stInflow,reservoir
RO,h7898,0.5994993866447251,scr2007,stInflow,reservoir
RO,h7899,0.6108890271717533,scr2007,stInflow,reservoir
RO,h7900,0.6108890271717533,scr2007,stInflow,reservoir
RO,h7901,0.6108890271717533,scr2007,stInflow,reservoir
RO,h7902,0.6108890271717533,scr2007,stInflow,reservoir
RO,h7903,0.6108890271717533,scr2007,stInflow,reservoir
RO,h7904,0.6108890271717533,scr2007,stInflow,reservoir
RO,h7905,0.6108890271717533,scr2007,stInflow,reservoir
RO,h7906,0.6108890271717533,scr2007,stInflow,reservoir
RO,h7907,0.6108890271717533,scr2007,stInflow,reservoir
RO,h7908,0.6108890271717533,scr2007,stInflow,reservoir
RO,h7909,0.6108890271717533,scr2007,stInflow,reservoir
RO,h7910,0.6108890271717533,scr2007,stInflow,reservoir
RO,h7911,0.6108890271717533,scr2007,stInflow,reservoir
RO,h7912,0.6108890271717533,scr2007,stInflow,reservoir
RO,h7913,0.6108890271717533,scr2007,stInflow,reservoir
RO,h7914,0.6108890271717533,scr2007,stInflow,reservoir
RO,h7915,0.6108890271717533,scr2007,stInflow,reservoir
RO,h7916,0.6108890271717533,scr2007,stInflow,reservoir
RO,h7917,0.6108890271717533,scr2007,stInflow,reservoir
RO,h7918,0.6108890271717533,scr2007,stInflow,reservoir
RO,h7919,0.6108890271717533,scr2007,stInflow,reservoir
RO,h7920,0.6108890271717533,scr2007,stInflow,reservoir
RO,h7921,0.6108890271717533,scr2007,stInflow,reservoir
RO,h7922,0.6108890271717533,scr2007,stInflow,reservoir
RO,h7923,0.6108890271717533,scr2007,stInflow,reservoir
RO,h7924,0.6108890271717533,scr2007,stInflow,reservoir
RO,h7925,0.6108890271717533,scr2007,stInflow,reservoir
RO,h7926,0.6108890271717533,scr2007,stInflow,reservoir
RO,h7927,0.6108890271717533,scr2007,stInflow,reservoir
RO,h7928,0.6108890271717533,scr2007,stInflow,reservoir
RO,h7929,0.6108890271717533,scr2007,stInflow,reservoir
RO,h7930,0.6108890271717533,scr2007,stInflow,reservoir
RO,h7931,0.6108890271717533,scr2007,stInflow,reservoir
RO,h7932,0.6108890271717533,scr2007,stInflow,reservoir
RO,h7933,0.6108890271717533,scr2007,stInflow,reservoir
RO,h7934,0.6108890271717533,scr2007,stInflow,reservoir
RO,h7935,0.6108890271717533,scr2007,stInflow,reservoir
RO,h7936,0.6108890271717533,scr2007,stInflow,reservoir
RO,h7937,0.6108890271717533,scr2007,stInflow,reservoir
RO,h7938,0.6108890271717533,scr2007,stInflow,reservoir
RO,h7939,0.6108890271717533,scr2007,stInflow,reservoir
RO,h7940,0.6108890271717533,scr2007,stInflow,reservoir
RO,h7941,0.6108890271717533,scr2007,stInflow,reservoir
RO,h7942,0.6108890271717533,scr2007,stInflow,reservoir
RO,h7943,0.6108890271717533,scr2007,stInflow,reservoir
RO,h7944,0.6108890271717533,scr2007,stInflow,reservoir
RO,h7945,0.6108890271717533,scr2007,stInflow,reservoir
RO,h7946,0.6108890271717533,scr2007,stInflow,reservoir
RO,h7947,0.6108890271717533,scr2007,stInflow,reservoir
RO,h7948,0.6108890271717533,scr2007,stInflow,reservoir
RO,h7949,0.6108890271717533,scr2007,stInflow,reservoir
RO,h7950,0.6108890271717533,scr2007,stInflow,reservoir
RO,h7951,0.6108890271717533,scr2007,stInflow,reservoir
RO,h7952,0.6108890271717533,scr2007,stInflow,reservoir
RO,h7953,0.6108890271717533,scr2007,stInflow,reservoir
RO,h7954,0.6108890271717533,scr2007,stInflow,reservoir
RO,h7955,0.6108890271717533,scr2007,stInflow,reservoir
RO,h7956,0.6108890271717533,scr2007,stInflow,reservoir
RO,h7957,0.6108890271717533,scr2007,stInflow,reservoir
RO,h7958,0.6108890271717533,scr2007,stInflow,reservoir
RO,h7959,0.6108890271717533,scr2007,stInflow,reservoir
RO,h7960,0.6108890271717533,scr2007,stInflow,reservoir
RO,h7961,0.6108890271717533,scr2007,stInflow,reservoir
RO,h7962,0.6108890271717533,scr2007,stInflow,reservoir
RO,h7963,0.6108890271717533,scr2007,stInflow,reservoir
RO,h7964,0.6108890271717533,scr2007,stInflow,reservoir
RO,h7965,0.6108890271717533,scr2007,stInflow,reservoir
RO,h7966,0.6108890271717533,scr2007,stInflow,reservoir
RO,h7967,0.6108890271717533,scr2007,stInflow,reservoir
RO,h7968,0.6108890271717533,scr2007,stInflow,reservoir
RO,h7969,0.6108890271717533,scr2007,stInflow,reservoir
RO,h7970,0.6108890271717533,scr2007,stInflow,reservoir
RO,h7971,0.6108890271717533,scr2007,stInflow,reservoir
RO,h7972,0.6108890271717533,scr2007,stInflow,reservoir
RO,h7973,0.6108890271717533,scr2007,stInflow,reservoir
RO,h7974,0.6108890271717533,scr2007,stInflow,reservoir
RO,h7975,0.6108890271717533,scr2007,stInflow,reservoir
RO,h7976,0.6108890271717533,scr2007,stInflow,reservoir
RO,h7977,0.6108890271717533,scr2007,stInflow,reservoir
RO,h7978,0.6108890271717533,scr2007,stInflow,reservoir
RO,h7979,0.6108890271717533,scr2007,stInflow,reservoir
RO,h7980,0.6108890271717533,scr2007,stInflow,reservoir
RO,h7981,0.6108890271717533,scr2007,stInflow,reservoir
RO,h7982,0.6108890271717533,scr2007,stInflow,reservoir
RO,h7983,0.6108890271717533,scr2007,stInflow,reservoir
RO,h7984,0.6108890271717533,scr2007,stInflow,reservoir
RO,h7985,0.6108890271717533,scr2007,stInflow,reservoir
RO,h7986,0.6108890271717533,scr2007,stInflow,reservoir
RO,h7987,0.6108890271717533,scr2007,stInflow,reservoir
RO,h7988,0.6108890271717533,scr2007,stInflow,reservoir
RO,h7989,0.6108890271717533,scr2007,stInflow,reservoir
RO,h7990,0.6108890271717533,scr2007,stInflow,reservoir
RO,h7991,0.6108890271717533,scr2007,stInflow,reservoir
RO,h7992,0.6108890271717533,scr2007,stInflow,reservoir
RO,h7993,0.6108890271717533,scr2007,stInflow,reservoir
RO,h7994,0.6108890271717533,scr2007,stInflow,reservoir
RO,h7995,0.6108890271717533,scr2007,stInflow,reservoir
RO,h7996,0.6108890271717533,scr2007,stInflow,reservoir
RO,h7997,0.6108890271717533,scr2007,stInflow,reservoir
RO,h7998,0.6108890271717533,scr2007,stInflow,reservoir
RO,h7999,0.6108890271717533,scr2007,stInflow,reservoir
RO,h8000,0.6108890271717533,scr2007,stInflow,reservoir
RO,h8001,0.6108890271717533,scr2007,stInflow,reservoir
RO,h8002,0.6108890271717533,scr2007,stInflow,reservoir
RO,h8003,0.6108890271717533,scr2007,stInflow,reservoir
RO,h8004,0.6108890271717533,scr2007,stInflow,reservoir
RO,h8005,0.6108890271717533,scr2007,stInflow,reservoir
RO,h8006,0.6108890271717533,scr2007,stInflow,reservoir
RO,h8007,0.6108890271717533,scr2007,stInflow,reservoir
RO,h8008,0.6108890271717533,scr2007,stInflow,reservoir
RO,h8009,0.6108890271717533,scr2007,stInflow,reservoir
RO,h8010,0.6108890271717533,scr2007,stInflow,reservoir
RO,h8011,0.6108890271717533,scr2007,stInflow,reservoir
RO,h8012,0.6108890271717533,scr2007,stInflow,reservoir
RO,h8013,0.6108890271717533,scr2007,stInflow,reservoir
RO,h8014,0.6108890271717533,scr2007,stInflow,reservoir
RO,h8015,0.6108890271717533,scr2007,stInflow,reservoir
RO,h8016,0.6108890271717533,scr2007,stInflow,reservoir
RO,h8017,0.6108890271717533,scr2007,stInflow,reservoir
RO,h8018,0.6108890271717533,scr2007,stInflow,reservoir
RO,h8019,0.6108890271717533,scr2007,stInflow,reservoir
RO,h8020,0.6108890271717533,scr2007,stInflow,reservoir
RO,h8021,0.6108890271717533,scr2007,stInflow,reservoir
RO,h8022,0.6108890271717533,scr2007,stInflow,reservoir
RO,h8023,0.6108890271717533,scr2007,stInflow,reservoir
RO,h8024,0.6108890271717533,scr2007,stInflow,reservoir
RO,h8025,0.6108890271717533,scr2007,stInflow,reservoir
RO,h8026,0.6108890271717533,scr2007,stInflow,reservoir
RO,h8027,0.6108890271717533,scr2007,stInflow,reservoir
RO,h8028,0.6108890271717533,scr2007,stInflow,reservoir
RO,h8029,0.6108890271717533,scr2007,stInflow,reservoir
RO,h8030,0.6108890271717533,scr2007,stInflow,reservoir
RO,h8031,0.6108890271717533,scr2007,stInflow,reservoir
RO,h8032,0.6108890271717533,scr2007,stInflow,reservoir
RO,h8033,0.6108890271717533,scr2007,stInflow,reservoir
RO,h8034,0.6108890271717533,scr2007,stInflow,reservoir
RO,h8035,0.6108890271717533,scr2007,stInflow,reservoir
RO,h8036,0.6108890271717533,scr2007,stInflow,reservoir
RO,h8037,0.6108890271717533,scr2007,stInflow,reservoir
RO,h8038,0.6108890271717533,scr2007,stInflow,reservoir
RO,h8039,0.6108890271717533,scr2007,stInflow,reservoir
RO,h8040,0.6108890271717533,scr2007,stInflow,reservoir
SE,h7297,8.572372184925788,scr2007,stInflow,reservoir
SE,h7298,8.572372184925788,scr2007,stInflow,reservoir
SE,h7299,8.572372184925788,scr2007,stInflow,reservoir
SE,h7300,8.572372184925788,scr2007,stInflow,reservoir
SE,h7301,8.572372184925788,scr2007,stInflow,reservoir
SE,h7302,8.572372184925788,scr2007,stInflow,reservoir
SE,h7303,8.572372184925788,scr2007,stInflow,reservoir
SE,h7304,8.572372184925788,scr2007,stInflow,reservoir
SE,h7305,8.572372184925788,scr2007,stInflow,reservoir
SE,h7306,8.572372184925788,scr2007,stInflow,reservoir
SE,h7307,8.572372184925788,scr2007,stInflow,reservoir
SE,h7308,8.572372184925788,scr2007,stInflow,reservoir
SE,h7309,8.572372184925788,scr2007,stInflow,reservoir
SE,h7310,8.572372184925788,scr2007,stInflow,reservoir
SE,h7311,8.572372184925788,scr2007,stInflow,reservoir
SE,h7312,8.572372184925788,scr2007,stInflow,reservoir
SE,h7313,8.572372184925788,scr2007,stInflow,reservoir
SE,h7314,8.572372184925788,scr2007,stInflow,reservoir
SE,h7315,8.572372184925788,scr2007,stInflow,reservoir
SE,h7316,8.572372184925788,scr2007,stInflow,reservoir
SE,h7317,8.572372184925788,scr2007,stInflow,reservoir
SE,h7318,8.572372184925788,scr2007,stInflow,reservoir
SE,h7319,8.572372184925788,scr2007,stInflow,reservoir
SE,h7320,8.572372184925788,scr2007,stInflow,reservoir
SE,h7321,8.572372184925788,scr2007,stInflow,reservoir
SE,h7322,8.572372184925788,scr2007,stInflow,reservoir
SE,h7323,8.572372184925788,scr2007,stInflow,reservoir
SE,h7324,8.572372184925788,scr2007,stInflow,reservoir
SE,h7325,8.572372184925788,scr2007,stInflow,reservoir
SE,h7326,8.572372184925788,scr2007,stInflow,reservoir
SE,h7327,8.572372184925788,scr2007,stInflow,reservoir
SE,h7328,8.572372184925788,scr2007,stInflow,reservoir
SE,h7329,8.572372184925788,scr2007,stInflow,reservoir
SE,h7330,8.572372184925788,scr2007,stInflow,reservoir
SE,h7331,8.572372184925788,scr2007,stInflow,reservoir
SE,h7332,8.572372184925788,scr2007,stInflow,reservoir
SE,h7333,8.572372184925788,scr2007,stInflow,reservoir
SE,h7334,8.572372184925788,scr2007,stInflow,reservoir
SE,h7335,8.572372184925788,scr2007,stInflow,reservoir
SE,h7336,8.572372184925788,scr2007,stInflow,reservoir
SE,h7337,8.572372184925788,scr2007,stInflow,reservoir
SE,h7338,8.572372184925788,scr2007,stInflow,reservoir
SE,h7339,8.572372184925788,scr2007,stInflow,reservoir
SE,h7340,8.572372184925788,scr2007,stInflow,reservoir
SE,h7341,8.572372184925788,scr2007,stInflow,reservoir
SE,h7342,8.572372184925788,scr2007,stInflow,reservoir
SE,h7343,8.572372184925788,scr2007,stInflow,reservoir
SE,h7344,8.572372184925788,scr2007,stInflow,reservoir
SE,h7345,8.572372184925788,scr2007,stInflow,reservoir
SE,h7346,8.572372184925788,scr2007,stInflow,reservoir
SE,h7347,8.572372184925788,scr2007,stInflow,reservoir
SE,h7348,8.572372184925788,scr2007,stInflow,reservoir
SE,h7349,8.572372184925788,scr2007,stInflow,reservoir
SE,h7350,8.572372184925788,scr2007,stInflow,reservoir
SE,h7351,8.572372184925788,scr2007,stInflow,reservoir
SE,h7352,8.572372184925788,scr2007,stInflow,reservoir
SE,h7353,8.572372184925788,scr2007,stInflow,reservoir
SE,h7354,8.572372184925788,scr2007,stInflow,reservoir
SE,h7355,8.572372184925788,scr2007,stInflow,reservoir
SE,h7356,8.572372184925788,scr2007,stInflow,reservoir
SE,h7357,8.572372184925788,scr2007,stInflow,reservoir
SE,h7358,8.572372184925788,scr2007,stInflow,reservoir
SE,h7359,8.572372184925788,scr2007,stInflow,reservoir
SE,h7360,8.572372184925788,scr2007,stInflow,reservoir
SE,h7361,8.572372184925788,scr2007,stInflow,reservoir
SE,h7362,8.572372184925788,scr2007,stInflow,reservoir
SE,h7363,8.572372184925788,scr2007,stInflow,reservoir
SE,h7364,8.572372184925788,scr2007,stInflow,reservoir
SE,h7365,8.572372184925788,scr2007,stInflow,reservoir
SE,h7366,8.572372184925788,scr2007,stInflow,reservoir
SE,h7367,8.572372184925788,scr2007,stInflow,reservoir
SE,h7368,8.572372184925788,scr2007,stInflow,reservoir
SE,h7369,8.572372184925788,scr2007,stInflow,reservoir
SE,h7370,8.572372184925788,scr2007,stInflow,reservoir
SE,h7371,8.572372184925788,scr2007,stInflow,reservoir
SE,h7372,8.572372184925788,scr2007,stInflow,reservoir
SE,h7373,8.572372184925788,scr2007,stInflow,reservoir
SE,h7374,8.572372184925788,scr2007,stInflow,reservoir
SE,h7375,8.572372184925788,scr2007,stInflow,reservoir
SE,h7376,8.572372184925788,scr2007,stInflow,reservoir
SE,h7377,8.572372184925788,scr2007,stInflow,reservoir
SE,h7378,8.572372184925788,scr2007,stInflow,reservoir
SE,h7379,8.572372184925788,scr2007,stInflow,reservoir
SE,h7380,8.572372184925788,scr2007,stInflow,reservoir
SE,h7381,8.572372184925788,scr2007,stInflow,reservoir
SE,h7382,8.572372184925788,scr2007,stInflow,reservoir
SE,h7383,8.572372184925788,scr2007,stInflow,reservoir
SE,h7384,8.572372184925788,scr2007,stInflow,reservoir
SE,h7385,8.572372184925788,scr2007,stInflow,reservoir
SE,h7386,8.572372184925788,scr2007,stInflow,reservoir
SE,h7387,8.572372184925788,scr2007,stInflow,reservoir
SE,h7388,8.572372184925788,scr2007,stInflow,reservoir
SE,h7389,8.572372184925788,scr2007,stInflow,reservoir
SE,h7390,8.572372184925788,scr2007,stInflow,reservoir
SE,h7391,8.572372184925788,scr2007,stInflow,reservoir
SE,h7392,8.572372184925788,scr2007,stInflow,reservoir
SE,h7393,8.404064200139656,scr2007,stInflow,reservoir
SE,h7394,8.235756552442265,scr2007,stInflow,reservoir
SE,h7395,8.06744924872263,scr2007,stInflow,reservoir
SE,h7396,8.06744924872263,scr2007,stInflow,reservoir
SE,h7397,8.06744924872263,scr2007,stInflow,reservoir
SE,h7398,8.06744924872263,scr2007,stInflow,reservoir
SE,h7399,8.06744924872263,scr2007,stInflow,reservoir
SE,h7400,8.06744924872263,scr2007,stInflow,reservoir
SE,h7401,8.06744924872263,scr2007,stInflow,reservoir
SE,h7402,8.06744924872263,scr2007,stInflow,reservoir
SE,h7403,8.06744924872263,scr2007,stInflow,reservoir
SE,h7404,8.06744924872263,scr2007,stInflow,reservoir
SE,h7405,8.06744924872263,scr2007,stInflow,reservoir
SE,h7406,8.06744924872263,scr2007,stInflow,reservoir
SE,h7407,8.06744924872263,scr2007,stInflow,reservoir
SE,h7408,8.06744924872263,scr2007,stInflow,reservoir
SE,h7409,8.06744924872263,scr2007,stInflow,reservoir
SE,h7410,8.06744924872263,scr2007,stInflow,reservoir
SE,h7411,8.06744924872263,scr2007,stInflow,reservoir
SE,h7412,8.06744924872263,scr2007,stInflow,reservoir
SE,h7413,8.06744924872263,scr2007,stInflow,reservoir
SE,h7414,8.06744924872263,scr2007,stInflow,reservoir
SE,h7415,8.06744924872263,scr2007,stInflow,reservoir
SE,h7416,8.06744924872263,scr2007,stInflow,reservoir
SE,h7417,8.06744924872263,scr2007,stInflow,reservoir
SE,h7418,8.06744924872263,scr2007,stInflow,reservoir
SE,h7419,8.06744924872263,scr2007,stInflow,reservoir
SE,h7420,8.06744924872263,scr2007,stInflow,reservoir
SE,h7421,8.06744924872263,scr2007,stInflow,reservoir
SE,h7422,8.06744924872263,scr2007,stInflow,reservoir
SE,h7423,8.06744924872263,scr2007,stInflow,reservoir
SE,h7424,8.06744924872263,scr2007,stInflow,reservoir
SE,h7425,8.06744924872263,scr2007,stInflow,reservoir
SE,h7426,8.06744924872263,scr2007,stInflow,reservoir
SE,h7427,8.06744924872263,scr2007,stInflow,reservoir
SE,h7428,8.06744924872263,scr2007,stInflow,reservoir
SE,h7429,8.06744924872263,scr2007,stInflow,reservoir
SE,h7430,8.06744924872263,scr2007,stInflow,reservoir
SE,h7431,8.06744924872263,scr2007,stInflow,reservoir
SE,h7432,8.06744924872263,scr2007,stInflow,reservoir
SE,h7433,8.06744924872263,scr2007,stInflow,reservoir
SE,h7434,8.06744924872263,scr2007,stInflow,reservoir
SE,h7435,8.06744924872263,scr2007,stInflow,reservoir
SE,h7436,8.06744924872263,scr2007,stInflow,reservoir
SE,h7437,8.06744924872263,scr2007,stInflow,reservoir
SE,h7438,8.06744924872263,scr2007,stInflow,reservoir
SE,h7439,8.06744924872263,scr2007,stInflow,reservoir
SE,h7440,8.06744924872263,scr2007,stInflow,reservoir
SE,h7441,8.06744924872263,scr2007,stInflow,reservoir
SE,h7442,8.06744924872263,scr2007,stInflow,reservoir
SE,h7443,8.06744924872263,scr2007,stInflow,reservoir
SE,h7444,8.06744924872263,scr2007,stInflow,reservoir
SE,h7445,8.06744924872263,scr2007,stInflow,reservoir
SE,h7446,8.06744924872263,scr2007,stInflow,reservoir
SE,h7447,8.06744924872263,scr2007,stInflow,reservoir
SE,h7448,8.06744924872263,scr2007,stInflow,reservoir
SE,h7449,8.06744924872263,scr2007,stInflow,reservoir
SE,h7450,8.06744924872263,scr2007,stInflow,reservoir
SE,h7451,8.06744924872263,scr2007,stInflow,reservoir
SE,h7452,8.06744924872263,scr2007,stInflow,reservoir
SE,h7453,8.06744924872263,scr2007,stInflow,reservoir
SE,h7454,8.06744924872263,scr2007,stInflow,reservoir
SE,h7455,8.06744924872263,scr2007,stInflow,reservoir
SE,h7456,8.06744924872263,scr2007,stInflow,reservoir
SE,h7457,8.06744924872263,scr2007,stInflow,reservoir
SE,h7458,8.06744924872263,scr2007,stInflow,reservoir
SE,h7459,8.06744924872263,scr2007,stInflow,reservoir
SE,h7460,8.06744924872263,scr2007,stInflow,reservoir
SE,h7461,8.06744924872263,scr2007,stInflow,reservoir
SE,h7462,8.06744924872263,scr2007,stInflow,reservoir
SE,h7463,8.06744924872263,scr2007,stInflow,reservoir
SE,h7464,8.06744924872263,scr2007,stInflow,reservoir
SE,h7465,8.06744924872263,scr2007,stInflow,reservoir
SE,h7466,8.06744924872263,scr2007,stInflow,reservoir
SE,h7467,8.06744924872263,scr2007,stInflow,reservoir
SE,h7468,8.06744924872263,scr2007,stInflow,reservoir
SE,h7469,8.06744924872263,scr2007,stInflow,reservoir
SE,h7470,8.06744924872263,scr2007,stInflow,reservoir
SE,h7471,8.06744924872263,scr2007,stInflow,reservoir
SE,h7472,8.06744924872263,scr2007,stInflow,reservoir
SE,h7473,8.06744924872263,scr2007,stInflow,reservoir
SE,h7474,8.06744924872263,scr2007,stInflow,reservoir
SE,h7475,8.06744924872263,scr2007,stInflow,reservoir
SE,h7476,8.06744924872263,scr2007,stInflow,reservoir
SE,h7477,8.06744924872263,scr2007,stInflow,reservoir
SE,h7478,8.06744924872263,scr2007,stInflow,reservoir
SE,h7479,8.06744924872263,scr2007,stInflow,reservoir
SE,h7480,8.06744924872263,scr2007,stInflow,reservoir
SE,h7481,8.06744924872263,scr2007,stInflow,reservoir
SE,h7482,8.06744924872263,scr2007,stInflow,reservoir
SE,h7483,8.06744924872263,scr2007,stInflow,reservoir
SE,h7484,8.06744924872263,scr2007,stInflow,reservoir
SE,h7485,8.06744924872263,scr2007,stInflow,reservoir
SE,h7486,8.06744924872263,scr2007,stInflow,reservoir
SE,h7487,8.06744924872263,scr2007,stInflow,reservoir
SE,h7488,8.06744924872263,scr2007,stInflow,reservoir
SE,h7489,8.06744924872263,scr2007,stInflow,reservoir
SE,h7490,8.06744924872263,scr2007,stInflow,reservoir
SE,h7491,8.06744924872263,scr2007,stInflow,reservoir
SE,h7492,8.06744924872263,scr2007,stInflow,reservoir
SE,h7493,8.06744924872263,scr2007,stInflow,reservoir
SE,h7494,8.06744924872263,scr2007,stInflow,reservoir
SE,h7495,8.06744924872263,scr2007,stInflow,reservoir
SE,h7496,8.06744924872263,scr2007,stInflow,reservoir
SE,h7497,8.06744924872263,scr2007,stInflow,reservoir
SE,h7498,8.06744924872263,scr2007,stInflow,reservoir
SE,h7499,8.06744924872263,scr2007,stInflow,reservoir
SE,h7500,8.06744924872263,scr2007,stInflow,reservoir
SE,h7501,8.06744924872263,scr2007,stInflow,reservoir
SE,h7502,8.06744924872263,scr2007,stInflow,reservoir
SE,h7503,8.06744924872263,scr2007,stInflow,reservoir
SE,h7504,8.06744924872263,scr2007,stInflow,reservoir
SE,h7505,8.06744924872263,scr2007,stInflow,reservoir
SE,h7506,8.06744924872263,scr2007,stInflow,reservoir
SE,h7507,8.06744924872263,scr2007,stInflow,reservoir
SE,h7508,8.06744924872263,scr2007,stInflow,reservoir
SE,h7509,8.06744924872263,scr2007,stInflow,reservoir
SE,h7510,8.06744924872263,scr2007,stInflow,reservoir
SE,h7511,8.06744924872263,scr2007,stInflow,reservoir
SE,h7512,8.06744924872263,scr2007,stInflow,reservoir
SE,h7513,8.06744924872263,scr2007,stInflow,reservoir
SE,h7514,8.06744924872263,scr2007,stInflow,reservoir
SE,h7515,8.06744924872263,scr2007,stInflow,reservoir
SE,h7516,8.06744924872263,scr2007,stInflow,reservoir
SE,h7517,8.06744924872263,scr2007,stInflow,reservoir
SE,h7518,8.06744924872263,scr2007,stInflow,reservoir
SE,h7519,8.06744924872263,scr2007,stInflow,reservoir
SE,h7520,8.06744924872263,scr2007,stInflow,reservoir
SE,h7521,8.06744924872263,scr2007,stInflow,reservoir
SE,h7522,8.06744924872263,scr2007,stInflow,reservoir
SE,h7523,8.06744924872263,scr2007,stInflow,reservoir
SE,h7524,8.06744924872263,scr2007,stInflow,reservoir
SE,h7525,8.06744924872263,scr2007,stInflow,reservoir
SE,h7526,8.06744924872263,scr2007,stInflow,reservoir
SE,h7527,8.06744924872263,scr2007,stInflow,reservoir
SE,h7528,8.06744924872263,scr2007,stInflow,reservoir
SE,h7529,8.06744924872263,scr2007,stInflow,reservoir
SE,h7530,8.06744924872263,scr2007,stInflow,reservoir
SE,h7531,8.06744924872263,scr2007,stInflow,reservoir
SE,h7532,8.06744924872263,scr2007,stInflow,reservoir
SE,h7533,8.06744924872263,scr2007,stInflow,reservoir
SE,h7534,8.06744924872263,scr2007,stInflow,reservoir
SE,h7535,8.06744924872263,scr2007,stInflow,reservoir
SE,h7536,8.06744924872263,scr2007,stInflow,reservoir
SE,h7537,8.06744924872263,scr2007,stInflow,reservoir
SE,h7538,8.06744924872263,scr2007,stInflow,reservoir
SE,h7539,8.06744924872263,scr2007,stInflow,reservoir
SE,h7540,8.06744924872263,scr2007,stInflow,reservoir
SE,h7541,8.06744924872263,scr2007,stInflow,reservoir
SE,h7542,8.06744924872263,scr2007,stInflow,reservoir
SE,h7543,8.06744924872263,scr2007,stInflow,reservoir
SE,h7544,8.06744924872263,scr2007,stInflow,reservoir
SE,h7545,8.06744924872263,scr2007,stInflow,reservoir
SE,h7546,8.06744924872263,scr2007,stInflow,reservoir
SE,h7547,8.06744924872263,scr2007,stInflow,reservoir
SE,h7548,8.06744924872263,scr2007,stInflow,reservoir
SE,h7549,8.06744924872263,scr2007,stInflow,reservoir
SE,h7550,8.06744924872263,scr2007,stInflow,reservoir
SE,h7551,8.06744924872263,scr2007,stInflow,reservoir
SE,h7552,8.06744924872263,scr2007,stInflow,reservoir
SE,h7553,8.06744924872263,scr2007,stInflow,reservoir
SE,h7554,8.06744924872263,scr2007,stInflow,reservoir
SE,h7555,8.06744924872263,scr2007,stInflow,reservoir
SE,h7556,8.06744924872263,scr2007,stInflow,reservoir
SE,h7557,8.06744924872263,scr2007,stInflow,reservoir
SE,h7558,8.06744924872263,scr2007,stInflow,reservoir
SE,h7559,8.06744924872263,scr2007,stInflow,reservoir
SE,h7560,8.06744924872263,scr2007,stInflow,reservoir
SE,h7561,8.034229872242173,scr2007,stInflow,reservoir
SE,h7562,8.001010509496998,scr2007,stInflow,reservoir
SE,h7563,7.967791160544127,scr2007,stInflow,reservoir
SE,h7564,7.967791160544127,scr2007,stInflow,reservoir
SE,h7565,7.967791160544127,scr2007,stInflow,reservoir
SE,h7566,7.967791160544127,scr2007,stInflow,reservoir
SE,h7567,7.967791160544127,scr2007,stInflow,reservoir
SE,h7568,7.967791160544127,scr2007,stInflow,reservoir
SE,h7569,7.967791160544127,scr2007,stInflow,reservoir
SE,h7570,7.967791160544127,scr2007,stInflow,reservoir
SE,h7571,7.967791160544127,scr2007,stInflow,reservoir
SE,h7572,7.967791160544127,scr2007,stInflow,reservoir
SE,h7573,7.967791160544127,scr2007,stInflow,reservoir
SE,h7574,7.967791160544127,scr2007,stInflow,reservoir
SE,h7575,7.967791160544127,scr2007,stInflow,reservoir
SE,h7576,7.967791160544127,scr2007,stInflow,reservoir
SE,h7577,7.967791160544127,scr2007,stInflow,reservoir
SE,h7578,7.967791160544127,scr2007,stInflow,reservoir
SE,h7579,7.967791160544127,scr2007,stInflow,reservoir
SE,h7580,7.967791160544127,scr2007,stInflow,reservoir
SE,h7581,7.967791160544127,scr2007,stInflow,reservoir
SE,h7582,7.967791160544127,scr2007,stInflow,reservoir
SE,h7583,7.967791160544127,scr2007,stInflow,reservoir
SE,h7584,7.967791160544127,scr2007,stInflow,reservoir
SE,h7585,7.967791160544127,scr2007,stInflow,reservoir
SE,h7586,7.967791160544127,scr2007,stInflow,reservoir
SE,h7587,7.967791160544127,scr2007,stInflow,reservoir
SE,h7588,7.967791160544127,scr2007,stInflow,reservoir
SE,h7589,7.967791160544127,scr2007,stInflow,reservoir
SE,h7590,7.967791160544127,scr2007,stInflow,reservoir
SE,h7591,7.967791160544127,scr2007,stInflow,reservoir
SE,h7592,7.967791160544127,scr2007,stInflow,reservoir
SE,h7593,7.967791160544127,scr2007,stInflow,reservoir
SE,h7594,7.967791160544127,scr2007,stInflow,reservoir
SE,h7595,7.967791160544127,scr2007,stInflow,reservoir
SE,h7596,7.967791160544127,scr2007,stInflow,reservoir
SE,h7597,7.967791160544127,scr2007,stInflow,reservoir
SE,h7598,7.967791160544127,scr2007,stInflow,reservoir
SE,h7599,7.967791160544127,scr2007,stInflow,reservoir
SE,h7600,7.967791160544127,scr2007,stInflow,reservoir
SE,h7601,7.967791160544127,scr2007,stInflow,reservoir
SE,h7602,7.967791160544127,scr2007,stInflow,reservoir
SE,h7603,7.967791160544127,scr2007,stInflow,reservoir
SE,h7604,7.967791160544127,scr2007,stInflow,reservoir
SE,h7605,7.967791160544127,scr2007,stInflow,reservoir
SE,h7606,7.967791160544127,scr2007,stInflow,reservoir
SE,h7607,7.967791160544127,scr2007,stInflow,reservoir
SE,h7608,7.967791160544127,scr2007,stInflow,reservoir
SE,h7609,7.967791160544127,scr2007,stInflow,reservoir
SE,h7610,7.967791160544127,scr2007,stInflow,reservoir
SE,h7611,7.967791160544127,scr2007,stInflow,reservoir
SE,h7612,7.967791160544127,scr2007,stInflow,reservoir
SE,h7613,7.967791160544127,scr2007,stInflow,reservoir
SE,h7614,7.967791160544127,scr2007,stInflow,reservoir
SE,h7615,7.967791160544127,scr2007,stInflow,reservoir
SE,h7616,7.967791160544127,scr2007,stInflow,reservoir
SE,h7617,7.967791160544127,scr2007,stInflow,reservoir
SE,h7618,7.967791160544127,scr2007,stInflow,reservoir
SE,h7619,7.967791160544127,scr2007,stInflow,reservoir
SE,h7620,7.967791160544127,scr2007,stInflow,reservoir
SE,h7621,7.967791160544127,scr2007,stInflow,reservoir
SE,h7622,7.967791160544127,scr2007,stInflow,reservoir
SE,h7623,7.967791160544127,scr2007,stInflow,reservoir
SE,h7624,7.967791160544127,scr2007,stInflow,reservoir
SE,h7625,7.967791160544127,scr2007,stInflow,reservoir
SE,h7626,7.967791160544127,scr2007,stInflow,reservoir
SE,h7627,7.967791160544127,scr2007,stInflow,reservoir
SE,h7628,7.967791160544127,scr2007,stInflow,reservoir
SE,h7629,7.967791160544127,scr2007,stInflow,reservoir
SE,h7630,7.967791160544127,scr2007,stInflow,reservoir
SE,h7631,7.967791160544127,scr2007,stInflow,reservoir
SE,h7632,7.967791160544127,scr2007,stInflow,reservoir
SE,h7633,7.967791160544127,scr2007,stInflow,reservoir
SE,h7634,7.967791160544127,scr2007,stInflow,reservoir
SE,h7635,7.967791160544127,scr2007,stInflow,reservoir
SE,h7636,7.967791160544127,scr2007,stInflow,reservoir
SE,h7637,7.967791160544127,scr2007,stInflow,reservoir
SE,h7638,7.967791160544127,scr2007,stInflow,reservoir
SE,h7639,7.967791160544127,scr2007,stInflow,reservoir
SE,h7640,7.967791160544127,scr2007,stInflow,reservoir
SE,h7641,7.967791160544127,scr2007,stInflow,reservoir
SE,h7642,7.967791160544127,scr2007,stInflow,reservoir
SE,h7643,7.967791160544127,scr2007,stInflow,reservoir
SE,h7644,7.967791160544127,scr2007,stInflow,reservoir
SE,h7645,7.967791160544127,scr2007,stInflow,reservoir
SE,h7646,7.967791160544127,scr2007,stInflow,reservoir
SE,h7647,7.967791160544127,scr2007,stInflow,reservoir
SE,h7648,7.967791160544127,scr2007,stInflow,reservoir
SE,h7649,7.967791160544127,scr2007,stInflow,reservoir
SE,h7650,7.967791160544127,scr2007,stInflow,reservoir
SE,h7651,7.967791160544127,scr2007,stInflow,reservoir
SE,h7652,7.967791160544127,scr2007,stInflow,reservoir
SE,h7653,7.967791160544127,scr2007,stInflow,reservoir
SE,h7654,7.967791160544127,scr2007,stInflow,reservoir
SE,h7655,7.967791160544127,scr2007,stInflow,reservoir
SE,h7656,7.967791160544127,scr2007,stInflow,reservoir
SE,h7657,7.967791160544127,scr2007,stInflow,reservoir
SE,h7658,7.967791160544127,scr2007,stInflow,reservoir
SE,h7659,7.967791160544127,scr2007,stInflow,reservoir
SE,h7660,7.967791160544127,scr2007,stInflow,reservoir
SE,h7661,7.967791160544127,scr2007,stInflow,reservoir
SE,h7662,7.967791160544127,scr2007,stInflow,reservoir
SE,h7663,7.967791160544127,scr2007,stInflow,reservoir
SE,h7664,7.967791160544127,scr2007,stInflow,reservoir
SE,h7665,7.967791160544127,scr2007,stInflow,reservoir
SE,h7666,7.967791160544127,scr2007,stInflow,reservoir
SE,h7667,7.967791160544127,scr2007,stInflow,reservoir
SE,h7668,7.967791160544127,scr2007,stInflow,reservoir
SE,h7669,7.967791160544127,scr2007,stInflow,reservoir
SE,h7670,7.967791160544127,scr2007,stInflow,reservoir
SE,h7671,7.967791160544127,scr2007,stInflow,reservoir
SE,h7672,7.967791160544127,scr2007,stInflow,reservoir
SE,h7673,7.967791160544127,scr2007,stInflow,reservoir
SE,h7674,7.967791160544127,scr2007,stInflow,reservoir
SE,h7675,7.967791160544127,scr2007,stInflow,reservoir
SE,h7676,7.967791160544127,scr2007,stInflow,reservoir
SE,h7677,7.967791160544127,scr2007,stInflow,reservoir
SE,h7678,7.967791160544127,scr2007,stInflow,reservoir
SE,h7679,7.967791160544127,scr2007,stInflow,reservoir
SE,h7680,7.967791160544127,scr2007,stInflow,reservoir
SE,h7681,7.967791160544127,scr2007,stInflow,reservoir
SE,h7682,7.967791160544127,scr2007,stInflow,reservoir
SE,h7683,7.967791160544127,scr2007,stInflow,reservoir
SE,h7684,7.967791160544127,scr2007,stInflow,reservoir
SE,h7685,7.967791160544127,scr2007,stInflow,reservoir
SE,h7686,7.967791160544127,scr2007,stInflow,reservoir
SE,h7687,7.967791160544127,scr2007,stInflow,reservoir
SE,h7688,7.967791160544127,scr2007,stInflow,reservoir
SE,h7689,7.967791160544127,scr2007,stInflow,reservoir
SE,h7690,7.967791160544127,scr2007,stInflow,reservoir
SE,h7691,7.967791160544127,scr2007,stInflow,reservoir
SE,h7692,7.967791160544127,scr2007,stInflow,reservoir
SE,h7693,7.967791160544127,scr2007,stInflow,reservoir
SE,h7694,7.967791160544127,scr2007,stInflow,reservoir
SE,h7695,7.967791160544127,scr2007,stInflow,reservoir
SE,h7696,7.967791160544127,scr2007,stInflow,reservoir
SE,h7697,7.967791160544127,scr2007,stInflow,reservoir
SE,h7698,7.967791160544127,scr2007,stInflow,reservoir
SE,h7699,7.967791160544127,scr2007,stInflow,reservoir
SE,h7700,7.967791160544127,scr2007,stInflow,reservoir
SE,h7701,7.967791160544127,scr2007,stInflow,reservoir
SE,h7702,7.967791160544127,scr2007,stInflow,reservoir
SE,h7703,7.967791160544127,scr2007,stInflow,reservoir
SE,h7704,7.967791160544127,scr2007,stInflow,reservoir
SE,h7705,7.967791160544127,scr2007,stInflow,reservoir
SE,h7706,7.967791160544127,scr2007,stInflow,reservoir
SE,h7707,7.967791160544127,scr2007,stInflow,reservoir
SE,h7708,7.967791160544127,scr2007,stInflow,reservoir
SE,h7709,7.967791160544127,scr2007,stInflow,reservoir
SE,h7710,7.967791160544127,scr2007,stInflow,reservoir
SE,h7711,7.967791160544127,scr2007,stInflow,reservoir
SE,h7712,7.967791160544127,scr2007,stInflow,reservoir
SE,h7713,7.967791160544127,scr2007,stInflow,reservoir
SE,h7714,7.967791160544127,scr2007,stInflow,reservoir
SE,h7715,7.967791160544127,scr2007,stInflow,reservoir
SE,h7716,7.967791160544127,scr2007,stInflow,reservoir
SE,h7717,7.967791160544127,scr2007,stInflow,reservoir
SE,h7718,7.967791160544127,scr2007,stInflow,reservoir
SE,h7719,7.967791160544127,scr2007,stInflow,reservoir
SE,h7720,7.967791160544127,scr2007,stInflow,reservoir
SE,h7721,7.967791160544127,scr2007,stInflow,reservoir
SE,h7722,7.967791160544127,scr2007,stInflow,reservoir
SE,h7723,7.967791160544127,scr2007,stInflow,reservoir
SE,h7724,7.967791160544127,scr2007,stInflow,reservoir
SE,h7725,7.967791160544127,scr2007,stInflow,reservoir
SE,h7726,7.967791160544127,scr2007,stInflow,reservoir
SE,h7727,7.967791160544127,scr2007,stInflow,reservoir
SE,h7728,7.967791160544127,scr2007,stInflow,reservoir
SE,h7729,7.948252441681134,scr2007,stInflow,reservoir
SE,h7730,7.928713727621211,scr2007,stInflow,reservoir
SE,h7731,7.909175018376198,scr2007,stInflow,reservoir
SE,h7732,7.909175018376198,scr2007,stInflow,reservoir
SE,h7733,7.909175018376198,scr2007,stInflow,reservoir
SE,h7734,7.909175018376198,scr2007,stInflow,reservoir
SE,h7735,7.909175018376198,scr2007,stInflow,reservoir
SE,h7736,7.909175018376198,scr2007,stInflow,reservoir
SE,h7737,7.909175018376198,scr2007,stInflow,reservoir
SE,h7738,7.909175018376198,scr2007,stInflow,reservoir
SE,h7739,7.909175018376198,scr2007,stInflow,reservoir
SE,h7740,7.909175018376198,scr2007,stInflow,reservoir
SE,h7741,7.909175018376198,scr2007,stInflow,reservoir
SE,h7742,7.909175018376198,scr2007,stInflow,reservoir
SE,h7743,7.909175018376198,scr2007,stInflow,reservoir
SE,h7744,7.909175018376198,scr2007,stInflow,reservoir
SE,h7745,7.909175018376198,scr2007,stInflow,reservoir
SE,h7746,7.909175018376198,scr2007,stInflow,reservoir
SE,h7747,7.909175018376198,scr2007,stInflow,reservoir
SE,h7748,7.909175018376198,scr2007,stInflow,reservoir
SE,h7749,7.909175018376198,scr2007,stInflow,reservoir
SE,h7750,7.909175018376198,scr2007,stInflow,reservoir
SE,h7751,7.909175018376198,scr2007,stInflow,reservoir
SE,h7752,7.909175018376198,scr2007,stInflow,reservoir
SE,h7753,7.909175018376198,scr2007,stInflow,reservoir
SE,h7754,7.909175018376198,scr2007,stInflow,reservoir
SE,h7755,7.909175018376198,scr2007,stInflow,reservoir
SE,h7756,7.909175018376198,scr2007,stInflow,reservoir
SE,h7757,7.909175018376198,scr2007,stInflow,reservoir
SE,h7758,7.909175018376198,scr2007,stInflow,reservoir
SE,h7759,7.909175018376198,scr2007,stInflow,reservoir
SE,h7760,7.909175018376198,scr2007,stInflow,reservoir
SE,h7761,7.909175018376198,scr2007,stInflow,reservoir
SE,h7762,7.909175018376198,scr2007,stInflow,reservoir
SE,h7763,7.909175018376198,scr2007,stInflow,reservoir
SE,h7764,7.909175018376198,scr2007,stInflow,reservoir
SE,h7765,7.909175018376198,scr2007,stInflow,reservoir
SE,h7766,7.909175018376198,scr2007,stInflow,reservoir
SE,h7767,7.909175018376198,scr2007,stInflow,reservoir
SE,h7768,7.909175018376198,scr2007,stInflow,reservoir
SE,h7769,7.909175018376198,scr2007,stInflow,reservoir
SE,h7770,7.909175018376198,scr2007,stInflow,reservoir
SE,h7771,7.909175018376198,scr2007,stInflow,reservoir
SE,h7772,7.909175018376198,scr2007,stInflow,reservoir
SE,h7773,7.909175018376198,scr2007,stInflow,reservoir
SE,h7774,7.909175018376198,scr2007,stInflow,reservoir
SE,h7775,7.909175018376198,scr2007,stInflow,reservoir
SE,h7776,7.909175018376198,scr2007,stInflow,reservoir
SE,h7777,7.909175018376198,scr2007,stInflow,reservoir
SE,h7778,7.909175018376198,scr2007,stInflow,reservoir
SE,h7779,7.909175018376198,scr2007,stInflow,reservoir
SE,h7780,7.909175018376198,scr2007,stInflow,reservoir
SE,h7781,7.909175018376198,scr2007,stInflow,reservoir
SE,h7782,7.909175018376198,scr2007,stInflow,reservoir
SE,h7783,7.909175018376198,scr2007,stInflow,reservoir
SE,h7784,7.909175018376198,scr2007,stInflow,reservoir
SE,h7785,7.909175018376198,scr2007,stInflow,reservoir
SE,h7786,7.909175018376198,scr2007,stInflow,reservoir
SE,h7787,7.909175018376198,scr2007,stInflow,reservoir
SE,h7788,7.909175018376198,scr2007,stInflow,reservoir
SE,h7789,7.909175018376198,scr2007,stInflow,reservoir
SE,h7790,7.909175018376198,scr2007,stInflow,reservoir
SE,h7791,7.909175018376198,scr2007,stInflow,reservoir
SE,h7792,7.909175018376198,scr2007,stInflow,reservoir
SE,h7793,7.909175018376198,scr2007,stInflow,reservoir
SE,h7794,7.909175018376198,scr2007,stInflow,reservoir
SE,h7795,7.909175018376198,scr2007,stInflow,reservoir
SE,h7796,7.909175018376198,scr2007,stInflow,reservoir
SE,h7797,7.909175018376198,scr2007,stInflow,reservoir
SE,h7798,7.909175018376198,scr2007,stInflow,reservoir
SE,h7799,7.909175018376198,scr2007,stInflow,reservoir
SE,h7800,7.909175018376198,scr2007,stInflow,reservoir
SE,h7801,7.909175018376198,scr2007,stInflow,reservoir
SE,h7802,7.909175018376198,scr2007,stInflow,reservoir
SE,h7803,7.909175018376198,scr2007,stInflow,reservoir
SE,h7804,7.909175018376198,scr2007,stInflow,reservoir
SE,h7805,7.909175018376198,scr2007,stInflow,reservoir
SE,h7806,7.909175018376198,scr2007,stInflow,reservoir
SE,h7807,7.909175018376198,scr2007,stInflow,reservoir
SE,h7808,7.909175018376198,scr2007,stInflow,reservoir
SE,h7809,7.909175018376198,scr2007,stInflow,reservoir
SE,h7810,7.909175018376198,scr2007,stInflow,reservoir
SE,h7811,7.909175018376198,scr2007,stInflow,reservoir
SE,h7812,7.909175018376198,scr2007,stInflow,reservoir
SE,h7813,7.909175018376198,scr2007,stInflow,reservoir
SE,h7814,7.909175018376198,scr2007,stInflow,reservoir
SE,h7815,7.909175018376198,scr2007,stInflow,reservoir
SE,h7816,7.909175018376198,scr2007,stInflow,reservoir
SE,h7817,7.909175018376198,scr2007,stInflow,reservoir
SE,h7818,7.909175018376198,scr2007,stInflow,reservoir
SE,h7819,7.909175018376198,scr2007,stInflow,reservoir
SE,h7820,7.909175018376198,scr2007,stInflow,reservoir
SE,h7821,7.909175018376198,scr2007,stInflow,reservoir
SE,h7822,7.909175018376198,scr2007,stInflow,reservoir
SE,h7823,7.909175018376198,scr2007,stInflow,reservoir
SE,h7824,7.909175018376198,scr2007,stInflow,reservoir
SE,h7825,7.909175018376198,scr2007,stInflow,reservoir
SE,h7826,7.909175018376198,scr2007,stInflow,reservoir
SE,h7827,7.909175018376198,scr2007,stInflow,reservoir
SE,h7828,7.909175018376198,scr2007,stInflow,reservoir
SE,h7829,7.909175018376198,scr2007,stInflow,reservoir
SE,h7830,7.909175018376198,scr2007,stInflow,reservoir
SE,h7831,7.909175018376198,scr2007,stInflow,reservoir
SE,h7832,7.909175018376198,scr2007,stInflow,reservoir
SE,h7833,7.909175018376198,scr2007,stInflow,reservoir
SE,h7834,7.909175018376198,scr2007,stInflow,reservoir
SE,h7835,7.909175018376198,scr2007,stInflow,reservoir
SE,h7836,7.909175018376198,scr2007,stInflow,reservoir
SE,h7837,7.909175018376198,scr2007,stInflow,reservoir
SE,h7838,7.909175018376198,scr2007,stInflow,reservoir
SE,h7839,7.909175018376198,scr2007,stInflow,reservoir
SE,h7840,7.909175018376198,scr2007,stInflow,reservoir
SE,h7841,7.909175018376198,scr2007,stInflow,reservoir
SE,h7842,7.909175018376198,scr2007,stInflow,reservoir
SE,h7843,7.909175018376198,scr2007,stInflow,reservoir
SE,h7844,7.909175018376198,scr2007,stInflow,reservoir
SE,h7845,7.909175018376198,scr2007,stInflow,reservoir
SE,h7846,7.909175018376198,scr2007,stInflow,reservoir
SE,h7847,7.909175018376198,scr2007,stInflow,reservoir
SE,h7848,7.909175018376198,scr2007,stInflow,reservoir
SE,h7849,7.909175018376198,scr2007,stInflow,reservoir
SE,h7850,7.909175018376198,scr2007,stInflow,reservoir
SE,h7851,7.909175018376198,scr2007,stInflow,reservoir
SE,h7852,7.909175018376198,scr2007,stInflow,reservoir
SE,h7853,7.909175018376198,scr2007,stInflow,reservoir
SE,h7854,7.909175018376198,scr2007,stInflow,reservoir
SE,h7855,7.909175018376198,scr2007,stInflow,reservoir
SE,h7856,7.909175018376198,scr2007,stInflow,reservoir
SE,h7857,7.909175018376198,scr2007,stInflow,reservoir
SE,h7858,7.909175018376198,scr2007,stInflow,reservoir
SE,h7859,7.909175018376198,scr2007,stInflow,reservoir
SE,h7860,7.909175018376198,scr2007,stInflow,reservoir
SE,h7861,7.909175018376198,scr2007,stInflow,reservoir
SE,h7862,7.909175018376198,scr2007,stInflow,reservoir
SE,h7863,7.909175018376198,scr2007,stInflow,reservoir
SE,h7864,7.909175018376198,scr2007,stInflow,reservoir
SE,h7865,7.909175018376198,scr2007,stInflow,reservoir
SE,h7866,7.909175018376198,scr2007,stInflow,reservoir
SE,h7867,7.909175018376198,scr2007,stInflow,reservoir
SE,h7868,7.909175018376198,scr2007,stInflow,reservoir
SE,h7869,7.909175018376198,scr2007,stInflow,reservoir
SE,h7870,7.909175018376198,scr2007,stInflow,reservoir
SE,h7871,7.909175018376198,scr2007,stInflow,reservoir
SE,h7872,7.909175018376198,scr2007,stInflow,reservoir
SE,h7873,7.909175018376198,scr2007,stInflow,reservoir
SE,h7874,7.909175018376198,scr2007,stInflow,reservoir
SE,h7875,7.909175018376198,scr2007,stInflow,reservoir
SE,h7876,7.909175018376198,scr2007,stInflow,reservoir
SE,h7877,7.909175018376198,scr2007,stInflow,reservoir
SE,h7878,7.909175018376198,scr2007,stInflow,reservoir
SE,h7879,7.909175018376198,scr2007,stInflow,reservoir
SE,h7880,7.909175018376198,scr2007,stInflow,reservoir
SE,h7881,7.909175018376198,scr2007,stInflow,reservoir
SE,h7882,7.909175018376198,scr2007,stInflow,reservoir
SE,h7883,7.909175018376198,scr2007,stInflow,reservoir
SE,h7884,7.909175018376198,scr2007,stInflow,reservoir
SE,h7885,7.909175018376198,scr2007,stInflow,reservoir
SE,h7886,7.909175018376198,scr2007,stInflow,reservoir
SE,h7887,7.909175018376198,scr2007,stInflow,reservoir
SE,h7888,7.909175018376198,scr2007,stInflow,reservoir
SE,h7889,7.909175018376198,scr2007,stInflow,reservoir
SE,h7890,7.909175018376198,scr2007,stInflow,reservoir
SE,h7891,7.909175018376198,scr2007,stInflow,reservoir
SE,h7892,7.909175018376198,scr2007,stInflow,reservoir
SE,h7893,7.909175018376198,scr2007,stInflow,reservoir
SE,h7894,7.909175018376198,scr2007,stInflow,reservoir
SE,h7895,7.909175018376198,scr2007,stInflow,reservoir
SE,h7896,7.909175018376198,scr2007,stInflow,reservoir
SE,h7897,7.594955124987919,scr2007,stInflow,reservoir
SE,h7898,7.280736531962377,scr2007,stInflow,reservoir
SE,h7899,6.966519295448586,scr2007,stInflow,reservoir
SE,h7900,6.966519295448586,scr2007,stInflow,reservoir
SE,h7901,6.966519295448586,scr2007,stInflow,reservoir
SE,h7902,6.966519295448586,scr2007,stInflow,reservoir
SE,h7903,6.966519295448586,scr2007,stInflow,reservoir
SE,h7904,6.966519295448586,scr2007,stInflow,reservoir
SE,h7905,6.966519295448586,scr2007,stInflow,reservoir
SE,h7906,6.966519295448586,scr2007,stInflow,reservoir
SE,h7907,6.966519295448586,scr2007,stInflow,reservoir
SE,h7908,6.966519295448586,scr2007,stInflow,reservoir
SE,h7909,6.966519295448586,scr2007,stInflow,reservoir
SE,h7910,6.966519295448586,scr2007,stInflow,reservoir
SE,h7911,6.966519295448586,scr2007,stInflow,reservoir
SE,h7912,6.966519295448586,scr2007,stInflow,reservoir
SE,h7913,6.966519295448586,scr2007,stInflow,reservoir
SE,h7914,6.966519295448586,scr2007,stInflow,reservoir
SE,h7915,6.966519295448586,scr2007,stInflow,reservoir
SE,h7916,6.966519295448586,scr2007,stInflow,reservoir
SE,h7917,6.966519295448586,scr2007,stInflow,reservoir
SE,h7918,6.966519295448586,scr2007,stInflow,reservoir
SE,h7919,6.966519295448586,scr2007,stInflow,reservoir
SE,h7920,6.966519295448586,scr2007,stInflow,reservoir
SE,h7921,6.966519295448586,scr2007,stInflow,reservoir
SE,h7922,6.966519295448586,scr2007,stInflow,reservoir
SE,h7923,6.966519295448586,scr2007,stInflow,reservoir
SE,h7924,6.966519295448586,scr2007,stInflow,reservoir
SE,h7925,6.966519295448586,scr2007,stInflow,reservoir
SE,h7926,6.966519295448586,scr2007,stInflow,reservoir
SE,h7927,6.966519295448586,scr2007,stInflow,reservoir
SE,h7928,6.966519295448586,scr2007,stInflow,reservoir
SE,h7929,6.966519295448586,scr2007,stInflow,reservoir
SE,h7930,6.966519295448586,scr2007,stInflow,reservoir
SE,h7931,6.966519295448586,scr2007,stInflow,reservoir
SE,h7932,6.966519295448586,scr2007,stInflow,reservoir
SE,h7933,6.966519295448586,scr2007,stInflow,reservoir
SE,h7934,6.966519295448586,scr2007,stInflow,reservoir
SE,h7935,6.966519295448586,scr2007,stInflow,reservoir
SE,h7936,6.966519295448586,scr2007,stInflow,reservoir
SE,h7937,6.966519295448586,scr2007,stInflow,reservoir
SE,h7938,6.966519295448586,scr2007,stInflow,reservoir
SE,h7939,6.966519295448586,scr2007,stInflow,reservoir
SE,h7940,6.966519295448586,scr2007,stInflow,reservoir
SE,h7941,6.966519295448586,scr2007,stInflow,reservoir
SE,h7942,6.966519295448586,scr2007,stInflow,reservoir
SE,h7943,6.966519295448586,scr2007,stInflow,reservoir
SE,h7944,6.966519295448586,scr2007,stInflow,reservoir
SE,h7945,6.966519295448586,scr2007,stInflow,reservoir
SE,h7946,6.966519295448586,scr2007,stInflow,reservoir
SE,h7947,6.966519295448586,scr2007,stInflow,reservoir
SE,h7948,6.966519295448586,scr2007,stInflow,reservoir
SE,h7949,6.966519295448586,scr2007,stInflow,reservoir
SE,h7950,6.966519295448586,scr2007,stInflow,reservoir
SE,h7951,6.966519295448586,scr2007,stInflow,reservoir
SE,h7952,6.966519295448586,scr2007,stInflow,reservoir
SE,h7953,6.966519295448586,scr2007,stInflow,reservoir
SE,h7954,6.966519295448586,scr2007,stInflow,reservoir
SE,h7955,6.966519295448586,scr2007,stInflow,reservoir
SE,h7956,6.966519295448586,scr2007,stInflow,reservoir
SE,h7957,6.966519295448586,scr2007,stInflow,reservoir
SE,h7958,6.966519295448586,scr2007,stInflow,reservoir
SE,h7959,6.966519295448586,scr2007,stInflow,reservoir
SE,h7960,6.966519295448586,scr2007,stInflow,reservoir
SE,h7961,6.966519295448586,scr2007,stInflow,reservoir
SE,h7962,6.966519295448586,scr2007,stInflow,reservoir
SE,h7963,6.966519295448586,scr2007,stInflow,reservoir
SE,h7964,6.966519295448586,scr2007,stInflow,reservoir
SE,h7965,6.966519295448586,scr2007,stInflow,reservoir
SE,h7966,6.966519295448586,scr2007,stInflow,reservoir
SE,h7967,6.966519295448586,scr2007,stInflow,reservoir
SE,h7968,6.966519295448586,scr2007,stInflow,reservoir
SE,h7969,6.966519295448586,scr2007,stInflow,reservoir
SE,h7970,6.966519295448586,scr2007,stInflow,reservoir
SE,h7971,6.966519295448586,scr2007,stInflow,reservoir
SE,h7972,6.966519295448586,scr2007,stInflow,reservoir
SE,h7973,6.966519295448586,scr2007,stInflow,reservoir
SE,h7974,6.966519295448586,scr2007,stInflow,reservoir
SE,h7975,6.966519295448586,scr2007,stInflow,reservoir
SE,h7976,6.966519295448586,scr2007,stInflow,reservoir
SE,h7977,6.966519295448586,scr2007,stInflow,reservoir
SE,h7978,6.966519295448586,scr2007,stInflow,reservoir
SE,h7979,6.966519295448586,scr2007,stInflow,reservoir
SE,h7980,6.966519295448586,scr2007,stInflow,reservoir
SE,h7981,6.966519295448586,scr2007,stInflow,reservoir
SE,h7982,6.966519295448586,scr2007,stInflow,reservoir
SE,h7983,6.966519295448586,scr2007,stInflow,reservoir
SE,h7984,6.966519295448586,scr2007,stInflow,reservoir
SE,h7985,6.966519295448586,scr2007,stInflow,reservoir
SE,h7986,6.966519295448586,scr2007,stInflow,reservoir
SE,h7987,6.966519295448586,scr2007,stInflow,reservoir
SE,h7988,6.966519295448586,scr2007,stInflow,reservoir
SE,h7989,6.966519295448586,scr2007,stInflow,reservoir
SE,h7990,6.966519295448586,scr2007,stInflow,reservoir
SE,h7991,6.966519295448586,scr2007,stInflow,reservoir
SE,h7992,6.966519295448586,scr2007,stInflow,reservoir
SE,h7993,6.966519295448586,scr2007,stInflow,reservoir
SE,h7994,6.966519295448586,scr2007,stInflow,reservoir
SE,h7995,6.966519295448586,scr2007,stInflow,reservoir
SE,h7996,6.966519295448586,scr2007,stInflow,reservoir
SE,h7997,6.966519295448586,scr2007,stInflow,reservoir
SE,h7998,6.966519295448586,scr2007,stInflow,reservoir
SE,h7999,6.966519295448586,scr2007,stInflow,reservoir
SE,h8000,6.966519295448586,scr2007,stInflow,reservoir
SE,h8001,6.966519295448586,scr2007,stInflow,reservoir
SE,h8002,6.966519295448586,scr2007,stInflow,reservoir
SE,h8003,6.966519295448586,scr2007,stInflow,reservoir
SE,h8004,6.966519295448586,scr2007,stInflow,reservoir
SE,h8005,6.966519295448586,scr2007,stInflow,reservoir
SE,h8006,6.966519295448586,scr2007,stInflow,reservoir
SE,h8007,6.966519295448586,scr2007,stInflow,reservoir
SE,h8008,6.966519295448586,scr2007,stInflow,reservoir
SE,h8009,6.966519295448586,scr2007,stInflow,reservoir
SE,h8010,6.966519295448586,scr2007,stInflow,reservoir
SE,h8011,6.966519295448586,scr2007,stInflow,reservoir
SE,h8012,6.966519295448586,scr2007,stInflow,reservoir
SE,h8013,6.966519295448586,scr2007,stInflow,reservoir
SE,h8014,6.966519295448586,scr2007,stInflow,reservoir
SE,h8015,6.966519295448586,scr2007,stInflow,reservoir
SE,h8016,6.966519295448586,scr2007,stInflow,reservoir
SE,h8017,6.966519295448586,scr2007,stInflow,reservoir
SE,h8018,6.966519295448586,scr2007,stInflow,reservoir
SE,h8019,6.966519295448586,scr2007,stInflow,reservoir
SE,h8020,6.966519295448586,scr2007,stInflow,reservoir
SE,h8021,6.966519295448586,scr2007,stInflow,reservoir
SE,h8022,6.966519295448586,scr2007,stInflow,reservoir
SE,h8023,6.966519295448586,scr2007,stInflow,reservoir
SE,h8024,6.966519295448586,scr2007,stInflow,reservoir
SE,h8025,6.966519295448586,scr2007,stInflow,reservoir
SE,h8026,6.966519295448586,scr2007,stInflow,reservoir
SE,h8027,6.966519295448586,scr2007,stInflow,reservoir
SE,h8028,6.966519295448586,scr2007,stInflow,reservoir
SE,h8029,6.966519295448586,scr2007,stInflow,reservoir
SE,h8030,6.966519295448586,scr2007,stInflow,reservoir
SE,h8031,6.966519295448586,scr2007,stInflow,reservoir
SE,h8032,6.966519295448586,scr2007,stInflow,reservoir
SE,h8033,6.966519295448586,scr2007,stInflow,reservoir
SE,h8034,6.966519295448586,scr2007,stInflow,reservoir
SE,h8035,6.966519295448586,scr2007,stInflow,reservoir
SE,h8036,6.966519295448586,scr2007,stInflow,reservoir
SE,h8037,6.966519295448586,scr2007,stInflow,reservoir
SE,h8038,6.966519295448586,scr2007,stInflow,reservoir
SE,h8039,6.966519295448586,scr2007,stInflow,reservoir
SE,h8040,6.966519295448586,scr2007,stInflow,reservoir
