region_4,timestep_6,value,scenario_1,parameter,technology_3
70AL,h0001,0.21396927309351324,scr1997,avaConv,onshore
70AL,h0002,0.22883048852976662,scr1997,avaConv,onshore
70AL,h0003,0.25432372885905435,scr1997,avaConv,onshore
70AL,h0004,0.3140667994658529,scr1997,avaConv,onshore
70AL,h0005,0.38132090336564956,scr1997,avaConv,onshore
70AL,h0006,0.43677281022617576,scr1997,avaConv,onshore
70AL,h0007,0.49302771358723463,scr1997,avaConv,onshore
70AL,h0008,0.5363392069257306,scr1997,avaConv,onshore
70AL,h0009,0.5761577563583296,scr1997,avaConv,onshore
70AL,h0010,0.5934275141188251,scr1997,avaConv,onshore
70AL,h0011,0.6233318434852145,scr1997,avaConv,onshore
70AL,h0012,0.6674202851713741,scr1997,avaConv,onshore
70AL,h0013,0.7326884905374877,scr1997,avaConv,onshore
70AL,h0014,0.7815792192545579,scr1997,avaConv,onshore
70AL,h0015,0.8142318530277364,scr1997,avaConv,onshore
70AL,h0016,0.8214741081726283,scr1997,avaConv,onshore
70AL,h0017,0.8423308190662959,scr1997,avaConv,onshore
70AL,h0018,0.8737312444103102,scr1997,avaConv,onshore
70AL,h0019,0.8541761449934223,scr1997,avaConv,onshore
70AL,h0020,0.8195181045191373,scr1997,avaConv,onshore
70AL,h0021,0.7773374672742583,scr1997,avaConv,onshore
70AL,h0022,0.7901526224944081,scr1997,avaConv,onshore
70AL,h0023,0.8065161415867357,scr1997,avaConv,onshore
70AL,h0024,0.8086334384174599,scr1997,avaConv,onshore
70AL,h0025,0.795478956285362,scr1997,avaConv,onshore
70AL,h0026,0.7822866480092823,scr1997,avaConv,onshore
70AL,h0027,0.7802907698832272,scr1997,avaConv,onshore
70AL,h0028,0.7898316907176902,scr1997,avaConv,onshore
70AL,h0029,0.7985922788514882,scr1997,avaConv,onshore
70AL,h0030,0.8029902451945091,scr1997,avaConv,onshore
70AL,h0031,0.5366981820085656,scr1997,avaConv,onshore
70AL,h0032,0.2738068681282967,scr1997,avaConv,onshore
70AL,h0033,0.0198475192016889,scr1997,avaConv,onshore
70AL,h0034,0.01787082271912891,scr1997,avaConv,onshore
70AL,h0035,0.02768722041614922,scr1997,avaConv,onshore
70AL,h0036,0.029689018401340105,scr1997,avaConv,onshore
70AL,h0037,0.053790805847766174,scr1997,avaConv,onshore
70AL,h0038,0.07172403001143314,scr1997,avaConv,onshore
70AL,h0039,0.10245829465356697,scr1997,avaConv,onshore
70AL,h0040,0.10931824483833719,scr1997,avaConv,onshore
70AL,h0041,0.10358250610142988,scr1997,avaConv,onshore
70AL,h0042,0.0920675835262857,scr1997,avaConv,onshore
70AL,h0043,0.06840997188958825,scr1997,avaConv,onshore
70AL,h0044,0.04930805887266991,scr1997,avaConv,onshore
70AL,h0045,0.03168545274725695,scr1997,avaConv,onshore
70AL,h0046,0.024639005663044694,scr1997,avaConv,onshore
70AL,h0047,0.015247738395361223,scr1997,avaConv,onshore
70AL,h0048,0.007181046232549992,scr1997,avaConv,onshore
49AT,h0001,0.07903472413852079,scr1997,avaConv,onshore
49AT,h0002,0.10056005883621075,scr1997,avaConv,onshore
49AT,h0003,0.12424097453164151,scr1997,avaConv,onshore
49AT,h0004,0.16368427969332403,scr1997,avaConv,onshore
49AT,h0005,0.17322592766071906,scr1997,avaConv,onshore
49AT,h0006,0.18184042290922434,scr1997,avaConv,onshore
49AT,h0007,0.22372957696679607,scr1997,avaConv,onshore
49AT,h0008,0.28667921251141304,scr1997,avaConv,onshore
49AT,h0009,0.313504017076842,scr1997,avaConv,onshore
49AT,h0010,0.25217797132440717,scr1997,avaConv,onshore
49AT,h0011,0.17680894146883783,scr1997,avaConv,onshore
49AT,h0012,0.10109165866427314,scr1997,avaConv,onshore
49AT,h0013,0.047333327759881805,scr1997,avaConv,onshore
49AT,h0014,0.012351501596321235,scr1997,avaConv,onshore
49AT,h0015,0.0,scr1997,avaConv,onshore
49AT,h0016,0.00010456992184091551,scr1997,avaConv,onshore
49AT,h0017,0.0005284446566803677,scr1997,avaConv,onshore
49AT,h0018,0.002145514595797099,scr1997,avaConv,onshore
49AT,h0019,0.006584451870672966,scr1997,avaConv,onshore
49AT,h0020,0.010889382085521586,scr1997,avaConv,onshore
49AT,h0021,0.01397943980578778,scr1997,avaConv,onshore
49AT,h0022,0.014289115967083899,scr1997,avaConv,onshore
49AT,h0023,0.013722188932736948,scr1997,avaConv,onshore
49AT,h0024,0.01254242130445206,scr1997,avaConv,onshore
49AT,h0025,0.007033631389520453,scr1997,avaConv,onshore
49AT,h0026,0.002898984365659924,scr1997,avaConv,onshore
49AT,h0027,0.0,scr1997,avaConv,onshore
49AT,h0028,0.0,scr1997,avaConv,onshore
49AT,h0029,0.0,scr1997,avaConv,onshore
49AT,h0030,0.0,scr1997,avaConv,onshore
49AT,h0031,0.003666814992329605,scr1997,avaConv,onshore
49AT,h0032,0.008507173232772955,scr1997,avaConv,onshore
49AT,h0033,0.013833482278576972,scr1997,avaConv,onshore
49AT,h0034,0.012820259854332591,scr1997,avaConv,onshore
49AT,h0035,0.014696062863277161,scr1997,avaConv,onshore
49AT,h0036,0.014718997404553636,scr1997,avaConv,onshore
49AT,h0037,0.012489400292822504,scr1997,avaConv,onshore
49AT,h0038,0.006904947723146632,scr1997,avaConv,onshore
49AT,h0039,0.004073503401839113,scr1997,avaConv,onshore
49AT,h0040,0.004912677422116916,scr1997,avaConv,onshore
49AT,h0041,0.005990425275545845,scr1997,avaConv,onshore
49AT,h0042,0.00589994885448323,scr1997,avaConv,onshore
49AT,h0043,0.026157571909751605,scr1997,avaConv,onshore
49AT,h0044,0.05221889117583063,scr1997,avaConv,onshore
49AT,h0045,0.08660098188477008,scr1997,avaConv,onshore
49AT,h0046,0.0913909456712378,scr1997,avaConv,onshore
49AT,h0047,0.09231078647501531,scr1997,avaConv,onshore
49AT,h0048,0.0826998156407637,scr1997,avaConv,onshore
50AT,h0001,0.26095652213054926,scr1997,avaConv,onshore
50AT,h0002,0.30670875855572804,scr1997,avaConv,onshore
50AT,h0003,0.3503475621114952,scr1997,avaConv,onshore
50AT,h0004,0.43489443936160616,scr1997,avaConv,onshore
50AT,h0005,0.4863830497371595,scr1997,avaConv,onshore
50AT,h0006,0.5206476041864981,scr1997,avaConv,onshore
50AT,h0007,0.5647828621310432,scr1997,avaConv,onshore
50AT,h0008,0.6150344378739073,scr1997,avaConv,onshore
50AT,h0009,0.6577150375361521,scr1997,avaConv,onshore
50AT,h0010,0.6637022320813489,scr1997,avaConv,onshore
50AT,h0011,0.6450371626331944,scr1997,avaConv,onshore
50AT,h0012,0.5909923218556585,scr1997,avaConv,onshore
50AT,h0013,0.4014621132487383,scr1997,avaConv,onshore
50AT,h0014,0.21972185896894306,scr1997,avaConv,onshore
50AT,h0015,0.05879833776001799,scr1997,avaConv,onshore
50AT,h0016,0.059158292256174284,scr1997,avaConv,onshore
50AT,h0017,0.06884680260744912,scr1997,avaConv,onshore
50AT,h0018,0.08314232307651219,scr1997,avaConv,onshore
50AT,h0019,0.07360255505233773,scr1997,avaConv,onshore
50AT,h0020,0.05682348402913121,scr1997,avaConv,onshore
50AT,h0021,0.030825570082992887,scr1997,avaConv,onshore
50AT,h0022,0.02648204658091955,scr1997,avaConv,onshore
50AT,h0023,0.02166619036705525,scr1997,avaConv,onshore
50AT,h0024,0.01838911423761387,scr1997,avaConv,onshore
50AT,h0025,0.02995228749355927,scr1997,avaConv,onshore
50AT,h0026,0.04454777417323627,scr1997,avaConv,onshore
50AT,h0027,0.050976952821861064,scr1997,avaConv,onshore
50AT,h0028,0.0387746239244864,scr1997,avaConv,onshore
50AT,h0029,0.024616533949498857,scr1997,avaConv,onshore
50AT,h0030,0.020104554793864256,scr1997,avaConv,onshore
50AT,h0031,0.03838652449677763,scr1997,avaConv,onshore
50AT,h0032,0.05831840962815176,scr1997,avaConv,onshore
50AT,h0033,0.07758464989946737,scr1997,avaConv,onshore
50AT,h0034,0.08274027076829878,scr1997,avaConv,onshore
50AT,h0035,0.08197132683165664,scr1997,avaConv,onshore
50AT,h0036,0.07341308251620945,scr1997,avaConv,onshore
50AT,h0037,0.05361304249042191,scr1997,avaConv,onshore
50AT,h0038,0.03331669899400456,scr1997,avaConv,onshore
50AT,h0039,0.0186321125259427,scr1997,avaConv,onshore
50AT,h0040,0.01355066137710314,scr1997,avaConv,onshore
50AT,h0041,0.012699411660417275,scr1997,avaConv,onshore
50AT,h0042,0.010848767284190404,scr1997,avaConv,onshore
50AT,h0043,0.020567177550127186,scr1997,avaConv,onshore
50AT,h0044,0.030171026610007173,scr1997,avaConv,onshore
50AT,h0045,0.04571796728953188,scr1997,avaConv,onshore
50AT,h0046,0.054347154766242564,scr1997,avaConv,onshore
50AT,h0047,0.06578419754214782,scr1997,avaConv,onshore
50AT,h0048,0.08098744770559434,scr1997,avaConv,onshore
51AT,h0001,0.06118263358938859,scr1997,avaConv,onshore
51AT,h0002,0.0750431293989667,scr1997,avaConv,onshore
51AT,h0003,0.08928349113669651,scr1997,avaConv,onshore
51AT,h0004,0.11718022434642261,scr1997,avaConv,onshore
51AT,h0005,0.15041876912910698,scr1997,avaConv,onshore
51AT,h0006,0.17490225805143952,scr1997,avaConv,onshore
51AT,h0007,0.3278373238086075,scr1997,avaConv,onshore
51AT,h0008,0.46368838688482517,scr1997,avaConv,onshore
51AT,h0009,0.5954086350335593,scr1997,avaConv,onshore
51AT,h0010,0.6102142938429801,scr1997,avaConv,onshore
51AT,h0011,0.5833959112378609,scr1997,avaConv,onshore
51AT,h0012,0.5637312535351529,scr1997,avaConv,onshore
51AT,h0013,0.4194821528038585,scr1997,avaConv,onshore
51AT,h0014,0.3034296494879437,scr1997,avaConv,onshore
51AT,h0015,0.16597291286808374,scr1997,avaConv,onshore
51AT,h0016,0.15813740964253,scr1997,avaConv,onshore
51AT,h0017,0.15050781658696397,scr1997,avaConv,onshore
51AT,h0018,0.1379953250890784,scr1997,avaConv,onshore
51AT,h0019,0.12081761855786873,scr1997,avaConv,onshore
51AT,h0020,0.10291324373325846,scr1997,avaConv,onshore
51AT,h0021,0.08660873602677407,scr1997,avaConv,onshore
51AT,h0022,0.0834789851077858,scr1997,avaConv,onshore
51AT,h0023,0.08021173641202865,scr1997,avaConv,onshore
51AT,h0024,0.08230910101048095,scr1997,avaConv,onshore
51AT,h0025,0.05960180470147995,scr1997,avaConv,onshore
51AT,h0026,0.038372176721948065,scr1997,avaConv,onshore
51AT,h0027,0.009497775484681935,scr1997,avaConv,onshore
51AT,h0028,0.007382368939800844,scr1997,avaConv,onshore
51AT,h0029,0.004971310512825443,scr1997,avaConv,onshore
51AT,h0030,0.004151621420150281,scr1997,avaConv,onshore
51AT,h0031,0.039055267207099086,scr1997,avaConv,onshore
51AT,h0032,0.07374514649328243,scr1997,avaConv,onshore
51AT,h0033,0.11022457822057291,scr1997,avaConv,onshore
51AT,h0034,0.11880593743582861,scr1997,avaConv,onshore
51AT,h0035,0.10721694776957291,scr1997,avaConv,onshore
51AT,h0036,0.09409680384860945,scr1997,avaConv,onshore
51AT,h0037,0.07420741140430892,scr1997,avaConv,onshore
51AT,h0038,0.06340863025333537,scr1997,avaConv,onshore
51AT,h0039,0.04329336719897101,scr1997,avaConv,onshore
51AT,h0040,0.028755371649066507,scr1997,avaConv,onshore
51AT,h0041,0.02308507049534651,scr1997,avaConv,onshore
51AT,h0042,0.022894245911374733,scr1997,avaConv,onshore
51AT,h0043,0.02236474268837666,scr1997,avaConv,onshore
51AT,h0044,0.020162460013002387,scr1997,avaConv,onshore
51AT,h0045,0.014959999619527658,scr1997,avaConv,onshore
51AT,h0046,0.011874388013914595,scr1997,avaConv,onshore
51AT,h0047,0.008461413267824023,scr1997,avaConv,onshore
51AT,h0048,0.007914100441383317,scr1997,avaConv,onshore
63BA,h0001,0.1623298369509418,scr1997,avaConv,onshore
63BA,h0002,0.18232737479642502,scr1997,avaConv,onshore
63BA,h0003,0.21138699329433938,scr1997,avaConv,onshore
63BA,h0004,0.28061873789283986,scr1997,avaConv,onshore
63BA,h0005,0.3783889505844883,scr1997,avaConv,onshore
63BA,h0006,0.496251955794127,scr1997,avaConv,onshore
63BA,h0007,0.636593052780643,scr1997,avaConv,onshore
63BA,h0008,0.7425305257344827,scr1997,avaConv,onshore
63BA,h0009,0.8080886954126169,scr1997,avaConv,onshore
63BA,h0010,0.8151819126528438,scr1997,avaConv,onshore
63BA,h0011,0.7802036286746032,scr1997,avaConv,onshore
63BA,h0012,0.7325779630957883,scr1997,avaConv,onshore
63BA,h0013,0.46746652981705017,scr1997,avaConv,onshore
63BA,h0014,0.24839764973571626,scr1997,avaConv,onshore
63BA,h0015,0.05207727806980035,scr1997,avaConv,onshore
63BA,h0016,0.07328098876282237,scr1997,avaConv,onshore
63BA,h0017,0.10914802032537227,scr1997,avaConv,onshore
63BA,h0018,0.1547680129419505,scr1997,avaConv,onshore
63BA,h0019,0.1712549173570902,scr1997,avaConv,onshore
63BA,h0020,0.17040115704419442,scr1997,avaConv,onshore
63BA,h0021,0.1581554656098949,scr1997,avaConv,onshore
63BA,h0022,0.1669991541412378,scr1997,avaConv,onshore
63BA,h0023,0.18682057103259442,scr1997,avaConv,onshore
63BA,h0024,0.20003791297336368,scr1997,avaConv,onshore
63BA,h0025,0.21233891771338428,scr1997,avaConv,onshore
63BA,h0026,0.20699534688397592,scr1997,avaConv,onshore
63BA,h0027,0.20793390881557972,scr1997,avaConv,onshore
63BA,h0028,0.2016385106885813,scr1997,avaConv,onshore
63BA,h0029,0.19493770558457155,scr1997,avaConv,onshore
63BA,h0030,0.18396708148243376,scr1997,avaConv,onshore
63BA,h0031,0.11519100617013936,scr1997,avaConv,onshore
63BA,h0032,0.05400019281113132,scr1997,avaConv,onshore
63BA,h0033,0.0019319078669894443,scr1997,avaConv,onshore
63BA,h0034,0.0026470877120085027,scr1997,avaConv,onshore
63BA,h0035,0.003036174192981328,scr1997,avaConv,onshore
63BA,h0036,0.0026156202394267873,scr1997,avaConv,onshore
63BA,h0037,0.14652369695627876,scr1997,avaConv,onshore
63BA,h0038,0.30648086369988536,scr1997,avaConv,onshore
63BA,h0039,0.47076199055740703,scr1997,avaConv,onshore
63BA,h0040,0.45880049138323614,scr1997,avaConv,onshore
63BA,h0041,0.42667337056987886,scr1997,avaConv,onshore
63BA,h0042,0.37957900355621715,scr1997,avaConv,onshore
63BA,h0043,0.242937392211264,scr1997,avaConv,onshore
63BA,h0044,0.1265772943393587,scr1997,avaConv,onshore
63BA,h0045,0.02991305533922545,scr1997,avaConv,onshore
63BA,h0046,0.02799557490279524,scr1997,avaConv,onshore
63BA,h0047,0.024711346976962527,scr1997,avaConv,onshore
63BA,h0048,0.02222236806380536,scr1997,avaConv,onshore
28BE,h0001,0.6122857889901951,scr1997,avaConv,onshore
28BE,h0002,0.6144112324948224,scr1997,avaConv,onshore
28BE,h0003,0.615145835366245,scr1997,avaConv,onshore
28BE,h0004,0.6179987518055607,scr1997,avaConv,onshore
28BE,h0005,0.6175716476154166,scr1997,avaConv,onshore
28BE,h0006,0.6109656858476826,scr1997,avaConv,onshore
28BE,h0007,0.5401504040509686,scr1997,avaConv,onshore
28BE,h0008,0.4658470739977331,scr1997,avaConv,onshore
28BE,h0009,0.393593245915086,scr1997,avaConv,onshore
28BE,h0010,0.36710575169516446,scr1997,avaConv,onshore
28BE,h0011,0.31914632640426405,scr1997,avaConv,onshore
28BE,h0012,0.2601924601136952,scr1997,avaConv,onshore
28BE,h0013,0.15947081783432526,scr1997,avaConv,onshore
28BE,h0014,0.0863775645549323,scr1997,avaConv,onshore
28BE,h0015,0.029779921783070006,scr1997,avaConv,onshore
28BE,h0016,0.041387877134818236,scr1997,avaConv,onshore
28BE,h0017,0.05962954698098402,scr1997,avaConv,onshore
28BE,h0018,0.08246799551659627,scr1997,avaConv,onshore
28BE,h0019,0.06568427029533407,scr1997,avaConv,onshore
28BE,h0020,0.04083016014466998,scr1997,avaConv,onshore
28BE,h0021,0.0072001258770740895,scr1997,avaConv,onshore
28BE,h0022,0.007408895591169022,scr1997,avaConv,onshore
28BE,h0023,0.008527819088613973,scr1997,avaConv,onshore
28BE,h0024,0.011238192037325671,scr1997,avaConv,onshore
28BE,h0025,0.04831639685560678,scr1997,avaConv,onshore
28BE,h0026,0.08694560026259379,scr1997,avaConv,onshore
28BE,h0027,0.1314566934223192,scr1997,avaConv,onshore
28BE,h0028,0.15255291756369935,scr1997,avaConv,onshore
28BE,h0029,0.18228812854533166,scr1997,avaConv,onshore
28BE,h0030,0.22191803144200598,scr1997,avaConv,onshore
28BE,h0031,0.3776056918019754,scr1997,avaConv,onshore
28BE,h0032,0.5259722463173737,scr1997,avaConv,onshore
28BE,h0033,0.6626039446309454,scr1997,avaConv,onshore
28BE,h0034,0.6799890447406933,scr1997,avaConv,onshore
28BE,h0035,0.6689852044318422,scr1997,avaConv,onshore
28BE,h0036,0.6495883724775231,scr1997,avaConv,onshore
28BE,h0037,0.4308826848870855,scr1997,avaConv,onshore
28BE,h0038,0.22923389847760017,scr1997,avaConv,onshore
28BE,h0039,0.024547727090807308,scr1997,avaConv,onshore
28BE,h0040,0.027848530955456682,scr1997,avaConv,onshore
28BE,h0041,0.042174052823518555,scr1997,avaConv,onshore
28BE,h0042,0.057555530572457714,scr1997,avaConv,onshore
28BE,h0043,0.05361986320012653,scr1997,avaConv,onshore
28BE,h0044,0.040259123108046975,scr1997,avaConv,onshore
28BE,h0045,0.025630625252959508,scr1997,avaConv,onshore
28BE,h0046,0.031087989238751595,scr1997,avaConv,onshore
28BE,h0047,0.035406719721688684,scr1997,avaConv,onshore
28BE,h0048,0.04017263924412368,scr1997,avaConv,onshore
66BG,h0001,0.039443460143869374,scr1997,avaConv,onshore
66BG,h0002,0.04976156603902882,scr1997,avaConv,onshore
66BG,h0003,0.05810382685604751,scr1997,avaConv,onshore
66BG,h0004,0.0775864353202576,scr1997,avaConv,onshore
66BG,h0005,0.09858673579833382,scr1997,avaConv,onshore
66BG,h0006,0.11415959449249945,scr1997,avaConv,onshore
66BG,h0007,0.10497714855018667,scr1997,avaConv,onshore
66BG,h0008,0.09381832831843183,scr1997,avaConv,onshore
66BG,h0009,0.08534468515520792,scr1997,avaConv,onshore
66BG,h0010,0.09427865780352444,scr1997,avaConv,onshore
66BG,h0011,0.0865847160144435,scr1997,avaConv,onshore
66BG,h0012,0.08373153427608372,scr1997,avaConv,onshore
66BG,h0013,0.10564818496626847,scr1997,avaConv,onshore
66BG,h0014,0.14316241070254515,scr1997,avaConv,onshore
66BG,h0015,0.18437074165062006,scr1997,avaConv,onshore
66BG,h0016,0.21607624668290754,scr1997,avaConv,onshore
66BG,h0017,0.24856205328685238,scr1997,avaConv,onshore
66BG,h0018,0.26705168239328186,scr1997,avaConv,onshore
66BG,h0019,0.20037586455094755,scr1997,avaConv,onshore
66BG,h0020,0.12314879428485682,scr1997,avaConv,onshore
66BG,h0021,0.044225756642847766,scr1997,avaConv,onshore
66BG,h0022,0.02982560596635049,scr1997,avaConv,onshore
66BG,h0023,0.014088822728473423,scr1997,avaConv,onshore
66BG,h0024,0.004483093724058827,scr1997,avaConv,onshore
66BG,h0025,0.11734224873563677,scr1997,avaConv,onshore
66BG,h0026,0.24191705088793541,scr1997,avaConv,onshore
66BG,h0027,0.3715903222650425,scr1997,avaConv,onshore
66BG,h0028,0.37432650391204,scr1997,avaConv,onshore
66BG,h0029,0.3602603673241153,scr1997,avaConv,onshore
66BG,h0030,0.3325768667492746,scr1997,avaConv,onshore
66BG,h0031,0.2513997649534988,scr1997,avaConv,onshore
66BG,h0032,0.18133868189187843,scr1997,avaConv,onshore
66BG,h0033,0.11266113060611449,scr1997,avaConv,onshore
66BG,h0034,0.09847318450671314,scr1997,avaConv,onshore
66BG,h0035,0.0883538185621883,scr1997,avaConv,onshore
66BG,h0036,0.07747949728735794,scr1997,avaConv,onshore
66BG,h0037,0.07772619050822088,scr1997,avaConv,onshore
66BG,h0038,0.08076430790161918,scr1997,avaConv,onshore
66BG,h0039,0.10257512285300613,scr1997,avaConv,onshore
66BG,h0040,0.12705233563158796,scr1997,avaConv,onshore
66BG,h0041,0.15597877538784885,scr1997,avaConv,onshore
66BG,h0042,0.18537565917882717,scr1997,avaConv,onshore
66BG,h0043,0.1769641787509665,scr1997,avaConv,onshore
66BG,h0044,0.16688211589334875,scr1997,avaConv,onshore
66BG,h0045,0.15475984249442248,scr1997,avaConv,onshore
66BG,h0046,0.17737932948672425,scr1997,avaConv,onshore
66BG,h0047,0.19879747955627297,scr1997,avaConv,onshore
66BG,h0048,0.20864233321593967,scr1997,avaConv,onshore
48CH,h0001,0.32239066780737274,scr1997,avaConv,onshore
48CH,h0002,0.31604444381264063,scr1997,avaConv,onshore
48CH,h0003,0.2989322903712188,scr1997,avaConv,onshore
48CH,h0004,0.2788040789354064,scr1997,avaConv,onshore
48CH,h0005,0.243460293878585,scr1997,avaConv,onshore
48CH,h0006,0.20000220127509485,scr1997,avaConv,onshore
48CH,h0007,0.1468747344144946,scr1997,avaConv,onshore
48CH,h0008,0.11620138039548655,scr1997,avaConv,onshore
48CH,h0009,0.10421842609449178,scr1997,avaConv,onshore
48CH,h0010,0.1002498522254123,scr1997,avaConv,onshore
48CH,h0011,0.10319550321257835,scr1997,avaConv,onshore
48CH,h0012,0.09441849175927658,scr1997,avaConv,onshore
48CH,h0013,0.07904920874082536,scr1997,avaConv,onshore
48CH,h0014,0.05337779808567129,scr1997,avaConv,onshore
48CH,h0015,0.04511496461506762,scr1997,avaConv,onshore
48CH,h0016,0.04544480364484604,scr1997,avaConv,onshore
48CH,h0017,0.04686048984612417,scr1997,avaConv,onshore
48CH,h0018,0.049759737446028574,scr1997,avaConv,onshore
48CH,h0019,0.06015616603246949,scr1997,avaConv,onshore
48CH,h0020,0.06953408873480875,scr1997,avaConv,onshore
48CH,h0021,0.07548575981410013,scr1997,avaConv,onshore
48CH,h0022,0.07429813237737788,scr1997,avaConv,onshore
48CH,h0023,0.07488454118471669,scr1997,avaConv,onshore
48CH,h0024,0.07688961265831394,scr1997,avaConv,onshore
48CH,h0025,0.05968390095548302,scr1997,avaConv,onshore
48CH,h0026,0.037799038543669804,scr1997,avaConv,onshore
48CH,h0027,0.014566449761233207,scr1997,avaConv,onshore
48CH,h0028,0.010162085482512725,scr1997,avaConv,onshore
48CH,h0029,0.008723375585683505,scr1997,avaConv,onshore
48CH,h0030,0.008282396159620106,scr1997,avaConv,onshore
48CH,h0031,0.02843448254697665,scr1997,avaConv,onshore
48CH,h0032,0.04819329999992282,scr1997,avaConv,onshore
48CH,h0033,0.06790061814007425,scr1997,avaConv,onshore
48CH,h0034,0.07052712129838559,scr1997,avaConv,onshore
48CH,h0035,0.07655518965492795,scr1997,avaConv,onshore
48CH,h0036,0.07958261284802307,scr1997,avaConv,onshore
48CH,h0037,0.06941716690834601,scr1997,avaConv,onshore
48CH,h0038,0.05310165819804354,scr1997,avaConv,onshore
48CH,h0039,0.03820570005156362,scr1997,avaConv,onshore
48CH,h0040,0.041146037089907016,scr1997,avaConv,onshore
48CH,h0041,0.06257515904366545,scr1997,avaConv,onshore
48CH,h0042,0.09657771333813857,scr1997,avaConv,onshore
48CH,h0043,0.10508617101466722,scr1997,avaConv,onshore
48CH,h0044,0.09656976426148906,scr1997,avaConv,onshore
48CH,h0045,0.07370337490010259,scr1997,avaConv,onshore
48CH,h0046,0.06710447219760479,scr1997,avaConv,onshore
48CH,h0047,0.057604075595619864,scr1997,avaConv,onshore
48CH,h0048,0.05230029959429228,scr1997,avaConv,onshore
47CH,h0001,0.32239066780737274,scr1997,avaConv,onshore
47CH,h0002,0.31604444381264063,scr1997,avaConv,onshore
47CH,h0003,0.2989322903712188,scr1997,avaConv,onshore
47CH,h0004,0.2788040789354064,scr1997,avaConv,onshore
47CH,h0005,0.243460293878585,scr1997,avaConv,onshore
47CH,h0006,0.20000220127509485,scr1997,avaConv,onshore
47CH,h0007,0.1468747344144946,scr1997,avaConv,onshore
47CH,h0008,0.11620138039548655,scr1997,avaConv,onshore
47CH,h0009,0.10421842609449178,scr1997,avaConv,onshore
47CH,h0010,0.1002498522254123,scr1997,avaConv,onshore
47CH,h0011,0.10319550321257835,scr1997,avaConv,onshore
47CH,h0012,0.09441849175927658,scr1997,avaConv,onshore
47CH,h0013,0.07904920874082536,scr1997,avaConv,onshore
47CH,h0014,0.05337779808567129,scr1997,avaConv,onshore
47CH,h0015,0.04511496461506762,scr1997,avaConv,onshore
47CH,h0016,0.04544480364484604,scr1997,avaConv,onshore
47CH,h0017,0.04686048984612417,scr1997,avaConv,onshore
47CH,h0018,0.049759737446028574,scr1997,avaConv,onshore
47CH,h0019,0.06015616603246949,scr1997,avaConv,onshore
47CH,h0020,0.06953408873480875,scr1997,avaConv,onshore
47CH,h0021,0.07548575981410013,scr1997,avaConv,onshore
47CH,h0022,0.07429813237737788,scr1997,avaConv,onshore
47CH,h0023,0.07488454118471669,scr1997,avaConv,onshore
47CH,h0024,0.07688961265831394,scr1997,avaConv,onshore
47CH,h0025,0.05968390095548302,scr1997,avaConv,onshore
47CH,h0026,0.037799038543669804,scr1997,avaConv,onshore
47CH,h0027,0.014566449761233207,scr1997,avaConv,onshore
47CH,h0028,0.010162085482512725,scr1997,avaConv,onshore
47CH,h0029,0.008723375585683505,scr1997,avaConv,onshore
47CH,h0030,0.008282396159620106,scr1997,avaConv,onshore
47CH,h0031,0.02843448254697665,scr1997,avaConv,onshore
47CH,h0032,0.04819329999992282,scr1997,avaConv,onshore
47CH,h0033,0.06790061814007425,scr1997,avaConv,onshore
47CH,h0034,0.07052712129838559,scr1997,avaConv,onshore
47CH,h0035,0.07655518965492795,scr1997,avaConv,onshore
47CH,h0036,0.07958261284802307,scr1997,avaConv,onshore
47CH,h0037,0.06941716690834601,scr1997,avaConv,onshore
47CH,h0038,0.05310165819804354,scr1997,avaConv,onshore
47CH,h0039,0.03820570005156362,scr1997,avaConv,onshore
47CH,h0040,0.041146037089907016,scr1997,avaConv,onshore
47CH,h0041,0.06257515904366545,scr1997,avaConv,onshore
47CH,h0042,0.09657771333813857,scr1997,avaConv,onshore
47CH,h0043,0.10508617101466722,scr1997,avaConv,onshore
47CH,h0044,0.09656976426148906,scr1997,avaConv,onshore
47CH,h0045,0.07370337490010259,scr1997,avaConv,onshore
47CH,h0046,0.06710447219760479,scr1997,avaConv,onshore
47CH,h0047,0.057604075595619864,scr1997,avaConv,onshore
47CH,h0048,0.05230029959429228,scr1997,avaConv,onshore
39CZ,h0001,0.16258718361768412,scr1997,avaConv,onshore
39CZ,h0002,0.17766211052157507,scr1997,avaConv,onshore
39CZ,h0003,0.19816030933735082,scr1997,avaConv,onshore
39CZ,h0004,0.23046027040567704,scr1997,avaConv,onshore
39CZ,h0005,0.25526695182172043,scr1997,avaConv,onshore
39CZ,h0006,0.27041986794393374,scr1997,avaConv,onshore
39CZ,h0007,0.3952131393551301,scr1997,avaConv,onshore
39CZ,h0008,0.5190703971596968,scr1997,avaConv,onshore
39CZ,h0009,0.6394746825112461,scr1997,avaConv,onshore
39CZ,h0010,0.6564677730210735,scr1997,avaConv,onshore
39CZ,h0011,0.6410673345618929,scr1997,avaConv,onshore
39CZ,h0012,0.622728270699767,scr1997,avaConv,onshore
39CZ,h0013,0.4258436298936526,scr1997,avaConv,onshore
39CZ,h0014,0.242678976318,scr1997,avaConv,onshore
39CZ,h0015,0.028242296120371463,scr1997,avaConv,onshore
39CZ,h0016,0.03572913923542152,scr1997,avaConv,onshore
39CZ,h0017,0.051312693842667734,scr1997,avaConv,onshore
39CZ,h0018,0.06536926817151856,scr1997,avaConv,onshore
39CZ,h0019,0.06538700137858329,scr1997,avaConv,onshore
39CZ,h0020,0.05467818824225864,scr1997,avaConv,onshore
39CZ,h0021,0.04137208092027418,scr1997,avaConv,onshore
39CZ,h0022,0.033317843972785394,scr1997,avaConv,onshore
39CZ,h0023,0.026219689170026993,scr1997,avaConv,onshore
39CZ,h0024,0.018313606294714544,scr1997,avaConv,onshore
39CZ,h0025,0.0478244160903647,scr1997,avaConv,onshore
39CZ,h0026,0.07889121928867954,scr1997,avaConv,onshore
39CZ,h0027,0.11066476147634846,scr1997,avaConv,onshore
39CZ,h0028,0.11527923858575813,scr1997,avaConv,onshore
39CZ,h0029,0.11656980177337832,scr1997,avaConv,onshore
39CZ,h0030,0.11302241598195271,scr1997,avaConv,onshore
39CZ,h0031,0.1256179563649281,scr1997,avaConv,onshore
39CZ,h0032,0.14195461843224316,scr1997,avaConv,onshore
39CZ,h0033,0.16299789696671768,scr1997,avaConv,onshore
39CZ,h0034,0.16444948361820041,scr1997,avaConv,onshore
39CZ,h0035,0.16161671223314314,scr1997,avaConv,onshore
39CZ,h0036,0.15282248346221894,scr1997,avaConv,onshore
39CZ,h0037,0.15626171063979213,scr1997,avaConv,onshore
39CZ,h0038,0.14814636598097328,scr1997,avaConv,onshore
39CZ,h0039,0.13631270011964902,scr1997,avaConv,onshore
39CZ,h0040,0.11055228611685097,scr1997,avaConv,onshore
39CZ,h0041,0.09946158609460481,scr1997,avaConv,onshore
39CZ,h0042,0.0995678147538265,scr1997,avaConv,onshore
39CZ,h0043,0.12122900723330803,scr1997,avaConv,onshore
39CZ,h0044,0.13919327166534223,scr1997,avaConv,onshore
39CZ,h0045,0.15125881366828572,scr1997,avaConv,onshore
39CZ,h0046,0.13927311230369033,scr1997,avaConv,onshore
39CZ,h0047,0.1222729828944477,scr1997,avaConv,onshore
39CZ,h0048,0.10883196529334864,scr1997,avaConv,onshore
40CZ,h0001,0.10709006888891243,scr1997,avaConv,onshore
40CZ,h0002,0.103082929414984,scr1997,avaConv,onshore
40CZ,h0003,0.11050740534929168,scr1997,avaConv,onshore
40CZ,h0004,0.12346071136979989,scr1997,avaConv,onshore
40CZ,h0005,0.1391347142501335,scr1997,avaConv,onshore
40CZ,h0006,0.15584765492183048,scr1997,avaConv,onshore
40CZ,h0007,0.2306968095155634,scr1997,avaConv,onshore
40CZ,h0008,0.3076403643785362,scr1997,avaConv,onshore
40CZ,h0009,0.380042025462867,scr1997,avaConv,onshore
40CZ,h0010,0.39391763080640335,scr1997,avaConv,onshore
40CZ,h0011,0.39036556810832135,scr1997,avaConv,onshore
40CZ,h0012,0.3923748636202686,scr1997,avaConv,onshore
40CZ,h0013,0.27995788616062167,scr1997,avaConv,onshore
40CZ,h0014,0.1751859251487467,scr1997,avaConv,onshore
40CZ,h0015,0.04777158266489538,scr1997,avaConv,onshore
40CZ,h0016,0.05495469879605169,scr1997,avaConv,onshore
40CZ,h0017,0.06310443280026813,scr1997,avaConv,onshore
40CZ,h0018,0.06534345993230668,scr1997,avaConv,onshore
40CZ,h0019,0.10782672330890289,scr1997,avaConv,onshore
40CZ,h0020,0.1425523951278808,scr1997,avaConv,onshore
40CZ,h0021,0.16968579880790965,scr1997,avaConv,onshore
40CZ,h0022,0.15298726148718292,scr1997,avaConv,onshore
40CZ,h0023,0.1412120411226493,scr1997,avaConv,onshore
40CZ,h0024,0.13499698663176443,scr1997,avaConv,onshore
40CZ,h0025,0.13945158006749583,scr1997,avaConv,onshore
40CZ,h0026,0.14638866691546418,scr1997,avaConv,onshore
40CZ,h0027,0.1561378927952554,scr1997,avaConv,onshore
40CZ,h0028,0.16055282675756674,scr1997,avaConv,onshore
40CZ,h0029,0.16212771383638486,scr1997,avaConv,onshore
40CZ,h0030,0.1621121940670278,scr1997,avaConv,onshore
40CZ,h0031,0.19982367089412464,scr1997,avaConv,onshore
40CZ,h0032,0.24305905601533126,scr1997,avaConv,onshore
40CZ,h0033,0.2924600791138875,scr1997,avaConv,onshore
40CZ,h0034,0.3023837224515734,scr1997,avaConv,onshore
40CZ,h0035,0.2803560186378819,scr1997,avaConv,onshore
40CZ,h0036,0.2561288809382186,scr1997,avaConv,onshore
40CZ,h0037,0.21232078004873248,scr1997,avaConv,onshore
40CZ,h0038,0.18627087738945286,scr1997,avaConv,onshore
40CZ,h0039,0.14015018482651714,scr1997,avaConv,onshore
40CZ,h0040,0.1049155712266634,scr1997,avaConv,onshore
40CZ,h0041,0.07170486006150774,scr1997,avaConv,onshore
40CZ,h0042,0.055328479088354164,scr1997,avaConv,onshore
40CZ,h0043,0.10157381339243302,scr1997,avaConv,onshore
40CZ,h0044,0.13979268800795153,scr1997,avaConv,onshore
40CZ,h0045,0.17543120386761207,scr1997,avaConv,onshore
40CZ,h0046,0.16456817287852626,scr1997,avaConv,onshore
40CZ,h0047,0.1547282454608994,scr1997,avaConv,onshore
40CZ,h0048,0.1443924439324264,scr1997,avaConv,onshore
31DE,h0001,0.24484652692156003,scr1997,avaConv,onshore
31DE,h0002,0.2384580116525792,scr1997,avaConv,onshore
31DE,h0003,0.23750788727594838,scr1997,avaConv,onshore
31DE,h0004,0.23377253603941292,scr1997,avaConv,onshore
31DE,h0005,0.23285772172041153,scr1997,avaConv,onshore
31DE,h0006,0.2279141398671018,scr1997,avaConv,onshore
31DE,h0007,0.3619876897966416,scr1997,avaConv,onshore
31DE,h0008,0.49148763708316406,scr1997,avaConv,onshore
31DE,h0009,0.6195380894749588,scr1997,avaConv,onshore
31DE,h0010,0.608543652874395,scr1997,avaConv,onshore
31DE,h0011,0.6127291091145348,scr1997,avaConv,onshore
31DE,h0012,0.6138073494329522,scr1997,avaConv,onshore
31DE,h0013,0.4279844605404909,scr1997,avaConv,onshore
31DE,h0014,0.23025453798591722,scr1997,avaConv,onshore
31DE,h0015,0.036884265210571324,scr1997,avaConv,onshore
31DE,h0016,0.042104249707140454,scr1997,avaConv,onshore
31DE,h0017,0.053283017647145506,scr1997,avaConv,onshore
31DE,h0018,0.06806532902765157,scr1997,avaConv,onshore
31DE,h0019,0.07918576460283631,scr1997,avaConv,onshore
31DE,h0020,0.07854557500596006,scr1997,avaConv,onshore
31DE,h0021,0.06946576907988382,scr1997,avaConv,onshore
31DE,h0022,0.058785253718008766,scr1997,avaConv,onshore
31DE,h0023,0.055790577465596826,scr1997,avaConv,onshore
31DE,h0024,0.052352782335871303,scr1997,avaConv,onshore
31DE,h0025,0.21541782738593754,scr1997,avaConv,onshore
31DE,h0026,0.3673253431116025,scr1997,avaConv,onshore
31DE,h0027,0.5077475983831385,scr1997,avaConv,onshore
31DE,h0028,0.48042691876291466,scr1997,avaConv,onshore
31DE,h0029,0.453652899709154,scr1997,avaConv,onshore
31DE,h0030,0.43262732712701635,scr1997,avaConv,onshore
31DE,h0031,0.35153018144719234,scr1997,avaConv,onshore
31DE,h0032,0.28278049117454007,scr1997,avaConv,onshore
31DE,h0033,0.22948759833857785,scr1997,avaConv,onshore
31DE,h0034,0.2430648871620298,scr1997,avaConv,onshore
31DE,h0035,0.22764746521355358,scr1997,avaConv,onshore
31DE,h0036,0.19694394407859284,scr1997,avaConv,onshore
31DE,h0037,0.12006930681559135,scr1997,avaConv,onshore
31DE,h0038,0.06372071203452158,scr1997,avaConv,onshore
31DE,h0039,0.014574931270591524,scr1997,avaConv,onshore
31DE,h0040,0.01577586788753512,scr1997,avaConv,onshore
31DE,h0041,0.02021554436954715,scr1997,avaConv,onshore
31DE,h0042,0.024148836755247413,scr1997,avaConv,onshore
31DE,h0043,0.08231182132479109,scr1997,avaConv,onshore
31DE,h0044,0.12502268544187534,scr1997,avaConv,onshore
31DE,h0045,0.1596024906071857,scr1997,avaConv,onshore
31DE,h0046,0.12899922111353637,scr1997,avaConv,onshore
31DE,h0047,0.10718452363156815,scr1997,avaConv,onshore
31DE,h0048,0.08382494237743927,scr1997,avaConv,onshore
32DE,h0001,0.09278086455629925,scr1997,avaConv,onshore
32DE,h0002,0.08829267792321832,scr1997,avaConv,onshore
32DE,h0003,0.0875261677583112,scr1997,avaConv,onshore
32DE,h0004,0.0850697889897955,scr1997,avaConv,onshore
32DE,h0005,0.0847932967749875,scr1997,avaConv,onshore
32DE,h0006,0.08128646457305044,scr1997,avaConv,onshore
32DE,h0007,0.22686061940722332,scr1997,avaConv,onshore
32DE,h0008,0.3643433891112943,scr1997,avaConv,onshore
32DE,h0009,0.5010328752278294,scr1997,avaConv,onshore
32DE,h0010,0.48483076809487446,scr1997,avaConv,onshore
32DE,h0011,0.48786686719498373,scr1997,avaConv,onshore
32DE,h0012,0.47070592723529825,scr1997,avaConv,onshore
32DE,h0013,0.32147047535252843,scr1997,avaConv,onshore
32DE,h0014,0.1560894777762917,scr1997,avaConv,onshore
32DE,h0015,0.007901846232745967,scr1997,avaConv,onshore
32DE,h0016,0.009636713552529158,scr1997,avaConv,onshore
32DE,h0017,0.013733552736424884,scr1997,avaConv,onshore
32DE,h0018,0.01949049777801956,scr1997,avaConv,onshore
32DE,h0019,0.06704867551091395,scr1997,avaConv,onshore
32DE,h0020,0.11317973075771488,scr1997,avaConv,onshore
32DE,h0021,0.1530000917942434,scr1997,avaConv,onshore
32DE,h0022,0.14710157972787746,scr1997,avaConv,onshore
32DE,h0023,0.135392286696103,scr1997,avaConv,onshore
32DE,h0024,0.1280584690393916,scr1997,avaConv,onshore
32DE,h0025,0.2705101081360522,scr1997,avaConv,onshore
32DE,h0026,0.4118279611975447,scr1997,avaConv,onshore
32DE,h0027,0.5377344550807099,scr1997,avaConv,onshore
32DE,h0028,0.5175366734847595,scr1997,avaConv,onshore
32DE,h0029,0.4901867053390026,scr1997,avaConv,onshore
32DE,h0030,0.4599818233961421,scr1997,avaConv,onshore
32DE,h0031,0.3345967760266358,scr1997,avaConv,onshore
32DE,h0032,0.2160027549314725,scr1997,avaConv,onshore
32DE,h0033,0.111811650367775,scr1997,avaConv,onshore
32DE,h0034,0.10802100214302854,scr1997,avaConv,onshore
32DE,h0035,0.09603814138173766,scr1997,avaConv,onshore
32DE,h0036,0.07691826670624076,scr1997,avaConv,onshore
32DE,h0037,0.05886187404933801,scr1997,avaConv,onshore
32DE,h0038,0.04995679417389478,scr1997,avaConv,onshore
32DE,h0039,0.04738842884573584,scr1997,avaConv,onshore
32DE,h0040,0.04606719800579153,scr1997,avaConv,onshore
32DE,h0041,0.04877381570485958,scr1997,avaConv,onshore
32DE,h0042,0.052542370478376586,scr1997,avaConv,onshore
32DE,h0043,0.17160261692808404,scr1997,avaConv,onshore
32DE,h0044,0.27265151668066034,scr1997,avaConv,onshore
32DE,h0045,0.35799488043734623,scr1997,avaConv,onshore
32DE,h0046,0.321395439646021,scr1997,avaConv,onshore
32DE,h0047,0.289068827132955,scr1997,avaConv,onshore
32DE,h0048,0.2651478154225267,scr1997,avaConv,onshore
33DE,h0001,0.4663845641997144,scr1997,avaConv,onshore
33DE,h0002,0.4632352832991426,scr1997,avaConv,onshore
33DE,h0003,0.45808278249097506,scr1997,avaConv,onshore
33DE,h0004,0.4466673226676617,scr1997,avaConv,onshore
33DE,h0005,0.4373210563422339,scr1997,avaConv,onshore
33DE,h0006,0.433399121191805,scr1997,avaConv,onshore
33DE,h0007,0.46517740098032617,scr1997,avaConv,onshore
33DE,h0008,0.49809984204982166,scr1997,avaConv,onshore
33DE,h0009,0.5282141350286349,scr1997,avaConv,onshore
33DE,h0010,0.5210936621864702,scr1997,avaConv,onshore
33DE,h0011,0.49500543789177265,scr1997,avaConv,onshore
33DE,h0012,0.4713146195797567,scr1997,avaConv,onshore
33DE,h0013,0.32766629221263893,scr1997,avaConv,onshore
33DE,h0014,0.1994402508143802,scr1997,avaConv,onshore
33DE,h0015,0.07140671548059346,scr1997,avaConv,onshore
33DE,h0016,0.08123583205308711,scr1997,avaConv,onshore
33DE,h0017,0.10472848874197367,scr1997,avaConv,onshore
33DE,h0018,0.13074089048753865,scr1997,avaConv,onshore
33DE,h0019,0.10784694507354604,scr1997,avaConv,onshore
33DE,h0020,0.07266659466022056,scr1997,avaConv,onshore
33DE,h0021,0.030226738109163327,scr1997,avaConv,onshore
33DE,h0022,0.02727646536992745,scr1997,avaConv,onshore
33DE,h0023,0.020901359139368823,scr1997,avaConv,onshore
33DE,h0024,0.013737600965692482,scr1997,avaConv,onshore
33DE,h0025,0.07239345936956991,scr1997,avaConv,onshore
33DE,h0026,0.1290211908749199,scr1997,avaConv,onshore
33DE,h0027,0.1869595080531111,scr1997,avaConv,onshore
33DE,h0028,0.18401257914974284,scr1997,avaConv,onshore
33DE,h0029,0.182060850455205,scr1997,avaConv,onshore
33DE,h0030,0.18347584021223579,scr1997,avaConv,onshore
33DE,h0031,0.2673831023752755,scr1997,avaConv,onshore
33DE,h0032,0.3653898606229917,scr1997,avaConv,onshore
33DE,h0033,0.46632069489899486,scr1997,avaConv,onshore
33DE,h0034,0.47940673190610383,scr1997,avaConv,onshore
33DE,h0035,0.4504316346715274,scr1997,avaConv,onshore
33DE,h0036,0.4082955500748605,scr1997,avaConv,onshore
33DE,h0037,0.26359551406501314,scr1997,avaConv,onshore
33DE,h0038,0.14569288859159307,scr1997,avaConv,onshore
33DE,h0039,0.031893559017992776,scr1997,avaConv,onshore
33DE,h0040,0.03323568356303465,scr1997,avaConv,onshore
33DE,h0041,0.040763038652054766,scr1997,avaConv,onshore
33DE,h0042,0.04755651187872518,scr1997,avaConv,onshore
33DE,h0043,0.0467691947597242,scr1997,avaConv,onshore
33DE,h0044,0.0411553220380381,scr1997,avaConv,onshore
33DE,h0045,0.03421058547115397,scr1997,avaConv,onshore
33DE,h0046,0.02864813207978473,scr1997,avaConv,onshore
33DE,h0047,0.02334078719747855,scr1997,avaConv,onshore
33DE,h0048,0.02148355012585838,scr1997,avaConv,onshore
34DE,h0001,0.1653282105544538,scr1997,avaConv,onshore
34DE,h0002,0.17140396065672164,scr1997,avaConv,onshore
34DE,h0003,0.1781790064904335,scr1997,avaConv,onshore
34DE,h0004,0.18820593512648806,scr1997,avaConv,onshore
34DE,h0005,0.1975997837601116,scr1997,avaConv,onshore
34DE,h0006,0.21134776022913992,scr1997,avaConv,onshore
34DE,h0007,0.3352310500729674,scr1997,avaConv,onshore
34DE,h0008,0.4487002143729624,scr1997,avaConv,onshore
34DE,h0009,0.5430446696979551,scr1997,avaConv,onshore
34DE,h0010,0.5241203747055234,scr1997,avaConv,onshore
34DE,h0011,0.49944716322002414,scr1997,avaConv,onshore
34DE,h0012,0.4879201609549217,scr1997,avaConv,onshore
34DE,h0013,0.34072275966293386,scr1997,avaConv,onshore
34DE,h0014,0.19938667454124503,scr1997,avaConv,onshore
34DE,h0015,0.04710214123363172,scr1997,avaConv,onshore
34DE,h0016,0.06112347290262812,scr1997,avaConv,onshore
34DE,h0017,0.08101002061674746,scr1997,avaConv,onshore
34DE,h0018,0.0982558666363039,scr1997,avaConv,onshore
34DE,h0019,0.09797265002324694,scr1997,avaConv,onshore
34DE,h0020,0.08614906987347996,scr1997,avaConv,onshore
34DE,h0021,0.06759053184441331,scr1997,avaConv,onshore
34DE,h0022,0.05730810672038917,scr1997,avaConv,onshore
34DE,h0023,0.04728277496018395,scr1997,avaConv,onshore
34DE,h0024,0.03939620482984745,scr1997,avaConv,onshore
34DE,h0025,0.1525824393735143,scr1997,avaConv,onshore
34DE,h0026,0.26479510846817705,scr1997,avaConv,onshore
34DE,h0027,0.3623791587642826,scr1997,avaConv,onshore
34DE,h0028,0.34207277106597994,scr1997,avaConv,onshore
34DE,h0029,0.3065152336963894,scr1997,avaConv,onshore
34DE,h0030,0.27929404131132934,scr1997,avaConv,onshore
34DE,h0031,0.24470741465521093,scr1997,avaConv,onshore
34DE,h0032,0.2216223294033264,scr1997,avaConv,onshore
34DE,h0033,0.20269578335769753,scr1997,avaConv,onshore
34DE,h0034,0.20077954986068353,scr1997,avaConv,onshore
34DE,h0035,0.19738869063031325,scr1997,avaConv,onshore
34DE,h0036,0.18159009779890448,scr1997,avaConv,onshore
34DE,h0037,0.1600224344193862,scr1997,avaConv,onshore
34DE,h0038,0.1298625165807944,scr1997,avaConv,onshore
34DE,h0039,0.10583591977103755,scr1997,avaConv,onshore
34DE,h0040,0.0875907067126847,scr1997,avaConv,onshore
34DE,h0041,0.08122328652825263,scr1997,avaConv,onshore
34DE,h0042,0.08396524076916306,scr1997,avaConv,onshore
34DE,h0043,0.14988103363101943,scr1997,avaConv,onshore
34DE,h0044,0.20034871343052757,scr1997,avaConv,onshore
34DE,h0045,0.24478846838292534,scr1997,avaConv,onshore
34DE,h0046,0.22495468904156019,scr1997,avaConv,onshore
34DE,h0047,0.20967322461158772,scr1997,avaConv,onshore
34DE,h0048,0.18771877600666365,scr1997,avaConv,onshore
35DE,h0001,0.6061163957136185,scr1997,avaConv,onshore
35DE,h0002,0.6114137177523903,scr1997,avaConv,onshore
35DE,h0003,0.6125644037961447,scr1997,avaConv,onshore
35DE,h0004,0.6151137120560057,scr1997,avaConv,onshore
35DE,h0005,0.610841698453992,scr1997,avaConv,onshore
35DE,h0006,0.6034539055134281,scr1997,avaConv,onshore
35DE,h0007,0.5824753175693518,scr1997,avaConv,onshore
35DE,h0008,0.559051758625281,scr1997,avaConv,onshore
35DE,h0009,0.5319706992252717,scr1997,avaConv,onshore
35DE,h0010,0.514269104057759,scr1997,avaConv,onshore
35DE,h0011,0.4413998596771432,scr1997,avaConv,onshore
35DE,h0012,0.3651600865877368,scr1997,avaConv,onshore
35DE,h0013,0.22963613429151805,scr1997,avaConv,onshore
35DE,h0014,0.15252429390304623,scr1997,avaConv,onshore
35DE,h0015,0.08445399843930591,scr1997,avaConv,onshore
35DE,h0016,0.08997307098942142,scr1997,avaConv,onshore
35DE,h0017,0.10891137584854318,scr1997,avaConv,onshore
35DE,h0018,0.130531938140433,scr1997,avaConv,onshore
35DE,h0019,0.1031368535338096,scr1997,avaConv,onshore
35DE,h0020,0.06334965839361294,scr1997,avaConv,onshore
35DE,h0021,0.017737605175419634,scr1997,avaConv,onshore
35DE,h0022,0.014107996130890291,scr1997,avaConv,onshore
35DE,h0023,0.009564393595910266,scr1997,avaConv,onshore
35DE,h0024,0.004473357110294499,scr1997,avaConv,onshore
35DE,h0025,0.020833461902917717,scr1997,avaConv,onshore
35DE,h0026,0.04012641879790169,scr1997,avaConv,onshore
35DE,h0027,0.06242139545047897,scr1997,avaConv,onshore
35DE,h0028,0.07140199677219425,scr1997,avaConv,onshore
35DE,h0029,0.07958511787042712,scr1997,avaConv,onshore
35DE,h0030,0.08678851857809494,scr1997,avaConv,onshore
35DE,h0031,0.1242786639578943,scr1997,avaConv,onshore
35DE,h0032,0.16182670295549847,scr1997,avaConv,onshore
35DE,h0033,0.19884265193751285,scr1997,avaConv,onshore
35DE,h0034,0.20243501508509537,scr1997,avaConv,onshore
35DE,h0035,0.19352045896045092,scr1997,avaConv,onshore
35DE,h0036,0.18250505765150235,scr1997,avaConv,onshore
35DE,h0037,0.12204493908819428,scr1997,avaConv,onshore
35DE,h0038,0.0722297263511794,scr1997,avaConv,onshore
35DE,h0039,0.02048225544151293,scr1997,avaConv,onshore
35DE,h0040,0.022271250671905482,scr1997,avaConv,onshore
35DE,h0041,0.03424045958386344,scr1997,avaConv,onshore
35DE,h0042,0.05569897070060807,scr1997,avaConv,onshore
35DE,h0043,0.0616511784929215,scr1997,avaConv,onshore
35DE,h0044,0.05779376896645156,scr1997,avaConv,onshore
35DE,h0045,0.044139327008671014,scr1997,avaConv,onshore
35DE,h0046,0.0467948384556893,scr1997,avaConv,onshore
35DE,h0047,0.04402411307795664,scr1997,avaConv,onshore
35DE,h0048,0.04468632860121237,scr1997,avaConv,onshore
36DE,h0001,0.5480145546092945,scr1997,avaConv,onshore
36DE,h0002,0.5789763634262738,scr1997,avaConv,onshore
36DE,h0003,0.5964623838785028,scr1997,avaConv,onshore
36DE,h0004,0.6281833807690534,scr1997,avaConv,onshore
36DE,h0005,0.6375813959926745,scr1997,avaConv,onshore
36DE,h0006,0.6361041271332261,scr1997,avaConv,onshore
36DE,h0007,0.5271667022530713,scr1997,avaConv,onshore
36DE,h0008,0.3924282771329325,scr1997,avaConv,onshore
36DE,h0009,0.2475896022950611,scr1997,avaConv,onshore
36DE,h0010,0.20136124943214548,scr1997,avaConv,onshore
36DE,h0011,0.15466471019867672,scr1997,avaConv,onshore
36DE,h0012,0.11162400941037738,scr1997,avaConv,onshore
36DE,h0013,0.06857139048379775,scr1997,avaConv,onshore
36DE,h0014,0.05424822728807262,scr1997,avaConv,onshore
36DE,h0015,0.04485990188484794,scr1997,avaConv,onshore
36DE,h0016,0.04667441548566667,scr1997,avaConv,onshore
36DE,h0017,0.05947981691052395,scr1997,avaConv,onshore
36DE,h0018,0.083094891206538,scr1997,avaConv,onshore
36DE,h0019,0.06889669306702613,scr1997,avaConv,onshore
36DE,h0020,0.04261486032681009,scr1997,avaConv,onshore
36DE,h0021,0.002055808918791579,scr1997,avaConv,onshore
36DE,h0022,0.0013752763125811235,scr1997,avaConv,onshore
36DE,h0023,0.0008721263437536078,scr1997,avaConv,onshore
36DE,h0024,0.0005073135935769281,scr1997,avaConv,onshore
36DE,h0025,0.028829948757010393,scr1997,avaConv,onshore
36DE,h0026,0.05761650424347212,scr1997,avaConv,onshore
36DE,h0027,0.09330559884247829,scr1997,avaConv,onshore
36DE,h0028,0.10828907516208586,scr1997,avaConv,onshore
36DE,h0029,0.12152469657117418,scr1997,avaConv,onshore
36DE,h0030,0.12988078871624645,scr1997,avaConv,onshore
36DE,h0031,0.10087092730379055,scr1997,avaConv,onshore
36DE,h0032,0.06931951367570649,scr1997,avaConv,onshore
36DE,h0033,0.03224336253004539,scr1997,avaConv,onshore
36DE,h0034,0.029864207430374573,scr1997,avaConv,onshore
36DE,h0035,0.026421339261281714,scr1997,avaConv,onshore
36DE,h0036,0.024524275162401344,scr1997,avaConv,onshore
36DE,h0037,0.021749194266576167,scr1997,avaConv,onshore
36DE,h0038,0.018939668990211784,scr1997,avaConv,onshore
36DE,h0039,0.015200808150362323,scr1997,avaConv,onshore
36DE,h0040,0.015155913187809648,scr1997,avaConv,onshore
36DE,h0041,0.023293016666610145,scr1997,avaConv,onshore
36DE,h0042,0.03957286248459128,scr1997,avaConv,onshore
36DE,h0043,0.07622515461159919,scr1997,avaConv,onshore
36DE,h0044,0.11250960831828728,scr1997,avaConv,onshore
36DE,h0045,0.14578646422504157,scr1997,avaConv,onshore
36DE,h0046,0.16008906964945455,scr1997,avaConv,onshore
36DE,h0047,0.15533311107531553,scr1997,avaConv,onshore
36DE,h0048,0.1379016476613464,scr1997,avaConv,onshore
37DE,h0001,0.492305921672883,scr1997,avaConv,onshore
37DE,h0002,0.5425055380835501,scr1997,avaConv,onshore
37DE,h0003,0.5701177430023489,scr1997,avaConv,onshore
37DE,h0004,0.6133328211674663,scr1997,avaConv,onshore
37DE,h0005,0.622756003540023,scr1997,avaConv,onshore
37DE,h0006,0.6241037867735582,scr1997,avaConv,onshore
37DE,h0007,0.6515537725634091,scr1997,avaConv,onshore
37DE,h0008,0.6653481207027293,scr1997,avaConv,onshore
37DE,h0009,0.6504485657544457,scr1997,avaConv,onshore
37DE,h0010,0.5837524730204474,scr1997,avaConv,onshore
37DE,h0011,0.4785129775228856,scr1997,avaConv,onshore
37DE,h0012,0.37865674054765464,scr1997,avaConv,onshore
37DE,h0013,0.23174186250472012,scr1997,avaConv,onshore
37DE,h0014,0.13309332238594643,scr1997,avaConv,onshore
37DE,h0015,0.05452934448609499,scr1997,avaConv,onshore
37DE,h0016,0.06389148381173558,scr1997,avaConv,onshore
37DE,h0017,0.09888903177026213,scr1997,avaConv,onshore
37DE,h0018,0.1399704426225985,scr1997,avaConv,onshore
37DE,h0019,0.12462495641250747,scr1997,avaConv,onshore
37DE,h0020,0.08450418080099259,scr1997,avaConv,onshore
37DE,h0021,0.030664927507256374,scr1997,avaConv,onshore
37DE,h0022,0.020969957631724767,scr1997,avaConv,onshore
37DE,h0023,0.011315838922259633,scr1997,avaConv,onshore
37DE,h0024,0.0056191326365311375,scr1997,avaConv,onshore
37DE,h0025,0.016098972614185324,scr1997,avaConv,onshore
37DE,h0026,0.030899280352767195,scr1997,avaConv,onshore
37DE,h0027,0.04947847139548901,scr1997,avaConv,onshore
37DE,h0028,0.0581937715082535,scr1997,avaConv,onshore
37DE,h0029,0.06581801665771565,scr1997,avaConv,onshore
37DE,h0030,0.071445609980826,scr1997,avaConv,onshore
37DE,h0031,0.07464470341370817,scr1997,avaConv,onshore
37DE,h0032,0.07955173738279418,scr1997,avaConv,onshore
37DE,h0033,0.08641277698103353,scr1997,avaConv,onshore
37DE,h0034,0.09175745285305684,scr1997,avaConv,onshore
37DE,h0035,0.08495609166185665,scr1997,avaConv,onshore
37DE,h0036,0.06926097419613396,scr1997,avaConv,onshore
37DE,h0037,0.046618450015224244,scr1997,avaConv,onshore
37DE,h0038,0.030863070401138146,scr1997,avaConv,onshore
37DE,h0039,0.020508228577847776,scr1997,avaConv,onshore
37DE,h0040,0.020516943594493003,scr1997,avaConv,onshore
37DE,h0041,0.027070848002605424,scr1997,avaConv,onshore
37DE,h0042,0.033293227231102306,scr1997,avaConv,onshore
37DE,h0043,0.07567177794612837,scr1997,avaConv,onshore
37DE,h0044,0.12221511389135076,scr1997,avaConv,onshore
37DE,h0045,0.17376403265894072,scr1997,avaConv,onshore
37DE,h0046,0.19020174410257976,scr1997,avaConv,onshore
37DE,h0047,0.18495700241983729,scr1997,avaConv,onshore
37DE,h0048,0.16853330667847888,scr1997,avaConv,onshore
72DK,h0001,0.0973997265725763,scr1997,avaConv,onshore
72DK,h0002,0.09145514514315382,scr1997,avaConv,onshore
72DK,h0003,0.08509665480906065,scr1997,avaConv,onshore
72DK,h0004,0.07114103368646495,scr1997,avaConv,onshore
72DK,h0005,0.059088268153693176,scr1997,avaConv,onshore
72DK,h0006,0.04788215479017943,scr1997,avaConv,onshore
72DK,h0007,0.10844218430587305,scr1997,avaConv,onshore
72DK,h0008,0.1774949034402257,scr1997,avaConv,onshore
72DK,h0009,0.2549257941076753,scr1997,avaConv,onshore
72DK,h0010,0.2592260673167336,scr1997,avaConv,onshore
72DK,h0011,0.24577425327212746,scr1997,avaConv,onshore
72DK,h0012,0.20112667486909022,scr1997,avaConv,onshore
72DK,h0013,0.167015367320991,scr1997,avaConv,onshore
72DK,h0014,0.14721645426095425,scr1997,avaConv,onshore
72DK,h0015,0.1578556468632823,scr1997,avaConv,onshore
72DK,h0016,0.17749610838219257,scr1997,avaConv,onshore
72DK,h0017,0.20371773571865834,scr1997,avaConv,onshore
72DK,h0018,0.2385528514376143,scr1997,avaConv,onshore
72DK,h0019,0.19132531821587737,scr1997,avaConv,onshore
72DK,h0020,0.12950781857942206,scr1997,avaConv,onshore
72DK,h0021,0.04646119227232585,scr1997,avaConv,onshore
72DK,h0022,0.035667579844035194,scr1997,avaConv,onshore
72DK,h0023,0.02815615564963314,scr1997,avaConv,onshore
72DK,h0024,0.027485788559769846,scr1997,avaConv,onshore
72DK,h0025,0.24443062530957,scr1997,avaConv,onshore
72DK,h0026,0.43941072566731193,scr1997,avaConv,onshore
72DK,h0027,0.6207931409131208,scr1997,avaConv,onshore
72DK,h0028,0.5913348037535122,scr1997,avaConv,onshore
72DK,h0029,0.5615209234545108,scr1997,avaConv,onshore
72DK,h0030,0.5231352770165643,scr1997,avaConv,onshore
72DK,h0031,0.35729430577330334,scr1997,avaConv,onshore
72DK,h0032,0.20182756388230766,scr1997,avaConv,onshore
72DK,h0033,0.05994945346388865,scr1997,avaConv,onshore
72DK,h0034,0.06310190919002588,scr1997,avaConv,onshore
72DK,h0035,0.059987496056106066,scr1997,avaConv,onshore
72DK,h0036,0.053644369528009474,scr1997,avaConv,onshore
72DK,h0037,0.03170932711349092,scr1997,avaConv,onshore
72DK,h0038,0.014913938790034248,scr1997,avaConv,onshore
72DK,h0039,0.0004182514668030269,scr1997,avaConv,onshore
72DK,h0040,0.0015546760029577504,scr1997,avaConv,onshore
72DK,h0041,0.0018794088748044805,scr1997,avaConv,onshore
72DK,h0042,0.002033457898303596,scr1997,avaConv,onshore
72DK,h0043,0.10350129879800185,scr1997,avaConv,onshore
72DK,h0044,0.18832279953489284,scr1997,avaConv,onshore
72DK,h0045,0.2594083071709253,scr1997,avaConv,onshore
72DK,h0046,0.222759866279549,scr1997,avaConv,onshore
72DK,h0047,0.19793715348386517,scr1997,avaConv,onshore
72DK,h0048,0.17336497914056162,scr1997,avaConv,onshore
38DK,h0001,0.08026235647911557,scr1997,avaConv,onshore
38DK,h0002,0.07804503709129827,scr1997,avaConv,onshore
38DK,h0003,0.07507539095655286,scr1997,avaConv,onshore
38DK,h0004,0.06725100320909776,scr1997,avaConv,onshore
38DK,h0005,0.06044343844296418,scr1997,avaConv,onshore
38DK,h0006,0.05536688750540976,scr1997,avaConv,onshore
38DK,h0007,0.10827873720415336,scr1997,avaConv,onshore
38DK,h0008,0.16089103524965803,scr1997,avaConv,onshore
38DK,h0009,0.2123635360589121,scr1997,avaConv,onshore
38DK,h0010,0.20667933561642376,scr1997,avaConv,onshore
38DK,h0011,0.19020757109734368,scr1997,avaConv,onshore
38DK,h0012,0.15660159104843807,scr1997,avaConv,onshore
38DK,h0013,0.194182690103427,scr1997,avaConv,onshore
38DK,h0014,0.23862706243598936,scr1997,avaConv,onshore
38DK,h0015,0.29840575274894127,scr1997,avaConv,onshore
38DK,h0016,0.3038137028953958,scr1997,avaConv,onshore
38DK,h0017,0.313077227307517,scr1997,avaConv,onshore
38DK,h0018,0.32389777768949984,scr1997,avaConv,onshore
38DK,h0019,0.2415279688427744,scr1997,avaConv,onshore
38DK,h0020,0.15276259461739816,scr1997,avaConv,onshore
38DK,h0021,0.056313025482809656,scr1997,avaConv,onshore
38DK,h0022,0.06154148588156887,scr1997,avaConv,onshore
38DK,h0023,0.06900046110015469,scr1997,avaConv,onshore
38DK,h0024,0.07854496097483718,scr1997,avaConv,onshore
38DK,h0025,0.2952840478448349,scr1997,avaConv,onshore
38DK,h0026,0.4749013537116521,scr1997,avaConv,onshore
38DK,h0027,0.6177549810162439,scr1997,avaConv,onshore
38DK,h0028,0.5470234474560519,scr1997,avaConv,onshore
38DK,h0029,0.46472605635392217,scr1997,avaConv,onshore
38DK,h0030,0.38203638164859965,scr1997,avaConv,onshore
38DK,h0031,0.2671430358691988,scr1997,avaConv,onshore
38DK,h0032,0.17942333250666276,scr1997,avaConv,onshore
38DK,h0033,0.12126132795380228,scr1997,avaConv,onshore
38DK,h0034,0.1297862584064402,scr1997,avaConv,onshore
38DK,h0035,0.11994787884986403,scr1997,avaConv,onshore
38DK,h0036,0.10458353354890089,scr1997,avaConv,onshore
38DK,h0037,0.061415574346273656,scr1997,avaConv,onshore
38DK,h0038,0.032554803501977064,scr1997,avaConv,onshore
38DK,h0039,0.001391218029561209,scr1997,avaConv,onshore
38DK,h0040,0.0,scr1997,avaConv,onshore
38DK,h0041,0.0006192471846820382,scr1997,avaConv,onshore
38DK,h0042,0.004874480327130065,scr1997,avaConv,onshore
38DK,h0043,0.055632803365099764,scr1997,avaConv,onshore
38DK,h0044,0.09564629811496556,scr1997,avaConv,onshore
38DK,h0045,0.12481725505896428,scr1997,avaConv,onshore
38DK,h0046,0.10880005686317068,scr1997,avaConv,onshore
38DK,h0047,0.11646190269226696,scr1997,avaConv,onshore
38DK,h0048,0.13444717032522494,scr1997,avaConv,onshore
73EE,h0001,0.6868890667433839,scr1997,avaConv,onshore
73EE,h0002,0.683796683687409,scr1997,avaConv,onshore
73EE,h0003,0.6776385633992565,scr1997,avaConv,onshore
73EE,h0004,0.6496687850059776,scr1997,avaConv,onshore
73EE,h0005,0.6146337184385725,scr1997,avaConv,onshore
73EE,h0006,0.5714518133561047,scr1997,avaConv,onshore
73EE,h0007,0.3820772811100761,scr1997,avaConv,onshore
73EE,h0008,0.20026728934565516,scr1997,avaConv,onshore
73EE,h0009,0.030795917714643982,scr1997,avaConv,onshore
73EE,h0010,0.047271749667326064,scr1997,avaConv,onshore
73EE,h0011,0.07903448070745385,scr1997,avaConv,onshore
73EE,h0012,0.1244134578840775,scr1997,avaConv,onshore
73EE,h0013,0.2715579585588774,scr1997,avaConv,onshore
73EE,h0014,0.39335665049674357,scr1997,avaConv,onshore
73EE,h0015,0.49737514633336694,scr1997,avaConv,onshore
73EE,h0016,0.4917900442983213,scr1997,avaConv,onshore
73EE,h0017,0.4970900724987544,scr1997,avaConv,onshore
73EE,h0018,0.4971189628655325,scr1997,avaConv,onshore
73EE,h0019,0.3706839707612774,scr1997,avaConv,onshore
73EE,h0020,0.23251226417713897,scr1997,avaConv,onshore
73EE,h0021,0.09066931608736989,scr1997,avaConv,onshore
73EE,h0022,0.07372710359542993,scr1997,avaConv,onshore
73EE,h0023,0.06337999410827524,scr1997,avaConv,onshore
73EE,h0024,0.05653142769499689,scr1997,avaConv,onshore
73EE,h0025,0.3491111624140207,scr1997,avaConv,onshore
73EE,h0026,0.6322876624966444,scr1997,avaConv,onshore
73EE,h0027,0.9138397547653383,scr1997,avaConv,onshore
73EE,h0028,0.9141344868571845,scr1997,avaConv,onshore
73EE,h0029,0.9121872026631784,scr1997,avaConv,onshore
73EE,h0030,0.9037512353596184,scr1997,avaConv,onshore
73EE,h0031,0.6315110891598342,scr1997,avaConv,onshore
73EE,h0032,0.36511354339062146,scr1997,avaConv,onshore
73EE,h0033,0.10221210715113359,scr1997,avaConv,onshore
73EE,h0034,0.11859662316477855,scr1997,avaConv,onshore
73EE,h0035,0.1305884147216932,scr1997,avaConv,onshore
73EE,h0036,0.14038485007378815,scr1997,avaConv,onshore
73EE,h0037,0.12522392151298056,scr1997,avaConv,onshore
73EE,h0038,0.09805319962978772,scr1997,avaConv,onshore
73EE,h0039,0.0637850618147801,scr1997,avaConv,onshore
73EE,h0040,0.047869954585088144,scr1997,avaConv,onshore
73EE,h0041,0.04327257303714367,scr1997,avaConv,onshore
73EE,h0042,0.04599127078088218,scr1997,avaConv,onshore
73EE,h0043,0.12365064812971617,scr1997,avaConv,onshore
73EE,h0044,0.20514647249837156,scr1997,avaConv,onshore
73EE,h0045,0.2850151661507086,scr1997,avaConv,onshore
73EE,h0046,0.29269346292602705,scr1997,avaConv,onshore
73EE,h0047,0.29652924566439665,scr1997,avaConv,onshore
73EE,h0048,0.3040040825511734,scr1997,avaConv,onshore
01ES,h0001,0.20853480420926354,scr1997,avaConv,onshore
01ES,h0002,0.19381904059062582,scr1997,avaConv,onshore
01ES,h0003,0.17641444585994465,scr1997,avaConv,onshore
01ES,h0004,0.14384961314742614,scr1997,avaConv,onshore
01ES,h0005,0.11708758785405521,scr1997,avaConv,onshore
01ES,h0006,0.10450832611889588,scr1997,avaConv,onshore
01ES,h0007,0.08573717070560673,scr1997,avaConv,onshore
01ES,h0008,0.06943214423929812,scr1997,avaConv,onshore
01ES,h0009,0.049693673337164894,scr1997,avaConv,onshore
01ES,h0010,0.0456506488045557,scr1997,avaConv,onshore
01ES,h0011,0.03989395884817459,scr1997,avaConv,onshore
01ES,h0012,0.031797365692561017,scr1997,avaConv,onshore
01ES,h0013,0.31556052501619747,scr1997,avaConv,onshore
01ES,h0014,0.5746459212133239,scr1997,avaConv,onshore
01ES,h0015,0.8104050053786793,scr1997,avaConv,onshore
01ES,h0016,0.8006532047283321,scr1997,avaConv,onshore
01ES,h0017,0.7913378625803767,scr1997,avaConv,onshore
01ES,h0018,0.8034001070274195,scr1997,avaConv,onshore
01ES,h0019,0.6097422009659401,scr1997,avaConv,onshore
01ES,h0020,0.3922375214906712,scr1997,avaConv,onshore
01ES,h0021,0.137669229267991,scr1997,avaConv,onshore
01ES,h0022,0.11584114812481412,scr1997,avaConv,onshore
01ES,h0023,0.09293026505740982,scr1997,avaConv,onshore
01ES,h0024,0.07748383112620102,scr1997,avaConv,onshore
01ES,h0025,0.05968413797887897,scr1997,avaConv,onshore
01ES,h0026,0.05582490051618126,scr1997,avaConv,onshore
01ES,h0027,0.0554273880141896,scr1997,avaConv,onshore
01ES,h0028,0.06489795165100616,scr1997,avaConv,onshore
01ES,h0029,0.07216200630123151,scr1997,avaConv,onshore
01ES,h0030,0.07864927745980045,scr1997,avaConv,onshore
01ES,h0031,0.1316265882184925,scr1997,avaConv,onshore
01ES,h0032,0.1903156746495133,scr1997,avaConv,onshore
01ES,h0033,0.25961532793867625,scr1997,avaConv,onshore
01ES,h0034,0.2946621984517377,scr1997,avaConv,onshore
01ES,h0035,0.31075094007004134,scr1997,avaConv,onshore
01ES,h0036,0.33277670137462,scr1997,avaConv,onshore
01ES,h0037,0.4848686777961827,scr1997,avaConv,onshore
01ES,h0038,0.6585086254100414,scr1997,avaConv,onshore
01ES,h0039,0.8181219724321191,scr1997,avaConv,onshore
01ES,h0040,0.8519671627472222,scr1997,avaConv,onshore
01ES,h0041,0.8683710375193838,scr1997,avaConv,onshore
01ES,h0042,0.8707916105172915,scr1997,avaConv,onshore
01ES,h0043,0.6083746405399718,scr1997,avaConv,onshore
01ES,h0044,0.3301749894884944,scr1997,avaConv,onshore
01ES,h0045,0.01405102991872517,scr1997,avaConv,onshore
01ES,h0046,0.011276698749029838,scr1997,avaConv,onshore
01ES,h0047,0.006797367945508583,scr1997,avaConv,onshore
01ES,h0048,0.0031037505321351026,scr1997,avaConv,onshore
02ES,h0001,0.19375110074769272,scr1997,avaConv,onshore
02ES,h0002,0.18314156202637805,scr1997,avaConv,onshore
02ES,h0003,0.1631252924226225,scr1997,avaConv,onshore
02ES,h0004,0.12267443281768561,scr1997,avaConv,onshore
02ES,h0005,0.07955231577432809,scr1997,avaConv,onshore
02ES,h0006,0.04837282536984299,scr1997,avaConv,onshore
02ES,h0007,0.16068083455946588,scr1997,avaConv,onshore
02ES,h0008,0.2781361809730325,scr1997,avaConv,onshore
02ES,h0009,0.3906538917161392,scr1997,avaConv,onshore
02ES,h0010,0.35814981700722387,scr1997,avaConv,onshore
02ES,h0011,0.31784740185397675,scr1997,avaConv,onshore
02ES,h0012,0.27369022080773586,scr1997,avaConv,onshore
02ES,h0013,0.2670641098523891,scr1997,avaConv,onshore
02ES,h0014,0.2922675428650593,scr1997,avaConv,onshore
02ES,h0015,0.3550014961627961,scr1997,avaConv,onshore
02ES,h0016,0.4061687379370233,scr1997,avaConv,onshore
02ES,h0017,0.4617737638444131,scr1997,avaConv,onshore
02ES,h0018,0.4984568854406461,scr1997,avaConv,onshore
02ES,h0019,0.3974773753468972,scr1997,avaConv,onshore
02ES,h0020,0.2703056509604964,scr1997,avaConv,onshore
02ES,h0021,0.1338140856454139,scr1997,avaConv,onshore
02ES,h0022,0.1092304918827218,scr1997,avaConv,onshore
02ES,h0023,0.0872148052440558,scr1997,avaConv,onshore
02ES,h0024,0.0724101610627215,scr1997,avaConv,onshore
02ES,h0025,0.0580737936954962,scr1997,avaConv,onshore
02ES,h0026,0.0503929858968971,scr1997,avaConv,onshore
02ES,h0027,0.04558405928063427,scr1997,avaConv,onshore
02ES,h0028,0.0476858316886804,scr1997,avaConv,onshore
02ES,h0029,0.04765343016299477,scr1997,avaConv,onshore
02ES,h0030,0.047291689958452995,scr1997,avaConv,onshore
02ES,h0031,0.17285767684287212,scr1997,avaConv,onshore
02ES,h0032,0.2877810406063352,scr1997,avaConv,onshore
02ES,h0033,0.39710712595099584,scr1997,avaConv,onshore
02ES,h0034,0.3840462338494601,scr1997,avaConv,onshore
02ES,h0035,0.38310696843303627,scr1997,avaConv,onshore
02ES,h0036,0.3795214717029117,scr1997,avaConv,onshore
02ES,h0037,0.3700272094857056,scr1997,avaConv,onshore
02ES,h0038,0.3620264427123265,scr1997,avaConv,onshore
02ES,h0039,0.3550437296261365,scr1997,avaConv,onshore
02ES,h0040,0.3343727538172622,scr1997,avaConv,onshore
02ES,h0041,0.3102011172618723,scr1997,avaConv,onshore
02ES,h0042,0.28885620526155986,scr1997,avaConv,onshore
02ES,h0043,0.20438514766826474,scr1997,avaConv,onshore
02ES,h0044,0.1285136608863547,scr1997,avaConv,onshore
02ES,h0045,0.058908928902569484,scr1997,avaConv,onshore
02ES,h0046,0.060443641778978235,scr1997,avaConv,onshore
02ES,h0047,0.058400842685823566,scr1997,avaConv,onshore
02ES,h0048,0.05521443176011905,scr1997,avaConv,onshore
03ES,h0001,0.2336654293504482,scr1997,avaConv,onshore
03ES,h0002,0.22855545506054245,scr1997,avaConv,onshore
03ES,h0003,0.2164770904493927,scr1997,avaConv,onshore
03ES,h0004,0.19196740639496493,scr1997,avaConv,onshore
03ES,h0005,0.1586305897071097,scr1997,avaConv,onshore
03ES,h0006,0.12315765038148234,scr1997,avaConv,onshore
03ES,h0007,0.33998630887639053,scr1997,avaConv,onshore
03ES,h0008,0.5573021865348001,scr1997,avaConv,onshore
03ES,h0009,0.7728041764678649,scr1997,avaConv,onshore
03ES,h0010,0.7347162090570698,scr1997,avaConv,onshore
03ES,h0011,0.6998965914179296,scr1997,avaConv,onshore
03ES,h0012,0.6806269589124115,scr1997,avaConv,onshore
03ES,h0013,0.489555085855555,scr1997,avaConv,onshore
03ES,h0014,0.33204557057323125,scr1997,avaConv,onshore
03ES,h0015,0.21231279290479063,scr1997,avaConv,onshore
03ES,h0016,0.29863048229158307,scr1997,avaConv,onshore
03ES,h0017,0.38817656799824024,scr1997,avaConv,onshore
03ES,h0018,0.45987552583761543,scr1997,avaConv,onshore
03ES,h0019,0.40164061678409047,scr1997,avaConv,onshore
03ES,h0020,0.31118131373189784,scr1997,avaConv,onshore
03ES,h0021,0.1896602681546854,scr1997,avaConv,onshore
03ES,h0022,0.1584185938505012,scr1997,avaConv,onshore
03ES,h0023,0.12769391966679455,scr1997,avaConv,onshore
03ES,h0024,0.10572858194364543,scr1997,avaConv,onshore
03ES,h0025,0.09386302865593102,scr1997,avaConv,onshore
03ES,h0026,0.09092672843335964,scr1997,avaConv,onshore
03ES,h0027,0.09605581899357055,scr1997,avaConv,onshore
03ES,h0028,0.10626881121210273,scr1997,avaConv,onshore
03ES,h0029,0.11537350452930774,scr1997,avaConv,onshore
03ES,h0030,0.12032561385357551,scr1997,avaConv,onshore
03ES,h0031,0.2808275454844899,scr1997,avaConv,onshore
03ES,h0032,0.41247852892269693,scr1997,avaConv,onshore
03ES,h0033,0.5219084241367028,scr1997,avaConv,onshore
03ES,h0034,0.4611351996732985,scr1997,avaConv,onshore
03ES,h0035,0.4185027910596014,scr1997,avaConv,onshore
03ES,h0036,0.3737981924504285,scr1997,avaConv,onshore
03ES,h0037,0.3667584020672612,scr1997,avaConv,onshore
03ES,h0038,0.3840645788186604,scr1997,avaConv,onshore
03ES,h0039,0.4190845034420177,scr1997,avaConv,onshore
03ES,h0040,0.4169080763487948,scr1997,avaConv,onshore
03ES,h0041,0.39514331373173783,scr1997,avaConv,onshore
03ES,h0042,0.3886900954341156,scr1997,avaConv,onshore
03ES,h0043,0.29419239677571585,scr1997,avaConv,onshore
03ES,h0044,0.20809019471163032,scr1997,avaConv,onshore
03ES,h0045,0.11226271796652865,scr1997,avaConv,onshore
03ES,h0046,0.10954339237430784,scr1997,avaConv,onshore
03ES,h0047,0.10219999982651927,scr1997,avaConv,onshore
03ES,h0048,0.10259522450832845,scr1997,avaConv,onshore
04ES,h0001,0.054498255122229305,scr1997,avaConv,onshore
04ES,h0002,0.04504090354371049,scr1997,avaConv,onshore
04ES,h0003,0.038722986342047974,scr1997,avaConv,onshore
04ES,h0004,0.02682451683499702,scr1997,avaConv,onshore
04ES,h0005,0.018819717901013132,scr1997,avaConv,onshore
04ES,h0006,0.012491617011064073,scr1997,avaConv,onshore
04ES,h0007,0.3184723165571749,scr1997,avaConv,onshore
04ES,h0008,0.6268164821692721,scr1997,avaConv,onshore
04ES,h0009,0.9357872022101854,scr1997,avaConv,onshore
04ES,h0010,0.933931081282155,scr1997,avaConv,onshore
04ES,h0011,0.9331127540950653,scr1997,avaConv,onshore
04ES,h0012,0.9326346521361368,scr1997,avaConv,onshore
04ES,h0013,0.6350917403313799,scr1997,avaConv,onshore
04ES,h0014,0.3435753001962434,scr1997,avaConv,onshore
04ES,h0015,0.09010605988996753,scr1997,avaConv,onshore
04ES,h0016,0.20889346873092235,scr1997,avaConv,onshore
04ES,h0017,0.3729974982601997,scr1997,avaConv,onshore
04ES,h0018,0.5434040122078205,scr1997,avaConv,onshore
04ES,h0019,0.47640856349441635,scr1997,avaConv,onshore
04ES,h0020,0.3622524960520282,scr1997,avaConv,onshore
04ES,h0021,0.2007089674275569,scr1997,avaConv,onshore
04ES,h0022,0.2007222700015598,scr1997,avaConv,onshore
04ES,h0023,0.20880887523092198,scr1997,avaConv,onshore
04ES,h0024,0.22261484241619142,scr1997,avaConv,onshore
04ES,h0025,0.30729935892457233,scr1997,avaConv,onshore
04ES,h0026,0.3800866189649989,scr1997,avaConv,onshore
04ES,h0027,0.45789392394542017,scr1997,avaConv,onshore
04ES,h0028,0.4691511589375111,scr1997,avaConv,onshore
04ES,h0029,0.4783905612898079,scr1997,avaConv,onshore
04ES,h0030,0.4765147208408354,scr1997,avaConv,onshore
04ES,h0031,0.5396015222279675,scr1997,avaConv,onshore
04ES,h0032,0.5647237333062382,scr1997,avaConv,onshore
04ES,h0033,0.5527775395493926,scr1997,avaConv,onshore
04ES,h0034,0.43042123704184937,scr1997,avaConv,onshore
04ES,h0035,0.32004410960669755,scr1997,avaConv,onshore
04ES,h0036,0.23810995710535504,scr1997,avaConv,onshore
04ES,h0037,0.1802756191363521,scr1997,avaConv,onshore
04ES,h0038,0.20396059579174391,scr1997,avaConv,onshore
04ES,h0039,0.2660624574133866,scr1997,avaConv,onshore
04ES,h0040,0.3596221082175171,scr1997,avaConv,onshore
04ES,h0041,0.3534152787496478,scr1997,avaConv,onshore
04ES,h0042,0.29004681622157613,scr1997,avaConv,onshore
04ES,h0043,0.21566810780453927,scr1997,avaConv,onshore
04ES,h0044,0.16451509732333952,scr1997,avaConv,onshore
04ES,h0045,0.14381695422882962,scr1997,avaConv,onshore
04ES,h0046,0.12380227807368749,scr1997,avaConv,onshore
04ES,h0047,0.13643062716874937,scr1997,avaConv,onshore
04ES,h0048,0.13821769814881457,scr1997,avaConv,onshore
05ES,h0001,0.07789783981449913,scr1997,avaConv,onshore
05ES,h0002,0.0797856905293831,scr1997,avaConv,onshore
05ES,h0003,0.07756512850511955,scr1997,avaConv,onshore
05ES,h0004,0.07183318024713868,scr1997,avaConv,onshore
05ES,h0005,0.06121641678049928,scr1997,avaConv,onshore
05ES,h0006,0.051312610555875396,scr1997,avaConv,onshore
05ES,h0007,0.3256480630923212,scr1997,avaConv,onshore
05ES,h0008,0.6202969792384233,scr1997,avaConv,onshore
05ES,h0009,0.9268051674725531,scr1997,avaConv,onshore
05ES,h0010,0.9281250146382809,scr1997,avaConv,onshore
05ES,h0011,0.9291040368432338,scr1997,avaConv,onshore
05ES,h0012,0.9339197889065329,scr1997,avaConv,onshore
05ES,h0013,0.626748421978971,scr1997,avaConv,onshore
05ES,h0014,0.31436009433477297,scr1997,avaConv,onshore
05ES,h0015,0.020321823884771828,scr1997,avaConv,onshore
05ES,h0016,0.026796188157287484,scr1997,avaConv,onshore
05ES,h0017,0.07238337097579184,scr1997,avaConv,onshore
05ES,h0018,0.15317828136626063,scr1997,avaConv,onshore
05ES,h0019,0.34856449253747934,scr1997,avaConv,onshore
05ES,h0020,0.5169168513223548,scr1997,avaConv,onshore
05ES,h0021,0.6446978990913682,scr1997,avaConv,onshore
05ES,h0022,0.6359599417553773,scr1997,avaConv,onshore
05ES,h0023,0.635755802050396,scr1997,avaConv,onshore
05ES,h0024,0.6494208996935908,scr1997,avaConv,onshore
05ES,h0025,0.46546606059194245,scr1997,avaConv,onshore
05ES,h0026,0.2838186241871245,scr1997,avaConv,onshore
05ES,h0027,0.10512667322669803,scr1997,avaConv,onshore
05ES,h0028,0.11208114564281145,scr1997,avaConv,onshore
05ES,h0029,0.11346808050642991,scr1997,avaConv,onshore
05ES,h0030,0.10520047919732507,scr1997,avaConv,onshore
05ES,h0031,0.19838643860014638,scr1997,avaConv,onshore
05ES,h0032,0.2835336569289736,scr1997,avaConv,onshore
05ES,h0033,0.3551919139376094,scr1997,avaConv,onshore
05ES,h0034,0.297257351898538,scr1997,avaConv,onshore
05ES,h0035,0.2389129945036552,scr1997,avaConv,onshore
05ES,h0036,0.1845362036137125,scr1997,avaConv,onshore
05ES,h0037,0.27314038861531276,scr1997,avaConv,onshore
05ES,h0038,0.3684355921942534,scr1997,avaConv,onshore
05ES,h0039,0.49751095362972403,scr1997,avaConv,onshore
05ES,h0040,0.5137749963526992,scr1997,avaConv,onshore
05ES,h0041,0.5612322115663763,scr1997,avaConv,onshore
05ES,h0042,0.6247930553812427,scr1997,avaConv,onshore
05ES,h0043,0.5645527932338892,scr1997,avaConv,onshore
05ES,h0044,0.493726658268057,scr1997,avaConv,onshore
05ES,h0045,0.3975201280498668,scr1997,avaConv,onshore
05ES,h0046,0.38889908998073014,scr1997,avaConv,onshore
05ES,h0047,0.35349103870224186,scr1997,avaConv,onshore
05ES,h0048,0.29543446646855315,scr1997,avaConv,onshore
06ES,h0001,0.021790439711458786,scr1997,avaConv,onshore
06ES,h0002,0.01779589615381101,scr1997,avaConv,onshore
06ES,h0003,0.014338227014575872,scr1997,avaConv,onshore
06ES,h0004,0.008608612850652217,scr1997,avaConv,onshore
06ES,h0005,0.005692571217973659,scr1997,avaConv,onshore
06ES,h0006,0.005444394753257508,scr1997,avaConv,onshore
06ES,h0007,0.2565900582763426,scr1997,avaConv,onshore
06ES,h0008,0.5508943493266073,scr1997,avaConv,onshore
06ES,h0009,0.8679587390056931,scr1997,avaConv,onshore
06ES,h0010,0.8723148036043779,scr1997,avaConv,onshore
06ES,h0011,0.8699230967067134,scr1997,avaConv,onshore
06ES,h0012,0.8274582469797678,scr1997,avaConv,onshore
06ES,h0013,0.5193145451345379,scr1997,avaConv,onshore
06ES,h0014,0.2316995593151892,scr1997,avaConv,onshore
06ES,h0015,0.013601820453512499,scr1997,avaConv,onshore
06ES,h0016,0.0057284944548697024,scr1997,avaConv,onshore
06ES,h0017,0.008682876901118757,scr1997,avaConv,onshore
06ES,h0018,0.01993632468025526,scr1997,avaConv,onshore
06ES,h0019,0.2360200509325287,scr1997,avaConv,onshore
06ES,h0020,0.45003871658322314,scr1997,avaConv,onshore
06ES,h0021,0.6184090112863584,scr1997,avaConv,onshore
06ES,h0022,0.47960979791486813,scr1997,avaConv,onshore
06ES,h0023,0.35228968267775657,scr1997,avaConv,onshore
06ES,h0024,0.25755218783026645,scr1997,avaConv,onshore
06ES,h0025,0.1568460430244692,scr1997,avaConv,onshore
06ES,h0026,0.0826212690034873,scr1997,avaConv,onshore
06ES,h0027,0.027005753941871782,scr1997,avaConv,onshore
06ES,h0028,0.023112973882460953,scr1997,avaConv,onshore
06ES,h0029,0.017710693401927585,scr1997,avaConv,onshore
06ES,h0030,0.014138526763186313,scr1997,avaConv,onshore
06ES,h0031,0.04416359318406752,scr1997,avaConv,onshore
06ES,h0032,0.08351212773751367,scr1997,avaConv,onshore
06ES,h0033,0.12336258945072276,scr1997,avaConv,onshore
06ES,h0034,0.11798157122082964,scr1997,avaConv,onshore
06ES,h0035,0.09809924459941316,scr1997,avaConv,onshore
06ES,h0036,0.07997260951928449,scr1997,avaConv,onshore
06ES,h0037,0.08445937822726478,scr1997,avaConv,onshore
06ES,h0038,0.10675409376571184,scr1997,avaConv,onshore
06ES,h0039,0.18594562318489236,scr1997,avaConv,onshore
06ES,h0040,0.32170400893583045,scr1997,avaConv,onshore
06ES,h0041,0.5095762408991383,scr1997,avaConv,onshore
06ES,h0042,0.6447543330409096,scr1997,avaConv,onshore
06ES,h0043,0.7368414826365579,scr1997,avaConv,onshore
06ES,h0044,0.7484229049055884,scr1997,avaConv,onshore
06ES,h0045,0.7327327068969107,scr1997,avaConv,onshore
06ES,h0046,0.6763536060108746,scr1997,avaConv,onshore
06ES,h0047,0.6686905746825865,scr1997,avaConv,onshore
06ES,h0048,0.6756403698662574,scr1997,avaConv,onshore
07ES,h0001,0.3257038815073006,scr1997,avaConv,onshore
07ES,h0002,0.34233688387972294,scr1997,avaConv,onshore
07ES,h0003,0.33769634770410034,scr1997,avaConv,onshore
07ES,h0004,0.3194140393855212,scr1997,avaConv,onshore
07ES,h0005,0.264748125511648,scr1997,avaConv,onshore
07ES,h0006,0.20415719106435054,scr1997,avaConv,onshore
07ES,h0007,0.2563705543449374,scr1997,avaConv,onshore
07ES,h0008,0.3215931439249795,scr1997,avaConv,onshore
07ES,h0009,0.3822128019443736,scr1997,avaConv,onshore
07ES,h0010,0.32624941390945245,scr1997,avaConv,onshore
07ES,h0011,0.270083567672207,scr1997,avaConv,onshore
07ES,h0012,0.23762172526786768,scr1997,avaConv,onshore
07ES,h0013,0.15465302505732983,scr1997,avaConv,onshore
07ES,h0014,0.08711491651397137,scr1997,avaConv,onshore
07ES,h0015,0.015277893429087605,scr1997,avaConv,onshore
07ES,h0016,0.02093393968953306,scr1997,avaConv,onshore
07ES,h0017,0.03343551907019267,scr1997,avaConv,onshore
07ES,h0018,0.06307498905753296,scr1997,avaConv,onshore
07ES,h0019,0.09629307398803562,scr1997,avaConv,onshore
07ES,h0020,0.1150281929145131,scr1997,avaConv,onshore
07ES,h0021,0.11313743312891107,scr1997,avaConv,onshore
07ES,h0022,0.10005195586649092,scr1997,avaConv,onshore
07ES,h0023,0.09219045878489672,scr1997,avaConv,onshore
07ES,h0024,0.08831127312377678,scr1997,avaConv,onshore
07ES,h0025,0.13154930427907063,scr1997,avaConv,onshore
07ES,h0026,0.17751356064135296,scr1997,avaConv,onshore
07ES,h0027,0.23356902643865346,scr1997,avaConv,onshore
07ES,h0028,0.2506295327099243,scr1997,avaConv,onshore
07ES,h0029,0.26387458590011076,scr1997,avaConv,onshore
07ES,h0030,0.26273810252003793,scr1997,avaConv,onshore
07ES,h0031,0.309969652487199,scr1997,avaConv,onshore
07ES,h0032,0.3375136209466992,scr1997,avaConv,onshore
07ES,h0033,0.3559853840040347,scr1997,avaConv,onshore
07ES,h0034,0.32203748909627467,scr1997,avaConv,onshore
07ES,h0035,0.28620470224478795,scr1997,avaConv,onshore
07ES,h0036,0.27222491594304027,scr1997,avaConv,onshore
07ES,h0037,0.17957316390827616,scr1997,avaConv,onshore
07ES,h0038,0.132216691067466,scr1997,avaConv,onshore
07ES,h0039,0.07523418139018573,scr1997,avaConv,onshore
07ES,h0040,0.08181053470440787,scr1997,avaConv,onshore
07ES,h0041,0.05263607067910497,scr1997,avaConv,onshore
07ES,h0042,0.023178181542111268,scr1997,avaConv,onshore
07ES,h0043,0.0211903197057079,scr1997,avaConv,onshore
07ES,h0044,0.03337692877588115,scr1997,avaConv,onshore
07ES,h0045,0.0507546367758632,scr1997,avaConv,onshore
07ES,h0046,0.06042032586845265,scr1997,avaConv,onshore
07ES,h0047,0.05815748602665952,scr1997,avaConv,onshore
07ES,h0048,0.04703518711188768,scr1997,avaConv,onshore
08ES,h0001,0.5169811143102678,scr1997,avaConv,onshore
08ES,h0002,0.4997249666196487,scr1997,avaConv,onshore
08ES,h0003,0.4643816958556039,scr1997,avaConv,onshore
08ES,h0004,0.3919420078804192,scr1997,avaConv,onshore
08ES,h0005,0.30325804823665586,scr1997,avaConv,onshore
08ES,h0006,0.22128533495287966,scr1997,avaConv,onshore
08ES,h0007,0.2650650645952854,scr1997,avaConv,onshore
08ES,h0008,0.32182671733433443,scr1997,avaConv,onshore
08ES,h0009,0.3867489796427417,scr1997,avaConv,onshore
08ES,h0010,0.3375747701095164,scr1997,avaConv,onshore
08ES,h0011,0.3131990341172499,scr1997,avaConv,onshore
08ES,h0012,0.3064037306026952,scr1997,avaConv,onshore
08ES,h0013,0.2754458270305803,scr1997,avaConv,onshore
08ES,h0014,0.2417327371222343,scr1997,avaConv,onshore
08ES,h0015,0.21340707207866144,scr1997,avaConv,onshore
08ES,h0016,0.2444499010012648,scr1997,avaConv,onshore
08ES,h0017,0.2958514060492053,scr1997,avaConv,onshore
08ES,h0018,0.35661033246195106,scr1997,avaConv,onshore
08ES,h0019,0.3341893053073131,scr1997,avaConv,onshore
08ES,h0020,0.27965927300183224,scr1997,avaConv,onshore
08ES,h0021,0.1976558143247101,scr1997,avaConv,onshore
08ES,h0022,0.17599689189103432,scr1997,avaConv,onshore
08ES,h0023,0.1527397209716328,scr1997,avaConv,onshore
08ES,h0024,0.14123487929748915,scr1997,avaConv,onshore
08ES,h0025,0.22908007850855386,scr1997,avaConv,onshore
08ES,h0026,0.3302611225504944,scr1997,avaConv,onshore
08ES,h0027,0.44048295471141874,scr1997,avaConv,onshore
08ES,h0028,0.4635758469258791,scr1997,avaConv,onshore
08ES,h0029,0.4761244503879158,scr1997,avaConv,onshore
08ES,h0030,0.4669443920140624,scr1997,avaConv,onshore
08ES,h0031,0.4332350920727384,scr1997,avaConv,onshore
08ES,h0032,0.38597398387493376,scr1997,avaConv,onshore
08ES,h0033,0.3432526033368767,scr1997,avaConv,onshore
08ES,h0034,0.32453117892006245,scr1997,avaConv,onshore
08ES,h0035,0.331419068403371,scr1997,avaConv,onshore
08ES,h0036,0.3558722734085964,scr1997,avaConv,onshore
08ES,h0037,0.2561922379194666,scr1997,avaConv,onshore
08ES,h0038,0.15658793195778137,scr1997,avaConv,onshore
08ES,h0039,0.05485917260024798,scr1997,avaConv,onshore
08ES,h0040,0.07513512025087517,scr1997,avaConv,onshore
08ES,h0041,0.08634223160837869,scr1997,avaConv,onshore
08ES,h0042,0.09961043283174899,scr1997,avaConv,onshore
08ES,h0043,0.09685241229888211,scr1997,avaConv,onshore
08ES,h0044,0.09865515764590489,scr1997,avaConv,onshore
08ES,h0045,0.09626097494466283,scr1997,avaConv,onshore
08ES,h0046,0.11071299948209545,scr1997,avaConv,onshore
08ES,h0047,0.11215396930530597,scr1997,avaConv,onshore
08ES,h0048,0.10359419556588496,scr1997,avaConv,onshore
09ES,h0001,0.1124714839832843,scr1997,avaConv,onshore
09ES,h0002,0.09483164946970674,scr1997,avaConv,onshore
09ES,h0003,0.07814054636113789,scr1997,avaConv,onshore
09ES,h0004,0.04958557333760054,scr1997,avaConv,onshore
09ES,h0005,0.02757899704223221,scr1997,avaConv,onshore
09ES,h0006,0.014198635725827385,scr1997,avaConv,onshore
09ES,h0007,0.04443435970764669,scr1997,avaConv,onshore
09ES,h0008,0.07426771967016053,scr1997,avaConv,onshore
09ES,h0009,0.09615737512477172,scr1997,avaConv,onshore
09ES,h0010,0.06873889883633588,scr1997,avaConv,onshore
09ES,h0011,0.047633489579745225,scr1997,avaConv,onshore
09ES,h0012,0.04606389013589167,scr1997,avaConv,onshore
09ES,h0013,0.15533806428905322,scr1997,avaConv,onshore
09ES,h0014,0.27609925067627866,scr1997,avaConv,onshore
09ES,h0015,0.401980236591912,scr1997,avaConv,onshore
09ES,h0016,0.4285476075331855,scr1997,avaConv,onshore
09ES,h0017,0.4643156766070464,scr1997,avaConv,onshore
09ES,h0018,0.5102510211544217,scr1997,avaConv,onshore
09ES,h0019,0.41355082075628924,scr1997,avaConv,onshore
09ES,h0020,0.3012903394238207,scr1997,avaConv,onshore
09ES,h0021,0.16330761499035662,scr1997,avaConv,onshore
09ES,h0022,0.14583687874912205,scr1997,avaConv,onshore
09ES,h0023,0.13504447212876663,scr1997,avaConv,onshore
09ES,h0024,0.13900231818332792,scr1997,avaConv,onshore
09ES,h0025,0.37324553788885395,scr1997,avaConv,onshore
09ES,h0026,0.6113608586762915,scr1997,avaConv,onshore
09ES,h0027,0.8425126835657307,scr1997,avaConv,onshore
09ES,h0028,0.8337923203111395,scr1997,avaConv,onshore
09ES,h0029,0.8212595663961664,scr1997,avaConv,onshore
09ES,h0030,0.8084937806916908,scr1997,avaConv,onshore
09ES,h0031,0.5713074762059235,scr1997,avaConv,onshore
09ES,h0032,0.3422531509503313,scr1997,avaConv,onshore
09ES,h0033,0.12386186942520944,scr1997,avaConv,onshore
09ES,h0034,0.10997447826245096,scr1997,avaConv,onshore
09ES,h0035,0.08829850001629716,scr1997,avaConv,onshore
09ES,h0036,0.07825649386139083,scr1997,avaConv,onshore
09ES,h0037,0.07436850629252932,scr1997,avaConv,onshore
09ES,h0038,0.08156239641484012,scr1997,avaConv,onshore
09ES,h0039,0.09523955258296923,scr1997,avaConv,onshore
09ES,h0040,0.11718797790477514,scr1997,avaConv,onshore
09ES,h0041,0.1326052336781466,scr1997,avaConv,onshore
09ES,h0042,0.11748944598639988,scr1997,avaConv,onshore
09ES,h0043,0.1800164765503041,scr1997,avaConv,onshore
09ES,h0044,0.23573604672423695,scr1997,avaConv,onshore
09ES,h0045,0.29656019154991986,scr1997,avaConv,onshore
09ES,h0046,0.26961265834602505,scr1997,avaConv,onshore
09ES,h0047,0.2452821631699635,scr1997,avaConv,onshore
09ES,h0048,0.23279725143810512,scr1997,avaConv,onshore
10ES,h0001,0.21654347565962062,scr1997,avaConv,onshore
10ES,h0002,0.20538662701620156,scr1997,avaConv,onshore
10ES,h0003,0.1862149954779386,scr1997,avaConv,onshore
10ES,h0004,0.1521020087825516,scr1997,avaConv,onshore
10ES,h0005,0.11865171496793109,scr1997,avaConv,onshore
10ES,h0006,0.08947655894021032,scr1997,avaConv,onshore
10ES,h0007,0.26128349619449664,scr1997,avaConv,onshore
10ES,h0008,0.42533805844034905,scr1997,avaConv,onshore
10ES,h0009,0.5844558471742689,scr1997,avaConv,onshore
10ES,h0010,0.5251663970450874,scr1997,avaConv,onshore
10ES,h0011,0.4735460059578676,scr1997,avaConv,onshore
10ES,h0012,0.43024240634100086,scr1997,avaConv,onshore
10ES,h0013,0.30508219964275773,scr1997,avaConv,onshore
10ES,h0014,0.19193595127516877,scr1997,avaConv,onshore
10ES,h0015,0.09223752002902048,scr1997,avaConv,onshore
10ES,h0016,0.10767565390328425,scr1997,avaConv,onshore
10ES,h0017,0.12621347659528506,scr1997,avaConv,onshore
10ES,h0018,0.1465303228462315,scr1997,avaConv,onshore
10ES,h0019,0.26544442700655774,scr1997,avaConv,onshore
10ES,h0020,0.37482180859398034,scr1997,avaConv,onshore
10ES,h0021,0.47726319795737937,scr1997,avaConv,onshore
10ES,h0022,0.4687190519637099,scr1997,avaConv,onshore
10ES,h0023,0.4452931719446418,scr1997,avaConv,onshore
10ES,h0024,0.41285791269576094,scr1997,avaConv,onshore
10ES,h0025,0.327492261449857,scr1997,avaConv,onshore
10ES,h0026,0.258079666622022,scr1997,avaConv,onshore
10ES,h0027,0.19968317987052525,scr1997,avaConv,onshore
10ES,h0028,0.20118993056686882,scr1997,avaConv,onshore
10ES,h0029,0.20309143634887594,scr1997,avaConv,onshore
10ES,h0030,0.20259220588934315,scr1997,avaConv,onshore
10ES,h0031,0.18069130259429284,scr1997,avaConv,onshore
10ES,h0032,0.16416627598511083,scr1997,avaConv,onshore
10ES,h0033,0.15731793162336305,scr1997,avaConv,onshore
10ES,h0034,0.1910727974700682,scr1997,avaConv,onshore
10ES,h0035,0.23945586824297319,scr1997,avaConv,onshore
10ES,h0036,0.26718305214576,scr1997,avaConv,onshore
10ES,h0037,0.2539001735078317,scr1997,avaConv,onshore
10ES,h0038,0.2121444478151868,scr1997,avaConv,onshore
10ES,h0039,0.1801344215665376,scr1997,avaConv,onshore
10ES,h0040,0.1515419429712934,scr1997,avaConv,onshore
10ES,h0041,0.125905980313337,scr1997,avaConv,onshore
10ES,h0042,0.08742662440408573,scr1997,avaConv,onshore
10ES,h0043,0.08405021901126153,scr1997,avaConv,onshore
10ES,h0044,0.09327223310144825,scr1997,avaConv,onshore
10ES,h0045,0.12175735698086054,scr1997,avaConv,onshore
10ES,h0046,0.13801619607093762,scr1997,avaConv,onshore
10ES,h0047,0.1276993576744377,scr1997,avaConv,onshore
10ES,h0048,0.1104205859471912,scr1997,avaConv,onshore
11ES,h0001,0.3978966924839807,scr1997,avaConv,onshore
11ES,h0002,0.41405605360739384,scr1997,avaConv,onshore
11ES,h0003,0.4122129018315192,scr1997,avaConv,onshore
11ES,h0004,0.4044327470895893,scr1997,avaConv,onshore
11ES,h0005,0.36787780678176396,scr1997,avaConv,onshore
11ES,h0006,0.3171938435349751,scr1997,avaConv,onshore
11ES,h0007,0.493104985567478,scr1997,avaConv,onshore
11ES,h0008,0.6818311760795498,scr1997,avaConv,onshore
11ES,h0009,0.8839996619333998,scr1997,avaConv,onshore
11ES,h0010,0.8610451698977539,scr1997,avaConv,onshore
11ES,h0011,0.8562451430475897,scr1997,avaConv,onshore
11ES,h0012,0.8651837440953785,scr1997,avaConv,onshore
11ES,h0013,0.6026581329812213,scr1997,avaConv,onshore
11ES,h0014,0.32075702143874285,scr1997,avaConv,onshore
11ES,h0015,0.03364812395958519,scr1997,avaConv,onshore
11ES,h0016,0.02651394890698567,scr1997,avaConv,onshore
11ES,h0017,0.02649231023689389,scr1997,avaConv,onshore
11ES,h0018,0.0350704521300104,scr1997,avaConv,onshore
11ES,h0019,0.2409038036557147,scr1997,avaConv,onshore
11ES,h0020,0.4434358192336584,scr1997,avaConv,onshore
11ES,h0021,0.6363079179135886,scr1997,avaConv,onshore
11ES,h0022,0.6315989934760444,scr1997,avaConv,onshore
11ES,h0023,0.6090482789838108,scr1997,avaConv,onshore
11ES,h0024,0.5930262562853529,scr1997,avaConv,onshore
11ES,h0025,0.460359654719958,scr1997,avaConv,onshore
11ES,h0026,0.3508807661114098,scr1997,avaConv,onshore
11ES,h0027,0.2386093565691587,scr1997,avaConv,onshore
11ES,h0028,0.24239991908015696,scr1997,avaConv,onshore
11ES,h0029,0.240471857499089,scr1997,avaConv,onshore
11ES,h0030,0.23283080102676607,scr1997,avaConv,onshore
11ES,h0031,0.19562398027198527,scr1997,avaConv,onshore
11ES,h0032,0.16773188119647614,scr1997,avaConv,onshore
11ES,h0033,0.15821342438533473,scr1997,avaConv,onshore
11ES,h0034,0.20235863153975123,scr1997,avaConv,onshore
11ES,h0035,0.2729731682003399,scr1997,avaConv,onshore
11ES,h0036,0.3530824182933489,scr1997,avaConv,onshore
11ES,h0037,0.4815728557616036,scr1997,avaConv,onshore
11ES,h0038,0.6045857376741677,scr1997,avaConv,onshore
11ES,h0039,0.6825950164649062,scr1997,avaConv,onshore
11ES,h0040,0.6705217021342726,scr1997,avaConv,onshore
11ES,h0041,0.5998020292999505,scr1997,avaConv,onshore
11ES,h0042,0.4856087477075841,scr1997,avaConv,onshore
11ES,h0043,0.33344694508439227,scr1997,avaConv,onshore
11ES,h0044,0.21560143158359216,scr1997,avaConv,onshore
11ES,h0045,0.16787440373706985,scr1997,avaConv,onshore
11ES,h0046,0.1920401796492154,scr1997,avaConv,onshore
11ES,h0047,0.2021370121721449,scr1997,avaConv,onshore
11ES,h0048,0.19789252248685532,scr1997,avaConv,onshore
75FI,h0001,0.8047286324621922,scr1997,avaConv,onshore
75FI,h0002,0.792573259346875,scr1997,avaConv,onshore
75FI,h0003,0.782944542383706,scr1997,avaConv,onshore
75FI,h0004,0.7684035431980477,scr1997,avaConv,onshore
75FI,h0005,0.768173644943957,scr1997,avaConv,onshore
75FI,h0006,0.7806250773094031,scr1997,avaConv,onshore
75FI,h0007,0.5683949001068838,scr1997,avaConv,onshore
75FI,h0008,0.3605276509595743,scr1997,avaConv,onshore
75FI,h0009,0.14663730221238674,scr1997,avaConv,onshore
75FI,h0010,0.16341134129116022,scr1997,avaConv,onshore
75FI,h0011,0.1749046326459038,scr1997,avaConv,onshore
75FI,h0012,0.1750563240575923,scr1997,avaConv,onshore
75FI,h0013,0.24623883221501786,scr1997,avaConv,onshore
75FI,h0014,0.2843552283837459,scr1997,avaConv,onshore
75FI,h0015,0.30792958173488616,scr1997,avaConv,onshore
75FI,h0016,0.24438481373512908,scr1997,avaConv,onshore
75FI,h0017,0.1932839174438969,scr1997,avaConv,onshore
75FI,h0018,0.15424314682423426,scr1997,avaConv,onshore
75FI,h0019,0.32959164707021005,scr1997,avaConv,onshore
75FI,h0020,0.51098774507488,scr1997,avaConv,onshore
75FI,h0021,0.6979367135662488,scr1997,avaConv,onshore
75FI,h0022,0.6870771235697962,scr1997,avaConv,onshore
75FI,h0023,0.6793451798804816,scr1997,avaConv,onshore
75FI,h0024,0.6616263564731271,scr1997,avaConv,onshore
75FI,h0025,0.5076980890739348,scr1997,avaConv,onshore
75FI,h0026,0.3577523445553363,scr1997,avaConv,onshore
75FI,h0027,0.23582103572237376,scr1997,avaConv,onshore
75FI,h0028,0.2949918226591465,scr1997,avaConv,onshore
75FI,h0029,0.3862652693446064,scr1997,avaConv,onshore
75FI,h0030,0.4963854805969416,scr1997,avaConv,onshore
75FI,h0031,0.5155670534753186,scr1997,avaConv,onshore
75FI,h0032,0.48156208243881526,scr1997,avaConv,onshore
75FI,h0033,0.3923356000537397,scr1997,avaConv,onshore
75FI,h0034,0.3361383280367541,scr1997,avaConv,onshore
75FI,h0035,0.2844717438384531,scr1997,avaConv,onshore
75FI,h0036,0.23792057896064317,scr1997,avaConv,onshore
75FI,h0037,0.37799396711908534,scr1997,avaConv,onshore
75FI,h0038,0.5435939340986821,scr1997,avaConv,onshore
75FI,h0039,0.7344418308439962,scr1997,avaConv,onshore
75FI,h0040,0.7764182952394711,scr1997,avaConv,onshore
75FI,h0041,0.8215251006398686,scr1997,avaConv,onshore
75FI,h0042,0.8652563901690558,scr1997,avaConv,onshore
75FI,h0043,0.7658474156475873,scr1997,avaConv,onshore
75FI,h0044,0.6624401529394149,scr1997,avaConv,onshore
75FI,h0045,0.5625229448866005,scr1997,avaConv,onshore
75FI,h0046,0.5987475490921625,scr1997,avaConv,onshore
75FI,h0047,0.6475841918394466,scr1997,avaConv,onshore
75FI,h0048,0.7087003572768503,scr1997,avaConv,onshore
74FI,h0001,0.8047286324621922,scr1997,avaConv,onshore
74FI,h0002,0.792573259346875,scr1997,avaConv,onshore
74FI,h0003,0.782944542383706,scr1997,avaConv,onshore
74FI,h0004,0.7684035431980477,scr1997,avaConv,onshore
74FI,h0005,0.768173644943957,scr1997,avaConv,onshore
74FI,h0006,0.7806250773094031,scr1997,avaConv,onshore
74FI,h0007,0.5683949001068838,scr1997,avaConv,onshore
74FI,h0008,0.3605276509595743,scr1997,avaConv,onshore
74FI,h0009,0.14663730221238674,scr1997,avaConv,onshore
74FI,h0010,0.16341134129116022,scr1997,avaConv,onshore
74FI,h0011,0.1749046326459038,scr1997,avaConv,onshore
74FI,h0012,0.1750563240575923,scr1997,avaConv,onshore
74FI,h0013,0.24623883221501786,scr1997,avaConv,onshore
74FI,h0014,0.2843552283837459,scr1997,avaConv,onshore
74FI,h0015,0.30792958173488616,scr1997,avaConv,onshore
74FI,h0016,0.24438481373512908,scr1997,avaConv,onshore
74FI,h0017,0.1932839174438969,scr1997,avaConv,onshore
74FI,h0018,0.15424314682423426,scr1997,avaConv,onshore
74FI,h0019,0.32959164707021005,scr1997,avaConv,onshore
74FI,h0020,0.51098774507488,scr1997,avaConv,onshore
74FI,h0021,0.6979367135662488,scr1997,avaConv,onshore
74FI,h0022,0.6870771235697962,scr1997,avaConv,onshore
74FI,h0023,0.6793451798804816,scr1997,avaConv,onshore
74FI,h0024,0.6616263564731271,scr1997,avaConv,onshore
74FI,h0025,0.5076980890739348,scr1997,avaConv,onshore
74FI,h0026,0.3577523445553363,scr1997,avaConv,onshore
74FI,h0027,0.23582103572237376,scr1997,avaConv,onshore
74FI,h0028,0.2949918226591465,scr1997,avaConv,onshore
74FI,h0029,0.3862652693446064,scr1997,avaConv,onshore
74FI,h0030,0.4963854805969416,scr1997,avaConv,onshore
74FI,h0031,0.5155670534753186,scr1997,avaConv,onshore
74FI,h0032,0.48156208243881526,scr1997,avaConv,onshore
74FI,h0033,0.3923356000537397,scr1997,avaConv,onshore
74FI,h0034,0.3361383280367541,scr1997,avaConv,onshore
74FI,h0035,0.2844717438384531,scr1997,avaConv,onshore
74FI,h0036,0.23792057896064317,scr1997,avaConv,onshore
74FI,h0037,0.37799396711908534,scr1997,avaConv,onshore
74FI,h0038,0.5435939340986821,scr1997,avaConv,onshore
74FI,h0039,0.7344418308439962,scr1997,avaConv,onshore
74FI,h0040,0.7764182952394711,scr1997,avaConv,onshore
74FI,h0041,0.8215251006398686,scr1997,avaConv,onshore
74FI,h0042,0.8652563901690558,scr1997,avaConv,onshore
74FI,h0043,0.7658474156475873,scr1997,avaConv,onshore
74FI,h0044,0.6624401529394149,scr1997,avaConv,onshore
74FI,h0045,0.5625229448866005,scr1997,avaConv,onshore
74FI,h0046,0.5987475490921625,scr1997,avaConv,onshore
74FI,h0047,0.6475841918394466,scr1997,avaConv,onshore
74FI,h0048,0.7087003572768503,scr1997,avaConv,onshore
14FR,h0001,0.07692501384180106,scr1997,avaConv,onshore
14FR,h0002,0.06551520369647208,scr1997,avaConv,onshore
14FR,h0003,0.0555643164664828,scr1997,avaConv,onshore
14FR,h0004,0.039352993571303715,scr1997,avaConv,onshore
14FR,h0005,0.027433509104740603,scr1997,avaConv,onshore
14FR,h0006,0.02012575059421914,scr1997,avaConv,onshore
14FR,h0007,0.18747159121442056,scr1997,avaConv,onshore
14FR,h0008,0.3903893254095276,scr1997,avaConv,onshore
14FR,h0009,0.604601050431652,scr1997,avaConv,onshore
14FR,h0010,0.6317905123435634,scr1997,avaConv,onshore
14FR,h0011,0.6218868671755768,scr1997,avaConv,onshore
14FR,h0012,0.6002327812963357,scr1997,avaConv,onshore
14FR,h0013,0.39247148509094176,scr1997,avaConv,onshore
14FR,h0014,0.19574153948048206,scr1997,avaConv,onshore
14FR,h0015,0.010749402171238836,scr1997,avaConv,onshore
14FR,h0016,0.02258614012255524,scr1997,avaConv,onshore
14FR,h0017,0.05028955871492639,scr1997,avaConv,onshore
14FR,h0018,0.10226697516453172,scr1997,avaConv,onshore
14FR,h0019,0.11679522690427727,scr1997,avaConv,onshore
14FR,h0020,0.11038635133989702,scr1997,avaConv,onshore
14FR,h0021,0.06863159704270122,scr1997,avaConv,onshore
14FR,h0022,0.05255048304275568,scr1997,avaConv,onshore
14FR,h0023,0.04587841850606398,scr1997,avaConv,onshore
14FR,h0024,0.046909781892474335,scr1997,avaConv,onshore
14FR,h0025,0.2719431260921869,scr1997,avaConv,onshore
14FR,h0026,0.4951792372725097,scr1997,avaConv,onshore
14FR,h0027,0.7205818136444371,scr1997,avaConv,onshore
14FR,h0028,0.7154950317185261,scr1997,avaConv,onshore
14FR,h0029,0.7058310008271544,scr1997,avaConv,onshore
14FR,h0030,0.6945072026653205,scr1997,avaConv,onshore
14FR,h0031,0.6969857381458928,scr1997,avaConv,onshore
14FR,h0032,0.6781266599842564,scr1997,avaConv,onshore
14FR,h0033,0.6353487419001944,scr1997,avaConv,onshore
14FR,h0034,0.5460028104079351,scr1997,avaConv,onshore
14FR,h0035,0.43849183769468797,scr1997,avaConv,onshore
14FR,h0036,0.3241389390535236,scr1997,avaConv,onshore
14FR,h0037,0.24652555390929085,scr1997,avaConv,onshore
14FR,h0038,0.20711202231289383,scr1997,avaConv,onshore
14FR,h0039,0.21676062977140106,scr1997,avaConv,onshore
14FR,h0040,0.2692914262838658,scr1997,avaConv,onshore
14FR,h0041,0.35517477967243427,scr1997,avaConv,onshore
14FR,h0042,0.4538149552538483,scr1997,avaConv,onshore
14FR,h0043,0.5746851216621709,scr1997,avaConv,onshore
14FR,h0044,0.6728345408212588,scr1997,avaConv,onshore
14FR,h0045,0.7434751955275467,scr1997,avaConv,onshore
14FR,h0046,0.7421451159024014,scr1997,avaConv,onshore
14FR,h0047,0.7206089972495936,scr1997,avaConv,onshore
14FR,h0048,0.6924417358394165,scr1997,avaConv,onshore
15FR,h0001,0.008853265863799323,scr1997,avaConv,onshore
15FR,h0002,0.006381646492177142,scr1997,avaConv,onshore
15FR,h0003,0.005212726334346816,scr1997,avaConv,onshore
15FR,h0004,0.003753125176914416,scr1997,avaConv,onshore
15FR,h0005,0.005357541674732922,scr1997,avaConv,onshore
15FR,h0006,0.010075096363012698,scr1997,avaConv,onshore
15FR,h0007,0.07888567605903665,scr1997,avaConv,onshore
15FR,h0008,0.16857277592325187,scr1997,avaConv,onshore
15FR,h0009,0.27461805926703503,scr1997,avaConv,onshore
15FR,h0010,0.3351820111691328,scr1997,avaConv,onshore
15FR,h0011,0.4060646440474412,scr1997,avaConv,onshore
15FR,h0012,0.47999635938381957,scr1997,avaConv,onshore
15FR,h0013,0.35687165975896507,scr1997,avaConv,onshore
15FR,h0014,0.19441476964610718,scr1997,avaConv,onshore
15FR,h0015,0.008706506813509967,scr1997,avaConv,onshore
15FR,h0016,0.0015388420077858188,scr1997,avaConv,onshore
15FR,h0017,0.006696755306964178,scr1997,avaConv,onshore
15FR,h0018,0.038097244701821874,scr1997,avaConv,onshore
15FR,h0019,0.23931857566717812,scr1997,avaConv,onshore
15FR,h0020,0.4235747354638182,scr1997,avaConv,onshore
15FR,h0021,0.5725826809391535,scr1997,avaConv,onshore
15FR,h0022,0.5277937606294533,scr1997,avaConv,onshore
15FR,h0023,0.48540552696081,scr1997,avaConv,onshore
15FR,h0024,0.4473821803744272,scr1997,avaConv,onshore
15FR,h0025,0.47859948464086555,scr1997,avaConv,onshore
15FR,h0026,0.520755298814801,scr1997,avaConv,onshore
15FR,h0027,0.569902063533573,scr1997,avaConv,onshore
15FR,h0028,0.5735965293432116,scr1997,avaConv,onshore
15FR,h0029,0.5740643127127952,scr1997,avaConv,onshore
15FR,h0030,0.5732197216455758,scr1997,avaConv,onshore
15FR,h0031,0.650354597606685,scr1997,avaConv,onshore
15FR,h0032,0.7296361077120669,scr1997,avaConv,onshore
15FR,h0033,0.8080171760577664,scr1997,avaConv,onshore
15FR,h0034,0.8036164313234494,scr1997,avaConv,onshore
15FR,h0035,0.7888284655400136,scr1997,avaConv,onshore
15FR,h0036,0.7704643420852395,scr1997,avaConv,onshore
15FR,h0037,0.6905880872513688,scr1997,avaConv,onshore
15FR,h0038,0.6315264637419844,scr1997,avaConv,onshore
15FR,h0039,0.5838644563375128,scr1997,avaConv,onshore
15FR,h0040,0.6075580798725941,scr1997,avaConv,onshore
15FR,h0041,0.6245411914387244,scr1997,avaConv,onshore
15FR,h0042,0.6399253648551062,scr1997,avaConv,onshore
15FR,h0043,0.7088433681465094,scr1997,avaConv,onshore
15FR,h0044,0.7719853960729324,scr1997,avaConv,onshore
15FR,h0045,0.8251557133017863,scr1997,avaConv,onshore
15FR,h0046,0.8138491313894135,scr1997,avaConv,onshore
15FR,h0047,0.8018893582160438,scr1997,avaConv,onshore
15FR,h0048,0.7891515369125985,scr1997,avaConv,onshore
16FR,h0001,0.4400830786835827,scr1997,avaConv,onshore
16FR,h0002,0.395944049546618,scr1997,avaConv,onshore
16FR,h0003,0.34665212876612067,scr1997,avaConv,onshore
16FR,h0004,0.26797764399469104,scr1997,avaConv,onshore
16FR,h0005,0.20282597921195183,scr1997,avaConv,onshore
16FR,h0006,0.16305659932851113,scr1997,avaConv,onshore
16FR,h0007,0.21777042105265348,scr1997,avaConv,onshore
16FR,h0008,0.2800412081065912,scr1997,avaConv,onshore
16FR,h0009,0.34178941679165237,scr1997,avaConv,onshore
16FR,h0010,0.3003228283365471,scr1997,avaConv,onshore
16FR,h0011,0.24707158483132716,scr1997,avaConv,onshore
16FR,h0012,0.20733210849828834,scr1997,avaConv,onshore
16FR,h0013,0.16514179772444468,scr1997,avaConv,onshore
16FR,h0014,0.13194000210626716,scr1997,avaConv,onshore
16FR,h0015,0.08844940483958892,scr1997,avaConv,onshore
16FR,h0016,0.07114917208209692,scr1997,avaConv,onshore
16FR,h0017,0.06678409439945449,scr1997,avaConv,onshore
16FR,h0018,0.07440723314172465,scr1997,avaConv,onshore
16FR,h0019,0.29690147199911643,scr1997,avaConv,onshore
16FR,h0020,0.5057220716523948,scr1997,avaConv,onshore
16FR,h0021,0.6961653508641265,scr1997,avaConv,onshore
16FR,h0022,0.6797202277859887,scr1997,avaConv,onshore
16FR,h0023,0.6647870041514146,scr1997,avaConv,onshore
16FR,h0024,0.6490547203819566,scr1997,avaConv,onshore
16FR,h0025,0.44472375059125246,scr1997,avaConv,onshore
16FR,h0026,0.23765502219201434,scr1997,avaConv,onshore
16FR,h0027,0.029495504813846895,scr1997,avaConv,onshore
16FR,h0028,0.026141490936789084,scr1997,avaConv,onshore
16FR,h0029,0.022855262310370158,scr1997,avaConv,onshore
16FR,h0030,0.020717716804921772,scr1997,avaConv,onshore
16FR,h0031,0.17895950502665722,scr1997,avaConv,onshore
16FR,h0032,0.3423379025613292,scr1997,avaConv,onshore
16FR,h0033,0.5104790587218779,scr1997,avaConv,onshore
16FR,h0034,0.5272196675354802,scr1997,avaConv,onshore
16FR,h0035,0.5296880309858586,scr1997,avaConv,onshore
16FR,h0036,0.5312844724723101,scr1997,avaConv,onshore
16FR,h0037,0.5352357830604195,scr1997,avaConv,onshore
16FR,h0038,0.5236251374645677,scr1997,avaConv,onshore
16FR,h0039,0.5036690666597936,scr1997,avaConv,onshore
16FR,h0040,0.47872345973844943,scr1997,avaConv,onshore
16FR,h0041,0.4902668319150459,scr1997,avaConv,onshore
16FR,h0042,0.4978975418089926,scr1997,avaConv,onshore
16FR,h0043,0.4743344505565424,scr1997,avaConv,onshore
16FR,h0044,0.4337400935732404,scr1997,avaConv,onshore
16FR,h0045,0.41164351105900265,scr1997,avaConv,onshore
16FR,h0046,0.43961590019395064,scr1997,avaConv,onshore
16FR,h0047,0.47130688751692273,scr1997,avaConv,onshore
16FR,h0048,0.4885658654467766,scr1997,avaConv,onshore
17FR,h0001,0.6162678395400811,scr1997,avaConv,onshore
17FR,h0002,0.6030359672380305,scr1997,avaConv,onshore
17FR,h0003,0.5747887619103073,scr1997,avaConv,onshore
17FR,h0004,0.5263300372811528,scr1997,avaConv,onshore
17FR,h0005,0.4700519365616572,scr1997,avaConv,onshore
17FR,h0006,0.43196686712209853,scr1997,avaConv,onshore
17FR,h0007,0.39605640907826223,scr1997,avaConv,onshore
17FR,h0008,0.3643332828000457,scr1997,avaConv,onshore
17FR,h0009,0.31981917013472644,scr1997,avaConv,onshore
17FR,h0010,0.2692850328917666,scr1997,avaConv,onshore
17FR,h0011,0.2279733483796209,scr1997,avaConv,onshore
17FR,h0012,0.18859119369451208,scr1997,avaConv,onshore
17FR,h0013,0.16188584311663892,scr1997,avaConv,onshore
17FR,h0014,0.13771690945382603,scr1997,avaConv,onshore
17FR,h0015,0.12610968103404172,scr1997,avaConv,onshore
17FR,h0016,0.13438365558762672,scr1997,avaConv,onshore
17FR,h0017,0.1698408950463556,scr1997,avaConv,onshore
17FR,h0018,0.2480586494684835,scr1997,avaConv,onshore
17FR,h0019,0.19951895564668648,scr1997,avaConv,onshore
17FR,h0020,0.12648938095495765,scr1997,avaConv,onshore
17FR,h0021,0.01668371459351563,scr1997,avaConv,onshore
17FR,h0022,0.035817156595307466,scr1997,avaConv,onshore
17FR,h0023,0.054097446569645845,scr1997,avaConv,onshore
17FR,h0024,0.06723530794580254,scr1997,avaConv,onshore
17FR,h0025,0.16952591894037852,scr1997,avaConv,onshore
17FR,h0026,0.27161536823990223,scr1997,avaConv,onshore
17FR,h0027,0.3743190664554008,scr1997,avaConv,onshore
17FR,h0028,0.39128357308721784,scr1997,avaConv,onshore
17FR,h0029,0.4060839334814407,scr1997,avaConv,onshore
17FR,h0030,0.42260366902624985,scr1997,avaConv,onshore
17FR,h0031,0.5705451890906241,scr1997,avaConv,onshore
17FR,h0032,0.7105337694584167,scr1997,avaConv,onshore
17FR,h0033,0.8341736273473908,scr1997,avaConv,onshore
17FR,h0034,0.8089825850158353,scr1997,avaConv,onshore
17FR,h0035,0.7497902036814451,scr1997,avaConv,onshore
17FR,h0036,0.6717951073892174,scr1997,avaConv,onshore
17FR,h0037,0.7004855167406263,scr1997,avaConv,onshore
17FR,h0038,0.7702961305931116,scr1997,avaConv,onshore
17FR,h0039,0.8686617697848786,scr1997,avaConv,onshore
17FR,h0040,0.8713953794594839,scr1997,avaConv,onshore
17FR,h0041,0.8706503143719049,scr1997,avaConv,onshore
17FR,h0042,0.87171395428995,scr1997,avaConv,onshore
17FR,h0043,0.6372040638419354,scr1997,avaConv,onshore
17FR,h0044,0.38867870787451503,scr1997,avaConv,onshore
17FR,h0045,0.12298306655568128,scr1997,avaConv,onshore
17FR,h0046,0.11690584342201632,scr1997,avaConv,onshore
17FR,h0047,0.11441113448335832,scr1997,avaConv,onshore
17FR,h0048,0.12205456182993334,scr1997,avaConv,onshore
18FR,h0001,0.3866665361388064,scr1997,avaConv,onshore
18FR,h0002,0.38681778085013707,scr1997,avaConv,onshore
18FR,h0003,0.3755051085132107,scr1997,avaConv,onshore
18FR,h0004,0.3602873252019018,scr1997,avaConv,onshore
18FR,h0005,0.3327662258444019,scr1997,avaConv,onshore
18FR,h0006,0.31102584570530045,scr1997,avaConv,onshore
18FR,h0007,0.2743983253959307,scr1997,avaConv,onshore
18FR,h0008,0.24057456993186374,scr1997,avaConv,onshore
18FR,h0009,0.20662932555281852,scr1997,avaConv,onshore
18FR,h0010,0.18109904314159767,scr1997,avaConv,onshore
18FR,h0011,0.1475584093339009,scr1997,avaConv,onshore
18FR,h0012,0.11609266202239958,scr1997,avaConv,onshore
18FR,h0013,0.07087822080765371,scr1997,avaConv,onshore
18FR,h0014,0.04468765018586778,scr1997,avaConv,onshore
18FR,h0015,0.02398495451025713,scr1997,avaConv,onshore
18FR,h0016,0.03508208162379273,scr1997,avaConv,onshore
18FR,h0017,0.05401972212469831,scr1997,avaConv,onshore
18FR,h0018,0.09123996469398322,scr1997,avaConv,onshore
18FR,h0019,0.08078319403261365,scr1997,avaConv,onshore
18FR,h0020,0.06035411803086333,scr1997,avaConv,onshore
18FR,h0021,0.012480957888978454,scr1997,avaConv,onshore
18FR,h0022,0.010466609603091925,scr1997,avaConv,onshore
18FR,h0023,0.007428466511310215,scr1997,avaConv,onshore
18FR,h0024,0.00631793336284533,scr1997,avaConv,onshore
18FR,h0025,0.12053762572199929,scr1997,avaConv,onshore
18FR,h0026,0.21804896207144095,scr1997,avaConv,onshore
18FR,h0027,0.30967173301862694,scr1997,avaConv,onshore
18FR,h0028,0.29979399159396786,scr1997,avaConv,onshore
18FR,h0029,0.29190602859036074,scr1997,avaConv,onshore
18FR,h0030,0.28699764999008837,scr1997,avaConv,onshore
18FR,h0031,0.400530022187453,scr1997,avaConv,onshore
18FR,h0032,0.5138417102353555,scr1997,avaConv,onshore
18FR,h0033,0.626941940583461,scr1997,avaConv,onshore
18FR,h0034,0.6253376193505779,scr1997,avaConv,onshore
18FR,h0035,0.6031036190654723,scr1997,avaConv,onshore
18FR,h0036,0.5718034298586657,scr1997,avaConv,onshore
18FR,h0037,0.5151062992176615,scr1997,avaConv,onshore
18FR,h0038,0.5100237632325028,scr1997,avaConv,onshore
18FR,h0039,0.5390247855434945,scr1997,avaConv,onshore
18FR,h0040,0.5806619696223639,scr1997,avaConv,onshore
18FR,h0041,0.5837442991354034,scr1997,avaConv,onshore
18FR,h0042,0.5821148965290821,scr1997,avaConv,onshore
18FR,h0043,0.43804666931938535,scr1997,avaConv,onshore
18FR,h0044,0.29395369157132684,scr1997,avaConv,onshore
18FR,h0045,0.11114589819469392,scr1997,avaConv,onshore
18FR,h0046,0.10210704015889034,scr1997,avaConv,onshore
18FR,h0047,0.0928872033464968,scr1997,avaConv,onshore
18FR,h0048,0.08757251386785053,scr1997,avaConv,onshore
19FR,h0001,0.14856634202603886,scr1997,avaConv,onshore
19FR,h0002,0.13745899568287667,scr1997,avaConv,onshore
19FR,h0003,0.11861539150799731,scr1997,avaConv,onshore
19FR,h0004,0.08865484744235601,scr1997,avaConv,onshore
19FR,h0005,0.061442403595628706,scr1997,avaConv,onshore
19FR,h0006,0.04744142008800258,scr1997,avaConv,onshore
19FR,h0007,0.08392671834513891,scr1997,avaConv,onshore
19FR,h0008,0.1012681096462764,scr1997,avaConv,onshore
19FR,h0009,0.10335667894831309,scr1997,avaConv,onshore
19FR,h0010,0.05610697908536825,scr1997,avaConv,onshore
19FR,h0011,0.03232588356892513,scr1997,avaConv,onshore
19FR,h0012,0.02552321165612927,scr1997,avaConv,onshore
19FR,h0013,0.04390854172614375,scr1997,avaConv,onshore
19FR,h0014,0.056343463545383124,scr1997,avaConv,onshore
19FR,h0015,0.06535345939806243,scr1997,avaConv,onshore
19FR,h0016,0.05581122142048317,scr1997,avaConv,onshore
19FR,h0017,0.05188593086615742,scr1997,avaConv,onshore
19FR,h0018,0.05511151231019182,scr1997,avaConv,onshore
19FR,h0019,0.2823972295608797,scr1997,avaConv,onshore
19FR,h0020,0.4887115628068318,scr1997,avaConv,onshore
19FR,h0021,0.6794433345076367,scr1997,avaConv,onshore
19FR,h0022,0.6449743434952117,scr1997,avaConv,onshore
19FR,h0023,0.6223963182637156,scr1997,avaConv,onshore
19FR,h0024,0.6052048392504851,scr1997,avaConv,onshore
19FR,h0025,0.4567959745270599,scr1997,avaConv,onshore
19FR,h0026,0.30356563229045214,scr1997,avaConv,onshore
19FR,h0027,0.15217472592790784,scr1997,avaConv,onshore
19FR,h0028,0.14916430138154832,scr1997,avaConv,onshore
19FR,h0029,0.14783378712755488,scr1997,avaConv,onshore
19FR,h0030,0.14549965400784784,scr1997,avaConv,onshore
19FR,h0031,0.3320265256301887,scr1997,avaConv,onshore
19FR,h0032,0.5137860852420868,scr1997,avaConv,onshore
19FR,h0033,0.6903295680097303,scr1997,avaConv,onshore
19FR,h0034,0.6824485633690346,scr1997,avaConv,onshore
19FR,h0035,0.677602892920023,scr1997,avaConv,onshore
19FR,h0036,0.674386010038924,scr1997,avaConv,onshore
19FR,h0037,0.4814261723686673,scr1997,avaConv,onshore
19FR,h0038,0.28046964174844724,scr1997,avaConv,onshore
19FR,h0039,0.07515925894153186,scr1997,avaConv,onshore
19FR,h0040,0.07164660456778374,scr1997,avaConv,onshore
19FR,h0041,0.07514953341083452,scr1997,avaConv,onshore
19FR,h0042,0.0875929149039902,scr1997,avaConv,onshore
19FR,h0043,0.23700832373495856,scr1997,avaConv,onshore
19FR,h0044,0.3637582928294647,scr1997,avaConv,onshore
19FR,h0045,0.47333432569387995,scr1997,avaConv,onshore
19FR,h0046,0.45323542061779837,scr1997,avaConv,onshore
19FR,h0047,0.43573054128174726,scr1997,avaConv,onshore
19FR,h0048,0.4137346847625776,scr1997,avaConv,onshore
20FR,h0001,0.06487575025584114,scr1997,avaConv,onshore
20FR,h0002,0.058854248835870086,scr1997,avaConv,onshore
20FR,h0003,0.05135704451433741,scr1997,avaConv,onshore
20FR,h0004,0.03660448484791014,scr1997,avaConv,onshore
20FR,h0005,0.02208363717848864,scr1997,avaConv,onshore
20FR,h0006,0.011868426902937993,scr1997,avaConv,onshore
20FR,h0007,0.010109878287129425,scr1997,avaConv,onshore
20FR,h0008,0.011601292800105308,scr1997,avaConv,onshore
20FR,h0009,0.01352480522150309,scr1997,avaConv,onshore
20FR,h0010,0.012362455501061523,scr1997,avaConv,onshore
20FR,h0011,0.011771168740334454,scr1997,avaConv,onshore
20FR,h0012,0.008781649693660252,scr1997,avaConv,onshore
20FR,h0013,0.006045211851796058,scr1997,avaConv,onshore
20FR,h0014,0.003267152547655817,scr1997,avaConv,onshore
20FR,h0015,0.0031198791793389936,scr1997,avaConv,onshore
20FR,h0016,0.002360540430294141,scr1997,avaConv,onshore
20FR,h0017,0.0020627402179988837,scr1997,avaConv,onshore
20FR,h0018,0.0029642525004582015,scr1997,avaConv,onshore
20FR,h0019,0.12104395880346952,scr1997,avaConv,onshore
20FR,h0020,0.21367763549532603,scr1997,avaConv,onshore
20FR,h0021,0.28666246563887576,scr1997,avaConv,onshore
20FR,h0022,0.23753074611962594,scr1997,avaConv,onshore
20FR,h0023,0.2198100358873159,scr1997,avaConv,onshore
20FR,h0024,0.22267452518523323,scr1997,avaConv,onshore
20FR,h0025,0.16594387467105004,scr1997,avaConv,onshore
20FR,h0026,0.09667096542305324,scr1997,avaConv,onshore
20FR,h0027,0.023675396581095097,scr1997,avaConv,onshore
20FR,h0028,0.020202026666398823,scr1997,avaConv,onshore
20FR,h0029,0.019081647766530572,scr1997,avaConv,onshore
20FR,h0030,0.018762661818071458,scr1997,avaConv,onshore
20FR,h0031,0.15397673355347716,scr1997,avaConv,onshore
20FR,h0032,0.2841366198442537,scr1997,avaConv,onshore
20FR,h0033,0.4090056914960414,scr1997,avaConv,onshore
20FR,h0034,0.39312556864065,scr1997,avaConv,onshore
20FR,h0035,0.3710583188402522,scr1997,avaConv,onshore
20FR,h0036,0.34635803729895154,scr1997,avaConv,onshore
20FR,h0037,0.24094314528342733,scr1997,avaConv,onshore
20FR,h0038,0.14137668928225877,scr1997,avaConv,onshore
20FR,h0039,0.053887503365853635,scr1997,avaConv,onshore
20FR,h0040,0.06675272040726556,scr1997,avaConv,onshore
20FR,h0041,0.08513109868503148,scr1997,avaConv,onshore
20FR,h0042,0.09322499748142561,scr1997,avaConv,onshore
20FR,h0043,0.11903723098507203,scr1997,avaConv,onshore
20FR,h0044,0.13306368641272914,scr1997,avaConv,onshore
20FR,h0045,0.14109849407566105,scr1997,avaConv,onshore
20FR,h0046,0.12229235081272317,scr1997,avaConv,onshore
20FR,h0047,0.12142988121864418,scr1997,avaConv,onshore
20FR,h0048,0.1307493938936679,scr1997,avaConv,onshore
21FR,h0001,0.4176887909767327,scr1997,avaConv,onshore
21FR,h0002,0.4150003553691041,scr1997,avaConv,onshore
21FR,h0003,0.3947298687793273,scr1997,avaConv,onshore
21FR,h0004,0.35298374342222805,scr1997,avaConv,onshore
21FR,h0005,0.2992740301721093,scr1997,avaConv,onshore
21FR,h0006,0.259808339326198,scr1997,avaConv,onshore
21FR,h0007,0.3043894277538617,scr1997,avaConv,onshore
21FR,h0008,0.3434180281511718,scr1997,avaConv,onshore
21FR,h0009,0.37025215799750466,scr1997,avaConv,onshore
21FR,h0010,0.31859146221161067,scr1997,avaConv,onshore
21FR,h0011,0.2702601008459661,scr1997,avaConv,onshore
21FR,h0012,0.23431612701888593,scr1997,avaConv,onshore
21FR,h0013,0.18525277867380507,scr1997,avaConv,onshore
21FR,h0014,0.14967324720323608,scr1997,avaConv,onshore
21FR,h0015,0.11803132859511922,scr1997,avaConv,onshore
21FR,h0016,0.12823998689423374,scr1997,avaConv,onshore
21FR,h0017,0.1603212135708084,scr1997,avaConv,onshore
21FR,h0018,0.21610051458596452,scr1997,avaConv,onshore
21FR,h0019,0.2237183574498981,scr1997,avaConv,onshore
21FR,h0020,0.23036775372268226,scr1997,avaConv,onshore
21FR,h0021,0.22777019527779502,scr1997,avaConv,onshore
21FR,h0022,0.2695209158898828,scr1997,avaConv,onshore
21FR,h0023,0.28983213089342064,scr1997,avaConv,onshore
21FR,h0024,0.30976580629139233,scr1997,avaConv,onshore
21FR,h0025,0.29568261662684187,scr1997,avaConv,onshore
21FR,h0026,0.28150279255270605,scr1997,avaConv,onshore
21FR,h0027,0.25131860572477505,scr1997,avaConv,onshore
21FR,h0028,0.24753377783047406,scr1997,avaConv,onshore
21FR,h0029,0.24373234673174288,scr1997,avaConv,onshore
21FR,h0030,0.24418054628363794,scr1997,avaConv,onshore
21FR,h0031,0.3913697602521007,scr1997,avaConv,onshore
21FR,h0032,0.5202538843068522,scr1997,avaConv,onshore
21FR,h0033,0.6286582428103086,scr1997,avaConv,onshore
21FR,h0034,0.5758986840907819,scr1997,avaConv,onshore
21FR,h0035,0.5124524115245417,scr1997,avaConv,onshore
21FR,h0036,0.4230243405786938,scr1997,avaConv,onshore
21FR,h0037,0.4631065953956987,scr1997,avaConv,onshore
21FR,h0038,0.5298186328210011,scr1997,avaConv,onshore
21FR,h0039,0.6410438465576824,scr1997,avaConv,onshore
21FR,h0040,0.642041086102881,scr1997,avaConv,onshore
21FR,h0041,0.6601032610048557,scr1997,avaConv,onshore
21FR,h0042,0.6712898698615648,scr1997,avaConv,onshore
21FR,h0043,0.4950194431219193,scr1997,avaConv,onshore
21FR,h0044,0.29440799078516033,scr1997,avaConv,onshore
21FR,h0045,0.08249101872540708,scr1997,avaConv,onshore
21FR,h0046,0.07972585566480049,scr1997,avaConv,onshore
21FR,h0047,0.08038781305934624,scr1997,avaConv,onshore
21FR,h0048,0.08342687326079781,scr1997,avaConv,onshore
22FR,h0001,0.43490591027745507,scr1997,avaConv,onshore
22FR,h0002,0.4384187986937392,scr1997,avaConv,onshore
22FR,h0003,0.4176055452551687,scr1997,avaConv,onshore
22FR,h0004,0.39598685973527215,scr1997,avaConv,onshore
22FR,h0005,0.3681947089433753,scr1997,avaConv,onshore
22FR,h0006,0.3631130143632326,scr1997,avaConv,onshore
22FR,h0007,0.32183147211105684,scr1997,avaConv,onshore
22FR,h0008,0.2749437402876781,scr1997,avaConv,onshore
22FR,h0009,0.22216234785055008,scr1997,avaConv,onshore
22FR,h0010,0.2042349044232028,scr1997,avaConv,onshore
22FR,h0011,0.1848741714243532,scr1997,avaConv,onshore
22FR,h0012,0.17024823092944635,scr1997,avaConv,onshore
22FR,h0013,0.12359903619047771,scr1997,avaConv,onshore
22FR,h0014,0.09292059654079372,scr1997,avaConv,onshore
22FR,h0015,0.06423203556206791,scr1997,avaConv,onshore
22FR,h0016,0.07426597382704542,scr1997,avaConv,onshore
22FR,h0017,0.08023329736368764,scr1997,avaConv,onshore
22FR,h0018,0.09027848806280957,scr1997,avaConv,onshore
22FR,h0019,0.07302739773014925,scr1997,avaConv,onshore
22FR,h0020,0.06108652098321306,scr1997,avaConv,onshore
22FR,h0021,0.043395050686581046,scr1997,avaConv,onshore
22FR,h0022,0.059717872268139446,scr1997,avaConv,onshore
22FR,h0023,0.07061367518508493,scr1997,avaConv,onshore
22FR,h0024,0.07876274545301341,scr1997,avaConv,onshore
22FR,h0025,0.14454542841425477,scr1997,avaConv,onshore
22FR,h0026,0.20707930547279932,scr1997,avaConv,onshore
22FR,h0027,0.26983059068127657,scr1997,avaConv,onshore
22FR,h0028,0.2728357159577776,scr1997,avaConv,onshore
22FR,h0029,0.27583724337659526,scr1997,avaConv,onshore
22FR,h0030,0.2808738427578508,scr1997,avaConv,onshore
22FR,h0031,0.45401384815538837,scr1997,avaConv,onshore
22FR,h0032,0.6254552646734516,scr1997,avaConv,onshore
22FR,h0033,0.7938680147947665,scr1997,avaConv,onshore
22FR,h0034,0.7979851472583058,scr1997,avaConv,onshore
22FR,h0035,0.7933687121058302,scr1997,avaConv,onshore
22FR,h0036,0.7646287777275909,scr1997,avaConv,onshore
22FR,h0037,0.596903899909626,scr1997,avaConv,onshore
22FR,h0038,0.43630677582870153,scr1997,avaConv,onshore
22FR,h0039,0.3061109103153741,scr1997,avaConv,onshore
22FR,h0040,0.3167290083507872,scr1997,avaConv,onshore
22FR,h0041,0.3461624840343254,scr1997,avaConv,onshore
22FR,h0042,0.39836556021769065,scr1997,avaConv,onshore
22FR,h0043,0.32374667872047025,scr1997,avaConv,onshore
22FR,h0044,0.22417652791377166,scr1997,avaConv,onshore
22FR,h0045,0.086726042428905,scr1997,avaConv,onshore
22FR,h0046,0.08750788940316867,scr1997,avaConv,onshore
22FR,h0047,0.09569357016339865,scr1997,avaConv,onshore
22FR,h0048,0.09731113333655055,scr1997,avaConv,onshore
23FR,h0001,0.5128774641096621,scr1997,avaConv,onshore
23FR,h0002,0.5419450682939736,scr1997,avaConv,onshore
23FR,h0003,0.5545086737718438,scr1997,avaConv,onshore
23FR,h0004,0.55770831420248,scr1997,avaConv,onshore
23FR,h0005,0.5291181396504001,scr1997,avaConv,onshore
23FR,h0006,0.5066736044970666,scr1997,avaConv,onshore
23FR,h0007,0.46186380686555534,scr1997,avaConv,onshore
23FR,h0008,0.4108688674718391,scr1997,avaConv,onshore
23FR,h0009,0.350721161356251,scr1997,avaConv,onshore
23FR,h0010,0.32300042622268843,scr1997,avaConv,onshore
23FR,h0011,0.2712403420626811,scr1997,avaConv,onshore
23FR,h0012,0.21415968826135526,scr1997,avaConv,onshore
23FR,h0013,0.11486543954999273,scr1997,avaConv,onshore
23FR,h0014,0.05788153424704466,scr1997,avaConv,onshore
23FR,h0015,0.0007076068781047286,scr1997,avaConv,onshore
23FR,h0016,0.0035969614845410593,scr1997,avaConv,onshore
23FR,h0017,0.011001548429223854,scr1997,avaConv,onshore
23FR,h0018,0.024276027378168218,scr1997,avaConv,onshore
23FR,h0019,0.021937372371377172,scr1997,avaConv,onshore
23FR,h0020,0.014767534421643873,scr1997,avaConv,onshore
23FR,h0021,0.00024503016861987135,scr1997,avaConv,onshore
23FR,h0022,0.0,scr1997,avaConv,onshore
23FR,h0023,0.0007037223562517814,scr1997,avaConv,onshore
23FR,h0024,0.0010967745426939462,scr1997,avaConv,onshore
23FR,h0025,0.09195172025295814,scr1997,avaConv,onshore
23FR,h0026,0.17933885611482261,scr1997,avaConv,onshore
23FR,h0027,0.26558501610633584,scr1997,avaConv,onshore
23FR,h0028,0.2762742186760348,scr1997,avaConv,onshore
23FR,h0029,0.2804023601560097,scr1997,avaConv,onshore
23FR,h0030,0.28140766829787645,scr1997,avaConv,onshore
23FR,h0031,0.37486008942716526,scr1997,avaConv,onshore
23FR,h0032,0.47937510887934776,scr1997,avaConv,onshore
23FR,h0033,0.5965670771536371,scr1997,avaConv,onshore
23FR,h0034,0.619029886697863,scr1997,avaConv,onshore
23FR,h0035,0.5993577461288929,scr1997,avaConv,onshore
23FR,h0036,0.5457910831263099,scr1997,avaConv,onshore
23FR,h0037,0.3890901105995257,scr1997,avaConv,onshore
23FR,h0038,0.26125518273393467,scr1997,avaConv,onshore
23FR,h0039,0.18983680562702054,scr1997,avaConv,onshore
23FR,h0040,0.23203633122209852,scr1997,avaConv,onshore
23FR,h0041,0.2854253819416358,scr1997,avaConv,onshore
23FR,h0042,0.3293887669766075,scr1997,avaConv,onshore
23FR,h0043,0.26176973709476,scr1997,avaConv,onshore
23FR,h0044,0.18179773601397178,scr1997,avaConv,onshore
23FR,h0045,0.06731024213090409,scr1997,avaConv,onshore
23FR,h0046,0.06403966847254777,scr1997,avaConv,onshore
23FR,h0047,0.06541038001730605,scr1997,avaConv,onshore
23FR,h0048,0.07537207532155146,scr1997,avaConv,onshore
24FR,h0001,0.4474195542905481,scr1997,avaConv,onshore
24FR,h0002,0.4486301138479096,scr1997,avaConv,onshore
24FR,h0003,0.4345793073901911,scr1997,avaConv,onshore
24FR,h0004,0.41101813019983907,scr1997,avaConv,onshore
24FR,h0005,0.37708124759921496,scr1997,avaConv,onshore
24FR,h0006,0.35529601644247183,scr1997,avaConv,onshore
24FR,h0007,0.2804402137405121,scr1997,avaConv,onshore
24FR,h0008,0.20824758213149816,scr1997,avaConv,onshore
24FR,h0009,0.1229683013082924,scr1997,avaConv,onshore
24FR,h0010,0.09189663699576266,scr1997,avaConv,onshore
24FR,h0011,0.06393259759195896,scr1997,avaConv,onshore
24FR,h0012,0.052935706824921235,scr1997,avaConv,onshore
24FR,h0013,0.03664908172533932,scr1997,avaConv,onshore
24FR,h0014,0.02153662032577245,scr1997,avaConv,onshore
24FR,h0015,0.00015731093174008545,scr1997,avaConv,onshore
24FR,h0016,0.001073833017664703,scr1997,avaConv,onshore
24FR,h0017,0.0042081231880541714,scr1997,avaConv,onshore
24FR,h0018,0.013406950458604133,scr1997,avaConv,onshore
24FR,h0019,0.01833183777281595,scr1997,avaConv,onshore
24FR,h0020,0.018297084017863344,scr1997,avaConv,onshore
24FR,h0021,0.010655872664905227,scr1997,avaConv,onshore
24FR,h0022,0.0091556266332729,scr1997,avaConv,onshore
24FR,h0023,0.01111946817153778,scr1997,avaConv,onshore
24FR,h0024,0.013680090086218068,scr1997,avaConv,onshore
24FR,h0025,0.11983780053930292,scr1997,avaConv,onshore
24FR,h0026,0.20749483749882144,scr1997,avaConv,onshore
24FR,h0027,0.29110847244876625,scr1997,avaConv,onshore
24FR,h0028,0.27815062363274073,scr1997,avaConv,onshore
24FR,h0029,0.26927025158382584,scr1997,avaConv,onshore
24FR,h0030,0.26276834187479775,scr1997,avaConv,onshore
24FR,h0031,0.4096026217671261,scr1997,avaConv,onshore
24FR,h0032,0.556169751640189,scr1997,avaConv,onshore
24FR,h0033,0.6998285478703213,scr1997,avaConv,onshore
24FR,h0034,0.695511789393364,scr1997,avaConv,onshore
24FR,h0035,0.6739415679440649,scr1997,avaConv,onshore
24FR,h0036,0.6363330583358503,scr1997,avaConv,onshore
24FR,h0037,0.4613042672995611,scr1997,avaConv,onshore
24FR,h0038,0.30578109620238925,scr1997,avaConv,onshore
24FR,h0039,0.1671734701257926,scr1997,avaConv,onshore
24FR,h0040,0.1982179517402854,scr1997,avaConv,onshore
24FR,h0041,0.2308468494727767,scr1997,avaConv,onshore
24FR,h0042,0.27655328567601095,scr1997,avaConv,onshore
24FR,h0043,0.27035959989004527,scr1997,avaConv,onshore
24FR,h0044,0.26136048599502243,scr1997,avaConv,onshore
24FR,h0045,0.2323113449579459,scr1997,avaConv,onshore
24FR,h0046,0.2351624521847919,scr1997,avaConv,onshore
24FR,h0047,0.21903084332273035,scr1997,avaConv,onshore
24FR,h0048,0.21024191896378852,scr1997,avaConv,onshore
25FR,h0001,0.7170046764196409,scr1997,avaConv,onshore
25FR,h0002,0.7198241384598345,scr1997,avaConv,onshore
25FR,h0003,0.7189333349344804,scr1997,avaConv,onshore
25FR,h0004,0.7146183992121401,scr1997,avaConv,onshore
25FR,h0005,0.7007374426249314,scr1997,avaConv,onshore
25FR,h0006,0.6792798888252772,scr1997,avaConv,onshore
25FR,h0007,0.5415513960537461,scr1997,avaConv,onshore
25FR,h0008,0.40334865734846315,scr1997,avaConv,onshore
25FR,h0009,0.25606190043499855,scr1997,avaConv,onshore
25FR,h0010,0.22254464985553662,scr1997,avaConv,onshore
25FR,h0011,0.1576098154335201,scr1997,avaConv,onshore
25FR,h0012,0.10239177121198043,scr1997,avaConv,onshore
25FR,h0013,0.052330494389585425,scr1997,avaConv,onshore
25FR,h0014,0.04126390376436218,scr1997,avaConv,onshore
25FR,h0015,0.03235169244453016,scr1997,avaConv,onshore
25FR,h0016,0.03348206299768063,scr1997,avaConv,onshore
25FR,h0017,0.03919085255689124,scr1997,avaConv,onshore
25FR,h0018,0.0564992193825687,scr1997,avaConv,onshore
25FR,h0019,0.050672804679505176,scr1997,avaConv,onshore
25FR,h0020,0.039882775524807054,scr1997,avaConv,onshore
25FR,h0021,0.013295223889870434,scr1997,avaConv,onshore
25FR,h0022,0.008470903491986953,scr1997,avaConv,onshore
25FR,h0023,0.0034390370299603786,scr1997,avaConv,onshore
25FR,h0024,0.0029350668609713394,scr1997,avaConv,onshore
25FR,h0025,0.08245836658388338,scr1997,avaConv,onshore
25FR,h0026,0.14560620072468253,scr1997,avaConv,onshore
25FR,h0027,0.20553468242861278,scr1997,avaConv,onshore
25FR,h0028,0.2026641727457291,scr1997,avaConv,onshore
25FR,h0029,0.20884640412971922,scr1997,avaConv,onshore
25FR,h0030,0.21954956054981606,scr1997,avaConv,onshore
25FR,h0031,0.27879695157072343,scr1997,avaConv,onshore
25FR,h0032,0.3362259374890269,scr1997,avaConv,onshore
25FR,h0033,0.39427699952902495,scr1997,avaConv,onshore
25FR,h0034,0.40517222449604445,scr1997,avaConv,onshore
25FR,h0035,0.413053121020308,scr1997,avaConv,onshore
25FR,h0036,0.41452967546672037,scr1997,avaConv,onshore
25FR,h0037,0.2968367071869411,scr1997,avaConv,onshore
25FR,h0038,0.17616729703771183,scr1997,avaConv,onshore
25FR,h0039,0.04338926982228513,scr1997,avaConv,onshore
25FR,h0040,0.05302753070338054,scr1997,avaConv,onshore
25FR,h0041,0.07937633997789481,scr1997,avaConv,onshore
25FR,h0042,0.11960941580386818,scr1997,avaConv,onshore
25FR,h0043,0.14724308295588442,scr1997,avaConv,onshore
25FR,h0044,0.1595743242126476,scr1997,avaConv,onshore
25FR,h0045,0.16296647808774897,scr1997,avaConv,onshore
25FR,h0046,0.16923208286751837,scr1997,avaConv,onshore
25FR,h0047,0.15446011482982422,scr1997,avaConv,onshore
25FR,h0048,0.14343121585295165,scr1997,avaConv,onshore
26FR,h0001,0.5417201550957695,scr1997,avaConv,onshore
26FR,h0002,0.5516664921949758,scr1997,avaConv,onshore
26FR,h0003,0.5624961445926798,scr1997,avaConv,onshore
26FR,h0004,0.5764082305461989,scr1997,avaConv,onshore
26FR,h0005,0.5734792042753653,scr1997,avaConv,onshore
26FR,h0006,0.5577537178246319,scr1997,avaConv,onshore
26FR,h0007,0.47083361182477385,scr1997,avaConv,onshore
26FR,h0008,0.38934349121556816,scr1997,avaConv,onshore
26FR,h0009,0.3177749348340914,scr1997,avaConv,onshore
26FR,h0010,0.324246066609118,scr1997,avaConv,onshore
26FR,h0011,0.3088522855610446,scr1997,avaConv,onshore
26FR,h0012,0.2744586056751478,scr1997,avaConv,onshore
26FR,h0013,0.17095269390090215,scr1997,avaConv,onshore
26FR,h0014,0.09480821966882626,scr1997,avaConv,onshore
26FR,h0015,0.03257004844064083,scr1997,avaConv,onshore
26FR,h0016,0.038953026977829056,scr1997,avaConv,onshore
26FR,h0017,0.04789509764138537,scr1997,avaConv,onshore
26FR,h0018,0.059924309127020875,scr1997,avaConv,onshore
26FR,h0019,0.044210643146698536,scr1997,avaConv,onshore
26FR,h0020,0.02490605583720794,scr1997,avaConv,onshore
26FR,h0021,0.002295842851215081,scr1997,avaConv,onshore
26FR,h0022,0.005706286950542848,scr1997,avaConv,onshore
26FR,h0023,0.011265912381175242,scr1997,avaConv,onshore
26FR,h0024,0.01598878538024867,scr1997,avaConv,onshore
26FR,h0025,0.11251993531213532,scr1997,avaConv,onshore
26FR,h0026,0.20897501034065566,scr1997,avaConv,onshore
26FR,h0027,0.3119977581084449,scr1997,avaConv,onshore
26FR,h0028,0.3326228849653088,scr1997,avaConv,onshore
26FR,h0029,0.35525392583019083,scr1997,avaConv,onshore
26FR,h0030,0.3782282824783741,scr1997,avaConv,onshore
26FR,h0031,0.4569280329492275,scr1997,avaConv,onshore
26FR,h0032,0.5414527939983333,scr1997,avaConv,onshore
26FR,h0033,0.6267156646373335,scr1997,avaConv,onshore
26FR,h0034,0.645068692171912,scr1997,avaConv,onshore
26FR,h0035,0.6328703091052569,scr1997,avaConv,onshore
26FR,h0036,0.593536560785516,scr1997,avaConv,onshore
26FR,h0037,0.4241557853658653,scr1997,avaConv,onshore
26FR,h0038,0.27278328176109107,scr1997,avaConv,onshore
26FR,h0039,0.14029521094938777,scr1997,avaConv,onshore
26FR,h0040,0.15781947501846533,scr1997,avaConv,onshore
26FR,h0041,0.18217726870879417,scr1997,avaConv,onshore
26FR,h0042,0.2104088959503019,scr1997,avaConv,onshore
26FR,h0043,0.15512437794294653,scr1997,avaConv,onshore
26FR,h0044,0.0920445817220006,scr1997,avaConv,onshore
26FR,h0045,0.021532370100182528,scr1997,avaConv,onshore
26FR,h0046,0.021502506854317715,scr1997,avaConv,onshore
26FR,h0047,0.025876029823681822,scr1997,avaConv,onshore
26FR,h0048,0.028065021646108693,scr1997,avaConv,onshore
27FR,h0001,0.5327404155704933,scr1997,avaConv,onshore
27FR,h0002,0.5483257056132576,scr1997,avaConv,onshore
27FR,h0003,0.556562532255539,scr1997,avaConv,onshore
27FR,h0004,0.5652281877006571,scr1997,avaConv,onshore
27FR,h0005,0.5496525152344347,scr1997,avaConv,onshore
27FR,h0006,0.5275128981389797,scr1997,avaConv,onshore
27FR,h0007,0.4446944848483276,scr1997,avaConv,onshore
27FR,h0008,0.36474577063701663,scr1997,avaConv,onshore
27FR,h0009,0.2761104681509164,scr1997,avaConv,onshore
27FR,h0010,0.23539631108898218,scr1997,avaConv,onshore
27FR,h0011,0.17887269266478212,scr1997,avaConv,onshore
27FR,h0012,0.1353584836558571,scr1997,avaConv,onshore
27FR,h0013,0.07634024148706166,scr1997,avaConv,onshore
27FR,h0014,0.04423996869362286,scr1997,avaConv,onshore
27FR,h0015,0.008101455727732512,scr1997,avaConv,onshore
27FR,h0016,0.012710036105566303,scr1997,avaConv,onshore
27FR,h0017,0.020922352366622637,scr1997,avaConv,onshore
27FR,h0018,0.0362164744995744,scr1997,avaConv,onshore
27FR,h0019,0.03065604872944089,scr1997,avaConv,onshore
27FR,h0020,0.020409793447210164,scr1997,avaConv,onshore
27FR,h0021,0.0006725492881823115,scr1997,avaConv,onshore
27FR,h0022,0.0003486672070900408,scr1997,avaConv,onshore
27FR,h0023,0.0005442671395531555,scr1997,avaConv,onshore
27FR,h0024,0.00092174990082297,scr1997,avaConv,onshore
27FR,h0025,0.10183514300586016,scr1997,avaConv,onshore
27FR,h0026,0.20368621412999544,scr1997,avaConv,onshore
27FR,h0027,0.30715419932496346,scr1997,avaConv,onshore
27FR,h0028,0.32993525890107317,scr1997,avaConv,onshore
27FR,h0029,0.34190660813677226,scr1997,avaConv,onshore
27FR,h0030,0.3475578911601975,scr1997,avaConv,onshore
27FR,h0031,0.4099269365033946,scr1997,avaConv,onshore
27FR,h0032,0.48138998868549454,scr1997,avaConv,onshore
27FR,h0033,0.5580418084474003,scr1997,avaConv,onshore
27FR,h0034,0.563130903919517,scr1997,avaConv,onshore
27FR,h0035,0.5296338878506235,scr1997,avaConv,onshore
27FR,h0036,0.46692931581853353,scr1997,avaConv,onshore
27FR,h0037,0.30399839864886746,scr1997,avaConv,onshore
27FR,h0038,0.17363508917145318,scr1997,avaConv,onshore
27FR,h0039,0.07155162402298415,scr1997,avaConv,onshore
27FR,h0040,0.09551691288295298,scr1997,avaConv,onshore
27FR,h0041,0.13326047270665017,scr1997,avaConv,onshore
27FR,h0042,0.1780422638634755,scr1997,avaConv,onshore
27FR,h0043,0.1585246306161717,scr1997,avaConv,onshore
27FR,h0044,0.12513184444830877,scr1997,avaConv,onshore
27FR,h0045,0.08501135923901051,scr1997,avaConv,onshore
27FR,h0046,0.10714707121468008,scr1997,avaConv,onshore
27FR,h0047,0.11151866717704761,scr1997,avaConv,onshore
27FR,h0048,0.11716565533133323,scr1997,avaConv,onshore
99FR,h0001,0.7908632290430276,scr1997,avaConv,onshore
99FR,h0002,0.7734938717267745,scr1997,avaConv,onshore
99FR,h0003,0.7639387644483833,scr1997,avaConv,onshore
99FR,h0004,0.755347549758345,scr1997,avaConv,onshore
99FR,h0005,0.7495194724309313,scr1997,avaConv,onshore
99FR,h0006,0.7224328177333705,scr1997,avaConv,onshore
99FR,h0007,0.5786479772501842,scr1997,avaConv,onshore
99FR,h0008,0.44090757143848613,scr1997,avaConv,onshore
99FR,h0009,0.37816605395278446,scr1997,avaConv,onshore
99FR,h0010,0.44817339769941605,scr1997,avaConv,onshore
99FR,h0011,0.4692541711571343,scr1997,avaConv,onshore
99FR,h0012,0.45448377555723674,scr1997,avaConv,onshore
99FR,h0013,0.3113456581608776,scr1997,avaConv,onshore
99FR,h0014,0.23768149525511187,scr1997,avaConv,onshore
99FR,h0015,0.1570487003598683,scr1997,avaConv,onshore
99FR,h0016,0.18571079162236334,scr1997,avaConv,onshore
99FR,h0017,0.1871514784779771,scr1997,avaConv,onshore
99FR,h0018,0.18145332283483123,scr1997,avaConv,onshore
99FR,h0019,0.1836697153948729,scr1997,avaConv,onshore
99FR,h0020,0.2018424458487928,scr1997,avaConv,onshore
99FR,h0021,0.22158785747277251,scr1997,avaConv,onshore
99FR,h0022,0.23346207345513326,scr1997,avaConv,onshore
99FR,h0023,0.2186003056291153,scr1997,avaConv,onshore
99FR,h0024,0.2075201037032109,scr1997,avaConv,onshore
99FR,h0025,0.15912480529622697,scr1997,avaConv,onshore
99FR,h0026,0.1354115490055066,scr1997,avaConv,onshore
99FR,h0027,0.10271680171056476,scr1997,avaConv,onshore
99FR,h0028,0.09965302707930022,scr1997,avaConv,onshore
99FR,h0029,0.08626185585058314,scr1997,avaConv,onshore
99FR,h0030,0.07309701563454896,scr1997,avaConv,onshore
99FR,h0031,0.044933443204494786,scr1997,avaConv,onshore
99FR,h0032,0.024048407499709382,scr1997,avaConv,onshore
99FR,h0033,0.009205369935310764,scr1997,avaConv,onshore
99FR,h0034,0.017224786734413477,scr1997,avaConv,onshore
99FR,h0035,0.01857248293673053,scr1997,avaConv,onshore
99FR,h0036,0.016600107572072566,scr1997,avaConv,onshore
99FR,h0037,0.029086538078141596,scr1997,avaConv,onshore
99FR,h0038,0.04224535105963536,scr1997,avaConv,onshore
99FR,h0039,0.06310087078860874,scr1997,avaConv,onshore
99FR,h0040,0.07656548334185485,scr1997,avaConv,onshore
99FR,h0041,0.1080904341781822,scr1997,avaConv,onshore
99FR,h0042,0.13800203227029262,scr1997,avaConv,onshore
99FR,h0043,0.33825884255433103,scr1997,avaConv,onshore
99FR,h0044,0.526478282269529,scr1997,avaConv,onshore
99FR,h0045,0.7074985879683133,scr1997,avaConv,onshore
99FR,h0046,0.7000540251088243,scr1997,avaConv,onshore
99FR,h0047,0.6918864602579672,scr1997,avaConv,onshore
99FR,h0048,0.6691122607570609,scr1997,avaConv,onshore
68GR,h0001,0.08384814670746343,scr1997,avaConv,onshore
68GR,h0002,0.08329985605525479,scr1997,avaConv,onshore
68GR,h0003,0.08239315605444152,scr1997,avaConv,onshore
68GR,h0004,0.08055151484616295,scr1997,avaConv,onshore
68GR,h0005,0.07947052322427044,scr1997,avaConv,onshore
68GR,h0006,0.08015290057171862,scr1997,avaConv,onshore
68GR,h0007,0.11317861743053813,scr1997,avaConv,onshore
68GR,h0008,0.14943349510239032,scr1997,avaConv,onshore
68GR,h0009,0.19133944306643746,scr1997,avaConv,onshore
68GR,h0010,0.208453161227493,scr1997,avaConv,onshore
68GR,h0011,0.2353935268735135,scr1997,avaConv,onshore
68GR,h0012,0.2894768099641627,scr1997,avaConv,onshore
68GR,h0013,0.3798898132882201,scr1997,avaConv,onshore
68GR,h0014,0.4647687821228037,scr1997,avaConv,onshore
68GR,h0015,0.5071664266731213,scr1997,avaConv,onshore
68GR,h0016,0.5113637338095064,scr1997,avaConv,onshore
68GR,h0017,0.5210765213716732,scr1997,avaConv,onshore
68GR,h0018,0.5451743333672144,scr1997,avaConv,onshore
68GR,h0019,0.4408335260319559,scr1997,avaConv,onshore
68GR,h0020,0.3233261078840495,scr1997,avaConv,onshore
68GR,h0021,0.1926324930510601,scr1997,avaConv,onshore
68GR,h0022,0.19090161471886538,scr1997,avaConv,onshore
68GR,h0023,0.19702760572614283,scr1997,avaConv,onshore
68GR,h0024,0.20380397140956982,scr1997,avaConv,onshore
68GR,h0025,0.3126897039709833,scr1997,avaConv,onshore
68GR,h0026,0.4037865903913874,scr1997,avaConv,onshore
68GR,h0027,0.49157319897669205,scr1997,avaConv,onshore
68GR,h0028,0.47581191993810795,scr1997,avaConv,onshore
68GR,h0029,0.46553690940487197,scr1997,avaConv,onshore
68GR,h0030,0.4599212307428588,scr1997,avaConv,onshore
68GR,h0031,0.31687036789793316,scr1997,avaConv,onshore
68GR,h0032,0.1744043736149855,scr1997,avaConv,onshore
68GR,h0033,0.029333087501754364,scr1997,avaConv,onshore
68GR,h0034,0.027665660460994248,scr1997,avaConv,onshore
68GR,h0035,0.0205918264103082,scr1997,avaConv,onshore
68GR,h0036,0.012325602346032062,scr1997,avaConv,onshore
68GR,h0037,0.029374193843932524,scr1997,avaConv,onshore
68GR,h0038,0.04553532464596746,scr1997,avaConv,onshore
68GR,h0039,0.06254104333644836,scr1997,avaConv,onshore
68GR,h0040,0.060348948460663465,scr1997,avaConv,onshore
68GR,h0041,0.06282743393354885,scr1997,avaConv,onshore
68GR,h0042,0.06727259685107906,scr1997,avaConv,onshore
68GR,h0043,0.06369435321826472,scr1997,avaConv,onshore
68GR,h0044,0.060609587048177,scr1997,avaConv,onshore
68GR,h0045,0.055530218522320374,scr1997,avaConv,onshore
68GR,h0046,0.05646582758958042,scr1997,avaConv,onshore
68GR,h0047,0.05525965964891623,scr1997,avaConv,onshore
68GR,h0048,0.05213284614271431,scr1997,avaConv,onshore
69GR,h0001,0.0658831190579534,scr1997,avaConv,onshore
69GR,h0002,0.061823048235238834,scr1997,avaConv,onshore
69GR,h0003,0.06327337952059814,scr1997,avaConv,onshore
69GR,h0004,0.06872057123531089,scr1997,avaConv,onshore
69GR,h0005,0.0760871359478689,scr1997,avaConv,onshore
69GR,h0006,0.07367012435031943,scr1997,avaConv,onshore
69GR,h0007,0.10853009421303719,scr1997,avaConv,onshore
69GR,h0008,0.15111805866114938,scr1997,avaConv,onshore
69GR,h0009,0.21144904430012781,scr1997,avaConv,onshore
69GR,h0010,0.23148587731027442,scr1997,avaConv,onshore
69GR,h0011,0.23478173177245443,scr1997,avaConv,onshore
69GR,h0012,0.24936995746728488,scr1997,avaConv,onshore
69GR,h0013,0.23002867725590245,scr1997,avaConv,onshore
69GR,h0014,0.22961621445739508,scr1997,avaConv,onshore
69GR,h0015,0.21871877179570687,scr1997,avaConv,onshore
69GR,h0016,0.23601311882247775,scr1997,avaConv,onshore
69GR,h0017,0.23547849446617783,scr1997,avaConv,onshore
69GR,h0018,0.21703345970104856,scr1997,avaConv,onshore
69GR,h0019,0.24449651400618774,scr1997,avaConv,onshore
69GR,h0020,0.2847941668230756,scr1997,avaConv,onshore
69GR,h0021,0.3364271530876703,scr1997,avaConv,onshore
69GR,h0022,0.34899870085235074,scr1997,avaConv,onshore
69GR,h0023,0.37115271047708087,scr1997,avaConv,onshore
69GR,h0024,0.3774590397243761,scr1997,avaConv,onshore
69GR,h0025,0.5368712229545134,scr1997,avaConv,onshore
69GR,h0026,0.6852940622446753,scr1997,avaConv,onshore
69GR,h0027,0.8460071625190507,scr1997,avaConv,onshore
69GR,h0028,0.8472302494351783,scr1997,avaConv,onshore
69GR,h0029,0.8453411538551863,scr1997,avaConv,onshore
69GR,h0030,0.8420229107521381,scr1997,avaConv,onshore
69GR,h0031,0.6064865101398289,scr1997,avaConv,onshore
69GR,h0032,0.37412589246856304,scr1997,avaConv,onshore
69GR,h0033,0.1433670495738978,scr1997,avaConv,onshore
69GR,h0034,0.13641943530008238,scr1997,avaConv,onshore
69GR,h0035,0.13310146700201145,scr1997,avaConv,onshore
69GR,h0036,0.13375704083883816,scr1997,avaConv,onshore
69GR,h0037,0.13233422379626375,scr1997,avaConv,onshore
69GR,h0038,0.1272796045640975,scr1997,avaConv,onshore
69GR,h0039,0.11992124621618133,scr1997,avaConv,onshore
69GR,h0040,0.12147666513882863,scr1997,avaConv,onshore
69GR,h0041,0.12877951056358164,scr1997,avaConv,onshore
69GR,h0042,0.14311711354735077,scr1997,avaConv,onshore
69GR,h0043,0.2479139397726197,scr1997,avaConv,onshore
69GR,h0044,0.3400736081691005,scr1997,avaConv,onshore
69GR,h0045,0.41742453395886436,scr1997,avaConv,onshore
69GR,h0046,0.39189490250151005,scr1997,avaConv,onshore
69GR,h0047,0.370414532083957,scr1997,avaConv,onshore
69GR,h0048,0.35176467445815535,scr1997,avaConv,onshore
62HR,h0001,0.06054565089575171,scr1997,avaConv,onshore
62HR,h0002,0.06801570156693991,scr1997,avaConv,onshore
62HR,h0003,0.07978993831237488,scr1997,avaConv,onshore
62HR,h0004,0.11735574808780902,scr1997,avaConv,onshore
62HR,h0005,0.16298847167856376,scr1997,avaConv,onshore
62HR,h0006,0.20146008232264537,scr1997,avaConv,onshore
62HR,h0007,0.20846684044001884,scr1997,avaConv,onshore
62HR,h0008,0.222217871681334,scr1997,avaConv,onshore
62HR,h0009,0.23936278878852513,scr1997,avaConv,onshore
62HR,h0010,0.2532481755758547,scr1997,avaConv,onshore
62HR,h0011,0.20496780599459322,scr1997,avaConv,onshore
62HR,h0012,0.14127494406648508,scr1997,avaConv,onshore
62HR,h0013,0.08430378807078756,scr1997,avaConv,onshore
62HR,h0014,0.07513514796051003,scr1997,avaConv,onshore
62HR,h0015,0.0838893892721526,scr1997,avaConv,onshore
62HR,h0016,0.09563376180692852,scr1997,avaConv,onshore
62HR,h0017,0.11347502665025982,scr1997,avaConv,onshore
62HR,h0018,0.13448067999527286,scr1997,avaConv,onshore
62HR,h0019,0.16034017657250127,scr1997,avaConv,onshore
62HR,h0020,0.1878584192687305,scr1997,avaConv,onshore
62HR,h0021,0.21114077099821285,scr1997,avaConv,onshore
62HR,h0022,0.22753191556604327,scr1997,avaConv,onshore
62HR,h0023,0.22690758689987645,scr1997,avaConv,onshore
62HR,h0024,0.2176926421409015,scr1997,avaConv,onshore
62HR,h0025,0.15001467022345383,scr1997,avaConv,onshore
62HR,h0026,0.0834014621617636,scr1997,avaConv,onshore
62HR,h0027,0.011441706763193926,scr1997,avaConv,onshore
62HR,h0028,0.011180976992241754,scr1997,avaConv,onshore
62HR,h0029,0.018029772179190152,scr1997,avaConv,onshore
62HR,h0030,0.027037972142966462,scr1997,avaConv,onshore
62HR,h0031,0.02565602140971647,scr1997,avaConv,onshore
62HR,h0032,0.02187575335131818,scr1997,avaConv,onshore
62HR,h0033,0.012602602396250585,scr1997,avaConv,onshore
62HR,h0034,0.010940413487737787,scr1997,avaConv,onshore
62HR,h0035,0.009336183288657074,scr1997,avaConv,onshore
62HR,h0036,0.009759731556605413,scr1997,avaConv,onshore
62HR,h0037,0.013918601152325467,scr1997,avaConv,onshore
62HR,h0038,0.01539154168291155,scr1997,avaConv,onshore
62HR,h0039,0.016855612237901288,scr1997,avaConv,onshore
62HR,h0040,0.015872688863865822,scr1997,avaConv,onshore
62HR,h0041,0.017053167190466182,scr1997,avaConv,onshore
62HR,h0042,0.01948460433939849,scr1997,avaConv,onshore
62HR,h0043,0.02483173428762683,scr1997,avaConv,onshore
62HR,h0044,0.024807540610824772,scr1997,avaConv,onshore
62HR,h0045,0.02132782714727021,scr1997,avaConv,onshore
62HR,h0046,0.014730807044334365,scr1997,avaConv,onshore
62HR,h0047,0.017986271808765386,scr1997,avaConv,onshore
62HR,h0048,0.01997860128891255,scr1997,avaConv,onshore
58HU,h0001,0.0048136204675770095,scr1997,avaConv,onshore
58HU,h0002,0.006821405100223628,scr1997,avaConv,onshore
58HU,h0003,0.012124696382470247,scr1997,avaConv,onshore
58HU,h0004,0.01736735449442243,scr1997,avaConv,onshore
58HU,h0005,0.02889711031438194,scr1997,avaConv,onshore
58HU,h0006,0.04746342244665206,scr1997,avaConv,onshore
58HU,h0007,0.10798435863188499,scr1997,avaConv,onshore
58HU,h0008,0.17719803141473311,scr1997,avaConv,onshore
58HU,h0009,0.2502451165400243,scr1997,avaConv,onshore
58HU,h0010,0.28723608671647644,scr1997,avaConv,onshore
58HU,h0011,0.26928031931845103,scr1997,avaConv,onshore
58HU,h0012,0.2382302202620879,scr1997,avaConv,onshore
58HU,h0013,0.1412644173508167,scr1997,avaConv,onshore
58HU,h0014,0.08572482741726829,scr1997,avaConv,onshore
58HU,h0015,0.04135586257561817,scr1997,avaConv,onshore
58HU,h0016,0.09218935580715999,scr1997,avaConv,onshore
58HU,h0017,0.15240599205744887,scr1997,avaConv,onshore
58HU,h0018,0.18074228433809764,scr1997,avaConv,onshore
58HU,h0019,0.23550749675421598,scr1997,avaConv,onshore
58HU,h0020,0.2796804415486431,scr1997,avaConv,onshore
58HU,h0021,0.3356912791020878,scr1997,avaConv,onshore
58HU,h0022,0.3470252327397488,scr1997,avaConv,onshore
58HU,h0023,0.3481236364982498,scr1997,avaConv,onshore
58HU,h0024,0.3461056641184933,scr1997,avaConv,onshore
58HU,h0025,0.2524793159871789,scr1997,avaConv,onshore
58HU,h0026,0.15550158963541047,scr1997,avaConv,onshore
58HU,h0027,0.05187042969749196,scr1997,avaConv,onshore
58HU,h0028,0.0353504858154884,scr1997,avaConv,onshore
58HU,h0029,0.02432477300786485,scr1997,avaConv,onshore
58HU,h0030,0.021573360876969976,scr1997,avaConv,onshore
58HU,h0031,0.01744902532482496,scr1997,avaConv,onshore
58HU,h0032,0.011839823183919235,scr1997,avaConv,onshore
58HU,h0033,0.0036510754172862105,scr1997,avaConv,onshore
58HU,h0034,0.00114352008495098,scr1997,avaConv,onshore
58HU,h0035,0.0,scr1997,avaConv,onshore
58HU,h0036,0.0,scr1997,avaConv,onshore
58HU,h0037,0.002889419638507148,scr1997,avaConv,onshore
58HU,h0038,0.006060335269320463,scr1997,avaConv,onshore
58HU,h0039,0.01317861808189304,scr1997,avaConv,onshore
58HU,h0040,0.018309438900910104,scr1997,avaConv,onshore
58HU,h0041,0.019289768592075224,scr1997,avaConv,onshore
58HU,h0042,0.01614459855661166,scr1997,avaConv,onshore
58HU,h0043,0.008501386285835572,scr1997,avaConv,onshore
58HU,h0044,0.004352393535577885,scr1997,avaConv,onshore
58HU,h0045,0.0011760425882699763,scr1997,avaConv,onshore
58HU,h0046,0.0020649445740628103,scr1997,avaConv,onshore
58HU,h0047,0.0020649445740628103,scr1997,avaConv,onshore
58HU,h0048,0.0009908183471701653,scr1997,avaConv,onshore
96IE,h0001,0.5000170751683309,scr1997,avaConv,onshore
96IE,h0002,0.4960586769688768,scr1997,avaConv,onshore
96IE,h0003,0.4945972964492423,scr1997,avaConv,onshore
96IE,h0004,0.4967015639456603,scr1997,avaConv,onshore
96IE,h0005,0.5023516975656869,scr1997,avaConv,onshore
96IE,h0006,0.5102877129773374,scr1997,avaConv,onshore
96IE,h0007,0.42384585469710356,scr1997,avaConv,onshore
96IE,h0008,0.3360905408983182,scr1997,avaConv,onshore
96IE,h0009,0.24583247903910813,scr1997,avaConv,onshore
96IE,h0010,0.2414108488670812,scr1997,avaConv,onshore
96IE,h0011,0.21639206424731539,scr1997,avaConv,onshore
96IE,h0012,0.1903088627902726,scr1997,avaConv,onshore
96IE,h0013,0.19527992115241694,scr1997,avaConv,onshore
96IE,h0014,0.22855066739533564,scr1997,avaConv,onshore
96IE,h0015,0.2714298516626574,scr1997,avaConv,onshore
96IE,h0016,0.2835417019749443,scr1997,avaConv,onshore
96IE,h0017,0.29368099009806076,scr1997,avaConv,onshore
96IE,h0018,0.29920546708749013,scr1997,avaConv,onshore
96IE,h0019,0.381511889276473,scr1997,avaConv,onshore
96IE,h0020,0.4293012173892621,scr1997,avaConv,onshore
96IE,h0021,0.45421712590797403,scr1997,avaConv,onshore
96IE,h0022,0.3933643297394909,scr1997,avaConv,onshore
96IE,h0023,0.3430404435979655,scr1997,avaConv,onshore
96IE,h0024,0.2988906143367698,scr1997,avaConv,onshore
96IE,h0025,0.3583919993527423,scr1997,avaConv,onshore
96IE,h0026,0.4377985034934637,scr1997,avaConv,onshore
96IE,h0027,0.5345761261395927,scr1997,avaConv,onshore
96IE,h0028,0.5437398204194611,scr1997,avaConv,onshore
96IE,h0029,0.549234214312472,scr1997,avaConv,onshore
96IE,h0030,0.5484944753547284,scr1997,avaConv,onshore
96IE,h0031,0.4726912389065145,scr1997,avaConv,onshore
96IE,h0032,0.4038332260737156,scr1997,avaConv,onshore
96IE,h0033,0.33325492029872555,scr1997,avaConv,onshore
96IE,h0034,0.3316629084828341,scr1997,avaConv,onshore
96IE,h0035,0.33364677448754015,scr1997,avaConv,onshore
96IE,h0036,0.32626207946286934,scr1997,avaConv,onshore
96IE,h0037,0.2228013342224415,scr1997,avaConv,onshore
96IE,h0038,0.10890021698923885,scr1997,avaConv,onshore
96IE,h0039,0.008304141537426382,scr1997,avaConv,onshore
96IE,h0040,0.0029932688238044954,scr1997,avaConv,onshore
96IE,h0041,0.0011319800939064888,scr1997,avaConv,onshore
96IE,h0042,0.0011305938550874072,scr1997,avaConv,onshore
96IE,h0043,0.14421306146289486,scr1997,avaConv,onshore
96IE,h0044,0.30922302515110955,scr1997,avaConv,onshore
96IE,h0045,0.4890267417747403,scr1997,avaConv,onshore
96IE,h0046,0.5427684225502656,scr1997,avaConv,onshore
96IE,h0047,0.6135536692239574,scr1997,avaConv,onshore
96IE,h0048,0.6755487135943211,scr1997,avaConv,onshore
55IT,h0001,0.28188323682105315,scr1997,avaConv,onshore
55IT,h0002,0.2860473978840126,scr1997,avaConv,onshore
55IT,h0003,0.2880470541735849,scr1997,avaConv,onshore
55IT,h0004,0.29402536331534906,scr1997,avaConv,onshore
55IT,h0005,0.3050832563104408,scr1997,avaConv,onshore
55IT,h0006,0.3177678323202488,scr1997,avaConv,onshore
55IT,h0007,0.4119526117755965,scr1997,avaConv,onshore
55IT,h0008,0.49838106674638727,scr1997,avaConv,onshore
55IT,h0009,0.5720008780458617,scr1997,avaConv,onshore
55IT,h0010,0.5447531022957806,scr1997,avaConv,onshore
55IT,h0011,0.5172534144386414,scr1997,avaConv,onshore
55IT,h0012,0.5336352224015525,scr1997,avaConv,onshore
55IT,h0013,0.39120017399605644,scr1997,avaConv,onshore
55IT,h0014,0.2587027623703292,scr1997,avaConv,onshore
55IT,h0015,0.10520989367626869,scr1997,avaConv,onshore
55IT,h0016,0.13278240174247571,scr1997,avaConv,onshore
55IT,h0017,0.17091674383844754,scr1997,avaConv,onshore
55IT,h0018,0.21369166556805774,scr1997,avaConv,onshore
55IT,h0019,0.2073360670103231,scr1997,avaConv,onshore
55IT,h0020,0.17155368432475274,scr1997,avaConv,onshore
55IT,h0021,0.11573333880811482,scr1997,avaConv,onshore
55IT,h0022,0.09394008142209571,scr1997,avaConv,onshore
55IT,h0023,0.10112622880616011,scr1997,avaConv,onshore
55IT,h0024,0.11085672099686433,scr1997,avaConv,onshore
55IT,h0025,0.22748687190670716,scr1997,avaConv,onshore
55IT,h0026,0.32463921728161865,scr1997,avaConv,onshore
55IT,h0027,0.4186353102936149,scr1997,avaConv,onshore
55IT,h0028,0.4091938882842849,scr1997,avaConv,onshore
55IT,h0029,0.40191631412479817,scr1997,avaConv,onshore
55IT,h0030,0.398838035851737,scr1997,avaConv,onshore
55IT,h0031,0.2664865309428707,scr1997,avaConv,onshore
55IT,h0032,0.13427052179728624,scr1997,avaConv,onshore
55IT,h0033,0.007388120988901443,scr1997,avaConv,onshore
55IT,h0034,0.004856911418487011,scr1997,avaConv,onshore
55IT,h0035,0.002301996348671278,scr1997,avaConv,onshore
55IT,h0036,0.0003062515185029563,scr1997,avaConv,onshore
55IT,h0037,0.0859555367426034,scr1997,avaConv,onshore
55IT,h0038,0.1734081788364609,scr1997,avaConv,onshore
55IT,h0039,0.25482611596233923,scr1997,avaConv,onshore
55IT,h0040,0.23372107473118034,scr1997,avaConv,onshore
55IT,h0041,0.20650910401277298,scr1997,avaConv,onshore
55IT,h0042,0.1802194345976349,scr1997,avaConv,onshore
55IT,h0043,0.13353776081006397,scr1997,avaConv,onshore
55IT,h0044,0.0900679722026077,scr1997,avaConv,onshore
55IT,h0045,0.049611901267964185,scr1997,avaConv,onshore
55IT,h0046,0.039021970763738284,scr1997,avaConv,onshore
55IT,h0047,0.03272307071929577,scr1997,avaConv,onshore
55IT,h0048,0.027824801103906577,scr1997,avaConv,onshore
53IT,h0001,0.8210496431169761,scr1997,avaConv,onshore
53IT,h0002,0.8273579394704197,scr1997,avaConv,onshore
53IT,h0003,0.830711203738198,scr1997,avaConv,onshore
53IT,h0004,0.8295683672492258,scr1997,avaConv,onshore
53IT,h0005,0.8448720925726576,scr1997,avaConv,onshore
53IT,h0006,0.8600317739000736,scr1997,avaConv,onshore
53IT,h0007,0.7472234256126437,scr1997,avaConv,onshore
53IT,h0008,0.6090235434586325,scr1997,avaConv,onshore
53IT,h0009,0.4583938877528864,scr1997,avaConv,onshore
53IT,h0010,0.4522886524452019,scr1997,avaConv,onshore
53IT,h0011,0.4340136342847975,scr1997,avaConv,onshore
53IT,h0012,0.43776766371397485,scr1997,avaConv,onshore
53IT,h0013,0.3791002736910605,scr1997,avaConv,onshore
53IT,h0014,0.3635477931788433,scr1997,avaConv,onshore
53IT,h0015,0.36066727818326993,scr1997,avaConv,onshore
53IT,h0016,0.43130294521727613,scr1997,avaConv,onshore
53IT,h0017,0.4956027497770971,scr1997,avaConv,onshore
53IT,h0018,0.5493504452463287,scr1997,avaConv,onshore
53IT,h0019,0.5887943936448522,scr1997,avaConv,onshore
53IT,h0020,0.6091948310151418,scr1997,avaConv,onshore
53IT,h0021,0.6109177993631731,scr1997,avaConv,onshore
53IT,h0022,0.6149940020241433,scr1997,avaConv,onshore
53IT,h0023,0.6102614458458129,scr1997,avaConv,onshore
53IT,h0024,0.6093973878844379,scr1997,avaConv,onshore
53IT,h0025,0.5320808048147773,scr1997,avaConv,onshore
53IT,h0026,0.454824846644907,scr1997,avaConv,onshore
53IT,h0027,0.36968676570952524,scr1997,avaConv,onshore
53IT,h0028,0.35284075896311273,scr1997,avaConv,onshore
53IT,h0029,0.3332890861447322,scr1997,avaConv,onshore
53IT,h0030,0.3116296385707851,scr1997,avaConv,onshore
53IT,h0031,0.21156310688377047,scr1997,avaConv,onshore
53IT,h0032,0.11693858936039911,scr1997,avaConv,onshore
53IT,h0033,0.024644197223242216,scr1997,avaConv,onshore
53IT,h0034,0.02692299789317687,scr1997,avaConv,onshore
53IT,h0035,0.021509125749888888,scr1997,avaConv,onshore
53IT,h0036,0.01292898194036515,scr1997,avaConv,onshore
53IT,h0037,0.2432143782361328,scr1997,avaConv,onshore
53IT,h0038,0.4388442755721791,scr1997,avaConv,onshore
53IT,h0039,0.6137686132448771,scr1997,avaConv,onshore
53IT,h0040,0.5750102390424544,scr1997,avaConv,onshore
53IT,h0041,0.5588119156652488,scr1997,avaConv,onshore
53IT,h0042,0.553187697596486,scr1997,avaConv,onshore
53IT,h0043,0.4110342047303386,scr1997,avaConv,onshore
53IT,h0044,0.25909364114924865,scr1997,avaConv,onshore
53IT,h0045,0.10792061127391979,scr1997,avaConv,onshore
53IT,h0046,0.11849787397881335,scr1997,avaConv,onshore
53IT,h0047,0.12997101784181908,scr1997,avaConv,onshore
53IT,h0048,0.12936349017107276,scr1997,avaConv,onshore
54IT,h0001,0.6464005441019233,scr1997,avaConv,onshore
54IT,h0002,0.6598876889128549,scr1997,avaConv,onshore
54IT,h0003,0.6668760194698521,scr1997,avaConv,onshore
54IT,h0004,0.6800169858319219,scr1997,avaConv,onshore
54IT,h0005,0.6893504090488659,scr1997,avaConv,onshore
54IT,h0006,0.6956386783045075,scr1997,avaConv,onshore
54IT,h0007,0.6766576410267083,scr1997,avaConv,onshore
54IT,h0008,0.6569825153297812,scr1997,avaConv,onshore
54IT,h0009,0.6189292603594683,scr1997,avaConv,onshore
54IT,h0010,0.6185234883620128,scr1997,avaConv,onshore
54IT,h0011,0.6203670344583002,scr1997,avaConv,onshore
54IT,h0012,0.7119185090033272,scr1997,avaConv,onshore
54IT,h0013,0.5141189646262722,scr1997,avaConv,onshore
54IT,h0014,0.3284684687922755,scr1997,avaConv,onshore
54IT,h0015,0.10651831073731635,scr1997,avaConv,onshore
54IT,h0016,0.16209360140990844,scr1997,avaConv,onshore
54IT,h0017,0.22992345917184048,scr1997,avaConv,onshore
54IT,h0018,0.2928941725083256,scr1997,avaConv,onshore
54IT,h0019,0.315547681499535,scr1997,avaConv,onshore
54IT,h0020,0.3205477363087762,scr1997,avaConv,onshore
54IT,h0021,0.31460176703544146,scr1997,avaConv,onshore
54IT,h0022,0.32669853039151997,scr1997,avaConv,onshore
54IT,h0023,0.32707960555296867,scr1997,avaConv,onshore
54IT,h0024,0.3212076672869906,scr1997,avaConv,onshore
54IT,h0025,0.30436605361191976,scr1997,avaConv,onshore
54IT,h0026,0.287476262814448,scr1997,avaConv,onshore
54IT,h0027,0.2664699446541752,scr1997,avaConv,onshore
54IT,h0028,0.25622518165656377,scr1997,avaConv,onshore
54IT,h0029,0.2514213506260549,scr1997,avaConv,onshore
54IT,h0030,0.25437857808696723,scr1997,avaConv,onshore
54IT,h0031,0.16769085130628167,scr1997,avaConv,onshore
54IT,h0032,0.082438420939824,scr1997,avaConv,onshore
54IT,h0033,0.002259449361160932,scr1997,avaConv,onshore
54IT,h0034,0.0011232688637231407,scr1997,avaConv,onshore
54IT,h0035,0.00039412618958700393,scr1997,avaConv,onshore
54IT,h0036,0.0,scr1997,avaConv,onshore
54IT,h0037,0.18557940091106342,scr1997,avaConv,onshore
54IT,h0038,0.3819939652225711,scr1997,avaConv,onshore
54IT,h0039,0.5624238695883833,scr1997,avaConv,onshore
54IT,h0040,0.49979036019368694,scr1997,avaConv,onshore
54IT,h0041,0.43027423944850085,scr1997,avaConv,onshore
54IT,h0042,0.3749115500240045,scr1997,avaConv,onshore
54IT,h0043,0.24470430144899766,scr1997,avaConv,onshore
54IT,h0044,0.1325145656959395,scr1997,avaConv,onshore
54IT,h0045,0.032555893930005624,scr1997,avaConv,onshore
54IT,h0046,0.029032419934568933,scr1997,avaConv,onshore
54IT,h0047,0.02554729770014434,scr1997,avaConv,onshore
54IT,h0048,0.024535714517405816,scr1997,avaConv,onshore
52IT,h0001,0.7447483410701687,scr1997,avaConv,onshore
52IT,h0002,0.7426617928390261,scr1997,avaConv,onshore
52IT,h0003,0.7625001666872444,scr1997,avaConv,onshore
52IT,h0004,0.7819817858240763,scr1997,avaConv,onshore
52IT,h0005,0.8008368625004257,scr1997,avaConv,onshore
52IT,h0006,0.7971438386792712,scr1997,avaConv,onshore
52IT,h0007,0.5569125483488627,scr1997,avaConv,onshore
52IT,h0008,0.33145531297067543,scr1997,avaConv,onshore
52IT,h0009,0.12803961403307446,scr1997,avaConv,onshore
52IT,h0010,0.13897488862457985,scr1997,avaConv,onshore
52IT,h0011,0.13006533111300428,scr1997,avaConv,onshore
52IT,h0012,0.1140276154855033,scr1997,avaConv,onshore
52IT,h0013,0.2795949058250436,scr1997,avaConv,onshore
52IT,h0014,0.46999491491295964,scr1997,avaConv,onshore
52IT,h0015,0.6676549362413373,scr1997,avaConv,onshore
52IT,h0016,0.6470597104133131,scr1997,avaConv,onshore
52IT,h0017,0.6248391134117909,scr1997,avaConv,onshore
52IT,h0018,0.6064283359956546,scr1997,avaConv,onshore
52IT,h0019,0.596846100719389,scr1997,avaConv,onshore
52IT,h0020,0.5965980709920753,scr1997,avaConv,onshore
52IT,h0021,0.5997490176581958,scr1997,avaConv,onshore
52IT,h0022,0.5994684490955038,scr1997,avaConv,onshore
52IT,h0023,0.604742564928594,scr1997,avaConv,onshore
52IT,h0024,0.6026430886253515,scr1997,avaConv,onshore
52IT,h0025,0.5832849023461317,scr1997,avaConv,onshore
52IT,h0026,0.5556983071636965,scr1997,avaConv,onshore
52IT,h0027,0.5264398595305335,scr1997,avaConv,onshore
52IT,h0028,0.5139197492465128,scr1997,avaConv,onshore
52IT,h0029,0.5028268818388845,scr1997,avaConv,onshore
52IT,h0030,0.4962750120933078,scr1997,avaConv,onshore
52IT,h0031,0.3225133616277411,scr1997,avaConv,onshore
52IT,h0032,0.15985593952737953,scr1997,avaConv,onshore
52IT,h0033,0.01714919225776993,scr1997,avaConv,onshore
52IT,h0034,0.017160584790214605,scr1997,avaConv,onshore
52IT,h0035,0.01610238564529829,scr1997,avaConv,onshore
52IT,h0036,0.0124473749281372,scr1997,avaConv,onshore
52IT,h0037,0.0879304072272171,scr1997,avaConv,onshore
52IT,h0038,0.17173434300662793,scr1997,avaConv,onshore
52IT,h0039,0.2594981558824755,scr1997,avaConv,onshore
52IT,h0040,0.26185167825075295,scr1997,avaConv,onshore
52IT,h0041,0.2945413606010627,scr1997,avaConv,onshore
52IT,h0042,0.33883626599268835,scr1997,avaConv,onshore
52IT,h0043,0.39845954904319936,scr1997,avaConv,onshore
52IT,h0044,0.4247391530865822,scr1997,avaConv,onshore
52IT,h0045,0.44594988663129825,scr1997,avaConv,onshore
52IT,h0046,0.44033236591105673,scr1997,avaConv,onshore
52IT,h0047,0.43921384255986684,scr1997,avaConv,onshore
52IT,h0048,0.43681364021616037,scr1997,avaConv,onshore
98IT,h0001,0.615829198284236,scr1997,avaConv,onshore
98IT,h0002,0.6093402950117605,scr1997,avaConv,onshore
98IT,h0003,0.6157765937691531,scr1997,avaConv,onshore
98IT,h0004,0.6211648196861806,scr1997,avaConv,onshore
98IT,h0005,0.6223127322776097,scr1997,avaConv,onshore
98IT,h0006,0.5984842426033633,scr1997,avaConv,onshore
98IT,h0007,0.631323328050442,scr1997,avaConv,onshore
98IT,h0008,0.688675540616964,scr1997,avaConv,onshore
98IT,h0009,0.7844084668958453,scr1997,avaConv,onshore
98IT,h0010,0.8153449917739907,scr1997,avaConv,onshore
98IT,h0011,0.8340000723822307,scr1997,avaConv,onshore
98IT,h0012,0.8352352296323899,scr1997,avaConv,onshore
98IT,h0013,0.5889961635072972,scr1997,avaConv,onshore
98IT,h0014,0.3731227040279779,scr1997,avaConv,onshore
98IT,h0015,0.18402181024990785,scr1997,avaConv,onshore
98IT,h0016,0.22421733651454676,scr1997,avaConv,onshore
98IT,h0017,0.23538226594578351,scr1997,avaConv,onshore
98IT,h0018,0.22639483372096345,scr1997,avaConv,onshore
98IT,h0019,0.17196729564852714,scr1997,avaConv,onshore
98IT,h0020,0.10925989808187231,scr1997,avaConv,onshore
98IT,h0021,0.04481229414384634,scr1997,avaConv,onshore
98IT,h0022,0.024135613641132755,scr1997,avaConv,onshore
98IT,h0023,0.019018313117457396,scr1997,avaConv,onshore
98IT,h0024,0.027531047420707982,scr1997,avaConv,onshore
98IT,h0025,0.029465945354741733,scr1997,avaConv,onshore
98IT,h0026,0.030175975734236256,scr1997,avaConv,onshore
98IT,h0027,0.023754996946638036,scr1997,avaConv,onshore
98IT,h0028,0.028113948403168876,scr1997,avaConv,onshore
98IT,h0029,0.029741906345676108,scr1997,avaConv,onshore
98IT,h0030,0.02801713134322836,scr1997,avaConv,onshore
98IT,h0031,0.03437086609180023,scr1997,avaConv,onshore
98IT,h0032,0.04588545311749475,scr1997,avaConv,onshore
98IT,h0033,0.062230666520676,scr1997,avaConv,onshore
98IT,h0034,0.06954215795996517,scr1997,avaConv,onshore
98IT,h0035,0.07424538530526784,scr1997,avaConv,onshore
98IT,h0036,0.09086888096404845,scr1997,avaConv,onshore
98IT,h0037,0.08550639910332403,scr1997,avaConv,onshore
98IT,h0038,0.08044023184101629,scr1997,avaConv,onshore
98IT,h0039,0.06003336400591946,scr1997,avaConv,onshore
98IT,h0040,0.0541385325085206,scr1997,avaConv,onshore
98IT,h0041,0.04520288517794028,scr1997,avaConv,onshore
98IT,h0042,0.03523802360983703,scr1997,avaConv,onshore
98IT,h0043,0.27760106418281927,scr1997,avaConv,onshore
98IT,h0044,0.55211289288456,scr1997,avaConv,onshore
98IT,h0045,0.8445133258074746,scr1997,avaConv,onshore
98IT,h0046,0.8495252500789453,scr1997,avaConv,onshore
98IT,h0047,0.8486801326326063,scr1997,avaConv,onshore
98IT,h0048,0.8427054936510707,scr1997,avaConv,onshore
56IT,h0001,0.42109470299106144,scr1997,avaConv,onshore
56IT,h0002,0.4426574612856221,scr1997,avaConv,onshore
56IT,h0003,0.4594653387966351,scr1997,avaConv,onshore
56IT,h0004,0.49099003036060185,scr1997,avaConv,onshore
56IT,h0005,0.5098247032430796,scr1997,avaConv,onshore
56IT,h0006,0.5178591553103374,scr1997,avaConv,onshore
56IT,h0007,0.3729263314097332,scr1997,avaConv,onshore
56IT,h0008,0.2218056325978522,scr1997,avaConv,onshore
56IT,h0009,0.06888578273761171,scr1997,avaConv,onshore
56IT,h0010,0.05472516930051926,scr1997,avaConv,onshore
56IT,h0011,0.0583870013305202,scr1997,avaConv,onshore
56IT,h0012,0.10851356270103046,scr1997,avaConv,onshore
56IT,h0013,0.1214596593140528,scr1997,avaConv,onshore
56IT,h0014,0.14598359782641387,scr1997,avaConv,onshore
56IT,h0015,0.13594052926264236,scr1997,avaConv,onshore
56IT,h0016,0.16028992456254476,scr1997,avaConv,onshore
56IT,h0017,0.16007609205026632,scr1997,avaConv,onshore
56IT,h0018,0.18509874860253586,scr1997,avaConv,onshore
56IT,h0019,0.14547137114858993,scr1997,avaConv,onshore
56IT,h0020,0.10052973674821616,scr1997,avaConv,onshore
56IT,h0021,0.022925901032032393,scr1997,avaConv,onshore
56IT,h0022,0.01961689284408946,scr1997,avaConv,onshore
56IT,h0023,0.029360441576248234,scr1997,avaConv,onshore
56IT,h0024,0.05025970865963828,scr1997,avaConv,onshore
56IT,h0025,0.06776584327972981,scr1997,avaConv,onshore
56IT,h0026,0.07566175526319961,scr1997,avaConv,onshore
56IT,h0027,0.07449216875873726,scr1997,avaConv,onshore
56IT,h0028,0.08084988418534864,scr1997,avaConv,onshore
56IT,h0029,0.09614868042081291,scr1997,avaConv,onshore
56IT,h0030,0.11131747458723669,scr1997,avaConv,onshore
56IT,h0031,0.07948018440670034,scr1997,avaConv,onshore
56IT,h0032,0.04100410228526144,scr1997,avaConv,onshore
56IT,h0033,0.0014805201947732673,scr1997,avaConv,onshore
56IT,h0034,0.0019128445163174674,scr1997,avaConv,onshore
56IT,h0035,0.0011374891918439593,scr1997,avaConv,onshore
56IT,h0036,0.0,scr1997,avaConv,onshore
56IT,h0037,0.2037416692384261,scr1997,avaConv,onshore
56IT,h0038,0.3925932543213669,scr1997,avaConv,onshore
56IT,h0039,0.5610725030973369,scr1997,avaConv,onshore
56IT,h0040,0.49693296295239753,scr1997,avaConv,onshore
56IT,h0041,0.42965273895692574,scr1997,avaConv,onshore
56IT,h0042,0.3704662110324643,scr1997,avaConv,onshore
56IT,h0043,0.4082909184836465,scr1997,avaConv,onshore
56IT,h0044,0.4704224962844224,scr1997,avaConv,onshore
56IT,h0045,0.5441660680768804,scr1997,avaConv,onshore
56IT,h0046,0.5424827399742194,scr1997,avaConv,onshore
56IT,h0047,0.5307037072278551,scr1997,avaConv,onshore
56IT,h0048,0.504959101232698,scr1997,avaConv,onshore
77LT,h0001,0.14227429526218457,scr1997,avaConv,onshore
77LT,h0002,0.174106964627059,scr1997,avaConv,onshore
77LT,h0003,0.20345758533913974,scr1997,avaConv,onshore
77LT,h0004,0.2535919858090658,scr1997,avaConv,onshore
77LT,h0005,0.2958208548578527,scr1997,avaConv,onshore
77LT,h0006,0.3328192875438398,scr1997,avaConv,onshore
77LT,h0007,0.3080813422728101,scr1997,avaConv,onshore
77LT,h0008,0.26568390287489624,scr1997,avaConv,onshore
77LT,h0009,0.21049655370222206,scr1997,avaConv,onshore
77LT,h0010,0.20861205032439442,scr1997,avaConv,onshore
77LT,h0011,0.22179814102028975,scr1997,avaConv,onshore
77LT,h0012,0.23135597051564302,scr1997,avaConv,onshore
77LT,h0013,0.4199850978323798,scr1997,avaConv,onshore
77LT,h0014,0.5757805266232207,scr1997,avaConv,onshore
77LT,h0015,0.714071256523795,scr1997,avaConv,onshore
77LT,h0016,0.662406480117143,scr1997,avaConv,onshore
77LT,h0017,0.6204809461573425,scr1997,avaConv,onshore
77LT,h0018,0.5880254899341635,scr1997,avaConv,onshore
77LT,h0019,0.39868013256995904,scr1997,avaConv,onshore
77LT,h0020,0.214968236259054,scr1997,avaConv,onshore
77LT,h0021,0.03331001429989297,scr1997,avaConv,onshore
77LT,h0022,0.03438208725764255,scr1997,avaConv,onshore
77LT,h0023,0.04590345358881097,scr1997,avaConv,onshore
77LT,h0024,0.05902122392247516,scr1997,avaConv,onshore
77LT,h0025,0.3652925304067478,scr1997,avaConv,onshore
77LT,h0026,0.6501236125191311,scr1997,avaConv,onshore
77LT,h0027,0.9277735264368799,scr1997,avaConv,onshore
77LT,h0028,0.9281405097239506,scr1997,avaConv,onshore
77LT,h0029,0.9288025014921184,scr1997,avaConv,onshore
77LT,h0030,0.9292896716357054,scr1997,avaConv,onshore
77LT,h0031,0.6995133276007562,scr1997,avaConv,onshore
77LT,h0032,0.4743975253788751,scr1997,avaConv,onshore
77LT,h0033,0.25175252872946974,scr1997,avaConv,onshore
77LT,h0034,0.2649513339578884,scr1997,avaConv,onshore
77LT,h0035,0.2496907913080455,scr1997,avaConv,onshore
77LT,h0036,0.2179763970728803,scr1997,avaConv,onshore
77LT,h0037,0.2124313377259958,scr1997,avaConv,onshore
77LT,h0038,0.23275573331144883,scr1997,avaConv,onshore
77LT,h0039,0.26675446741947023,scr1997,avaConv,onshore
77LT,h0040,0.27109659374176265,scr1997,avaConv,onshore
77LT,h0041,0.2577266951965789,scr1997,avaConv,onshore
77LT,h0042,0.22980148986079024,scr1997,avaConv,onshore
77LT,h0043,0.4231152787603689,scr1997,avaConv,onshore
77LT,h0044,0.6355279162578406,scr1997,avaConv,onshore
77LT,h0045,0.8599945980042437,scr1997,avaConv,onshore
77LT,h0046,0.8771618218545221,scr1997,avaConv,onshore
77LT,h0047,0.8798265869978208,scr1997,avaConv,onshore
77LT,h0048,0.868671102834226,scr1997,avaConv,onshore
29LU,h0001,0.9088717439811226,scr1997,avaConv,onshore
29LU,h0002,0.9166170500916397,scr1997,avaConv,onshore
29LU,h0003,0.9224314246552936,scr1997,avaConv,onshore
29LU,h0004,0.9310892198099748,scr1997,avaConv,onshore
29LU,h0005,0.9312538695629746,scr1997,avaConv,onshore
29LU,h0006,0.9246094902588289,scr1997,avaConv,onshore
29LU,h0007,0.8447199790266795,scr1997,avaConv,onshore
29LU,h0008,0.7376222078329222,scr1997,avaConv,onshore
29LU,h0009,0.5985781467750093,scr1997,avaConv,onshore
29LU,h0010,0.4990091309681131,scr1997,avaConv,onshore
29LU,h0011,0.36709726531566766,scr1997,avaConv,onshore
29LU,h0012,0.25817982214281193,scr1997,avaConv,onshore
29LU,h0013,0.15388871013598882,scr1997,avaConv,onshore
29LU,h0014,0.11223440178117922,scr1997,avaConv,onshore
29LU,h0015,0.07843523543752524,scr1997,avaConv,onshore
29LU,h0016,0.08076445924148799,scr1997,avaConv,onshore
29LU,h0017,0.09344260499748094,scr1997,avaConv,onshore
29LU,h0018,0.11851751400666018,scr1997,avaConv,onshore
29LU,h0019,0.09312395930619495,scr1997,avaConv,onshore
29LU,h0020,0.06424963532611162,scr1997,avaConv,onshore
29LU,h0021,0.01835319646201541,scr1997,avaConv,onshore
29LU,h0022,0.017855023204315878,scr1997,avaConv,onshore
29LU,h0023,0.010611076767456476,scr1997,avaConv,onshore
29LU,h0024,0.0040429340917495175,scr1997,avaConv,onshore
29LU,h0025,0.03643111168258876,scr1997,avaConv,onshore
29LU,h0026,0.07163315844069015,scr1997,avaConv,onshore
29LU,h0027,0.11139322546555529,scr1997,avaConv,onshore
29LU,h0028,0.13665966815246172,scr1997,avaConv,onshore
29LU,h0029,0.1639339014862234,scr1997,avaConv,onshore
29LU,h0030,0.19457132604378188,scr1997,avaConv,onshore
29LU,h0031,0.33412972070566854,scr1997,avaConv,onshore
29LU,h0032,0.47205602578062655,scr1997,avaConv,onshore
29LU,h0033,0.6149156266645622,scr1997,avaConv,onshore
29LU,h0034,0.6633853054872041,scr1997,avaConv,onshore
29LU,h0035,0.701226477426622,scr1997,avaConv,onshore
29LU,h0036,0.7318607588541206,scr1997,avaConv,onshore
29LU,h0037,0.5145092647017744,scr1997,avaConv,onshore
29LU,h0038,0.284265350803783,scr1997,avaConv,onshore
29LU,h0039,0.008559558731592453,scr1997,avaConv,onshore
29LU,h0040,0.009256327103035776,scr1997,avaConv,onshore
29LU,h0041,0.04021468630127593,scr1997,avaConv,onshore
29LU,h0042,0.07767346314423901,scr1997,avaConv,onshore
29LU,h0043,0.09835078053455473,scr1997,avaConv,onshore
29LU,h0044,0.095336423832195,scr1997,avaConv,onshore
29LU,h0045,0.08319792965321096,scr1997,avaConv,onshore
29LU,h0046,0.09068321546671,scr1997,avaConv,onshore
29LU,h0047,0.09148887428022029,scr1997,avaConv,onshore
29LU,h0048,0.09502247255023308,scr1997,avaConv,onshore
78LV,h0001,0.21686164836474942,scr1997,avaConv,onshore
78LV,h0002,0.24294385601155052,scr1997,avaConv,onshore
78LV,h0003,0.27746475254802433,scr1997,avaConv,onshore
78LV,h0004,0.3364253562812018,scr1997,avaConv,onshore
78LV,h0005,0.38687815707235074,scr1997,avaConv,onshore
78LV,h0006,0.4213997868306421,scr1997,avaConv,onshore
78LV,h0007,0.33064680542555314,scr1997,avaConv,onshore
78LV,h0008,0.22594482239025326,scr1997,avaConv,onshore
78LV,h0009,0.10879310247042807,scr1997,avaConv,onshore
78LV,h0010,0.10133299767281248,scr1997,avaConv,onshore
78LV,h0011,0.10422626222700415,scr1997,avaConv,onshore
78LV,h0012,0.10451695832303343,scr1997,avaConv,onshore
78LV,h0013,0.25823535981144646,scr1997,avaConv,onshore
78LV,h0014,0.38837751324936864,scr1997,avaConv,onshore
78LV,h0015,0.5126073557980125,scr1997,avaConv,onshore
78LV,h0016,0.47854904682427035,scr1997,avaConv,onshore
78LV,h0017,0.4503718969515213,scr1997,avaConv,onshore
78LV,h0018,0.417324799379152,scr1997,avaConv,onshore
78LV,h0019,0.28188744665285537,scr1997,avaConv,onshore
78LV,h0020,0.15429105430040418,scr1997,avaConv,onshore
78LV,h0021,0.03952146289729696,scr1997,avaConv,onshore
78LV,h0022,0.041293499260663696,scr1997,avaConv,onshore
78LV,h0023,0.05270645539257609,scr1997,avaConv,onshore
78LV,h0024,0.06378969676236132,scr1997,avaConv,onshore
78LV,h0025,0.36056196878712493,scr1997,avaConv,onshore
78LV,h0026,0.6452137063626088,scr1997,avaConv,onshore
78LV,h0027,0.9278976123372285,scr1997,avaConv,onshore
78LV,h0028,0.9316598060108813,scr1997,avaConv,onshore
78LV,h0029,0.9311926042205448,scr1997,avaConv,onshore
78LV,h0030,0.924775374355233,scr1997,avaConv,onshore
78LV,h0031,0.6908466713773612,scr1997,avaConv,onshore
78LV,h0032,0.46594702911188285,scr1997,avaConv,onshore
78LV,h0033,0.24580172584987836,scr1997,avaConv,onshore
78LV,h0034,0.24923514807349015,scr1997,avaConv,onshore
78LV,h0035,0.22541939236427985,scr1997,avaConv,onshore
78LV,h0036,0.19560441109936866,scr1997,avaConv,onshore
78LV,h0037,0.17949326734377405,scr1997,avaConv,onshore
78LV,h0038,0.17818135532262797,scr1997,avaConv,onshore
78LV,h0039,0.16618076860896763,scr1997,avaConv,onshore
78LV,h0040,0.13629264395672208,scr1997,avaConv,onshore
78LV,h0041,0.10736531921912773,scr1997,avaConv,onshore
78LV,h0042,0.09199640505537847,scr1997,avaConv,onshore
78LV,h0043,0.2612352393463534,scr1997,avaConv,onshore
78LV,h0044,0.4406893070992384,scr1997,avaConv,onshore
78LV,h0045,0.6165792082314575,scr1997,avaConv,onshore
78LV,h0046,0.6100488210276012,scr1997,avaConv,onshore
78LV,h0047,0.5810941756401052,scr1997,avaConv,onshore
78LV,h0048,0.5485781130124623,scr1997,avaConv,onshore
64ME,h0001,0.1202711805012199,scr1997,avaConv,onshore
64ME,h0002,0.13508409248278738,scr1997,avaConv,onshore
64ME,h0003,0.14988492441378418,scr1997,avaConv,onshore
64ME,h0004,0.16970142749117492,scr1997,avaConv,onshore
64ME,h0005,0.18852738316196094,scr1997,avaConv,onshore
64ME,h0006,0.21933736813513025,scr1997,avaConv,onshore
64ME,h0007,0.403345861421617,scr1997,avaConv,onshore
64ME,h0008,0.590199462409592,scr1997,avaConv,onshore
64ME,h0009,0.76981515618081,scr1997,avaConv,onshore
64ME,h0010,0.8011912584763697,scr1997,avaConv,onshore
64ME,h0011,0.8239357082408514,scr1997,avaConv,onshore
64ME,h0012,0.8459875192549691,scr1997,avaConv,onshore
64ME,h0013,0.6189927197924134,scr1997,avaConv,onshore
64ME,h0014,0.3765826297174085,scr1997,avaConv,onshore
64ME,h0015,0.1482100292246739,scr1997,avaConv,onshore
64ME,h0016,0.21282691177803853,scr1997,avaConv,onshore
64ME,h0017,0.2722543290397057,scr1997,avaConv,onshore
64ME,h0018,0.2951795568275266,scr1997,avaConv,onshore
64ME,h0019,0.40344498759538755,scr1997,avaConv,onshore
64ME,h0020,0.5448477140388496,scr1997,avaConv,onshore
64ME,h0021,0.6868902547302521,scr1997,avaConv,onshore
64ME,h0022,0.6843178083246534,scr1997,avaConv,onshore
64ME,h0023,0.6682500490097714,scr1997,avaConv,onshore
64ME,h0024,0.6229200712358465,scr1997,avaConv,onshore
64ME,h0025,0.5947766844817189,scr1997,avaConv,onshore
64ME,h0026,0.5564516780434958,scr1997,avaConv,onshore
64ME,h0027,0.5542854807639612,scr1997,avaConv,onshore
64ME,h0028,0.5481706256005544,scr1997,avaConv,onshore
64ME,h0029,0.5409456630158814,scr1997,avaConv,onshore
64ME,h0030,0.5240664041907507,scr1997,avaConv,onshore
64ME,h0031,0.34361566735498217,scr1997,avaConv,onshore
64ME,h0032,0.169252814288654,scr1997,avaConv,onshore
64ME,h0033,0.0005540611183699931,scr1997,avaConv,onshore
64ME,h0034,0.0,scr1997,avaConv,onshore
64ME,h0035,0.00035883130757986327,scr1997,avaConv,onshore
64ME,h0036,0.0,scr1997,avaConv,onshore
64ME,h0037,0.020971169066948916,scr1997,avaConv,onshore
64ME,h0038,0.03927623061950912,scr1997,avaConv,onshore
64ME,h0039,0.060990945763244556,scr1997,avaConv,onshore
64ME,h0040,0.061676532330872925,scr1997,avaConv,onshore
64ME,h0041,0.05832781467090705,scr1997,avaConv,onshore
64ME,h0042,0.056495850048753016,scr1997,avaConv,onshore
64ME,h0043,0.04067645192554764,scr1997,avaConv,onshore
64ME,h0044,0.027419505408303367,scr1997,avaConv,onshore
64ME,h0045,0.00841319934019411,scr1997,avaConv,onshore
64ME,h0046,0.0034986747329342803,scr1997,avaConv,onshore
64ME,h0047,0.0015372926254128949,scr1997,avaConv,onshore
64ME,h0048,0.0014093349877348502,scr1997,avaConv,onshore
67MK,h0001,0.03742736396832071,scr1997,avaConv,onshore
67MK,h0002,0.033900853664001744,scr1997,avaConv,onshore
67MK,h0003,0.032607764480282644,scr1997,avaConv,onshore
67MK,h0004,0.03252963458562365,scr1997,avaConv,onshore
67MK,h0005,0.034692679534049926,scr1997,avaConv,onshore
67MK,h0006,0.03434978129720971,scr1997,avaConv,onshore
67MK,h0007,0.0790818996599382,scr1997,avaConv,onshore
67MK,h0008,0.12535769555216625,scr1997,avaConv,onshore
67MK,h0009,0.1678697076295786,scr1997,avaConv,onshore
67MK,h0010,0.14832480605983775,scr1997,avaConv,onshore
67MK,h0011,0.14385151086179387,scr1997,avaConv,onshore
67MK,h0012,0.16970468524511023,scr1997,avaConv,onshore
67MK,h0013,0.16039819535697186,scr1997,avaConv,onshore
67MK,h0014,0.14153007832926512,scr1997,avaConv,onshore
67MK,h0015,0.08495294909228414,scr1997,avaConv,onshore
67MK,h0016,0.07481906296675624,scr1997,avaConv,onshore
67MK,h0017,0.05675306543955066,scr1997,avaConv,onshore
67MK,h0018,0.04807743800382111,scr1997,avaConv,onshore
67MK,h0019,0.05150190930288853,scr1997,avaConv,onshore
67MK,h0020,0.055264537868553794,scr1997,avaConv,onshore
67MK,h0021,0.06052006145342014,scr1997,avaConv,onshore
67MK,h0022,0.057941600771543776,scr1997,avaConv,onshore
67MK,h0023,0.0612285350454823,scr1997,avaConv,onshore
67MK,h0024,0.06704401885575874,scr1997,avaConv,onshore
67MK,h0025,0.1196790104555566,scr1997,avaConv,onshore
67MK,h0026,0.1585072459476289,scr1997,avaConv,onshore
67MK,h0027,0.1946202040908109,scr1997,avaConv,onshore
67MK,h0028,0.1867256377723558,scr1997,avaConv,onshore
67MK,h0029,0.18782846115254215,scr1997,avaConv,onshore
67MK,h0030,0.18631673670099802,scr1997,avaConv,onshore
67MK,h0031,0.12822551708322685,scr1997,avaConv,onshore
67MK,h0032,0.06661272987627657,scr1997,avaConv,onshore
67MK,h0033,0.006951450210673123,scr1997,avaConv,onshore
67MK,h0034,0.004848367375301114,scr1997,avaConv,onshore
67MK,h0035,0.002833257721025013,scr1997,avaConv,onshore
67MK,h0036,0.0013603703112120766,scr1997,avaConv,onshore
67MK,h0037,0.002294274639030595,scr1997,avaConv,onshore
67MK,h0038,0.0035102863654029003,scr1997,avaConv,onshore
67MK,h0039,0.005572763855381291,scr1997,avaConv,onshore
67MK,h0040,0.006717703287241559,scr1997,avaConv,onshore
67MK,h0041,0.009134277489165846,scr1997,avaConv,onshore
67MK,h0042,0.011733432778280954,scr1997,avaConv,onshore
67MK,h0043,0.009523820976369786,scr1997,avaConv,onshore
67MK,h0044,0.006244878718086233,scr1997,avaConv,onshore
67MK,h0045,0.0019224280481874262,scr1997,avaConv,onshore
67MK,h0046,0.002518592715678959,scr1997,avaConv,onshore
67MK,h0047,0.0027996938634638376,scr1997,avaConv,onshore
67MK,h0048,0.0029312823107915326,scr1997,avaConv,onshore
30NL,h0001,0.48003431279755154,scr1997,avaConv,onshore
30NL,h0002,0.4688636268614356,scr1997,avaConv,onshore
30NL,h0003,0.45776912332777503,scr1997,avaConv,onshore
30NL,h0004,0.4313329686006336,scr1997,avaConv,onshore
30NL,h0005,0.412752505348466,scr1997,avaConv,onshore
30NL,h0006,0.4092432909269399,scr1997,avaConv,onshore
30NL,h0007,0.47542026703797047,scr1997,avaConv,onshore
30NL,h0008,0.5385459223061212,scr1997,avaConv,onshore
30NL,h0009,0.5860082009515066,scr1997,avaConv,onshore
30NL,h0010,0.5633550830555399,scr1997,avaConv,onshore
30NL,h0011,0.5551533610378344,scr1997,avaConv,onshore
30NL,h0012,0.595278173451815,scr1997,avaConv,onshore
30NL,h0013,0.43020566719675646,scr1997,avaConv,onshore
30NL,h0014,0.2557101591460529,scr1997,avaConv,onshore
30NL,h0015,0.04615871062068074,scr1997,avaConv,onshore
30NL,h0016,0.04876788783462854,scr1997,avaConv,onshore
30NL,h0017,0.05234642246208508,scr1997,avaConv,onshore
30NL,h0018,0.059051765919470804,scr1997,avaConv,onshore
30NL,h0019,0.0463696817523247,scr1997,avaConv,onshore
30NL,h0020,0.032858991907996585,scr1997,avaConv,onshore
30NL,h0021,0.013338630086305375,scr1997,avaConv,onshore
30NL,h0022,0.00964240423191953,scr1997,avaConv,onshore
30NL,h0023,0.004568403283321847,scr1997,avaConv,onshore
30NL,h0024,0.0016549202264132291,scr1997,avaConv,onshore
30NL,h0025,0.07704420874209414,scr1997,avaConv,onshore
30NL,h0026,0.1479213268094514,scr1997,avaConv,onshore
30NL,h0027,0.21429143958658212,scr1997,avaConv,onshore
30NL,h0028,0.1986222456731757,scr1997,avaConv,onshore
30NL,h0029,0.18261652616809068,scr1997,avaConv,onshore
30NL,h0030,0.1666707843893517,scr1997,avaConv,onshore
30NL,h0031,0.19271179793932955,scr1997,avaConv,onshore
30NL,h0032,0.2274526228853674,scr1997,avaConv,onshore
30NL,h0033,0.26796398027992496,scr1997,avaConv,onshore
30NL,h0034,0.26602302710215303,scr1997,avaConv,onshore
30NL,h0035,0.24349222697264022,scr1997,avaConv,onshore
30NL,h0036,0.22736243148713514,scr1997,avaConv,onshore
30NL,h0037,0.1456249576685546,scr1997,avaConv,onshore
30NL,h0038,0.08533042645016103,scr1997,avaConv,onshore
30NL,h0039,0.022764382730359183,scr1997,avaConv,onshore
30NL,h0040,0.022769361150063845,scr1997,avaConv,onshore
30NL,h0041,0.02592458305247073,scr1997,avaConv,onshore
30NL,h0042,0.03043693160010044,scr1997,avaConv,onshore
30NL,h0043,0.04478006543277697,scr1997,avaConv,onshore
30NL,h0044,0.05298609161057127,scr1997,avaConv,onshore
30NL,h0045,0.052616373548614565,scr1997,avaConv,onshore
30NL,h0046,0.048391983740286464,scr1997,avaConv,onshore
30NL,h0047,0.04441877574086512,scr1997,avaConv,onshore
30NL,h0048,0.040065062373293214,scr1997,avaConv,onshore
83NO,h0001,0.5481753878722364,scr1997,avaConv,onshore
83NO,h0002,0.5456761383263584,scr1997,avaConv,onshore
83NO,h0003,0.5430559590342957,scr1997,avaConv,onshore
83NO,h0004,0.5402906889342034,scr1997,avaConv,onshore
83NO,h0005,0.5324243762895008,scr1997,avaConv,onshore
83NO,h0006,0.5301472383356711,scr1997,avaConv,onshore
83NO,h0007,0.5847954465927362,scr1997,avaConv,onshore
83NO,h0008,0.6383582183539748,scr1997,avaConv,onshore
83NO,h0009,0.6870410390601981,scr1997,avaConv,onshore
83NO,h0010,0.6742694858266093,scr1997,avaConv,onshore
83NO,h0011,0.6712727258951482,scr1997,avaConv,onshore
83NO,h0012,0.6501122235203476,scr1997,avaConv,onshore
83NO,h0013,0.6773563895636383,scr1997,avaConv,onshore
83NO,h0014,0.7090116584491871,scr1997,avaConv,onshore
83NO,h0015,0.758925189495009,scr1997,avaConv,onshore
83NO,h0016,0.7657669713064399,scr1997,avaConv,onshore
83NO,h0017,0.7569460811031719,scr1997,avaConv,onshore
83NO,h0018,0.7509300605289575,scr1997,avaConv,onshore
83NO,h0019,0.4999545546278184,scr1997,avaConv,onshore
83NO,h0020,0.2610483557905765,scr1997,avaConv,onshore
83NO,h0021,0.027833757859408136,scr1997,avaConv,onshore
83NO,h0022,0.026161644103370137,scr1997,avaConv,onshore
83NO,h0023,0.02318011681613687,scr1997,avaConv,onshore
83NO,h0024,0.02026085205358638,scr1997,avaConv,onshore
83NO,h0025,0.16511085262313205,scr1997,avaConv,onshore
83NO,h0026,0.28646897765442747,scr1997,avaConv,onshore
83NO,h0027,0.42402545094067956,scr1997,avaConv,onshore
83NO,h0028,0.41266700521190475,scr1997,avaConv,onshore
83NO,h0029,0.4158012683494633,scr1997,avaConv,onshore
83NO,h0030,0.3764632323793758,scr1997,avaConv,onshore
83NO,h0031,0.2590190548909245,scr1997,avaConv,onshore
83NO,h0032,0.15577816111674522,scr1997,avaConv,onshore
83NO,h0033,0.08016990788733874,scr1997,avaConv,onshore
83NO,h0034,0.07850736965000599,scr1997,avaConv,onshore
83NO,h0035,0.0826056832382484,scr1997,avaConv,onshore
83NO,h0036,0.09987288610869666,scr1997,avaConv,onshore
83NO,h0037,0.31074410180164685,scr1997,avaConv,onshore
83NO,h0038,0.5260795509251118,scr1997,avaConv,onshore
83NO,h0039,0.7399002858174133,scr1997,avaConv,onshore
83NO,h0040,0.764236530766517,scr1997,avaConv,onshore
83NO,h0041,0.7935361505966877,scr1997,avaConv,onshore
83NO,h0042,0.8118288495533486,scr1997,avaConv,onshore
83NO,h0043,0.6314895766462969,scr1997,avaConv,onshore
83NO,h0044,0.4284260920698066,scr1997,avaConv,onshore
83NO,h0045,0.22105045834097845,scr1997,avaConv,onshore
83NO,h0046,0.18725714371477029,scr1997,avaConv,onshore
83NO,h0047,0.16580216845477372,scr1997,avaConv,onshore
83NO,h0048,0.15066120501488056,scr1997,avaConv,onshore
85NO,h0001,0.8988333082964376,scr1997,avaConv,onshore
85NO,h0002,0.8950999993412847,scr1997,avaConv,onshore
85NO,h0003,0.8954908938801371,scr1997,avaConv,onshore
85NO,h0004,0.8937890976108771,scr1997,avaConv,onshore
85NO,h0005,0.8922980724287355,scr1997,avaConv,onshore
85NO,h0006,0.8852235897711965,scr1997,avaConv,onshore
85NO,h0007,0.6696710461089389,scr1997,avaConv,onshore
85NO,h0008,0.4565145717586501,scr1997,avaConv,onshore
85NO,h0009,0.2460885293740062,scr1997,avaConv,onshore
85NO,h0010,0.2342951550707543,scr1997,avaConv,onshore
85NO,h0011,0.22311354411597528,scr1997,avaConv,onshore
85NO,h0012,0.20925286420130484,scr1997,avaConv,onshore
85NO,h0013,0.19359085681569643,scr1997,avaConv,onshore
85NO,h0014,0.18864206619262555,scr1997,avaConv,onshore
85NO,h0015,0.1941722482607768,scr1997,avaConv,onshore
85NO,h0016,0.20665153045909326,scr1997,avaConv,onshore
85NO,h0017,0.20196457296639317,scr1997,avaConv,onshore
85NO,h0018,0.18517218481705738,scr1997,avaConv,onshore
85NO,h0019,0.2734633651568081,scr1997,avaConv,onshore
85NO,h0020,0.36296981261493033,scr1997,avaConv,onshore
85NO,h0021,0.45398473946774104,scr1997,avaConv,onshore
85NO,h0022,0.4317300198338383,scr1997,avaConv,onshore
85NO,h0023,0.41451266449803736,scr1997,avaConv,onshore
85NO,h0024,0.41096120192662217,scr1997,avaConv,onshore
85NO,h0025,0.4973896679569705,scr1997,avaConv,onshore
85NO,h0026,0.5857511219993917,scr1997,avaConv,onshore
85NO,h0027,0.6631412424515736,scr1997,avaConv,onshore
85NO,h0028,0.6573453447328937,scr1997,avaConv,onshore
85NO,h0029,0.6566340437679431,scr1997,avaConv,onshore
85NO,h0030,0.6549415243112962,scr1997,avaConv,onshore
85NO,h0031,0.603575466867914,scr1997,avaConv,onshore
85NO,h0032,0.548501932059025,scr1997,avaConv,onshore
85NO,h0033,0.5000970920128279,scr1997,avaConv,onshore
85NO,h0034,0.4953413133271185,scr1997,avaConv,onshore
85NO,h0035,0.4800756493841548,scr1997,avaConv,onshore
85NO,h0036,0.4595569670059934,scr1997,avaConv,onshore
85NO,h0037,0.5927226692830257,scr1997,avaConv,onshore
85NO,h0038,0.7396853078523614,scr1997,avaConv,onshore
85NO,h0039,0.8948929750468625,scr1997,avaConv,onshore
85NO,h0040,0.8937948231426971,scr1997,avaConv,onshore
85NO,h0041,0.892235033904749,scr1997,avaConv,onshore
85NO,h0042,0.889240652140607,scr1997,avaConv,onshore
85NO,h0043,0.7961820113614686,scr1997,avaConv,onshore
85NO,h0044,0.6932478860967216,scr1997,avaConv,onshore
85NO,h0045,0.588226042929284,scr1997,avaConv,onshore
85NO,h0046,0.5798212699966717,scr1997,avaConv,onshore
85NO,h0047,0.577638354071357,scr1997,avaConv,onshore
85NO,h0048,0.575590681544183,scr1997,avaConv,onshore
84NO,h0001,0.8988333082964376,scr1997,avaConv,onshore
84NO,h0002,0.8950999993412847,scr1997,avaConv,onshore
84NO,h0003,0.8954908938801371,scr1997,avaConv,onshore
84NO,h0004,0.8937890976108771,scr1997,avaConv,onshore
84NO,h0005,0.8922980724287355,scr1997,avaConv,onshore
84NO,h0006,0.8852235897711965,scr1997,avaConv,onshore
84NO,h0007,0.6696710461089389,scr1997,avaConv,onshore
84NO,h0008,0.4565145717586501,scr1997,avaConv,onshore
84NO,h0009,0.2460885293740062,scr1997,avaConv,onshore
84NO,h0010,0.2342951550707543,scr1997,avaConv,onshore
84NO,h0011,0.22311354411597528,scr1997,avaConv,onshore
84NO,h0012,0.20925286420130484,scr1997,avaConv,onshore
84NO,h0013,0.19359085681569643,scr1997,avaConv,onshore
84NO,h0014,0.18864206619262555,scr1997,avaConv,onshore
84NO,h0015,0.1941722482607768,scr1997,avaConv,onshore
84NO,h0016,0.20665153045909326,scr1997,avaConv,onshore
84NO,h0017,0.20196457296639317,scr1997,avaConv,onshore
84NO,h0018,0.18517218481705738,scr1997,avaConv,onshore
84NO,h0019,0.2734633651568081,scr1997,avaConv,onshore
84NO,h0020,0.36296981261493033,scr1997,avaConv,onshore
84NO,h0021,0.45398473946774104,scr1997,avaConv,onshore
84NO,h0022,0.4317300198338383,scr1997,avaConv,onshore
84NO,h0023,0.41451266449803736,scr1997,avaConv,onshore
84NO,h0024,0.41096120192662217,scr1997,avaConv,onshore
84NO,h0025,0.4973896679569705,scr1997,avaConv,onshore
84NO,h0026,0.5857511219993917,scr1997,avaConv,onshore
84NO,h0027,0.6631412424515736,scr1997,avaConv,onshore
84NO,h0028,0.6573453447328937,scr1997,avaConv,onshore
84NO,h0029,0.6566340437679431,scr1997,avaConv,onshore
84NO,h0030,0.6549415243112962,scr1997,avaConv,onshore
84NO,h0031,0.603575466867914,scr1997,avaConv,onshore
84NO,h0032,0.548501932059025,scr1997,avaConv,onshore
84NO,h0033,0.5000970920128279,scr1997,avaConv,onshore
84NO,h0034,0.4953413133271185,scr1997,avaConv,onshore
84NO,h0035,0.4800756493841548,scr1997,avaConv,onshore
84NO,h0036,0.4595569670059934,scr1997,avaConv,onshore
84NO,h0037,0.5927226692830257,scr1997,avaConv,onshore
84NO,h0038,0.7396853078523614,scr1997,avaConv,onshore
84NO,h0039,0.8948929750468625,scr1997,avaConv,onshore
84NO,h0040,0.8937948231426971,scr1997,avaConv,onshore
84NO,h0041,0.892235033904749,scr1997,avaConv,onshore
84NO,h0042,0.889240652140607,scr1997,avaConv,onshore
84NO,h0043,0.7961820113614686,scr1997,avaConv,onshore
84NO,h0044,0.6932478860967216,scr1997,avaConv,onshore
84NO,h0045,0.588226042929284,scr1997,avaConv,onshore
84NO,h0046,0.5798212699966717,scr1997,avaConv,onshore
84NO,h0047,0.577638354071357,scr1997,avaConv,onshore
84NO,h0048,0.575590681544183,scr1997,avaConv,onshore
80NO,h0001,0.410376296235126,scr1997,avaConv,onshore
80NO,h0002,0.4204045059271111,scr1997,avaConv,onshore
80NO,h0003,0.42846681478636806,scr1997,avaConv,onshore
80NO,h0004,0.44127326449665055,scr1997,avaConv,onshore
80NO,h0005,0.43811181891034556,scr1997,avaConv,onshore
80NO,h0006,0.42776791188468144,scr1997,avaConv,onshore
80NO,h0007,0.3220293818997218,scr1997,avaConv,onshore
80NO,h0008,0.22696394054687882,scr1997,avaConv,onshore
80NO,h0009,0.13813220041947732,scr1997,avaConv,onshore
80NO,h0010,0.15657389013844186,scr1997,avaConv,onshore
80NO,h0011,0.22461462731861698,scr1997,avaConv,onshore
80NO,h0012,0.2996409569689702,scr1997,avaConv,onshore
80NO,h0013,0.2856932327059641,scr1997,avaConv,onshore
80NO,h0014,0.21938350571363177,scr1997,avaConv,onshore
80NO,h0015,0.14095512520006134,scr1997,avaConv,onshore
80NO,h0016,0.14354005558061114,scr1997,avaConv,onshore
80NO,h0017,0.1485928172045133,scr1997,avaConv,onshore
80NO,h0018,0.15880513592958342,scr1997,avaConv,onshore
80NO,h0019,0.11179360178601476,scr1997,avaConv,onshore
80NO,h0020,0.06236103101391371,scr1997,avaConv,onshore
80NO,h0021,0.005909086915272088,scr1997,avaConv,onshore
80NO,h0022,0.004847195008105751,scr1997,avaConv,onshore
80NO,h0023,0.0038640894102473376,scr1997,avaConv,onshore
80NO,h0024,0.0035693435953295127,scr1997,avaConv,onshore
80NO,h0025,0.31790036464397203,scr1997,avaConv,onshore
80NO,h0026,0.6293026817320406,scr1997,avaConv,onshore
80NO,h0027,0.9287181568449233,scr1997,avaConv,onshore
80NO,h0028,0.899949751247247,scr1997,avaConv,onshore
80NO,h0029,0.8184596764453632,scr1997,avaConv,onshore
80NO,h0030,0.6543158821689706,scr1997,avaConv,onshore
80NO,h0031,0.4150336615205983,scr1997,avaConv,onshore
80NO,h0032,0.22233713748430006,scr1997,avaConv,onshore
80NO,h0033,0.1214499848829209,scr1997,avaConv,onshore
80NO,h0034,0.12705491666963925,scr1997,avaConv,onshore
80NO,h0035,0.13183566873122265,scr1997,avaConv,onshore
80NO,h0036,0.14157934667190428,scr1997,avaConv,onshore
80NO,h0037,0.12058381143029263,scr1997,avaConv,onshore
80NO,h0038,0.11074701950788061,scr1997,avaConv,onshore
80NO,h0039,0.1037654060946432,scr1997,avaConv,onshore
80NO,h0040,0.13971440507459656,scr1997,avaConv,onshore
80NO,h0041,0.17806636995024994,scr1997,avaConv,onshore
80NO,h0042,0.21443420716718542,scr1997,avaConv,onshore
80NO,h0043,0.37565389096715,scr1997,avaConv,onshore
80NO,h0044,0.5135572930680123,scr1997,avaConv,onshore
80NO,h0045,0.6329741078697918,scr1997,avaConv,onshore
80NO,h0046,0.595849817817865,scr1997,avaConv,onshore
80NO,h0047,0.5683274102909424,scr1997,avaConv,onshore
80NO,h0048,0.5250025622256312,scr1997,avaConv,onshore
82NO,h0001,0.410376296235126,scr1997,avaConv,onshore
82NO,h0002,0.4204045059271111,scr1997,avaConv,onshore
82NO,h0003,0.42846681478636806,scr1997,avaConv,onshore
82NO,h0004,0.44127326449665055,scr1997,avaConv,onshore
82NO,h0005,0.43811181891034556,scr1997,avaConv,onshore
82NO,h0006,0.42776791188468144,scr1997,avaConv,onshore
82NO,h0007,0.3220293818997218,scr1997,avaConv,onshore
82NO,h0008,0.22696394054687882,scr1997,avaConv,onshore
82NO,h0009,0.13813220041947732,scr1997,avaConv,onshore
82NO,h0010,0.15657389013844186,scr1997,avaConv,onshore
82NO,h0011,0.22461462731861698,scr1997,avaConv,onshore
82NO,h0012,0.2996409569689702,scr1997,avaConv,onshore
82NO,h0013,0.2856932327059641,scr1997,avaConv,onshore
82NO,h0014,0.21938350571363177,scr1997,avaConv,onshore
82NO,h0015,0.14095512520006134,scr1997,avaConv,onshore
82NO,h0016,0.14354005558061114,scr1997,avaConv,onshore
82NO,h0017,0.1485928172045133,scr1997,avaConv,onshore
82NO,h0018,0.15880513592958342,scr1997,avaConv,onshore
82NO,h0019,0.11179360178601476,scr1997,avaConv,onshore
82NO,h0020,0.06236103101391371,scr1997,avaConv,onshore
82NO,h0021,0.005909086915272088,scr1997,avaConv,onshore
82NO,h0022,0.004847195008105751,scr1997,avaConv,onshore
82NO,h0023,0.0038640894102473376,scr1997,avaConv,onshore
82NO,h0024,0.0035693435953295127,scr1997,avaConv,onshore
82NO,h0025,0.31790036464397203,scr1997,avaConv,onshore
82NO,h0026,0.6293026817320406,scr1997,avaConv,onshore
82NO,h0027,0.9287181568449233,scr1997,avaConv,onshore
82NO,h0028,0.899949751247247,scr1997,avaConv,onshore
82NO,h0029,0.8184596764453632,scr1997,avaConv,onshore
82NO,h0030,0.6543158821689706,scr1997,avaConv,onshore
82NO,h0031,0.4150336615205983,scr1997,avaConv,onshore
82NO,h0032,0.22233713748430006,scr1997,avaConv,onshore
82NO,h0033,0.1214499848829209,scr1997,avaConv,onshore
82NO,h0034,0.12705491666963925,scr1997,avaConv,onshore
82NO,h0035,0.13183566873122265,scr1997,avaConv,onshore
82NO,h0036,0.14157934667190428,scr1997,avaConv,onshore
82NO,h0037,0.12058381143029263,scr1997,avaConv,onshore
82NO,h0038,0.11074701950788061,scr1997,avaConv,onshore
82NO,h0039,0.1037654060946432,scr1997,avaConv,onshore
82NO,h0040,0.13971440507459656,scr1997,avaConv,onshore
82NO,h0041,0.17806636995024994,scr1997,avaConv,onshore
82NO,h0042,0.21443420716718542,scr1997,avaConv,onshore
82NO,h0043,0.37565389096715,scr1997,avaConv,onshore
82NO,h0044,0.5135572930680123,scr1997,avaConv,onshore
82NO,h0045,0.6329741078697918,scr1997,avaConv,onshore
82NO,h0046,0.595849817817865,scr1997,avaConv,onshore
82NO,h0047,0.5683274102909424,scr1997,avaConv,onshore
82NO,h0048,0.5250025622256312,scr1997,avaConv,onshore
79NO,h0001,0.17393031152374747,scr1997,avaConv,onshore
79NO,h0002,0.1857668924983524,scr1997,avaConv,onshore
79NO,h0003,0.19668712252172002,scr1997,avaConv,onshore
79NO,h0004,0.220944892030403,scr1997,avaConv,onshore
79NO,h0005,0.2439677825732872,scr1997,avaConv,onshore
79NO,h0006,0.26188804109193137,scr1997,avaConv,onshore
79NO,h0007,0.2116649098831064,scr1997,avaConv,onshore
79NO,h0008,0.1612496360680149,scr1997,avaConv,onshore
79NO,h0009,0.09999768056549219,scr1997,avaConv,onshore
79NO,h0010,0.09531711609019944,scr1997,avaConv,onshore
79NO,h0011,0.0923301657937184,scr1997,avaConv,onshore
79NO,h0012,0.09628464162488719,scr1997,avaConv,onshore
79NO,h0013,0.15357939971040993,scr1997,avaConv,onshore
79NO,h0014,0.2116621007226099,scr1997,avaConv,onshore
79NO,h0015,0.2809107162897819,scr1997,avaConv,onshore
79NO,h0016,0.3255947056902503,scr1997,avaConv,onshore
79NO,h0017,0.37459791896828065,scr1997,avaConv,onshore
79NO,h0018,0.42362098320833175,scr1997,avaConv,onshore
79NO,h0019,0.3084928735263661,scr1997,avaConv,onshore
79NO,h0020,0.17136590494415588,scr1997,avaConv,onshore
79NO,h0021,0.002541955833921336,scr1997,avaConv,onshore
79NO,h0022,0.0060878856901824905,scr1997,avaConv,onshore
79NO,h0023,0.008942393070490034,scr1997,avaConv,onshore
79NO,h0024,0.016922515336309552,scr1997,avaConv,onshore
79NO,h0025,0.21058537504609431,scr1997,avaConv,onshore
79NO,h0026,0.375088539189478,scr1997,avaConv,onshore
79NO,h0027,0.5256140154633621,scr1997,avaConv,onshore
79NO,h0028,0.5000985787967737,scr1997,avaConv,onshore
79NO,h0029,0.45955661103402745,scr1997,avaConv,onshore
79NO,h0030,0.3817064370378606,scr1997,avaConv,onshore
79NO,h0031,0.2883179505976206,scr1997,avaConv,onshore
79NO,h0032,0.22221340938009965,scr1997,avaConv,onshore
79NO,h0033,0.20531441198398034,scr1997,avaConv,onshore
79NO,h0034,0.22773469927090007,scr1997,avaConv,onshore
79NO,h0035,0.25887775043441646,scr1997,avaConv,onshore
79NO,h0036,0.28606624720386636,scr1997,avaConv,onshore
79NO,h0037,0.22055687505173663,scr1997,avaConv,onshore
79NO,h0038,0.15707959433681162,scr1997,avaConv,onshore
79NO,h0039,0.1141697388734705,scr1997,avaConv,onshore
79NO,h0040,0.22006525331150653,scr1997,avaConv,onshore
79NO,h0041,0.29934035033820133,scr1997,avaConv,onshore
79NO,h0042,0.3615681979965484,scr1997,avaConv,onshore
79NO,h0043,0.2668876774537386,scr1997,avaConv,onshore
79NO,h0044,0.16993540965132833,scr1997,avaConv,onshore
79NO,h0045,0.05586666921210403,scr1997,avaConv,onshore
79NO,h0046,0.05467810764089047,scr1997,avaConv,onshore
79NO,h0047,0.0777042267849442,scr1997,avaConv,onshore
79NO,h0048,0.11721788204272002,scr1997,avaConv,onshore
81NO,h0001,0.0264275554455662,scr1997,avaConv,onshore
81NO,h0002,0.028638522964480807,scr1997,avaConv,onshore
81NO,h0003,0.030085870298276085,scr1997,avaConv,onshore
81NO,h0004,0.033603790817311,scr1997,avaConv,onshore
81NO,h0005,0.036414541475718876,scr1997,avaConv,onshore
81NO,h0006,0.04153978103781525,scr1997,avaConv,onshore
81NO,h0007,0.036133019119932115,scr1997,avaConv,onshore
81NO,h0008,0.029819802941388612,scr1997,avaConv,onshore
81NO,h0009,0.01825922401213298,scr1997,avaConv,onshore
81NO,h0010,0.01805857072305818,scr1997,avaConv,onshore
81NO,h0011,0.029237522962845396,scr1997,avaConv,onshore
81NO,h0012,0.048120043851818686,scr1997,avaConv,onshore
81NO,h0013,0.05970944003712537,scr1997,avaConv,onshore
81NO,h0014,0.061051346992164614,scr1997,avaConv,onshore
81NO,h0015,0.05700417470330541,scr1997,avaConv,onshore
81NO,h0016,0.05835096174736155,scr1997,avaConv,onshore
81NO,h0017,0.0591596631383784,scr1997,avaConv,onshore
81NO,h0018,0.06108137265942513,scr1997,avaConv,onshore
81NO,h0019,0.0536710827257768,scr1997,avaConv,onshore
81NO,h0020,0.051255064339636204,scr1997,avaConv,onshore
81NO,h0021,0.0489152218045094,scr1997,avaConv,onshore
81NO,h0022,0.05727989117483657,scr1997,avaConv,onshore
81NO,h0023,0.05856198702864742,scr1997,avaConv,onshore
81NO,h0024,0.057183865394856155,scr1997,avaConv,onshore
81NO,h0025,0.1795896891856986,scr1997,avaConv,onshore
81NO,h0026,0.2996613912974106,scr1997,avaConv,onshore
81NO,h0027,0.4554302148567907,scr1997,avaConv,onshore
81NO,h0028,0.5202991012341998,scr1997,avaConv,onshore
81NO,h0029,0.6013863709120171,scr1997,avaConv,onshore
81NO,h0030,0.6434788494818711,scr1997,avaConv,onshore
81NO,h0031,0.6510210596678122,scr1997,avaConv,onshore
81NO,h0032,0.6305220070037699,scr1997,avaConv,onshore
81NO,h0033,0.6046966115820049,scr1997,avaConv,onshore
81NO,h0034,0.5789560674063396,scr1997,avaConv,onshore
81NO,h0035,0.5718689344254132,scr1997,avaConv,onshore
81NO,h0036,0.5800081754603023,scr1997,avaConv,onshore
81NO,h0037,0.4673894551692014,scr1997,avaConv,onshore
81NO,h0038,0.3524646562024924,scr1997,avaConv,onshore
81NO,h0039,0.2537402562639063,scr1997,avaConv,onshore
81NO,h0040,0.2960376951050221,scr1997,avaConv,onshore
81NO,h0041,0.35325828256771535,scr1997,avaConv,onshore
81NO,h0042,0.3916534490847208,scr1997,avaConv,onshore
81NO,h0043,0.43639252497728875,scr1997,avaConv,onshore
81NO,h0044,0.47198103230048893,scr1997,avaConv,onshore
81NO,h0045,0.5014772459901219,scr1997,avaConv,onshore
81NO,h0046,0.5072298560812274,scr1997,avaConv,onshore
81NO,h0047,0.5051672908858594,scr1997,avaConv,onshore
81NO,h0048,0.49305624939989073,scr1997,avaConv,onshore
41PL,h0001,0.0024444482102901916,scr1997,avaConv,onshore
41PL,h0002,0.0036590688437832686,scr1997,avaConv,onshore
41PL,h0003,0.007456669975813242,scr1997,avaConv,onshore
41PL,h0004,0.015302845072302843,scr1997,avaConv,onshore
41PL,h0005,0.02376745077280985,scr1997,avaConv,onshore
41PL,h0006,0.02928783084600915,scr1997,avaConv,onshore
41PL,h0007,0.11938359597792918,scr1997,avaConv,onshore
41PL,h0008,0.20203659946782757,scr1997,avaConv,onshore
41PL,h0009,0.2681810012315762,scr1997,avaConv,onshore
41PL,h0010,0.24411134282401822,scr1997,avaConv,onshore
41PL,h0011,0.21026944141137316,scr1997,avaConv,onshore
41PL,h0012,0.18570242438799933,scr1997,avaConv,onshore
41PL,h0013,0.19155586153522464,scr1997,avaConv,onshore
41PL,h0014,0.20879844597711322,scr1997,avaConv,onshore
41PL,h0015,0.22755196791902976,scr1997,avaConv,onshore
41PL,h0016,0.22021510757821347,scr1997,avaConv,onshore
41PL,h0017,0.20938106935405612,scr1997,avaConv,onshore
41PL,h0018,0.1995874933860154,scr1997,avaConv,onshore
41PL,h0019,0.15617093346258867,scr1997,avaConv,onshore
41PL,h0020,0.11448813874588507,scr1997,avaConv,onshore
41PL,h0021,0.07049099981102204,scr1997,avaConv,onshore
41PL,h0022,0.06395985330738647,scr1997,avaConv,onshore
41PL,h0023,0.05535461654125297,scr1997,avaConv,onshore
41PL,h0024,0.05321997101365314,scr1997,avaConv,onshore
41PL,h0025,0.3020614948574265,scr1997,avaConv,onshore
41PL,h0026,0.5480950273530651,scr1997,avaConv,onshore
41PL,h0027,0.787408449453169,scr1997,avaConv,onshore
41PL,h0028,0.8018627689570833,scr1997,avaConv,onshore
41PL,h0029,0.7957613540984406,scr1997,avaConv,onshore
41PL,h0030,0.7820019570962875,scr1997,avaConv,onshore
41PL,h0031,0.5577171880083347,scr1997,avaConv,onshore
41PL,h0032,0.34163079932635704,scr1997,avaConv,onshore
41PL,h0033,0.11885066081409316,scr1997,avaConv,onshore
41PL,h0034,0.1159729691077083,scr1997,avaConv,onshore
41PL,h0035,0.10088482998182609,scr1997,avaConv,onshore
41PL,h0036,0.08632700934667123,scr1997,avaConv,onshore
41PL,h0037,0.06161536743623344,scr1997,avaConv,onshore
41PL,h0038,0.04673013936511508,scr1997,avaConv,onshore
41PL,h0039,0.033098797881156675,scr1997,avaConv,onshore
41PL,h0040,0.045451713728103485,scr1997,avaConv,onshore
41PL,h0041,0.05882550119438988,scr1997,avaConv,onshore
41PL,h0042,0.06994794439017768,scr1997,avaConv,onshore
41PL,h0043,0.24831281617629627,scr1997,avaConv,onshore
41PL,h0044,0.41365962880348295,scr1997,avaConv,onshore
41PL,h0045,0.5657735389312207,scr1997,avaConv,onshore
41PL,h0046,0.5564020365829758,scr1997,avaConv,onshore
41PL,h0047,0.5495402179946882,scr1997,avaConv,onshore
41PL,h0048,0.565378465785649,scr1997,avaConv,onshore
42PL,h0001,0.0006627175255445214,scr1997,avaConv,onshore
42PL,h0002,0.00047307556985723247,scr1997,avaConv,onshore
42PL,h0003,0.0003034266993007065,scr1997,avaConv,onshore
42PL,h0004,0.0,scr1997,avaConv,onshore
42PL,h0005,0.0,scr1997,avaConv,onshore
42PL,h0006,0.00012142148101150412,scr1997,avaConv,onshore
42PL,h0007,0.08093933195636593,scr1997,avaConv,onshore
42PL,h0008,0.15372302936006266,scr1997,avaConv,onshore
42PL,h0009,0.21785941067437906,scr1997,avaConv,onshore
42PL,h0010,0.19346303682778307,scr1997,avaConv,onshore
42PL,h0011,0.15775078039220078,scr1997,avaConv,onshore
42PL,h0012,0.12775343531125918,scr1997,avaConv,onshore
42PL,h0013,0.07948715477013149,scr1997,avaConv,onshore
42PL,h0014,0.042808792620015045,scr1997,avaConv,onshore
42PL,h0015,0.0038198242462883117,scr1997,avaConv,onshore
42PL,h0016,0.003841499117448197,scr1997,avaConv,onshore
42PL,h0017,0.0041479137603252295,scr1997,avaConv,onshore
42PL,h0018,0.004448843401030951,scr1997,avaConv,onshore
42PL,h0019,0.03420347950285289,scr1997,avaConv,onshore
42PL,h0020,0.061680356010483536,scr1997,avaConv,onshore
42PL,h0021,0.08906756825985251,scr1997,avaConv,onshore
42PL,h0022,0.08698534219069722,scr1997,avaConv,onshore
42PL,h0023,0.09031655142901192,scr1997,avaConv,onshore
42PL,h0024,0.09110102913991626,scr1997,avaConv,onshore
42PL,h0025,0.22441452184227856,scr1997,avaConv,onshore
42PL,h0026,0.36376534716751036,scr1997,avaConv,onshore
42PL,h0027,0.5181026721422362,scr1997,avaConv,onshore
42PL,h0028,0.5681125239837639,scr1997,avaConv,onshore
42PL,h0029,0.6097097017209613,scr1997,avaConv,onshore
42PL,h0030,0.6341317046707968,scr1997,avaConv,onshore
42PL,h0031,0.473563498689158,scr1997,avaConv,onshore
42PL,h0032,0.31368992148427,scr1997,avaConv,onshore
42PL,h0033,0.15872597018145912,scr1997,avaConv,onshore
42PL,h0034,0.1857352145175071,scr1997,avaConv,onshore
42PL,h0035,0.20252991501592016,scr1997,avaConv,onshore
42PL,h0036,0.22564692183436702,scr1997,avaConv,onshore
42PL,h0037,0.1775271591891053,scr1997,avaConv,onshore
42PL,h0038,0.1254400198252249,scr1997,avaConv,onshore
42PL,h0039,0.05308036874933817,scr1997,avaConv,onshore
42PL,h0040,0.05132063823215971,scr1997,avaConv,onshore
42PL,h0041,0.05366166591576636,scr1997,avaConv,onshore
42PL,h0042,0.059335808112637195,scr1997,avaConv,onshore
42PL,h0043,0.2717102344428793,scr1997,avaConv,onshore
42PL,h0044,0.45249473722125594,scr1997,avaConv,onshore
42PL,h0045,0.6124716177693069,scr1997,avaConv,onshore
42PL,h0046,0.5664419525210229,scr1997,avaConv,onshore
42PL,h0047,0.5400708867273489,scr1997,avaConv,onshore
42PL,h0048,0.5313109695463661,scr1997,avaConv,onshore
43PL,h0001,0.02172151127636069,scr1997,avaConv,onshore
43PL,h0002,0.020950600738867446,scr1997,avaConv,onshore
43PL,h0003,0.021061758093134524,scr1997,avaConv,onshore
43PL,h0004,0.026379389324611535,scr1997,avaConv,onshore
43PL,h0005,0.03575116690506611,scr1997,avaConv,onshore
43PL,h0006,0.04706480387159085,scr1997,avaConv,onshore
43PL,h0007,0.11840785926674322,scr1997,avaConv,onshore
43PL,h0008,0.18528514172059027,scr1997,avaConv,onshore
43PL,h0009,0.24314414296314169,scr1997,avaConv,onshore
43PL,h0010,0.22982720578346383,scr1997,avaConv,onshore
43PL,h0011,0.20496304053632047,scr1997,avaConv,onshore
43PL,h0012,0.18176469616893498,scr1997,avaConv,onshore
43PL,h0013,0.11800697203641203,scr1997,avaConv,onshore
43PL,h0014,0.06132700701838327,scr1997,avaConv,onshore
43PL,h0015,0.0022607009945491375,scr1997,avaConv,onshore
43PL,h0016,0.003483713648172753,scr1997,avaConv,onshore
43PL,h0017,0.005546790366196915,scr1997,avaConv,onshore
43PL,h0018,0.0067918844453676635,scr1997,avaConv,onshore
43PL,h0019,0.0565144495216442,scr1997,avaConv,onshore
43PL,h0020,0.10216323853869246,scr1997,avaConv,onshore
43PL,h0021,0.14471580739399048,scr1997,avaConv,onshore
43PL,h0022,0.14094686030468287,scr1997,avaConv,onshore
43PL,h0023,0.13335986759696752,scr1997,avaConv,onshore
43PL,h0024,0.12766344509483066,scr1997,avaConv,onshore
43PL,h0025,0.22871160263976864,scr1997,avaConv,onshore
43PL,h0026,0.3365688257495772,scr1997,avaConv,onshore
43PL,h0027,0.4498433733793352,scr1997,avaConv,onshore
43PL,h0028,0.4771461619936767,scr1997,avaConv,onshore
43PL,h0029,0.4931031838726225,scr1997,avaConv,onshore
43PL,h0030,0.4931506405567247,scr1997,avaConv,onshore
43PL,h0031,0.4370168864413185,scr1997,avaConv,onshore
43PL,h0032,0.39050338614940716,scr1997,avaConv,onshore
43PL,h0033,0.35469761599593225,scr1997,avaConv,onshore
43PL,h0034,0.3604812244270407,scr1997,avaConv,onshore
43PL,h0035,0.35623339498091533,scr1997,avaConv,onshore
43PL,h0036,0.34834929785324276,scr1997,avaConv,onshore
43PL,h0037,0.27026396796141405,scr1997,avaConv,onshore
43PL,h0038,0.19099344586500502,scr1997,avaConv,onshore
43PL,h0039,0.09904398980117603,scr1997,avaConv,onshore
43PL,h0040,0.08261393719262691,scr1997,avaConv,onshore
43PL,h0041,0.06875784647494654,scr1997,avaConv,onshore
43PL,h0042,0.061907163585936655,scr1997,avaConv,onshore
43PL,h0043,0.21574311646211158,scr1997,avaConv,onshore
43PL,h0044,0.35009751512924164,scr1997,avaConv,onshore
43PL,h0045,0.46680998264965995,scr1997,avaConv,onshore
43PL,h0046,0.42505458576665767,scr1997,avaConv,onshore
43PL,h0047,0.38646906605801307,scr1997,avaConv,onshore
43PL,h0048,0.36085813760422936,scr1997,avaConv,onshore
44PL,h0001,0.06889447646156203,scr1997,avaConv,onshore
44PL,h0002,0.06287308477339651,scr1997,avaConv,onshore
44PL,h0003,0.05907207549432566,scr1997,avaConv,onshore
44PL,h0004,0.05279789257226877,scr1997,avaConv,onshore
44PL,h0005,0.05037767607695532,scr1997,avaConv,onshore
44PL,h0006,0.05094797809917315,scr1997,avaConv,onshore
44PL,h0007,0.2092102511895154,scr1997,avaConv,onshore
44PL,h0008,0.3604786208795201,scr1997,avaConv,onshore
44PL,h0009,0.5051827361502836,scr1997,avaConv,onshore
44PL,h0010,0.4957136257174427,scr1997,avaConv,onshore
44PL,h0011,0.47966381513720147,scr1997,avaConv,onshore
44PL,h0012,0.44384383295751245,scr1997,avaConv,onshore
44PL,h0013,0.29763400450481287,scr1997,avaConv,onshore
44PL,h0014,0.15017238761494833,scr1997,avaConv,onshore
44PL,h0015,0.014319728268289157,scr1997,avaConv,onshore
44PL,h0016,0.018333354553683037,scr1997,avaConv,onshore
44PL,h0017,0.024667997663819576,scr1997,avaConv,onshore
44PL,h0018,0.030511385948129514,scr1997,avaConv,onshore
44PL,h0019,0.07798332132885705,scr1997,avaConv,onshore
44PL,h0020,0.12049384390932935,scr1997,avaConv,onshore
44PL,h0021,0.16268754582141337,scr1997,avaConv,onshore
44PL,h0022,0.16186672736768162,scr1997,avaConv,onshore
44PL,h0023,0.1488049099233563,scr1997,avaConv,onshore
44PL,h0024,0.12686631544228863,scr1997,avaConv,onshore
44PL,h0025,0.30954579388283704,scr1997,avaConv,onshore
44PL,h0026,0.501674395342827,scr1997,avaConv,onshore
44PL,h0027,0.6860116827994517,scr1997,avaConv,onshore
44PL,h0028,0.6744611518976958,scr1997,avaConv,onshore
44PL,h0029,0.6391450298736658,scr1997,avaConv,onshore
44PL,h0030,0.5955199579171706,scr1997,avaConv,onshore
44PL,h0031,0.4509559301007577,scr1997,avaConv,onshore
44PL,h0032,0.32329976409564076,scr1997,avaConv,onshore
44PL,h0033,0.20876073763892616,scr1997,avaConv,onshore
44PL,h0034,0.20130658644198385,scr1997,avaConv,onshore
44PL,h0035,0.17938552837985225,scr1997,avaConv,onshore
44PL,h0036,0.14925257145856805,scr1997,avaConv,onshore
44PL,h0037,0.09889788129276499,scr1997,avaConv,onshore
44PL,h0038,0.060327938074274765,scr1997,avaConv,onshore
44PL,h0039,0.028989415389956908,scr1997,avaConv,onshore
44PL,h0040,0.027707587691259552,scr1997,avaConv,onshore
44PL,h0041,0.029230251230514072,scr1997,avaConv,onshore
44PL,h0042,0.03450961440233402,scr1997,avaConv,onshore
44PL,h0043,0.22429511569049548,scr1997,avaConv,onshore
44PL,h0044,0.3959863796106066,scr1997,avaConv,onshore
44PL,h0045,0.5559089337364221,scr1997,avaConv,onshore
44PL,h0046,0.539825595410508,scr1997,avaConv,onshore
44PL,h0047,0.5249077820310699,scr1997,avaConv,onshore
44PL,h0048,0.5134242418769243,scr1997,avaConv,onshore
45PL,h0001,0.028643572246026303,scr1997,avaConv,onshore
45PL,h0002,0.021772167731984555,scr1997,avaConv,onshore
45PL,h0003,0.01682462988604066,scr1997,avaConv,onshore
45PL,h0004,0.00871768699285585,scr1997,avaConv,onshore
45PL,h0005,0.0050732471879930555,scr1997,avaConv,onshore
45PL,h0006,0.005142055285610278,scr1997,avaConv,onshore
45PL,h0007,0.06115317647995805,scr1997,avaConv,onshore
45PL,h0008,0.11256307996499873,scr1997,avaConv,onshore
45PL,h0009,0.1588669814583982,scr1997,avaConv,onshore
45PL,h0010,0.1460454437898712,scr1997,avaConv,onshore
45PL,h0011,0.1345454245554349,scr1997,avaConv,onshore
45PL,h0012,0.113958001155706,scr1997,avaConv,onshore
45PL,h0013,0.1469872407242287,scr1997,avaConv,onshore
45PL,h0014,0.17709699408941643,scr1997,avaConv,onshore
45PL,h0015,0.21654986821520233,scr1997,avaConv,onshore
45PL,h0016,0.21063876716668556,scr1997,avaConv,onshore
45PL,h0017,0.20374425917171526,scr1997,avaConv,onshore
45PL,h0018,0.20007358567977035,scr1997,avaConv,onshore
45PL,h0019,0.14921367476167102,scr1997,avaConv,onshore
45PL,h0020,0.10344455630964075,scr1997,avaConv,onshore
45PL,h0021,0.05746942938739431,scr1997,avaConv,onshore
45PL,h0022,0.0632300987749749,scr1997,avaConv,onshore
45PL,h0023,0.06992599210564038,scr1997,avaConv,onshore
45PL,h0024,0.07417921056390732,scr1997,avaConv,onshore
45PL,h0025,0.3343181060441488,scr1997,avaConv,onshore
45PL,h0026,0.5826030254842628,scr1997,avaConv,onshore
45PL,h0027,0.8174886442276669,scr1997,avaConv,onshore
45PL,h0028,0.8012776277723568,scr1997,avaConv,onshore
45PL,h0029,0.769761549220218,scr1997,avaConv,onshore
45PL,h0030,0.7410431607820274,scr1997,avaConv,onshore
45PL,h0031,0.5321066798337288,scr1997,avaConv,onshore
45PL,h0032,0.338706646778133,scr1997,avaConv,onshore
45PL,h0033,0.15016240684653606,scr1997,avaConv,onshore
45PL,h0034,0.16022135124308604,scr1997,avaConv,onshore
45PL,h0035,0.15547925871078216,scr1997,avaConv,onshore
45PL,h0036,0.1383590433308089,scr1997,avaConv,onshore
45PL,h0037,0.09013824972224255,scr1997,avaConv,onshore
45PL,h0038,0.050221151558213176,scr1997,avaConv,onshore
45PL,h0039,0.016565129982894247,scr1997,avaConv,onshore
45PL,h0040,0.019199176619276025,scr1997,avaConv,onshore
45PL,h0041,0.022866354012319408,scr1997,avaConv,onshore
45PL,h0042,0.02794498880907549,scr1997,avaConv,onshore
45PL,h0043,0.19814471719052756,scr1997,avaConv,onshore
45PL,h0044,0.3689193629171276,scr1997,avaConv,onshore
45PL,h0045,0.5437499933420471,scr1997,avaConv,onshore
45PL,h0046,0.5663214558527112,scr1997,avaConv,onshore
45PL,h0047,0.5801468603063555,scr1997,avaConv,onshore
45PL,h0048,0.5824679363759355,scr1997,avaConv,onshore
12PT,h0001,0.09287724983349488,scr1997,avaConv,onshore
12PT,h0002,0.08191478300552506,scr1997,avaConv,onshore
12PT,h0003,0.06625626843985652,scr1997,avaConv,onshore
12PT,h0004,0.039312112271168737,scr1997,avaConv,onshore
12PT,h0005,0.017922516354147735,scr1997,avaConv,onshore
12PT,h0006,0.010372184206380291,scr1997,avaConv,onshore
12PT,h0007,0.035990512245712564,scr1997,avaConv,onshore
12PT,h0008,0.054021511231979485,scr1997,avaConv,onshore
12PT,h0009,0.06289732450888047,scr1997,avaConv,onshore
12PT,h0010,0.04165239015847132,scr1997,avaConv,onshore
12PT,h0011,0.027131040804559848,scr1997,avaConv,onshore
12PT,h0012,0.01622453752367249,scr1997,avaConv,onshore
12PT,h0013,0.29390186483106995,scr1997,avaConv,onshore
12PT,h0014,0.57055618137338,scr1997,avaConv,onshore
12PT,h0015,0.8461229311143228,scr1997,avaConv,onshore
12PT,h0016,0.8465615879400876,scr1997,avaConv,onshore
12PT,h0017,0.8044829690808832,scr1997,avaConv,onshore
12PT,h0018,0.7182554034930566,scr1997,avaConv,onshore
12PT,h0019,0.47403231465437556,scr1997,avaConv,onshore
12PT,h0020,0.2534707084273722,scr1997,avaConv,onshore
12PT,h0021,0.06890208546228306,scr1997,avaConv,onshore
12PT,h0022,0.051798295587146034,scr1997,avaConv,onshore
12PT,h0023,0.04230291523351322,scr1997,avaConv,onshore
12PT,h0024,0.03500814929479404,scr1997,avaConv,onshore
12PT,h0025,0.12956357567872287,scr1997,avaConv,onshore
12PT,h0026,0.22506181152569602,scr1997,avaConv,onshore
12PT,h0027,0.3242545749840179,scr1997,avaConv,onshore
12PT,h0028,0.32759108765158923,scr1997,avaConv,onshore
12PT,h0029,0.3298073269603417,scr1997,avaConv,onshore
12PT,h0030,0.33012732886992563,scr1997,avaConv,onshore
12PT,h0031,0.29628077304615474,scr1997,avaConv,onshore
12PT,h0032,0.25761229585723616,scr1997,avaConv,onshore
12PT,h0033,0.20235644645159637,scr1997,avaConv,onshore
12PT,h0034,0.17009165436709056,scr1997,avaConv,onshore
12PT,h0035,0.15500318423265416,scr1997,avaConv,onshore
12PT,h0036,0.14795433471615566,scr1997,avaConv,onshore
12PT,h0037,0.16229669660734491,scr1997,avaConv,onshore
12PT,h0038,0.15524042683382663,scr1997,avaConv,onshore
12PT,h0039,0.14854306570233378,scr1997,avaConv,onshore
12PT,h0040,0.13286006340761344,scr1997,avaConv,onshore
12PT,h0041,0.13394713316345974,scr1997,avaConv,onshore
12PT,h0042,0.1455359061680495,scr1997,avaConv,onshore
12PT,h0043,0.1359267800523319,scr1997,avaConv,onshore
12PT,h0044,0.1246267793917873,scr1997,avaConv,onshore
12PT,h0045,0.11014475479928115,scr1997,avaConv,onshore
12PT,h0046,0.11557582553714799,scr1997,avaConv,onshore
12PT,h0047,0.10920311982624802,scr1997,avaConv,onshore
12PT,h0048,0.09896086571195861,scr1997,avaConv,onshore
13PT,h0001,0.11272478228894696,scr1997,avaConv,onshore
13PT,h0002,0.09630927476498412,scr1997,avaConv,onshore
13PT,h0003,0.07917628771196944,scr1997,avaConv,onshore
13PT,h0004,0.04875952880736905,scr1997,avaConv,onshore
13PT,h0005,0.024996869999499426,scr1997,avaConv,onshore
13PT,h0006,0.011316051867528001,scr1997,avaConv,onshore
13PT,h0007,0.021032849186095066,scr1997,avaConv,onshore
13PT,h0008,0.029688036554485205,scr1997,avaConv,onshore
13PT,h0009,0.033593447580377904,scr1997,avaConv,onshore
13PT,h0010,0.01809317272252902,scr1997,avaConv,onshore
13PT,h0011,0.008099690065858884,scr1997,avaConv,onshore
13PT,h0012,0.0036260245830699546,scr1997,avaConv,onshore
13PT,h0013,0.2651380933608771,scr1997,avaConv,onshore
13PT,h0014,0.5524431251912327,scr1997,avaConv,onshore
13PT,h0015,0.8555837755656365,scr1997,avaConv,onshore
13PT,h0016,0.8722920063614914,scr1997,avaConv,onshore
13PT,h0017,0.839209285501406,scr1997,avaConv,onshore
13PT,h0018,0.7263557632809263,scr1997,avaConv,onshore
13PT,h0019,0.4611043101745476,scr1997,avaConv,onshore
13PT,h0020,0.22887383630672717,scr1997,avaConv,onshore
13PT,h0021,0.06487211762564336,scr1997,avaConv,onshore
13PT,h0022,0.0466454949390842,scr1997,avaConv,onshore
13PT,h0023,0.03623064758838947,scr1997,avaConv,onshore
13PT,h0024,0.029019215353133433,scr1997,avaConv,onshore
13PT,h0025,0.23451326634370914,scr1997,avaConv,onshore
13PT,h0026,0.45159205195536356,scr1997,avaConv,onshore
13PT,h0027,0.677239175882665,scr1997,avaConv,onshore
13PT,h0028,0.6809964926458731,scr1997,avaConv,onshore
13PT,h0029,0.6870259723393732,scr1997,avaConv,onshore
13PT,h0030,0.6946363097009062,scr1997,avaConv,onshore
13PT,h0031,0.5224349229122859,scr1997,avaConv,onshore
13PT,h0032,0.3324794879365486,scr1997,avaConv,onshore
13PT,h0033,0.1302312183555555,scr1997,avaConv,onshore
13PT,h0034,0.08937791566681745,scr1997,avaConv,onshore
13PT,h0035,0.06037089511701445,scr1997,avaConv,onshore
13PT,h0036,0.045334122215974486,scr1997,avaConv,onshore
13PT,h0037,0.042403885514228565,scr1997,avaConv,onshore
13PT,h0038,0.04211422405177858,scr1997,avaConv,onshore
13PT,h0039,0.040894835150778165,scr1997,avaConv,onshore
13PT,h0040,0.040918470483309224,scr1997,avaConv,onshore
13PT,h0041,0.04132450552089477,scr1997,avaConv,onshore
13PT,h0042,0.03732680066061708,scr1997,avaConv,onshore
13PT,h0043,0.07441424722078155,scr1997,avaConv,onshore
13PT,h0044,0.12084566422318428,scr1997,avaConv,onshore
13PT,h0045,0.185484600353228,scr1997,avaConv,onshore
13PT,h0046,0.2150554822821784,scr1997,avaConv,onshore
13PT,h0047,0.22815114234622344,scr1997,avaConv,onshore
13PT,h0048,0.2343212076258552,scr1997,avaConv,onshore
59RO,h0001,0.015451450029480845,scr1997,avaConv,onshore
59RO,h0002,0.01525646449395508,scr1997,avaConv,onshore
59RO,h0003,0.014617738710801015,scr1997,avaConv,onshore
59RO,h0004,0.014234596867661617,scr1997,avaConv,onshore
59RO,h0005,0.013063684860856043,scr1997,avaConv,onshore
59RO,h0006,0.014266479845651886,scr1997,avaConv,onshore
59RO,h0007,0.10124773917189367,scr1997,avaConv,onshore
59RO,h0008,0.18232128369762987,scr1997,avaConv,onshore
59RO,h0009,0.2589439980962661,scr1997,avaConv,onshore
59RO,h0010,0.25733213294678026,scr1997,avaConv,onshore
59RO,h0011,0.24764363167326336,scr1997,avaConv,onshore
59RO,h0012,0.23642956628777603,scr1997,avaConv,onshore
59RO,h0013,0.16098101575459958,scr1997,avaConv,onshore
59RO,h0014,0.09035348537093842,scr1997,avaConv,onshore
59RO,h0015,0.025651651846668948,scr1997,avaConv,onshore
59RO,h0016,0.05742490176190069,scr1997,avaConv,onshore
59RO,h0017,0.0925107968630813,scr1997,avaConv,onshore
59RO,h0018,0.10808665601282906,scr1997,avaConv,onshore
59RO,h0019,0.11022780500496485,scr1997,avaConv,onshore
59RO,h0020,0.10749143496941536,scr1997,avaConv,onshore
59RO,h0021,0.1134441231900793,scr1997,avaConv,onshore
59RO,h0022,0.11336107333965505,scr1997,avaConv,onshore
59RO,h0023,0.11104095973037982,scr1997,avaConv,onshore
59RO,h0024,0.10766661807820795,scr1997,avaConv,onshore
59RO,h0025,0.08820843559313143,scr1997,avaConv,onshore
59RO,h0026,0.06676704510029002,scr1997,avaConv,onshore
59RO,h0027,0.0445215161739024,scr1997,avaConv,onshore
59RO,h0028,0.03925145365344465,scr1997,avaConv,onshore
59RO,h0029,0.03715757856060307,scr1997,avaConv,onshore
59RO,h0030,0.035245517911929494,scr1997,avaConv,onshore
59RO,h0031,0.02459155624418243,scr1997,avaConv,onshore
59RO,h0032,0.013707742396902782,scr1997,avaConv,onshore
59RO,h0033,0.002992980487018207,scr1997,avaConv,onshore
59RO,h0034,0.003115832450239893,scr1997,avaConv,onshore
59RO,h0035,0.001986301828753146,scr1997,avaConv,onshore
59RO,h0036,0.001061608137365917,scr1997,avaConv,onshore
59RO,h0037,0.048382370335929126,scr1997,avaConv,onshore
59RO,h0038,0.08829298465808215,scr1997,avaConv,onshore
59RO,h0039,0.12591258923904677,scr1997,avaConv,onshore
59RO,h0040,0.12380837738028408,scr1997,avaConv,onshore
59RO,h0041,0.12121541977662749,scr1997,avaConv,onshore
59RO,h0042,0.11789605492296124,scr1997,avaConv,onshore
59RO,h0043,0.08501383666163459,scr1997,avaConv,onshore
59RO,h0044,0.056693278932282286,scr1997,avaConv,onshore
59RO,h0045,0.029299932339889492,scr1997,avaConv,onshore
59RO,h0046,0.03312995460241854,scr1997,avaConv,onshore
59RO,h0047,0.03505372648920705,scr1997,avaConv,onshore
59RO,h0048,0.03689584878383274,scr1997,avaConv,onshore
60RO,h0001,0.005783702921936873,scr1997,avaConv,onshore
60RO,h0002,0.004141797681588741,scr1997,avaConv,onshore
60RO,h0003,0.0032920676717566573,scr1997,avaConv,onshore
60RO,h0004,0.0017226224122569016,scr1997,avaConv,onshore
60RO,h0005,0.0016172590810859635,scr1997,avaConv,onshore
60RO,h0006,0.003665714529117351,scr1997,avaConv,onshore
60RO,h0007,0.04194348612331387,scr1997,avaConv,onshore
60RO,h0008,0.07620228206110227,scr1997,avaConv,onshore
60RO,h0009,0.10716622998677498,scr1997,avaConv,onshore
60RO,h0010,0.10173218059353384,scr1997,avaConv,onshore
60RO,h0011,0.08980201509779628,scr1997,avaConv,onshore
60RO,h0012,0.07563075752533413,scr1997,avaConv,onshore
60RO,h0013,0.12294589826251506,scr1997,avaConv,onshore
60RO,h0014,0.1683565715819814,scr1997,avaConv,onshore
60RO,h0015,0.2179298753705987,scr1997,avaConv,onshore
60RO,h0016,0.21762921708297134,scr1997,avaConv,onshore
60RO,h0017,0.21977752822079544,scr1997,avaConv,onshore
60RO,h0018,0.21488016188050563,scr1997,avaConv,onshore
60RO,h0019,0.14994317992209918,scr1997,avaConv,onshore
60RO,h0020,0.09017689643493598,scr1997,avaConv,onshore
60RO,h0021,0.04081020441104875,scr1997,avaConv,onshore
60RO,h0022,0.07033725940629076,scr1997,avaConv,onshore
60RO,h0023,0.10458059563772841,scr1997,avaConv,onshore
60RO,h0024,0.1388838534216813,scr1997,avaConv,onshore
60RO,h0025,0.15573604554029347,scr1997,avaConv,onshore
60RO,h0026,0.1615000380109717,scr1997,avaConv,onshore
60RO,h0027,0.16156443328726547,scr1997,avaConv,onshore
60RO,h0028,0.16195833658708358,scr1997,avaConv,onshore
60RO,h0029,0.16390098623985877,scr1997,avaConv,onshore
60RO,h0030,0.16462341983028872,scr1997,avaConv,onshore
60RO,h0031,0.12273644080294564,scr1997,avaConv,onshore
60RO,h0032,0.07863771296931509,scr1997,avaConv,onshore
60RO,h0033,0.029401074375759492,scr1997,avaConv,onshore
60RO,h0034,0.02740508978357112,scr1997,avaConv,onshore
60RO,h0035,0.024787573554281912,scr1997,avaConv,onshore
60RO,h0036,0.020996300658482212,scr1997,avaConv,onshore
60RO,h0037,0.06491398534499991,scr1997,avaConv,onshore
60RO,h0038,0.11530932983127318,scr1997,avaConv,onshore
60RO,h0039,0.17636421490463203,scr1997,avaConv,onshore
60RO,h0040,0.21600781948373465,scr1997,avaConv,onshore
60RO,h0041,0.27110861190009333,scr1997,avaConv,onshore
60RO,h0042,0.33545177242510027,scr1997,avaConv,onshore
60RO,h0043,0.3233775250216624,scr1997,avaConv,onshore
60RO,h0044,0.2925210421429427,scr1997,avaConv,onshore
60RO,h0045,0.24717207109727224,scr1997,avaConv,onshore
60RO,h0046,0.2610869773950698,scr1997,avaConv,onshore
60RO,h0047,0.28259415739679455,scr1997,avaConv,onshore
60RO,h0048,0.3091653277094378,scr1997,avaConv,onshore
61RO,h0001,0.059203580227674774,scr1997,avaConv,onshore
61RO,h0002,0.05329951197330617,scr1997,avaConv,onshore
61RO,h0003,0.05329030127269348,scr1997,avaConv,onshore
61RO,h0004,0.05022288828143,scr1997,avaConv,onshore
61RO,h0005,0.04866710097857801,scr1997,avaConv,onshore
61RO,h0006,0.0437441196480152,scr1997,avaConv,onshore
61RO,h0007,0.08921841726294473,scr1997,avaConv,onshore
61RO,h0008,0.140260516069356,scr1997,avaConv,onshore
61RO,h0009,0.19178150384885434,scr1997,avaConv,onshore
61RO,h0010,0.18855290131191194,scr1997,avaConv,onshore
61RO,h0011,0.16772551966888705,scr1997,avaConv,onshore
61RO,h0012,0.1459550901453502,scr1997,avaConv,onshore
61RO,h0013,0.10714141440436659,scr1997,avaConv,onshore
61RO,h0014,0.08303140809155965,scr1997,avaConv,onshore
61RO,h0015,0.06109725720007202,scr1997,avaConv,onshore
61RO,h0016,0.07188679301309989,scr1997,avaConv,onshore
61RO,h0017,0.08970469352790404,scr1997,avaConv,onshore
61RO,h0018,0.10707111669710265,scr1997,avaConv,onshore
61RO,h0019,0.1019019409482298,scr1997,avaConv,onshore
61RO,h0020,0.09844267417831987,scr1997,avaConv,onshore
61RO,h0021,0.10119649832138965,scr1997,avaConv,onshore
61RO,h0022,0.12508450394314347,scr1997,avaConv,onshore
61RO,h0023,0.15873775548409547,scr1997,avaConv,onshore
61RO,h0024,0.19826354908048094,scr1997,avaConv,onshore
61RO,h0025,0.19252295150645488,scr1997,avaConv,onshore
61RO,h0026,0.1628112085019812,scr1997,avaConv,onshore
61RO,h0027,0.11115885315463794,scr1997,avaConv,onshore
61RO,h0028,0.09220638820077788,scr1997,avaConv,onshore
61RO,h0029,0.07581158668860406,scr1997,avaConv,onshore
61RO,h0030,0.06488131043226691,scr1997,avaConv,onshore
61RO,h0031,0.15385498800325623,scr1997,avaConv,onshore
61RO,h0032,0.2198174721886102,scr1997,avaConv,onshore
61RO,h0033,0.2544810852299596,scr1997,avaConv,onshore
61RO,h0034,0.17850154007135643,scr1997,avaConv,onshore
61RO,h0035,0.11611726627711694,scr1997,avaConv,onshore
61RO,h0036,0.07591364532356427,scr1997,avaConv,onshore
61RO,h0037,0.07477829016769193,scr1997,avaConv,onshore
61RO,h0038,0.08304895642134345,scr1997,avaConv,onshore
61RO,h0039,0.11678715254421859,scr1997,avaConv,onshore
61RO,h0040,0.14544695395975799,scr1997,avaConv,onshore
61RO,h0041,0.1846805947752588,scr1997,avaConv,onshore
61RO,h0042,0.21640363162246276,scr1997,avaConv,onshore
61RO,h0043,0.26863898841695427,scr1997,avaConv,onshore
61RO,h0044,0.3183913769540054,scr1997,avaConv,onshore
61RO,h0045,0.3676811323182656,scr1997,avaConv,onshore
61RO,h0046,0.3850331698466903,scr1997,avaConv,onshore
61RO,h0047,0.40868010783076403,scr1997,avaConv,onshore
61RO,h0048,0.429702723894958,scr1997,avaConv,onshore
65RS,h0001,0.0076134502824645005,scr1997,avaConv,onshore
65RS,h0002,0.016221620024830886,scr1997,avaConv,onshore
65RS,h0003,0.026106396191408674,scr1997,avaConv,onshore
65RS,h0004,0.044942250250876344,scr1997,avaConv,onshore
65RS,h0005,0.07414546753025977,scr1997,avaConv,onshore
65RS,h0006,0.1302258634957428,scr1997,avaConv,onshore
65RS,h0007,0.3889635995944454,scr1997,avaConv,onshore
65RS,h0008,0.6291253543867764,scr1997,avaConv,onshore
65RS,h0009,0.8367915407894122,scr1997,avaConv,onshore
65RS,h0010,0.8512360368747578,scr1997,avaConv,onshore
65RS,h0011,0.8403944052172475,scr1997,avaConv,onshore
65RS,h0012,0.824110240048188,scr1997,avaConv,onshore
65RS,h0013,0.6456036986676877,scr1997,avaConv,onshore
65RS,h0014,0.4715820114008504,scr1997,avaConv,onshore
65RS,h0015,0.2950041565823748,scr1997,avaConv,onshore
65RS,h0016,0.2992873393064263,scr1997,avaConv,onshore
65RS,h0017,0.3168937905256148,scr1997,avaConv,onshore
65RS,h0018,0.32685467295128995,scr1997,avaConv,onshore
65RS,h0019,0.29864308871584094,scr1997,avaConv,onshore
65RS,h0020,0.2661754456570102,scr1997,avaConv,onshore
65RS,h0021,0.24431330634038992,scr1997,avaConv,onshore
65RS,h0022,0.25080182712078153,scr1997,avaConv,onshore
65RS,h0023,0.2625059714784029,scr1997,avaConv,onshore
65RS,h0024,0.26473687777822447,scr1997,avaConv,onshore
65RS,h0025,0.19834244967204848,scr1997,avaConv,onshore
65RS,h0026,0.12402314673391808,scr1997,avaConv,onshore
65RS,h0027,0.05385768690715709,scr1997,avaConv,onshore
65RS,h0028,0.06186038037425561,scr1997,avaConv,onshore
65RS,h0029,0.07404095259157643,scr1997,avaConv,onshore
65RS,h0030,0.08426808091310613,scr1997,avaConv,onshore
65RS,h0031,0.06496737811079743,scr1997,avaConv,onshore
65RS,h0032,0.03766782009353575,scr1997,avaConv,onshore
65RS,h0033,0.0053233833244588314,scr1997,avaConv,onshore
65RS,h0034,0.002280665086517728,scr1997,avaConv,onshore
65RS,h0035,0.0009332999228009113,scr1997,avaConv,onshore
65RS,h0036,0.0007668484525740688,scr1997,avaConv,onshore
65RS,h0037,0.02422165951742697,scr1997,avaConv,onshore
65RS,h0038,0.04347432336040873,scr1997,avaConv,onshore
65RS,h0039,0.06720266521556797,scr1997,avaConv,onshore
65RS,h0040,0.07136826368209073,scr1997,avaConv,onshore
65RS,h0041,0.07384458187860464,scr1997,avaConv,onshore
65RS,h0042,0.069223751256926,scr1997,avaConv,onshore
65RS,h0043,0.053215098366169146,scr1997,avaConv,onshore
65RS,h0044,0.03913751767095391,scr1997,avaConv,onshore
65RS,h0045,0.023592959357861903,scr1997,avaConv,onshore
65RS,h0046,0.01917136485733397,scr1997,avaConv,onshore
65RS,h0047,0.018020694117923286,scr1997,avaConv,onshore
65RS,h0048,0.02063195190181405,scr1997,avaConv,onshore
86SE,h0001,0.8364590399562011,scr1997,avaConv,onshore
86SE,h0002,0.8427135158037411,scr1997,avaConv,onshore
86SE,h0003,0.8516057594726146,scr1997,avaConv,onshore
86SE,h0004,0.8671699777516924,scr1997,avaConv,onshore
86SE,h0005,0.8800438877202847,scr1997,avaConv,onshore
86SE,h0006,0.888332308644726,scr1997,avaConv,onshore
86SE,h0007,0.625250697385673,scr1997,avaConv,onshore
86SE,h0008,0.3622865329100152,scr1997,avaConv,onshore
86SE,h0009,0.10550654476048425,scr1997,avaConv,onshore
86SE,h0010,0.09466150243557846,scr1997,avaConv,onshore
86SE,h0011,0.09442687671110374,scr1997,avaConv,onshore
86SE,h0012,0.09548343993182237,scr1997,avaConv,onshore
86SE,h0013,0.08815948617617292,scr1997,avaConv,onshore
86SE,h0014,0.07195603093075094,scr1997,avaConv,onshore
86SE,h0015,0.058815068022868185,scr1997,avaConv,onshore
86SE,h0016,0.05426106796976553,scr1997,avaConv,onshore
86SE,h0017,0.05532456387911232,scr1997,avaConv,onshore
86SE,h0018,0.05662661713624219,scr1997,avaConv,onshore
86SE,h0019,0.2690470084677395,scr1997,avaConv,onshore
86SE,h0020,0.49532438316808647,scr1997,avaConv,onshore
86SE,h0021,0.7298885203343437,scr1997,avaConv,onshore
86SE,h0022,0.7279697267266104,scr1997,avaConv,onshore
86SE,h0023,0.7295198412541505,scr1997,avaConv,onshore
86SE,h0024,0.7316523956446758,scr1997,avaConv,onshore
86SE,h0025,0.5661267093822212,scr1997,avaConv,onshore
86SE,h0026,0.43397286945645375,scr1997,avaConv,onshore
86SE,h0027,0.3345514689425576,scr1997,avaConv,onshore
86SE,h0028,0.42460641923279746,scr1997,avaConv,onshore
86SE,h0029,0.5321241994169554,scr1997,avaConv,onshore
86SE,h0030,0.6666897271207732,scr1997,avaConv,onshore
86SE,h0031,0.521257510513417,scr1997,avaConv,onshore
86SE,h0032,0.333180834274564,scr1997,avaConv,onshore
86SE,h0033,0.1092687785449685,scr1997,avaConv,onshore
86SE,h0034,0.12203453340704268,scr1997,avaConv,onshore
86SE,h0035,0.12694086944792693,scr1997,avaConv,onshore
86SE,h0036,0.13409849431780124,scr1997,avaConv,onshore
86SE,h0037,0.34673880027919673,scr1997,avaConv,onshore
86SE,h0038,0.5843479259932156,scr1997,avaConv,onshore
86SE,h0039,0.8266006379646874,scr1997,avaConv,onshore
86SE,h0040,0.8497787597295393,scr1997,avaConv,onshore
86SE,h0041,0.8712614315343699,scr1997,avaConv,onshore
86SE,h0042,0.8898149701530872,scr1997,avaConv,onshore
86SE,h0043,0.8541071995511145,scr1997,avaConv,onshore
86SE,h0044,0.8202587360139164,scr1997,avaConv,onshore
86SE,h0045,0.7858487414221744,scr1997,avaConv,onshore
86SE,h0046,0.7835868684347416,scr1997,avaConv,onshore
86SE,h0047,0.7593936580965069,scr1997,avaConv,onshore
86SE,h0048,0.7227115209426643,scr1997,avaConv,onshore
87SE,h0001,0.7648883129706014,scr1997,avaConv,onshore
87SE,h0002,0.7578728287298948,scr1997,avaConv,onshore
87SE,h0003,0.7596048809119098,scr1997,avaConv,onshore
87SE,h0004,0.7637634331111177,scr1997,avaConv,onshore
87SE,h0005,0.7711336409165831,scr1997,avaConv,onshore
87SE,h0006,0.7773451515804525,scr1997,avaConv,onshore
87SE,h0007,0.7326129413269244,scr1997,avaConv,onshore
87SE,h0008,0.6970415824640076,scr1997,avaConv,onshore
87SE,h0009,0.6585957152981815,scr1997,avaConv,onshore
87SE,h0010,0.6675743600990286,scr1997,avaConv,onshore
87SE,h0011,0.6779167584179964,scr1997,avaConv,onshore
87SE,h0012,0.6795413606266307,scr1997,avaConv,onshore
87SE,h0013,0.5489881912532955,scr1997,avaConv,onshore
87SE,h0014,0.3961207585427634,scr1997,avaConv,onshore
87SE,h0015,0.24371931901843238,scr1997,avaConv,onshore
87SE,h0016,0.2152066149731403,scr1997,avaConv,onshore
87SE,h0017,0.19788644288266602,scr1997,avaConv,onshore
87SE,h0018,0.19140075304763826,scr1997,avaConv,onshore
87SE,h0019,0.2190074448853616,scr1997,avaConv,onshore
87SE,h0020,0.2486346846108549,scr1997,avaConv,onshore
87SE,h0021,0.2741978442920401,scr1997,avaConv,onshore
87SE,h0022,0.27160151353735296,scr1997,avaConv,onshore
87SE,h0023,0.2860746142830236,scr1997,avaConv,onshore
87SE,h0024,0.30166535470225553,scr1997,avaConv,onshore
87SE,h0025,0.4361250606427387,scr1997,avaConv,onshore
87SE,h0026,0.5877134867601049,scr1997,avaConv,onshore
87SE,h0027,0.7616518561268794,scr1997,avaConv,onshore
87SE,h0028,0.8279101962306517,scr1997,avaConv,onshore
87SE,h0029,0.8727966726952128,scr1997,avaConv,onshore
87SE,h0030,0.9016504103708972,scr1997,avaConv,onshore
87SE,h0031,0.6967839136228448,scr1997,avaConv,onshore
87SE,h0032,0.4852940606879306,scr1997,avaConv,onshore
87SE,h0033,0.2748407360274593,scr1997,avaConv,onshore
87SE,h0034,0.26590399129119285,scr1997,avaConv,onshore
87SE,h0035,0.2288718664338164,scr1997,avaConv,onshore
87SE,h0036,0.1884995157037605,scr1997,avaConv,onshore
87SE,h0037,0.26204555974671523,scr1997,avaConv,onshore
87SE,h0038,0.3908010721916921,scr1997,avaConv,onshore
87SE,h0039,0.55555732036073,scr1997,avaConv,onshore
87SE,h0040,0.6327321952454634,scr1997,avaConv,onshore
87SE,h0041,0.7074804353611084,scr1997,avaConv,onshore
87SE,h0042,0.7668511993984775,scr1997,avaConv,onshore
87SE,h0043,0.8375980323307197,scr1997,avaConv,onshore
87SE,h0044,0.8883779557010903,scr1997,avaConv,onshore
87SE,h0045,0.9225424846847231,scr1997,avaConv,onshore
87SE,h0046,0.9141964002684136,scr1997,avaConv,onshore
87SE,h0047,0.8961985463257448,scr1997,avaConv,onshore
87SE,h0048,0.8703265158616482,scr1997,avaConv,onshore
88SE,h0001,0.3724877875230184,scr1997,avaConv,onshore
88SE,h0002,0.38076412394747844,scr1997,avaConv,onshore
88SE,h0003,0.3933044244503799,scr1997,avaConv,onshore
88SE,h0004,0.41512871192948064,scr1997,avaConv,onshore
88SE,h0005,0.42994816646242406,scr1997,avaConv,onshore
88SE,h0006,0.43707331226349333,scr1997,avaConv,onshore
88SE,h0007,0.36537745425899526,scr1997,avaConv,onshore
88SE,h0008,0.3020422032422601,scr1997,avaConv,onshore
88SE,h0009,0.24416888564926595,scr1997,avaConv,onshore
88SE,h0010,0.26152907358815963,scr1997,avaConv,onshore
88SE,h0011,0.2913019261140146,scr1997,avaConv,onshore
88SE,h0012,0.3118054677085582,scr1997,avaConv,onshore
88SE,h0013,0.2595779348330733,scr1997,avaConv,onshore
88SE,h0014,0.18586676569446903,scr1997,avaConv,onshore
88SE,h0015,0.11762209709297575,scr1997,avaConv,onshore
88SE,h0016,0.12075302071787791,scr1997,avaConv,onshore
88SE,h0017,0.12726993233682649,scr1997,avaConv,onshore
88SE,h0018,0.13083550769106053,scr1997,avaConv,onshore
88SE,h0019,0.09554909120717389,scr1997,avaConv,onshore
88SE,h0020,0.06171446032652249,scr1997,avaConv,onshore
88SE,h0021,0.03138046700065806,scr1997,avaConv,onshore
88SE,h0022,0.03510032627155522,scr1997,avaConv,onshore
88SE,h0023,0.0359098543729657,scr1997,avaConv,onshore
88SE,h0024,0.03728292493738324,scr1997,avaConv,onshore
88SE,h0025,0.33362796597110994,scr1997,avaConv,onshore
88SE,h0026,0.6471008198038313,scr1997,avaConv,onshore
88SE,h0027,0.9580547884326718,scr1997,avaConv,onshore
88SE,h0028,0.9395235226198616,scr1997,avaConv,onshore
88SE,h0029,0.9071071759185197,scr1997,avaConv,onshore
88SE,h0030,0.8531783945106879,scr1997,avaConv,onshore
88SE,h0031,0.6111710835393847,scr1997,avaConv,onshore
88SE,h0032,0.39044139909606884,scr1997,avaConv,onshore
88SE,h0033,0.20763331096177096,scr1997,avaConv,onshore
88SE,h0034,0.2174649941627356,scr1997,avaConv,onshore
88SE,h0035,0.2169857747913905,scr1997,avaConv,onshore
88SE,h0036,0.21500773944094106,scr1997,avaConv,onshore
88SE,h0037,0.14738051525662754,scr1997,avaConv,onshore
88SE,h0038,0.09246418570041705,scr1997,avaConv,onshore
88SE,h0039,0.04238555949154767,scr1997,avaConv,onshore
88SE,h0040,0.057853824801670825,scr1997,avaConv,onshore
88SE,h0041,0.07954553099219401,scr1997,avaConv,onshore
88SE,h0042,0.1034286477633885,scr1997,avaConv,onshore
88SE,h0043,0.23234537822930942,scr1997,avaConv,onshore
88SE,h0044,0.36123045526473996,scr1997,avaConv,onshore
88SE,h0045,0.49360893925925114,scr1997,avaConv,onshore
88SE,h0046,0.5243985876850095,scr1997,avaConv,onshore
88SE,h0047,0.5723155269316291,scr1997,avaConv,onshore
88SE,h0048,0.6077583026978565,scr1997,avaConv,onshore
89SE,h0001,0.0514449932415767,scr1997,avaConv,onshore
89SE,h0002,0.05152234485288231,scr1997,avaConv,onshore
89SE,h0003,0.0554499467756278,scr1997,avaConv,onshore
89SE,h0004,0.06253740876397694,scr1997,avaConv,onshore
89SE,h0005,0.07303932998387971,scr1997,avaConv,onshore
89SE,h0006,0.08442512764350513,scr1997,avaConv,onshore
89SE,h0007,0.10965224926795826,scr1997,avaConv,onshore
89SE,h0008,0.12668725861029112,scr1997,avaConv,onshore
89SE,h0009,0.12719561963625087,scr1997,avaConv,onshore
89SE,h0010,0.10147178676834562,scr1997,avaConv,onshore
89SE,h0011,0.0821411040719013,scr1997,avaConv,onshore
89SE,h0012,0.07452724310147485,scr1997,avaConv,onshore
89SE,h0013,0.1124817266382,scr1997,avaConv,onshore
89SE,h0014,0.1467495563543687,scr1997,avaConv,onshore
89SE,h0015,0.17999055062418423,scr1997,avaConv,onshore
89SE,h0016,0.18222840315037947,scr1997,avaConv,onshore
89SE,h0017,0.1924308489035046,scr1997,avaConv,onshore
89SE,h0018,0.21333095266914603,scr1997,avaConv,onshore
89SE,h0019,0.15368655244484666,scr1997,avaConv,onshore
89SE,h0020,0.08782785986532819,scr1997,avaConv,onshore
89SE,h0021,0.011948967991119084,scr1997,avaConv,onshore
89SE,h0022,0.011512499208137902,scr1997,avaConv,onshore
89SE,h0023,0.012362806170648251,scr1997,avaConv,onshore
89SE,h0024,0.015007011645017868,scr1997,avaConv,onshore
89SE,h0025,0.304174587010077,scr1997,avaConv,onshore
89SE,h0026,0.5900748467199511,scr1997,avaConv,onshore
89SE,h0027,0.8660797835543238,scr1997,avaConv,onshore
89SE,h0028,0.8478072785106329,scr1997,avaConv,onshore
89SE,h0029,0.8153451422575952,scr1997,avaConv,onshore
89SE,h0030,0.7690515795431203,scr1997,avaConv,onshore
89SE,h0031,0.5155791919159918,scr1997,avaConv,onshore
89SE,h0032,0.2790936824046244,scr1997,avaConv,onshore
89SE,h0033,0.06467249063537141,scr1997,avaConv,onshore
89SE,h0034,0.061858016633368366,scr1997,avaConv,onshore
89SE,h0035,0.053583814495870526,scr1997,avaConv,onshore
89SE,h0036,0.04207868794876842,scr1997,avaConv,onshore
89SE,h0037,0.024812642662256645,scr1997,avaConv,onshore
89SE,h0038,0.012434307501668882,scr1997,avaConv,onshore
89SE,h0039,0.003569580758140296,scr1997,avaConv,onshore
89SE,h0040,0.003229380366559478,scr1997,avaConv,onshore
89SE,h0041,0.0025189921465777728,scr1997,avaConv,onshore
89SE,h0042,0.0017556616052460793,scr1997,avaConv,onshore
89SE,h0043,0.12729766507129733,scr1997,avaConv,onshore
89SE,h0044,0.23432775872861142,scr1997,avaConv,onshore
89SE,h0045,0.32135559852548695,scr1997,avaConv,onshore
89SE,h0046,0.2698404803596283,scr1997,avaConv,onshore
89SE,h0047,0.23514305208885347,scr1997,avaConv,onshore
89SE,h0048,0.23484892539411048,scr1997,avaConv,onshore
57SI,h0001,0.08602858763200945,scr1997,avaConv,onshore
57SI,h0002,0.10399546925103383,scr1997,avaConv,onshore
57SI,h0003,0.11786070104187647,scr1997,avaConv,onshore
57SI,h0004,0.14752038033868214,scr1997,avaConv,onshore
57SI,h0005,0.1709487932386558,scr1997,avaConv,onshore
57SI,h0006,0.19286939039077436,scr1997,avaConv,onshore
57SI,h0007,0.17604640510971886,scr1997,avaConv,onshore
57SI,h0008,0.1451520519469965,scr1997,avaConv,onshore
57SI,h0009,0.09602286438921573,scr1997,avaConv,onshore
57SI,h0010,0.07039941192125701,scr1997,avaConv,onshore
57SI,h0011,0.04490227509669919,scr1997,avaConv,onshore
57SI,h0012,0.03187109327772592,scr1997,avaConv,onshore
57SI,h0013,0.049532288736208456,scr1997,avaConv,onshore
57SI,h0014,0.0777854721114383,scr1997,avaConv,onshore
57SI,h0015,0.10814346848150347,scr1997,avaConv,onshore
57SI,h0016,0.11989832202966226,scr1997,avaConv,onshore
57SI,h0017,0.13507260482169128,scr1997,avaConv,onshore
57SI,h0018,0.15547270132791405,scr1997,avaConv,onshore
57SI,h0019,0.22183113613480923,scr1997,avaConv,onshore
57SI,h0020,0.2863305377513004,scr1997,avaConv,onshore
57SI,h0021,0.34526491425857586,scr1997,avaConv,onshore
57SI,h0022,0.35313608082971265,scr1997,avaConv,onshore
57SI,h0023,0.35422226987159694,scr1997,avaConv,onshore
57SI,h0024,0.34754066503962644,scr1997,avaConv,onshore
57SI,h0025,0.28677020569621053,scr1997,avaConv,onshore
57SI,h0026,0.2201332015245864,scr1997,avaConv,onshore
57SI,h0027,0.14949740233128994,scr1997,avaConv,onshore
57SI,h0028,0.1294948115987498,scr1997,avaConv,onshore
57SI,h0029,0.11915681678803502,scr1997,avaConv,onshore
57SI,h0030,0.12183978008931992,scr1997,avaConv,onshore
57SI,h0031,0.08548733187556977,scr1997,avaConv,onshore
57SI,h0032,0.04692555768176071,scr1997,avaConv,onshore
57SI,h0033,0.0023377633946330386,scr1997,avaConv,onshore
57SI,h0034,0.0015701717423257826,scr1997,avaConv,onshore
57SI,h0035,0.0011225686342856305,scr1997,avaConv,onshore
57SI,h0036,0.0008258596323262222,scr1997,avaConv,onshore
57SI,h0037,0.007945093987363488,scr1997,avaConv,onshore
57SI,h0038,0.014428855598130294,scr1997,avaConv,onshore
57SI,h0039,0.022481536597076187,scr1997,avaConv,onshore
57SI,h0040,0.026144528812191637,scr1997,avaConv,onshore
57SI,h0041,0.028660245808699525,scr1997,avaConv,onshore
57SI,h0042,0.02833213450647312,scr1997,avaConv,onshore
57SI,h0043,0.051288025284309924,scr1997,avaConv,onshore
57SI,h0044,0.07075748222328755,scr1997,avaConv,onshore
57SI,h0045,0.09021304117782697,scr1997,avaConv,onshore
57SI,h0046,0.08407371851406252,scr1997,avaConv,onshore
57SI,h0047,0.08244516853097632,scr1997,avaConv,onshore
57SI,h0048,0.08389082754116116,scr1997,avaConv,onshore
46SK,h0001,0.009480286223654929,scr1997,avaConv,onshore
46SK,h0002,0.008280828673200364,scr1997,avaConv,onshore
46SK,h0003,0.007924192141833996,scr1997,avaConv,onshore
46SK,h0004,0.006788079131733433,scr1997,avaConv,onshore
46SK,h0005,0.007010306094698414,scr1997,avaConv,onshore
46SK,h0006,0.012458098838060948,scr1997,avaConv,onshore
46SK,h0007,0.1111945223875554,scr1997,avaConv,onshore
46SK,h0008,0.2024124172509148,scr1997,avaConv,onshore
46SK,h0009,0.2952896570115388,scr1997,avaConv,onshore
46SK,h0010,0.32085882449841746,scr1997,avaConv,onshore
46SK,h0011,0.3292846241305363,scr1997,avaConv,onshore
46SK,h0012,0.3288894581232511,scr1997,avaConv,onshore
46SK,h0013,0.2245373887885327,scr1997,avaConv,onshore
46SK,h0014,0.12727223070785681,scr1997,avaConv,onshore
46SK,h0015,0.017430161359842933,scr1997,avaConv,onshore
46SK,h0016,0.021151830871519214,scr1997,avaConv,onshore
46SK,h0017,0.028746831133813183,scr1997,avaConv,onshore
46SK,h0018,0.03365498744799273,scr1997,avaConv,onshore
46SK,h0019,0.04110373103721475,scr1997,avaConv,onshore
46SK,h0020,0.045755089555238715,scr1997,avaConv,onshore
46SK,h0021,0.0530155107230622,scr1997,avaConv,onshore
46SK,h0022,0.05608404028876394,scr1997,avaConv,onshore
46SK,h0023,0.055574936702803515,scr1997,avaConv,onshore
46SK,h0024,0.052139672621904096,scr1997,avaConv,onshore
46SK,h0025,0.0467591084924942,scr1997,avaConv,onshore
46SK,h0026,0.04591005112343096,scr1997,avaConv,onshore
46SK,h0027,0.04723867736565081,scr1997,avaConv,onshore
46SK,h0028,0.0521390850640843,scr1997,avaConv,onshore
46SK,h0029,0.057478149947594696,scr1997,avaConv,onshore
46SK,h0030,0.06309560968947439,scr1997,avaConv,onshore
46SK,h0031,0.05450907157634538,scr1997,avaConv,onshore
46SK,h0032,0.04722200488614856,scr1997,avaConv,onshore
46SK,h0033,0.04119117390324434,scr1997,avaConv,onshore
46SK,h0034,0.04766296787839603,scr1997,avaConv,onshore
46SK,h0035,0.04939191659775665,scr1997,avaConv,onshore
46SK,h0036,0.050799141694200654,scr1997,avaConv,onshore
46SK,h0037,0.03924987006655484,scr1997,avaConv,onshore
46SK,h0038,0.02806275569681071,scr1997,avaConv,onshore
46SK,h0039,0.013279184114666531,scr1997,avaConv,onshore
46SK,h0040,0.014054657121855909,scr1997,avaConv,onshore
46SK,h0041,0.016078005909935016,scr1997,avaConv,onshore
46SK,h0042,0.017524569933156375,scr1997,avaConv,onshore
46SK,h0043,0.02725479778030644,scr1997,avaConv,onshore
46SK,h0044,0.03213807018364796,scr1997,avaConv,onshore
46SK,h0045,0.03477879185744672,scr1997,avaConv,onshore
46SK,h0046,0.026765397127864497,scr1997,avaConv,onshore
46SK,h0047,0.022135159708293814,scr1997,avaConv,onshore
46SK,h0048,0.021004790050263296,scr1997,avaConv,onshore
90UK,h0001,0.7420800694483973,scr1997,avaConv,onshore
90UK,h0002,0.7339288560787702,scr1997,avaConv,onshore
90UK,h0003,0.7251816616945327,scr1997,avaConv,onshore
90UK,h0004,0.7082689882386286,scr1997,avaConv,onshore
90UK,h0005,0.6915208788132545,scr1997,avaConv,onshore
90UK,h0006,0.6783977446056144,scr1997,avaConv,onshore
90UK,h0007,0.6484992618713434,scr1997,avaConv,onshore
90UK,h0008,0.6227530595185949,scr1997,avaConv,onshore
90UK,h0009,0.5933325188616041,scr1997,avaConv,onshore
90UK,h0010,0.584228540686527,scr1997,avaConv,onshore
90UK,h0011,0.6016575080637999,scr1997,avaConv,onshore
90UK,h0012,0.6371837062567941,scr1997,avaConv,onshore
90UK,h0013,0.5134480810598635,scr1997,avaConv,onshore
90UK,h0014,0.3673342592843425,scr1997,avaConv,onshore
90UK,h0015,0.20733770088133494,scr1997,avaConv,onshore
90UK,h0016,0.1956611688545513,scr1997,avaConv,onshore
90UK,h0017,0.17321173493278344,scr1997,avaConv,onshore
90UK,h0018,0.15550126987895665,scr1997,avaConv,onshore
90UK,h0019,0.10427238947085966,scr1997,avaConv,onshore
90UK,h0020,0.06431617012205278,scr1997,avaConv,onshore
90UK,h0021,0.03005526135989731,scr1997,avaConv,onshore
90UK,h0022,0.042418609980685744,scr1997,avaConv,onshore
90UK,h0023,0.046744020171646604,scr1997,avaConv,onshore
90UK,h0024,0.05167341137559777,scr1997,avaConv,onshore
90UK,h0025,0.1003242795352865,scr1997,avaConv,onshore
90UK,h0026,0.15478436067759066,scr1997,avaConv,onshore
90UK,h0027,0.2046383493481787,scr1997,avaConv,onshore
90UK,h0028,0.20836564560302387,scr1997,avaConv,onshore
90UK,h0029,0.21302081156978891,scr1997,avaConv,onshore
90UK,h0030,0.21711946193153644,scr1997,avaConv,onshore
90UK,h0031,0.3100932326073733,scr1997,avaConv,onshore
90UK,h0032,0.4119512215212304,scr1997,avaConv,onshore
90UK,h0033,0.5132283246147966,scr1997,avaConv,onshore
90UK,h0034,0.521512236041201,scr1997,avaConv,onshore
90UK,h0035,0.5287803093974593,scr1997,avaConv,onshore
90UK,h0036,0.5379249730047241,scr1997,avaConv,onshore
90UK,h0037,0.40965317242915195,scr1997,avaConv,onshore
90UK,h0038,0.26997369025060436,scr1997,avaConv,onshore
90UK,h0039,0.137204961436809,scr1997,avaConv,onshore
90UK,h0040,0.13062966897398984,scr1997,avaConv,onshore
90UK,h0041,0.1275784347298097,scr1997,avaConv,onshore
90UK,h0042,0.1302646570162837,scr1997,avaConv,onshore
90UK,h0043,0.10460232158891872,scr1997,avaConv,onshore
90UK,h0044,0.0826126123174632,scr1997,avaConv,onshore
90UK,h0045,0.052572743179273754,scr1997,avaConv,onshore
90UK,h0046,0.05787049380962353,scr1997,avaConv,onshore
90UK,h0047,0.06124726116600891,scr1997,avaConv,onshore
90UK,h0048,0.06531701457423761,scr1997,avaConv,onshore
91UK,h0001,0.8144488259710342,scr1997,avaConv,onshore
91UK,h0002,0.8108364049487876,scr1997,avaConv,onshore
91UK,h0003,0.8104570514290769,scr1997,avaConv,onshore
91UK,h0004,0.8120467241601617,scr1997,avaConv,onshore
91UK,h0005,0.8157212861879944,scr1997,avaConv,onshore
91UK,h0006,0.8229186247456637,scr1997,avaConv,onshore
91UK,h0007,0.6691159385474227,scr1997,avaConv,onshore
91UK,h0008,0.5165607529747306,scr1997,avaConv,onshore
91UK,h0009,0.36663631748828635,scr1997,avaConv,onshore
91UK,h0010,0.3737663265350201,scr1997,avaConv,onshore
91UK,h0011,0.3753831288699004,scr1997,avaConv,onshore
91UK,h0012,0.3771203526022662,scr1997,avaConv,onshore
91UK,h0013,0.3626128847292978,scr1997,avaConv,onshore
91UK,h0014,0.36153176712130525,scr1997,avaConv,onshore
91UK,h0015,0.3619778260609727,scr1997,avaConv,onshore
91UK,h0016,0.39111749580706623,scr1997,avaConv,onshore
91UK,h0017,0.4073155927659196,scr1997,avaConv,onshore
91UK,h0018,0.4114597064105495,scr1997,avaConv,onshore
91UK,h0019,0.43225689390917343,scr1997,avaConv,onshore
91UK,h0020,0.4696206228376335,scr1997,avaConv,onshore
91UK,h0021,0.503748541189383,scr1997,avaConv,onshore
91UK,h0022,0.5017841638061296,scr1997,avaConv,onshore
91UK,h0023,0.472704464956797,scr1997,avaConv,onshore
91UK,h0024,0.46510312710703566,scr1997,avaConv,onshore
91UK,h0025,0.3492967332031086,scr1997,avaConv,onshore
91UK,h0026,0.2468372938494945,scr1997,avaConv,onshore
91UK,h0027,0.13352487173040778,scr1997,avaConv,onshore
91UK,h0028,0.14197677401287076,scr1997,avaConv,onshore
91UK,h0029,0.15408153912776662,scr1997,avaConv,onshore
91UK,h0030,0.16590513953588304,scr1997,avaConv,onshore
91UK,h0031,0.3138580216878885,scr1997,avaConv,onshore
91UK,h0032,0.4440655651349664,scr1997,avaConv,onshore
91UK,h0033,0.5511071202096202,scr1997,avaConv,onshore
91UK,h0034,0.5051210292424553,scr1997,avaConv,onshore
91UK,h0035,0.46444077634080894,scr1997,avaConv,onshore
91UK,h0036,0.4202365369726073,scr1997,avaConv,onshore
91UK,h0037,0.3738972128734076,scr1997,avaConv,onshore
91UK,h0038,0.30761371036387924,scr1997,avaConv,onshore
91UK,h0039,0.256869807494651,scr1997,avaConv,onshore
91UK,h0040,0.21065192486284198,scr1997,avaConv,onshore
91UK,h0041,0.18493308647459697,scr1997,avaConv,onshore
91UK,h0042,0.17633295163536125,scr1997,avaConv,onshore
91UK,h0043,0.19467691308474389,scr1997,avaConv,onshore
91UK,h0044,0.22496973074312993,scr1997,avaConv,onshore
91UK,h0045,0.2684258108444894,scr1997,avaConv,onshore
91UK,h0046,0.3121763334914914,scr1997,avaConv,onshore
91UK,h0047,0.3513218606747923,scr1997,avaConv,onshore
91UK,h0048,0.3786561974707271,scr1997,avaConv,onshore
92UK,h0001,0.5702910151727318,scr1997,avaConv,onshore
92UK,h0002,0.5649235968768553,scr1997,avaConv,onshore
92UK,h0003,0.5590549567910542,scr1997,avaConv,onshore
92UK,h0004,0.5548374429879448,scr1997,avaConv,onshore
92UK,h0005,0.5503309638275412,scr1997,avaConv,onshore
92UK,h0006,0.5466365546781577,scr1997,avaConv,onshore
92UK,h0007,0.5520340650191742,scr1997,avaConv,onshore
92UK,h0008,0.5646326759800928,scr1997,avaConv,onshore
92UK,h0009,0.5857184118189647,scr1997,avaConv,onshore
92UK,h0010,0.5955071164956806,scr1997,avaConv,onshore
92UK,h0011,0.6094915760331835,scr1997,avaConv,onshore
92UK,h0012,0.6157087893630255,scr1997,avaConv,onshore
92UK,h0013,0.45435785545567997,scr1997,avaConv,onshore
92UK,h0014,0.28828719930768937,scr1997,avaConv,onshore
92UK,h0015,0.13109795818271158,scr1997,avaConv,onshore
92UK,h0016,0.14221441231011758,scr1997,avaConv,onshore
92UK,h0017,0.15555367555369037,scr1997,avaConv,onshore
92UK,h0018,0.1746873204280324,scr1997,avaConv,onshore
92UK,h0019,0.19153462558736264,scr1997,avaConv,onshore
92UK,h0020,0.21281333921221812,scr1997,avaConv,onshore
92UK,h0021,0.23135501805036732,scr1997,avaConv,onshore
92UK,h0022,0.2550288226493371,scr1997,avaConv,onshore
92UK,h0023,0.2578328015952327,scr1997,avaConv,onshore
92UK,h0024,0.26408291302369524,scr1997,avaConv,onshore
92UK,h0025,0.25522523112761053,scr1997,avaConv,onshore
92UK,h0026,0.26094976922066965,scr1997,avaConv,onshore
92UK,h0027,0.2569492211100167,scr1997,avaConv,onshore
92UK,h0028,0.2572522974265261,scr1997,avaConv,onshore
92UK,h0029,0.25270731730163004,scr1997,avaConv,onshore
92UK,h0030,0.24629373154665904,scr1997,avaConv,onshore
92UK,h0031,0.3410216527677893,scr1997,avaConv,onshore
92UK,h0032,0.44624704651763153,scr1997,avaConv,onshore
92UK,h0033,0.5574719611660787,scr1997,avaConv,onshore
92UK,h0034,0.5579396230042614,scr1997,avaConv,onshore
92UK,h0035,0.5675636031678001,scr1997,avaConv,onshore
92UK,h0036,0.5739217247801207,scr1997,avaConv,onshore
92UK,h0037,0.4210848268601481,scr1997,avaConv,onshore
92UK,h0038,0.24912659182268282,scr1997,avaConv,onshore
92UK,h0039,0.07782394235144208,scr1997,avaConv,onshore
92UK,h0040,0.06601090329292975,scr1997,avaConv,onshore
92UK,h0041,0.061944557597997205,scr1997,avaConv,onshore
92UK,h0042,0.06876765266769001,scr1997,avaConv,onshore
92UK,h0043,0.08161137271551551,scr1997,avaConv,onshore
92UK,h0044,0.0938480818122341,scr1997,avaConv,onshore
92UK,h0045,0.10859355632872145,scr1997,avaConv,onshore
92UK,h0046,0.13119287175924113,scr1997,avaConv,onshore
92UK,h0047,0.17363517138793644,scr1997,avaConv,onshore
92UK,h0048,0.22032211023979367,scr1997,avaConv,onshore
93UK,h0001,0.3135368340040418,scr1997,avaConv,onshore
93UK,h0002,0.30667506417604895,scr1997,avaConv,onshore
93UK,h0003,0.3022188583909849,scr1997,avaConv,onshore
93UK,h0004,0.2990643902207835,scr1997,avaConv,onshore
93UK,h0005,0.29716452639724383,scr1997,avaConv,onshore
93UK,h0006,0.2988565664347032,scr1997,avaConv,onshore
93UK,h0007,0.3114374538966959,scr1997,avaConv,onshore
93UK,h0008,0.33037111781413514,scr1997,avaConv,onshore
93UK,h0009,0.3501853964707934,scr1997,avaConv,onshore
93UK,h0010,0.3565849666392557,scr1997,avaConv,onshore
93UK,h0011,0.35782024440037874,scr1997,avaConv,onshore
93UK,h0012,0.3548839543831044,scr1997,avaConv,onshore
93UK,h0013,0.2330908828394712,scr1997,avaConv,onshore
93UK,h0014,0.11496185423036605,scr1997,avaConv,onshore
93UK,h0015,0.002784796364773786,scr1997,avaConv,onshore
93UK,h0016,0.0022409141972230123,scr1997,avaConv,onshore
93UK,h0017,0.0024565604090904143,scr1997,avaConv,onshore
93UK,h0018,0.0036418998321708623,scr1997,avaConv,onshore
93UK,h0019,0.09018768908429302,scr1997,avaConv,onshore
93UK,h0020,0.18732020791608747,scr1997,avaConv,onshore
93UK,h0021,0.2901506737044698,scr1997,avaConv,onshore
93UK,h0022,0.3054378990719934,scr1997,avaConv,onshore
93UK,h0023,0.29242062032003213,scr1997,avaConv,onshore
93UK,h0024,0.2726251200433176,scr1997,avaConv,onshore
93UK,h0025,0.32148608909382326,scr1997,avaConv,onshore
93UK,h0026,0.40157359379062896,scr1997,avaConv,onshore
93UK,h0027,0.49511798810708324,scr1997,avaConv,onshore
93UK,h0028,0.5287626456324428,scr1997,avaConv,onshore
93UK,h0029,0.5604179740660805,scr1997,avaConv,onshore
93UK,h0030,0.5854468876364263,scr1997,avaConv,onshore
93UK,h0031,0.4758162139881388,scr1997,avaConv,onshore
93UK,h0032,0.3608163828521594,scr1997,avaConv,onshore
93UK,h0033,0.24457262432196594,scr1997,avaConv,onshore
93UK,h0034,0.264558069210254,scr1997,avaConv,onshore
93UK,h0035,0.2951935631776986,scr1997,avaConv,onshore
93UK,h0036,0.3329567839255573,scr1997,avaConv,onshore
93UK,h0037,0.2429507071671011,scr1997,avaConv,onshore
93UK,h0038,0.13884090560062728,scr1997,avaConv,onshore
93UK,h0039,0.0265848191200064,scr1997,avaConv,onshore
93UK,h0040,0.022704355327398288,scr1997,avaConv,onshore
93UK,h0041,0.021467063088904354,scr1997,avaConv,onshore
93UK,h0042,0.021535546443900728,scr1997,avaConv,onshore
93UK,h0043,0.0404431946129226,scr1997,avaConv,onshore
93UK,h0044,0.06941723924456751,scr1997,avaConv,onshore
93UK,h0045,0.10966833846946923,scr1997,avaConv,onshore
93UK,h0046,0.1404265319819175,scr1997,avaConv,onshore
93UK,h0047,0.1748298866703091,scr1997,avaConv,onshore
93UK,h0048,0.21052292365312342,scr1997,avaConv,onshore
94UK,h0001,0.09085736100405847,scr1997,avaConv,onshore
94UK,h0002,0.0906782458677299,scr1997,avaConv,onshore
94UK,h0003,0.09121407195520471,scr1997,avaConv,onshore
94UK,h0004,0.09147914090268659,scr1997,avaConv,onshore
94UK,h0005,0.08923182191052674,scr1997,avaConv,onshore
94UK,h0006,0.08620948173914103,scr1997,avaConv,onshore
94UK,h0007,0.0720156050785502,scr1997,avaConv,onshore
94UK,h0008,0.061716274196933166,scr1997,avaConv,onshore
94UK,h0009,0.053004567560766526,scr1997,avaConv,onshore
94UK,h0010,0.057457596640112574,scr1997,avaConv,onshore
94UK,h0011,0.05914070237151679,scr1997,avaConv,onshore
94UK,h0012,0.06009429202225543,scr1997,avaConv,onshore
94UK,h0013,0.0409449299088851,scr1997,avaConv,onshore
94UK,h0014,0.02233924847351415,scr1997,avaConv,onshore
94UK,h0015,0.0024643725955093097,scr1997,avaConv,onshore
94UK,h0016,0.0013018646159784156,scr1997,avaConv,onshore
94UK,h0017,0.0010136174580275999,scr1997,avaConv,onshore
94UK,h0018,0.0009344509377591063,scr1997,avaConv,onshore
94UK,h0019,0.0976393323484293,scr1997,avaConv,onshore
94UK,h0020,0.2023944016649385,scr1997,avaConv,onshore
94UK,h0021,0.3103503152925568,scr1997,avaConv,onshore
94UK,h0022,0.33358387994968147,scr1997,avaConv,onshore
94UK,h0023,0.33789521236774617,scr1997,avaConv,onshore
94UK,h0024,0.3388415787593187,scr1997,avaConv,onshore
94UK,h0025,0.3637402414798363,scr1997,avaConv,onshore
94UK,h0026,0.41114692667277863,scr1997,avaConv,onshore
94UK,h0027,0.47588891387587096,scr1997,avaConv,onshore
94UK,h0028,0.5251086285483357,scr1997,avaConv,onshore
94UK,h0029,0.5711580566497535,scr1997,avaConv,onshore
94UK,h0030,0.6075635736549528,scr1997,avaConv,onshore
94UK,h0031,0.5080985238601127,scr1997,avaConv,onshore
94UK,h0032,0.39348711965061745,scr1997,avaConv,onshore
94UK,h0033,0.2634354082872641,scr1997,avaConv,onshore
94UK,h0034,0.24896036204731065,scr1997,avaConv,onshore
94UK,h0035,0.2306114613367252,scr1997,avaConv,onshore
94UK,h0036,0.21987003367199195,scr1997,avaConv,onshore
94UK,h0037,0.15985133493421771,scr1997,avaConv,onshore
94UK,h0038,0.10853110615295834,scr1997,avaConv,onshore
94UK,h0039,0.05818782507829477,scr1997,avaConv,onshore
94UK,h0040,0.06020462083219787,scr1997,avaConv,onshore
94UK,h0041,0.061319731217351056,scr1997,avaConv,onshore
94UK,h0042,0.06434965063060703,scr1997,avaConv,onshore
94UK,h0043,0.1248714403784994,scr1997,avaConv,onshore
94UK,h0044,0.19022231721605581,scr1997,avaConv,onshore
94UK,h0045,0.26031022833682455,scr1997,avaConv,onshore
94UK,h0046,0.2879860287875855,scr1997,avaConv,onshore
94UK,h0047,0.3180719509626899,scr1997,avaConv,onshore
94UK,h0048,0.35644494895486717,scr1997,avaConv,onshore
95UK,h0001,0.39698401460580673,scr1997,avaConv,onshore
95UK,h0002,0.38732037858000495,scr1997,avaConv,onshore
95UK,h0003,0.37993085428690904,scr1997,avaConv,onshore
95UK,h0004,0.3690422193351187,scr1997,avaConv,onshore
95UK,h0005,0.3604035483910103,scr1997,avaConv,onshore
95UK,h0006,0.35346680579124096,scr1997,avaConv,onshore
95UK,h0007,0.33853057901048283,scr1997,avaConv,onshore
95UK,h0008,0.327695754196227,scr1997,avaConv,onshore
95UK,h0009,0.3149598921640219,scr1997,avaConv,onshore
95UK,h0010,0.304092933646383,scr1997,avaConv,onshore
95UK,h0011,0.2624897087051143,scr1997,avaConv,onshore
95UK,h0012,0.2243520703589514,scr1997,avaConv,onshore
95UK,h0013,0.15555397323872158,scr1997,avaConv,onshore
95UK,h0014,0.1270255508034289,scr1997,avaConv,onshore
95UK,h0015,0.10267199341125798,scr1997,avaConv,onshore
95UK,h0016,0.11584948192380044,scr1997,avaConv,onshore
95UK,h0017,0.12812774757621012,scr1997,avaConv,onshore
95UK,h0018,0.14684670376459102,scr1997,avaConv,onshore
95UK,h0019,0.35436522268705023,scr1997,avaConv,onshore
95UK,h0020,0.5437701263426602,scr1997,avaConv,onshore
95UK,h0021,0.7131452996238048,scr1997,avaConv,onshore
95UK,h0022,0.6807459106751008,scr1997,avaConv,onshore
95UK,h0023,0.6070707088486567,scr1997,avaConv,onshore
95UK,h0024,0.5287911489110618,scr1997,avaConv,onshore
95UK,h0025,0.5274270921349274,scr1997,avaConv,onshore
95UK,h0026,0.571704939608935,scr1997,avaConv,onshore
95UK,h0027,0.6233438526014662,scr1997,avaConv,onshore
95UK,h0028,0.6088889698368509,scr1997,avaConv,onshore
95UK,h0029,0.5946362192081146,scr1997,avaConv,onshore
95UK,h0030,0.5899267787566644,scr1997,avaConv,onshore
95UK,h0031,0.5338655108600092,scr1997,avaConv,onshore
95UK,h0032,0.4650315948842463,scr1997,avaConv,onshore
95UK,h0033,0.3645776831734757,scr1997,avaConv,onshore
95UK,h0034,0.28923266356635047,scr1997,avaConv,onshore
95UK,h0035,0.20777969071514085,scr1997,avaConv,onshore
95UK,h0036,0.16900640157400448,scr1997,avaConv,onshore
95UK,h0037,0.10274178939601537,scr1997,avaConv,onshore
95UK,h0038,0.05883521758673251,scr1997,avaConv,onshore
95UK,h0039,0.0001426061532105104,scr1997,avaConv,onshore
95UK,h0040,0.0,scr1997,avaConv,onshore
95UK,h0041,0.00010499355864183764,scr1997,avaConv,onshore
95UK,h0042,0.00015663936971176676,scr1997,avaConv,onshore
95UK,h0043,0.13552791613888854,scr1997,avaConv,onshore
95UK,h0044,0.2936481804765603,scr1997,avaConv,onshore
95UK,h0045,0.48127605199036533,scr1997,avaConv,onshore
95UK,h0046,0.5586961893798147,scr1997,avaConv,onshore
95UK,h0047,0.6298662640181862,scr1997,avaConv,onshore
95UK,h0048,0.6706296883746028,scr1997,avaConv,onshore
