region_1,timestep_6,value,scenario_1,parameter,technology_3
AT,h5065,1.0244893697653707,scr1998,stInflow,reservoir
AT,h5066,1.0244893697653707,scr1998,stInflow,reservoir
AT,h5067,1.0244893697653707,scr1998,stInflow,reservoir
AT,h5068,1.0244893697653707,scr1998,stInflow,reservoir
AT,h5069,1.0244893697653707,scr1998,stInflow,reservoir
AT,h5070,1.0244893697653707,scr1998,stInflow,reservoir
AT,h5071,1.0244893697653707,scr1998,stInflow,reservoir
AT,h5072,1.0244893697653707,scr1998,stInflow,reservoir
AT,h5073,1.0244893697653707,scr1998,stInflow,reservoir
AT,h5074,1.0244893697653707,scr1998,stInflow,reservoir
AT,h5075,1.0244893697653707,scr1998,stInflow,reservoir
AT,h5076,1.0244893697653707,scr1998,stInflow,reservoir
AT,h5077,1.0244893697653707,scr1998,stInflow,reservoir
AT,h5078,1.0244893697653707,scr1998,stInflow,reservoir
AT,h5079,1.0244893697653707,scr1998,stInflow,reservoir
AT,h5080,1.0244893697653707,scr1998,stInflow,reservoir
AT,h5081,1.0244893697653707,scr1998,stInflow,reservoir
AT,h5082,1.0244893697653707,scr1998,stInflow,reservoir
AT,h5083,1.0244893697653707,scr1998,stInflow,reservoir
AT,h5084,1.0244893697653707,scr1998,stInflow,reservoir
AT,h5085,1.0244893697653707,scr1998,stInflow,reservoir
AT,h5086,1.0244893697653707,scr1998,stInflow,reservoir
AT,h5087,1.0244893697653707,scr1998,stInflow,reservoir
AT,h5088,1.0244893697653707,scr1998,stInflow,reservoir
AT,h5089,1.0244893697653707,scr1998,stInflow,reservoir
AT,h5090,1.0244893697653707,scr1998,stInflow,reservoir
AT,h5091,1.0244893697653707,scr1998,stInflow,reservoir
AT,h5092,1.0244893697653707,scr1998,stInflow,reservoir
AT,h5093,1.0244893697653707,scr1998,stInflow,reservoir
AT,h5094,1.0244893697653707,scr1998,stInflow,reservoir
AT,h5095,1.0244893697653707,scr1998,stInflow,reservoir
AT,h5096,1.0244893697653707,scr1998,stInflow,reservoir
AT,h5097,1.0244893697653707,scr1998,stInflow,reservoir
AT,h5098,1.0244893697653707,scr1998,stInflow,reservoir
AT,h5099,1.0244893697653707,scr1998,stInflow,reservoir
AT,h5100,1.0244893697653707,scr1998,stInflow,reservoir
AT,h5101,1.0244893697653707,scr1998,stInflow,reservoir
AT,h5102,1.0244893697653707,scr1998,stInflow,reservoir
AT,h5103,1.0244893697653707,scr1998,stInflow,reservoir
AT,h5104,1.0244893697653707,scr1998,stInflow,reservoir
AT,h5105,1.0244893697653707,scr1998,stInflow,reservoir
AT,h5106,1.0244893697653707,scr1998,stInflow,reservoir
AT,h5107,1.0244893697653707,scr1998,stInflow,reservoir
AT,h5108,1.0244893697653707,scr1998,stInflow,reservoir
AT,h5109,1.0244893697653707,scr1998,stInflow,reservoir
AT,h5110,1.0244893697653707,scr1998,stInflow,reservoir
AT,h5111,1.0244893697653707,scr1998,stInflow,reservoir
AT,h5112,1.0244893697653707,scr1998,stInflow,reservoir
AT,h5113,1.0244893697653707,scr1998,stInflow,reservoir
AT,h5114,1.0244893697653707,scr1998,stInflow,reservoir
AT,h5115,1.0244893697653707,scr1998,stInflow,reservoir
AT,h5116,1.0244893697653707,scr1998,stInflow,reservoir
AT,h5117,1.0244893697653707,scr1998,stInflow,reservoir
AT,h5118,1.0244893697653707,scr1998,stInflow,reservoir
AT,h5119,1.0244893697653707,scr1998,stInflow,reservoir
AT,h5120,1.0244893697653707,scr1998,stInflow,reservoir
AT,h5121,1.0244893697653707,scr1998,stInflow,reservoir
AT,h5122,1.0244893697653707,scr1998,stInflow,reservoir
AT,h5123,1.0244893697653707,scr1998,stInflow,reservoir
AT,h5124,1.0244893697653707,scr1998,stInflow,reservoir
AT,h5125,1.0244893697653707,scr1998,stInflow,reservoir
AT,h5126,1.0244893697653707,scr1998,stInflow,reservoir
AT,h5127,1.0244893697653707,scr1998,stInflow,reservoir
AT,h5128,1.0244893697653707,scr1998,stInflow,reservoir
AT,h5129,1.0244893697653707,scr1998,stInflow,reservoir
AT,h5130,1.0244893697653707,scr1998,stInflow,reservoir
AT,h5131,1.0244893697653707,scr1998,stInflow,reservoir
AT,h5132,1.0244893697653707,scr1998,stInflow,reservoir
AT,h5133,1.0244893697653707,scr1998,stInflow,reservoir
AT,h5134,1.0244893697653707,scr1998,stInflow,reservoir
AT,h5135,1.0244893697653707,scr1998,stInflow,reservoir
AT,h5136,1.0244893697653707,scr1998,stInflow,reservoir
AT,h5137,0.8735475626406433,scr1998,stInflow,reservoir
AT,h5138,0.7226083765044817,scr1998,stInflow,reservoir
AT,h5139,0.5716723661683542,scr1998,stInflow,reservoir
AT,h5140,0.5716723661683542,scr1998,stInflow,reservoir
AT,h5141,0.5716723661683542,scr1998,stInflow,reservoir
AT,h5142,0.5716723661683542,scr1998,stInflow,reservoir
AT,h5143,0.5716723661683542,scr1998,stInflow,reservoir
AT,h5144,0.5716723661683542,scr1998,stInflow,reservoir
AT,h5145,0.5716723661683542,scr1998,stInflow,reservoir
AT,h5146,0.5716723661683542,scr1998,stInflow,reservoir
AT,h5147,0.5716723661683542,scr1998,stInflow,reservoir
AT,h5148,0.5716723661683542,scr1998,stInflow,reservoir
AT,h5149,0.5716723661683542,scr1998,stInflow,reservoir
AT,h5150,0.5716723661683542,scr1998,stInflow,reservoir
AT,h5151,0.5716723661683542,scr1998,stInflow,reservoir
AT,h5152,0.5716723661683542,scr1998,stInflow,reservoir
AT,h5153,0.5716723661683542,scr1998,stInflow,reservoir
AT,h5154,0.5716723661683542,scr1998,stInflow,reservoir
AT,h5155,0.5716723661683542,scr1998,stInflow,reservoir
AT,h5156,0.5716723661683542,scr1998,stInflow,reservoir
AT,h5157,0.5716723661683542,scr1998,stInflow,reservoir
AT,h5158,0.5716723661683542,scr1998,stInflow,reservoir
AT,h5159,0.5716723661683542,scr1998,stInflow,reservoir
AT,h5160,0.5716723661683542,scr1998,stInflow,reservoir
AT,h5161,0.5716723661683542,scr1998,stInflow,reservoir
AT,h5162,0.5716723661683542,scr1998,stInflow,reservoir
AT,h5163,0.5716723661683542,scr1998,stInflow,reservoir
AT,h5164,0.5716723661683542,scr1998,stInflow,reservoir
AT,h5165,0.5716723661683542,scr1998,stInflow,reservoir
AT,h5166,0.5716723661683542,scr1998,stInflow,reservoir
AT,h5167,0.5716723661683542,scr1998,stInflow,reservoir
AT,h5168,0.5716723661683542,scr1998,stInflow,reservoir
AT,h5169,0.5716723661683542,scr1998,stInflow,reservoir
AT,h5170,0.5716723661683542,scr1998,stInflow,reservoir
AT,h5171,0.5716723661683542,scr1998,stInflow,reservoir
AT,h5172,0.5716723661683542,scr1998,stInflow,reservoir
AT,h5173,0.5716723661683542,scr1998,stInflow,reservoir
AT,h5174,0.5716723661683542,scr1998,stInflow,reservoir
AT,h5175,0.5716723661683542,scr1998,stInflow,reservoir
AT,h5176,0.5716723661683542,scr1998,stInflow,reservoir
AT,h5177,0.5716723661683542,scr1998,stInflow,reservoir
AT,h5178,0.5716723661683542,scr1998,stInflow,reservoir
AT,h5179,0.5716723661683542,scr1998,stInflow,reservoir
AT,h5180,0.5716723661683542,scr1998,stInflow,reservoir
AT,h5181,0.5716723661683542,scr1998,stInflow,reservoir
AT,h5182,0.5716723661683542,scr1998,stInflow,reservoir
AT,h5183,0.5716723661683542,scr1998,stInflow,reservoir
AT,h5184,0.5716723661683542,scr1998,stInflow,reservoir
AT,h5185,0.5716723661683542,scr1998,stInflow,reservoir
AT,h5186,0.5716723661683542,scr1998,stInflow,reservoir
AT,h5187,0.5716723661683542,scr1998,stInflow,reservoir
AT,h5188,0.5716723661683542,scr1998,stInflow,reservoir
AT,h5189,0.5716723661683542,scr1998,stInflow,reservoir
AT,h5190,0.5716723661683542,scr1998,stInflow,reservoir
AT,h5191,0.5716723661683542,scr1998,stInflow,reservoir
AT,h5192,0.5716723661683542,scr1998,stInflow,reservoir
AT,h5193,0.5716723661683542,scr1998,stInflow,reservoir
AT,h5194,0.5716723661683542,scr1998,stInflow,reservoir
AT,h5195,0.5716723661683542,scr1998,stInflow,reservoir
AT,h5196,0.5716723661683542,scr1998,stInflow,reservoir
AT,h5197,0.5716723661683542,scr1998,stInflow,reservoir
AT,h5198,0.5716723661683542,scr1998,stInflow,reservoir
AT,h5199,0.5716723661683542,scr1998,stInflow,reservoir
AT,h5200,0.5716723661683542,scr1998,stInflow,reservoir
AT,h5201,0.5716723661683542,scr1998,stInflow,reservoir
AT,h5202,0.5716723661683542,scr1998,stInflow,reservoir
AT,h5203,0.5716723661683542,scr1998,stInflow,reservoir
AT,h5204,0.5716723661683542,scr1998,stInflow,reservoir
AT,h5205,0.5716723661683542,scr1998,stInflow,reservoir
AT,h5206,0.5716723661683542,scr1998,stInflow,reservoir
AT,h5207,0.5716723661683542,scr1998,stInflow,reservoir
AT,h5208,0.5716723661683542,scr1998,stInflow,reservoir
AT,h5209,0.5716723661683542,scr1998,stInflow,reservoir
AT,h5210,0.5716723661683542,scr1998,stInflow,reservoir
AT,h5211,0.5716723661683542,scr1998,stInflow,reservoir
AT,h5212,0.5716723661683542,scr1998,stInflow,reservoir
AT,h5213,0.5716723661683542,scr1998,stInflow,reservoir
AT,h5214,0.5716723661683542,scr1998,stInflow,reservoir
AT,h5215,0.5716723661683542,scr1998,stInflow,reservoir
AT,h5216,0.5716723661683542,scr1998,stInflow,reservoir
AT,h5217,0.5716723661683542,scr1998,stInflow,reservoir
AT,h5218,0.5716723661683542,scr1998,stInflow,reservoir
AT,h5219,0.5716723661683542,scr1998,stInflow,reservoir
AT,h5220,0.5716723661683542,scr1998,stInflow,reservoir
AT,h5221,0.5716723661683542,scr1998,stInflow,reservoir
AT,h5222,0.5716723661683542,scr1998,stInflow,reservoir
AT,h5223,0.5716723661683542,scr1998,stInflow,reservoir
AT,h5224,0.5716723661683542,scr1998,stInflow,reservoir
AT,h5225,0.5716723661683542,scr1998,stInflow,reservoir
AT,h5226,0.5716723661683542,scr1998,stInflow,reservoir
AT,h5227,0.5716723661683542,scr1998,stInflow,reservoir
AT,h5228,0.5716723661683542,scr1998,stInflow,reservoir
AT,h5229,0.5716723661683542,scr1998,stInflow,reservoir
AT,h5230,0.5716723661683542,scr1998,stInflow,reservoir
AT,h5231,0.5716723661683542,scr1998,stInflow,reservoir
AT,h5232,0.5716723661683542,scr1998,stInflow,reservoir
AT,h5233,0.5716723661683542,scr1998,stInflow,reservoir
AT,h5234,0.5716723661683542,scr1998,stInflow,reservoir
AT,h5235,0.5716723661683542,scr1998,stInflow,reservoir
AT,h5236,0.5716723661683542,scr1998,stInflow,reservoir
AT,h5237,0.5716723661683542,scr1998,stInflow,reservoir
AT,h5238,0.5716723661683542,scr1998,stInflow,reservoir
AT,h5239,0.5716723661683542,scr1998,stInflow,reservoir
AT,h5240,0.5716723661683542,scr1998,stInflow,reservoir
AT,h5241,0.5716723661683542,scr1998,stInflow,reservoir
AT,h5242,0.5716723661683542,scr1998,stInflow,reservoir
AT,h5243,0.5716723661683542,scr1998,stInflow,reservoir
AT,h5244,0.5716723661683542,scr1998,stInflow,reservoir
AT,h5245,0.5716723661683542,scr1998,stInflow,reservoir
AT,h5246,0.5716723661683542,scr1998,stInflow,reservoir
AT,h5247,0.5716723661683542,scr1998,stInflow,reservoir
AT,h5248,0.5716723661683542,scr1998,stInflow,reservoir
AT,h5249,0.5716723661683542,scr1998,stInflow,reservoir
AT,h5250,0.5716723661683542,scr1998,stInflow,reservoir
AT,h5251,0.5716723661683542,scr1998,stInflow,reservoir
AT,h5252,0.5716723661683542,scr1998,stInflow,reservoir
AT,h5253,0.5716723661683542,scr1998,stInflow,reservoir
AT,h5254,0.5716723661683542,scr1998,stInflow,reservoir
AT,h5255,0.5716723661683542,scr1998,stInflow,reservoir
AT,h5256,0.5716723661683542,scr1998,stInflow,reservoir
AT,h5257,0.5716723661683542,scr1998,stInflow,reservoir
AT,h5258,0.5716723661683542,scr1998,stInflow,reservoir
AT,h5259,0.5716723661683542,scr1998,stInflow,reservoir
AT,h5260,0.5716723661683542,scr1998,stInflow,reservoir
AT,h5261,0.5716723661683542,scr1998,stInflow,reservoir
AT,h5262,0.5716723661683542,scr1998,stInflow,reservoir
AT,h5263,0.5716723661683542,scr1998,stInflow,reservoir
AT,h5264,0.5716723661683542,scr1998,stInflow,reservoir
AT,h5265,0.5716723661683542,scr1998,stInflow,reservoir
AT,h5266,0.5716723661683542,scr1998,stInflow,reservoir
AT,h5267,0.5716723661683542,scr1998,stInflow,reservoir
AT,h5268,0.5716723661683542,scr1998,stInflow,reservoir
AT,h5269,0.5716723661683542,scr1998,stInflow,reservoir
AT,h5270,0.5716723661683542,scr1998,stInflow,reservoir
AT,h5271,0.5716723661683542,scr1998,stInflow,reservoir
AT,h5272,0.5716723661683542,scr1998,stInflow,reservoir
AT,h5273,0.5716723661683542,scr1998,stInflow,reservoir
AT,h5274,0.5716723661683542,scr1998,stInflow,reservoir
AT,h5275,0.5716723661683542,scr1998,stInflow,reservoir
AT,h5276,0.5716723661683542,scr1998,stInflow,reservoir
AT,h5277,0.5716723661683542,scr1998,stInflow,reservoir
AT,h5278,0.5716723661683542,scr1998,stInflow,reservoir
AT,h5279,0.5716723661683542,scr1998,stInflow,reservoir
AT,h5280,0.5716723661683542,scr1998,stInflow,reservoir
AT,h5281,0.5716723661683542,scr1998,stInflow,reservoir
AT,h5282,0.5716723661683542,scr1998,stInflow,reservoir
AT,h5283,0.5716723661683542,scr1998,stInflow,reservoir
AT,h5284,0.5716723661683542,scr1998,stInflow,reservoir
AT,h5285,0.5716723661683542,scr1998,stInflow,reservoir
AT,h5286,0.5716723661683542,scr1998,stInflow,reservoir
AT,h5287,0.5716723661683542,scr1998,stInflow,reservoir
AT,h5288,0.5716723661683542,scr1998,stInflow,reservoir
AT,h5289,0.5716723661683542,scr1998,stInflow,reservoir
AT,h5290,0.5716723661683542,scr1998,stInflow,reservoir
AT,h5291,0.5716723661683542,scr1998,stInflow,reservoir
AT,h5292,0.5716723661683542,scr1998,stInflow,reservoir
AT,h5293,0.5716723661683542,scr1998,stInflow,reservoir
AT,h5294,0.5716723661683542,scr1998,stInflow,reservoir
AT,h5295,0.5716723661683542,scr1998,stInflow,reservoir
AT,h5296,0.5716723661683542,scr1998,stInflow,reservoir
AT,h5297,0.5716723661683542,scr1998,stInflow,reservoir
AT,h5298,0.5716723661683542,scr1998,stInflow,reservoir
AT,h5299,0.5716723661683542,scr1998,stInflow,reservoir
AT,h5300,0.5716723661683542,scr1998,stInflow,reservoir
AT,h5301,0.5716723661683542,scr1998,stInflow,reservoir
AT,h5302,0.5716723661683542,scr1998,stInflow,reservoir
AT,h5303,0.5716723661683542,scr1998,stInflow,reservoir
AT,h5304,0.5716723661683542,scr1998,stInflow,reservoir
AT,h5305,0.4975565582193924,scr1998,stInflow,reservoir
AT,h5306,0.4234418582969956,scr1998,stInflow,reservoir
AT,h5307,0.3493284621627793,scr1998,stInflow,reservoir
AT,h5308,0.3493284621627793,scr1998,stInflow,reservoir
AT,h5309,0.3493284621627793,scr1998,stInflow,reservoir
AT,h5310,0.3493284621627793,scr1998,stInflow,reservoir
AT,h5311,0.3493284621627793,scr1998,stInflow,reservoir
AT,h5312,0.3493284621627793,scr1998,stInflow,reservoir
AT,h5313,0.3493284621627793,scr1998,stInflow,reservoir
AT,h5314,0.3493284621627793,scr1998,stInflow,reservoir
AT,h5315,0.3493284621627793,scr1998,stInflow,reservoir
AT,h5316,0.3493284621627793,scr1998,stInflow,reservoir
AT,h5317,0.3493284621627793,scr1998,stInflow,reservoir
AT,h5318,0.3493284621627793,scr1998,stInflow,reservoir
AT,h5319,0.3493284621627793,scr1998,stInflow,reservoir
AT,h5320,0.3493284621627793,scr1998,stInflow,reservoir
AT,h5321,0.3493284621627793,scr1998,stInflow,reservoir
AT,h5322,0.3493284621627793,scr1998,stInflow,reservoir
AT,h5323,0.3493284621627793,scr1998,stInflow,reservoir
AT,h5324,0.3493284621627793,scr1998,stInflow,reservoir
AT,h5325,0.3493284621627793,scr1998,stInflow,reservoir
AT,h5326,0.3493284621627793,scr1998,stInflow,reservoir
AT,h5327,0.3493284621627793,scr1998,stInflow,reservoir
AT,h5328,0.3493284621627793,scr1998,stInflow,reservoir
AT,h5329,0.3493284621627793,scr1998,stInflow,reservoir
AT,h5330,0.3493284621627793,scr1998,stInflow,reservoir
AT,h5331,0.3493284621627793,scr1998,stInflow,reservoir
AT,h5332,0.3493284621627793,scr1998,stInflow,reservoir
AT,h5333,0.3493284621627793,scr1998,stInflow,reservoir
AT,h5334,0.3493284621627793,scr1998,stInflow,reservoir
AT,h5335,0.3493284621627793,scr1998,stInflow,reservoir
AT,h5336,0.3493284621627793,scr1998,stInflow,reservoir
AT,h5337,0.3493284621627793,scr1998,stInflow,reservoir
AT,h5338,0.3493284621627793,scr1998,stInflow,reservoir
AT,h5339,0.3493284621627793,scr1998,stInflow,reservoir
AT,h5340,0.3493284621627793,scr1998,stInflow,reservoir
AT,h5341,0.3493284621627793,scr1998,stInflow,reservoir
AT,h5342,0.3493284621627793,scr1998,stInflow,reservoir
AT,h5343,0.3493284621627793,scr1998,stInflow,reservoir
AT,h5344,0.3493284621627793,scr1998,stInflow,reservoir
AT,h5345,0.3493284621627793,scr1998,stInflow,reservoir
AT,h5346,0.3493284621627793,scr1998,stInflow,reservoir
AT,h5347,0.3493284621627793,scr1998,stInflow,reservoir
AT,h5348,0.3493284621627793,scr1998,stInflow,reservoir
AT,h5349,0.3493284621627793,scr1998,stInflow,reservoir
AT,h5350,0.3493284621627793,scr1998,stInflow,reservoir
AT,h5351,0.3493284621627793,scr1998,stInflow,reservoir
AT,h5352,0.3493284621627793,scr1998,stInflow,reservoir
AT,h5353,0.3493284621627793,scr1998,stInflow,reservoir
AT,h5354,0.3493284621627793,scr1998,stInflow,reservoir
AT,h5355,0.3493284621627793,scr1998,stInflow,reservoir
AT,h5356,0.3493284621627793,scr1998,stInflow,reservoir
AT,h5357,0.3493284621627793,scr1998,stInflow,reservoir
AT,h5358,0.3493284621627793,scr1998,stInflow,reservoir
AT,h5359,0.3493284621627793,scr1998,stInflow,reservoir
AT,h5360,0.3493284621627793,scr1998,stInflow,reservoir
AT,h5361,0.3493284621627793,scr1998,stInflow,reservoir
AT,h5362,0.3493284621627793,scr1998,stInflow,reservoir
AT,h5363,0.3493284621627793,scr1998,stInflow,reservoir
AT,h5364,0.3493284621627793,scr1998,stInflow,reservoir
AT,h5365,0.3493284621627793,scr1998,stInflow,reservoir
AT,h5366,0.3493284621627793,scr1998,stInflow,reservoir
AT,h5367,0.3493284621627793,scr1998,stInflow,reservoir
AT,h5368,0.3493284621627793,scr1998,stInflow,reservoir
AT,h5369,0.3493284621627793,scr1998,stInflow,reservoir
AT,h5370,0.3493284621627793,scr1998,stInflow,reservoir
AT,h5371,0.3493284621627793,scr1998,stInflow,reservoir
AT,h5372,0.3493284621627793,scr1998,stInflow,reservoir
AT,h5373,0.3493284621627793,scr1998,stInflow,reservoir
AT,h5374,0.3493284621627793,scr1998,stInflow,reservoir
AT,h5375,0.3493284621627793,scr1998,stInflow,reservoir
AT,h5376,0.3493284621627793,scr1998,stInflow,reservoir
AT,h5377,0.3493284621627793,scr1998,stInflow,reservoir
AT,h5378,0.3493284621627793,scr1998,stInflow,reservoir
AT,h5379,0.3493284621627793,scr1998,stInflow,reservoir
AT,h5380,0.3493284621627793,scr1998,stInflow,reservoir
AT,h5381,0.3493284621627793,scr1998,stInflow,reservoir
AT,h5382,0.3493284621627793,scr1998,stInflow,reservoir
AT,h5383,0.3493284621627793,scr1998,stInflow,reservoir
AT,h5384,0.3493284621627793,scr1998,stInflow,reservoir
AT,h5385,0.3493284621627793,scr1998,stInflow,reservoir
AT,h5386,0.3493284621627793,scr1998,stInflow,reservoir
AT,h5387,0.3493284621627793,scr1998,stInflow,reservoir
AT,h5388,0.3493284621627793,scr1998,stInflow,reservoir
AT,h5389,0.3493284621627793,scr1998,stInflow,reservoir
AT,h5390,0.3493284621627793,scr1998,stInflow,reservoir
AT,h5391,0.3493284621627793,scr1998,stInflow,reservoir
AT,h5392,0.3493284621627793,scr1998,stInflow,reservoir
AT,h5393,0.3493284621627793,scr1998,stInflow,reservoir
AT,h5394,0.3493284621627793,scr1998,stInflow,reservoir
AT,h5395,0.3493284621627793,scr1998,stInflow,reservoir
AT,h5396,0.3493284621627793,scr1998,stInflow,reservoir
AT,h5397,0.3493284621627793,scr1998,stInflow,reservoir
AT,h5398,0.3493284621627793,scr1998,stInflow,reservoir
AT,h5399,0.3493284621627793,scr1998,stInflow,reservoir
AT,h5400,0.3493284621627793,scr1998,stInflow,reservoir
AT,h5401,0.3493284621627793,scr1998,stInflow,reservoir
AT,h5402,0.3493284621627793,scr1998,stInflow,reservoir
AT,h5403,0.3493284621627793,scr1998,stInflow,reservoir
AT,h5404,0.3493284621627793,scr1998,stInflow,reservoir
AT,h5405,0.3493284621627793,scr1998,stInflow,reservoir
AT,h5406,0.3493284621627793,scr1998,stInflow,reservoir
AT,h5407,0.3493284621627793,scr1998,stInflow,reservoir
AT,h5408,0.3493284621627793,scr1998,stInflow,reservoir
AT,h5409,0.3493284621627793,scr1998,stInflow,reservoir
AT,h5410,0.3493284621627793,scr1998,stInflow,reservoir
AT,h5411,0.3493284621627793,scr1998,stInflow,reservoir
AT,h5412,0.3493284621627793,scr1998,stInflow,reservoir
AT,h5413,0.3493284621627793,scr1998,stInflow,reservoir
AT,h5414,0.3493284621627793,scr1998,stInflow,reservoir
AT,h5415,0.3493284621627793,scr1998,stInflow,reservoir
AT,h5416,0.3493284621627793,scr1998,stInflow,reservoir
AT,h5417,0.3493284621627793,scr1998,stInflow,reservoir
AT,h5418,0.3493284621627793,scr1998,stInflow,reservoir
AT,h5419,0.3493284621627793,scr1998,stInflow,reservoir
AT,h5420,0.3493284621627793,scr1998,stInflow,reservoir
AT,h5421,0.3493284621627793,scr1998,stInflow,reservoir
AT,h5422,0.3493284621627793,scr1998,stInflow,reservoir
AT,h5423,0.3493284621627793,scr1998,stInflow,reservoir
AT,h5424,0.3493284621627793,scr1998,stInflow,reservoir
AT,h5425,0.3493284621627793,scr1998,stInflow,reservoir
AT,h5426,0.3493284621627793,scr1998,stInflow,reservoir
AT,h5427,0.3493284621627793,scr1998,stInflow,reservoir
AT,h5428,0.3493284621627793,scr1998,stInflow,reservoir
AT,h5429,0.3493284621627793,scr1998,stInflow,reservoir
AT,h5430,0.3493284621627793,scr1998,stInflow,reservoir
AT,h5431,0.3493284621627793,scr1998,stInflow,reservoir
AT,h5432,0.3493284621627793,scr1998,stInflow,reservoir
AT,h5433,0.3493284621627793,scr1998,stInflow,reservoir
AT,h5434,0.3493284621627793,scr1998,stInflow,reservoir
AT,h5435,0.3493284621627793,scr1998,stInflow,reservoir
AT,h5436,0.3493284621627793,scr1998,stInflow,reservoir
AT,h5437,0.3493284621627793,scr1998,stInflow,reservoir
AT,h5438,0.3493284621627793,scr1998,stInflow,reservoir
AT,h5439,0.3493284621627793,scr1998,stInflow,reservoir
AT,h5440,0.3493284621627793,scr1998,stInflow,reservoir
AT,h5441,0.3493284621627793,scr1998,stInflow,reservoir
AT,h5442,0.3493284621627793,scr1998,stInflow,reservoir
AT,h5443,0.3493284621627793,scr1998,stInflow,reservoir
AT,h5444,0.3493284621627793,scr1998,stInflow,reservoir
AT,h5445,0.3493284621627793,scr1998,stInflow,reservoir
AT,h5446,0.3493284621627793,scr1998,stInflow,reservoir
AT,h5447,0.3493284621627793,scr1998,stInflow,reservoir
AT,h5448,0.3493284621627793,scr1998,stInflow,reservoir
AT,h5449,0.3493284621627793,scr1998,stInflow,reservoir
AT,h5450,0.3493284621627793,scr1998,stInflow,reservoir
AT,h5451,0.3493284621627793,scr1998,stInflow,reservoir
AT,h5452,0.3493284621627793,scr1998,stInflow,reservoir
AT,h5453,0.3493284621627793,scr1998,stInflow,reservoir
AT,h5454,0.3493284621627793,scr1998,stInflow,reservoir
AT,h5455,0.3493284621627793,scr1998,stInflow,reservoir
AT,h5456,0.3493284621627793,scr1998,stInflow,reservoir
AT,h5457,0.3493284621627793,scr1998,stInflow,reservoir
AT,h5458,0.3493284621627793,scr1998,stInflow,reservoir
AT,h5459,0.3493284621627793,scr1998,stInflow,reservoir
AT,h5460,0.3493284621627793,scr1998,stInflow,reservoir
AT,h5461,0.3493284621627793,scr1998,stInflow,reservoir
AT,h5462,0.3493284621627793,scr1998,stInflow,reservoir
AT,h5463,0.3493284621627793,scr1998,stInflow,reservoir
AT,h5464,0.3493284621627793,scr1998,stInflow,reservoir
AT,h5465,0.3493284621627793,scr1998,stInflow,reservoir
AT,h5466,0.3493284621627793,scr1998,stInflow,reservoir
AT,h5467,0.3493284621627793,scr1998,stInflow,reservoir
AT,h5468,0.3493284621627793,scr1998,stInflow,reservoir
AT,h5469,0.3493284621627793,scr1998,stInflow,reservoir
AT,h5470,0.3493284621627793,scr1998,stInflow,reservoir
AT,h5471,0.3493284621627793,scr1998,stInflow,reservoir
AT,h5472,0.3493284621627793,scr1998,stInflow,reservoir
AT,h5473,0.35098892439951884,scr1998,stInflow,reservoir
AT,h5474,0.35264938742172564,scr1998,stInflow,reservoir
AT,h5475,0.3543098512257019,scr1998,stInflow,reservoir
AT,h5476,0.3543098512257019,scr1998,stInflow,reservoir
AT,h5477,0.3543098512257019,scr1998,stInflow,reservoir
AT,h5478,0.3543098512257019,scr1998,stInflow,reservoir
AT,h5479,0.3543098512257019,scr1998,stInflow,reservoir
AT,h5480,0.3543098512257019,scr1998,stInflow,reservoir
AT,h5481,0.3543098512257019,scr1998,stInflow,reservoir
AT,h5482,0.3543098512257019,scr1998,stInflow,reservoir
AT,h5483,0.3543098512257019,scr1998,stInflow,reservoir
AT,h5484,0.3543098512257019,scr1998,stInflow,reservoir
AT,h5485,0.3543098512257019,scr1998,stInflow,reservoir
AT,h5486,0.3543098512257019,scr1998,stInflow,reservoir
AT,h5487,0.3543098512257019,scr1998,stInflow,reservoir
AT,h5488,0.3543098512257019,scr1998,stInflow,reservoir
AT,h5489,0.3543098512257019,scr1998,stInflow,reservoir
AT,h5490,0.3543098512257019,scr1998,stInflow,reservoir
AT,h5491,0.3543098512257019,scr1998,stInflow,reservoir
AT,h5492,0.3543098512257019,scr1998,stInflow,reservoir
AT,h5493,0.3543098512257019,scr1998,stInflow,reservoir
AT,h5494,0.3543098512257019,scr1998,stInflow,reservoir
AT,h5495,0.3543098512257019,scr1998,stInflow,reservoir
AT,h5496,0.3543098512257019,scr1998,stInflow,reservoir
AT,h5497,0.3543098512257019,scr1998,stInflow,reservoir
AT,h5498,0.3543098512257019,scr1998,stInflow,reservoir
AT,h5499,0.3543098512257019,scr1998,stInflow,reservoir
AT,h5500,0.3543098512257019,scr1998,stInflow,reservoir
AT,h5501,0.3543098512257019,scr1998,stInflow,reservoir
AT,h5502,0.3543098512257019,scr1998,stInflow,reservoir
AT,h5503,0.3543098512257019,scr1998,stInflow,reservoir
AT,h5504,0.3543098512257019,scr1998,stInflow,reservoir
AT,h5505,0.3543098512257019,scr1998,stInflow,reservoir
AT,h5506,0.3543098512257019,scr1998,stInflow,reservoir
AT,h5507,0.3543098512257019,scr1998,stInflow,reservoir
AT,h5508,0.3543098512257019,scr1998,stInflow,reservoir
AT,h5509,0.3543098512257019,scr1998,stInflow,reservoir
AT,h5510,0.3543098512257019,scr1998,stInflow,reservoir
AT,h5511,0.3543098512257019,scr1998,stInflow,reservoir
AT,h5512,0.3543098512257019,scr1998,stInflow,reservoir
AT,h5513,0.3543098512257019,scr1998,stInflow,reservoir
AT,h5514,0.3543098512257019,scr1998,stInflow,reservoir
AT,h5515,0.3543098512257019,scr1998,stInflow,reservoir
AT,h5516,0.3543098512257019,scr1998,stInflow,reservoir
AT,h5517,0.3543098512257019,scr1998,stInflow,reservoir
AT,h5518,0.3543098512257019,scr1998,stInflow,reservoir
AT,h5519,0.3543098512257019,scr1998,stInflow,reservoir
AT,h5520,0.3543098512257019,scr1998,stInflow,reservoir
AT,h5521,0.3543098512257019,scr1998,stInflow,reservoir
AT,h5522,0.3543098512257019,scr1998,stInflow,reservoir
AT,h5523,0.3543098512257019,scr1998,stInflow,reservoir
AT,h5524,0.3543098512257019,scr1998,stInflow,reservoir
AT,h5525,0.3543098512257019,scr1998,stInflow,reservoir
AT,h5526,0.3543098512257019,scr1998,stInflow,reservoir
AT,h5527,0.3543098512257019,scr1998,stInflow,reservoir
AT,h5528,0.3543098512257019,scr1998,stInflow,reservoir
AT,h5529,0.3543098512257019,scr1998,stInflow,reservoir
AT,h5530,0.3543098512257019,scr1998,stInflow,reservoir
AT,h5531,0.3543098512257019,scr1998,stInflow,reservoir
AT,h5532,0.3543098512257019,scr1998,stInflow,reservoir
AT,h5533,0.3543098512257019,scr1998,stInflow,reservoir
AT,h5534,0.3543098512257019,scr1998,stInflow,reservoir
AT,h5535,0.3543098512257019,scr1998,stInflow,reservoir
AT,h5536,0.3543098512257019,scr1998,stInflow,reservoir
AT,h5537,0.3543098512257019,scr1998,stInflow,reservoir
AT,h5538,0.3543098512257019,scr1998,stInflow,reservoir
AT,h5539,0.3543098512257019,scr1998,stInflow,reservoir
AT,h5540,0.3543098512257019,scr1998,stInflow,reservoir
AT,h5541,0.3543098512257019,scr1998,stInflow,reservoir
AT,h5542,0.3543098512257019,scr1998,stInflow,reservoir
AT,h5543,0.3543098512257019,scr1998,stInflow,reservoir
AT,h5544,0.3543098512257019,scr1998,stInflow,reservoir
AT,h5545,0.3543098512257019,scr1998,stInflow,reservoir
AT,h5546,0.3543098512257019,scr1998,stInflow,reservoir
AT,h5547,0.3543098512257019,scr1998,stInflow,reservoir
AT,h5548,0.3543098512257019,scr1998,stInflow,reservoir
AT,h5549,0.3543098512257019,scr1998,stInflow,reservoir
AT,h5550,0.3543098512257019,scr1998,stInflow,reservoir
AT,h5551,0.3543098512257019,scr1998,stInflow,reservoir
AT,h5552,0.3543098512257019,scr1998,stInflow,reservoir
AT,h5553,0.3543098512257019,scr1998,stInflow,reservoir
AT,h5554,0.3543098512257019,scr1998,stInflow,reservoir
AT,h5555,0.3543098512257019,scr1998,stInflow,reservoir
AT,h5556,0.3543098512257019,scr1998,stInflow,reservoir
AT,h5557,0.3543098512257019,scr1998,stInflow,reservoir
AT,h5558,0.3543098512257019,scr1998,stInflow,reservoir
AT,h5559,0.3543098512257019,scr1998,stInflow,reservoir
AT,h5560,0.3543098512257019,scr1998,stInflow,reservoir
AT,h5561,0.3543098512257019,scr1998,stInflow,reservoir
AT,h5562,0.3543098512257019,scr1998,stInflow,reservoir
AT,h5563,0.3543098512257019,scr1998,stInflow,reservoir
AT,h5564,0.3543098512257019,scr1998,stInflow,reservoir
AT,h5565,0.3543098512257019,scr1998,stInflow,reservoir
AT,h5566,0.3543098512257019,scr1998,stInflow,reservoir
AT,h5567,0.3543098512257019,scr1998,stInflow,reservoir
AT,h5568,0.3543098512257019,scr1998,stInflow,reservoir
AT,h5569,0.3543098512257019,scr1998,stInflow,reservoir
AT,h5570,0.3543098512257019,scr1998,stInflow,reservoir
AT,h5571,0.3543098512257019,scr1998,stInflow,reservoir
AT,h5572,0.3543098512257019,scr1998,stInflow,reservoir
AT,h5573,0.3543098512257019,scr1998,stInflow,reservoir
AT,h5574,0.3543098512257019,scr1998,stInflow,reservoir
AT,h5575,0.3543098512257019,scr1998,stInflow,reservoir
AT,h5576,0.3543098512257019,scr1998,stInflow,reservoir
AT,h5577,0.3543098512257019,scr1998,stInflow,reservoir
AT,h5578,0.3543098512257019,scr1998,stInflow,reservoir
AT,h5579,0.3543098512257019,scr1998,stInflow,reservoir
AT,h5580,0.3543098512257019,scr1998,stInflow,reservoir
AT,h5581,0.3543098512257019,scr1998,stInflow,reservoir
AT,h5582,0.3543098512257019,scr1998,stInflow,reservoir
AT,h5583,0.3543098512257019,scr1998,stInflow,reservoir
AT,h5584,0.3543098512257019,scr1998,stInflow,reservoir
AT,h5585,0.3543098512257019,scr1998,stInflow,reservoir
AT,h5586,0.3543098512257019,scr1998,stInflow,reservoir
AT,h5587,0.3543098512257019,scr1998,stInflow,reservoir
AT,h5588,0.3543098512257019,scr1998,stInflow,reservoir
AT,h5589,0.3543098512257019,scr1998,stInflow,reservoir
AT,h5590,0.3543098512257019,scr1998,stInflow,reservoir
AT,h5591,0.3543098512257019,scr1998,stInflow,reservoir
AT,h5592,0.3543098512257019,scr1998,stInflow,reservoir
AT,h5593,0.3543098512257019,scr1998,stInflow,reservoir
AT,h5594,0.3543098512257019,scr1998,stInflow,reservoir
AT,h5595,0.3543098512257019,scr1998,stInflow,reservoir
AT,h5596,0.3543098512257019,scr1998,stInflow,reservoir
AT,h5597,0.3543098512257019,scr1998,stInflow,reservoir
AT,h5598,0.3543098512257019,scr1998,stInflow,reservoir
AT,h5599,0.3543098512257019,scr1998,stInflow,reservoir
AT,h5600,0.3543098512257019,scr1998,stInflow,reservoir
AT,h5601,0.3543098512257019,scr1998,stInflow,reservoir
AT,h5602,0.3543098512257019,scr1998,stInflow,reservoir
AT,h5603,0.3543098512257019,scr1998,stInflow,reservoir
AT,h5604,0.3543098512257019,scr1998,stInflow,reservoir
AT,h5605,0.3543098512257019,scr1998,stInflow,reservoir
AT,h5606,0.3543098512257019,scr1998,stInflow,reservoir
AT,h5607,0.3543098512257019,scr1998,stInflow,reservoir
AT,h5608,0.3543098512257019,scr1998,stInflow,reservoir
AT,h5609,0.3543098512257019,scr1998,stInflow,reservoir
AT,h5610,0.3543098512257019,scr1998,stInflow,reservoir
AT,h5611,0.3543098512257019,scr1998,stInflow,reservoir
AT,h5612,0.3543098512257019,scr1998,stInflow,reservoir
AT,h5613,0.3543098512257019,scr1998,stInflow,reservoir
AT,h5614,0.3543098512257019,scr1998,stInflow,reservoir
AT,h5615,0.3543098512257019,scr1998,stInflow,reservoir
AT,h5616,0.3543098512257019,scr1998,stInflow,reservoir
AT,h5617,0.3543098512257019,scr1998,stInflow,reservoir
AT,h5618,0.3543098512257019,scr1998,stInflow,reservoir
AT,h5619,0.3543098512257019,scr1998,stInflow,reservoir
AT,h5620,0.3543098512257019,scr1998,stInflow,reservoir
AT,h5621,0.3543098512257019,scr1998,stInflow,reservoir
AT,h5622,0.3543098512257019,scr1998,stInflow,reservoir
AT,h5623,0.3543098512257019,scr1998,stInflow,reservoir
AT,h5624,0.3543098512257019,scr1998,stInflow,reservoir
AT,h5625,0.3543098512257019,scr1998,stInflow,reservoir
AT,h5626,0.3543098512257019,scr1998,stInflow,reservoir
AT,h5627,0.3543098512257019,scr1998,stInflow,reservoir
AT,h5628,0.3543098512257019,scr1998,stInflow,reservoir
AT,h5629,0.3543098512257019,scr1998,stInflow,reservoir
AT,h5630,0.3543098512257019,scr1998,stInflow,reservoir
AT,h5631,0.3543098512257019,scr1998,stInflow,reservoir
AT,h5632,0.3543098512257019,scr1998,stInflow,reservoir
AT,h5633,0.3543098512257019,scr1998,stInflow,reservoir
AT,h5634,0.3543098512257019,scr1998,stInflow,reservoir
AT,h5635,0.3543098512257019,scr1998,stInflow,reservoir
AT,h5636,0.3543098512257019,scr1998,stInflow,reservoir
AT,h5637,0.3543098512257019,scr1998,stInflow,reservoir
AT,h5638,0.3543098512257019,scr1998,stInflow,reservoir
AT,h5639,0.3543098512257019,scr1998,stInflow,reservoir
AT,h5640,0.3543098512257019,scr1998,stInflow,reservoir
AT,h5641,0.3359328290281585,scr1998,stInflow,reservoir
AT,h5642,0.3175559074019324,scr1998,stInflow,reservoir
AT,h5643,0.29917909217228156,scr1998,stInflow,reservoir
AT,h5644,0.29917909217228156,scr1998,stInflow,reservoir
AT,h5645,0.29917909217228156,scr1998,stInflow,reservoir
AT,h5646,0.29917909217228156,scr1998,stInflow,reservoir
AT,h5647,0.29917909217228156,scr1998,stInflow,reservoir
AT,h5648,0.29917909217228156,scr1998,stInflow,reservoir
AT,h5649,0.29917909217228156,scr1998,stInflow,reservoir
AT,h5650,0.29917909217228156,scr1998,stInflow,reservoir
AT,h5651,0.29917909217228156,scr1998,stInflow,reservoir
AT,h5652,0.29917909217228156,scr1998,stInflow,reservoir
AT,h5653,0.29917909217228156,scr1998,stInflow,reservoir
AT,h5654,0.29917909217228156,scr1998,stInflow,reservoir
AT,h5655,0.29917909217228156,scr1998,stInflow,reservoir
AT,h5656,0.29917909217228156,scr1998,stInflow,reservoir
AT,h5657,0.29917909217228156,scr1998,stInflow,reservoir
AT,h5658,0.29917909217228156,scr1998,stInflow,reservoir
AT,h5659,0.29917909217228156,scr1998,stInflow,reservoir
AT,h5660,0.29917909217228156,scr1998,stInflow,reservoir
AT,h5661,0.29917909217228156,scr1998,stInflow,reservoir
AT,h5662,0.29917909217228156,scr1998,stInflow,reservoir
AT,h5663,0.29917909217228156,scr1998,stInflow,reservoir
AT,h5664,0.29917909217228156,scr1998,stInflow,reservoir
AT,h5665,0.29917909217228156,scr1998,stInflow,reservoir
AT,h5666,0.29917909217228156,scr1998,stInflow,reservoir
AT,h5667,0.29917909217228156,scr1998,stInflow,reservoir
AT,h5668,0.29917909217228156,scr1998,stInflow,reservoir
AT,h5669,0.29917909217228156,scr1998,stInflow,reservoir
AT,h5670,0.29917909217228156,scr1998,stInflow,reservoir
AT,h5671,0.29917909217228156,scr1998,stInflow,reservoir
AT,h5672,0.29917909217228156,scr1998,stInflow,reservoir
AT,h5673,0.29917909217228156,scr1998,stInflow,reservoir
AT,h5674,0.29917909217228156,scr1998,stInflow,reservoir
AT,h5675,0.29917909217228156,scr1998,stInflow,reservoir
AT,h5676,0.29917909217228156,scr1998,stInflow,reservoir
AT,h5677,0.29917909217228156,scr1998,stInflow,reservoir
AT,h5678,0.29917909217228156,scr1998,stInflow,reservoir
AT,h5679,0.29917909217228156,scr1998,stInflow,reservoir
AT,h5680,0.29917909217228156,scr1998,stInflow,reservoir
AT,h5681,0.29917909217228156,scr1998,stInflow,reservoir
AT,h5682,0.29917909217228156,scr1998,stInflow,reservoir
AT,h5683,0.29917909217228156,scr1998,stInflow,reservoir
AT,h5684,0.29917909217228156,scr1998,stInflow,reservoir
AT,h5685,0.29917909217228156,scr1998,stInflow,reservoir
AT,h5686,0.29917909217228156,scr1998,stInflow,reservoir
AT,h5687,0.29917909217228156,scr1998,stInflow,reservoir
AT,h5688,0.29917909217228156,scr1998,stInflow,reservoir
AT,h5689,0.29917909217228156,scr1998,stInflow,reservoir
AT,h5690,0.29917909217228156,scr1998,stInflow,reservoir
AT,h5691,0.29917909217228156,scr1998,stInflow,reservoir
AT,h5692,0.29917909217228156,scr1998,stInflow,reservoir
AT,h5693,0.29917909217228156,scr1998,stInflow,reservoir
AT,h5694,0.29917909217228156,scr1998,stInflow,reservoir
AT,h5695,0.29917909217228156,scr1998,stInflow,reservoir
AT,h5696,0.29917909217228156,scr1998,stInflow,reservoir
AT,h5697,0.29917909217228156,scr1998,stInflow,reservoir
AT,h5698,0.29917909217228156,scr1998,stInflow,reservoir
AT,h5699,0.29917909217228156,scr1998,stInflow,reservoir
AT,h5700,0.29917909217228156,scr1998,stInflow,reservoir
AT,h5701,0.29917909217228156,scr1998,stInflow,reservoir
AT,h5702,0.29917909217228156,scr1998,stInflow,reservoir
AT,h5703,0.29917909217228156,scr1998,stInflow,reservoir
AT,h5704,0.29917909217228156,scr1998,stInflow,reservoir
AT,h5705,0.29917909217228156,scr1998,stInflow,reservoir
AT,h5706,0.29917909217228156,scr1998,stInflow,reservoir
AT,h5707,0.29917909217228156,scr1998,stInflow,reservoir
AT,h5708,0.29917909217228156,scr1998,stInflow,reservoir
AT,h5709,0.29917909217228156,scr1998,stInflow,reservoir
AT,h5710,0.29917909217228156,scr1998,stInflow,reservoir
AT,h5711,0.29917909217228156,scr1998,stInflow,reservoir
AT,h5712,0.29917909217228156,scr1998,stInflow,reservoir
AT,h5713,0.29917909217228156,scr1998,stInflow,reservoir
AT,h5714,0.29917909217228156,scr1998,stInflow,reservoir
AT,h5715,0.29917909217228156,scr1998,stInflow,reservoir
AT,h5716,0.29917909217228156,scr1998,stInflow,reservoir
AT,h5717,0.29917909217228156,scr1998,stInflow,reservoir
AT,h5718,0.29917909217228156,scr1998,stInflow,reservoir
AT,h5719,0.29917909217228156,scr1998,stInflow,reservoir
AT,h5720,0.29917909217228156,scr1998,stInflow,reservoir
AT,h5721,0.29917909217228156,scr1998,stInflow,reservoir
AT,h5722,0.29917909217228156,scr1998,stInflow,reservoir
AT,h5723,0.29917909217228156,scr1998,stInflow,reservoir
AT,h5724,0.29917909217228156,scr1998,stInflow,reservoir
AT,h5725,0.29917909217228156,scr1998,stInflow,reservoir
AT,h5726,0.29917909217228156,scr1998,stInflow,reservoir
AT,h5727,0.29917909217228156,scr1998,stInflow,reservoir
AT,h5728,0.29917909217228156,scr1998,stInflow,reservoir
AT,h5729,0.29917909217228156,scr1998,stInflow,reservoir
AT,h5730,0.29917909217228156,scr1998,stInflow,reservoir
AT,h5731,0.29917909217228156,scr1998,stInflow,reservoir
AT,h5732,0.29917909217228156,scr1998,stInflow,reservoir
AT,h5733,0.29917909217228156,scr1998,stInflow,reservoir
AT,h5734,0.29917909217228156,scr1998,stInflow,reservoir
AT,h5735,0.29917909217228156,scr1998,stInflow,reservoir
AT,h5736,0.29917909217228156,scr1998,stInflow,reservoir
AT,h5737,0.29917909217228156,scr1998,stInflow,reservoir
AT,h5738,0.29917909217228156,scr1998,stInflow,reservoir
AT,h5739,0.29917909217228156,scr1998,stInflow,reservoir
AT,h5740,0.29917909217228156,scr1998,stInflow,reservoir
AT,h5741,0.29917909217228156,scr1998,stInflow,reservoir
AT,h5742,0.29917909217228156,scr1998,stInflow,reservoir
AT,h5743,0.29917909217228156,scr1998,stInflow,reservoir
AT,h5744,0.29917909217228156,scr1998,stInflow,reservoir
AT,h5745,0.29917909217228156,scr1998,stInflow,reservoir
AT,h5746,0.29917909217228156,scr1998,stInflow,reservoir
AT,h5747,0.29917909217228156,scr1998,stInflow,reservoir
AT,h5748,0.29917909217228156,scr1998,stInflow,reservoir
AT,h5749,0.29917909217228156,scr1998,stInflow,reservoir
AT,h5750,0.29917909217228156,scr1998,stInflow,reservoir
AT,h5751,0.29917909217228156,scr1998,stInflow,reservoir
AT,h5752,0.29917909217228156,scr1998,stInflow,reservoir
AT,h5753,0.29917909217228156,scr1998,stInflow,reservoir
AT,h5754,0.29917909217228156,scr1998,stInflow,reservoir
AT,h5755,0.29917909217228156,scr1998,stInflow,reservoir
AT,h5756,0.29917909217228156,scr1998,stInflow,reservoir
AT,h5757,0.29917909217228156,scr1998,stInflow,reservoir
AT,h5758,0.29917909217228156,scr1998,stInflow,reservoir
AT,h5759,0.29917909217228156,scr1998,stInflow,reservoir
AT,h5760,0.29917909217228156,scr1998,stInflow,reservoir
AT,h5761,0.29917909217228156,scr1998,stInflow,reservoir
AT,h5762,0.29917909217228156,scr1998,stInflow,reservoir
AT,h5763,0.29917909217228156,scr1998,stInflow,reservoir
AT,h5764,0.29917909217228156,scr1998,stInflow,reservoir
AT,h5765,0.29917909217228156,scr1998,stInflow,reservoir
AT,h5766,0.29917909217228156,scr1998,stInflow,reservoir
AT,h5767,0.29917909217228156,scr1998,stInflow,reservoir
AT,h5768,0.29917909217228156,scr1998,stInflow,reservoir
AT,h5769,0.29917909217228156,scr1998,stInflow,reservoir
AT,h5770,0.29917909217228156,scr1998,stInflow,reservoir
AT,h5771,0.29917909217228156,scr1998,stInflow,reservoir
AT,h5772,0.29917909217228156,scr1998,stInflow,reservoir
AT,h5773,0.29917909217228156,scr1998,stInflow,reservoir
AT,h5774,0.29917909217228156,scr1998,stInflow,reservoir
AT,h5775,0.29917909217228156,scr1998,stInflow,reservoir
AT,h5776,0.29917909217228156,scr1998,stInflow,reservoir
AT,h5777,0.29917909217228156,scr1998,stInflow,reservoir
AT,h5778,0.29917909217228156,scr1998,stInflow,reservoir
AT,h5779,0.29917909217228156,scr1998,stInflow,reservoir
AT,h5780,0.29917909217228156,scr1998,stInflow,reservoir
AT,h5781,0.29917909217228156,scr1998,stInflow,reservoir
AT,h5782,0.29917909217228156,scr1998,stInflow,reservoir
AT,h5783,0.29917909217228156,scr1998,stInflow,reservoir
AT,h5784,0.29917909217228156,scr1998,stInflow,reservoir
AT,h5785,0.29917909217228156,scr1998,stInflow,reservoir
AT,h5786,0.29917909217228156,scr1998,stInflow,reservoir
AT,h5787,0.29917909217228156,scr1998,stInflow,reservoir
AT,h5788,0.29917909217228156,scr1998,stInflow,reservoir
AT,h5789,0.29917909217228156,scr1998,stInflow,reservoir
AT,h5790,0.29917909217228156,scr1998,stInflow,reservoir
AT,h5791,0.29917909217228156,scr1998,stInflow,reservoir
AT,h5792,0.29917909217228156,scr1998,stInflow,reservoir
AT,h5793,0.29917909217228156,scr1998,stInflow,reservoir
AT,h5794,0.29917909217228156,scr1998,stInflow,reservoir
AT,h5795,0.29917909217228156,scr1998,stInflow,reservoir
AT,h5796,0.29917909217228156,scr1998,stInflow,reservoir
AT,h5797,0.29917909217228156,scr1998,stInflow,reservoir
AT,h5798,0.29917909217228156,scr1998,stInflow,reservoir
AT,h5799,0.29917909217228156,scr1998,stInflow,reservoir
AT,h5800,0.29917909217228156,scr1998,stInflow,reservoir
AT,h5801,0.29917909217228156,scr1998,stInflow,reservoir
AT,h5802,0.29917909217228156,scr1998,stInflow,reservoir
AT,h5803,0.29917909217228156,scr1998,stInflow,reservoir
AT,h5804,0.29917909217228156,scr1998,stInflow,reservoir
AT,h5805,0.29917909217228156,scr1998,stInflow,reservoir
AT,h5806,0.29917909217228156,scr1998,stInflow,reservoir
AT,h5807,0.29917909217228156,scr1998,stInflow,reservoir
AT,h5808,0.29917909217228156,scr1998,stInflow,reservoir
BG,h5065,0.04722062363108998,scr1998,stInflow,reservoir
BG,h5066,0.04722062363108998,scr1998,stInflow,reservoir
BG,h5067,0.04722062363108998,scr1998,stInflow,reservoir
BG,h5068,0.04722062363108998,scr1998,stInflow,reservoir
BG,h5069,0.04722062363108998,scr1998,stInflow,reservoir
BG,h5070,0.04722062363108998,scr1998,stInflow,reservoir
BG,h5071,0.04722062363108998,scr1998,stInflow,reservoir
BG,h5072,0.04722062363108998,scr1998,stInflow,reservoir
BG,h5073,0.04722062363108998,scr1998,stInflow,reservoir
BG,h5074,0.04722062363108998,scr1998,stInflow,reservoir
BG,h5075,0.04722062363108998,scr1998,stInflow,reservoir
BG,h5076,0.04722062363108998,scr1998,stInflow,reservoir
BG,h5077,0.04722062363108998,scr1998,stInflow,reservoir
BG,h5078,0.04722062363108998,scr1998,stInflow,reservoir
BG,h5079,0.04722062363108998,scr1998,stInflow,reservoir
BG,h5080,0.04722062363108998,scr1998,stInflow,reservoir
BG,h5081,0.04722062363108998,scr1998,stInflow,reservoir
BG,h5082,0.04722062363108998,scr1998,stInflow,reservoir
BG,h5083,0.04722062363108998,scr1998,stInflow,reservoir
BG,h5084,0.04722062363108998,scr1998,stInflow,reservoir
BG,h5085,0.04722062363108998,scr1998,stInflow,reservoir
BG,h5086,0.04722062363108998,scr1998,stInflow,reservoir
BG,h5087,0.04722062363108998,scr1998,stInflow,reservoir
BG,h5088,0.04722062363108998,scr1998,stInflow,reservoir
BG,h5089,0.04722062363108998,scr1998,stInflow,reservoir
BG,h5090,0.04722062363108998,scr1998,stInflow,reservoir
BG,h5091,0.04722062363108998,scr1998,stInflow,reservoir
BG,h5092,0.04722062363108998,scr1998,stInflow,reservoir
BG,h5093,0.04722062363108998,scr1998,stInflow,reservoir
BG,h5094,0.04722062363108998,scr1998,stInflow,reservoir
BG,h5095,0.04722062363108998,scr1998,stInflow,reservoir
BG,h5096,0.04722062363108998,scr1998,stInflow,reservoir
BG,h5097,0.04722062363108998,scr1998,stInflow,reservoir
BG,h5098,0.04722062363108998,scr1998,stInflow,reservoir
BG,h5099,0.04722062363108998,scr1998,stInflow,reservoir
BG,h5100,0.04722062363108998,scr1998,stInflow,reservoir
BG,h5101,0.04722062363108998,scr1998,stInflow,reservoir
BG,h5102,0.04722062363108998,scr1998,stInflow,reservoir
BG,h5103,0.04722062363108998,scr1998,stInflow,reservoir
BG,h5104,0.04722062363108998,scr1998,stInflow,reservoir
BG,h5105,0.04722062363108998,scr1998,stInflow,reservoir
BG,h5106,0.04722062363108998,scr1998,stInflow,reservoir
BG,h5107,0.04722062363108998,scr1998,stInflow,reservoir
BG,h5108,0.04722062363108998,scr1998,stInflow,reservoir
BG,h5109,0.04722062363108998,scr1998,stInflow,reservoir
BG,h5110,0.04722062363108998,scr1998,stInflow,reservoir
BG,h5111,0.04722062363108998,scr1998,stInflow,reservoir
BG,h5112,0.04722062363108998,scr1998,stInflow,reservoir
BG,h5113,0.04722062363108998,scr1998,stInflow,reservoir
BG,h5114,0.04722062363108998,scr1998,stInflow,reservoir
BG,h5115,0.04722062363108998,scr1998,stInflow,reservoir
BG,h5116,0.04722062363108998,scr1998,stInflow,reservoir
BG,h5117,0.04722062363108998,scr1998,stInflow,reservoir
BG,h5118,0.04722062363108998,scr1998,stInflow,reservoir
BG,h5119,0.04722062363108998,scr1998,stInflow,reservoir
BG,h5120,0.04722062363108998,scr1998,stInflow,reservoir
BG,h5121,0.04722062363108998,scr1998,stInflow,reservoir
BG,h5122,0.04722062363108998,scr1998,stInflow,reservoir
BG,h5123,0.04722062363108998,scr1998,stInflow,reservoir
BG,h5124,0.04722062363108998,scr1998,stInflow,reservoir
BG,h5125,0.04722062363108998,scr1998,stInflow,reservoir
BG,h5126,0.04722062363108998,scr1998,stInflow,reservoir
BG,h5127,0.04722062363108998,scr1998,stInflow,reservoir
BG,h5128,0.04722062363108998,scr1998,stInflow,reservoir
BG,h5129,0.04722062363108998,scr1998,stInflow,reservoir
BG,h5130,0.04722062363108998,scr1998,stInflow,reservoir
BG,h5131,0.04722062363108998,scr1998,stInflow,reservoir
BG,h5132,0.04722062363108998,scr1998,stInflow,reservoir
BG,h5133,0.04722062363108998,scr1998,stInflow,reservoir
BG,h5134,0.04722062363108998,scr1998,stInflow,reservoir
BG,h5135,0.04722062363108998,scr1998,stInflow,reservoir
BG,h5136,0.04722062363108998,scr1998,stInflow,reservoir
BG,h5137,0.03778570424208471,scr1998,stInflow,reservoir
BG,h5138,0.028351022928539905,scr1998,stInflow,reservoir
BG,h5139,0.0189166616233868,scr1998,stInflow,reservoir
BG,h5140,0.0189166616233868,scr1998,stInflow,reservoir
BG,h5141,0.0189166616233868,scr1998,stInflow,reservoir
BG,h5142,0.0189166616233868,scr1998,stInflow,reservoir
BG,h5143,0.0189166616233868,scr1998,stInflow,reservoir
BG,h5144,0.0189166616233868,scr1998,stInflow,reservoir
BG,h5145,0.0189166616233868,scr1998,stInflow,reservoir
BG,h5146,0.0189166616233868,scr1998,stInflow,reservoir
BG,h5147,0.0189166616233868,scr1998,stInflow,reservoir
BG,h5148,0.0189166616233868,scr1998,stInflow,reservoir
BG,h5149,0.0189166616233868,scr1998,stInflow,reservoir
BG,h5150,0.0189166616233868,scr1998,stInflow,reservoir
BG,h5151,0.0189166616233868,scr1998,stInflow,reservoir
BG,h5152,0.0189166616233868,scr1998,stInflow,reservoir
BG,h5153,0.0189166616233868,scr1998,stInflow,reservoir
BG,h5154,0.0189166616233868,scr1998,stInflow,reservoir
BG,h5155,0.0189166616233868,scr1998,stInflow,reservoir
BG,h5156,0.0189166616233868,scr1998,stInflow,reservoir
BG,h5157,0.0189166616233868,scr1998,stInflow,reservoir
BG,h5158,0.0189166616233868,scr1998,stInflow,reservoir
BG,h5159,0.0189166616233868,scr1998,stInflow,reservoir
BG,h5160,0.0189166616233868,scr1998,stInflow,reservoir
BG,h5161,0.0189166616233868,scr1998,stInflow,reservoir
BG,h5162,0.0189166616233868,scr1998,stInflow,reservoir
BG,h5163,0.0189166616233868,scr1998,stInflow,reservoir
BG,h5164,0.0189166616233868,scr1998,stInflow,reservoir
BG,h5165,0.0189166616233868,scr1998,stInflow,reservoir
BG,h5166,0.0189166616233868,scr1998,stInflow,reservoir
BG,h5167,0.0189166616233868,scr1998,stInflow,reservoir
BG,h5168,0.0189166616233868,scr1998,stInflow,reservoir
BG,h5169,0.0189166616233868,scr1998,stInflow,reservoir
BG,h5170,0.0189166616233868,scr1998,stInflow,reservoir
BG,h5171,0.0189166616233868,scr1998,stInflow,reservoir
BG,h5172,0.0189166616233868,scr1998,stInflow,reservoir
BG,h5173,0.0189166616233868,scr1998,stInflow,reservoir
BG,h5174,0.0189166616233868,scr1998,stInflow,reservoir
BG,h5175,0.0189166616233868,scr1998,stInflow,reservoir
BG,h5176,0.0189166616233868,scr1998,stInflow,reservoir
BG,h5177,0.0189166616233868,scr1998,stInflow,reservoir
BG,h5178,0.0189166616233868,scr1998,stInflow,reservoir
BG,h5179,0.0189166616233868,scr1998,stInflow,reservoir
BG,h5180,0.0189166616233868,scr1998,stInflow,reservoir
BG,h5181,0.0189166616233868,scr1998,stInflow,reservoir
BG,h5182,0.0189166616233868,scr1998,stInflow,reservoir
BG,h5183,0.0189166616233868,scr1998,stInflow,reservoir
BG,h5184,0.0189166616233868,scr1998,stInflow,reservoir
BG,h5185,0.0189166616233868,scr1998,stInflow,reservoir
BG,h5186,0.0189166616233868,scr1998,stInflow,reservoir
BG,h5187,0.0189166616233868,scr1998,stInflow,reservoir
BG,h5188,0.0189166616233868,scr1998,stInflow,reservoir
BG,h5189,0.0189166616233868,scr1998,stInflow,reservoir
BG,h5190,0.0189166616233868,scr1998,stInflow,reservoir
BG,h5191,0.0189166616233868,scr1998,stInflow,reservoir
BG,h5192,0.0189166616233868,scr1998,stInflow,reservoir
BG,h5193,0.0189166616233868,scr1998,stInflow,reservoir
BG,h5194,0.0189166616233868,scr1998,stInflow,reservoir
BG,h5195,0.0189166616233868,scr1998,stInflow,reservoir
BG,h5196,0.0189166616233868,scr1998,stInflow,reservoir
BG,h5197,0.0189166616233868,scr1998,stInflow,reservoir
BG,h5198,0.0189166616233868,scr1998,stInflow,reservoir
BG,h5199,0.0189166616233868,scr1998,stInflow,reservoir
BG,h5200,0.0189166616233868,scr1998,stInflow,reservoir
BG,h5201,0.0189166616233868,scr1998,stInflow,reservoir
BG,h5202,0.0189166616233868,scr1998,stInflow,reservoir
BG,h5203,0.0189166616233868,scr1998,stInflow,reservoir
BG,h5204,0.0189166616233868,scr1998,stInflow,reservoir
BG,h5205,0.0189166616233868,scr1998,stInflow,reservoir
BG,h5206,0.0189166616233868,scr1998,stInflow,reservoir
BG,h5207,0.0189166616233868,scr1998,stInflow,reservoir
BG,h5208,0.0189166616233868,scr1998,stInflow,reservoir
BG,h5209,0.0189166616233868,scr1998,stInflow,reservoir
BG,h5210,0.0189166616233868,scr1998,stInflow,reservoir
BG,h5211,0.0189166616233868,scr1998,stInflow,reservoir
BG,h5212,0.0189166616233868,scr1998,stInflow,reservoir
BG,h5213,0.0189166616233868,scr1998,stInflow,reservoir
BG,h5214,0.0189166616233868,scr1998,stInflow,reservoir
BG,h5215,0.0189166616233868,scr1998,stInflow,reservoir
BG,h5216,0.0189166616233868,scr1998,stInflow,reservoir
BG,h5217,0.0189166616233868,scr1998,stInflow,reservoir
BG,h5218,0.0189166616233868,scr1998,stInflow,reservoir
BG,h5219,0.0189166616233868,scr1998,stInflow,reservoir
BG,h5220,0.0189166616233868,scr1998,stInflow,reservoir
BG,h5221,0.0189166616233868,scr1998,stInflow,reservoir
BG,h5222,0.0189166616233868,scr1998,stInflow,reservoir
BG,h5223,0.0189166616233868,scr1998,stInflow,reservoir
BG,h5224,0.0189166616233868,scr1998,stInflow,reservoir
BG,h5225,0.0189166616233868,scr1998,stInflow,reservoir
BG,h5226,0.0189166616233868,scr1998,stInflow,reservoir
BG,h5227,0.0189166616233868,scr1998,stInflow,reservoir
BG,h5228,0.0189166616233868,scr1998,stInflow,reservoir
BG,h5229,0.0189166616233868,scr1998,stInflow,reservoir
BG,h5230,0.0189166616233868,scr1998,stInflow,reservoir
BG,h5231,0.0189166616233868,scr1998,stInflow,reservoir
BG,h5232,0.0189166616233868,scr1998,stInflow,reservoir
BG,h5233,0.0189166616233868,scr1998,stInflow,reservoir
BG,h5234,0.0189166616233868,scr1998,stInflow,reservoir
BG,h5235,0.0189166616233868,scr1998,stInflow,reservoir
BG,h5236,0.0189166616233868,scr1998,stInflow,reservoir
BG,h5237,0.0189166616233868,scr1998,stInflow,reservoir
BG,h5238,0.0189166616233868,scr1998,stInflow,reservoir
BG,h5239,0.0189166616233868,scr1998,stInflow,reservoir
BG,h5240,0.0189166616233868,scr1998,stInflow,reservoir
BG,h5241,0.0189166616233868,scr1998,stInflow,reservoir
BG,h5242,0.0189166616233868,scr1998,stInflow,reservoir
BG,h5243,0.0189166616233868,scr1998,stInflow,reservoir
BG,h5244,0.0189166616233868,scr1998,stInflow,reservoir
BG,h5245,0.0189166616233868,scr1998,stInflow,reservoir
BG,h5246,0.0189166616233868,scr1998,stInflow,reservoir
BG,h5247,0.0189166616233868,scr1998,stInflow,reservoir
BG,h5248,0.0189166616233868,scr1998,stInflow,reservoir
BG,h5249,0.0189166616233868,scr1998,stInflow,reservoir
BG,h5250,0.0189166616233868,scr1998,stInflow,reservoir
BG,h5251,0.0189166616233868,scr1998,stInflow,reservoir
BG,h5252,0.0189166616233868,scr1998,stInflow,reservoir
BG,h5253,0.0189166616233868,scr1998,stInflow,reservoir
BG,h5254,0.0189166616233868,scr1998,stInflow,reservoir
BG,h5255,0.0189166616233868,scr1998,stInflow,reservoir
BG,h5256,0.0189166616233868,scr1998,stInflow,reservoir
BG,h5257,0.0189166616233868,scr1998,stInflow,reservoir
BG,h5258,0.0189166616233868,scr1998,stInflow,reservoir
BG,h5259,0.0189166616233868,scr1998,stInflow,reservoir
BG,h5260,0.0189166616233868,scr1998,stInflow,reservoir
BG,h5261,0.0189166616233868,scr1998,stInflow,reservoir
BG,h5262,0.0189166616233868,scr1998,stInflow,reservoir
BG,h5263,0.0189166616233868,scr1998,stInflow,reservoir
BG,h5264,0.0189166616233868,scr1998,stInflow,reservoir
BG,h5265,0.0189166616233868,scr1998,stInflow,reservoir
BG,h5266,0.0189166616233868,scr1998,stInflow,reservoir
BG,h5267,0.0189166616233868,scr1998,stInflow,reservoir
BG,h5268,0.0189166616233868,scr1998,stInflow,reservoir
BG,h5269,0.0189166616233868,scr1998,stInflow,reservoir
BG,h5270,0.0189166616233868,scr1998,stInflow,reservoir
BG,h5271,0.0189166616233868,scr1998,stInflow,reservoir
BG,h5272,0.0189166616233868,scr1998,stInflow,reservoir
BG,h5273,0.0189166616233868,scr1998,stInflow,reservoir
BG,h5274,0.0189166616233868,scr1998,stInflow,reservoir
BG,h5275,0.0189166616233868,scr1998,stInflow,reservoir
BG,h5276,0.0189166616233868,scr1998,stInflow,reservoir
BG,h5277,0.0189166616233868,scr1998,stInflow,reservoir
BG,h5278,0.0189166616233868,scr1998,stInflow,reservoir
BG,h5279,0.0189166616233868,scr1998,stInflow,reservoir
BG,h5280,0.0189166616233868,scr1998,stInflow,reservoir
BG,h5281,0.0189166616233868,scr1998,stInflow,reservoir
BG,h5282,0.0189166616233868,scr1998,stInflow,reservoir
BG,h5283,0.0189166616233868,scr1998,stInflow,reservoir
BG,h5284,0.0189166616233868,scr1998,stInflow,reservoir
BG,h5285,0.0189166616233868,scr1998,stInflow,reservoir
BG,h5286,0.0189166616233868,scr1998,stInflow,reservoir
BG,h5287,0.0189166616233868,scr1998,stInflow,reservoir
BG,h5288,0.0189166616233868,scr1998,stInflow,reservoir
BG,h5289,0.0189166616233868,scr1998,stInflow,reservoir
BG,h5290,0.0189166616233868,scr1998,stInflow,reservoir
BG,h5291,0.0189166616233868,scr1998,stInflow,reservoir
BG,h5292,0.0189166616233868,scr1998,stInflow,reservoir
BG,h5293,0.0189166616233868,scr1998,stInflow,reservoir
BG,h5294,0.0189166616233868,scr1998,stInflow,reservoir
BG,h5295,0.0189166616233868,scr1998,stInflow,reservoir
BG,h5296,0.0189166616233868,scr1998,stInflow,reservoir
BG,h5297,0.0189166616233868,scr1998,stInflow,reservoir
BG,h5298,0.0189166616233868,scr1998,stInflow,reservoir
BG,h5299,0.0189166616233868,scr1998,stInflow,reservoir
BG,h5300,0.0189166616233868,scr1998,stInflow,reservoir
BG,h5301,0.0189166616233868,scr1998,stInflow,reservoir
BG,h5302,0.0189166616233868,scr1998,stInflow,reservoir
BG,h5303,0.0189166616233868,scr1998,stInflow,reservoir
BG,h5304,0.0189166616233868,scr1998,stInflow,reservoir
BG,h5305,0.014708636670023626,scr1998,stInflow,reservoir
BG,h5306,0.010500733799123372,scr1998,stInflow,reservoir
BG,h5307,0.0062930043783016,scr1998,stInflow,reservoir
BG,h5308,0.0062930043783016,scr1998,stInflow,reservoir
BG,h5309,0.0062930043783016,scr1998,stInflow,reservoir
BG,h5310,0.0062930043783016,scr1998,stInflow,reservoir
BG,h5311,0.0062930043783016,scr1998,stInflow,reservoir
BG,h5312,0.0062930043783016,scr1998,stInflow,reservoir
BG,h5313,0.0062930043783016,scr1998,stInflow,reservoir
BG,h5314,0.0062930043783016,scr1998,stInflow,reservoir
BG,h5315,0.0062930043783016,scr1998,stInflow,reservoir
BG,h5316,0.0062930043783016,scr1998,stInflow,reservoir
BG,h5317,0.0062930043783016,scr1998,stInflow,reservoir
BG,h5318,0.0062930043783016,scr1998,stInflow,reservoir
BG,h5319,0.0062930043783016,scr1998,stInflow,reservoir
BG,h5320,0.0062930043783016,scr1998,stInflow,reservoir
BG,h5321,0.0062930043783016,scr1998,stInflow,reservoir
BG,h5322,0.0062930043783016,scr1998,stInflow,reservoir
BG,h5323,0.0062930043783016,scr1998,stInflow,reservoir
BG,h5324,0.0062930043783016,scr1998,stInflow,reservoir
BG,h5325,0.0062930043783016,scr1998,stInflow,reservoir
BG,h5326,0.0062930043783016,scr1998,stInflow,reservoir
BG,h5327,0.0062930043783016,scr1998,stInflow,reservoir
BG,h5328,0.0062930043783016,scr1998,stInflow,reservoir
BG,h5329,0.0062930043783016,scr1998,stInflow,reservoir
BG,h5330,0.0062930043783016,scr1998,stInflow,reservoir
BG,h5331,0.0062930043783016,scr1998,stInflow,reservoir
BG,h5332,0.0062930043783016,scr1998,stInflow,reservoir
BG,h5333,0.0062930043783016,scr1998,stInflow,reservoir
BG,h5334,0.0062930043783016,scr1998,stInflow,reservoir
BG,h5335,0.0062930043783016,scr1998,stInflow,reservoir
BG,h5336,0.0062930043783016,scr1998,stInflow,reservoir
BG,h5337,0.0062930043783016,scr1998,stInflow,reservoir
BG,h5338,0.0062930043783016,scr1998,stInflow,reservoir
BG,h5339,0.0062930043783016,scr1998,stInflow,reservoir
BG,h5340,0.0062930043783016,scr1998,stInflow,reservoir
BG,h5341,0.0062930043783016,scr1998,stInflow,reservoir
BG,h5342,0.0062930043783016,scr1998,stInflow,reservoir
BG,h5343,0.0062930043783016,scr1998,stInflow,reservoir
BG,h5344,0.0062930043783016,scr1998,stInflow,reservoir
BG,h5345,0.0062930043783016,scr1998,stInflow,reservoir
BG,h5346,0.0062930043783016,scr1998,stInflow,reservoir
BG,h5347,0.0062930043783016,scr1998,stInflow,reservoir
BG,h5348,0.0062930043783016,scr1998,stInflow,reservoir
BG,h5349,0.0062930043783016,scr1998,stInflow,reservoir
BG,h5350,0.0062930043783016,scr1998,stInflow,reservoir
BG,h5351,0.0062930043783016,scr1998,stInflow,reservoir
BG,h5352,0.0062930043783016,scr1998,stInflow,reservoir
BG,h5353,0.0062930043783016,scr1998,stInflow,reservoir
BG,h5354,0.0062930043783016,scr1998,stInflow,reservoir
BG,h5355,0.0062930043783016,scr1998,stInflow,reservoir
BG,h5356,0.0062930043783016,scr1998,stInflow,reservoir
BG,h5357,0.0062930043783016,scr1998,stInflow,reservoir
BG,h5358,0.0062930043783016,scr1998,stInflow,reservoir
BG,h5359,0.0062930043783016,scr1998,stInflow,reservoir
BG,h5360,0.0062930043783016,scr1998,stInflow,reservoir
BG,h5361,0.0062930043783016,scr1998,stInflow,reservoir
BG,h5362,0.0062930043783016,scr1998,stInflow,reservoir
BG,h5363,0.0062930043783016,scr1998,stInflow,reservoir
BG,h5364,0.0062930043783016,scr1998,stInflow,reservoir
BG,h5365,0.0062930043783016,scr1998,stInflow,reservoir
BG,h5366,0.0062930043783016,scr1998,stInflow,reservoir
BG,h5367,0.0062930043783016,scr1998,stInflow,reservoir
BG,h5368,0.0062930043783016,scr1998,stInflow,reservoir
BG,h5369,0.0062930043783016,scr1998,stInflow,reservoir
BG,h5370,0.0062930043783016,scr1998,stInflow,reservoir
BG,h5371,0.0062930043783016,scr1998,stInflow,reservoir
BG,h5372,0.0062930043783016,scr1998,stInflow,reservoir
BG,h5373,0.0062930043783016,scr1998,stInflow,reservoir
BG,h5374,0.0062930043783016,scr1998,stInflow,reservoir
BG,h5375,0.0062930043783016,scr1998,stInflow,reservoir
BG,h5376,0.0062930043783016,scr1998,stInflow,reservoir
BG,h5377,0.0062930043783016,scr1998,stInflow,reservoir
BG,h5378,0.0062930043783016,scr1998,stInflow,reservoir
BG,h5379,0.0062930043783016,scr1998,stInflow,reservoir
BG,h5380,0.0062930043783016,scr1998,stInflow,reservoir
BG,h5381,0.0062930043783016,scr1998,stInflow,reservoir
BG,h5382,0.0062930043783016,scr1998,stInflow,reservoir
BG,h5383,0.0062930043783016,scr1998,stInflow,reservoir
BG,h5384,0.0062930043783016,scr1998,stInflow,reservoir
BG,h5385,0.0062930043783016,scr1998,stInflow,reservoir
BG,h5386,0.0062930043783016,scr1998,stInflow,reservoir
BG,h5387,0.0062930043783016,scr1998,stInflow,reservoir
BG,h5388,0.0062930043783016,scr1998,stInflow,reservoir
BG,h5389,0.0062930043783016,scr1998,stInflow,reservoir
BG,h5390,0.0062930043783016,scr1998,stInflow,reservoir
BG,h5391,0.0062930043783016,scr1998,stInflow,reservoir
BG,h5392,0.0062930043783016,scr1998,stInflow,reservoir
BG,h5393,0.0062930043783016,scr1998,stInflow,reservoir
BG,h5394,0.0062930043783016,scr1998,stInflow,reservoir
BG,h5395,0.0062930043783016,scr1998,stInflow,reservoir
BG,h5396,0.0062930043783016,scr1998,stInflow,reservoir
BG,h5397,0.0062930043783016,scr1998,stInflow,reservoir
BG,h5398,0.0062930043783016,scr1998,stInflow,reservoir
BG,h5399,0.0062930043783016,scr1998,stInflow,reservoir
BG,h5400,0.0062930043783016,scr1998,stInflow,reservoir
BG,h5401,0.0062930043783016,scr1998,stInflow,reservoir
BG,h5402,0.0062930043783016,scr1998,stInflow,reservoir
BG,h5403,0.0062930043783016,scr1998,stInflow,reservoir
BG,h5404,0.0062930043783016,scr1998,stInflow,reservoir
BG,h5405,0.0062930043783016,scr1998,stInflow,reservoir
BG,h5406,0.0062930043783016,scr1998,stInflow,reservoir
BG,h5407,0.0062930043783016,scr1998,stInflow,reservoir
BG,h5408,0.0062930043783016,scr1998,stInflow,reservoir
BG,h5409,0.0062930043783016,scr1998,stInflow,reservoir
BG,h5410,0.0062930043783016,scr1998,stInflow,reservoir
BG,h5411,0.0062930043783016,scr1998,stInflow,reservoir
BG,h5412,0.0062930043783016,scr1998,stInflow,reservoir
BG,h5413,0.0062930043783016,scr1998,stInflow,reservoir
BG,h5414,0.0062930043783016,scr1998,stInflow,reservoir
BG,h5415,0.0062930043783016,scr1998,stInflow,reservoir
BG,h5416,0.0062930043783016,scr1998,stInflow,reservoir
BG,h5417,0.0062930043783016,scr1998,stInflow,reservoir
BG,h5418,0.0062930043783016,scr1998,stInflow,reservoir
BG,h5419,0.0062930043783016,scr1998,stInflow,reservoir
BG,h5420,0.0062930043783016,scr1998,stInflow,reservoir
BG,h5421,0.0062930043783016,scr1998,stInflow,reservoir
BG,h5422,0.0062930043783016,scr1998,stInflow,reservoir
BG,h5423,0.0062930043783016,scr1998,stInflow,reservoir
BG,h5424,0.0062930043783016,scr1998,stInflow,reservoir
BG,h5425,0.0062930043783016,scr1998,stInflow,reservoir
BG,h5426,0.0062930043783016,scr1998,stInflow,reservoir
BG,h5427,0.0062930043783016,scr1998,stInflow,reservoir
BG,h5428,0.0062930043783016,scr1998,stInflow,reservoir
BG,h5429,0.0062930043783016,scr1998,stInflow,reservoir
BG,h5430,0.0062930043783016,scr1998,stInflow,reservoir
BG,h5431,0.0062930043783016,scr1998,stInflow,reservoir
BG,h5432,0.0062930043783016,scr1998,stInflow,reservoir
BG,h5433,0.0062930043783016,scr1998,stInflow,reservoir
BG,h5434,0.0062930043783016,scr1998,stInflow,reservoir
BG,h5435,0.0062930043783016,scr1998,stInflow,reservoir
BG,h5436,0.0062930043783016,scr1998,stInflow,reservoir
BG,h5437,0.0062930043783016,scr1998,stInflow,reservoir
BG,h5438,0.0062930043783016,scr1998,stInflow,reservoir
BG,h5439,0.0062930043783016,scr1998,stInflow,reservoir
BG,h5440,0.0062930043783016,scr1998,stInflow,reservoir
BG,h5441,0.0062930043783016,scr1998,stInflow,reservoir
BG,h5442,0.0062930043783016,scr1998,stInflow,reservoir
BG,h5443,0.0062930043783016,scr1998,stInflow,reservoir
BG,h5444,0.0062930043783016,scr1998,stInflow,reservoir
BG,h5445,0.0062930043783016,scr1998,stInflow,reservoir
BG,h5446,0.0062930043783016,scr1998,stInflow,reservoir
BG,h5447,0.0062930043783016,scr1998,stInflow,reservoir
BG,h5448,0.0062930043783016,scr1998,stInflow,reservoir
BG,h5449,0.0062930043783016,scr1998,stInflow,reservoir
BG,h5450,0.0062930043783016,scr1998,stInflow,reservoir
BG,h5451,0.0062930043783016,scr1998,stInflow,reservoir
BG,h5452,0.0062930043783016,scr1998,stInflow,reservoir
BG,h5453,0.0062930043783016,scr1998,stInflow,reservoir
BG,h5454,0.0062930043783016,scr1998,stInflow,reservoir
BG,h5455,0.0062930043783016,scr1998,stInflow,reservoir
BG,h5456,0.0062930043783016,scr1998,stInflow,reservoir
BG,h5457,0.0062930043783016,scr1998,stInflow,reservoir
BG,h5458,0.0062930043783016,scr1998,stInflow,reservoir
BG,h5459,0.0062930043783016,scr1998,stInflow,reservoir
BG,h5460,0.0062930043783016,scr1998,stInflow,reservoir
BG,h5461,0.0062930043783016,scr1998,stInflow,reservoir
BG,h5462,0.0062930043783016,scr1998,stInflow,reservoir
BG,h5463,0.0062930043783016,scr1998,stInflow,reservoir
BG,h5464,0.0062930043783016,scr1998,stInflow,reservoir
BG,h5465,0.0062930043783016,scr1998,stInflow,reservoir
BG,h5466,0.0062930043783016,scr1998,stInflow,reservoir
BG,h5467,0.0062930043783016,scr1998,stInflow,reservoir
BG,h5468,0.0062930043783016,scr1998,stInflow,reservoir
BG,h5469,0.0062930043783016,scr1998,stInflow,reservoir
BG,h5470,0.0062930043783016,scr1998,stInflow,reservoir
BG,h5471,0.0062930043783016,scr1998,stInflow,reservoir
BG,h5472,0.0062930043783016,scr1998,stInflow,reservoir
BG,h5473,0.006466435409370724,scr1998,stInflow,reservoir
BG,h5474,0.006639866905694533,scr1998,stInflow,reservoir
BG,h5475,0.006813298855117781,scr1998,stInflow,reservoir
BG,h5476,0.006813298855117781,scr1998,stInflow,reservoir
BG,h5477,0.006813298855117781,scr1998,stInflow,reservoir
BG,h5478,0.006813298855117781,scr1998,stInflow,reservoir
BG,h5479,0.006813298855117781,scr1998,stInflow,reservoir
BG,h5480,0.006813298855117781,scr1998,stInflow,reservoir
BG,h5481,0.006813298855117781,scr1998,stInflow,reservoir
BG,h5482,0.006813298855117781,scr1998,stInflow,reservoir
BG,h5483,0.006813298855117781,scr1998,stInflow,reservoir
BG,h5484,0.006813298855117781,scr1998,stInflow,reservoir
BG,h5485,0.006813298855117781,scr1998,stInflow,reservoir
BG,h5486,0.006813298855117781,scr1998,stInflow,reservoir
BG,h5487,0.006813298855117781,scr1998,stInflow,reservoir
BG,h5488,0.006813298855117781,scr1998,stInflow,reservoir
BG,h5489,0.006813298855117781,scr1998,stInflow,reservoir
BG,h5490,0.006813298855117781,scr1998,stInflow,reservoir
BG,h5491,0.006813298855117781,scr1998,stInflow,reservoir
BG,h5492,0.006813298855117781,scr1998,stInflow,reservoir
BG,h5493,0.006813298855117781,scr1998,stInflow,reservoir
BG,h5494,0.006813298855117781,scr1998,stInflow,reservoir
BG,h5495,0.006813298855117781,scr1998,stInflow,reservoir
BG,h5496,0.006813298855117781,scr1998,stInflow,reservoir
BG,h5497,0.006813298855117781,scr1998,stInflow,reservoir
BG,h5498,0.006813298855117781,scr1998,stInflow,reservoir
BG,h5499,0.006813298855117781,scr1998,stInflow,reservoir
BG,h5500,0.006813298855117781,scr1998,stInflow,reservoir
BG,h5501,0.006813298855117781,scr1998,stInflow,reservoir
BG,h5502,0.006813298855117781,scr1998,stInflow,reservoir
BG,h5503,0.006813298855117781,scr1998,stInflow,reservoir
BG,h5504,0.006813298855117781,scr1998,stInflow,reservoir
BG,h5505,0.006813298855117781,scr1998,stInflow,reservoir
BG,h5506,0.006813298855117781,scr1998,stInflow,reservoir
BG,h5507,0.006813298855117781,scr1998,stInflow,reservoir
BG,h5508,0.006813298855117781,scr1998,stInflow,reservoir
BG,h5509,0.006813298855117781,scr1998,stInflow,reservoir
BG,h5510,0.006813298855117781,scr1998,stInflow,reservoir
BG,h5511,0.006813298855117781,scr1998,stInflow,reservoir
BG,h5512,0.006813298855117781,scr1998,stInflow,reservoir
BG,h5513,0.006813298855117781,scr1998,stInflow,reservoir
BG,h5514,0.006813298855117781,scr1998,stInflow,reservoir
BG,h5515,0.006813298855117781,scr1998,stInflow,reservoir
BG,h5516,0.006813298855117781,scr1998,stInflow,reservoir
BG,h5517,0.006813298855117781,scr1998,stInflow,reservoir
BG,h5518,0.006813298855117781,scr1998,stInflow,reservoir
BG,h5519,0.006813298855117781,scr1998,stInflow,reservoir
BG,h5520,0.006813298855117781,scr1998,stInflow,reservoir
BG,h5521,0.006813298855117781,scr1998,stInflow,reservoir
BG,h5522,0.006813298855117781,scr1998,stInflow,reservoir
BG,h5523,0.006813298855117781,scr1998,stInflow,reservoir
BG,h5524,0.006813298855117781,scr1998,stInflow,reservoir
BG,h5525,0.006813298855117781,scr1998,stInflow,reservoir
BG,h5526,0.006813298855117781,scr1998,stInflow,reservoir
BG,h5527,0.006813298855117781,scr1998,stInflow,reservoir
BG,h5528,0.006813298855117781,scr1998,stInflow,reservoir
BG,h5529,0.006813298855117781,scr1998,stInflow,reservoir
BG,h5530,0.006813298855117781,scr1998,stInflow,reservoir
BG,h5531,0.006813298855117781,scr1998,stInflow,reservoir
BG,h5532,0.006813298855117781,scr1998,stInflow,reservoir
BG,h5533,0.006813298855117781,scr1998,stInflow,reservoir
BG,h5534,0.006813298855117781,scr1998,stInflow,reservoir
BG,h5535,0.006813298855117781,scr1998,stInflow,reservoir
BG,h5536,0.006813298855117781,scr1998,stInflow,reservoir
BG,h5537,0.006813298855117781,scr1998,stInflow,reservoir
BG,h5538,0.006813298855117781,scr1998,stInflow,reservoir
BG,h5539,0.006813298855117781,scr1998,stInflow,reservoir
BG,h5540,0.006813298855117781,scr1998,stInflow,reservoir
BG,h5541,0.006813298855117781,scr1998,stInflow,reservoir
BG,h5542,0.006813298855117781,scr1998,stInflow,reservoir
BG,h5543,0.006813298855117781,scr1998,stInflow,reservoir
BG,h5544,0.006813298855117781,scr1998,stInflow,reservoir
BG,h5545,0.006813298855117781,scr1998,stInflow,reservoir
BG,h5546,0.006813298855117781,scr1998,stInflow,reservoir
BG,h5547,0.006813298855117781,scr1998,stInflow,reservoir
BG,h5548,0.006813298855117781,scr1998,stInflow,reservoir
BG,h5549,0.006813298855117781,scr1998,stInflow,reservoir
BG,h5550,0.006813298855117781,scr1998,stInflow,reservoir
BG,h5551,0.006813298855117781,scr1998,stInflow,reservoir
BG,h5552,0.006813298855117781,scr1998,stInflow,reservoir
BG,h5553,0.006813298855117781,scr1998,stInflow,reservoir
BG,h5554,0.006813298855117781,scr1998,stInflow,reservoir
BG,h5555,0.006813298855117781,scr1998,stInflow,reservoir
BG,h5556,0.006813298855117781,scr1998,stInflow,reservoir
BG,h5557,0.006813298855117781,scr1998,stInflow,reservoir
BG,h5558,0.006813298855117781,scr1998,stInflow,reservoir
BG,h5559,0.006813298855117781,scr1998,stInflow,reservoir
BG,h5560,0.006813298855117781,scr1998,stInflow,reservoir
BG,h5561,0.006813298855117781,scr1998,stInflow,reservoir
BG,h5562,0.006813298855117781,scr1998,stInflow,reservoir
BG,h5563,0.006813298855117781,scr1998,stInflow,reservoir
BG,h5564,0.006813298855117781,scr1998,stInflow,reservoir
BG,h5565,0.006813298855117781,scr1998,stInflow,reservoir
BG,h5566,0.006813298855117781,scr1998,stInflow,reservoir
BG,h5567,0.006813298855117781,scr1998,stInflow,reservoir
BG,h5568,0.006813298855117781,scr1998,stInflow,reservoir
BG,h5569,0.006813298855117781,scr1998,stInflow,reservoir
BG,h5570,0.006813298855117781,scr1998,stInflow,reservoir
BG,h5571,0.006813298855117781,scr1998,stInflow,reservoir
BG,h5572,0.006813298855117781,scr1998,stInflow,reservoir
BG,h5573,0.006813298855117781,scr1998,stInflow,reservoir
BG,h5574,0.006813298855117781,scr1998,stInflow,reservoir
BG,h5575,0.006813298855117781,scr1998,stInflow,reservoir
BG,h5576,0.006813298855117781,scr1998,stInflow,reservoir
BG,h5577,0.006813298855117781,scr1998,stInflow,reservoir
BG,h5578,0.006813298855117781,scr1998,stInflow,reservoir
BG,h5579,0.006813298855117781,scr1998,stInflow,reservoir
BG,h5580,0.006813298855117781,scr1998,stInflow,reservoir
BG,h5581,0.006813298855117781,scr1998,stInflow,reservoir
BG,h5582,0.006813298855117781,scr1998,stInflow,reservoir
BG,h5583,0.006813298855117781,scr1998,stInflow,reservoir
BG,h5584,0.006813298855117781,scr1998,stInflow,reservoir
BG,h5585,0.006813298855117781,scr1998,stInflow,reservoir
BG,h5586,0.006813298855117781,scr1998,stInflow,reservoir
BG,h5587,0.006813298855117781,scr1998,stInflow,reservoir
BG,h5588,0.006813298855117781,scr1998,stInflow,reservoir
BG,h5589,0.006813298855117781,scr1998,stInflow,reservoir
BG,h5590,0.006813298855117781,scr1998,stInflow,reservoir
BG,h5591,0.006813298855117781,scr1998,stInflow,reservoir
BG,h5592,0.006813298855117781,scr1998,stInflow,reservoir
BG,h5593,0.006813298855117781,scr1998,stInflow,reservoir
BG,h5594,0.006813298855117781,scr1998,stInflow,reservoir
BG,h5595,0.006813298855117781,scr1998,stInflow,reservoir
BG,h5596,0.006813298855117781,scr1998,stInflow,reservoir
BG,h5597,0.006813298855117781,scr1998,stInflow,reservoir
BG,h5598,0.006813298855117781,scr1998,stInflow,reservoir
BG,h5599,0.006813298855117781,scr1998,stInflow,reservoir
BG,h5600,0.006813298855117781,scr1998,stInflow,reservoir
BG,h5601,0.006813298855117781,scr1998,stInflow,reservoir
BG,h5602,0.006813298855117781,scr1998,stInflow,reservoir
BG,h5603,0.006813298855117781,scr1998,stInflow,reservoir
BG,h5604,0.006813298855117781,scr1998,stInflow,reservoir
BG,h5605,0.006813298855117781,scr1998,stInflow,reservoir
BG,h5606,0.006813298855117781,scr1998,stInflow,reservoir
BG,h5607,0.006813298855117781,scr1998,stInflow,reservoir
BG,h5608,0.006813298855117781,scr1998,stInflow,reservoir
BG,h5609,0.006813298855117781,scr1998,stInflow,reservoir
BG,h5610,0.006813298855117781,scr1998,stInflow,reservoir
BG,h5611,0.006813298855117781,scr1998,stInflow,reservoir
BG,h5612,0.006813298855117781,scr1998,stInflow,reservoir
BG,h5613,0.006813298855117781,scr1998,stInflow,reservoir
BG,h5614,0.006813298855117781,scr1998,stInflow,reservoir
BG,h5615,0.006813298855117781,scr1998,stInflow,reservoir
BG,h5616,0.006813298855117781,scr1998,stInflow,reservoir
BG,h5617,0.006813298855117781,scr1998,stInflow,reservoir
BG,h5618,0.006813298855117781,scr1998,stInflow,reservoir
BG,h5619,0.006813298855117781,scr1998,stInflow,reservoir
BG,h5620,0.006813298855117781,scr1998,stInflow,reservoir
BG,h5621,0.006813298855117781,scr1998,stInflow,reservoir
BG,h5622,0.006813298855117781,scr1998,stInflow,reservoir
BG,h5623,0.006813298855117781,scr1998,stInflow,reservoir
BG,h5624,0.006813298855117781,scr1998,stInflow,reservoir
BG,h5625,0.006813298855117781,scr1998,stInflow,reservoir
BG,h5626,0.006813298855117781,scr1998,stInflow,reservoir
BG,h5627,0.006813298855117781,scr1998,stInflow,reservoir
BG,h5628,0.006813298855117781,scr1998,stInflow,reservoir
BG,h5629,0.006813298855117781,scr1998,stInflow,reservoir
BG,h5630,0.006813298855117781,scr1998,stInflow,reservoir
BG,h5631,0.006813298855117781,scr1998,stInflow,reservoir
BG,h5632,0.006813298855117781,scr1998,stInflow,reservoir
BG,h5633,0.006813298855117781,scr1998,stInflow,reservoir
BG,h5634,0.006813298855117781,scr1998,stInflow,reservoir
BG,h5635,0.006813298855117781,scr1998,stInflow,reservoir
BG,h5636,0.006813298855117781,scr1998,stInflow,reservoir
BG,h5637,0.006813298855117781,scr1998,stInflow,reservoir
BG,h5638,0.006813298855117781,scr1998,stInflow,reservoir
BG,h5639,0.006813298855117781,scr1998,stInflow,reservoir
BG,h5640,0.006813298855117781,scr1998,stInflow,reservoir
BG,h5641,0.008783377117318877,scr1998,stInflow,reservoir
BG,h5642,0.010753499949395185,scr1998,stInflow,reservoir
BG,h5643,0.012723659081996519,scr1998,stInflow,reservoir
BG,h5644,0.012723659081996519,scr1998,stInflow,reservoir
BG,h5645,0.012723659081996519,scr1998,stInflow,reservoir
BG,h5646,0.012723659081996519,scr1998,stInflow,reservoir
BG,h5647,0.012723659081996519,scr1998,stInflow,reservoir
BG,h5648,0.012723659081996519,scr1998,stInflow,reservoir
BG,h5649,0.012723659081996519,scr1998,stInflow,reservoir
BG,h5650,0.012723659081996519,scr1998,stInflow,reservoir
BG,h5651,0.012723659081996519,scr1998,stInflow,reservoir
BG,h5652,0.012723659081996519,scr1998,stInflow,reservoir
BG,h5653,0.012723659081996519,scr1998,stInflow,reservoir
BG,h5654,0.012723659081996519,scr1998,stInflow,reservoir
BG,h5655,0.012723659081996519,scr1998,stInflow,reservoir
BG,h5656,0.012723659081996519,scr1998,stInflow,reservoir
BG,h5657,0.012723659081996519,scr1998,stInflow,reservoir
BG,h5658,0.012723659081996519,scr1998,stInflow,reservoir
BG,h5659,0.012723659081996519,scr1998,stInflow,reservoir
BG,h5660,0.012723659081996519,scr1998,stInflow,reservoir
BG,h5661,0.012723659081996519,scr1998,stInflow,reservoir
BG,h5662,0.012723659081996519,scr1998,stInflow,reservoir
BG,h5663,0.012723659081996519,scr1998,stInflow,reservoir
BG,h5664,0.012723659081996519,scr1998,stInflow,reservoir
BG,h5665,0.012723659081996519,scr1998,stInflow,reservoir
BG,h5666,0.012723659081996519,scr1998,stInflow,reservoir
BG,h5667,0.012723659081996519,scr1998,stInflow,reservoir
BG,h5668,0.012723659081996519,scr1998,stInflow,reservoir
BG,h5669,0.012723659081996519,scr1998,stInflow,reservoir
BG,h5670,0.012723659081996519,scr1998,stInflow,reservoir
BG,h5671,0.012723659081996519,scr1998,stInflow,reservoir
BG,h5672,0.012723659081996519,scr1998,stInflow,reservoir
BG,h5673,0.012723659081996519,scr1998,stInflow,reservoir
BG,h5674,0.012723659081996519,scr1998,stInflow,reservoir
BG,h5675,0.012723659081996519,scr1998,stInflow,reservoir
BG,h5676,0.012723659081996519,scr1998,stInflow,reservoir
BG,h5677,0.012723659081996519,scr1998,stInflow,reservoir
BG,h5678,0.012723659081996519,scr1998,stInflow,reservoir
BG,h5679,0.012723659081996519,scr1998,stInflow,reservoir
BG,h5680,0.012723659081996519,scr1998,stInflow,reservoir
BG,h5681,0.012723659081996519,scr1998,stInflow,reservoir
BG,h5682,0.012723659081996519,scr1998,stInflow,reservoir
BG,h5683,0.012723659081996519,scr1998,stInflow,reservoir
BG,h5684,0.012723659081996519,scr1998,stInflow,reservoir
BG,h5685,0.012723659081996519,scr1998,stInflow,reservoir
BG,h5686,0.012723659081996519,scr1998,stInflow,reservoir
BG,h5687,0.012723659081996519,scr1998,stInflow,reservoir
BG,h5688,0.012723659081996519,scr1998,stInflow,reservoir
BG,h5689,0.012723659081996519,scr1998,stInflow,reservoir
BG,h5690,0.012723659081996519,scr1998,stInflow,reservoir
BG,h5691,0.012723659081996519,scr1998,stInflow,reservoir
BG,h5692,0.012723659081996519,scr1998,stInflow,reservoir
BG,h5693,0.012723659081996519,scr1998,stInflow,reservoir
BG,h5694,0.012723659081996519,scr1998,stInflow,reservoir
BG,h5695,0.012723659081996519,scr1998,stInflow,reservoir
BG,h5696,0.012723659081996519,scr1998,stInflow,reservoir
BG,h5697,0.012723659081996519,scr1998,stInflow,reservoir
BG,h5698,0.012723659081996519,scr1998,stInflow,reservoir
BG,h5699,0.012723659081996519,scr1998,stInflow,reservoir
BG,h5700,0.012723659081996519,scr1998,stInflow,reservoir
BG,h5701,0.012723659081996519,scr1998,stInflow,reservoir
BG,h5702,0.012723659081996519,scr1998,stInflow,reservoir
BG,h5703,0.012723659081996519,scr1998,stInflow,reservoir
BG,h5704,0.012723659081996519,scr1998,stInflow,reservoir
BG,h5705,0.012723659081996519,scr1998,stInflow,reservoir
BG,h5706,0.012723659081996519,scr1998,stInflow,reservoir
BG,h5707,0.012723659081996519,scr1998,stInflow,reservoir
BG,h5708,0.012723659081996519,scr1998,stInflow,reservoir
BG,h5709,0.012723659081996519,scr1998,stInflow,reservoir
BG,h5710,0.012723659081996519,scr1998,stInflow,reservoir
BG,h5711,0.012723659081996519,scr1998,stInflow,reservoir
BG,h5712,0.012723659081996519,scr1998,stInflow,reservoir
BG,h5713,0.012723659081996519,scr1998,stInflow,reservoir
BG,h5714,0.012723659081996519,scr1998,stInflow,reservoir
BG,h5715,0.012723659081996519,scr1998,stInflow,reservoir
BG,h5716,0.012723659081996519,scr1998,stInflow,reservoir
BG,h5717,0.012723659081996519,scr1998,stInflow,reservoir
BG,h5718,0.012723659081996519,scr1998,stInflow,reservoir
BG,h5719,0.012723659081996519,scr1998,stInflow,reservoir
BG,h5720,0.012723659081996519,scr1998,stInflow,reservoir
BG,h5721,0.012723659081996519,scr1998,stInflow,reservoir
BG,h5722,0.012723659081996519,scr1998,stInflow,reservoir
BG,h5723,0.012723659081996519,scr1998,stInflow,reservoir
BG,h5724,0.012723659081996519,scr1998,stInflow,reservoir
BG,h5725,0.012723659081996519,scr1998,stInflow,reservoir
BG,h5726,0.012723659081996519,scr1998,stInflow,reservoir
BG,h5727,0.012723659081996519,scr1998,stInflow,reservoir
BG,h5728,0.012723659081996519,scr1998,stInflow,reservoir
BG,h5729,0.012723659081996519,scr1998,stInflow,reservoir
BG,h5730,0.012723659081996519,scr1998,stInflow,reservoir
BG,h5731,0.012723659081996519,scr1998,stInflow,reservoir
BG,h5732,0.012723659081996519,scr1998,stInflow,reservoir
BG,h5733,0.012723659081996519,scr1998,stInflow,reservoir
BG,h5734,0.012723659081996519,scr1998,stInflow,reservoir
BG,h5735,0.012723659081996519,scr1998,stInflow,reservoir
BG,h5736,0.012723659081996519,scr1998,stInflow,reservoir
BG,h5737,0.012723659081996519,scr1998,stInflow,reservoir
BG,h5738,0.012723659081996519,scr1998,stInflow,reservoir
BG,h5739,0.012723659081996519,scr1998,stInflow,reservoir
BG,h5740,0.012723659081996519,scr1998,stInflow,reservoir
BG,h5741,0.012723659081996519,scr1998,stInflow,reservoir
BG,h5742,0.012723659081996519,scr1998,stInflow,reservoir
BG,h5743,0.012723659081996519,scr1998,stInflow,reservoir
BG,h5744,0.012723659081996519,scr1998,stInflow,reservoir
BG,h5745,0.012723659081996519,scr1998,stInflow,reservoir
BG,h5746,0.012723659081996519,scr1998,stInflow,reservoir
BG,h5747,0.012723659081996519,scr1998,stInflow,reservoir
BG,h5748,0.012723659081996519,scr1998,stInflow,reservoir
BG,h5749,0.012723659081996519,scr1998,stInflow,reservoir
BG,h5750,0.012723659081996519,scr1998,stInflow,reservoir
BG,h5751,0.012723659081996519,scr1998,stInflow,reservoir
BG,h5752,0.012723659081996519,scr1998,stInflow,reservoir
BG,h5753,0.012723659081996519,scr1998,stInflow,reservoir
BG,h5754,0.012723659081996519,scr1998,stInflow,reservoir
BG,h5755,0.012723659081996519,scr1998,stInflow,reservoir
BG,h5756,0.012723659081996519,scr1998,stInflow,reservoir
BG,h5757,0.012723659081996519,scr1998,stInflow,reservoir
BG,h5758,0.012723659081996519,scr1998,stInflow,reservoir
BG,h5759,0.012723659081996519,scr1998,stInflow,reservoir
BG,h5760,0.012723659081996519,scr1998,stInflow,reservoir
BG,h5761,0.012723659081996519,scr1998,stInflow,reservoir
BG,h5762,0.012723659081996519,scr1998,stInflow,reservoir
BG,h5763,0.012723659081996519,scr1998,stInflow,reservoir
BG,h5764,0.012723659081996519,scr1998,stInflow,reservoir
BG,h5765,0.012723659081996519,scr1998,stInflow,reservoir
BG,h5766,0.012723659081996519,scr1998,stInflow,reservoir
BG,h5767,0.012723659081996519,scr1998,stInflow,reservoir
BG,h5768,0.012723659081996519,scr1998,stInflow,reservoir
BG,h5769,0.012723659081996519,scr1998,stInflow,reservoir
BG,h5770,0.012723659081996519,scr1998,stInflow,reservoir
BG,h5771,0.012723659081996519,scr1998,stInflow,reservoir
BG,h5772,0.012723659081996519,scr1998,stInflow,reservoir
BG,h5773,0.012723659081996519,scr1998,stInflow,reservoir
BG,h5774,0.012723659081996519,scr1998,stInflow,reservoir
BG,h5775,0.012723659081996519,scr1998,stInflow,reservoir
BG,h5776,0.012723659081996519,scr1998,stInflow,reservoir
BG,h5777,0.012723659081996519,scr1998,stInflow,reservoir
BG,h5778,0.012723659081996519,scr1998,stInflow,reservoir
BG,h5779,0.012723659081996519,scr1998,stInflow,reservoir
BG,h5780,0.012723659081996519,scr1998,stInflow,reservoir
BG,h5781,0.012723659081996519,scr1998,stInflow,reservoir
BG,h5782,0.012723659081996519,scr1998,stInflow,reservoir
BG,h5783,0.012723659081996519,scr1998,stInflow,reservoir
BG,h5784,0.012723659081996519,scr1998,stInflow,reservoir
BG,h5785,0.012723659081996519,scr1998,stInflow,reservoir
BG,h5786,0.012723659081996519,scr1998,stInflow,reservoir
BG,h5787,0.012723659081996519,scr1998,stInflow,reservoir
BG,h5788,0.012723659081996519,scr1998,stInflow,reservoir
BG,h5789,0.012723659081996519,scr1998,stInflow,reservoir
BG,h5790,0.012723659081996519,scr1998,stInflow,reservoir
BG,h5791,0.012723659081996519,scr1998,stInflow,reservoir
BG,h5792,0.012723659081996519,scr1998,stInflow,reservoir
BG,h5793,0.012723659081996519,scr1998,stInflow,reservoir
BG,h5794,0.012723659081996519,scr1998,stInflow,reservoir
BG,h5795,0.012723659081996519,scr1998,stInflow,reservoir
BG,h5796,0.012723659081996519,scr1998,stInflow,reservoir
BG,h5797,0.012723659081996519,scr1998,stInflow,reservoir
BG,h5798,0.012723659081996519,scr1998,stInflow,reservoir
BG,h5799,0.012723659081996519,scr1998,stInflow,reservoir
BG,h5800,0.012723659081996519,scr1998,stInflow,reservoir
BG,h5801,0.012723659081996519,scr1998,stInflow,reservoir
BG,h5802,0.012723659081996519,scr1998,stInflow,reservoir
BG,h5803,0.012723659081996519,scr1998,stInflow,reservoir
BG,h5804,0.012723659081996519,scr1998,stInflow,reservoir
BG,h5805,0.012723659081996519,scr1998,stInflow,reservoir
BG,h5806,0.012723659081996519,scr1998,stInflow,reservoir
BG,h5807,0.012723659081996519,scr1998,stInflow,reservoir
BG,h5808,0.012723659081996519,scr1998,stInflow,reservoir
CH,h5065,2.324114968961775,scr1998,stInflow,reservoir
CH,h5066,2.324114968961775,scr1998,stInflow,reservoir
CH,h5067,2.324114968961775,scr1998,stInflow,reservoir
CH,h5068,2.324114968961775,scr1998,stInflow,reservoir
CH,h5069,2.324114968961775,scr1998,stInflow,reservoir
CH,h5070,2.324114968961775,scr1998,stInflow,reservoir
CH,h5071,2.324114968961775,scr1998,stInflow,reservoir
CH,h5072,2.324114968961775,scr1998,stInflow,reservoir
CH,h5073,2.324114968961775,scr1998,stInflow,reservoir
CH,h5074,2.324114968961775,scr1998,stInflow,reservoir
CH,h5075,2.324114968961775,scr1998,stInflow,reservoir
CH,h5076,2.324114968961775,scr1998,stInflow,reservoir
CH,h5077,2.324114968961775,scr1998,stInflow,reservoir
CH,h5078,2.324114968961775,scr1998,stInflow,reservoir
CH,h5079,2.324114968961775,scr1998,stInflow,reservoir
CH,h5080,2.324114968961775,scr1998,stInflow,reservoir
CH,h5081,2.324114968961775,scr1998,stInflow,reservoir
CH,h5082,2.324114968961775,scr1998,stInflow,reservoir
CH,h5083,2.324114968961775,scr1998,stInflow,reservoir
CH,h5084,2.324114968961775,scr1998,stInflow,reservoir
CH,h5085,2.324114968961775,scr1998,stInflow,reservoir
CH,h5086,2.324114968961775,scr1998,stInflow,reservoir
CH,h5087,2.324114968961775,scr1998,stInflow,reservoir
CH,h5088,2.324114968961775,scr1998,stInflow,reservoir
CH,h5089,2.324114968961775,scr1998,stInflow,reservoir
CH,h5090,2.324114968961775,scr1998,stInflow,reservoir
CH,h5091,2.324114968961775,scr1998,stInflow,reservoir
CH,h5092,2.324114968961775,scr1998,stInflow,reservoir
CH,h5093,2.324114968961775,scr1998,stInflow,reservoir
CH,h5094,2.324114968961775,scr1998,stInflow,reservoir
CH,h5095,2.324114968961775,scr1998,stInflow,reservoir
CH,h5096,2.324114968961775,scr1998,stInflow,reservoir
CH,h5097,2.324114968961775,scr1998,stInflow,reservoir
CH,h5098,2.324114968961775,scr1998,stInflow,reservoir
CH,h5099,2.324114968961775,scr1998,stInflow,reservoir
CH,h5100,2.324114968961775,scr1998,stInflow,reservoir
CH,h5101,2.324114968961775,scr1998,stInflow,reservoir
CH,h5102,2.324114968961775,scr1998,stInflow,reservoir
CH,h5103,2.324114968961775,scr1998,stInflow,reservoir
CH,h5104,2.324114968961775,scr1998,stInflow,reservoir
CH,h5105,2.324114968961775,scr1998,stInflow,reservoir
CH,h5106,2.324114968961775,scr1998,stInflow,reservoir
CH,h5107,2.324114968961775,scr1998,stInflow,reservoir
CH,h5108,2.324114968961775,scr1998,stInflow,reservoir
CH,h5109,2.324114968961775,scr1998,stInflow,reservoir
CH,h5110,2.324114968961775,scr1998,stInflow,reservoir
CH,h5111,2.324114968961775,scr1998,stInflow,reservoir
CH,h5112,2.324114968961775,scr1998,stInflow,reservoir
CH,h5113,2.324114968961775,scr1998,stInflow,reservoir
CH,h5114,2.324114968961775,scr1998,stInflow,reservoir
CH,h5115,2.324114968961775,scr1998,stInflow,reservoir
CH,h5116,2.324114968961775,scr1998,stInflow,reservoir
CH,h5117,2.324114968961775,scr1998,stInflow,reservoir
CH,h5118,2.324114968961775,scr1998,stInflow,reservoir
CH,h5119,2.324114968961775,scr1998,stInflow,reservoir
CH,h5120,2.324114968961775,scr1998,stInflow,reservoir
CH,h5121,2.324114968961775,scr1998,stInflow,reservoir
CH,h5122,2.324114968961775,scr1998,stInflow,reservoir
CH,h5123,2.324114968961775,scr1998,stInflow,reservoir
CH,h5124,2.324114968961775,scr1998,stInflow,reservoir
CH,h5125,2.324114968961775,scr1998,stInflow,reservoir
CH,h5126,2.324114968961775,scr1998,stInflow,reservoir
CH,h5127,2.324114968961775,scr1998,stInflow,reservoir
CH,h5128,2.324114968961775,scr1998,stInflow,reservoir
CH,h5129,2.324114968961775,scr1998,stInflow,reservoir
CH,h5130,2.324114968961775,scr1998,stInflow,reservoir
CH,h5131,2.324114968961775,scr1998,stInflow,reservoir
CH,h5132,2.324114968961775,scr1998,stInflow,reservoir
CH,h5133,2.324114968961775,scr1998,stInflow,reservoir
CH,h5134,2.324114968961775,scr1998,stInflow,reservoir
CH,h5135,2.324114968961775,scr1998,stInflow,reservoir
CH,h5136,2.324114968961775,scr1998,stInflow,reservoir
CH,h5137,1.876069135637232,scr1998,stInflow,reservoir
CH,h5138,1.4280341053663927,scr1998,stInflow,reservoir
CH,h5139,0.9800133701305129,scr1998,stInflow,reservoir
CH,h5140,0.9800133701305129,scr1998,stInflow,reservoir
CH,h5141,0.9800133701305129,scr1998,stInflow,reservoir
CH,h5142,0.9800133701305129,scr1998,stInflow,reservoir
CH,h5143,0.9800133701305129,scr1998,stInflow,reservoir
CH,h5144,0.9800133701305129,scr1998,stInflow,reservoir
CH,h5145,0.9800133701305129,scr1998,stInflow,reservoir
CH,h5146,0.9800133701305129,scr1998,stInflow,reservoir
CH,h5147,0.9800133701305129,scr1998,stInflow,reservoir
CH,h5148,0.9800133701305129,scr1998,stInflow,reservoir
CH,h5149,0.9800133701305129,scr1998,stInflow,reservoir
CH,h5150,0.9800133701305129,scr1998,stInflow,reservoir
CH,h5151,0.9800133701305129,scr1998,stInflow,reservoir
CH,h5152,0.9800133701305129,scr1998,stInflow,reservoir
CH,h5153,0.9800133701305129,scr1998,stInflow,reservoir
CH,h5154,0.9800133701305129,scr1998,stInflow,reservoir
CH,h5155,0.9800133701305129,scr1998,stInflow,reservoir
CH,h5156,0.9800133701305129,scr1998,stInflow,reservoir
CH,h5157,0.9800133701305129,scr1998,stInflow,reservoir
CH,h5158,0.9800133701305129,scr1998,stInflow,reservoir
CH,h5159,0.9800133701305129,scr1998,stInflow,reservoir
CH,h5160,0.9800133701305129,scr1998,stInflow,reservoir
CH,h5161,0.9800133701305129,scr1998,stInflow,reservoir
CH,h5162,0.9800133701305129,scr1998,stInflow,reservoir
CH,h5163,0.9800133701305129,scr1998,stInflow,reservoir
CH,h5164,0.9800133701305129,scr1998,stInflow,reservoir
CH,h5165,0.9800133701305129,scr1998,stInflow,reservoir
CH,h5166,0.9800133701305129,scr1998,stInflow,reservoir
CH,h5167,0.9800133701305129,scr1998,stInflow,reservoir
CH,h5168,0.9800133701305129,scr1998,stInflow,reservoir
CH,h5169,0.9800133701305129,scr1998,stInflow,reservoir
CH,h5170,0.9800133701305129,scr1998,stInflow,reservoir
CH,h5171,0.9800133701305129,scr1998,stInflow,reservoir
CH,h5172,0.9800133701305129,scr1998,stInflow,reservoir
CH,h5173,0.9800133701305129,scr1998,stInflow,reservoir
CH,h5174,0.9800133701305129,scr1998,stInflow,reservoir
CH,h5175,0.9800133701305129,scr1998,stInflow,reservoir
CH,h5176,0.9800133701305129,scr1998,stInflow,reservoir
CH,h5177,0.9800133701305129,scr1998,stInflow,reservoir
CH,h5178,0.9800133701305129,scr1998,stInflow,reservoir
CH,h5179,0.9800133701305129,scr1998,stInflow,reservoir
CH,h5180,0.9800133701305129,scr1998,stInflow,reservoir
CH,h5181,0.9800133701305129,scr1998,stInflow,reservoir
CH,h5182,0.9800133701305129,scr1998,stInflow,reservoir
CH,h5183,0.9800133701305129,scr1998,stInflow,reservoir
CH,h5184,0.9800133701305129,scr1998,stInflow,reservoir
CH,h5185,0.9800133701305129,scr1998,stInflow,reservoir
CH,h5186,0.9800133701305129,scr1998,stInflow,reservoir
CH,h5187,0.9800133701305129,scr1998,stInflow,reservoir
CH,h5188,0.9800133701305129,scr1998,stInflow,reservoir
CH,h5189,0.9800133701305129,scr1998,stInflow,reservoir
CH,h5190,0.9800133701305129,scr1998,stInflow,reservoir
CH,h5191,0.9800133701305129,scr1998,stInflow,reservoir
CH,h5192,0.9800133701305129,scr1998,stInflow,reservoir
CH,h5193,0.9800133701305129,scr1998,stInflow,reservoir
CH,h5194,0.9800133701305129,scr1998,stInflow,reservoir
CH,h5195,0.9800133701305129,scr1998,stInflow,reservoir
CH,h5196,0.9800133701305129,scr1998,stInflow,reservoir
CH,h5197,0.9800133701305129,scr1998,stInflow,reservoir
CH,h5198,0.9800133701305129,scr1998,stInflow,reservoir
CH,h5199,0.9800133701305129,scr1998,stInflow,reservoir
CH,h5200,0.9800133701305129,scr1998,stInflow,reservoir
CH,h5201,0.9800133701305129,scr1998,stInflow,reservoir
CH,h5202,0.9800133701305129,scr1998,stInflow,reservoir
CH,h5203,0.9800133701305129,scr1998,stInflow,reservoir
CH,h5204,0.9800133701305129,scr1998,stInflow,reservoir
CH,h5205,0.9800133701305129,scr1998,stInflow,reservoir
CH,h5206,0.9800133701305129,scr1998,stInflow,reservoir
CH,h5207,0.9800133701305129,scr1998,stInflow,reservoir
CH,h5208,0.9800133701305129,scr1998,stInflow,reservoir
CH,h5209,0.9800133701305129,scr1998,stInflow,reservoir
CH,h5210,0.9800133701305129,scr1998,stInflow,reservoir
CH,h5211,0.9800133701305129,scr1998,stInflow,reservoir
CH,h5212,0.9800133701305129,scr1998,stInflow,reservoir
CH,h5213,0.9800133701305129,scr1998,stInflow,reservoir
CH,h5214,0.9800133701305129,scr1998,stInflow,reservoir
CH,h5215,0.9800133701305129,scr1998,stInflow,reservoir
CH,h5216,0.9800133701305129,scr1998,stInflow,reservoir
CH,h5217,0.9800133701305129,scr1998,stInflow,reservoir
CH,h5218,0.9800133701305129,scr1998,stInflow,reservoir
CH,h5219,0.9800133701305129,scr1998,stInflow,reservoir
CH,h5220,0.9800133701305129,scr1998,stInflow,reservoir
CH,h5221,0.9800133701305129,scr1998,stInflow,reservoir
CH,h5222,0.9800133701305129,scr1998,stInflow,reservoir
CH,h5223,0.9800133701305129,scr1998,stInflow,reservoir
CH,h5224,0.9800133701305129,scr1998,stInflow,reservoir
CH,h5225,0.9800133701305129,scr1998,stInflow,reservoir
CH,h5226,0.9800133701305129,scr1998,stInflow,reservoir
CH,h5227,0.9800133701305129,scr1998,stInflow,reservoir
CH,h5228,0.9800133701305129,scr1998,stInflow,reservoir
CH,h5229,0.9800133701305129,scr1998,stInflow,reservoir
CH,h5230,0.9800133701305129,scr1998,stInflow,reservoir
CH,h5231,0.9800133701305129,scr1998,stInflow,reservoir
CH,h5232,0.9800133701305129,scr1998,stInflow,reservoir
CH,h5233,0.9800133701305129,scr1998,stInflow,reservoir
CH,h5234,0.9800133701305129,scr1998,stInflow,reservoir
CH,h5235,0.9800133701305129,scr1998,stInflow,reservoir
CH,h5236,0.9800133701305129,scr1998,stInflow,reservoir
CH,h5237,0.9800133701305129,scr1998,stInflow,reservoir
CH,h5238,0.9800133701305129,scr1998,stInflow,reservoir
CH,h5239,0.9800133701305129,scr1998,stInflow,reservoir
CH,h5240,0.9800133701305129,scr1998,stInflow,reservoir
CH,h5241,0.9800133701305129,scr1998,stInflow,reservoir
CH,h5242,0.9800133701305129,scr1998,stInflow,reservoir
CH,h5243,0.9800133701305129,scr1998,stInflow,reservoir
CH,h5244,0.9800133701305129,scr1998,stInflow,reservoir
CH,h5245,0.9800133701305129,scr1998,stInflow,reservoir
CH,h5246,0.9800133701305129,scr1998,stInflow,reservoir
CH,h5247,0.9800133701305129,scr1998,stInflow,reservoir
CH,h5248,0.9800133701305129,scr1998,stInflow,reservoir
CH,h5249,0.9800133701305129,scr1998,stInflow,reservoir
CH,h5250,0.9800133701305129,scr1998,stInflow,reservoir
CH,h5251,0.9800133701305129,scr1998,stInflow,reservoir
CH,h5252,0.9800133701305129,scr1998,stInflow,reservoir
CH,h5253,0.9800133701305129,scr1998,stInflow,reservoir
CH,h5254,0.9800133701305129,scr1998,stInflow,reservoir
CH,h5255,0.9800133701305129,scr1998,stInflow,reservoir
CH,h5256,0.9800133701305129,scr1998,stInflow,reservoir
CH,h5257,0.9800133701305129,scr1998,stInflow,reservoir
CH,h5258,0.9800133701305129,scr1998,stInflow,reservoir
CH,h5259,0.9800133701305129,scr1998,stInflow,reservoir
CH,h5260,0.9800133701305129,scr1998,stInflow,reservoir
CH,h5261,0.9800133701305129,scr1998,stInflow,reservoir
CH,h5262,0.9800133701305129,scr1998,stInflow,reservoir
CH,h5263,0.9800133701305129,scr1998,stInflow,reservoir
CH,h5264,0.9800133701305129,scr1998,stInflow,reservoir
CH,h5265,0.9800133701305129,scr1998,stInflow,reservoir
CH,h5266,0.9800133701305129,scr1998,stInflow,reservoir
CH,h5267,0.9800133701305129,scr1998,stInflow,reservoir
CH,h5268,0.9800133701305129,scr1998,stInflow,reservoir
CH,h5269,0.9800133701305129,scr1998,stInflow,reservoir
CH,h5270,0.9800133701305129,scr1998,stInflow,reservoir
CH,h5271,0.9800133701305129,scr1998,stInflow,reservoir
CH,h5272,0.9800133701305129,scr1998,stInflow,reservoir
CH,h5273,0.9800133701305129,scr1998,stInflow,reservoir
CH,h5274,0.9800133701305129,scr1998,stInflow,reservoir
CH,h5275,0.9800133701305129,scr1998,stInflow,reservoir
CH,h5276,0.9800133701305129,scr1998,stInflow,reservoir
CH,h5277,0.9800133701305129,scr1998,stInflow,reservoir
CH,h5278,0.9800133701305129,scr1998,stInflow,reservoir
CH,h5279,0.9800133701305129,scr1998,stInflow,reservoir
CH,h5280,0.9800133701305129,scr1998,stInflow,reservoir
CH,h5281,0.9800133701305129,scr1998,stInflow,reservoir
CH,h5282,0.9800133701305129,scr1998,stInflow,reservoir
CH,h5283,0.9800133701305129,scr1998,stInflow,reservoir
CH,h5284,0.9800133701305129,scr1998,stInflow,reservoir
CH,h5285,0.9800133701305129,scr1998,stInflow,reservoir
CH,h5286,0.9800133701305129,scr1998,stInflow,reservoir
CH,h5287,0.9800133701305129,scr1998,stInflow,reservoir
CH,h5288,0.9800133701305129,scr1998,stInflow,reservoir
CH,h5289,0.9800133701305129,scr1998,stInflow,reservoir
CH,h5290,0.9800133701305129,scr1998,stInflow,reservoir
CH,h5291,0.9800133701305129,scr1998,stInflow,reservoir
CH,h5292,0.9800133701305129,scr1998,stInflow,reservoir
CH,h5293,0.9800133701305129,scr1998,stInflow,reservoir
CH,h5294,0.9800133701305129,scr1998,stInflow,reservoir
CH,h5295,0.9800133701305129,scr1998,stInflow,reservoir
CH,h5296,0.9800133701305129,scr1998,stInflow,reservoir
CH,h5297,0.9800133701305129,scr1998,stInflow,reservoir
CH,h5298,0.9800133701305129,scr1998,stInflow,reservoir
CH,h5299,0.9800133701305129,scr1998,stInflow,reservoir
CH,h5300,0.9800133701305129,scr1998,stInflow,reservoir
CH,h5301,0.9800133701305129,scr1998,stInflow,reservoir
CH,h5302,0.9800133701305129,scr1998,stInflow,reservoir
CH,h5303,0.9800133701305129,scr1998,stInflow,reservoir
CH,h5304,0.9800133701305129,scr1998,stInflow,reservoir
CH,h5305,0.7373799164226263,scr1998,stInflow,reservoir
CH,h5306,0.49475459610648065,scr1998,stInflow,reservoir
CH,h5307,0.25214170176582534,scr1998,stInflow,reservoir
CH,h5308,0.25214170176582534,scr1998,stInflow,reservoir
CH,h5309,0.25214170176582534,scr1998,stInflow,reservoir
CH,h5310,0.25214170176582534,scr1998,stInflow,reservoir
CH,h5311,0.25214170176582534,scr1998,stInflow,reservoir
CH,h5312,0.25214170176582534,scr1998,stInflow,reservoir
CH,h5313,0.25214170176582534,scr1998,stInflow,reservoir
CH,h5314,0.25214170176582534,scr1998,stInflow,reservoir
CH,h5315,0.25214170176582534,scr1998,stInflow,reservoir
CH,h5316,0.25214170176582534,scr1998,stInflow,reservoir
CH,h5317,0.25214170176582534,scr1998,stInflow,reservoir
CH,h5318,0.25214170176582534,scr1998,stInflow,reservoir
CH,h5319,0.25214170176582534,scr1998,stInflow,reservoir
CH,h5320,0.25214170176582534,scr1998,stInflow,reservoir
CH,h5321,0.25214170176582534,scr1998,stInflow,reservoir
CH,h5322,0.25214170176582534,scr1998,stInflow,reservoir
CH,h5323,0.25214170176582534,scr1998,stInflow,reservoir
CH,h5324,0.25214170176582534,scr1998,stInflow,reservoir
CH,h5325,0.25214170176582534,scr1998,stInflow,reservoir
CH,h5326,0.25214170176582534,scr1998,stInflow,reservoir
CH,h5327,0.25214170176582534,scr1998,stInflow,reservoir
CH,h5328,0.25214170176582534,scr1998,stInflow,reservoir
CH,h5329,0.25214170176582534,scr1998,stInflow,reservoir
CH,h5330,0.25214170176582534,scr1998,stInflow,reservoir
CH,h5331,0.25214170176582534,scr1998,stInflow,reservoir
CH,h5332,0.25214170176582534,scr1998,stInflow,reservoir
CH,h5333,0.25214170176582534,scr1998,stInflow,reservoir
CH,h5334,0.25214170176582534,scr1998,stInflow,reservoir
CH,h5335,0.25214170176582534,scr1998,stInflow,reservoir
CH,h5336,0.25214170176582534,scr1998,stInflow,reservoir
CH,h5337,0.25214170176582534,scr1998,stInflow,reservoir
CH,h5338,0.25214170176582534,scr1998,stInflow,reservoir
CH,h5339,0.25214170176582534,scr1998,stInflow,reservoir
CH,h5340,0.25214170176582534,scr1998,stInflow,reservoir
CH,h5341,0.25214170176582534,scr1998,stInflow,reservoir
CH,h5342,0.25214170176582534,scr1998,stInflow,reservoir
CH,h5343,0.25214170176582534,scr1998,stInflow,reservoir
CH,h5344,0.25214170176582534,scr1998,stInflow,reservoir
CH,h5345,0.25214170176582534,scr1998,stInflow,reservoir
CH,h5346,0.25214170176582534,scr1998,stInflow,reservoir
CH,h5347,0.25214170176582534,scr1998,stInflow,reservoir
CH,h5348,0.25214170176582534,scr1998,stInflow,reservoir
CH,h5349,0.25214170176582534,scr1998,stInflow,reservoir
CH,h5350,0.25214170176582534,scr1998,stInflow,reservoir
CH,h5351,0.25214170176582534,scr1998,stInflow,reservoir
CH,h5352,0.25214170176582534,scr1998,stInflow,reservoir
CH,h5353,0.25214170176582534,scr1998,stInflow,reservoir
CH,h5354,0.25214170176582534,scr1998,stInflow,reservoir
CH,h5355,0.25214170176582534,scr1998,stInflow,reservoir
CH,h5356,0.25214170176582534,scr1998,stInflow,reservoir
CH,h5357,0.25214170176582534,scr1998,stInflow,reservoir
CH,h5358,0.25214170176582534,scr1998,stInflow,reservoir
CH,h5359,0.25214170176582534,scr1998,stInflow,reservoir
CH,h5360,0.25214170176582534,scr1998,stInflow,reservoir
CH,h5361,0.25214170176582534,scr1998,stInflow,reservoir
CH,h5362,0.25214170176582534,scr1998,stInflow,reservoir
CH,h5363,0.25214170176582534,scr1998,stInflow,reservoir
CH,h5364,0.25214170176582534,scr1998,stInflow,reservoir
CH,h5365,0.25214170176582534,scr1998,stInflow,reservoir
CH,h5366,0.25214170176582534,scr1998,stInflow,reservoir
CH,h5367,0.25214170176582534,scr1998,stInflow,reservoir
CH,h5368,0.25214170176582534,scr1998,stInflow,reservoir
CH,h5369,0.25214170176582534,scr1998,stInflow,reservoir
CH,h5370,0.25214170176582534,scr1998,stInflow,reservoir
CH,h5371,0.25214170176582534,scr1998,stInflow,reservoir
CH,h5372,0.25214170176582534,scr1998,stInflow,reservoir
CH,h5373,0.25214170176582534,scr1998,stInflow,reservoir
CH,h5374,0.25214170176582534,scr1998,stInflow,reservoir
CH,h5375,0.25214170176582534,scr1998,stInflow,reservoir
CH,h5376,0.25214170176582534,scr1998,stInflow,reservoir
CH,h5377,0.25214170176582534,scr1998,stInflow,reservoir
CH,h5378,0.25214170176582534,scr1998,stInflow,reservoir
CH,h5379,0.25214170176582534,scr1998,stInflow,reservoir
CH,h5380,0.25214170176582534,scr1998,stInflow,reservoir
CH,h5381,0.25214170176582534,scr1998,stInflow,reservoir
CH,h5382,0.25214170176582534,scr1998,stInflow,reservoir
CH,h5383,0.25214170176582534,scr1998,stInflow,reservoir
CH,h5384,0.25214170176582534,scr1998,stInflow,reservoir
CH,h5385,0.25214170176582534,scr1998,stInflow,reservoir
CH,h5386,0.25214170176582534,scr1998,stInflow,reservoir
CH,h5387,0.25214170176582534,scr1998,stInflow,reservoir
CH,h5388,0.25214170176582534,scr1998,stInflow,reservoir
CH,h5389,0.25214170176582534,scr1998,stInflow,reservoir
CH,h5390,0.25214170176582534,scr1998,stInflow,reservoir
CH,h5391,0.25214170176582534,scr1998,stInflow,reservoir
CH,h5392,0.25214170176582534,scr1998,stInflow,reservoir
CH,h5393,0.25214170176582534,scr1998,stInflow,reservoir
CH,h5394,0.25214170176582534,scr1998,stInflow,reservoir
CH,h5395,0.25214170176582534,scr1998,stInflow,reservoir
CH,h5396,0.25214170176582534,scr1998,stInflow,reservoir
CH,h5397,0.25214170176582534,scr1998,stInflow,reservoir
CH,h5398,0.25214170176582534,scr1998,stInflow,reservoir
CH,h5399,0.25214170176582534,scr1998,stInflow,reservoir
CH,h5400,0.25214170176582534,scr1998,stInflow,reservoir
CH,h5401,0.25214170176582534,scr1998,stInflow,reservoir
CH,h5402,0.25214170176582534,scr1998,stInflow,reservoir
CH,h5403,0.25214170176582534,scr1998,stInflow,reservoir
CH,h5404,0.25214170176582534,scr1998,stInflow,reservoir
CH,h5405,0.25214170176582534,scr1998,stInflow,reservoir
CH,h5406,0.25214170176582534,scr1998,stInflow,reservoir
CH,h5407,0.25214170176582534,scr1998,stInflow,reservoir
CH,h5408,0.25214170176582534,scr1998,stInflow,reservoir
CH,h5409,0.25214170176582534,scr1998,stInflow,reservoir
CH,h5410,0.25214170176582534,scr1998,stInflow,reservoir
CH,h5411,0.25214170176582534,scr1998,stInflow,reservoir
CH,h5412,0.25214170176582534,scr1998,stInflow,reservoir
CH,h5413,0.25214170176582534,scr1998,stInflow,reservoir
CH,h5414,0.25214170176582534,scr1998,stInflow,reservoir
CH,h5415,0.25214170176582534,scr1998,stInflow,reservoir
CH,h5416,0.25214170176582534,scr1998,stInflow,reservoir
CH,h5417,0.25214170176582534,scr1998,stInflow,reservoir
CH,h5418,0.25214170176582534,scr1998,stInflow,reservoir
CH,h5419,0.25214170176582534,scr1998,stInflow,reservoir
CH,h5420,0.25214170176582534,scr1998,stInflow,reservoir
CH,h5421,0.25214170176582534,scr1998,stInflow,reservoir
CH,h5422,0.25214170176582534,scr1998,stInflow,reservoir
CH,h5423,0.25214170176582534,scr1998,stInflow,reservoir
CH,h5424,0.25214170176582534,scr1998,stInflow,reservoir
CH,h5425,0.25214170176582534,scr1998,stInflow,reservoir
CH,h5426,0.25214170176582534,scr1998,stInflow,reservoir
CH,h5427,0.25214170176582534,scr1998,stInflow,reservoir
CH,h5428,0.25214170176582534,scr1998,stInflow,reservoir
CH,h5429,0.25214170176582534,scr1998,stInflow,reservoir
CH,h5430,0.25214170176582534,scr1998,stInflow,reservoir
CH,h5431,0.25214170176582534,scr1998,stInflow,reservoir
CH,h5432,0.25214170176582534,scr1998,stInflow,reservoir
CH,h5433,0.25214170176582534,scr1998,stInflow,reservoir
CH,h5434,0.25214170176582534,scr1998,stInflow,reservoir
CH,h5435,0.25214170176582534,scr1998,stInflow,reservoir
CH,h5436,0.25214170176582534,scr1998,stInflow,reservoir
CH,h5437,0.25214170176582534,scr1998,stInflow,reservoir
CH,h5438,0.25214170176582534,scr1998,stInflow,reservoir
CH,h5439,0.25214170176582534,scr1998,stInflow,reservoir
CH,h5440,0.25214170176582534,scr1998,stInflow,reservoir
CH,h5441,0.25214170176582534,scr1998,stInflow,reservoir
CH,h5442,0.25214170176582534,scr1998,stInflow,reservoir
CH,h5443,0.25214170176582534,scr1998,stInflow,reservoir
CH,h5444,0.25214170176582534,scr1998,stInflow,reservoir
CH,h5445,0.25214170176582534,scr1998,stInflow,reservoir
CH,h5446,0.25214170176582534,scr1998,stInflow,reservoir
CH,h5447,0.25214170176582534,scr1998,stInflow,reservoir
CH,h5448,0.25214170176582534,scr1998,stInflow,reservoir
CH,h5449,0.25214170176582534,scr1998,stInflow,reservoir
CH,h5450,0.25214170176582534,scr1998,stInflow,reservoir
CH,h5451,0.25214170176582534,scr1998,stInflow,reservoir
CH,h5452,0.25214170176582534,scr1998,stInflow,reservoir
CH,h5453,0.25214170176582534,scr1998,stInflow,reservoir
CH,h5454,0.25214170176582534,scr1998,stInflow,reservoir
CH,h5455,0.25214170176582534,scr1998,stInflow,reservoir
CH,h5456,0.25214170176582534,scr1998,stInflow,reservoir
CH,h5457,0.25214170176582534,scr1998,stInflow,reservoir
CH,h5458,0.25214170176582534,scr1998,stInflow,reservoir
CH,h5459,0.25214170176582534,scr1998,stInflow,reservoir
CH,h5460,0.25214170176582534,scr1998,stInflow,reservoir
CH,h5461,0.25214170176582534,scr1998,stInflow,reservoir
CH,h5462,0.25214170176582534,scr1998,stInflow,reservoir
CH,h5463,0.25214170176582534,scr1998,stInflow,reservoir
CH,h5464,0.25214170176582534,scr1998,stInflow,reservoir
CH,h5465,0.25214170176582534,scr1998,stInflow,reservoir
CH,h5466,0.25214170176582534,scr1998,stInflow,reservoir
CH,h5467,0.25214170176582534,scr1998,stInflow,reservoir
CH,h5468,0.25214170176582534,scr1998,stInflow,reservoir
CH,h5469,0.25214170176582534,scr1998,stInflow,reservoir
CH,h5470,0.25214170176582534,scr1998,stInflow,reservoir
CH,h5471,0.25214170176582534,scr1998,stInflow,reservoir
CH,h5472,0.25214170176582534,scr1998,stInflow,reservoir
CH,h5473,0.25343022439749074,scr1998,stInflow,reservoir
CH,h5474,0.2547187476842212,scr1998,stInflow,reservoir
CH,h5475,0.2560072716227034,scr1998,stInflow,reservoir
CH,h5476,0.2560072716227034,scr1998,stInflow,reservoir
CH,h5477,0.2560072716227034,scr1998,stInflow,reservoir
CH,h5478,0.2560072716227034,scr1998,stInflow,reservoir
CH,h5479,0.2560072716227034,scr1998,stInflow,reservoir
CH,h5480,0.2560072716227034,scr1998,stInflow,reservoir
CH,h5481,0.2560072716227034,scr1998,stInflow,reservoir
CH,h5482,0.2560072716227034,scr1998,stInflow,reservoir
CH,h5483,0.2560072716227034,scr1998,stInflow,reservoir
CH,h5484,0.2560072716227034,scr1998,stInflow,reservoir
CH,h5485,0.2560072716227034,scr1998,stInflow,reservoir
CH,h5486,0.2560072716227034,scr1998,stInflow,reservoir
CH,h5487,0.2560072716227034,scr1998,stInflow,reservoir
CH,h5488,0.2560072716227034,scr1998,stInflow,reservoir
CH,h5489,0.2560072716227034,scr1998,stInflow,reservoir
CH,h5490,0.2560072716227034,scr1998,stInflow,reservoir
CH,h5491,0.2560072716227034,scr1998,stInflow,reservoir
CH,h5492,0.2560072716227034,scr1998,stInflow,reservoir
CH,h5493,0.2560072716227034,scr1998,stInflow,reservoir
CH,h5494,0.2560072716227034,scr1998,stInflow,reservoir
CH,h5495,0.2560072716227034,scr1998,stInflow,reservoir
CH,h5496,0.2560072716227034,scr1998,stInflow,reservoir
CH,h5497,0.2560072716227034,scr1998,stInflow,reservoir
CH,h5498,0.2560072716227034,scr1998,stInflow,reservoir
CH,h5499,0.2560072716227034,scr1998,stInflow,reservoir
CH,h5500,0.2560072716227034,scr1998,stInflow,reservoir
CH,h5501,0.2560072716227034,scr1998,stInflow,reservoir
CH,h5502,0.2560072716227034,scr1998,stInflow,reservoir
CH,h5503,0.2560072716227034,scr1998,stInflow,reservoir
CH,h5504,0.2560072716227034,scr1998,stInflow,reservoir
CH,h5505,0.2560072716227034,scr1998,stInflow,reservoir
CH,h5506,0.2560072716227034,scr1998,stInflow,reservoir
CH,h5507,0.2560072716227034,scr1998,stInflow,reservoir
CH,h5508,0.2560072716227034,scr1998,stInflow,reservoir
CH,h5509,0.2560072716227034,scr1998,stInflow,reservoir
CH,h5510,0.2560072716227034,scr1998,stInflow,reservoir
CH,h5511,0.2560072716227034,scr1998,stInflow,reservoir
CH,h5512,0.2560072716227034,scr1998,stInflow,reservoir
CH,h5513,0.2560072716227034,scr1998,stInflow,reservoir
CH,h5514,0.2560072716227034,scr1998,stInflow,reservoir
CH,h5515,0.2560072716227034,scr1998,stInflow,reservoir
CH,h5516,0.2560072716227034,scr1998,stInflow,reservoir
CH,h5517,0.2560072716227034,scr1998,stInflow,reservoir
CH,h5518,0.2560072716227034,scr1998,stInflow,reservoir
CH,h5519,0.2560072716227034,scr1998,stInflow,reservoir
CH,h5520,0.2560072716227034,scr1998,stInflow,reservoir
CH,h5521,0.2560072716227034,scr1998,stInflow,reservoir
CH,h5522,0.2560072716227034,scr1998,stInflow,reservoir
CH,h5523,0.2560072716227034,scr1998,stInflow,reservoir
CH,h5524,0.2560072716227034,scr1998,stInflow,reservoir
CH,h5525,0.2560072716227034,scr1998,stInflow,reservoir
CH,h5526,0.2560072716227034,scr1998,stInflow,reservoir
CH,h5527,0.2560072716227034,scr1998,stInflow,reservoir
CH,h5528,0.2560072716227034,scr1998,stInflow,reservoir
CH,h5529,0.2560072716227034,scr1998,stInflow,reservoir
CH,h5530,0.2560072716227034,scr1998,stInflow,reservoir
CH,h5531,0.2560072716227034,scr1998,stInflow,reservoir
CH,h5532,0.2560072716227034,scr1998,stInflow,reservoir
CH,h5533,0.2560072716227034,scr1998,stInflow,reservoir
CH,h5534,0.2560072716227034,scr1998,stInflow,reservoir
CH,h5535,0.2560072716227034,scr1998,stInflow,reservoir
CH,h5536,0.2560072716227034,scr1998,stInflow,reservoir
CH,h5537,0.2560072716227034,scr1998,stInflow,reservoir
CH,h5538,0.2560072716227034,scr1998,stInflow,reservoir
CH,h5539,0.2560072716227034,scr1998,stInflow,reservoir
CH,h5540,0.2560072716227034,scr1998,stInflow,reservoir
CH,h5541,0.2560072716227034,scr1998,stInflow,reservoir
CH,h5542,0.2560072716227034,scr1998,stInflow,reservoir
CH,h5543,0.2560072716227034,scr1998,stInflow,reservoir
CH,h5544,0.2560072716227034,scr1998,stInflow,reservoir
CH,h5545,0.2560072716227034,scr1998,stInflow,reservoir
CH,h5546,0.2560072716227034,scr1998,stInflow,reservoir
CH,h5547,0.2560072716227034,scr1998,stInflow,reservoir
CH,h5548,0.2560072716227034,scr1998,stInflow,reservoir
CH,h5549,0.2560072716227034,scr1998,stInflow,reservoir
CH,h5550,0.2560072716227034,scr1998,stInflow,reservoir
CH,h5551,0.2560072716227034,scr1998,stInflow,reservoir
CH,h5552,0.2560072716227034,scr1998,stInflow,reservoir
CH,h5553,0.2560072716227034,scr1998,stInflow,reservoir
CH,h5554,0.2560072716227034,scr1998,stInflow,reservoir
CH,h5555,0.2560072716227034,scr1998,stInflow,reservoir
CH,h5556,0.2560072716227034,scr1998,stInflow,reservoir
CH,h5557,0.2560072716227034,scr1998,stInflow,reservoir
CH,h5558,0.2560072716227034,scr1998,stInflow,reservoir
CH,h5559,0.2560072716227034,scr1998,stInflow,reservoir
CH,h5560,0.2560072716227034,scr1998,stInflow,reservoir
CH,h5561,0.2560072716227034,scr1998,stInflow,reservoir
CH,h5562,0.2560072716227034,scr1998,stInflow,reservoir
CH,h5563,0.2560072716227034,scr1998,stInflow,reservoir
CH,h5564,0.2560072716227034,scr1998,stInflow,reservoir
CH,h5565,0.2560072716227034,scr1998,stInflow,reservoir
CH,h5566,0.2560072716227034,scr1998,stInflow,reservoir
CH,h5567,0.2560072716227034,scr1998,stInflow,reservoir
CH,h5568,0.2560072716227034,scr1998,stInflow,reservoir
CH,h5569,0.2560072716227034,scr1998,stInflow,reservoir
CH,h5570,0.2560072716227034,scr1998,stInflow,reservoir
CH,h5571,0.2560072716227034,scr1998,stInflow,reservoir
CH,h5572,0.2560072716227034,scr1998,stInflow,reservoir
CH,h5573,0.2560072716227034,scr1998,stInflow,reservoir
CH,h5574,0.2560072716227034,scr1998,stInflow,reservoir
CH,h5575,0.2560072716227034,scr1998,stInflow,reservoir
CH,h5576,0.2560072716227034,scr1998,stInflow,reservoir
CH,h5577,0.2560072716227034,scr1998,stInflow,reservoir
CH,h5578,0.2560072716227034,scr1998,stInflow,reservoir
CH,h5579,0.2560072716227034,scr1998,stInflow,reservoir
CH,h5580,0.2560072716227034,scr1998,stInflow,reservoir
CH,h5581,0.2560072716227034,scr1998,stInflow,reservoir
CH,h5582,0.2560072716227034,scr1998,stInflow,reservoir
CH,h5583,0.2560072716227034,scr1998,stInflow,reservoir
CH,h5584,0.2560072716227034,scr1998,stInflow,reservoir
CH,h5585,0.2560072716227034,scr1998,stInflow,reservoir
CH,h5586,0.2560072716227034,scr1998,stInflow,reservoir
CH,h5587,0.2560072716227034,scr1998,stInflow,reservoir
CH,h5588,0.2560072716227034,scr1998,stInflow,reservoir
CH,h5589,0.2560072716227034,scr1998,stInflow,reservoir
CH,h5590,0.2560072716227034,scr1998,stInflow,reservoir
CH,h5591,0.2560072716227034,scr1998,stInflow,reservoir
CH,h5592,0.2560072716227034,scr1998,stInflow,reservoir
CH,h5593,0.2560072716227034,scr1998,stInflow,reservoir
CH,h5594,0.2560072716227034,scr1998,stInflow,reservoir
CH,h5595,0.2560072716227034,scr1998,stInflow,reservoir
CH,h5596,0.2560072716227034,scr1998,stInflow,reservoir
CH,h5597,0.2560072716227034,scr1998,stInflow,reservoir
CH,h5598,0.2560072716227034,scr1998,stInflow,reservoir
CH,h5599,0.2560072716227034,scr1998,stInflow,reservoir
CH,h5600,0.2560072716227034,scr1998,stInflow,reservoir
CH,h5601,0.2560072716227034,scr1998,stInflow,reservoir
CH,h5602,0.2560072716227034,scr1998,stInflow,reservoir
CH,h5603,0.2560072716227034,scr1998,stInflow,reservoir
CH,h5604,0.2560072716227034,scr1998,stInflow,reservoir
CH,h5605,0.2560072716227034,scr1998,stInflow,reservoir
CH,h5606,0.2560072716227034,scr1998,stInflow,reservoir
CH,h5607,0.2560072716227034,scr1998,stInflow,reservoir
CH,h5608,0.2560072716227034,scr1998,stInflow,reservoir
CH,h5609,0.2560072716227034,scr1998,stInflow,reservoir
CH,h5610,0.2560072716227034,scr1998,stInflow,reservoir
CH,h5611,0.2560072716227034,scr1998,stInflow,reservoir
CH,h5612,0.2560072716227034,scr1998,stInflow,reservoir
CH,h5613,0.2560072716227034,scr1998,stInflow,reservoir
CH,h5614,0.2560072716227034,scr1998,stInflow,reservoir
CH,h5615,0.2560072716227034,scr1998,stInflow,reservoir
CH,h5616,0.2560072716227034,scr1998,stInflow,reservoir
CH,h5617,0.2560072716227034,scr1998,stInflow,reservoir
CH,h5618,0.2560072716227034,scr1998,stInflow,reservoir
CH,h5619,0.2560072716227034,scr1998,stInflow,reservoir
CH,h5620,0.2560072716227034,scr1998,stInflow,reservoir
CH,h5621,0.2560072716227034,scr1998,stInflow,reservoir
CH,h5622,0.2560072716227034,scr1998,stInflow,reservoir
CH,h5623,0.2560072716227034,scr1998,stInflow,reservoir
CH,h5624,0.2560072716227034,scr1998,stInflow,reservoir
CH,h5625,0.2560072716227034,scr1998,stInflow,reservoir
CH,h5626,0.2560072716227034,scr1998,stInflow,reservoir
CH,h5627,0.2560072716227034,scr1998,stInflow,reservoir
CH,h5628,0.2560072716227034,scr1998,stInflow,reservoir
CH,h5629,0.2560072716227034,scr1998,stInflow,reservoir
CH,h5630,0.2560072716227034,scr1998,stInflow,reservoir
CH,h5631,0.2560072716227034,scr1998,stInflow,reservoir
CH,h5632,0.2560072716227034,scr1998,stInflow,reservoir
CH,h5633,0.2560072716227034,scr1998,stInflow,reservoir
CH,h5634,0.2560072716227034,scr1998,stInflow,reservoir
CH,h5635,0.2560072716227034,scr1998,stInflow,reservoir
CH,h5636,0.2560072716227034,scr1998,stInflow,reservoir
CH,h5637,0.2560072716227034,scr1998,stInflow,reservoir
CH,h5638,0.2560072716227034,scr1998,stInflow,reservoir
CH,h5639,0.2560072716227034,scr1998,stInflow,reservoir
CH,h5640,0.2560072716227034,scr1998,stInflow,reservoir
CH,h5641,0.2677997630582969,scr1998,stInflow,reservoir
CH,h5642,0.27959230643364047,scr1998,stInflow,reservoir
CH,h5643,0.2913848995571382,scr1998,stInflow,reservoir
CH,h5644,0.2913848995571382,scr1998,stInflow,reservoir
CH,h5645,0.2913848995571382,scr1998,stInflow,reservoir
CH,h5646,0.2913848995571382,scr1998,stInflow,reservoir
CH,h5647,0.2913848995571382,scr1998,stInflow,reservoir
CH,h5648,0.2913848995571382,scr1998,stInflow,reservoir
CH,h5649,0.2913848995571382,scr1998,stInflow,reservoir
CH,h5650,0.2913848995571382,scr1998,stInflow,reservoir
CH,h5651,0.2913848995571382,scr1998,stInflow,reservoir
CH,h5652,0.2913848995571382,scr1998,stInflow,reservoir
CH,h5653,0.2913848995571382,scr1998,stInflow,reservoir
CH,h5654,0.2913848995571382,scr1998,stInflow,reservoir
CH,h5655,0.2913848995571382,scr1998,stInflow,reservoir
CH,h5656,0.2913848995571382,scr1998,stInflow,reservoir
CH,h5657,0.2913848995571382,scr1998,stInflow,reservoir
CH,h5658,0.2913848995571382,scr1998,stInflow,reservoir
CH,h5659,0.2913848995571382,scr1998,stInflow,reservoir
CH,h5660,0.2913848995571382,scr1998,stInflow,reservoir
CH,h5661,0.2913848995571382,scr1998,stInflow,reservoir
CH,h5662,0.2913848995571382,scr1998,stInflow,reservoir
CH,h5663,0.2913848995571382,scr1998,stInflow,reservoir
CH,h5664,0.2913848995571382,scr1998,stInflow,reservoir
CH,h5665,0.2913848995571382,scr1998,stInflow,reservoir
CH,h5666,0.2913848995571382,scr1998,stInflow,reservoir
CH,h5667,0.2913848995571382,scr1998,stInflow,reservoir
CH,h5668,0.2913848995571382,scr1998,stInflow,reservoir
CH,h5669,0.2913848995571382,scr1998,stInflow,reservoir
CH,h5670,0.2913848995571382,scr1998,stInflow,reservoir
CH,h5671,0.2913848995571382,scr1998,stInflow,reservoir
CH,h5672,0.2913848995571382,scr1998,stInflow,reservoir
CH,h5673,0.2913848995571382,scr1998,stInflow,reservoir
CH,h5674,0.2913848995571382,scr1998,stInflow,reservoir
CH,h5675,0.2913848995571382,scr1998,stInflow,reservoir
CH,h5676,0.2913848995571382,scr1998,stInflow,reservoir
CH,h5677,0.2913848995571382,scr1998,stInflow,reservoir
CH,h5678,0.2913848995571382,scr1998,stInflow,reservoir
CH,h5679,0.2913848995571382,scr1998,stInflow,reservoir
CH,h5680,0.2913848995571382,scr1998,stInflow,reservoir
CH,h5681,0.2913848995571382,scr1998,stInflow,reservoir
CH,h5682,0.2913848995571382,scr1998,stInflow,reservoir
CH,h5683,0.2913848995571382,scr1998,stInflow,reservoir
CH,h5684,0.2913848995571382,scr1998,stInflow,reservoir
CH,h5685,0.2913848995571382,scr1998,stInflow,reservoir
CH,h5686,0.2913848995571382,scr1998,stInflow,reservoir
CH,h5687,0.2913848995571382,scr1998,stInflow,reservoir
CH,h5688,0.2913848995571382,scr1998,stInflow,reservoir
CH,h5689,0.2913848995571382,scr1998,stInflow,reservoir
CH,h5690,0.2913848995571382,scr1998,stInflow,reservoir
CH,h5691,0.2913848995571382,scr1998,stInflow,reservoir
CH,h5692,0.2913848995571382,scr1998,stInflow,reservoir
CH,h5693,0.2913848995571382,scr1998,stInflow,reservoir
CH,h5694,0.2913848995571382,scr1998,stInflow,reservoir
CH,h5695,0.2913848995571382,scr1998,stInflow,reservoir
CH,h5696,0.2913848995571382,scr1998,stInflow,reservoir
CH,h5697,0.2913848995571382,scr1998,stInflow,reservoir
CH,h5698,0.2913848995571382,scr1998,stInflow,reservoir
CH,h5699,0.2913848995571382,scr1998,stInflow,reservoir
CH,h5700,0.2913848995571382,scr1998,stInflow,reservoir
CH,h5701,0.2913848995571382,scr1998,stInflow,reservoir
CH,h5702,0.2913848995571382,scr1998,stInflow,reservoir
CH,h5703,0.2913848995571382,scr1998,stInflow,reservoir
CH,h5704,0.2913848995571382,scr1998,stInflow,reservoir
CH,h5705,0.2913848995571382,scr1998,stInflow,reservoir
CH,h5706,0.2913848995571382,scr1998,stInflow,reservoir
CH,h5707,0.2913848995571382,scr1998,stInflow,reservoir
CH,h5708,0.2913848995571382,scr1998,stInflow,reservoir
CH,h5709,0.2913848995571382,scr1998,stInflow,reservoir
CH,h5710,0.2913848995571382,scr1998,stInflow,reservoir
CH,h5711,0.2913848995571382,scr1998,stInflow,reservoir
CH,h5712,0.2913848995571382,scr1998,stInflow,reservoir
CH,h5713,0.2913848995571382,scr1998,stInflow,reservoir
CH,h5714,0.2913848995571382,scr1998,stInflow,reservoir
CH,h5715,0.2913848995571382,scr1998,stInflow,reservoir
CH,h5716,0.2913848995571382,scr1998,stInflow,reservoir
CH,h5717,0.2913848995571382,scr1998,stInflow,reservoir
CH,h5718,0.2913848995571382,scr1998,stInflow,reservoir
CH,h5719,0.2913848995571382,scr1998,stInflow,reservoir
CH,h5720,0.2913848995571382,scr1998,stInflow,reservoir
CH,h5721,0.2913848995571382,scr1998,stInflow,reservoir
CH,h5722,0.2913848995571382,scr1998,stInflow,reservoir
CH,h5723,0.2913848995571382,scr1998,stInflow,reservoir
CH,h5724,0.2913848995571382,scr1998,stInflow,reservoir
CH,h5725,0.2913848995571382,scr1998,stInflow,reservoir
CH,h5726,0.2913848995571382,scr1998,stInflow,reservoir
CH,h5727,0.2913848995571382,scr1998,stInflow,reservoir
CH,h5728,0.2913848995571382,scr1998,stInflow,reservoir
CH,h5729,0.2913848995571382,scr1998,stInflow,reservoir
CH,h5730,0.2913848995571382,scr1998,stInflow,reservoir
CH,h5731,0.2913848995571382,scr1998,stInflow,reservoir
CH,h5732,0.2913848995571382,scr1998,stInflow,reservoir
CH,h5733,0.2913848995571382,scr1998,stInflow,reservoir
CH,h5734,0.2913848995571382,scr1998,stInflow,reservoir
CH,h5735,0.2913848995571382,scr1998,stInflow,reservoir
CH,h5736,0.2913848995571382,scr1998,stInflow,reservoir
CH,h5737,0.2913848995571382,scr1998,stInflow,reservoir
CH,h5738,0.2913848995571382,scr1998,stInflow,reservoir
CH,h5739,0.2913848995571382,scr1998,stInflow,reservoir
CH,h5740,0.2913848995571382,scr1998,stInflow,reservoir
CH,h5741,0.2913848995571382,scr1998,stInflow,reservoir
CH,h5742,0.2913848995571382,scr1998,stInflow,reservoir
CH,h5743,0.2913848995571382,scr1998,stInflow,reservoir
CH,h5744,0.2913848995571382,scr1998,stInflow,reservoir
CH,h5745,0.2913848995571382,scr1998,stInflow,reservoir
CH,h5746,0.2913848995571382,scr1998,stInflow,reservoir
CH,h5747,0.2913848995571382,scr1998,stInflow,reservoir
CH,h5748,0.2913848995571382,scr1998,stInflow,reservoir
CH,h5749,0.2913848995571382,scr1998,stInflow,reservoir
CH,h5750,0.2913848995571382,scr1998,stInflow,reservoir
CH,h5751,0.2913848995571382,scr1998,stInflow,reservoir
CH,h5752,0.2913848995571382,scr1998,stInflow,reservoir
CH,h5753,0.2913848995571382,scr1998,stInflow,reservoir
CH,h5754,0.2913848995571382,scr1998,stInflow,reservoir
CH,h5755,0.2913848995571382,scr1998,stInflow,reservoir
CH,h5756,0.2913848995571382,scr1998,stInflow,reservoir
CH,h5757,0.2913848995571382,scr1998,stInflow,reservoir
CH,h5758,0.2913848995571382,scr1998,stInflow,reservoir
CH,h5759,0.2913848995571382,scr1998,stInflow,reservoir
CH,h5760,0.2913848995571382,scr1998,stInflow,reservoir
CH,h5761,0.2913848995571382,scr1998,stInflow,reservoir
CH,h5762,0.2913848995571382,scr1998,stInflow,reservoir
CH,h5763,0.2913848995571382,scr1998,stInflow,reservoir
CH,h5764,0.2913848995571382,scr1998,stInflow,reservoir
CH,h5765,0.2913848995571382,scr1998,stInflow,reservoir
CH,h5766,0.2913848995571382,scr1998,stInflow,reservoir
CH,h5767,0.2913848995571382,scr1998,stInflow,reservoir
CH,h5768,0.2913848995571382,scr1998,stInflow,reservoir
CH,h5769,0.2913848995571382,scr1998,stInflow,reservoir
CH,h5770,0.2913848995571382,scr1998,stInflow,reservoir
CH,h5771,0.2913848995571382,scr1998,stInflow,reservoir
CH,h5772,0.2913848995571382,scr1998,stInflow,reservoir
CH,h5773,0.2913848995571382,scr1998,stInflow,reservoir
CH,h5774,0.2913848995571382,scr1998,stInflow,reservoir
CH,h5775,0.2913848995571382,scr1998,stInflow,reservoir
CH,h5776,0.2913848995571382,scr1998,stInflow,reservoir
CH,h5777,0.2913848995571382,scr1998,stInflow,reservoir
CH,h5778,0.2913848995571382,scr1998,stInflow,reservoir
CH,h5779,0.2913848995571382,scr1998,stInflow,reservoir
CH,h5780,0.2913848995571382,scr1998,stInflow,reservoir
CH,h5781,0.2913848995571382,scr1998,stInflow,reservoir
CH,h5782,0.2913848995571382,scr1998,stInflow,reservoir
CH,h5783,0.2913848995571382,scr1998,stInflow,reservoir
CH,h5784,0.2913848995571382,scr1998,stInflow,reservoir
CH,h5785,0.2913848995571382,scr1998,stInflow,reservoir
CH,h5786,0.2913848995571382,scr1998,stInflow,reservoir
CH,h5787,0.2913848995571382,scr1998,stInflow,reservoir
CH,h5788,0.2913848995571382,scr1998,stInflow,reservoir
CH,h5789,0.2913848995571382,scr1998,stInflow,reservoir
CH,h5790,0.2913848995571382,scr1998,stInflow,reservoir
CH,h5791,0.2913848995571382,scr1998,stInflow,reservoir
CH,h5792,0.2913848995571382,scr1998,stInflow,reservoir
CH,h5793,0.2913848995571382,scr1998,stInflow,reservoir
CH,h5794,0.2913848995571382,scr1998,stInflow,reservoir
CH,h5795,0.2913848995571382,scr1998,stInflow,reservoir
CH,h5796,0.2913848995571382,scr1998,stInflow,reservoir
CH,h5797,0.2913848995571382,scr1998,stInflow,reservoir
CH,h5798,0.2913848995571382,scr1998,stInflow,reservoir
CH,h5799,0.2913848995571382,scr1998,stInflow,reservoir
CH,h5800,0.2913848995571382,scr1998,stInflow,reservoir
CH,h5801,0.2913848995571382,scr1998,stInflow,reservoir
CH,h5802,0.2913848995571382,scr1998,stInflow,reservoir
CH,h5803,0.2913848995571382,scr1998,stInflow,reservoir
CH,h5804,0.2913848995571382,scr1998,stInflow,reservoir
CH,h5805,0.2913848995571382,scr1998,stInflow,reservoir
CH,h5806,0.2913848995571382,scr1998,stInflow,reservoir
CH,h5807,0.2913848995571382,scr1998,stInflow,reservoir
CH,h5808,0.2913848995571382,scr1998,stInflow,reservoir
ES,h5065,1.1168002411473585,scr1998,stInflow,reservoir
ES,h5066,1.1168002411473585,scr1998,stInflow,reservoir
ES,h5067,1.1168002411473585,scr1998,stInflow,reservoir
ES,h5068,1.1168002411473585,scr1998,stInflow,reservoir
ES,h5069,1.1168002411473585,scr1998,stInflow,reservoir
ES,h5070,1.1168002411473585,scr1998,stInflow,reservoir
ES,h5071,1.1168002411473585,scr1998,stInflow,reservoir
ES,h5072,1.1168002411473585,scr1998,stInflow,reservoir
ES,h5073,1.1168002411473585,scr1998,stInflow,reservoir
ES,h5074,1.1168002411473585,scr1998,stInflow,reservoir
ES,h5075,1.1168002411473585,scr1998,stInflow,reservoir
ES,h5076,1.1168002411473585,scr1998,stInflow,reservoir
ES,h5077,1.1168002411473585,scr1998,stInflow,reservoir
ES,h5078,1.1168002411473585,scr1998,stInflow,reservoir
ES,h5079,1.1168002411473585,scr1998,stInflow,reservoir
ES,h5080,1.1168002411473585,scr1998,stInflow,reservoir
ES,h5081,1.1168002411473585,scr1998,stInflow,reservoir
ES,h5082,1.1168002411473585,scr1998,stInflow,reservoir
ES,h5083,1.1168002411473585,scr1998,stInflow,reservoir
ES,h5084,1.1168002411473585,scr1998,stInflow,reservoir
ES,h5085,1.1168002411473585,scr1998,stInflow,reservoir
ES,h5086,1.1168002411473585,scr1998,stInflow,reservoir
ES,h5087,1.1168002411473585,scr1998,stInflow,reservoir
ES,h5088,1.1168002411473585,scr1998,stInflow,reservoir
ES,h5089,1.1168002411473585,scr1998,stInflow,reservoir
ES,h5090,1.1168002411473585,scr1998,stInflow,reservoir
ES,h5091,1.1168002411473585,scr1998,stInflow,reservoir
ES,h5092,1.1168002411473585,scr1998,stInflow,reservoir
ES,h5093,1.1168002411473585,scr1998,stInflow,reservoir
ES,h5094,1.1168002411473585,scr1998,stInflow,reservoir
ES,h5095,1.1168002411473585,scr1998,stInflow,reservoir
ES,h5096,1.1168002411473585,scr1998,stInflow,reservoir
ES,h5097,1.1168002411473585,scr1998,stInflow,reservoir
ES,h5098,1.1168002411473585,scr1998,stInflow,reservoir
ES,h5099,1.1168002411473585,scr1998,stInflow,reservoir
ES,h5100,1.1168002411473585,scr1998,stInflow,reservoir
ES,h5101,1.1168002411473585,scr1998,stInflow,reservoir
ES,h5102,1.1168002411473585,scr1998,stInflow,reservoir
ES,h5103,1.1168002411473585,scr1998,stInflow,reservoir
ES,h5104,1.1168002411473585,scr1998,stInflow,reservoir
ES,h5105,1.1168002411473585,scr1998,stInflow,reservoir
ES,h5106,1.1168002411473585,scr1998,stInflow,reservoir
ES,h5107,1.1168002411473585,scr1998,stInflow,reservoir
ES,h5108,1.1168002411473585,scr1998,stInflow,reservoir
ES,h5109,1.1168002411473585,scr1998,stInflow,reservoir
ES,h5110,1.1168002411473585,scr1998,stInflow,reservoir
ES,h5111,1.1168002411473585,scr1998,stInflow,reservoir
ES,h5112,1.1168002411473585,scr1998,stInflow,reservoir
ES,h5113,1.1168002411473585,scr1998,stInflow,reservoir
ES,h5114,1.1168002411473585,scr1998,stInflow,reservoir
ES,h5115,1.1168002411473585,scr1998,stInflow,reservoir
ES,h5116,1.1168002411473585,scr1998,stInflow,reservoir
ES,h5117,1.1168002411473585,scr1998,stInflow,reservoir
ES,h5118,1.1168002411473585,scr1998,stInflow,reservoir
ES,h5119,1.1168002411473585,scr1998,stInflow,reservoir
ES,h5120,1.1168002411473585,scr1998,stInflow,reservoir
ES,h5121,1.1168002411473585,scr1998,stInflow,reservoir
ES,h5122,1.1168002411473585,scr1998,stInflow,reservoir
ES,h5123,1.1168002411473585,scr1998,stInflow,reservoir
ES,h5124,1.1168002411473585,scr1998,stInflow,reservoir
ES,h5125,1.1168002411473585,scr1998,stInflow,reservoir
ES,h5126,1.1168002411473585,scr1998,stInflow,reservoir
ES,h5127,1.1168002411473585,scr1998,stInflow,reservoir
ES,h5128,1.1168002411473585,scr1998,stInflow,reservoir
ES,h5129,1.1168002411473585,scr1998,stInflow,reservoir
ES,h5130,1.1168002411473585,scr1998,stInflow,reservoir
ES,h5131,1.1168002411473585,scr1998,stInflow,reservoir
ES,h5132,1.1168002411473585,scr1998,stInflow,reservoir
ES,h5133,1.1168002411473585,scr1998,stInflow,reservoir
ES,h5134,1.1168002411473585,scr1998,stInflow,reservoir
ES,h5135,1.1168002411473585,scr1998,stInflow,reservoir
ES,h5136,1.1168002411473585,scr1998,stInflow,reservoir
ES,h5137,1.036464703535277,scr1998,stInflow,reservoir
ES,h5138,0.9561297892487722,scr1998,stInflow,reservoir
ES,h5139,0.8757955507768183,scr1998,stInflow,reservoir
ES,h5140,0.8757955507768183,scr1998,stInflow,reservoir
ES,h5141,0.8757955507768183,scr1998,stInflow,reservoir
ES,h5142,0.8757955507768183,scr1998,stInflow,reservoir
ES,h5143,0.8757955507768183,scr1998,stInflow,reservoir
ES,h5144,0.8757955507768183,scr1998,stInflow,reservoir
ES,h5145,0.8757955507768183,scr1998,stInflow,reservoir
ES,h5146,0.8757955507768183,scr1998,stInflow,reservoir
ES,h5147,0.8757955507768183,scr1998,stInflow,reservoir
ES,h5148,0.8757955507768183,scr1998,stInflow,reservoir
ES,h5149,0.8757955507768183,scr1998,stInflow,reservoir
ES,h5150,0.8757955507768183,scr1998,stInflow,reservoir
ES,h5151,0.8757955507768183,scr1998,stInflow,reservoir
ES,h5152,0.8757955507768183,scr1998,stInflow,reservoir
ES,h5153,0.8757955507768183,scr1998,stInflow,reservoir
ES,h5154,0.8757955507768183,scr1998,stInflow,reservoir
ES,h5155,0.8757955507768183,scr1998,stInflow,reservoir
ES,h5156,0.8757955507768183,scr1998,stInflow,reservoir
ES,h5157,0.8757955507768183,scr1998,stInflow,reservoir
ES,h5158,0.8757955507768183,scr1998,stInflow,reservoir
ES,h5159,0.8757955507768183,scr1998,stInflow,reservoir
ES,h5160,0.8757955507768183,scr1998,stInflow,reservoir
ES,h5161,0.8757955507768183,scr1998,stInflow,reservoir
ES,h5162,0.8757955507768183,scr1998,stInflow,reservoir
ES,h5163,0.8757955507768183,scr1998,stInflow,reservoir
ES,h5164,0.8757955507768183,scr1998,stInflow,reservoir
ES,h5165,0.8757955507768183,scr1998,stInflow,reservoir
ES,h5166,0.8757955507768183,scr1998,stInflow,reservoir
ES,h5167,0.8757955507768183,scr1998,stInflow,reservoir
ES,h5168,0.8757955507768183,scr1998,stInflow,reservoir
ES,h5169,0.8757955507768183,scr1998,stInflow,reservoir
ES,h5170,0.8757955507768183,scr1998,stInflow,reservoir
ES,h5171,0.8757955507768183,scr1998,stInflow,reservoir
ES,h5172,0.8757955507768183,scr1998,stInflow,reservoir
ES,h5173,0.8757955507768183,scr1998,stInflow,reservoir
ES,h5174,0.8757955507768183,scr1998,stInflow,reservoir
ES,h5175,0.8757955507768183,scr1998,stInflow,reservoir
ES,h5176,0.8757955507768183,scr1998,stInflow,reservoir
ES,h5177,0.8757955507768183,scr1998,stInflow,reservoir
ES,h5178,0.8757955507768183,scr1998,stInflow,reservoir
ES,h5179,0.8757955507768183,scr1998,stInflow,reservoir
ES,h5180,0.8757955507768183,scr1998,stInflow,reservoir
ES,h5181,0.8757955507768183,scr1998,stInflow,reservoir
ES,h5182,0.8757955507768183,scr1998,stInflow,reservoir
ES,h5183,0.8757955507768183,scr1998,stInflow,reservoir
ES,h5184,0.8757955507768183,scr1998,stInflow,reservoir
ES,h5185,0.8757955507768183,scr1998,stInflow,reservoir
ES,h5186,0.8757955507768183,scr1998,stInflow,reservoir
ES,h5187,0.8757955507768183,scr1998,stInflow,reservoir
ES,h5188,0.8757955507768183,scr1998,stInflow,reservoir
ES,h5189,0.8757955507768183,scr1998,stInflow,reservoir
ES,h5190,0.8757955507768183,scr1998,stInflow,reservoir
ES,h5191,0.8757955507768183,scr1998,stInflow,reservoir
ES,h5192,0.8757955507768183,scr1998,stInflow,reservoir
ES,h5193,0.8757955507768183,scr1998,stInflow,reservoir
ES,h5194,0.8757955507768183,scr1998,stInflow,reservoir
ES,h5195,0.8757955507768183,scr1998,stInflow,reservoir
ES,h5196,0.8757955507768183,scr1998,stInflow,reservoir
ES,h5197,0.8757955507768183,scr1998,stInflow,reservoir
ES,h5198,0.8757955507768183,scr1998,stInflow,reservoir
ES,h5199,0.8757955507768183,scr1998,stInflow,reservoir
ES,h5200,0.8757955507768183,scr1998,stInflow,reservoir
ES,h5201,0.8757955507768183,scr1998,stInflow,reservoir
ES,h5202,0.8757955507768183,scr1998,stInflow,reservoir
ES,h5203,0.8757955507768183,scr1998,stInflow,reservoir
ES,h5204,0.8757955507768183,scr1998,stInflow,reservoir
ES,h5205,0.8757955507768183,scr1998,stInflow,reservoir
ES,h5206,0.8757955507768183,scr1998,stInflow,reservoir
ES,h5207,0.8757955507768183,scr1998,stInflow,reservoir
ES,h5208,0.8757955507768183,scr1998,stInflow,reservoir
ES,h5209,0.8757955507768183,scr1998,stInflow,reservoir
ES,h5210,0.8757955507768183,scr1998,stInflow,reservoir
ES,h5211,0.8757955507768183,scr1998,stInflow,reservoir
ES,h5212,0.8757955507768183,scr1998,stInflow,reservoir
ES,h5213,0.8757955507768183,scr1998,stInflow,reservoir
ES,h5214,0.8757955507768183,scr1998,stInflow,reservoir
ES,h5215,0.8757955507768183,scr1998,stInflow,reservoir
ES,h5216,0.8757955507768183,scr1998,stInflow,reservoir
ES,h5217,0.8757955507768183,scr1998,stInflow,reservoir
ES,h5218,0.8757955507768183,scr1998,stInflow,reservoir
ES,h5219,0.8757955507768183,scr1998,stInflow,reservoir
ES,h5220,0.8757955507768183,scr1998,stInflow,reservoir
ES,h5221,0.8757955507768183,scr1998,stInflow,reservoir
ES,h5222,0.8757955507768183,scr1998,stInflow,reservoir
ES,h5223,0.8757955507768183,scr1998,stInflow,reservoir
ES,h5224,0.8757955507768183,scr1998,stInflow,reservoir
ES,h5225,0.8757955507768183,scr1998,stInflow,reservoir
ES,h5226,0.8757955507768183,scr1998,stInflow,reservoir
ES,h5227,0.8757955507768183,scr1998,stInflow,reservoir
ES,h5228,0.8757955507768183,scr1998,stInflow,reservoir
ES,h5229,0.8757955507768183,scr1998,stInflow,reservoir
ES,h5230,0.8757955507768183,scr1998,stInflow,reservoir
ES,h5231,0.8757955507768183,scr1998,stInflow,reservoir
ES,h5232,0.8757955507768183,scr1998,stInflow,reservoir
ES,h5233,0.8757955507768183,scr1998,stInflow,reservoir
ES,h5234,0.8757955507768183,scr1998,stInflow,reservoir
ES,h5235,0.8757955507768183,scr1998,stInflow,reservoir
ES,h5236,0.8757955507768183,scr1998,stInflow,reservoir
ES,h5237,0.8757955507768183,scr1998,stInflow,reservoir
ES,h5238,0.8757955507768183,scr1998,stInflow,reservoir
ES,h5239,0.8757955507768183,scr1998,stInflow,reservoir
ES,h5240,0.8757955507768183,scr1998,stInflow,reservoir
ES,h5241,0.8757955507768183,scr1998,stInflow,reservoir
ES,h5242,0.8757955507768183,scr1998,stInflow,reservoir
ES,h5243,0.8757955507768183,scr1998,stInflow,reservoir
ES,h5244,0.8757955507768183,scr1998,stInflow,reservoir
ES,h5245,0.8757955507768183,scr1998,stInflow,reservoir
ES,h5246,0.8757955507768183,scr1998,stInflow,reservoir
ES,h5247,0.8757955507768183,scr1998,stInflow,reservoir
ES,h5248,0.8757955507768183,scr1998,stInflow,reservoir
ES,h5249,0.8757955507768183,scr1998,stInflow,reservoir
ES,h5250,0.8757955507768183,scr1998,stInflow,reservoir
ES,h5251,0.8757955507768183,scr1998,stInflow,reservoir
ES,h5252,0.8757955507768183,scr1998,stInflow,reservoir
ES,h5253,0.8757955507768183,scr1998,stInflow,reservoir
ES,h5254,0.8757955507768183,scr1998,stInflow,reservoir
ES,h5255,0.8757955507768183,scr1998,stInflow,reservoir
ES,h5256,0.8757955507768183,scr1998,stInflow,reservoir
ES,h5257,0.8757955507768183,scr1998,stInflow,reservoir
ES,h5258,0.8757955507768183,scr1998,stInflow,reservoir
ES,h5259,0.8757955507768183,scr1998,stInflow,reservoir
ES,h5260,0.8757955507768183,scr1998,stInflow,reservoir
ES,h5261,0.8757955507768183,scr1998,stInflow,reservoir
ES,h5262,0.8757955507768183,scr1998,stInflow,reservoir
ES,h5263,0.8757955507768183,scr1998,stInflow,reservoir
ES,h5264,0.8757955507768183,scr1998,stInflow,reservoir
ES,h5265,0.8757955507768183,scr1998,stInflow,reservoir
ES,h5266,0.8757955507768183,scr1998,stInflow,reservoir
ES,h5267,0.8757955507768183,scr1998,stInflow,reservoir
ES,h5268,0.8757955507768183,scr1998,stInflow,reservoir
ES,h5269,0.8757955507768183,scr1998,stInflow,reservoir
ES,h5270,0.8757955507768183,scr1998,stInflow,reservoir
ES,h5271,0.8757955507768183,scr1998,stInflow,reservoir
ES,h5272,0.8757955507768183,scr1998,stInflow,reservoir
ES,h5273,0.8757955507768183,scr1998,stInflow,reservoir
ES,h5274,0.8757955507768183,scr1998,stInflow,reservoir
ES,h5275,0.8757955507768183,scr1998,stInflow,reservoir
ES,h5276,0.8757955507768183,scr1998,stInflow,reservoir
ES,h5277,0.8757955507768183,scr1998,stInflow,reservoir
ES,h5278,0.8757955507768183,scr1998,stInflow,reservoir
ES,h5279,0.8757955507768183,scr1998,stInflow,reservoir
ES,h5280,0.8757955507768183,scr1998,stInflow,reservoir
ES,h5281,0.8757955507768183,scr1998,stInflow,reservoir
ES,h5282,0.8757955507768183,scr1998,stInflow,reservoir
ES,h5283,0.8757955507768183,scr1998,stInflow,reservoir
ES,h5284,0.8757955507768183,scr1998,stInflow,reservoir
ES,h5285,0.8757955507768183,scr1998,stInflow,reservoir
ES,h5286,0.8757955507768183,scr1998,stInflow,reservoir
ES,h5287,0.8757955507768183,scr1998,stInflow,reservoir
ES,h5288,0.8757955507768183,scr1998,stInflow,reservoir
ES,h5289,0.8757955507768183,scr1998,stInflow,reservoir
ES,h5290,0.8757955507768183,scr1998,stInflow,reservoir
ES,h5291,0.8757955507768183,scr1998,stInflow,reservoir
ES,h5292,0.8757955507768183,scr1998,stInflow,reservoir
ES,h5293,0.8757955507768183,scr1998,stInflow,reservoir
ES,h5294,0.8757955507768183,scr1998,stInflow,reservoir
ES,h5295,0.8757955507768183,scr1998,stInflow,reservoir
ES,h5296,0.8757955507768183,scr1998,stInflow,reservoir
ES,h5297,0.8757955507768183,scr1998,stInflow,reservoir
ES,h5298,0.8757955507768183,scr1998,stInflow,reservoir
ES,h5299,0.8757955507768183,scr1998,stInflow,reservoir
ES,h5300,0.8757955507768183,scr1998,stInflow,reservoir
ES,h5301,0.8757955507768183,scr1998,stInflow,reservoir
ES,h5302,0.8757955507768183,scr1998,stInflow,reservoir
ES,h5303,0.8757955507768183,scr1998,stInflow,reservoir
ES,h5304,0.8757955507768183,scr1998,stInflow,reservoir
ES,h5305,0.8476786072907657,scr1998,stInflow,reservoir
ES,h5306,0.8195617570913463,scr1998,stInflow,reservoir
ES,h5307,0.7914450033801528,scr1998,stInflow,reservoir
ES,h5308,0.7914450033801528,scr1998,stInflow,reservoir
ES,h5309,0.7914450033801528,scr1998,stInflow,reservoir
ES,h5310,0.7914450033801528,scr1998,stInflow,reservoir
ES,h5311,0.7914450033801528,scr1998,stInflow,reservoir
ES,h5312,0.7914450033801528,scr1998,stInflow,reservoir
ES,h5313,0.7914450033801528,scr1998,stInflow,reservoir
ES,h5314,0.7914450033801528,scr1998,stInflow,reservoir
ES,h5315,0.7914450033801528,scr1998,stInflow,reservoir
ES,h5316,0.7914450033801528,scr1998,stInflow,reservoir
ES,h5317,0.7914450033801528,scr1998,stInflow,reservoir
ES,h5318,0.7914450033801528,scr1998,stInflow,reservoir
ES,h5319,0.7914450033801528,scr1998,stInflow,reservoir
ES,h5320,0.7914450033801528,scr1998,stInflow,reservoir
ES,h5321,0.7914450033801528,scr1998,stInflow,reservoir
ES,h5322,0.7914450033801528,scr1998,stInflow,reservoir
ES,h5323,0.7914450033801528,scr1998,stInflow,reservoir
ES,h5324,0.7914450033801528,scr1998,stInflow,reservoir
ES,h5325,0.7914450033801528,scr1998,stInflow,reservoir
ES,h5326,0.7914450033801528,scr1998,stInflow,reservoir
ES,h5327,0.7914450033801528,scr1998,stInflow,reservoir
ES,h5328,0.7914450033801528,scr1998,stInflow,reservoir
ES,h5329,0.7914450033801528,scr1998,stInflow,reservoir
ES,h5330,0.7914450033801528,scr1998,stInflow,reservoir
ES,h5331,0.7914450033801528,scr1998,stInflow,reservoir
ES,h5332,0.7914450033801528,scr1998,stInflow,reservoir
ES,h5333,0.7914450033801528,scr1998,stInflow,reservoir
ES,h5334,0.7914450033801528,scr1998,stInflow,reservoir
ES,h5335,0.7914450033801528,scr1998,stInflow,reservoir
ES,h5336,0.7914450033801528,scr1998,stInflow,reservoir
ES,h5337,0.7914450033801528,scr1998,stInflow,reservoir
ES,h5338,0.7914450033801528,scr1998,stInflow,reservoir
ES,h5339,0.7914450033801528,scr1998,stInflow,reservoir
ES,h5340,0.7914450033801528,scr1998,stInflow,reservoir
ES,h5341,0.7914450033801528,scr1998,stInflow,reservoir
ES,h5342,0.7914450033801528,scr1998,stInflow,reservoir
ES,h5343,0.7914450033801528,scr1998,stInflow,reservoir
ES,h5344,0.7914450033801528,scr1998,stInflow,reservoir
ES,h5345,0.7914450033801528,scr1998,stInflow,reservoir
ES,h5346,0.7914450033801528,scr1998,stInflow,reservoir
ES,h5347,0.7914450033801528,scr1998,stInflow,reservoir
ES,h5348,0.7914450033801528,scr1998,stInflow,reservoir
ES,h5349,0.7914450033801528,scr1998,stInflow,reservoir
ES,h5350,0.7914450033801528,scr1998,stInflow,reservoir
ES,h5351,0.7914450033801528,scr1998,stInflow,reservoir
ES,h5352,0.7914450033801528,scr1998,stInflow,reservoir
ES,h5353,0.7914450033801528,scr1998,stInflow,reservoir
ES,h5354,0.7914450033801528,scr1998,stInflow,reservoir
ES,h5355,0.7914450033801528,scr1998,stInflow,reservoir
ES,h5356,0.7914450033801528,scr1998,stInflow,reservoir
ES,h5357,0.7914450033801528,scr1998,stInflow,reservoir
ES,h5358,0.7914450033801528,scr1998,stInflow,reservoir
ES,h5359,0.7914450033801528,scr1998,stInflow,reservoir
ES,h5360,0.7914450033801528,scr1998,stInflow,reservoir
ES,h5361,0.7914450033801528,scr1998,stInflow,reservoir
ES,h5362,0.7914450033801528,scr1998,stInflow,reservoir
ES,h5363,0.7914450033801528,scr1998,stInflow,reservoir
ES,h5364,0.7914450033801528,scr1998,stInflow,reservoir
ES,h5365,0.7914450033801528,scr1998,stInflow,reservoir
ES,h5366,0.7914450033801528,scr1998,stInflow,reservoir
ES,h5367,0.7914450033801528,scr1998,stInflow,reservoir
ES,h5368,0.7914450033801528,scr1998,stInflow,reservoir
ES,h5369,0.7914450033801528,scr1998,stInflow,reservoir
ES,h5370,0.7914450033801528,scr1998,stInflow,reservoir
ES,h5371,0.7914450033801528,scr1998,stInflow,reservoir
ES,h5372,0.7914450033801528,scr1998,stInflow,reservoir
ES,h5373,0.7914450033801528,scr1998,stInflow,reservoir
ES,h5374,0.7914450033801528,scr1998,stInflow,reservoir
ES,h5375,0.7914450033801528,scr1998,stInflow,reservoir
ES,h5376,0.7914450033801528,scr1998,stInflow,reservoir
ES,h5377,0.7914450033801528,scr1998,stInflow,reservoir
ES,h5378,0.7914450033801528,scr1998,stInflow,reservoir
ES,h5379,0.7914450033801528,scr1998,stInflow,reservoir
ES,h5380,0.7914450033801528,scr1998,stInflow,reservoir
ES,h5381,0.7914450033801528,scr1998,stInflow,reservoir
ES,h5382,0.7914450033801528,scr1998,stInflow,reservoir
ES,h5383,0.7914450033801528,scr1998,stInflow,reservoir
ES,h5384,0.7914450033801528,scr1998,stInflow,reservoir
ES,h5385,0.7914450033801528,scr1998,stInflow,reservoir
ES,h5386,0.7914450033801528,scr1998,stInflow,reservoir
ES,h5387,0.7914450033801528,scr1998,stInflow,reservoir
ES,h5388,0.7914450033801528,scr1998,stInflow,reservoir
ES,h5389,0.7914450033801528,scr1998,stInflow,reservoir
ES,h5390,0.7914450033801528,scr1998,stInflow,reservoir
ES,h5391,0.7914450033801528,scr1998,stInflow,reservoir
ES,h5392,0.7914450033801528,scr1998,stInflow,reservoir
ES,h5393,0.7914450033801528,scr1998,stInflow,reservoir
ES,h5394,0.7914450033801528,scr1998,stInflow,reservoir
ES,h5395,0.7914450033801528,scr1998,stInflow,reservoir
ES,h5396,0.7914450033801528,scr1998,stInflow,reservoir
ES,h5397,0.7914450033801528,scr1998,stInflow,reservoir
ES,h5398,0.7914450033801528,scr1998,stInflow,reservoir
ES,h5399,0.7914450033801528,scr1998,stInflow,reservoir
ES,h5400,0.7914450033801528,scr1998,stInflow,reservoir
ES,h5401,0.7914450033801528,scr1998,stInflow,reservoir
ES,h5402,0.7914450033801528,scr1998,stInflow,reservoir
ES,h5403,0.7914450033801528,scr1998,stInflow,reservoir
ES,h5404,0.7914450033801528,scr1998,stInflow,reservoir
ES,h5405,0.7914450033801528,scr1998,stInflow,reservoir
ES,h5406,0.7914450033801528,scr1998,stInflow,reservoir
ES,h5407,0.7914450033801528,scr1998,stInflow,reservoir
ES,h5408,0.7914450033801528,scr1998,stInflow,reservoir
ES,h5409,0.7914450033801528,scr1998,stInflow,reservoir
ES,h5410,0.7914450033801528,scr1998,stInflow,reservoir
ES,h5411,0.7914450033801528,scr1998,stInflow,reservoir
ES,h5412,0.7914450033801528,scr1998,stInflow,reservoir
ES,h5413,0.7914450033801528,scr1998,stInflow,reservoir
ES,h5414,0.7914450033801528,scr1998,stInflow,reservoir
ES,h5415,0.7914450033801528,scr1998,stInflow,reservoir
ES,h5416,0.7914450033801528,scr1998,stInflow,reservoir
ES,h5417,0.7914450033801528,scr1998,stInflow,reservoir
ES,h5418,0.7914450033801528,scr1998,stInflow,reservoir
ES,h5419,0.7914450033801528,scr1998,stInflow,reservoir
ES,h5420,0.7914450033801528,scr1998,stInflow,reservoir
ES,h5421,0.7914450033801528,scr1998,stInflow,reservoir
ES,h5422,0.7914450033801528,scr1998,stInflow,reservoir
ES,h5423,0.7914450033801528,scr1998,stInflow,reservoir
ES,h5424,0.7914450033801528,scr1998,stInflow,reservoir
ES,h5425,0.7914450033801528,scr1998,stInflow,reservoir
ES,h5426,0.7914450033801528,scr1998,stInflow,reservoir
ES,h5427,0.7914450033801528,scr1998,stInflow,reservoir
ES,h5428,0.7914450033801528,scr1998,stInflow,reservoir
ES,h5429,0.7914450033801528,scr1998,stInflow,reservoir
ES,h5430,0.7914450033801528,scr1998,stInflow,reservoir
ES,h5431,0.7914450033801528,scr1998,stInflow,reservoir
ES,h5432,0.7914450033801528,scr1998,stInflow,reservoir
ES,h5433,0.7914450033801528,scr1998,stInflow,reservoir
ES,h5434,0.7914450033801528,scr1998,stInflow,reservoir
ES,h5435,0.7914450033801528,scr1998,stInflow,reservoir
ES,h5436,0.7914450033801528,scr1998,stInflow,reservoir
ES,h5437,0.7914450033801528,scr1998,stInflow,reservoir
ES,h5438,0.7914450033801528,scr1998,stInflow,reservoir
ES,h5439,0.7914450033801528,scr1998,stInflow,reservoir
ES,h5440,0.7914450033801528,scr1998,stInflow,reservoir
ES,h5441,0.7914450033801528,scr1998,stInflow,reservoir
ES,h5442,0.7914450033801528,scr1998,stInflow,reservoir
ES,h5443,0.7914450033801528,scr1998,stInflow,reservoir
ES,h5444,0.7914450033801528,scr1998,stInflow,reservoir
ES,h5445,0.7914450033801528,scr1998,stInflow,reservoir
ES,h5446,0.7914450033801528,scr1998,stInflow,reservoir
ES,h5447,0.7914450033801528,scr1998,stInflow,reservoir
ES,h5448,0.7914450033801528,scr1998,stInflow,reservoir
ES,h5449,0.7914450033801528,scr1998,stInflow,reservoir
ES,h5450,0.7914450033801528,scr1998,stInflow,reservoir
ES,h5451,0.7914450033801528,scr1998,stInflow,reservoir
ES,h5452,0.7914450033801528,scr1998,stInflow,reservoir
ES,h5453,0.7914450033801528,scr1998,stInflow,reservoir
ES,h5454,0.7914450033801528,scr1998,stInflow,reservoir
ES,h5455,0.7914450033801528,scr1998,stInflow,reservoir
ES,h5456,0.7914450033801528,scr1998,stInflow,reservoir
ES,h5457,0.7914450033801528,scr1998,stInflow,reservoir
ES,h5458,0.7914450033801528,scr1998,stInflow,reservoir
ES,h5459,0.7914450033801528,scr1998,stInflow,reservoir
ES,h5460,0.7914450033801528,scr1998,stInflow,reservoir
ES,h5461,0.7914450033801528,scr1998,stInflow,reservoir
ES,h5462,0.7914450033801528,scr1998,stInflow,reservoir
ES,h5463,0.7914450033801528,scr1998,stInflow,reservoir
ES,h5464,0.7914450033801528,scr1998,stInflow,reservoir
ES,h5465,0.7914450033801528,scr1998,stInflow,reservoir
ES,h5466,0.7914450033801528,scr1998,stInflow,reservoir
ES,h5467,0.7914450033801528,scr1998,stInflow,reservoir
ES,h5468,0.7914450033801528,scr1998,stInflow,reservoir
ES,h5469,0.7914450033801528,scr1998,stInflow,reservoir
ES,h5470,0.7914450033801528,scr1998,stInflow,reservoir
ES,h5471,0.7914450033801528,scr1998,stInflow,reservoir
ES,h5472,0.7914450033801528,scr1998,stInflow,reservoir
ES,h5473,0.7929706755533006,scr1998,stInflow,reservoir
ES,h5474,0.7944963480200158,scr1998,stInflow,reservoir
ES,h5475,0.7960220207797343,scr1998,stInflow,reservoir
ES,h5476,0.7960220207797343,scr1998,stInflow,reservoir
ES,h5477,0.7960220207797343,scr1998,stInflow,reservoir
ES,h5478,0.7960220207797343,scr1998,stInflow,reservoir
ES,h5479,0.7960220207797343,scr1998,stInflow,reservoir
ES,h5480,0.7960220207797343,scr1998,stInflow,reservoir
ES,h5481,0.7960220207797343,scr1998,stInflow,reservoir
ES,h5482,0.7960220207797343,scr1998,stInflow,reservoir
ES,h5483,0.7960220207797343,scr1998,stInflow,reservoir
ES,h5484,0.7960220207797343,scr1998,stInflow,reservoir
ES,h5485,0.7960220207797343,scr1998,stInflow,reservoir
ES,h5486,0.7960220207797343,scr1998,stInflow,reservoir
ES,h5487,0.7960220207797343,scr1998,stInflow,reservoir
ES,h5488,0.7960220207797343,scr1998,stInflow,reservoir
ES,h5489,0.7960220207797343,scr1998,stInflow,reservoir
ES,h5490,0.7960220207797343,scr1998,stInflow,reservoir
ES,h5491,0.7960220207797343,scr1998,stInflow,reservoir
ES,h5492,0.7960220207797343,scr1998,stInflow,reservoir
ES,h5493,0.7960220207797343,scr1998,stInflow,reservoir
ES,h5494,0.7960220207797343,scr1998,stInflow,reservoir
ES,h5495,0.7960220207797343,scr1998,stInflow,reservoir
ES,h5496,0.7960220207797343,scr1998,stInflow,reservoir
ES,h5497,0.7960220207797343,scr1998,stInflow,reservoir
ES,h5498,0.7960220207797343,scr1998,stInflow,reservoir
ES,h5499,0.7960220207797343,scr1998,stInflow,reservoir
ES,h5500,0.7960220207797343,scr1998,stInflow,reservoir
ES,h5501,0.7960220207797343,scr1998,stInflow,reservoir
ES,h5502,0.7960220207797343,scr1998,stInflow,reservoir
ES,h5503,0.7960220207797343,scr1998,stInflow,reservoir
ES,h5504,0.7960220207797343,scr1998,stInflow,reservoir
ES,h5505,0.7960220207797343,scr1998,stInflow,reservoir
ES,h5506,0.7960220207797343,scr1998,stInflow,reservoir
ES,h5507,0.7960220207797343,scr1998,stInflow,reservoir
ES,h5508,0.7960220207797343,scr1998,stInflow,reservoir
ES,h5509,0.7960220207797343,scr1998,stInflow,reservoir
ES,h5510,0.7960220207797343,scr1998,stInflow,reservoir
ES,h5511,0.7960220207797343,scr1998,stInflow,reservoir
ES,h5512,0.7960220207797343,scr1998,stInflow,reservoir
ES,h5513,0.7960220207797343,scr1998,stInflow,reservoir
ES,h5514,0.7960220207797343,scr1998,stInflow,reservoir
ES,h5515,0.7960220207797343,scr1998,stInflow,reservoir
ES,h5516,0.7960220207797343,scr1998,stInflow,reservoir
ES,h5517,0.7960220207797343,scr1998,stInflow,reservoir
ES,h5518,0.7960220207797343,scr1998,stInflow,reservoir
ES,h5519,0.7960220207797343,scr1998,stInflow,reservoir
ES,h5520,0.7960220207797343,scr1998,stInflow,reservoir
ES,h5521,0.7960220207797343,scr1998,stInflow,reservoir
ES,h5522,0.7960220207797343,scr1998,stInflow,reservoir
ES,h5523,0.7960220207797343,scr1998,stInflow,reservoir
ES,h5524,0.7960220207797343,scr1998,stInflow,reservoir
ES,h5525,0.7960220207797343,scr1998,stInflow,reservoir
ES,h5526,0.7960220207797343,scr1998,stInflow,reservoir
ES,h5527,0.7960220207797343,scr1998,stInflow,reservoir
ES,h5528,0.7960220207797343,scr1998,stInflow,reservoir
ES,h5529,0.7960220207797343,scr1998,stInflow,reservoir
ES,h5530,0.7960220207797343,scr1998,stInflow,reservoir
ES,h5531,0.7960220207797343,scr1998,stInflow,reservoir
ES,h5532,0.7960220207797343,scr1998,stInflow,reservoir
ES,h5533,0.7960220207797343,scr1998,stInflow,reservoir
ES,h5534,0.7960220207797343,scr1998,stInflow,reservoir
ES,h5535,0.7960220207797343,scr1998,stInflow,reservoir
ES,h5536,0.7960220207797343,scr1998,stInflow,reservoir
ES,h5537,0.7960220207797343,scr1998,stInflow,reservoir
ES,h5538,0.7960220207797343,scr1998,stInflow,reservoir
ES,h5539,0.7960220207797343,scr1998,stInflow,reservoir
ES,h5540,0.7960220207797343,scr1998,stInflow,reservoir
ES,h5541,0.7960220207797343,scr1998,stInflow,reservoir
ES,h5542,0.7960220207797343,scr1998,stInflow,reservoir
ES,h5543,0.7960220207797343,scr1998,stInflow,reservoir
ES,h5544,0.7960220207797343,scr1998,stInflow,reservoir
ES,h5545,0.7960220207797343,scr1998,stInflow,reservoir
ES,h5546,0.7960220207797343,scr1998,stInflow,reservoir
ES,h5547,0.7960220207797343,scr1998,stInflow,reservoir
ES,h5548,0.7960220207797343,scr1998,stInflow,reservoir
ES,h5549,0.7960220207797343,scr1998,stInflow,reservoir
ES,h5550,0.7960220207797343,scr1998,stInflow,reservoir
ES,h5551,0.7960220207797343,scr1998,stInflow,reservoir
ES,h5552,0.7960220207797343,scr1998,stInflow,reservoir
ES,h5553,0.7960220207797343,scr1998,stInflow,reservoir
ES,h5554,0.7960220207797343,scr1998,stInflow,reservoir
ES,h5555,0.7960220207797343,scr1998,stInflow,reservoir
ES,h5556,0.7960220207797343,scr1998,stInflow,reservoir
ES,h5557,0.7960220207797343,scr1998,stInflow,reservoir
ES,h5558,0.7960220207797343,scr1998,stInflow,reservoir
ES,h5559,0.7960220207797343,scr1998,stInflow,reservoir
ES,h5560,0.7960220207797343,scr1998,stInflow,reservoir
ES,h5561,0.7960220207797343,scr1998,stInflow,reservoir
ES,h5562,0.7960220207797343,scr1998,stInflow,reservoir
ES,h5563,0.7960220207797343,scr1998,stInflow,reservoir
ES,h5564,0.7960220207797343,scr1998,stInflow,reservoir
ES,h5565,0.7960220207797343,scr1998,stInflow,reservoir
ES,h5566,0.7960220207797343,scr1998,stInflow,reservoir
ES,h5567,0.7960220207797343,scr1998,stInflow,reservoir
ES,h5568,0.7960220207797343,scr1998,stInflow,reservoir
ES,h5569,0.7960220207797343,scr1998,stInflow,reservoir
ES,h5570,0.7960220207797343,scr1998,stInflow,reservoir
ES,h5571,0.7960220207797343,scr1998,stInflow,reservoir
ES,h5572,0.7960220207797343,scr1998,stInflow,reservoir
ES,h5573,0.7960220207797343,scr1998,stInflow,reservoir
ES,h5574,0.7960220207797343,scr1998,stInflow,reservoir
ES,h5575,0.7960220207797343,scr1998,stInflow,reservoir
ES,h5576,0.7960220207797343,scr1998,stInflow,reservoir
ES,h5577,0.7960220207797343,scr1998,stInflow,reservoir
ES,h5578,0.7960220207797343,scr1998,stInflow,reservoir
ES,h5579,0.7960220207797343,scr1998,stInflow,reservoir
ES,h5580,0.7960220207797343,scr1998,stInflow,reservoir
ES,h5581,0.7960220207797343,scr1998,stInflow,reservoir
ES,h5582,0.7960220207797343,scr1998,stInflow,reservoir
ES,h5583,0.7960220207797343,scr1998,stInflow,reservoir
ES,h5584,0.7960220207797343,scr1998,stInflow,reservoir
ES,h5585,0.7960220207797343,scr1998,stInflow,reservoir
ES,h5586,0.7960220207797343,scr1998,stInflow,reservoir
ES,h5587,0.7960220207797343,scr1998,stInflow,reservoir
ES,h5588,0.7960220207797343,scr1998,stInflow,reservoir
ES,h5589,0.7960220207797343,scr1998,stInflow,reservoir
ES,h5590,0.7960220207797343,scr1998,stInflow,reservoir
ES,h5591,0.7960220207797343,scr1998,stInflow,reservoir
ES,h5592,0.7960220207797343,scr1998,stInflow,reservoir
ES,h5593,0.7960220207797343,scr1998,stInflow,reservoir
ES,h5594,0.7960220207797343,scr1998,stInflow,reservoir
ES,h5595,0.7960220207797343,scr1998,stInflow,reservoir
ES,h5596,0.7960220207797343,scr1998,stInflow,reservoir
ES,h5597,0.7960220207797343,scr1998,stInflow,reservoir
ES,h5598,0.7960220207797343,scr1998,stInflow,reservoir
ES,h5599,0.7960220207797343,scr1998,stInflow,reservoir
ES,h5600,0.7960220207797343,scr1998,stInflow,reservoir
ES,h5601,0.7960220207797343,scr1998,stInflow,reservoir
ES,h5602,0.7960220207797343,scr1998,stInflow,reservoir
ES,h5603,0.7960220207797343,scr1998,stInflow,reservoir
ES,h5604,0.7960220207797343,scr1998,stInflow,reservoir
ES,h5605,0.7960220207797343,scr1998,stInflow,reservoir
ES,h5606,0.7960220207797343,scr1998,stInflow,reservoir
ES,h5607,0.7960220207797343,scr1998,stInflow,reservoir
ES,h5608,0.7960220207797343,scr1998,stInflow,reservoir
ES,h5609,0.7960220207797343,scr1998,stInflow,reservoir
ES,h5610,0.7960220207797343,scr1998,stInflow,reservoir
ES,h5611,0.7960220207797343,scr1998,stInflow,reservoir
ES,h5612,0.7960220207797343,scr1998,stInflow,reservoir
ES,h5613,0.7960220207797343,scr1998,stInflow,reservoir
ES,h5614,0.7960220207797343,scr1998,stInflow,reservoir
ES,h5615,0.7960220207797343,scr1998,stInflow,reservoir
ES,h5616,0.7960220207797343,scr1998,stInflow,reservoir
ES,h5617,0.7960220207797343,scr1998,stInflow,reservoir
ES,h5618,0.7960220207797343,scr1998,stInflow,reservoir
ES,h5619,0.7960220207797343,scr1998,stInflow,reservoir
ES,h5620,0.7960220207797343,scr1998,stInflow,reservoir
ES,h5621,0.7960220207797343,scr1998,stInflow,reservoir
ES,h5622,0.7960220207797343,scr1998,stInflow,reservoir
ES,h5623,0.7960220207797343,scr1998,stInflow,reservoir
ES,h5624,0.7960220207797343,scr1998,stInflow,reservoir
ES,h5625,0.7960220207797343,scr1998,stInflow,reservoir
ES,h5626,0.7960220207797343,scr1998,stInflow,reservoir
ES,h5627,0.7960220207797343,scr1998,stInflow,reservoir
ES,h5628,0.7960220207797343,scr1998,stInflow,reservoir
ES,h5629,0.7960220207797343,scr1998,stInflow,reservoir
ES,h5630,0.7960220207797343,scr1998,stInflow,reservoir
ES,h5631,0.7960220207797343,scr1998,stInflow,reservoir
ES,h5632,0.7960220207797343,scr1998,stInflow,reservoir
ES,h5633,0.7960220207797343,scr1998,stInflow,reservoir
ES,h5634,0.7960220207797343,scr1998,stInflow,reservoir
ES,h5635,0.7960220207797343,scr1998,stInflow,reservoir
ES,h5636,0.7960220207797343,scr1998,stInflow,reservoir
ES,h5637,0.7960220207797343,scr1998,stInflow,reservoir
ES,h5638,0.7960220207797343,scr1998,stInflow,reservoir
ES,h5639,0.7960220207797343,scr1998,stInflow,reservoir
ES,h5640,0.7960220207797343,scr1998,stInflow,reservoir
ES,h5641,0.7914589616893646,scr1998,stInflow,reservoir
ES,h5642,0.786895905230037,scr1998,stInflow,reservoir
ES,h5643,0.7823328514170085,scr1998,stInflow,reservoir
ES,h5644,0.7823328514170085,scr1998,stInflow,reservoir
ES,h5645,0.7823328514170085,scr1998,stInflow,reservoir
ES,h5646,0.7823328514170085,scr1998,stInflow,reservoir
ES,h5647,0.7823328514170085,scr1998,stInflow,reservoir
ES,h5648,0.7823328514170085,scr1998,stInflow,reservoir
ES,h5649,0.7823328514170085,scr1998,stInflow,reservoir
ES,h5650,0.7823328514170085,scr1998,stInflow,reservoir
ES,h5651,0.7823328514170085,scr1998,stInflow,reservoir
ES,h5652,0.7823328514170085,scr1998,stInflow,reservoir
ES,h5653,0.7823328514170085,scr1998,stInflow,reservoir
ES,h5654,0.7823328514170085,scr1998,stInflow,reservoir
ES,h5655,0.7823328514170085,scr1998,stInflow,reservoir
ES,h5656,0.7823328514170085,scr1998,stInflow,reservoir
ES,h5657,0.7823328514170085,scr1998,stInflow,reservoir
ES,h5658,0.7823328514170085,scr1998,stInflow,reservoir
ES,h5659,0.7823328514170085,scr1998,stInflow,reservoir
ES,h5660,0.7823328514170085,scr1998,stInflow,reservoir
ES,h5661,0.7823328514170085,scr1998,stInflow,reservoir
ES,h5662,0.7823328514170085,scr1998,stInflow,reservoir
ES,h5663,0.7823328514170085,scr1998,stInflow,reservoir
ES,h5664,0.7823328514170085,scr1998,stInflow,reservoir
ES,h5665,0.7823328514170085,scr1998,stInflow,reservoir
ES,h5666,0.7823328514170085,scr1998,stInflow,reservoir
ES,h5667,0.7823328514170085,scr1998,stInflow,reservoir
ES,h5668,0.7823328514170085,scr1998,stInflow,reservoir
ES,h5669,0.7823328514170085,scr1998,stInflow,reservoir
ES,h5670,0.7823328514170085,scr1998,stInflow,reservoir
ES,h5671,0.7823328514170085,scr1998,stInflow,reservoir
ES,h5672,0.7823328514170085,scr1998,stInflow,reservoir
ES,h5673,0.7823328514170085,scr1998,stInflow,reservoir
ES,h5674,0.7823328514170085,scr1998,stInflow,reservoir
ES,h5675,0.7823328514170085,scr1998,stInflow,reservoir
ES,h5676,0.7823328514170085,scr1998,stInflow,reservoir
ES,h5677,0.7823328514170085,scr1998,stInflow,reservoir
ES,h5678,0.7823328514170085,scr1998,stInflow,reservoir
ES,h5679,0.7823328514170085,scr1998,stInflow,reservoir
ES,h5680,0.7823328514170085,scr1998,stInflow,reservoir
ES,h5681,0.7823328514170085,scr1998,stInflow,reservoir
ES,h5682,0.7823328514170085,scr1998,stInflow,reservoir
ES,h5683,0.7823328514170085,scr1998,stInflow,reservoir
ES,h5684,0.7823328514170085,scr1998,stInflow,reservoir
ES,h5685,0.7823328514170085,scr1998,stInflow,reservoir
ES,h5686,0.7823328514170085,scr1998,stInflow,reservoir
ES,h5687,0.7823328514170085,scr1998,stInflow,reservoir
ES,h5688,0.7823328514170085,scr1998,stInflow,reservoir
ES,h5689,0.7823328514170085,scr1998,stInflow,reservoir
ES,h5690,0.7823328514170085,scr1998,stInflow,reservoir
ES,h5691,0.7823328514170085,scr1998,stInflow,reservoir
ES,h5692,0.7823328514170085,scr1998,stInflow,reservoir
ES,h5693,0.7823328514170085,scr1998,stInflow,reservoir
ES,h5694,0.7823328514170085,scr1998,stInflow,reservoir
ES,h5695,0.7823328514170085,scr1998,stInflow,reservoir
ES,h5696,0.7823328514170085,scr1998,stInflow,reservoir
ES,h5697,0.7823328514170085,scr1998,stInflow,reservoir
ES,h5698,0.7823328514170085,scr1998,stInflow,reservoir
ES,h5699,0.7823328514170085,scr1998,stInflow,reservoir
ES,h5700,0.7823328514170085,scr1998,stInflow,reservoir
ES,h5701,0.7823328514170085,scr1998,stInflow,reservoir
ES,h5702,0.7823328514170085,scr1998,stInflow,reservoir
ES,h5703,0.7823328514170085,scr1998,stInflow,reservoir
ES,h5704,0.7823328514170085,scr1998,stInflow,reservoir
ES,h5705,0.7823328514170085,scr1998,stInflow,reservoir
ES,h5706,0.7823328514170085,scr1998,stInflow,reservoir
ES,h5707,0.7823328514170085,scr1998,stInflow,reservoir
ES,h5708,0.7823328514170085,scr1998,stInflow,reservoir
ES,h5709,0.7823328514170085,scr1998,stInflow,reservoir
ES,h5710,0.7823328514170085,scr1998,stInflow,reservoir
ES,h5711,0.7823328514170085,scr1998,stInflow,reservoir
ES,h5712,0.7823328514170085,scr1998,stInflow,reservoir
ES,h5713,0.7823328514170085,scr1998,stInflow,reservoir
ES,h5714,0.7823328514170085,scr1998,stInflow,reservoir
ES,h5715,0.7823328514170085,scr1998,stInflow,reservoir
ES,h5716,0.7823328514170085,scr1998,stInflow,reservoir
ES,h5717,0.7823328514170085,scr1998,stInflow,reservoir
ES,h5718,0.7823328514170085,scr1998,stInflow,reservoir
ES,h5719,0.7823328514170085,scr1998,stInflow,reservoir
ES,h5720,0.7823328514170085,scr1998,stInflow,reservoir
ES,h5721,0.7823328514170085,scr1998,stInflow,reservoir
ES,h5722,0.7823328514170085,scr1998,stInflow,reservoir
ES,h5723,0.7823328514170085,scr1998,stInflow,reservoir
ES,h5724,0.7823328514170085,scr1998,stInflow,reservoir
ES,h5725,0.7823328514170085,scr1998,stInflow,reservoir
ES,h5726,0.7823328514170085,scr1998,stInflow,reservoir
ES,h5727,0.7823328514170085,scr1998,stInflow,reservoir
ES,h5728,0.7823328514170085,scr1998,stInflow,reservoir
ES,h5729,0.7823328514170085,scr1998,stInflow,reservoir
ES,h5730,0.7823328514170085,scr1998,stInflow,reservoir
ES,h5731,0.7823328514170085,scr1998,stInflow,reservoir
ES,h5732,0.7823328514170085,scr1998,stInflow,reservoir
ES,h5733,0.7823328514170085,scr1998,stInflow,reservoir
ES,h5734,0.7823328514170085,scr1998,stInflow,reservoir
ES,h5735,0.7823328514170085,scr1998,stInflow,reservoir
ES,h5736,0.7823328514170085,scr1998,stInflow,reservoir
ES,h5737,0.7823328514170085,scr1998,stInflow,reservoir
ES,h5738,0.7823328514170085,scr1998,stInflow,reservoir
ES,h5739,0.7823328514170085,scr1998,stInflow,reservoir
ES,h5740,0.7823328514170085,scr1998,stInflow,reservoir
ES,h5741,0.7823328514170085,scr1998,stInflow,reservoir
ES,h5742,0.7823328514170085,scr1998,stInflow,reservoir
ES,h5743,0.7823328514170085,scr1998,stInflow,reservoir
ES,h5744,0.7823328514170085,scr1998,stInflow,reservoir
ES,h5745,0.7823328514170085,scr1998,stInflow,reservoir
ES,h5746,0.7823328514170085,scr1998,stInflow,reservoir
ES,h5747,0.7823328514170085,scr1998,stInflow,reservoir
ES,h5748,0.7823328514170085,scr1998,stInflow,reservoir
ES,h5749,0.7823328514170085,scr1998,stInflow,reservoir
ES,h5750,0.7823328514170085,scr1998,stInflow,reservoir
ES,h5751,0.7823328514170085,scr1998,stInflow,reservoir
ES,h5752,0.7823328514170085,scr1998,stInflow,reservoir
ES,h5753,0.7823328514170085,scr1998,stInflow,reservoir
ES,h5754,0.7823328514170085,scr1998,stInflow,reservoir
ES,h5755,0.7823328514170085,scr1998,stInflow,reservoir
ES,h5756,0.7823328514170085,scr1998,stInflow,reservoir
ES,h5757,0.7823328514170085,scr1998,stInflow,reservoir
ES,h5758,0.7823328514170085,scr1998,stInflow,reservoir
ES,h5759,0.7823328514170085,scr1998,stInflow,reservoir
ES,h5760,0.7823328514170085,scr1998,stInflow,reservoir
ES,h5761,0.7823328514170085,scr1998,stInflow,reservoir
ES,h5762,0.7823328514170085,scr1998,stInflow,reservoir
ES,h5763,0.7823328514170085,scr1998,stInflow,reservoir
ES,h5764,0.7823328514170085,scr1998,stInflow,reservoir
ES,h5765,0.7823328514170085,scr1998,stInflow,reservoir
ES,h5766,0.7823328514170085,scr1998,stInflow,reservoir
ES,h5767,0.7823328514170085,scr1998,stInflow,reservoir
ES,h5768,0.7823328514170085,scr1998,stInflow,reservoir
ES,h5769,0.7823328514170085,scr1998,stInflow,reservoir
ES,h5770,0.7823328514170085,scr1998,stInflow,reservoir
ES,h5771,0.7823328514170085,scr1998,stInflow,reservoir
ES,h5772,0.7823328514170085,scr1998,stInflow,reservoir
ES,h5773,0.7823328514170085,scr1998,stInflow,reservoir
ES,h5774,0.7823328514170085,scr1998,stInflow,reservoir
ES,h5775,0.7823328514170085,scr1998,stInflow,reservoir
ES,h5776,0.7823328514170085,scr1998,stInflow,reservoir
ES,h5777,0.7823328514170085,scr1998,stInflow,reservoir
ES,h5778,0.7823328514170085,scr1998,stInflow,reservoir
ES,h5779,0.7823328514170085,scr1998,stInflow,reservoir
ES,h5780,0.7823328514170085,scr1998,stInflow,reservoir
ES,h5781,0.7823328514170085,scr1998,stInflow,reservoir
ES,h5782,0.7823328514170085,scr1998,stInflow,reservoir
ES,h5783,0.7823328514170085,scr1998,stInflow,reservoir
ES,h5784,0.7823328514170085,scr1998,stInflow,reservoir
ES,h5785,0.7823328514170085,scr1998,stInflow,reservoir
ES,h5786,0.7823328514170085,scr1998,stInflow,reservoir
ES,h5787,0.7823328514170085,scr1998,stInflow,reservoir
ES,h5788,0.7823328514170085,scr1998,stInflow,reservoir
ES,h5789,0.7823328514170085,scr1998,stInflow,reservoir
ES,h5790,0.7823328514170085,scr1998,stInflow,reservoir
ES,h5791,0.7823328514170085,scr1998,stInflow,reservoir
ES,h5792,0.7823328514170085,scr1998,stInflow,reservoir
ES,h5793,0.7823328514170085,scr1998,stInflow,reservoir
ES,h5794,0.7823328514170085,scr1998,stInflow,reservoir
ES,h5795,0.7823328514170085,scr1998,stInflow,reservoir
ES,h5796,0.7823328514170085,scr1998,stInflow,reservoir
ES,h5797,0.7823328514170085,scr1998,stInflow,reservoir
ES,h5798,0.7823328514170085,scr1998,stInflow,reservoir
ES,h5799,0.7823328514170085,scr1998,stInflow,reservoir
ES,h5800,0.7823328514170085,scr1998,stInflow,reservoir
ES,h5801,0.7823328514170085,scr1998,stInflow,reservoir
ES,h5802,0.7823328514170085,scr1998,stInflow,reservoir
ES,h5803,0.7823328514170085,scr1998,stInflow,reservoir
ES,h5804,0.7823328514170085,scr1998,stInflow,reservoir
ES,h5805,0.7823328514170085,scr1998,stInflow,reservoir
ES,h5806,0.7823328514170085,scr1998,stInflow,reservoir
ES,h5807,0.7823328514170085,scr1998,stInflow,reservoir
ES,h5808,0.7823328514170085,scr1998,stInflow,reservoir
FR,h5065,1.5068024253159755,scr1998,stInflow,reservoir
FR,h5066,1.5068024253159755,scr1998,stInflow,reservoir
FR,h5067,1.5068024253159755,scr1998,stInflow,reservoir
FR,h5068,1.5068024253159755,scr1998,stInflow,reservoir
FR,h5069,1.5068024253159755,scr1998,stInflow,reservoir
FR,h5070,1.5068024253159755,scr1998,stInflow,reservoir
FR,h5071,1.5068024253159755,scr1998,stInflow,reservoir
FR,h5072,1.5068024253159755,scr1998,stInflow,reservoir
FR,h5073,1.5068024253159755,scr1998,stInflow,reservoir
FR,h5074,1.5068024253159755,scr1998,stInflow,reservoir
FR,h5075,1.5068024253159755,scr1998,stInflow,reservoir
FR,h5076,1.5068024253159755,scr1998,stInflow,reservoir
FR,h5077,1.5068024253159755,scr1998,stInflow,reservoir
FR,h5078,1.5068024253159755,scr1998,stInflow,reservoir
FR,h5079,1.5068024253159755,scr1998,stInflow,reservoir
FR,h5080,1.5068024253159755,scr1998,stInflow,reservoir
FR,h5081,1.5068024253159755,scr1998,stInflow,reservoir
FR,h5082,1.5068024253159755,scr1998,stInflow,reservoir
FR,h5083,1.5068024253159755,scr1998,stInflow,reservoir
FR,h5084,1.5068024253159755,scr1998,stInflow,reservoir
FR,h5085,1.5068024253159755,scr1998,stInflow,reservoir
FR,h5086,1.5068024253159755,scr1998,stInflow,reservoir
FR,h5087,1.5068024253159755,scr1998,stInflow,reservoir
FR,h5088,1.5068024253159755,scr1998,stInflow,reservoir
FR,h5089,1.5068024253159755,scr1998,stInflow,reservoir
FR,h5090,1.5068024253159755,scr1998,stInflow,reservoir
FR,h5091,1.5068024253159755,scr1998,stInflow,reservoir
FR,h5092,1.5068024253159755,scr1998,stInflow,reservoir
FR,h5093,1.5068024253159755,scr1998,stInflow,reservoir
FR,h5094,1.5068024253159755,scr1998,stInflow,reservoir
FR,h5095,1.5068024253159755,scr1998,stInflow,reservoir
FR,h5096,1.5068024253159755,scr1998,stInflow,reservoir
FR,h5097,1.5068024253159755,scr1998,stInflow,reservoir
FR,h5098,1.5068024253159755,scr1998,stInflow,reservoir
FR,h5099,1.5068024253159755,scr1998,stInflow,reservoir
FR,h5100,1.5068024253159755,scr1998,stInflow,reservoir
FR,h5101,1.5068024253159755,scr1998,stInflow,reservoir
FR,h5102,1.5068024253159755,scr1998,stInflow,reservoir
FR,h5103,1.5068024253159755,scr1998,stInflow,reservoir
FR,h5104,1.5068024253159755,scr1998,stInflow,reservoir
FR,h5105,1.5068024253159755,scr1998,stInflow,reservoir
FR,h5106,1.5068024253159755,scr1998,stInflow,reservoir
FR,h5107,1.5068024253159755,scr1998,stInflow,reservoir
FR,h5108,1.5068024253159755,scr1998,stInflow,reservoir
FR,h5109,1.5068024253159755,scr1998,stInflow,reservoir
FR,h5110,1.5068024253159755,scr1998,stInflow,reservoir
FR,h5111,1.5068024253159755,scr1998,stInflow,reservoir
FR,h5112,1.5068024253159755,scr1998,stInflow,reservoir
FR,h5113,1.5068024253159755,scr1998,stInflow,reservoir
FR,h5114,1.5068024253159755,scr1998,stInflow,reservoir
FR,h5115,1.5068024253159755,scr1998,stInflow,reservoir
FR,h5116,1.5068024253159755,scr1998,stInflow,reservoir
FR,h5117,1.5068024253159755,scr1998,stInflow,reservoir
FR,h5118,1.5068024253159755,scr1998,stInflow,reservoir
FR,h5119,1.5068024253159755,scr1998,stInflow,reservoir
FR,h5120,1.5068024253159755,scr1998,stInflow,reservoir
FR,h5121,1.5068024253159755,scr1998,stInflow,reservoir
FR,h5122,1.5068024253159755,scr1998,stInflow,reservoir
FR,h5123,1.5068024253159755,scr1998,stInflow,reservoir
FR,h5124,1.5068024253159755,scr1998,stInflow,reservoir
FR,h5125,1.5068024253159755,scr1998,stInflow,reservoir
FR,h5126,1.5068024253159755,scr1998,stInflow,reservoir
FR,h5127,1.5068024253159755,scr1998,stInflow,reservoir
FR,h5128,1.5068024253159755,scr1998,stInflow,reservoir
FR,h5129,1.5068024253159755,scr1998,stInflow,reservoir
FR,h5130,1.5068024253159755,scr1998,stInflow,reservoir
FR,h5131,1.5068024253159755,scr1998,stInflow,reservoir
FR,h5132,1.5068024253159755,scr1998,stInflow,reservoir
FR,h5133,1.5068024253159755,scr1998,stInflow,reservoir
FR,h5134,1.5068024253159755,scr1998,stInflow,reservoir
FR,h5135,1.5068024253159755,scr1998,stInflow,reservoir
FR,h5136,1.5068024253159755,scr1998,stInflow,reservoir
FR,h5137,1.394807912416984,scr1998,stInflow,reservoir
FR,h5138,1.2828142997491159,scr1998,stInflow,reservoir
FR,h5139,1.1708216660921038,scr1998,stInflow,reservoir
FR,h5140,1.1708216660921038,scr1998,stInflow,reservoir
FR,h5141,1.1708216660921038,scr1998,stInflow,reservoir
FR,h5142,1.1708216660921038,scr1998,stInflow,reservoir
FR,h5143,1.1708216660921038,scr1998,stInflow,reservoir
FR,h5144,1.1708216660921038,scr1998,stInflow,reservoir
FR,h5145,1.1708216660921038,scr1998,stInflow,reservoir
FR,h5146,1.1708216660921038,scr1998,stInflow,reservoir
FR,h5147,1.1708216660921038,scr1998,stInflow,reservoir
FR,h5148,1.1708216660921038,scr1998,stInflow,reservoir
FR,h5149,1.1708216660921038,scr1998,stInflow,reservoir
FR,h5150,1.1708216660921038,scr1998,stInflow,reservoir
FR,h5151,1.1708216660921038,scr1998,stInflow,reservoir
FR,h5152,1.1708216660921038,scr1998,stInflow,reservoir
FR,h5153,1.1708216660921038,scr1998,stInflow,reservoir
FR,h5154,1.1708216660921038,scr1998,stInflow,reservoir
FR,h5155,1.1708216660921038,scr1998,stInflow,reservoir
FR,h5156,1.1708216660921038,scr1998,stInflow,reservoir
FR,h5157,1.1708216660921038,scr1998,stInflow,reservoir
FR,h5158,1.1708216660921038,scr1998,stInflow,reservoir
FR,h5159,1.1708216660921038,scr1998,stInflow,reservoir
FR,h5160,1.1708216660921038,scr1998,stInflow,reservoir
FR,h5161,1.1708216660921038,scr1998,stInflow,reservoir
FR,h5162,1.1708216660921038,scr1998,stInflow,reservoir
FR,h5163,1.1708216660921038,scr1998,stInflow,reservoir
FR,h5164,1.1708216660921038,scr1998,stInflow,reservoir
FR,h5165,1.1708216660921038,scr1998,stInflow,reservoir
FR,h5166,1.1708216660921038,scr1998,stInflow,reservoir
FR,h5167,1.1708216660921038,scr1998,stInflow,reservoir
FR,h5168,1.1708216660921038,scr1998,stInflow,reservoir
FR,h5169,1.1708216660921038,scr1998,stInflow,reservoir
FR,h5170,1.1708216660921038,scr1998,stInflow,reservoir
FR,h5171,1.1708216660921038,scr1998,stInflow,reservoir
FR,h5172,1.1708216660921038,scr1998,stInflow,reservoir
FR,h5173,1.1708216660921038,scr1998,stInflow,reservoir
FR,h5174,1.1708216660921038,scr1998,stInflow,reservoir
FR,h5175,1.1708216660921038,scr1998,stInflow,reservoir
FR,h5176,1.1708216660921038,scr1998,stInflow,reservoir
FR,h5177,1.1708216660921038,scr1998,stInflow,reservoir
FR,h5178,1.1708216660921038,scr1998,stInflow,reservoir
FR,h5179,1.1708216660921038,scr1998,stInflow,reservoir
FR,h5180,1.1708216660921038,scr1998,stInflow,reservoir
FR,h5181,1.1708216660921038,scr1998,stInflow,reservoir
FR,h5182,1.1708216660921038,scr1998,stInflow,reservoir
FR,h5183,1.1708216660921038,scr1998,stInflow,reservoir
FR,h5184,1.1708216660921038,scr1998,stInflow,reservoir
FR,h5185,1.1708216660921038,scr1998,stInflow,reservoir
FR,h5186,1.1708216660921038,scr1998,stInflow,reservoir
FR,h5187,1.1708216660921038,scr1998,stInflow,reservoir
FR,h5188,1.1708216660921038,scr1998,stInflow,reservoir
FR,h5189,1.1708216660921038,scr1998,stInflow,reservoir
FR,h5190,1.1708216660921038,scr1998,stInflow,reservoir
FR,h5191,1.1708216660921038,scr1998,stInflow,reservoir
FR,h5192,1.1708216660921038,scr1998,stInflow,reservoir
FR,h5193,1.1708216660921038,scr1998,stInflow,reservoir
FR,h5194,1.1708216660921038,scr1998,stInflow,reservoir
FR,h5195,1.1708216660921038,scr1998,stInflow,reservoir
FR,h5196,1.1708216660921038,scr1998,stInflow,reservoir
FR,h5197,1.1708216660921038,scr1998,stInflow,reservoir
FR,h5198,1.1708216660921038,scr1998,stInflow,reservoir
FR,h5199,1.1708216660921038,scr1998,stInflow,reservoir
FR,h5200,1.1708216660921038,scr1998,stInflow,reservoir
FR,h5201,1.1708216660921038,scr1998,stInflow,reservoir
FR,h5202,1.1708216660921038,scr1998,stInflow,reservoir
FR,h5203,1.1708216660921038,scr1998,stInflow,reservoir
FR,h5204,1.1708216660921038,scr1998,stInflow,reservoir
FR,h5205,1.1708216660921038,scr1998,stInflow,reservoir
FR,h5206,1.1708216660921038,scr1998,stInflow,reservoir
FR,h5207,1.1708216660921038,scr1998,stInflow,reservoir
FR,h5208,1.1708216660921038,scr1998,stInflow,reservoir
FR,h5209,1.1708216660921038,scr1998,stInflow,reservoir
FR,h5210,1.1708216660921038,scr1998,stInflow,reservoir
FR,h5211,1.1708216660921038,scr1998,stInflow,reservoir
FR,h5212,1.1708216660921038,scr1998,stInflow,reservoir
FR,h5213,1.1708216660921038,scr1998,stInflow,reservoir
FR,h5214,1.1708216660921038,scr1998,stInflow,reservoir
FR,h5215,1.1708216660921038,scr1998,stInflow,reservoir
FR,h5216,1.1708216660921038,scr1998,stInflow,reservoir
FR,h5217,1.1708216660921038,scr1998,stInflow,reservoir
FR,h5218,1.1708216660921038,scr1998,stInflow,reservoir
FR,h5219,1.1708216660921038,scr1998,stInflow,reservoir
FR,h5220,1.1708216660921038,scr1998,stInflow,reservoir
FR,h5221,1.1708216660921038,scr1998,stInflow,reservoir
FR,h5222,1.1708216660921038,scr1998,stInflow,reservoir
FR,h5223,1.1708216660921038,scr1998,stInflow,reservoir
FR,h5224,1.1708216660921038,scr1998,stInflow,reservoir
FR,h5225,1.1708216660921038,scr1998,stInflow,reservoir
FR,h5226,1.1708216660921038,scr1998,stInflow,reservoir
FR,h5227,1.1708216660921038,scr1998,stInflow,reservoir
FR,h5228,1.1708216660921038,scr1998,stInflow,reservoir
FR,h5229,1.1708216660921038,scr1998,stInflow,reservoir
FR,h5230,1.1708216660921038,scr1998,stInflow,reservoir
FR,h5231,1.1708216660921038,scr1998,stInflow,reservoir
FR,h5232,1.1708216660921038,scr1998,stInflow,reservoir
FR,h5233,1.1708216660921038,scr1998,stInflow,reservoir
FR,h5234,1.1708216660921038,scr1998,stInflow,reservoir
FR,h5235,1.1708216660921038,scr1998,stInflow,reservoir
FR,h5236,1.1708216660921038,scr1998,stInflow,reservoir
FR,h5237,1.1708216660921038,scr1998,stInflow,reservoir
FR,h5238,1.1708216660921038,scr1998,stInflow,reservoir
FR,h5239,1.1708216660921038,scr1998,stInflow,reservoir
FR,h5240,1.1708216660921038,scr1998,stInflow,reservoir
FR,h5241,1.1708216660921038,scr1998,stInflow,reservoir
FR,h5242,1.1708216660921038,scr1998,stInflow,reservoir
FR,h5243,1.1708216660921038,scr1998,stInflow,reservoir
FR,h5244,1.1708216660921038,scr1998,stInflow,reservoir
FR,h5245,1.1708216660921038,scr1998,stInflow,reservoir
FR,h5246,1.1708216660921038,scr1998,stInflow,reservoir
FR,h5247,1.1708216660921038,scr1998,stInflow,reservoir
FR,h5248,1.1708216660921038,scr1998,stInflow,reservoir
FR,h5249,1.1708216660921038,scr1998,stInflow,reservoir
FR,h5250,1.1708216660921038,scr1998,stInflow,reservoir
FR,h5251,1.1708216660921038,scr1998,stInflow,reservoir
FR,h5252,1.1708216660921038,scr1998,stInflow,reservoir
FR,h5253,1.1708216660921038,scr1998,stInflow,reservoir
FR,h5254,1.1708216660921038,scr1998,stInflow,reservoir
FR,h5255,1.1708216660921038,scr1998,stInflow,reservoir
FR,h5256,1.1708216660921038,scr1998,stInflow,reservoir
FR,h5257,1.1708216660921038,scr1998,stInflow,reservoir
FR,h5258,1.1708216660921038,scr1998,stInflow,reservoir
FR,h5259,1.1708216660921038,scr1998,stInflow,reservoir
FR,h5260,1.1708216660921038,scr1998,stInflow,reservoir
FR,h5261,1.1708216660921038,scr1998,stInflow,reservoir
FR,h5262,1.1708216660921038,scr1998,stInflow,reservoir
FR,h5263,1.1708216660921038,scr1998,stInflow,reservoir
FR,h5264,1.1708216660921038,scr1998,stInflow,reservoir
FR,h5265,1.1708216660921038,scr1998,stInflow,reservoir
FR,h5266,1.1708216660921038,scr1998,stInflow,reservoir
FR,h5267,1.1708216660921038,scr1998,stInflow,reservoir
FR,h5268,1.1708216660921038,scr1998,stInflow,reservoir
FR,h5269,1.1708216660921038,scr1998,stInflow,reservoir
FR,h5270,1.1708216660921038,scr1998,stInflow,reservoir
FR,h5271,1.1708216660921038,scr1998,stInflow,reservoir
FR,h5272,1.1708216660921038,scr1998,stInflow,reservoir
FR,h5273,1.1708216660921038,scr1998,stInflow,reservoir
FR,h5274,1.1708216660921038,scr1998,stInflow,reservoir
FR,h5275,1.1708216660921038,scr1998,stInflow,reservoir
FR,h5276,1.1708216660921038,scr1998,stInflow,reservoir
FR,h5277,1.1708216660921038,scr1998,stInflow,reservoir
FR,h5278,1.1708216660921038,scr1998,stInflow,reservoir
FR,h5279,1.1708216660921038,scr1998,stInflow,reservoir
FR,h5280,1.1708216660921038,scr1998,stInflow,reservoir
FR,h5281,1.1708216660921038,scr1998,stInflow,reservoir
FR,h5282,1.1708216660921038,scr1998,stInflow,reservoir
FR,h5283,1.1708216660921038,scr1998,stInflow,reservoir
FR,h5284,1.1708216660921038,scr1998,stInflow,reservoir
FR,h5285,1.1708216660921038,scr1998,stInflow,reservoir
FR,h5286,1.1708216660921038,scr1998,stInflow,reservoir
FR,h5287,1.1708216660921038,scr1998,stInflow,reservoir
FR,h5288,1.1708216660921038,scr1998,stInflow,reservoir
FR,h5289,1.1708216660921038,scr1998,stInflow,reservoir
FR,h5290,1.1708216660921038,scr1998,stInflow,reservoir
FR,h5291,1.1708216660921038,scr1998,stInflow,reservoir
FR,h5292,1.1708216660921038,scr1998,stInflow,reservoir
FR,h5293,1.1708216660921038,scr1998,stInflow,reservoir
FR,h5294,1.1708216660921038,scr1998,stInflow,reservoir
FR,h5295,1.1708216660921038,scr1998,stInflow,reservoir
FR,h5296,1.1708216660921038,scr1998,stInflow,reservoir
FR,h5297,1.1708216660921038,scr1998,stInflow,reservoir
FR,h5298,1.1708216660921038,scr1998,stInflow,reservoir
FR,h5299,1.1708216660921038,scr1998,stInflow,reservoir
FR,h5300,1.1708216660921038,scr1998,stInflow,reservoir
FR,h5301,1.1708216660921038,scr1998,stInflow,reservoir
FR,h5302,1.1708216660921038,scr1998,stInflow,reservoir
FR,h5303,1.1708216660921038,scr1998,stInflow,reservoir
FR,h5304,1.1708216660921038,scr1998,stInflow,reservoir
FR,h5305,1.1084766748550452,scr1998,stInflow,reservoir
FR,h5306,1.0461320344733693,scr1998,stInflow,reservoir
FR,h5307,0.9837877658797237,scr1998,stInflow,reservoir
FR,h5308,0.9837877658797237,scr1998,stInflow,reservoir
FR,h5309,0.9837877658797237,scr1998,stInflow,reservoir
FR,h5310,0.9837877658797237,scr1998,stInflow,reservoir
FR,h5311,0.9837877658797237,scr1998,stInflow,reservoir
FR,h5312,0.9837877658797237,scr1998,stInflow,reservoir
FR,h5313,0.9837877658797237,scr1998,stInflow,reservoir
FR,h5314,0.9837877658797237,scr1998,stInflow,reservoir
FR,h5315,0.9837877658797237,scr1998,stInflow,reservoir
FR,h5316,0.9837877658797237,scr1998,stInflow,reservoir
FR,h5317,0.9837877658797237,scr1998,stInflow,reservoir
FR,h5318,0.9837877658797237,scr1998,stInflow,reservoir
FR,h5319,0.9837877658797237,scr1998,stInflow,reservoir
FR,h5320,0.9837877658797237,scr1998,stInflow,reservoir
FR,h5321,0.9837877658797237,scr1998,stInflow,reservoir
FR,h5322,0.9837877658797237,scr1998,stInflow,reservoir
FR,h5323,0.9837877658797237,scr1998,stInflow,reservoir
FR,h5324,0.9837877658797237,scr1998,stInflow,reservoir
FR,h5325,0.9837877658797237,scr1998,stInflow,reservoir
FR,h5326,0.9837877658797237,scr1998,stInflow,reservoir
FR,h5327,0.9837877658797237,scr1998,stInflow,reservoir
FR,h5328,0.9837877658797237,scr1998,stInflow,reservoir
FR,h5329,0.9837877658797237,scr1998,stInflow,reservoir
FR,h5330,0.9837877658797237,scr1998,stInflow,reservoir
FR,h5331,0.9837877658797237,scr1998,stInflow,reservoir
FR,h5332,0.9837877658797237,scr1998,stInflow,reservoir
FR,h5333,0.9837877658797237,scr1998,stInflow,reservoir
FR,h5334,0.9837877658797237,scr1998,stInflow,reservoir
FR,h5335,0.9837877658797237,scr1998,stInflow,reservoir
FR,h5336,0.9837877658797237,scr1998,stInflow,reservoir
FR,h5337,0.9837877658797237,scr1998,stInflow,reservoir
FR,h5338,0.9837877658797237,scr1998,stInflow,reservoir
FR,h5339,0.9837877658797237,scr1998,stInflow,reservoir
FR,h5340,0.9837877658797237,scr1998,stInflow,reservoir
FR,h5341,0.9837877658797237,scr1998,stInflow,reservoir
FR,h5342,0.9837877658797237,scr1998,stInflow,reservoir
FR,h5343,0.9837877658797237,scr1998,stInflow,reservoir
FR,h5344,0.9837877658797237,scr1998,stInflow,reservoir
FR,h5345,0.9837877658797237,scr1998,stInflow,reservoir
FR,h5346,0.9837877658797237,scr1998,stInflow,reservoir
FR,h5347,0.9837877658797237,scr1998,stInflow,reservoir
FR,h5348,0.9837877658797237,scr1998,stInflow,reservoir
FR,h5349,0.9837877658797237,scr1998,stInflow,reservoir
FR,h5350,0.9837877658797237,scr1998,stInflow,reservoir
FR,h5351,0.9837877658797237,scr1998,stInflow,reservoir
FR,h5352,0.9837877658797237,scr1998,stInflow,reservoir
FR,h5353,0.9837877658797237,scr1998,stInflow,reservoir
FR,h5354,0.9837877658797237,scr1998,stInflow,reservoir
FR,h5355,0.9837877658797237,scr1998,stInflow,reservoir
FR,h5356,0.9837877658797237,scr1998,stInflow,reservoir
FR,h5357,0.9837877658797237,scr1998,stInflow,reservoir
FR,h5358,0.9837877658797237,scr1998,stInflow,reservoir
FR,h5359,0.9837877658797237,scr1998,stInflow,reservoir
FR,h5360,0.9837877658797237,scr1998,stInflow,reservoir
FR,h5361,0.9837877658797237,scr1998,stInflow,reservoir
FR,h5362,0.9837877658797237,scr1998,stInflow,reservoir
FR,h5363,0.9837877658797237,scr1998,stInflow,reservoir
FR,h5364,0.9837877658797237,scr1998,stInflow,reservoir
FR,h5365,0.9837877658797237,scr1998,stInflow,reservoir
FR,h5366,0.9837877658797237,scr1998,stInflow,reservoir
FR,h5367,0.9837877658797237,scr1998,stInflow,reservoir
FR,h5368,0.9837877658797237,scr1998,stInflow,reservoir
FR,h5369,0.9837877658797237,scr1998,stInflow,reservoir
FR,h5370,0.9837877658797237,scr1998,stInflow,reservoir
FR,h5371,0.9837877658797237,scr1998,stInflow,reservoir
FR,h5372,0.9837877658797237,scr1998,stInflow,reservoir
FR,h5373,0.9837877658797237,scr1998,stInflow,reservoir
FR,h5374,0.9837877658797237,scr1998,stInflow,reservoir
FR,h5375,0.9837877658797237,scr1998,stInflow,reservoir
FR,h5376,0.9837877658797237,scr1998,stInflow,reservoir
FR,h5377,0.9837877658797237,scr1998,stInflow,reservoir
FR,h5378,0.9837877658797237,scr1998,stInflow,reservoir
FR,h5379,0.9837877658797237,scr1998,stInflow,reservoir
FR,h5380,0.9837877658797237,scr1998,stInflow,reservoir
FR,h5381,0.9837877658797237,scr1998,stInflow,reservoir
FR,h5382,0.9837877658797237,scr1998,stInflow,reservoir
FR,h5383,0.9837877658797237,scr1998,stInflow,reservoir
FR,h5384,0.9837877658797237,scr1998,stInflow,reservoir
FR,h5385,0.9837877658797237,scr1998,stInflow,reservoir
FR,h5386,0.9837877658797237,scr1998,stInflow,reservoir
FR,h5387,0.9837877658797237,scr1998,stInflow,reservoir
FR,h5388,0.9837877658797237,scr1998,stInflow,reservoir
FR,h5389,0.9837877658797237,scr1998,stInflow,reservoir
FR,h5390,0.9837877658797237,scr1998,stInflow,reservoir
FR,h5391,0.9837877658797237,scr1998,stInflow,reservoir
FR,h5392,0.9837877658797237,scr1998,stInflow,reservoir
FR,h5393,0.9837877658797237,scr1998,stInflow,reservoir
FR,h5394,0.9837877658797237,scr1998,stInflow,reservoir
FR,h5395,0.9837877658797237,scr1998,stInflow,reservoir
FR,h5396,0.9837877658797237,scr1998,stInflow,reservoir
FR,h5397,0.9837877658797237,scr1998,stInflow,reservoir
FR,h5398,0.9837877658797237,scr1998,stInflow,reservoir
FR,h5399,0.9837877658797237,scr1998,stInflow,reservoir
FR,h5400,0.9837877658797237,scr1998,stInflow,reservoir
FR,h5401,0.9837877658797237,scr1998,stInflow,reservoir
FR,h5402,0.9837877658797237,scr1998,stInflow,reservoir
FR,h5403,0.9837877658797237,scr1998,stInflow,reservoir
FR,h5404,0.9837877658797237,scr1998,stInflow,reservoir
FR,h5405,0.9837877658797237,scr1998,stInflow,reservoir
FR,h5406,0.9837877658797237,scr1998,stInflow,reservoir
FR,h5407,0.9837877658797237,scr1998,stInflow,reservoir
FR,h5408,0.9837877658797237,scr1998,stInflow,reservoir
FR,h5409,0.9837877658797237,scr1998,stInflow,reservoir
FR,h5410,0.9837877658797237,scr1998,stInflow,reservoir
FR,h5411,0.9837877658797237,scr1998,stInflow,reservoir
FR,h5412,0.9837877658797237,scr1998,stInflow,reservoir
FR,h5413,0.9837877658797237,scr1998,stInflow,reservoir
FR,h5414,0.9837877658797237,scr1998,stInflow,reservoir
FR,h5415,0.9837877658797237,scr1998,stInflow,reservoir
FR,h5416,0.9837877658797237,scr1998,stInflow,reservoir
FR,h5417,0.9837877658797237,scr1998,stInflow,reservoir
FR,h5418,0.9837877658797237,scr1998,stInflow,reservoir
FR,h5419,0.9837877658797237,scr1998,stInflow,reservoir
FR,h5420,0.9837877658797237,scr1998,stInflow,reservoir
FR,h5421,0.9837877658797237,scr1998,stInflow,reservoir
FR,h5422,0.9837877658797237,scr1998,stInflow,reservoir
FR,h5423,0.9837877658797237,scr1998,stInflow,reservoir
FR,h5424,0.9837877658797237,scr1998,stInflow,reservoir
FR,h5425,0.9837877658797237,scr1998,stInflow,reservoir
FR,h5426,0.9837877658797237,scr1998,stInflow,reservoir
FR,h5427,0.9837877658797237,scr1998,stInflow,reservoir
FR,h5428,0.9837877658797237,scr1998,stInflow,reservoir
FR,h5429,0.9837877658797237,scr1998,stInflow,reservoir
FR,h5430,0.9837877658797237,scr1998,stInflow,reservoir
FR,h5431,0.9837877658797237,scr1998,stInflow,reservoir
FR,h5432,0.9837877658797237,scr1998,stInflow,reservoir
FR,h5433,0.9837877658797237,scr1998,stInflow,reservoir
FR,h5434,0.9837877658797237,scr1998,stInflow,reservoir
FR,h5435,0.9837877658797237,scr1998,stInflow,reservoir
FR,h5436,0.9837877658797237,scr1998,stInflow,reservoir
FR,h5437,0.9837877658797237,scr1998,stInflow,reservoir
FR,h5438,0.9837877658797237,scr1998,stInflow,reservoir
FR,h5439,0.9837877658797237,scr1998,stInflow,reservoir
FR,h5440,0.9837877658797237,scr1998,stInflow,reservoir
FR,h5441,0.9837877658797237,scr1998,stInflow,reservoir
FR,h5442,0.9837877658797237,scr1998,stInflow,reservoir
FR,h5443,0.9837877658797237,scr1998,stInflow,reservoir
FR,h5444,0.9837877658797237,scr1998,stInflow,reservoir
FR,h5445,0.9837877658797237,scr1998,stInflow,reservoir
FR,h5446,0.9837877658797237,scr1998,stInflow,reservoir
FR,h5447,0.9837877658797237,scr1998,stInflow,reservoir
FR,h5448,0.9837877658797237,scr1998,stInflow,reservoir
FR,h5449,0.9837877658797237,scr1998,stInflow,reservoir
FR,h5450,0.9837877658797237,scr1998,stInflow,reservoir
FR,h5451,0.9837877658797237,scr1998,stInflow,reservoir
FR,h5452,0.9837877658797237,scr1998,stInflow,reservoir
FR,h5453,0.9837877658797237,scr1998,stInflow,reservoir
FR,h5454,0.9837877658797237,scr1998,stInflow,reservoir
FR,h5455,0.9837877658797237,scr1998,stInflow,reservoir
FR,h5456,0.9837877658797237,scr1998,stInflow,reservoir
FR,h5457,0.9837877658797237,scr1998,stInflow,reservoir
FR,h5458,0.9837877658797237,scr1998,stInflow,reservoir
FR,h5459,0.9837877658797237,scr1998,stInflow,reservoir
FR,h5460,0.9837877658797237,scr1998,stInflow,reservoir
FR,h5461,0.9837877658797237,scr1998,stInflow,reservoir
FR,h5462,0.9837877658797237,scr1998,stInflow,reservoir
FR,h5463,0.9837877658797237,scr1998,stInflow,reservoir
FR,h5464,0.9837877658797237,scr1998,stInflow,reservoir
FR,h5465,0.9837877658797237,scr1998,stInflow,reservoir
FR,h5466,0.9837877658797237,scr1998,stInflow,reservoir
FR,h5467,0.9837877658797237,scr1998,stInflow,reservoir
FR,h5468,0.9837877658797237,scr1998,stInflow,reservoir
FR,h5469,0.9837877658797237,scr1998,stInflow,reservoir
FR,h5470,0.9837877658797237,scr1998,stInflow,reservoir
FR,h5471,0.9837877658797237,scr1998,stInflow,reservoir
FR,h5472,0.9837877658797237,scr1998,stInflow,reservoir
FR,h5473,0.9846047003886514,scr1998,stInflow,reservoir
FR,h5474,0.9854216349653662,scr1998,stInflow,reservoir
FR,h5475,0.9862385696098115,scr1998,stInflow,reservoir
FR,h5476,0.9862385696098115,scr1998,stInflow,reservoir
FR,h5477,0.9862385696098115,scr1998,stInflow,reservoir
FR,h5478,0.9862385696098115,scr1998,stInflow,reservoir
FR,h5479,0.9862385696098115,scr1998,stInflow,reservoir
FR,h5480,0.9862385696098115,scr1998,stInflow,reservoir
FR,h5481,0.9862385696098115,scr1998,stInflow,reservoir
FR,h5482,0.9862385696098115,scr1998,stInflow,reservoir
FR,h5483,0.9862385696098115,scr1998,stInflow,reservoir
FR,h5484,0.9862385696098115,scr1998,stInflow,reservoir
FR,h5485,0.9862385696098115,scr1998,stInflow,reservoir
FR,h5486,0.9862385696098115,scr1998,stInflow,reservoir
FR,h5487,0.9862385696098115,scr1998,stInflow,reservoir
FR,h5488,0.9862385696098115,scr1998,stInflow,reservoir
FR,h5489,0.9862385696098115,scr1998,stInflow,reservoir
FR,h5490,0.9862385696098115,scr1998,stInflow,reservoir
FR,h5491,0.9862385696098115,scr1998,stInflow,reservoir
FR,h5492,0.9862385696098115,scr1998,stInflow,reservoir
FR,h5493,0.9862385696098115,scr1998,stInflow,reservoir
FR,h5494,0.9862385696098115,scr1998,stInflow,reservoir
FR,h5495,0.9862385696098115,scr1998,stInflow,reservoir
FR,h5496,0.9862385696098115,scr1998,stInflow,reservoir
FR,h5497,0.9862385696098115,scr1998,stInflow,reservoir
FR,h5498,0.9862385696098115,scr1998,stInflow,reservoir
FR,h5499,0.9862385696098115,scr1998,stInflow,reservoir
FR,h5500,0.9862385696098115,scr1998,stInflow,reservoir
FR,h5501,0.9862385696098115,scr1998,stInflow,reservoir
FR,h5502,0.9862385696098115,scr1998,stInflow,reservoir
FR,h5503,0.9862385696098115,scr1998,stInflow,reservoir
FR,h5504,0.9862385696098115,scr1998,stInflow,reservoir
FR,h5505,0.9862385696098115,scr1998,stInflow,reservoir
FR,h5506,0.9862385696098115,scr1998,stInflow,reservoir
FR,h5507,0.9862385696098115,scr1998,stInflow,reservoir
FR,h5508,0.9862385696098115,scr1998,stInflow,reservoir
FR,h5509,0.9862385696098115,scr1998,stInflow,reservoir
FR,h5510,0.9862385696098115,scr1998,stInflow,reservoir
FR,h5511,0.9862385696098115,scr1998,stInflow,reservoir
FR,h5512,0.9862385696098115,scr1998,stInflow,reservoir
FR,h5513,0.9862385696098115,scr1998,stInflow,reservoir
FR,h5514,0.9862385696098115,scr1998,stInflow,reservoir
FR,h5515,0.9862385696098115,scr1998,stInflow,reservoir
FR,h5516,0.9862385696098115,scr1998,stInflow,reservoir
FR,h5517,0.9862385696098115,scr1998,stInflow,reservoir
FR,h5518,0.9862385696098115,scr1998,stInflow,reservoir
FR,h5519,0.9862385696098115,scr1998,stInflow,reservoir
FR,h5520,0.9862385696098115,scr1998,stInflow,reservoir
FR,h5521,0.9862385696098115,scr1998,stInflow,reservoir
FR,h5522,0.9862385696098115,scr1998,stInflow,reservoir
FR,h5523,0.9862385696098115,scr1998,stInflow,reservoir
FR,h5524,0.9862385696098115,scr1998,stInflow,reservoir
FR,h5525,0.9862385696098115,scr1998,stInflow,reservoir
FR,h5526,0.9862385696098115,scr1998,stInflow,reservoir
FR,h5527,0.9862385696098115,scr1998,stInflow,reservoir
FR,h5528,0.9862385696098115,scr1998,stInflow,reservoir
FR,h5529,0.9862385696098115,scr1998,stInflow,reservoir
FR,h5530,0.9862385696098115,scr1998,stInflow,reservoir
FR,h5531,0.9862385696098115,scr1998,stInflow,reservoir
FR,h5532,0.9862385696098115,scr1998,stInflow,reservoir
FR,h5533,0.9862385696098115,scr1998,stInflow,reservoir
FR,h5534,0.9862385696098115,scr1998,stInflow,reservoir
FR,h5535,0.9862385696098115,scr1998,stInflow,reservoir
FR,h5536,0.9862385696098115,scr1998,stInflow,reservoir
FR,h5537,0.9862385696098115,scr1998,stInflow,reservoir
FR,h5538,0.9862385696098115,scr1998,stInflow,reservoir
FR,h5539,0.9862385696098115,scr1998,stInflow,reservoir
FR,h5540,0.9862385696098115,scr1998,stInflow,reservoir
FR,h5541,0.9862385696098115,scr1998,stInflow,reservoir
FR,h5542,0.9862385696098115,scr1998,stInflow,reservoir
FR,h5543,0.9862385696098115,scr1998,stInflow,reservoir
FR,h5544,0.9862385696098115,scr1998,stInflow,reservoir
FR,h5545,0.9862385696098115,scr1998,stInflow,reservoir
FR,h5546,0.9862385696098115,scr1998,stInflow,reservoir
FR,h5547,0.9862385696098115,scr1998,stInflow,reservoir
FR,h5548,0.9862385696098115,scr1998,stInflow,reservoir
FR,h5549,0.9862385696098115,scr1998,stInflow,reservoir
FR,h5550,0.9862385696098115,scr1998,stInflow,reservoir
FR,h5551,0.9862385696098115,scr1998,stInflow,reservoir
FR,h5552,0.9862385696098115,scr1998,stInflow,reservoir
FR,h5553,0.9862385696098115,scr1998,stInflow,reservoir
FR,h5554,0.9862385696098115,scr1998,stInflow,reservoir
FR,h5555,0.9862385696098115,scr1998,stInflow,reservoir
FR,h5556,0.9862385696098115,scr1998,stInflow,reservoir
FR,h5557,0.9862385696098115,scr1998,stInflow,reservoir
FR,h5558,0.9862385696098115,scr1998,stInflow,reservoir
FR,h5559,0.9862385696098115,scr1998,stInflow,reservoir
FR,h5560,0.9862385696098115,scr1998,stInflow,reservoir
FR,h5561,0.9862385696098115,scr1998,stInflow,reservoir
FR,h5562,0.9862385696098115,scr1998,stInflow,reservoir
FR,h5563,0.9862385696098115,scr1998,stInflow,reservoir
FR,h5564,0.9862385696098115,scr1998,stInflow,reservoir
FR,h5565,0.9862385696098115,scr1998,stInflow,reservoir
FR,h5566,0.9862385696098115,scr1998,stInflow,reservoir
FR,h5567,0.9862385696098115,scr1998,stInflow,reservoir
FR,h5568,0.9862385696098115,scr1998,stInflow,reservoir
FR,h5569,0.9862385696098115,scr1998,stInflow,reservoir
FR,h5570,0.9862385696098115,scr1998,stInflow,reservoir
FR,h5571,0.9862385696098115,scr1998,stInflow,reservoir
FR,h5572,0.9862385696098115,scr1998,stInflow,reservoir
FR,h5573,0.9862385696098115,scr1998,stInflow,reservoir
FR,h5574,0.9862385696098115,scr1998,stInflow,reservoir
FR,h5575,0.9862385696098115,scr1998,stInflow,reservoir
FR,h5576,0.9862385696098115,scr1998,stInflow,reservoir
FR,h5577,0.9862385696098115,scr1998,stInflow,reservoir
FR,h5578,0.9862385696098115,scr1998,stInflow,reservoir
FR,h5579,0.9862385696098115,scr1998,stInflow,reservoir
FR,h5580,0.9862385696098115,scr1998,stInflow,reservoir
FR,h5581,0.9862385696098115,scr1998,stInflow,reservoir
FR,h5582,0.9862385696098115,scr1998,stInflow,reservoir
FR,h5583,0.9862385696098115,scr1998,stInflow,reservoir
FR,h5584,0.9862385696098115,scr1998,stInflow,reservoir
FR,h5585,0.9862385696098115,scr1998,stInflow,reservoir
FR,h5586,0.9862385696098115,scr1998,stInflow,reservoir
FR,h5587,0.9862385696098115,scr1998,stInflow,reservoir
FR,h5588,0.9862385696098115,scr1998,stInflow,reservoir
FR,h5589,0.9862385696098115,scr1998,stInflow,reservoir
FR,h5590,0.9862385696098115,scr1998,stInflow,reservoir
FR,h5591,0.9862385696098115,scr1998,stInflow,reservoir
FR,h5592,0.9862385696098115,scr1998,stInflow,reservoir
FR,h5593,0.9862385696098115,scr1998,stInflow,reservoir
FR,h5594,0.9862385696098115,scr1998,stInflow,reservoir
FR,h5595,0.9862385696098115,scr1998,stInflow,reservoir
FR,h5596,0.9862385696098115,scr1998,stInflow,reservoir
FR,h5597,0.9862385696098115,scr1998,stInflow,reservoir
FR,h5598,0.9862385696098115,scr1998,stInflow,reservoir
FR,h5599,0.9862385696098115,scr1998,stInflow,reservoir
FR,h5600,0.9862385696098115,scr1998,stInflow,reservoir
FR,h5601,0.9862385696098115,scr1998,stInflow,reservoir
FR,h5602,0.9862385696098115,scr1998,stInflow,reservoir
FR,h5603,0.9862385696098115,scr1998,stInflow,reservoir
FR,h5604,0.9862385696098115,scr1998,stInflow,reservoir
FR,h5605,0.9862385696098115,scr1998,stInflow,reservoir
FR,h5606,0.9862385696098115,scr1998,stInflow,reservoir
FR,h5607,0.9862385696098115,scr1998,stInflow,reservoir
FR,h5608,0.9862385696098115,scr1998,stInflow,reservoir
FR,h5609,0.9862385696098115,scr1998,stInflow,reservoir
FR,h5610,0.9862385696098115,scr1998,stInflow,reservoir
FR,h5611,0.9862385696098115,scr1998,stInflow,reservoir
FR,h5612,0.9862385696098115,scr1998,stInflow,reservoir
FR,h5613,0.9862385696098115,scr1998,stInflow,reservoir
FR,h5614,0.9862385696098115,scr1998,stInflow,reservoir
FR,h5615,0.9862385696098115,scr1998,stInflow,reservoir
FR,h5616,0.9862385696098115,scr1998,stInflow,reservoir
FR,h5617,0.9862385696098115,scr1998,stInflow,reservoir
FR,h5618,0.9862385696098115,scr1998,stInflow,reservoir
FR,h5619,0.9862385696098115,scr1998,stInflow,reservoir
FR,h5620,0.9862385696098115,scr1998,stInflow,reservoir
FR,h5621,0.9862385696098115,scr1998,stInflow,reservoir
FR,h5622,0.9862385696098115,scr1998,stInflow,reservoir
FR,h5623,0.9862385696098115,scr1998,stInflow,reservoir
FR,h5624,0.9862385696098115,scr1998,stInflow,reservoir
FR,h5625,0.9862385696098115,scr1998,stInflow,reservoir
FR,h5626,0.9862385696098115,scr1998,stInflow,reservoir
FR,h5627,0.9862385696098115,scr1998,stInflow,reservoir
FR,h5628,0.9862385696098115,scr1998,stInflow,reservoir
FR,h5629,0.9862385696098115,scr1998,stInflow,reservoir
FR,h5630,0.9862385696098115,scr1998,stInflow,reservoir
FR,h5631,0.9862385696098115,scr1998,stInflow,reservoir
FR,h5632,0.9862385696098115,scr1998,stInflow,reservoir
FR,h5633,0.9862385696098115,scr1998,stInflow,reservoir
FR,h5634,0.9862385696098115,scr1998,stInflow,reservoir
FR,h5635,0.9862385696098115,scr1998,stInflow,reservoir
FR,h5636,0.9862385696098115,scr1998,stInflow,reservoir
FR,h5637,0.9862385696098115,scr1998,stInflow,reservoir
FR,h5638,0.9862385696098115,scr1998,stInflow,reservoir
FR,h5639,0.9862385696098115,scr1998,stInflow,reservoir
FR,h5640,0.9862385696098115,scr1998,stInflow,reservoir
FR,h5641,1.0107564025196665,scr1998,stInflow,reservoir
FR,h5642,1.0352742949124973,scr1998,stInflow,reservoir
FR,h5643,1.0597922453793722,scr1998,stInflow,reservoir
FR,h5644,1.0597922453793722,scr1998,stInflow,reservoir
FR,h5645,1.0597922453793722,scr1998,stInflow,reservoir
FR,h5646,1.0597922453793722,scr1998,stInflow,reservoir
FR,h5647,1.0597922453793722,scr1998,stInflow,reservoir
FR,h5648,1.0597922453793722,scr1998,stInflow,reservoir
FR,h5649,1.0597922453793722,scr1998,stInflow,reservoir
FR,h5650,1.0597922453793722,scr1998,stInflow,reservoir
FR,h5651,1.0597922453793722,scr1998,stInflow,reservoir
FR,h5652,1.0597922453793722,scr1998,stInflow,reservoir
FR,h5653,1.0597922453793722,scr1998,stInflow,reservoir
FR,h5654,1.0597922453793722,scr1998,stInflow,reservoir
FR,h5655,1.0597922453793722,scr1998,stInflow,reservoir
FR,h5656,1.0597922453793722,scr1998,stInflow,reservoir
FR,h5657,1.0597922453793722,scr1998,stInflow,reservoir
FR,h5658,1.0597922453793722,scr1998,stInflow,reservoir
FR,h5659,1.0597922453793722,scr1998,stInflow,reservoir
FR,h5660,1.0597922453793722,scr1998,stInflow,reservoir
FR,h5661,1.0597922453793722,scr1998,stInflow,reservoir
FR,h5662,1.0597922453793722,scr1998,stInflow,reservoir
FR,h5663,1.0597922453793722,scr1998,stInflow,reservoir
FR,h5664,1.0597922453793722,scr1998,stInflow,reservoir
FR,h5665,1.0597922453793722,scr1998,stInflow,reservoir
FR,h5666,1.0597922453793722,scr1998,stInflow,reservoir
FR,h5667,1.0597922453793722,scr1998,stInflow,reservoir
FR,h5668,1.0597922453793722,scr1998,stInflow,reservoir
FR,h5669,1.0597922453793722,scr1998,stInflow,reservoir
FR,h5670,1.0597922453793722,scr1998,stInflow,reservoir
FR,h5671,1.0597922453793722,scr1998,stInflow,reservoir
FR,h5672,1.0597922453793722,scr1998,stInflow,reservoir
FR,h5673,1.0597922453793722,scr1998,stInflow,reservoir
FR,h5674,1.0597922453793722,scr1998,stInflow,reservoir
FR,h5675,1.0597922453793722,scr1998,stInflow,reservoir
FR,h5676,1.0597922453793722,scr1998,stInflow,reservoir
FR,h5677,1.0597922453793722,scr1998,stInflow,reservoir
FR,h5678,1.0597922453793722,scr1998,stInflow,reservoir
FR,h5679,1.0597922453793722,scr1998,stInflow,reservoir
FR,h5680,1.0597922453793722,scr1998,stInflow,reservoir
FR,h5681,1.0597922453793722,scr1998,stInflow,reservoir
FR,h5682,1.0597922453793722,scr1998,stInflow,reservoir
FR,h5683,1.0597922453793722,scr1998,stInflow,reservoir
FR,h5684,1.0597922453793722,scr1998,stInflow,reservoir
FR,h5685,1.0597922453793722,scr1998,stInflow,reservoir
FR,h5686,1.0597922453793722,scr1998,stInflow,reservoir
FR,h5687,1.0597922453793722,scr1998,stInflow,reservoir
FR,h5688,1.0597922453793722,scr1998,stInflow,reservoir
FR,h5689,1.0597922453793722,scr1998,stInflow,reservoir
FR,h5690,1.0597922453793722,scr1998,stInflow,reservoir
FR,h5691,1.0597922453793722,scr1998,stInflow,reservoir
FR,h5692,1.0597922453793722,scr1998,stInflow,reservoir
FR,h5693,1.0597922453793722,scr1998,stInflow,reservoir
FR,h5694,1.0597922453793722,scr1998,stInflow,reservoir
FR,h5695,1.0597922453793722,scr1998,stInflow,reservoir
FR,h5696,1.0597922453793722,scr1998,stInflow,reservoir
FR,h5697,1.0597922453793722,scr1998,stInflow,reservoir
FR,h5698,1.0597922453793722,scr1998,stInflow,reservoir
FR,h5699,1.0597922453793722,scr1998,stInflow,reservoir
FR,h5700,1.0597922453793722,scr1998,stInflow,reservoir
FR,h5701,1.0597922453793722,scr1998,stInflow,reservoir
FR,h5702,1.0597922453793722,scr1998,stInflow,reservoir
FR,h5703,1.0597922453793722,scr1998,stInflow,reservoir
FR,h5704,1.0597922453793722,scr1998,stInflow,reservoir
FR,h5705,1.0597922453793722,scr1998,stInflow,reservoir
FR,h5706,1.0597922453793722,scr1998,stInflow,reservoir
FR,h5707,1.0597922453793722,scr1998,stInflow,reservoir
FR,h5708,1.0597922453793722,scr1998,stInflow,reservoir
FR,h5709,1.0597922453793722,scr1998,stInflow,reservoir
FR,h5710,1.0597922453793722,scr1998,stInflow,reservoir
FR,h5711,1.0597922453793722,scr1998,stInflow,reservoir
FR,h5712,1.0597922453793722,scr1998,stInflow,reservoir
FR,h5713,1.0597922453793722,scr1998,stInflow,reservoir
FR,h5714,1.0597922453793722,scr1998,stInflow,reservoir
FR,h5715,1.0597922453793722,scr1998,stInflow,reservoir
FR,h5716,1.0597922453793722,scr1998,stInflow,reservoir
FR,h5717,1.0597922453793722,scr1998,stInflow,reservoir
FR,h5718,1.0597922453793722,scr1998,stInflow,reservoir
FR,h5719,1.0597922453793722,scr1998,stInflow,reservoir
FR,h5720,1.0597922453793722,scr1998,stInflow,reservoir
FR,h5721,1.0597922453793722,scr1998,stInflow,reservoir
FR,h5722,1.0597922453793722,scr1998,stInflow,reservoir
FR,h5723,1.0597922453793722,scr1998,stInflow,reservoir
FR,h5724,1.0597922453793722,scr1998,stInflow,reservoir
FR,h5725,1.0597922453793722,scr1998,stInflow,reservoir
FR,h5726,1.0597922453793722,scr1998,stInflow,reservoir
FR,h5727,1.0597922453793722,scr1998,stInflow,reservoir
FR,h5728,1.0597922453793722,scr1998,stInflow,reservoir
FR,h5729,1.0597922453793722,scr1998,stInflow,reservoir
FR,h5730,1.0597922453793722,scr1998,stInflow,reservoir
FR,h5731,1.0597922453793722,scr1998,stInflow,reservoir
FR,h5732,1.0597922453793722,scr1998,stInflow,reservoir
FR,h5733,1.0597922453793722,scr1998,stInflow,reservoir
FR,h5734,1.0597922453793722,scr1998,stInflow,reservoir
FR,h5735,1.0597922453793722,scr1998,stInflow,reservoir
FR,h5736,1.0597922453793722,scr1998,stInflow,reservoir
FR,h5737,1.0597922453793722,scr1998,stInflow,reservoir
FR,h5738,1.0597922453793722,scr1998,stInflow,reservoir
FR,h5739,1.0597922453793722,scr1998,stInflow,reservoir
FR,h5740,1.0597922453793722,scr1998,stInflow,reservoir
FR,h5741,1.0597922453793722,scr1998,stInflow,reservoir
FR,h5742,1.0597922453793722,scr1998,stInflow,reservoir
FR,h5743,1.0597922453793722,scr1998,stInflow,reservoir
FR,h5744,1.0597922453793722,scr1998,stInflow,reservoir
FR,h5745,1.0597922453793722,scr1998,stInflow,reservoir
FR,h5746,1.0597922453793722,scr1998,stInflow,reservoir
FR,h5747,1.0597922453793722,scr1998,stInflow,reservoir
FR,h5748,1.0597922453793722,scr1998,stInflow,reservoir
FR,h5749,1.0597922453793722,scr1998,stInflow,reservoir
FR,h5750,1.0597922453793722,scr1998,stInflow,reservoir
FR,h5751,1.0597922453793722,scr1998,stInflow,reservoir
FR,h5752,1.0597922453793722,scr1998,stInflow,reservoir
FR,h5753,1.0597922453793722,scr1998,stInflow,reservoir
FR,h5754,1.0597922453793722,scr1998,stInflow,reservoir
FR,h5755,1.0597922453793722,scr1998,stInflow,reservoir
FR,h5756,1.0597922453793722,scr1998,stInflow,reservoir
FR,h5757,1.0597922453793722,scr1998,stInflow,reservoir
FR,h5758,1.0597922453793722,scr1998,stInflow,reservoir
FR,h5759,1.0597922453793722,scr1998,stInflow,reservoir
FR,h5760,1.0597922453793722,scr1998,stInflow,reservoir
FR,h5761,1.0597922453793722,scr1998,stInflow,reservoir
FR,h5762,1.0597922453793722,scr1998,stInflow,reservoir
FR,h5763,1.0597922453793722,scr1998,stInflow,reservoir
FR,h5764,1.0597922453793722,scr1998,stInflow,reservoir
FR,h5765,1.0597922453793722,scr1998,stInflow,reservoir
FR,h5766,1.0597922453793722,scr1998,stInflow,reservoir
FR,h5767,1.0597922453793722,scr1998,stInflow,reservoir
FR,h5768,1.0597922453793722,scr1998,stInflow,reservoir
FR,h5769,1.0597922453793722,scr1998,stInflow,reservoir
FR,h5770,1.0597922453793722,scr1998,stInflow,reservoir
FR,h5771,1.0597922453793722,scr1998,stInflow,reservoir
FR,h5772,1.0597922453793722,scr1998,stInflow,reservoir
FR,h5773,1.0597922453793722,scr1998,stInflow,reservoir
FR,h5774,1.0597922453793722,scr1998,stInflow,reservoir
FR,h5775,1.0597922453793722,scr1998,stInflow,reservoir
FR,h5776,1.0597922453793722,scr1998,stInflow,reservoir
FR,h5777,1.0597922453793722,scr1998,stInflow,reservoir
FR,h5778,1.0597922453793722,scr1998,stInflow,reservoir
FR,h5779,1.0597922453793722,scr1998,stInflow,reservoir
FR,h5780,1.0597922453793722,scr1998,stInflow,reservoir
FR,h5781,1.0597922453793722,scr1998,stInflow,reservoir
FR,h5782,1.0597922453793722,scr1998,stInflow,reservoir
FR,h5783,1.0597922453793722,scr1998,stInflow,reservoir
FR,h5784,1.0597922453793722,scr1998,stInflow,reservoir
FR,h5785,1.0597922453793722,scr1998,stInflow,reservoir
FR,h5786,1.0597922453793722,scr1998,stInflow,reservoir
FR,h5787,1.0597922453793722,scr1998,stInflow,reservoir
FR,h5788,1.0597922453793722,scr1998,stInflow,reservoir
FR,h5789,1.0597922453793722,scr1998,stInflow,reservoir
FR,h5790,1.0597922453793722,scr1998,stInflow,reservoir
FR,h5791,1.0597922453793722,scr1998,stInflow,reservoir
FR,h5792,1.0597922453793722,scr1998,stInflow,reservoir
FR,h5793,1.0597922453793722,scr1998,stInflow,reservoir
FR,h5794,1.0597922453793722,scr1998,stInflow,reservoir
FR,h5795,1.0597922453793722,scr1998,stInflow,reservoir
FR,h5796,1.0597922453793722,scr1998,stInflow,reservoir
FR,h5797,1.0597922453793722,scr1998,stInflow,reservoir
FR,h5798,1.0597922453793722,scr1998,stInflow,reservoir
FR,h5799,1.0597922453793722,scr1998,stInflow,reservoir
FR,h5800,1.0597922453793722,scr1998,stInflow,reservoir
FR,h5801,1.0597922453793722,scr1998,stInflow,reservoir
FR,h5802,1.0597922453793722,scr1998,stInflow,reservoir
FR,h5803,1.0597922453793722,scr1998,stInflow,reservoir
FR,h5804,1.0597922453793722,scr1998,stInflow,reservoir
FR,h5805,1.0597922453793722,scr1998,stInflow,reservoir
FR,h5806,1.0597922453793722,scr1998,stInflow,reservoir
FR,h5807,1.0597922453793722,scr1998,stInflow,reservoir
FR,h5808,1.0597922453793722,scr1998,stInflow,reservoir
IT,h5065,0.6835180825415091,scr1998,stInflow,reservoir
IT,h5066,0.6835180825415091,scr1998,stInflow,reservoir
IT,h5067,0.6835180825415091,scr1998,stInflow,reservoir
IT,h5068,0.6835180825415091,scr1998,stInflow,reservoir
IT,h5069,0.6835180825415091,scr1998,stInflow,reservoir
IT,h5070,0.6835180825415091,scr1998,stInflow,reservoir
IT,h5071,0.6835180825415091,scr1998,stInflow,reservoir
IT,h5072,0.6835180825415091,scr1998,stInflow,reservoir
IT,h5073,0.6835180825415091,scr1998,stInflow,reservoir
IT,h5074,0.6835180825415091,scr1998,stInflow,reservoir
IT,h5075,0.6835180825415091,scr1998,stInflow,reservoir
IT,h5076,0.6835180825415091,scr1998,stInflow,reservoir
IT,h5077,0.6835180825415091,scr1998,stInflow,reservoir
IT,h5078,0.6835180825415091,scr1998,stInflow,reservoir
IT,h5079,0.6835180825415091,scr1998,stInflow,reservoir
IT,h5080,0.6835180825415091,scr1998,stInflow,reservoir
IT,h5081,0.6835180825415091,scr1998,stInflow,reservoir
IT,h5082,0.6835180825415091,scr1998,stInflow,reservoir
IT,h5083,0.6835180825415091,scr1998,stInflow,reservoir
IT,h5084,0.6835180825415091,scr1998,stInflow,reservoir
IT,h5085,0.6835180825415091,scr1998,stInflow,reservoir
IT,h5086,0.6835180825415091,scr1998,stInflow,reservoir
IT,h5087,0.6835180825415091,scr1998,stInflow,reservoir
IT,h5088,0.6835180825415091,scr1998,stInflow,reservoir
IT,h5089,0.6835180825415091,scr1998,stInflow,reservoir
IT,h5090,0.6835180825415091,scr1998,stInflow,reservoir
IT,h5091,0.6835180825415091,scr1998,stInflow,reservoir
IT,h5092,0.6835180825415091,scr1998,stInflow,reservoir
IT,h5093,0.6835180825415091,scr1998,stInflow,reservoir
IT,h5094,0.6835180825415091,scr1998,stInflow,reservoir
IT,h5095,0.6835180825415091,scr1998,stInflow,reservoir
IT,h5096,0.6835180825415091,scr1998,stInflow,reservoir
IT,h5097,0.6835180825415091,scr1998,stInflow,reservoir
IT,h5098,0.6835180825415091,scr1998,stInflow,reservoir
IT,h5099,0.6835180825415091,scr1998,stInflow,reservoir
IT,h5100,0.6835180825415091,scr1998,stInflow,reservoir
IT,h5101,0.6835180825415091,scr1998,stInflow,reservoir
IT,h5102,0.6835180825415091,scr1998,stInflow,reservoir
IT,h5103,0.6835180825415091,scr1998,stInflow,reservoir
IT,h5104,0.6835180825415091,scr1998,stInflow,reservoir
IT,h5105,0.6835180825415091,scr1998,stInflow,reservoir
IT,h5106,0.6835180825415091,scr1998,stInflow,reservoir
IT,h5107,0.6835180825415091,scr1998,stInflow,reservoir
IT,h5108,0.6835180825415091,scr1998,stInflow,reservoir
IT,h5109,0.6835180825415091,scr1998,stInflow,reservoir
IT,h5110,0.6835180825415091,scr1998,stInflow,reservoir
IT,h5111,0.6835180825415091,scr1998,stInflow,reservoir
IT,h5112,0.6835180825415091,scr1998,stInflow,reservoir
IT,h5113,0.6835180825415091,scr1998,stInflow,reservoir
IT,h5114,0.6835180825415091,scr1998,stInflow,reservoir
IT,h5115,0.6835180825415091,scr1998,stInflow,reservoir
IT,h5116,0.6835180825415091,scr1998,stInflow,reservoir
IT,h5117,0.6835180825415091,scr1998,stInflow,reservoir
IT,h5118,0.6835180825415091,scr1998,stInflow,reservoir
IT,h5119,0.6835180825415091,scr1998,stInflow,reservoir
IT,h5120,0.6835180825415091,scr1998,stInflow,reservoir
IT,h5121,0.6835180825415091,scr1998,stInflow,reservoir
IT,h5122,0.6835180825415091,scr1998,stInflow,reservoir
IT,h5123,0.6835180825415091,scr1998,stInflow,reservoir
IT,h5124,0.6835180825415091,scr1998,stInflow,reservoir
IT,h5125,0.6835180825415091,scr1998,stInflow,reservoir
IT,h5126,0.6835180825415091,scr1998,stInflow,reservoir
IT,h5127,0.6835180825415091,scr1998,stInflow,reservoir
IT,h5128,0.6835180825415091,scr1998,stInflow,reservoir
IT,h5129,0.6835180825415091,scr1998,stInflow,reservoir
IT,h5130,0.6835180825415091,scr1998,stInflow,reservoir
IT,h5131,0.6835180825415091,scr1998,stInflow,reservoir
IT,h5132,0.6835180825415091,scr1998,stInflow,reservoir
IT,h5133,0.6835180825415091,scr1998,stInflow,reservoir
IT,h5134,0.6835180825415091,scr1998,stInflow,reservoir
IT,h5135,0.6835180825415091,scr1998,stInflow,reservoir
IT,h5136,0.6835180825415091,scr1998,stInflow,reservoir
IT,h5137,0.5934376259511636,scr1998,stInflow,reservoir
IT,h5138,0.503358541968166,scr1998,stInflow,reservoir
IT,h5139,0.41328107866345143,scr1998,stInflow,reservoir
IT,h5140,0.41328107866345143,scr1998,stInflow,reservoir
IT,h5141,0.41328107866345143,scr1998,stInflow,reservoir
IT,h5142,0.41328107866345143,scr1998,stInflow,reservoir
IT,h5143,0.41328107866345143,scr1998,stInflow,reservoir
IT,h5144,0.41328107866345143,scr1998,stInflow,reservoir
IT,h5145,0.41328107866345143,scr1998,stInflow,reservoir
IT,h5146,0.41328107866345143,scr1998,stInflow,reservoir
IT,h5147,0.41328107866345143,scr1998,stInflow,reservoir
IT,h5148,0.41328107866345143,scr1998,stInflow,reservoir
IT,h5149,0.41328107866345143,scr1998,stInflow,reservoir
IT,h5150,0.41328107866345143,scr1998,stInflow,reservoir
IT,h5151,0.41328107866345143,scr1998,stInflow,reservoir
IT,h5152,0.41328107866345143,scr1998,stInflow,reservoir
IT,h5153,0.41328107866345143,scr1998,stInflow,reservoir
IT,h5154,0.41328107866345143,scr1998,stInflow,reservoir
IT,h5155,0.41328107866345143,scr1998,stInflow,reservoir
IT,h5156,0.41328107866345143,scr1998,stInflow,reservoir
IT,h5157,0.41328107866345143,scr1998,stInflow,reservoir
IT,h5158,0.41328107866345143,scr1998,stInflow,reservoir
IT,h5159,0.41328107866345143,scr1998,stInflow,reservoir
IT,h5160,0.41328107866345143,scr1998,stInflow,reservoir
IT,h5161,0.41328107866345143,scr1998,stInflow,reservoir
IT,h5162,0.41328107866345143,scr1998,stInflow,reservoir
IT,h5163,0.41328107866345143,scr1998,stInflow,reservoir
IT,h5164,0.41328107866345143,scr1998,stInflow,reservoir
IT,h5165,0.41328107866345143,scr1998,stInflow,reservoir
IT,h5166,0.41328107866345143,scr1998,stInflow,reservoir
IT,h5167,0.41328107866345143,scr1998,stInflow,reservoir
IT,h5168,0.41328107866345143,scr1998,stInflow,reservoir
IT,h5169,0.41328107866345143,scr1998,stInflow,reservoir
IT,h5170,0.41328107866345143,scr1998,stInflow,reservoir
IT,h5171,0.41328107866345143,scr1998,stInflow,reservoir
IT,h5172,0.41328107866345143,scr1998,stInflow,reservoir
IT,h5173,0.41328107866345143,scr1998,stInflow,reservoir
IT,h5174,0.41328107866345143,scr1998,stInflow,reservoir
IT,h5175,0.41328107866345143,scr1998,stInflow,reservoir
IT,h5176,0.41328107866345143,scr1998,stInflow,reservoir
IT,h5177,0.41328107866345143,scr1998,stInflow,reservoir
IT,h5178,0.41328107866345143,scr1998,stInflow,reservoir
IT,h5179,0.41328107866345143,scr1998,stInflow,reservoir
IT,h5180,0.41328107866345143,scr1998,stInflow,reservoir
IT,h5181,0.41328107866345143,scr1998,stInflow,reservoir
IT,h5182,0.41328107866345143,scr1998,stInflow,reservoir
IT,h5183,0.41328107866345143,scr1998,stInflow,reservoir
IT,h5184,0.41328107866345143,scr1998,stInflow,reservoir
IT,h5185,0.41328107866345143,scr1998,stInflow,reservoir
IT,h5186,0.41328107866345143,scr1998,stInflow,reservoir
IT,h5187,0.41328107866345143,scr1998,stInflow,reservoir
IT,h5188,0.41328107866345143,scr1998,stInflow,reservoir
IT,h5189,0.41328107866345143,scr1998,stInflow,reservoir
IT,h5190,0.41328107866345143,scr1998,stInflow,reservoir
IT,h5191,0.41328107866345143,scr1998,stInflow,reservoir
IT,h5192,0.41328107866345143,scr1998,stInflow,reservoir
IT,h5193,0.41328107866345143,scr1998,stInflow,reservoir
IT,h5194,0.41328107866345143,scr1998,stInflow,reservoir
IT,h5195,0.41328107866345143,scr1998,stInflow,reservoir
IT,h5196,0.41328107866345143,scr1998,stInflow,reservoir
IT,h5197,0.41328107866345143,scr1998,stInflow,reservoir
IT,h5198,0.41328107866345143,scr1998,stInflow,reservoir
IT,h5199,0.41328107866345143,scr1998,stInflow,reservoir
IT,h5200,0.41328107866345143,scr1998,stInflow,reservoir
IT,h5201,0.41328107866345143,scr1998,stInflow,reservoir
IT,h5202,0.41328107866345143,scr1998,stInflow,reservoir
IT,h5203,0.41328107866345143,scr1998,stInflow,reservoir
IT,h5204,0.41328107866345143,scr1998,stInflow,reservoir
IT,h5205,0.41328107866345143,scr1998,stInflow,reservoir
IT,h5206,0.41328107866345143,scr1998,stInflow,reservoir
IT,h5207,0.41328107866345143,scr1998,stInflow,reservoir
IT,h5208,0.41328107866345143,scr1998,stInflow,reservoir
IT,h5209,0.41328107866345143,scr1998,stInflow,reservoir
IT,h5210,0.41328107866345143,scr1998,stInflow,reservoir
IT,h5211,0.41328107866345143,scr1998,stInflow,reservoir
IT,h5212,0.41328107866345143,scr1998,stInflow,reservoir
IT,h5213,0.41328107866345143,scr1998,stInflow,reservoir
IT,h5214,0.41328107866345143,scr1998,stInflow,reservoir
IT,h5215,0.41328107866345143,scr1998,stInflow,reservoir
IT,h5216,0.41328107866345143,scr1998,stInflow,reservoir
IT,h5217,0.41328107866345143,scr1998,stInflow,reservoir
IT,h5218,0.41328107866345143,scr1998,stInflow,reservoir
IT,h5219,0.41328107866345143,scr1998,stInflow,reservoir
IT,h5220,0.41328107866345143,scr1998,stInflow,reservoir
IT,h5221,0.41328107866345143,scr1998,stInflow,reservoir
IT,h5222,0.41328107866345143,scr1998,stInflow,reservoir
IT,h5223,0.41328107866345143,scr1998,stInflow,reservoir
IT,h5224,0.41328107866345143,scr1998,stInflow,reservoir
IT,h5225,0.41328107866345143,scr1998,stInflow,reservoir
IT,h5226,0.41328107866345143,scr1998,stInflow,reservoir
IT,h5227,0.41328107866345143,scr1998,stInflow,reservoir
IT,h5228,0.41328107866345143,scr1998,stInflow,reservoir
IT,h5229,0.41328107866345143,scr1998,stInflow,reservoir
IT,h5230,0.41328107866345143,scr1998,stInflow,reservoir
IT,h5231,0.41328107866345143,scr1998,stInflow,reservoir
IT,h5232,0.41328107866345143,scr1998,stInflow,reservoir
IT,h5233,0.41328107866345143,scr1998,stInflow,reservoir
IT,h5234,0.41328107866345143,scr1998,stInflow,reservoir
IT,h5235,0.41328107866345143,scr1998,stInflow,reservoir
IT,h5236,0.41328107866345143,scr1998,stInflow,reservoir
IT,h5237,0.41328107866345143,scr1998,stInflow,reservoir
IT,h5238,0.41328107866345143,scr1998,stInflow,reservoir
IT,h5239,0.41328107866345143,scr1998,stInflow,reservoir
IT,h5240,0.41328107866345143,scr1998,stInflow,reservoir
IT,h5241,0.41328107866345143,scr1998,stInflow,reservoir
IT,h5242,0.41328107866345143,scr1998,stInflow,reservoir
IT,h5243,0.41328107866345143,scr1998,stInflow,reservoir
IT,h5244,0.41328107866345143,scr1998,stInflow,reservoir
IT,h5245,0.41328107866345143,scr1998,stInflow,reservoir
IT,h5246,0.41328107866345143,scr1998,stInflow,reservoir
IT,h5247,0.41328107866345143,scr1998,stInflow,reservoir
IT,h5248,0.41328107866345143,scr1998,stInflow,reservoir
IT,h5249,0.41328107866345143,scr1998,stInflow,reservoir
IT,h5250,0.41328107866345143,scr1998,stInflow,reservoir
IT,h5251,0.41328107866345143,scr1998,stInflow,reservoir
IT,h5252,0.41328107866345143,scr1998,stInflow,reservoir
IT,h5253,0.41328107866345143,scr1998,stInflow,reservoir
IT,h5254,0.41328107866345143,scr1998,stInflow,reservoir
IT,h5255,0.41328107866345143,scr1998,stInflow,reservoir
IT,h5256,0.41328107866345143,scr1998,stInflow,reservoir
IT,h5257,0.41328107866345143,scr1998,stInflow,reservoir
IT,h5258,0.41328107866345143,scr1998,stInflow,reservoir
IT,h5259,0.41328107866345143,scr1998,stInflow,reservoir
IT,h5260,0.41328107866345143,scr1998,stInflow,reservoir
IT,h5261,0.41328107866345143,scr1998,stInflow,reservoir
IT,h5262,0.41328107866345143,scr1998,stInflow,reservoir
IT,h5263,0.41328107866345143,scr1998,stInflow,reservoir
IT,h5264,0.41328107866345143,scr1998,stInflow,reservoir
IT,h5265,0.41328107866345143,scr1998,stInflow,reservoir
IT,h5266,0.41328107866345143,scr1998,stInflow,reservoir
IT,h5267,0.41328107866345143,scr1998,stInflow,reservoir
IT,h5268,0.41328107866345143,scr1998,stInflow,reservoir
IT,h5269,0.41328107866345143,scr1998,stInflow,reservoir
IT,h5270,0.41328107866345143,scr1998,stInflow,reservoir
IT,h5271,0.41328107866345143,scr1998,stInflow,reservoir
IT,h5272,0.41328107866345143,scr1998,stInflow,reservoir
IT,h5273,0.41328107866345143,scr1998,stInflow,reservoir
IT,h5274,0.41328107866345143,scr1998,stInflow,reservoir
IT,h5275,0.41328107866345143,scr1998,stInflow,reservoir
IT,h5276,0.41328107866345143,scr1998,stInflow,reservoir
IT,h5277,0.41328107866345143,scr1998,stInflow,reservoir
IT,h5278,0.41328107866345143,scr1998,stInflow,reservoir
IT,h5279,0.41328107866345143,scr1998,stInflow,reservoir
IT,h5280,0.41328107866345143,scr1998,stInflow,reservoir
IT,h5281,0.41328107866345143,scr1998,stInflow,reservoir
IT,h5282,0.41328107866345143,scr1998,stInflow,reservoir
IT,h5283,0.41328107866345143,scr1998,stInflow,reservoir
IT,h5284,0.41328107866345143,scr1998,stInflow,reservoir
IT,h5285,0.41328107866345143,scr1998,stInflow,reservoir
IT,h5286,0.41328107866345143,scr1998,stInflow,reservoir
IT,h5287,0.41328107866345143,scr1998,stInflow,reservoir
IT,h5288,0.41328107866345143,scr1998,stInflow,reservoir
IT,h5289,0.41328107866345143,scr1998,stInflow,reservoir
IT,h5290,0.41328107866345143,scr1998,stInflow,reservoir
IT,h5291,0.41328107866345143,scr1998,stInflow,reservoir
IT,h5292,0.41328107866345143,scr1998,stInflow,reservoir
IT,h5293,0.41328107866345143,scr1998,stInflow,reservoir
IT,h5294,0.41328107866345143,scr1998,stInflow,reservoir
IT,h5295,0.41328107866345143,scr1998,stInflow,reservoir
IT,h5296,0.41328107866345143,scr1998,stInflow,reservoir
IT,h5297,0.41328107866345143,scr1998,stInflow,reservoir
IT,h5298,0.41328107866345143,scr1998,stInflow,reservoir
IT,h5299,0.41328107866345143,scr1998,stInflow,reservoir
IT,h5300,0.41328107866345143,scr1998,stInflow,reservoir
IT,h5301,0.41328107866345143,scr1998,stInflow,reservoir
IT,h5302,0.41328107866345143,scr1998,stInflow,reservoir
IT,h5303,0.41328107866345143,scr1998,stInflow,reservoir
IT,h5304,0.41328107866345143,scr1998,stInflow,reservoir
IT,h5305,0.3664304750899211,scr1998,stInflow,reservoir
IT,h5306,0.31958047217575364,scr1998,stInflow,reservoir
IT,h5307,0.27273115856707447,scr1998,stInflow,reservoir
IT,h5308,0.27273115856707447,scr1998,stInflow,reservoir
IT,h5309,0.27273115856707447,scr1998,stInflow,reservoir
IT,h5310,0.27273115856707447,scr1998,stInflow,reservoir
IT,h5311,0.27273115856707447,scr1998,stInflow,reservoir
IT,h5312,0.27273115856707447,scr1998,stInflow,reservoir
IT,h5313,0.27273115856707447,scr1998,stInflow,reservoir
IT,h5314,0.27273115856707447,scr1998,stInflow,reservoir
IT,h5315,0.27273115856707447,scr1998,stInflow,reservoir
IT,h5316,0.27273115856707447,scr1998,stInflow,reservoir
IT,h5317,0.27273115856707447,scr1998,stInflow,reservoir
IT,h5318,0.27273115856707447,scr1998,stInflow,reservoir
IT,h5319,0.27273115856707447,scr1998,stInflow,reservoir
IT,h5320,0.27273115856707447,scr1998,stInflow,reservoir
IT,h5321,0.27273115856707447,scr1998,stInflow,reservoir
IT,h5322,0.27273115856707447,scr1998,stInflow,reservoir
IT,h5323,0.27273115856707447,scr1998,stInflow,reservoir
IT,h5324,0.27273115856707447,scr1998,stInflow,reservoir
IT,h5325,0.27273115856707447,scr1998,stInflow,reservoir
IT,h5326,0.27273115856707447,scr1998,stInflow,reservoir
IT,h5327,0.27273115856707447,scr1998,stInflow,reservoir
IT,h5328,0.27273115856707447,scr1998,stInflow,reservoir
IT,h5329,0.27273115856707447,scr1998,stInflow,reservoir
IT,h5330,0.27273115856707447,scr1998,stInflow,reservoir
IT,h5331,0.27273115856707447,scr1998,stInflow,reservoir
IT,h5332,0.27273115856707447,scr1998,stInflow,reservoir
IT,h5333,0.27273115856707447,scr1998,stInflow,reservoir
IT,h5334,0.27273115856707447,scr1998,stInflow,reservoir
IT,h5335,0.27273115856707447,scr1998,stInflow,reservoir
IT,h5336,0.27273115856707447,scr1998,stInflow,reservoir
IT,h5337,0.27273115856707447,scr1998,stInflow,reservoir
IT,h5338,0.27273115856707447,scr1998,stInflow,reservoir
IT,h5339,0.27273115856707447,scr1998,stInflow,reservoir
IT,h5340,0.27273115856707447,scr1998,stInflow,reservoir
IT,h5341,0.27273115856707447,scr1998,stInflow,reservoir
IT,h5342,0.27273115856707447,scr1998,stInflow,reservoir
IT,h5343,0.27273115856707447,scr1998,stInflow,reservoir
IT,h5344,0.27273115856707447,scr1998,stInflow,reservoir
IT,h5345,0.27273115856707447,scr1998,stInflow,reservoir
IT,h5346,0.27273115856707447,scr1998,stInflow,reservoir
IT,h5347,0.27273115856707447,scr1998,stInflow,reservoir
IT,h5348,0.27273115856707447,scr1998,stInflow,reservoir
IT,h5349,0.27273115856707447,scr1998,stInflow,reservoir
IT,h5350,0.27273115856707447,scr1998,stInflow,reservoir
IT,h5351,0.27273115856707447,scr1998,stInflow,reservoir
IT,h5352,0.27273115856707447,scr1998,stInflow,reservoir
IT,h5353,0.27273115856707447,scr1998,stInflow,reservoir
IT,h5354,0.27273115856707447,scr1998,stInflow,reservoir
IT,h5355,0.27273115856707447,scr1998,stInflow,reservoir
IT,h5356,0.27273115856707447,scr1998,stInflow,reservoir
IT,h5357,0.27273115856707447,scr1998,stInflow,reservoir
IT,h5358,0.27273115856707447,scr1998,stInflow,reservoir
IT,h5359,0.27273115856707447,scr1998,stInflow,reservoir
IT,h5360,0.27273115856707447,scr1998,stInflow,reservoir
IT,h5361,0.27273115856707447,scr1998,stInflow,reservoir
IT,h5362,0.27273115856707447,scr1998,stInflow,reservoir
IT,h5363,0.27273115856707447,scr1998,stInflow,reservoir
IT,h5364,0.27273115856707447,scr1998,stInflow,reservoir
IT,h5365,0.27273115856707447,scr1998,stInflow,reservoir
IT,h5366,0.27273115856707447,scr1998,stInflow,reservoir
IT,h5367,0.27273115856707447,scr1998,stInflow,reservoir
IT,h5368,0.27273115856707447,scr1998,stInflow,reservoir
IT,h5369,0.27273115856707447,scr1998,stInflow,reservoir
IT,h5370,0.27273115856707447,scr1998,stInflow,reservoir
IT,h5371,0.27273115856707447,scr1998,stInflow,reservoir
IT,h5372,0.27273115856707447,scr1998,stInflow,reservoir
IT,h5373,0.27273115856707447,scr1998,stInflow,reservoir
IT,h5374,0.27273115856707447,scr1998,stInflow,reservoir
IT,h5375,0.27273115856707447,scr1998,stInflow,reservoir
IT,h5376,0.27273115856707447,scr1998,stInflow,reservoir
IT,h5377,0.27273115856707447,scr1998,stInflow,reservoir
IT,h5378,0.27273115856707447,scr1998,stInflow,reservoir
IT,h5379,0.27273115856707447,scr1998,stInflow,reservoir
IT,h5380,0.27273115856707447,scr1998,stInflow,reservoir
IT,h5381,0.27273115856707447,scr1998,stInflow,reservoir
IT,h5382,0.27273115856707447,scr1998,stInflow,reservoir
IT,h5383,0.27273115856707447,scr1998,stInflow,reservoir
IT,h5384,0.27273115856707447,scr1998,stInflow,reservoir
IT,h5385,0.27273115856707447,scr1998,stInflow,reservoir
IT,h5386,0.27273115856707447,scr1998,stInflow,reservoir
IT,h5387,0.27273115856707447,scr1998,stInflow,reservoir
IT,h5388,0.27273115856707447,scr1998,stInflow,reservoir
IT,h5389,0.27273115856707447,scr1998,stInflow,reservoir
IT,h5390,0.27273115856707447,scr1998,stInflow,reservoir
IT,h5391,0.27273115856707447,scr1998,stInflow,reservoir
IT,h5392,0.27273115856707447,scr1998,stInflow,reservoir
IT,h5393,0.27273115856707447,scr1998,stInflow,reservoir
IT,h5394,0.27273115856707447,scr1998,stInflow,reservoir
IT,h5395,0.27273115856707447,scr1998,stInflow,reservoir
IT,h5396,0.27273115856707447,scr1998,stInflow,reservoir
IT,h5397,0.27273115856707447,scr1998,stInflow,reservoir
IT,h5398,0.27273115856707447,scr1998,stInflow,reservoir
IT,h5399,0.27273115856707447,scr1998,stInflow,reservoir
IT,h5400,0.27273115856707447,scr1998,stInflow,reservoir
IT,h5401,0.27273115856707447,scr1998,stInflow,reservoir
IT,h5402,0.27273115856707447,scr1998,stInflow,reservoir
IT,h5403,0.27273115856707447,scr1998,stInflow,reservoir
IT,h5404,0.27273115856707447,scr1998,stInflow,reservoir
IT,h5405,0.27273115856707447,scr1998,stInflow,reservoir
IT,h5406,0.27273115856707447,scr1998,stInflow,reservoir
IT,h5407,0.27273115856707447,scr1998,stInflow,reservoir
IT,h5408,0.27273115856707447,scr1998,stInflow,reservoir
IT,h5409,0.27273115856707447,scr1998,stInflow,reservoir
IT,h5410,0.27273115856707447,scr1998,stInflow,reservoir
IT,h5411,0.27273115856707447,scr1998,stInflow,reservoir
IT,h5412,0.27273115856707447,scr1998,stInflow,reservoir
IT,h5413,0.27273115856707447,scr1998,stInflow,reservoir
IT,h5414,0.27273115856707447,scr1998,stInflow,reservoir
IT,h5415,0.27273115856707447,scr1998,stInflow,reservoir
IT,h5416,0.27273115856707447,scr1998,stInflow,reservoir
IT,h5417,0.27273115856707447,scr1998,stInflow,reservoir
IT,h5418,0.27273115856707447,scr1998,stInflow,reservoir
IT,h5419,0.27273115856707447,scr1998,stInflow,reservoir
IT,h5420,0.27273115856707447,scr1998,stInflow,reservoir
IT,h5421,0.27273115856707447,scr1998,stInflow,reservoir
IT,h5422,0.27273115856707447,scr1998,stInflow,reservoir
IT,h5423,0.27273115856707447,scr1998,stInflow,reservoir
IT,h5424,0.27273115856707447,scr1998,stInflow,reservoir
IT,h5425,0.27273115856707447,scr1998,stInflow,reservoir
IT,h5426,0.27273115856707447,scr1998,stInflow,reservoir
IT,h5427,0.27273115856707447,scr1998,stInflow,reservoir
IT,h5428,0.27273115856707447,scr1998,stInflow,reservoir
IT,h5429,0.27273115856707447,scr1998,stInflow,reservoir
IT,h5430,0.27273115856707447,scr1998,stInflow,reservoir
IT,h5431,0.27273115856707447,scr1998,stInflow,reservoir
IT,h5432,0.27273115856707447,scr1998,stInflow,reservoir
IT,h5433,0.27273115856707447,scr1998,stInflow,reservoir
IT,h5434,0.27273115856707447,scr1998,stInflow,reservoir
IT,h5435,0.27273115856707447,scr1998,stInflow,reservoir
IT,h5436,0.27273115856707447,scr1998,stInflow,reservoir
IT,h5437,0.27273115856707447,scr1998,stInflow,reservoir
IT,h5438,0.27273115856707447,scr1998,stInflow,reservoir
IT,h5439,0.27273115856707447,scr1998,stInflow,reservoir
IT,h5440,0.27273115856707447,scr1998,stInflow,reservoir
IT,h5441,0.27273115856707447,scr1998,stInflow,reservoir
IT,h5442,0.27273115856707447,scr1998,stInflow,reservoir
IT,h5443,0.27273115856707447,scr1998,stInflow,reservoir
IT,h5444,0.27273115856707447,scr1998,stInflow,reservoir
IT,h5445,0.27273115856707447,scr1998,stInflow,reservoir
IT,h5446,0.27273115856707447,scr1998,stInflow,reservoir
IT,h5447,0.27273115856707447,scr1998,stInflow,reservoir
IT,h5448,0.27273115856707447,scr1998,stInflow,reservoir
IT,h5449,0.27273115856707447,scr1998,stInflow,reservoir
IT,h5450,0.27273115856707447,scr1998,stInflow,reservoir
IT,h5451,0.27273115856707447,scr1998,stInflow,reservoir
IT,h5452,0.27273115856707447,scr1998,stInflow,reservoir
IT,h5453,0.27273115856707447,scr1998,stInflow,reservoir
IT,h5454,0.27273115856707447,scr1998,stInflow,reservoir
IT,h5455,0.27273115856707447,scr1998,stInflow,reservoir
IT,h5456,0.27273115856707447,scr1998,stInflow,reservoir
IT,h5457,0.27273115856707447,scr1998,stInflow,reservoir
IT,h5458,0.27273115856707447,scr1998,stInflow,reservoir
IT,h5459,0.27273115856707447,scr1998,stInflow,reservoir
IT,h5460,0.27273115856707447,scr1998,stInflow,reservoir
IT,h5461,0.27273115856707447,scr1998,stInflow,reservoir
IT,h5462,0.27273115856707447,scr1998,stInflow,reservoir
IT,h5463,0.27273115856707447,scr1998,stInflow,reservoir
IT,h5464,0.27273115856707447,scr1998,stInflow,reservoir
IT,h5465,0.27273115856707447,scr1998,stInflow,reservoir
IT,h5466,0.27273115856707447,scr1998,stInflow,reservoir
IT,h5467,0.27273115856707447,scr1998,stInflow,reservoir
IT,h5468,0.27273115856707447,scr1998,stInflow,reservoir
IT,h5469,0.27273115856707447,scr1998,stInflow,reservoir
IT,h5470,0.27273115856707447,scr1998,stInflow,reservoir
IT,h5471,0.27273115856707447,scr1998,stInflow,reservoir
IT,h5472,0.27273115856707447,scr1998,stInflow,reservoir
IT,h5473,0.27350126738963026,scr1998,stInflow,reservoir
IT,h5474,0.27427137642904026,scr1998,stInflow,reservoir
IT,h5475,0.2750414856846955,scr1998,stInflow,reservoir
IT,h5476,0.2750414856846955,scr1998,stInflow,reservoir
IT,h5477,0.2750414856846955,scr1998,stInflow,reservoir
IT,h5478,0.2750414856846955,scr1998,stInflow,reservoir
IT,h5479,0.2750414856846955,scr1998,stInflow,reservoir
IT,h5480,0.2750414856846955,scr1998,stInflow,reservoir
IT,h5481,0.2750414856846955,scr1998,stInflow,reservoir
IT,h5482,0.2750414856846955,scr1998,stInflow,reservoir
IT,h5483,0.2750414856846955,scr1998,stInflow,reservoir
IT,h5484,0.2750414856846955,scr1998,stInflow,reservoir
IT,h5485,0.2750414856846955,scr1998,stInflow,reservoir
IT,h5486,0.2750414856846955,scr1998,stInflow,reservoir
IT,h5487,0.2750414856846955,scr1998,stInflow,reservoir
IT,h5488,0.2750414856846955,scr1998,stInflow,reservoir
IT,h5489,0.2750414856846955,scr1998,stInflow,reservoir
IT,h5490,0.2750414856846955,scr1998,stInflow,reservoir
IT,h5491,0.2750414856846955,scr1998,stInflow,reservoir
IT,h5492,0.2750414856846955,scr1998,stInflow,reservoir
IT,h5493,0.2750414856846955,scr1998,stInflow,reservoir
IT,h5494,0.2750414856846955,scr1998,stInflow,reservoir
IT,h5495,0.2750414856846955,scr1998,stInflow,reservoir
IT,h5496,0.2750414856846955,scr1998,stInflow,reservoir
IT,h5497,0.2750414856846955,scr1998,stInflow,reservoir
IT,h5498,0.2750414856846955,scr1998,stInflow,reservoir
IT,h5499,0.2750414856846955,scr1998,stInflow,reservoir
IT,h5500,0.2750414856846955,scr1998,stInflow,reservoir
IT,h5501,0.2750414856846955,scr1998,stInflow,reservoir
IT,h5502,0.2750414856846955,scr1998,stInflow,reservoir
IT,h5503,0.2750414856846955,scr1998,stInflow,reservoir
IT,h5504,0.2750414856846955,scr1998,stInflow,reservoir
IT,h5505,0.2750414856846955,scr1998,stInflow,reservoir
IT,h5506,0.2750414856846955,scr1998,stInflow,reservoir
IT,h5507,0.2750414856846955,scr1998,stInflow,reservoir
IT,h5508,0.2750414856846955,scr1998,stInflow,reservoir
IT,h5509,0.2750414856846955,scr1998,stInflow,reservoir
IT,h5510,0.2750414856846955,scr1998,stInflow,reservoir
IT,h5511,0.2750414856846955,scr1998,stInflow,reservoir
IT,h5512,0.2750414856846955,scr1998,stInflow,reservoir
IT,h5513,0.2750414856846955,scr1998,stInflow,reservoir
IT,h5514,0.2750414856846955,scr1998,stInflow,reservoir
IT,h5515,0.2750414856846955,scr1998,stInflow,reservoir
IT,h5516,0.2750414856846955,scr1998,stInflow,reservoir
IT,h5517,0.2750414856846955,scr1998,stInflow,reservoir
IT,h5518,0.2750414856846955,scr1998,stInflow,reservoir
IT,h5519,0.2750414856846955,scr1998,stInflow,reservoir
IT,h5520,0.2750414856846955,scr1998,stInflow,reservoir
IT,h5521,0.2750414856846955,scr1998,stInflow,reservoir
IT,h5522,0.2750414856846955,scr1998,stInflow,reservoir
IT,h5523,0.2750414856846955,scr1998,stInflow,reservoir
IT,h5524,0.2750414856846955,scr1998,stInflow,reservoir
IT,h5525,0.2750414856846955,scr1998,stInflow,reservoir
IT,h5526,0.2750414856846955,scr1998,stInflow,reservoir
IT,h5527,0.2750414856846955,scr1998,stInflow,reservoir
IT,h5528,0.2750414856846955,scr1998,stInflow,reservoir
IT,h5529,0.2750414856846955,scr1998,stInflow,reservoir
IT,h5530,0.2750414856846955,scr1998,stInflow,reservoir
IT,h5531,0.2750414856846955,scr1998,stInflow,reservoir
IT,h5532,0.2750414856846955,scr1998,stInflow,reservoir
IT,h5533,0.2750414856846955,scr1998,stInflow,reservoir
IT,h5534,0.2750414856846955,scr1998,stInflow,reservoir
IT,h5535,0.2750414856846955,scr1998,stInflow,reservoir
IT,h5536,0.2750414856846955,scr1998,stInflow,reservoir
IT,h5537,0.2750414856846955,scr1998,stInflow,reservoir
IT,h5538,0.2750414856846955,scr1998,stInflow,reservoir
IT,h5539,0.2750414856846955,scr1998,stInflow,reservoir
IT,h5540,0.2750414856846955,scr1998,stInflow,reservoir
IT,h5541,0.2750414856846955,scr1998,stInflow,reservoir
IT,h5542,0.2750414856846955,scr1998,stInflow,reservoir
IT,h5543,0.2750414856846955,scr1998,stInflow,reservoir
IT,h5544,0.2750414856846955,scr1998,stInflow,reservoir
IT,h5545,0.2750414856846955,scr1998,stInflow,reservoir
IT,h5546,0.2750414856846955,scr1998,stInflow,reservoir
IT,h5547,0.2750414856846955,scr1998,stInflow,reservoir
IT,h5548,0.2750414856846955,scr1998,stInflow,reservoir
IT,h5549,0.2750414856846955,scr1998,stInflow,reservoir
IT,h5550,0.2750414856846955,scr1998,stInflow,reservoir
IT,h5551,0.2750414856846955,scr1998,stInflow,reservoir
IT,h5552,0.2750414856846955,scr1998,stInflow,reservoir
IT,h5553,0.2750414856846955,scr1998,stInflow,reservoir
IT,h5554,0.2750414856846955,scr1998,stInflow,reservoir
IT,h5555,0.2750414856846955,scr1998,stInflow,reservoir
IT,h5556,0.2750414856846955,scr1998,stInflow,reservoir
IT,h5557,0.2750414856846955,scr1998,stInflow,reservoir
IT,h5558,0.2750414856846955,scr1998,stInflow,reservoir
IT,h5559,0.2750414856846955,scr1998,stInflow,reservoir
IT,h5560,0.2750414856846955,scr1998,stInflow,reservoir
IT,h5561,0.2750414856846955,scr1998,stInflow,reservoir
IT,h5562,0.2750414856846955,scr1998,stInflow,reservoir
IT,h5563,0.2750414856846955,scr1998,stInflow,reservoir
IT,h5564,0.2750414856846955,scr1998,stInflow,reservoir
IT,h5565,0.2750414856846955,scr1998,stInflow,reservoir
IT,h5566,0.2750414856846955,scr1998,stInflow,reservoir
IT,h5567,0.2750414856846955,scr1998,stInflow,reservoir
IT,h5568,0.2750414856846955,scr1998,stInflow,reservoir
IT,h5569,0.2750414856846955,scr1998,stInflow,reservoir
IT,h5570,0.2750414856846955,scr1998,stInflow,reservoir
IT,h5571,0.2750414856846955,scr1998,stInflow,reservoir
IT,h5572,0.2750414856846955,scr1998,stInflow,reservoir
IT,h5573,0.2750414856846955,scr1998,stInflow,reservoir
IT,h5574,0.2750414856846955,scr1998,stInflow,reservoir
IT,h5575,0.2750414856846955,scr1998,stInflow,reservoir
IT,h5576,0.2750414856846955,scr1998,stInflow,reservoir
IT,h5577,0.2750414856846955,scr1998,stInflow,reservoir
IT,h5578,0.2750414856846955,scr1998,stInflow,reservoir
IT,h5579,0.2750414856846955,scr1998,stInflow,reservoir
IT,h5580,0.2750414856846955,scr1998,stInflow,reservoir
IT,h5581,0.2750414856846955,scr1998,stInflow,reservoir
IT,h5582,0.2750414856846955,scr1998,stInflow,reservoir
IT,h5583,0.2750414856846955,scr1998,stInflow,reservoir
IT,h5584,0.2750414856846955,scr1998,stInflow,reservoir
IT,h5585,0.2750414856846955,scr1998,stInflow,reservoir
IT,h5586,0.2750414856846955,scr1998,stInflow,reservoir
IT,h5587,0.2750414856846955,scr1998,stInflow,reservoir
IT,h5588,0.2750414856846955,scr1998,stInflow,reservoir
IT,h5589,0.2750414856846955,scr1998,stInflow,reservoir
IT,h5590,0.2750414856846955,scr1998,stInflow,reservoir
IT,h5591,0.2750414856846955,scr1998,stInflow,reservoir
IT,h5592,0.2750414856846955,scr1998,stInflow,reservoir
IT,h5593,0.2750414856846955,scr1998,stInflow,reservoir
IT,h5594,0.2750414856846955,scr1998,stInflow,reservoir
IT,h5595,0.2750414856846955,scr1998,stInflow,reservoir
IT,h5596,0.2750414856846955,scr1998,stInflow,reservoir
IT,h5597,0.2750414856846955,scr1998,stInflow,reservoir
IT,h5598,0.2750414856846955,scr1998,stInflow,reservoir
IT,h5599,0.2750414856846955,scr1998,stInflow,reservoir
IT,h5600,0.2750414856846955,scr1998,stInflow,reservoir
IT,h5601,0.2750414856846955,scr1998,stInflow,reservoir
IT,h5602,0.2750414856846955,scr1998,stInflow,reservoir
IT,h5603,0.2750414856846955,scr1998,stInflow,reservoir
IT,h5604,0.2750414856846955,scr1998,stInflow,reservoir
IT,h5605,0.2750414856846955,scr1998,stInflow,reservoir
IT,h5606,0.2750414856846955,scr1998,stInflow,reservoir
IT,h5607,0.2750414856846955,scr1998,stInflow,reservoir
IT,h5608,0.2750414856846955,scr1998,stInflow,reservoir
IT,h5609,0.2750414856846955,scr1998,stInflow,reservoir
IT,h5610,0.2750414856846955,scr1998,stInflow,reservoir
IT,h5611,0.2750414856846955,scr1998,stInflow,reservoir
IT,h5612,0.2750414856846955,scr1998,stInflow,reservoir
IT,h5613,0.2750414856846955,scr1998,stInflow,reservoir
IT,h5614,0.2750414856846955,scr1998,stInflow,reservoir
IT,h5615,0.2750414856846955,scr1998,stInflow,reservoir
IT,h5616,0.2750414856846955,scr1998,stInflow,reservoir
IT,h5617,0.2750414856846955,scr1998,stInflow,reservoir
IT,h5618,0.2750414856846955,scr1998,stInflow,reservoir
IT,h5619,0.2750414856846955,scr1998,stInflow,reservoir
IT,h5620,0.2750414856846955,scr1998,stInflow,reservoir
IT,h5621,0.2750414856846955,scr1998,stInflow,reservoir
IT,h5622,0.2750414856846955,scr1998,stInflow,reservoir
IT,h5623,0.2750414856846955,scr1998,stInflow,reservoir
IT,h5624,0.2750414856846955,scr1998,stInflow,reservoir
IT,h5625,0.2750414856846955,scr1998,stInflow,reservoir
IT,h5626,0.2750414856846955,scr1998,stInflow,reservoir
IT,h5627,0.2750414856846955,scr1998,stInflow,reservoir
IT,h5628,0.2750414856846955,scr1998,stInflow,reservoir
IT,h5629,0.2750414856846955,scr1998,stInflow,reservoir
IT,h5630,0.2750414856846955,scr1998,stInflow,reservoir
IT,h5631,0.2750414856846955,scr1998,stInflow,reservoir
IT,h5632,0.2750414856846955,scr1998,stInflow,reservoir
IT,h5633,0.2750414856846955,scr1998,stInflow,reservoir
IT,h5634,0.2750414856846955,scr1998,stInflow,reservoir
IT,h5635,0.2750414856846955,scr1998,stInflow,reservoir
IT,h5636,0.2750414856846955,scr1998,stInflow,reservoir
IT,h5637,0.2750414856846955,scr1998,stInflow,reservoir
IT,h5638,0.2750414856846955,scr1998,stInflow,reservoir
IT,h5639,0.2750414856846955,scr1998,stInflow,reservoir
IT,h5640,0.2750414856846955,scr1998,stInflow,reservoir
IT,h5641,0.2759995635127338,scr1998,stInflow,reservoir
IT,h5642,0.27695764167336706,scr1998,stInflow,reservoir
IT,h5643,0.27791572016544497,scr1998,stInflow,reservoir
IT,h5644,0.27791572016544497,scr1998,stInflow,reservoir
IT,h5645,0.27791572016544497,scr1998,stInflow,reservoir
IT,h5646,0.27791572016544497,scr1998,stInflow,reservoir
IT,h5647,0.27791572016544497,scr1998,stInflow,reservoir
IT,h5648,0.27791572016544497,scr1998,stInflow,reservoir
IT,h5649,0.27791572016544497,scr1998,stInflow,reservoir
IT,h5650,0.27791572016544497,scr1998,stInflow,reservoir
IT,h5651,0.27791572016544497,scr1998,stInflow,reservoir
IT,h5652,0.27791572016544497,scr1998,stInflow,reservoir
IT,h5653,0.27791572016544497,scr1998,stInflow,reservoir
IT,h5654,0.27791572016544497,scr1998,stInflow,reservoir
IT,h5655,0.27791572016544497,scr1998,stInflow,reservoir
IT,h5656,0.27791572016544497,scr1998,stInflow,reservoir
IT,h5657,0.27791572016544497,scr1998,stInflow,reservoir
IT,h5658,0.27791572016544497,scr1998,stInflow,reservoir
IT,h5659,0.27791572016544497,scr1998,stInflow,reservoir
IT,h5660,0.27791572016544497,scr1998,stInflow,reservoir
IT,h5661,0.27791572016544497,scr1998,stInflow,reservoir
IT,h5662,0.27791572016544497,scr1998,stInflow,reservoir
IT,h5663,0.27791572016544497,scr1998,stInflow,reservoir
IT,h5664,0.27791572016544497,scr1998,stInflow,reservoir
IT,h5665,0.27791572016544497,scr1998,stInflow,reservoir
IT,h5666,0.27791572016544497,scr1998,stInflow,reservoir
IT,h5667,0.27791572016544497,scr1998,stInflow,reservoir
IT,h5668,0.27791572016544497,scr1998,stInflow,reservoir
IT,h5669,0.27791572016544497,scr1998,stInflow,reservoir
IT,h5670,0.27791572016544497,scr1998,stInflow,reservoir
IT,h5671,0.27791572016544497,scr1998,stInflow,reservoir
IT,h5672,0.27791572016544497,scr1998,stInflow,reservoir
IT,h5673,0.27791572016544497,scr1998,stInflow,reservoir
IT,h5674,0.27791572016544497,scr1998,stInflow,reservoir
IT,h5675,0.27791572016544497,scr1998,stInflow,reservoir
IT,h5676,0.27791572016544497,scr1998,stInflow,reservoir
IT,h5677,0.27791572016544497,scr1998,stInflow,reservoir
IT,h5678,0.27791572016544497,scr1998,stInflow,reservoir
IT,h5679,0.27791572016544497,scr1998,stInflow,reservoir
IT,h5680,0.27791572016544497,scr1998,stInflow,reservoir
IT,h5681,0.27791572016544497,scr1998,stInflow,reservoir
IT,h5682,0.27791572016544497,scr1998,stInflow,reservoir
IT,h5683,0.27791572016544497,scr1998,stInflow,reservoir
IT,h5684,0.27791572016544497,scr1998,stInflow,reservoir
IT,h5685,0.27791572016544497,scr1998,stInflow,reservoir
IT,h5686,0.27791572016544497,scr1998,stInflow,reservoir
IT,h5687,0.27791572016544497,scr1998,stInflow,reservoir
IT,h5688,0.27791572016544497,scr1998,stInflow,reservoir
IT,h5689,0.27791572016544497,scr1998,stInflow,reservoir
IT,h5690,0.27791572016544497,scr1998,stInflow,reservoir
IT,h5691,0.27791572016544497,scr1998,stInflow,reservoir
IT,h5692,0.27791572016544497,scr1998,stInflow,reservoir
IT,h5693,0.27791572016544497,scr1998,stInflow,reservoir
IT,h5694,0.27791572016544497,scr1998,stInflow,reservoir
IT,h5695,0.27791572016544497,scr1998,stInflow,reservoir
IT,h5696,0.27791572016544497,scr1998,stInflow,reservoir
IT,h5697,0.27791572016544497,scr1998,stInflow,reservoir
IT,h5698,0.27791572016544497,scr1998,stInflow,reservoir
IT,h5699,0.27791572016544497,scr1998,stInflow,reservoir
IT,h5700,0.27791572016544497,scr1998,stInflow,reservoir
IT,h5701,0.27791572016544497,scr1998,stInflow,reservoir
IT,h5702,0.27791572016544497,scr1998,stInflow,reservoir
IT,h5703,0.27791572016544497,scr1998,stInflow,reservoir
IT,h5704,0.27791572016544497,scr1998,stInflow,reservoir
IT,h5705,0.27791572016544497,scr1998,stInflow,reservoir
IT,h5706,0.27791572016544497,scr1998,stInflow,reservoir
IT,h5707,0.27791572016544497,scr1998,stInflow,reservoir
IT,h5708,0.27791572016544497,scr1998,stInflow,reservoir
IT,h5709,0.27791572016544497,scr1998,stInflow,reservoir
IT,h5710,0.27791572016544497,scr1998,stInflow,reservoir
IT,h5711,0.27791572016544497,scr1998,stInflow,reservoir
IT,h5712,0.27791572016544497,scr1998,stInflow,reservoir
IT,h5713,0.27791572016544497,scr1998,stInflow,reservoir
IT,h5714,0.27791572016544497,scr1998,stInflow,reservoir
IT,h5715,0.27791572016544497,scr1998,stInflow,reservoir
IT,h5716,0.27791572016544497,scr1998,stInflow,reservoir
IT,h5717,0.27791572016544497,scr1998,stInflow,reservoir
IT,h5718,0.27791572016544497,scr1998,stInflow,reservoir
IT,h5719,0.27791572016544497,scr1998,stInflow,reservoir
IT,h5720,0.27791572016544497,scr1998,stInflow,reservoir
IT,h5721,0.27791572016544497,scr1998,stInflow,reservoir
IT,h5722,0.27791572016544497,scr1998,stInflow,reservoir
IT,h5723,0.27791572016544497,scr1998,stInflow,reservoir
IT,h5724,0.27791572016544497,scr1998,stInflow,reservoir
IT,h5725,0.27791572016544497,scr1998,stInflow,reservoir
IT,h5726,0.27791572016544497,scr1998,stInflow,reservoir
IT,h5727,0.27791572016544497,scr1998,stInflow,reservoir
IT,h5728,0.27791572016544497,scr1998,stInflow,reservoir
IT,h5729,0.27791572016544497,scr1998,stInflow,reservoir
IT,h5730,0.27791572016544497,scr1998,stInflow,reservoir
IT,h5731,0.27791572016544497,scr1998,stInflow,reservoir
IT,h5732,0.27791572016544497,scr1998,stInflow,reservoir
IT,h5733,0.27791572016544497,scr1998,stInflow,reservoir
IT,h5734,0.27791572016544497,scr1998,stInflow,reservoir
IT,h5735,0.27791572016544497,scr1998,stInflow,reservoir
IT,h5736,0.27791572016544497,scr1998,stInflow,reservoir
IT,h5737,0.27791572016544497,scr1998,stInflow,reservoir
IT,h5738,0.27791572016544497,scr1998,stInflow,reservoir
IT,h5739,0.27791572016544497,scr1998,stInflow,reservoir
IT,h5740,0.27791572016544497,scr1998,stInflow,reservoir
IT,h5741,0.27791572016544497,scr1998,stInflow,reservoir
IT,h5742,0.27791572016544497,scr1998,stInflow,reservoir
IT,h5743,0.27791572016544497,scr1998,stInflow,reservoir
IT,h5744,0.27791572016544497,scr1998,stInflow,reservoir
IT,h5745,0.27791572016544497,scr1998,stInflow,reservoir
IT,h5746,0.27791572016544497,scr1998,stInflow,reservoir
IT,h5747,0.27791572016544497,scr1998,stInflow,reservoir
IT,h5748,0.27791572016544497,scr1998,stInflow,reservoir
IT,h5749,0.27791572016544497,scr1998,stInflow,reservoir
IT,h5750,0.27791572016544497,scr1998,stInflow,reservoir
IT,h5751,0.27791572016544497,scr1998,stInflow,reservoir
IT,h5752,0.27791572016544497,scr1998,stInflow,reservoir
IT,h5753,0.27791572016544497,scr1998,stInflow,reservoir
IT,h5754,0.27791572016544497,scr1998,stInflow,reservoir
IT,h5755,0.27791572016544497,scr1998,stInflow,reservoir
IT,h5756,0.27791572016544497,scr1998,stInflow,reservoir
IT,h5757,0.27791572016544497,scr1998,stInflow,reservoir
IT,h5758,0.27791572016544497,scr1998,stInflow,reservoir
IT,h5759,0.27791572016544497,scr1998,stInflow,reservoir
IT,h5760,0.27791572016544497,scr1998,stInflow,reservoir
IT,h5761,0.27791572016544497,scr1998,stInflow,reservoir
IT,h5762,0.27791572016544497,scr1998,stInflow,reservoir
IT,h5763,0.27791572016544497,scr1998,stInflow,reservoir
IT,h5764,0.27791572016544497,scr1998,stInflow,reservoir
IT,h5765,0.27791572016544497,scr1998,stInflow,reservoir
IT,h5766,0.27791572016544497,scr1998,stInflow,reservoir
IT,h5767,0.27791572016544497,scr1998,stInflow,reservoir
IT,h5768,0.27791572016544497,scr1998,stInflow,reservoir
IT,h5769,0.27791572016544497,scr1998,stInflow,reservoir
IT,h5770,0.27791572016544497,scr1998,stInflow,reservoir
IT,h5771,0.27791572016544497,scr1998,stInflow,reservoir
IT,h5772,0.27791572016544497,scr1998,stInflow,reservoir
IT,h5773,0.27791572016544497,scr1998,stInflow,reservoir
IT,h5774,0.27791572016544497,scr1998,stInflow,reservoir
IT,h5775,0.27791572016544497,scr1998,stInflow,reservoir
IT,h5776,0.27791572016544497,scr1998,stInflow,reservoir
IT,h5777,0.27791572016544497,scr1998,stInflow,reservoir
IT,h5778,0.27791572016544497,scr1998,stInflow,reservoir
IT,h5779,0.27791572016544497,scr1998,stInflow,reservoir
IT,h5780,0.27791572016544497,scr1998,stInflow,reservoir
IT,h5781,0.27791572016544497,scr1998,stInflow,reservoir
IT,h5782,0.27791572016544497,scr1998,stInflow,reservoir
IT,h5783,0.27791572016544497,scr1998,stInflow,reservoir
IT,h5784,0.27791572016544497,scr1998,stInflow,reservoir
IT,h5785,0.27791572016544497,scr1998,stInflow,reservoir
IT,h5786,0.27791572016544497,scr1998,stInflow,reservoir
IT,h5787,0.27791572016544497,scr1998,stInflow,reservoir
IT,h5788,0.27791572016544497,scr1998,stInflow,reservoir
IT,h5789,0.27791572016544497,scr1998,stInflow,reservoir
IT,h5790,0.27791572016544497,scr1998,stInflow,reservoir
IT,h5791,0.27791572016544497,scr1998,stInflow,reservoir
IT,h5792,0.27791572016544497,scr1998,stInflow,reservoir
IT,h5793,0.27791572016544497,scr1998,stInflow,reservoir
IT,h5794,0.27791572016544497,scr1998,stInflow,reservoir
IT,h5795,0.27791572016544497,scr1998,stInflow,reservoir
IT,h5796,0.27791572016544497,scr1998,stInflow,reservoir
IT,h5797,0.27791572016544497,scr1998,stInflow,reservoir
IT,h5798,0.27791572016544497,scr1998,stInflow,reservoir
IT,h5799,0.27791572016544497,scr1998,stInflow,reservoir
IT,h5800,0.27791572016544497,scr1998,stInflow,reservoir
IT,h5801,0.27791572016544497,scr1998,stInflow,reservoir
IT,h5802,0.27791572016544497,scr1998,stInflow,reservoir
IT,h5803,0.27791572016544497,scr1998,stInflow,reservoir
IT,h5804,0.27791572016544497,scr1998,stInflow,reservoir
IT,h5805,0.27791572016544497,scr1998,stInflow,reservoir
IT,h5806,0.27791572016544497,scr1998,stInflow,reservoir
IT,h5807,0.27791572016544497,scr1998,stInflow,reservoir
IT,h5808,0.27791572016544497,scr1998,stInflow,reservoir
NO,h5065,6.889784190602268,scr1998,stInflow,reservoir
NO,h5066,6.889784190602268,scr1998,stInflow,reservoir
NO,h5067,6.889784190602268,scr1998,stInflow,reservoir
NO,h5068,6.889784190602268,scr1998,stInflow,reservoir
NO,h5069,6.889784190602268,scr1998,stInflow,reservoir
NO,h5070,6.889784190602268,scr1998,stInflow,reservoir
NO,h5071,6.889784190602268,scr1998,stInflow,reservoir
NO,h5072,6.889784190602268,scr1998,stInflow,reservoir
NO,h5073,6.889784190602268,scr1998,stInflow,reservoir
NO,h5074,6.889784190602268,scr1998,stInflow,reservoir
NO,h5075,6.889784190602268,scr1998,stInflow,reservoir
NO,h5076,6.889784190602268,scr1998,stInflow,reservoir
NO,h5077,6.889784190602268,scr1998,stInflow,reservoir
NO,h5078,6.889784190602268,scr1998,stInflow,reservoir
NO,h5079,6.889784190602268,scr1998,stInflow,reservoir
NO,h5080,6.889784190602268,scr1998,stInflow,reservoir
NO,h5081,6.889784190602268,scr1998,stInflow,reservoir
NO,h5082,6.889784190602268,scr1998,stInflow,reservoir
NO,h5083,6.889784190602268,scr1998,stInflow,reservoir
NO,h5084,6.889784190602268,scr1998,stInflow,reservoir
NO,h5085,6.889784190602268,scr1998,stInflow,reservoir
NO,h5086,6.889784190602268,scr1998,stInflow,reservoir
NO,h5087,6.889784190602268,scr1998,stInflow,reservoir
NO,h5088,6.889784190602268,scr1998,stInflow,reservoir
NO,h5089,6.889784190602268,scr1998,stInflow,reservoir
NO,h5090,6.889784190602268,scr1998,stInflow,reservoir
NO,h5091,6.889784190602268,scr1998,stInflow,reservoir
NO,h5092,6.889784190602268,scr1998,stInflow,reservoir
NO,h5093,6.889784190602268,scr1998,stInflow,reservoir
NO,h5094,6.889784190602268,scr1998,stInflow,reservoir
NO,h5095,6.889784190602268,scr1998,stInflow,reservoir
NO,h5096,6.889784190602268,scr1998,stInflow,reservoir
NO,h5097,6.889784190602268,scr1998,stInflow,reservoir
NO,h5098,6.889784190602268,scr1998,stInflow,reservoir
NO,h5099,6.889784190602268,scr1998,stInflow,reservoir
NO,h5100,6.889784190602268,scr1998,stInflow,reservoir
NO,h5101,6.889784190602268,scr1998,stInflow,reservoir
NO,h5102,6.889784190602268,scr1998,stInflow,reservoir
NO,h5103,6.889784190602268,scr1998,stInflow,reservoir
NO,h5104,6.889784190602268,scr1998,stInflow,reservoir
NO,h5105,6.889784190602268,scr1998,stInflow,reservoir
NO,h5106,6.889784190602268,scr1998,stInflow,reservoir
NO,h5107,6.889784190602268,scr1998,stInflow,reservoir
NO,h5108,6.889784190602268,scr1998,stInflow,reservoir
NO,h5109,6.889784190602268,scr1998,stInflow,reservoir
NO,h5110,6.889784190602268,scr1998,stInflow,reservoir
NO,h5111,6.889784190602268,scr1998,stInflow,reservoir
NO,h5112,6.889784190602268,scr1998,stInflow,reservoir
NO,h5113,6.889784190602268,scr1998,stInflow,reservoir
NO,h5114,6.889784190602268,scr1998,stInflow,reservoir
NO,h5115,6.889784190602268,scr1998,stInflow,reservoir
NO,h5116,6.889784190602268,scr1998,stInflow,reservoir
NO,h5117,6.889784190602268,scr1998,stInflow,reservoir
NO,h5118,6.889784190602268,scr1998,stInflow,reservoir
NO,h5119,6.889784190602268,scr1998,stInflow,reservoir
NO,h5120,6.889784190602268,scr1998,stInflow,reservoir
NO,h5121,6.889784190602268,scr1998,stInflow,reservoir
NO,h5122,6.889784190602268,scr1998,stInflow,reservoir
NO,h5123,6.889784190602268,scr1998,stInflow,reservoir
NO,h5124,6.889784190602268,scr1998,stInflow,reservoir
NO,h5125,6.889784190602268,scr1998,stInflow,reservoir
NO,h5126,6.889784190602268,scr1998,stInflow,reservoir
NO,h5127,6.889784190602268,scr1998,stInflow,reservoir
NO,h5128,6.889784190602268,scr1998,stInflow,reservoir
NO,h5129,6.889784190602268,scr1998,stInflow,reservoir
NO,h5130,6.889784190602268,scr1998,stInflow,reservoir
NO,h5131,6.889784190602268,scr1998,stInflow,reservoir
NO,h5132,6.889784190602268,scr1998,stInflow,reservoir
NO,h5133,6.889784190602268,scr1998,stInflow,reservoir
NO,h5134,6.889784190602268,scr1998,stInflow,reservoir
NO,h5135,6.889784190602268,scr1998,stInflow,reservoir
NO,h5136,6.889784190602268,scr1998,stInflow,reservoir
NO,h5137,7.592786244606852,scr1998,stInflow,reservoir
NO,h5138,8.295794817336475,scr1998,stInflow,reservoir
NO,h5139,8.998809355012785,scr1998,stInflow,reservoir
NO,h5140,8.998809355012785,scr1998,stInflow,reservoir
NO,h5141,8.998809355012785,scr1998,stInflow,reservoir
NO,h5142,8.998809355012785,scr1998,stInflow,reservoir
NO,h5143,8.998809355012785,scr1998,stInflow,reservoir
NO,h5144,8.998809355012785,scr1998,stInflow,reservoir
NO,h5145,8.998809355012785,scr1998,stInflow,reservoir
NO,h5146,8.998809355012785,scr1998,stInflow,reservoir
NO,h5147,8.998809355012785,scr1998,stInflow,reservoir
NO,h5148,8.998809355012785,scr1998,stInflow,reservoir
NO,h5149,8.998809355012785,scr1998,stInflow,reservoir
NO,h5150,8.998809355012785,scr1998,stInflow,reservoir
NO,h5151,8.998809355012785,scr1998,stInflow,reservoir
NO,h5152,8.998809355012785,scr1998,stInflow,reservoir
NO,h5153,8.998809355012785,scr1998,stInflow,reservoir
NO,h5154,8.998809355012785,scr1998,stInflow,reservoir
NO,h5155,8.998809355012785,scr1998,stInflow,reservoir
NO,h5156,8.998809355012785,scr1998,stInflow,reservoir
NO,h5157,8.998809355012785,scr1998,stInflow,reservoir
NO,h5158,8.998809355012785,scr1998,stInflow,reservoir
NO,h5159,8.998809355012785,scr1998,stInflow,reservoir
NO,h5160,8.998809355012785,scr1998,stInflow,reservoir
NO,h5161,8.998809355012785,scr1998,stInflow,reservoir
NO,h5162,8.998809355012785,scr1998,stInflow,reservoir
NO,h5163,8.998809355012785,scr1998,stInflow,reservoir
NO,h5164,8.998809355012785,scr1998,stInflow,reservoir
NO,h5165,8.998809355012785,scr1998,stInflow,reservoir
NO,h5166,8.998809355012785,scr1998,stInflow,reservoir
NO,h5167,8.998809355012785,scr1998,stInflow,reservoir
NO,h5168,8.998809355012785,scr1998,stInflow,reservoir
NO,h5169,8.998809355012785,scr1998,stInflow,reservoir
NO,h5170,8.998809355012785,scr1998,stInflow,reservoir
NO,h5171,8.998809355012785,scr1998,stInflow,reservoir
NO,h5172,8.998809355012785,scr1998,stInflow,reservoir
NO,h5173,8.998809355012785,scr1998,stInflow,reservoir
NO,h5174,8.998809355012785,scr1998,stInflow,reservoir
NO,h5175,8.998809355012785,scr1998,stInflow,reservoir
NO,h5176,8.998809355012785,scr1998,stInflow,reservoir
NO,h5177,8.998809355012785,scr1998,stInflow,reservoir
NO,h5178,8.998809355012785,scr1998,stInflow,reservoir
NO,h5179,8.998809355012785,scr1998,stInflow,reservoir
NO,h5180,8.998809355012785,scr1998,stInflow,reservoir
NO,h5181,8.998809355012785,scr1998,stInflow,reservoir
NO,h5182,8.998809355012785,scr1998,stInflow,reservoir
NO,h5183,8.998809355012785,scr1998,stInflow,reservoir
NO,h5184,8.998809355012785,scr1998,stInflow,reservoir
NO,h5185,8.998809355012785,scr1998,stInflow,reservoir
NO,h5186,8.998809355012785,scr1998,stInflow,reservoir
NO,h5187,8.998809355012785,scr1998,stInflow,reservoir
NO,h5188,8.998809355012785,scr1998,stInflow,reservoir
NO,h5189,8.998809355012785,scr1998,stInflow,reservoir
NO,h5190,8.998809355012785,scr1998,stInflow,reservoir
NO,h5191,8.998809355012785,scr1998,stInflow,reservoir
NO,h5192,8.998809355012785,scr1998,stInflow,reservoir
NO,h5193,8.998809355012785,scr1998,stInflow,reservoir
NO,h5194,8.998809355012785,scr1998,stInflow,reservoir
NO,h5195,8.998809355012785,scr1998,stInflow,reservoir
NO,h5196,8.998809355012785,scr1998,stInflow,reservoir
NO,h5197,8.998809355012785,scr1998,stInflow,reservoir
NO,h5198,8.998809355012785,scr1998,stInflow,reservoir
NO,h5199,8.998809355012785,scr1998,stInflow,reservoir
NO,h5200,8.998809355012785,scr1998,stInflow,reservoir
NO,h5201,8.998809355012785,scr1998,stInflow,reservoir
NO,h5202,8.998809355012785,scr1998,stInflow,reservoir
NO,h5203,8.998809355012785,scr1998,stInflow,reservoir
NO,h5204,8.998809355012785,scr1998,stInflow,reservoir
NO,h5205,8.998809355012785,scr1998,stInflow,reservoir
NO,h5206,8.998809355012785,scr1998,stInflow,reservoir
NO,h5207,8.998809355012785,scr1998,stInflow,reservoir
NO,h5208,8.998809355012785,scr1998,stInflow,reservoir
NO,h5209,8.998809355012785,scr1998,stInflow,reservoir
NO,h5210,8.998809355012785,scr1998,stInflow,reservoir
NO,h5211,8.998809355012785,scr1998,stInflow,reservoir
NO,h5212,8.998809355012785,scr1998,stInflow,reservoir
NO,h5213,8.998809355012785,scr1998,stInflow,reservoir
NO,h5214,8.998809355012785,scr1998,stInflow,reservoir
NO,h5215,8.998809355012785,scr1998,stInflow,reservoir
NO,h5216,8.998809355012785,scr1998,stInflow,reservoir
NO,h5217,8.998809355012785,scr1998,stInflow,reservoir
NO,h5218,8.998809355012785,scr1998,stInflow,reservoir
NO,h5219,8.998809355012785,scr1998,stInflow,reservoir
NO,h5220,8.998809355012785,scr1998,stInflow,reservoir
NO,h5221,8.998809355012785,scr1998,stInflow,reservoir
NO,h5222,8.998809355012785,scr1998,stInflow,reservoir
NO,h5223,8.998809355012785,scr1998,stInflow,reservoir
NO,h5224,8.998809355012785,scr1998,stInflow,reservoir
NO,h5225,8.998809355012785,scr1998,stInflow,reservoir
NO,h5226,8.998809355012785,scr1998,stInflow,reservoir
NO,h5227,8.998809355012785,scr1998,stInflow,reservoir
NO,h5228,8.998809355012785,scr1998,stInflow,reservoir
NO,h5229,8.998809355012785,scr1998,stInflow,reservoir
NO,h5230,8.998809355012785,scr1998,stInflow,reservoir
NO,h5231,8.998809355012785,scr1998,stInflow,reservoir
NO,h5232,8.998809355012785,scr1998,stInflow,reservoir
NO,h5233,8.998809355012785,scr1998,stInflow,reservoir
NO,h5234,8.998809355012785,scr1998,stInflow,reservoir
NO,h5235,8.998809355012785,scr1998,stInflow,reservoir
NO,h5236,8.998809355012785,scr1998,stInflow,reservoir
NO,h5237,8.998809355012785,scr1998,stInflow,reservoir
NO,h5238,8.998809355012785,scr1998,stInflow,reservoir
NO,h5239,8.998809355012785,scr1998,stInflow,reservoir
NO,h5240,8.998809355012785,scr1998,stInflow,reservoir
NO,h5241,8.998809355012785,scr1998,stInflow,reservoir
NO,h5242,8.998809355012785,scr1998,stInflow,reservoir
NO,h5243,8.998809355012785,scr1998,stInflow,reservoir
NO,h5244,8.998809355012785,scr1998,stInflow,reservoir
NO,h5245,8.998809355012785,scr1998,stInflow,reservoir
NO,h5246,8.998809355012785,scr1998,stInflow,reservoir
NO,h5247,8.998809355012785,scr1998,stInflow,reservoir
NO,h5248,8.998809355012785,scr1998,stInflow,reservoir
NO,h5249,8.998809355012785,scr1998,stInflow,reservoir
NO,h5250,8.998809355012785,scr1998,stInflow,reservoir
NO,h5251,8.998809355012785,scr1998,stInflow,reservoir
NO,h5252,8.998809355012785,scr1998,stInflow,reservoir
NO,h5253,8.998809355012785,scr1998,stInflow,reservoir
NO,h5254,8.998809355012785,scr1998,stInflow,reservoir
NO,h5255,8.998809355012785,scr1998,stInflow,reservoir
NO,h5256,8.998809355012785,scr1998,stInflow,reservoir
NO,h5257,8.998809355012785,scr1998,stInflow,reservoir
NO,h5258,8.998809355012785,scr1998,stInflow,reservoir
NO,h5259,8.998809355012785,scr1998,stInflow,reservoir
NO,h5260,8.998809355012785,scr1998,stInflow,reservoir
NO,h5261,8.998809355012785,scr1998,stInflow,reservoir
NO,h5262,8.998809355012785,scr1998,stInflow,reservoir
NO,h5263,8.998809355012785,scr1998,stInflow,reservoir
NO,h5264,8.998809355012785,scr1998,stInflow,reservoir
NO,h5265,8.998809355012785,scr1998,stInflow,reservoir
NO,h5266,8.998809355012785,scr1998,stInflow,reservoir
NO,h5267,8.998809355012785,scr1998,stInflow,reservoir
NO,h5268,8.998809355012785,scr1998,stInflow,reservoir
NO,h5269,8.998809355012785,scr1998,stInflow,reservoir
NO,h5270,8.998809355012785,scr1998,stInflow,reservoir
NO,h5271,8.998809355012785,scr1998,stInflow,reservoir
NO,h5272,8.998809355012785,scr1998,stInflow,reservoir
NO,h5273,8.998809355012785,scr1998,stInflow,reservoir
NO,h5274,8.998809355012785,scr1998,stInflow,reservoir
NO,h5275,8.998809355012785,scr1998,stInflow,reservoir
NO,h5276,8.998809355012785,scr1998,stInflow,reservoir
NO,h5277,8.998809355012785,scr1998,stInflow,reservoir
NO,h5278,8.998809355012785,scr1998,stInflow,reservoir
NO,h5279,8.998809355012785,scr1998,stInflow,reservoir
NO,h5280,8.998809355012785,scr1998,stInflow,reservoir
NO,h5281,8.998809355012785,scr1998,stInflow,reservoir
NO,h5282,8.998809355012785,scr1998,stInflow,reservoir
NO,h5283,8.998809355012785,scr1998,stInflow,reservoir
NO,h5284,8.998809355012785,scr1998,stInflow,reservoir
NO,h5285,8.998809355012785,scr1998,stInflow,reservoir
NO,h5286,8.998809355012785,scr1998,stInflow,reservoir
NO,h5287,8.998809355012785,scr1998,stInflow,reservoir
NO,h5288,8.998809355012785,scr1998,stInflow,reservoir
NO,h5289,8.998809355012785,scr1998,stInflow,reservoir
NO,h5290,8.998809355012785,scr1998,stInflow,reservoir
NO,h5291,8.998809355012785,scr1998,stInflow,reservoir
NO,h5292,8.998809355012785,scr1998,stInflow,reservoir
NO,h5293,8.998809355012785,scr1998,stInflow,reservoir
NO,h5294,8.998809355012785,scr1998,stInflow,reservoir
NO,h5295,8.998809355012785,scr1998,stInflow,reservoir
NO,h5296,8.998809355012785,scr1998,stInflow,reservoir
NO,h5297,8.998809355012785,scr1998,stInflow,reservoir
NO,h5298,8.998809355012785,scr1998,stInflow,reservoir
NO,h5299,8.998809355012785,scr1998,stInflow,reservoir
NO,h5300,8.998809355012785,scr1998,stInflow,reservoir
NO,h5301,8.998809355012785,scr1998,stInflow,reservoir
NO,h5302,8.998809355012785,scr1998,stInflow,reservoir
NO,h5303,8.998809355012785,scr1998,stInflow,reservoir
NO,h5304,8.998809355012785,scr1998,stInflow,reservoir
NO,h5305,9.671804100226492,scr1998,stInflow,reservoir
NO,h5306,10.344803532275286,scr1998,stInflow,reservoir
NO,h5307,11.017807345826537,scr1998,stInflow,reservoir
NO,h5308,11.017807345826537,scr1998,stInflow,reservoir
NO,h5309,11.017807345826537,scr1998,stInflow,reservoir
NO,h5310,11.017807345826537,scr1998,stInflow,reservoir
NO,h5311,11.017807345826537,scr1998,stInflow,reservoir
NO,h5312,11.017807345826537,scr1998,stInflow,reservoir
NO,h5313,11.017807345826537,scr1998,stInflow,reservoir
NO,h5314,11.017807345826537,scr1998,stInflow,reservoir
NO,h5315,11.017807345826537,scr1998,stInflow,reservoir
NO,h5316,11.017807345826537,scr1998,stInflow,reservoir
NO,h5317,11.017807345826537,scr1998,stInflow,reservoir
NO,h5318,11.017807345826537,scr1998,stInflow,reservoir
NO,h5319,11.017807345826537,scr1998,stInflow,reservoir
NO,h5320,11.017807345826537,scr1998,stInflow,reservoir
NO,h5321,11.017807345826537,scr1998,stInflow,reservoir
NO,h5322,11.017807345826537,scr1998,stInflow,reservoir
NO,h5323,11.017807345826537,scr1998,stInflow,reservoir
NO,h5324,11.017807345826537,scr1998,stInflow,reservoir
NO,h5325,11.017807345826537,scr1998,stInflow,reservoir
NO,h5326,11.017807345826537,scr1998,stInflow,reservoir
NO,h5327,11.017807345826537,scr1998,stInflow,reservoir
NO,h5328,11.017807345826537,scr1998,stInflow,reservoir
NO,h5329,11.017807345826537,scr1998,stInflow,reservoir
NO,h5330,11.017807345826537,scr1998,stInflow,reservoir
NO,h5331,11.017807345826537,scr1998,stInflow,reservoir
NO,h5332,11.017807345826537,scr1998,stInflow,reservoir
NO,h5333,11.017807345826537,scr1998,stInflow,reservoir
NO,h5334,11.017807345826537,scr1998,stInflow,reservoir
NO,h5335,11.017807345826537,scr1998,stInflow,reservoir
NO,h5336,11.017807345826537,scr1998,stInflow,reservoir
NO,h5337,11.017807345826537,scr1998,stInflow,reservoir
NO,h5338,11.017807345826537,scr1998,stInflow,reservoir
NO,h5339,11.017807345826537,scr1998,stInflow,reservoir
NO,h5340,11.017807345826537,scr1998,stInflow,reservoir
NO,h5341,11.017807345826537,scr1998,stInflow,reservoir
NO,h5342,11.017807345826537,scr1998,stInflow,reservoir
NO,h5343,11.017807345826537,scr1998,stInflow,reservoir
NO,h5344,11.017807345826537,scr1998,stInflow,reservoir
NO,h5345,11.017807345826537,scr1998,stInflow,reservoir
NO,h5346,11.017807345826537,scr1998,stInflow,reservoir
NO,h5347,11.017807345826537,scr1998,stInflow,reservoir
NO,h5348,11.017807345826537,scr1998,stInflow,reservoir
NO,h5349,11.017807345826537,scr1998,stInflow,reservoir
NO,h5350,11.017807345826537,scr1998,stInflow,reservoir
NO,h5351,11.017807345826537,scr1998,stInflow,reservoir
NO,h5352,11.017807345826537,scr1998,stInflow,reservoir
NO,h5353,11.017807345826537,scr1998,stInflow,reservoir
NO,h5354,11.017807345826537,scr1998,stInflow,reservoir
NO,h5355,11.017807345826537,scr1998,stInflow,reservoir
NO,h5356,11.017807345826537,scr1998,stInflow,reservoir
NO,h5357,11.017807345826537,scr1998,stInflow,reservoir
NO,h5358,11.017807345826537,scr1998,stInflow,reservoir
NO,h5359,11.017807345826537,scr1998,stInflow,reservoir
NO,h5360,11.017807345826537,scr1998,stInflow,reservoir
NO,h5361,11.017807345826537,scr1998,stInflow,reservoir
NO,h5362,11.017807345826537,scr1998,stInflow,reservoir
NO,h5363,11.017807345826537,scr1998,stInflow,reservoir
NO,h5364,11.017807345826537,scr1998,stInflow,reservoir
NO,h5365,11.017807345826537,scr1998,stInflow,reservoir
NO,h5366,11.017807345826537,scr1998,stInflow,reservoir
NO,h5367,11.017807345826537,scr1998,stInflow,reservoir
NO,h5368,11.017807345826537,scr1998,stInflow,reservoir
NO,h5369,11.017807345826537,scr1998,stInflow,reservoir
NO,h5370,11.017807345826537,scr1998,stInflow,reservoir
NO,h5371,11.017807345826537,scr1998,stInflow,reservoir
NO,h5372,11.017807345826537,scr1998,stInflow,reservoir
NO,h5373,11.017807345826537,scr1998,stInflow,reservoir
NO,h5374,11.017807345826537,scr1998,stInflow,reservoir
NO,h5375,11.017807345826537,scr1998,stInflow,reservoir
NO,h5376,11.017807345826537,scr1998,stInflow,reservoir
NO,h5377,11.017807345826537,scr1998,stInflow,reservoir
NO,h5378,11.017807345826537,scr1998,stInflow,reservoir
NO,h5379,11.017807345826537,scr1998,stInflow,reservoir
NO,h5380,11.017807345826537,scr1998,stInflow,reservoir
NO,h5381,11.017807345826537,scr1998,stInflow,reservoir
NO,h5382,11.017807345826537,scr1998,stInflow,reservoir
NO,h5383,11.017807345826537,scr1998,stInflow,reservoir
NO,h5384,11.017807345826537,scr1998,stInflow,reservoir
NO,h5385,11.017807345826537,scr1998,stInflow,reservoir
NO,h5386,11.017807345826537,scr1998,stInflow,reservoir
NO,h5387,11.017807345826537,scr1998,stInflow,reservoir
NO,h5388,11.017807345826537,scr1998,stInflow,reservoir
NO,h5389,11.017807345826537,scr1998,stInflow,reservoir
NO,h5390,11.017807345826537,scr1998,stInflow,reservoir
NO,h5391,11.017807345826537,scr1998,stInflow,reservoir
NO,h5392,11.017807345826537,scr1998,stInflow,reservoir
NO,h5393,11.017807345826537,scr1998,stInflow,reservoir
NO,h5394,11.017807345826537,scr1998,stInflow,reservoir
NO,h5395,11.017807345826537,scr1998,stInflow,reservoir
NO,h5396,11.017807345826537,scr1998,stInflow,reservoir
NO,h5397,11.017807345826537,scr1998,stInflow,reservoir
NO,h5398,11.017807345826537,scr1998,stInflow,reservoir
NO,h5399,11.017807345826537,scr1998,stInflow,reservoir
NO,h5400,11.017807345826537,scr1998,stInflow,reservoir
NO,h5401,11.017807345826537,scr1998,stInflow,reservoir
NO,h5402,11.017807345826537,scr1998,stInflow,reservoir
NO,h5403,11.017807345826537,scr1998,stInflow,reservoir
NO,h5404,11.017807345826537,scr1998,stInflow,reservoir
NO,h5405,11.017807345826537,scr1998,stInflow,reservoir
NO,h5406,11.017807345826537,scr1998,stInflow,reservoir
NO,h5407,11.017807345826537,scr1998,stInflow,reservoir
NO,h5408,11.017807345826537,scr1998,stInflow,reservoir
NO,h5409,11.017807345826537,scr1998,stInflow,reservoir
NO,h5410,11.017807345826537,scr1998,stInflow,reservoir
NO,h5411,11.017807345826537,scr1998,stInflow,reservoir
NO,h5412,11.017807345826537,scr1998,stInflow,reservoir
NO,h5413,11.017807345826537,scr1998,stInflow,reservoir
NO,h5414,11.017807345826537,scr1998,stInflow,reservoir
NO,h5415,11.017807345826537,scr1998,stInflow,reservoir
NO,h5416,11.017807345826537,scr1998,stInflow,reservoir
NO,h5417,11.017807345826537,scr1998,stInflow,reservoir
NO,h5418,11.017807345826537,scr1998,stInflow,reservoir
NO,h5419,11.017807345826537,scr1998,stInflow,reservoir
NO,h5420,11.017807345826537,scr1998,stInflow,reservoir
NO,h5421,11.017807345826537,scr1998,stInflow,reservoir
NO,h5422,11.017807345826537,scr1998,stInflow,reservoir
NO,h5423,11.017807345826537,scr1998,stInflow,reservoir
NO,h5424,11.017807345826537,scr1998,stInflow,reservoir
NO,h5425,11.017807345826537,scr1998,stInflow,reservoir
NO,h5426,11.017807345826537,scr1998,stInflow,reservoir
NO,h5427,11.017807345826537,scr1998,stInflow,reservoir
NO,h5428,11.017807345826537,scr1998,stInflow,reservoir
NO,h5429,11.017807345826537,scr1998,stInflow,reservoir
NO,h5430,11.017807345826537,scr1998,stInflow,reservoir
NO,h5431,11.017807345826537,scr1998,stInflow,reservoir
NO,h5432,11.017807345826537,scr1998,stInflow,reservoir
NO,h5433,11.017807345826537,scr1998,stInflow,reservoir
NO,h5434,11.017807345826537,scr1998,stInflow,reservoir
NO,h5435,11.017807345826537,scr1998,stInflow,reservoir
NO,h5436,11.017807345826537,scr1998,stInflow,reservoir
NO,h5437,11.017807345826537,scr1998,stInflow,reservoir
NO,h5438,11.017807345826537,scr1998,stInflow,reservoir
NO,h5439,11.017807345826537,scr1998,stInflow,reservoir
NO,h5440,11.017807345826537,scr1998,stInflow,reservoir
NO,h5441,11.017807345826537,scr1998,stInflow,reservoir
NO,h5442,11.017807345826537,scr1998,stInflow,reservoir
NO,h5443,11.017807345826537,scr1998,stInflow,reservoir
NO,h5444,11.017807345826537,scr1998,stInflow,reservoir
NO,h5445,11.017807345826537,scr1998,stInflow,reservoir
NO,h5446,11.017807345826537,scr1998,stInflow,reservoir
NO,h5447,11.017807345826537,scr1998,stInflow,reservoir
NO,h5448,11.017807345826537,scr1998,stInflow,reservoir
NO,h5449,11.017807345826537,scr1998,stInflow,reservoir
NO,h5450,11.017807345826537,scr1998,stInflow,reservoir
NO,h5451,11.017807345826537,scr1998,stInflow,reservoir
NO,h5452,11.017807345826537,scr1998,stInflow,reservoir
NO,h5453,11.017807345826537,scr1998,stInflow,reservoir
NO,h5454,11.017807345826537,scr1998,stInflow,reservoir
NO,h5455,11.017807345826537,scr1998,stInflow,reservoir
NO,h5456,11.017807345826537,scr1998,stInflow,reservoir
NO,h5457,11.017807345826537,scr1998,stInflow,reservoir
NO,h5458,11.017807345826537,scr1998,stInflow,reservoir
NO,h5459,11.017807345826537,scr1998,stInflow,reservoir
NO,h5460,11.017807345826537,scr1998,stInflow,reservoir
NO,h5461,11.017807345826537,scr1998,stInflow,reservoir
NO,h5462,11.017807345826537,scr1998,stInflow,reservoir
NO,h5463,11.017807345826537,scr1998,stInflow,reservoir
NO,h5464,11.017807345826537,scr1998,stInflow,reservoir
NO,h5465,11.017807345826537,scr1998,stInflow,reservoir
NO,h5466,11.017807345826537,scr1998,stInflow,reservoir
NO,h5467,11.017807345826537,scr1998,stInflow,reservoir
NO,h5468,11.017807345826537,scr1998,stInflow,reservoir
NO,h5469,11.017807345826537,scr1998,stInflow,reservoir
NO,h5470,11.017807345826537,scr1998,stInflow,reservoir
NO,h5471,11.017807345826537,scr1998,stInflow,reservoir
NO,h5472,11.017807345826537,scr1998,stInflow,reservoir
NO,h5473,11.040577690352073,scr1998,stInflow,reservoir
NO,h5474,11.06334803957386,scr1998,stInflow,reservoir
NO,h5475,11.086118393482224,scr1998,stInflow,reservoir
NO,h5476,11.086118393482224,scr1998,stInflow,reservoir
NO,h5477,11.086118393482224,scr1998,stInflow,reservoir
NO,h5478,11.086118393482224,scr1998,stInflow,reservoir
NO,h5479,11.086118393482224,scr1998,stInflow,reservoir
NO,h5480,11.086118393482224,scr1998,stInflow,reservoir
NO,h5481,11.086118393482224,scr1998,stInflow,reservoir
NO,h5482,11.086118393482224,scr1998,stInflow,reservoir
NO,h5483,11.086118393482224,scr1998,stInflow,reservoir
NO,h5484,11.086118393482224,scr1998,stInflow,reservoir
NO,h5485,11.086118393482224,scr1998,stInflow,reservoir
NO,h5486,11.086118393482224,scr1998,stInflow,reservoir
NO,h5487,11.086118393482224,scr1998,stInflow,reservoir
NO,h5488,11.086118393482224,scr1998,stInflow,reservoir
NO,h5489,11.086118393482224,scr1998,stInflow,reservoir
NO,h5490,11.086118393482224,scr1998,stInflow,reservoir
NO,h5491,11.086118393482224,scr1998,stInflow,reservoir
NO,h5492,11.086118393482224,scr1998,stInflow,reservoir
NO,h5493,11.086118393482224,scr1998,stInflow,reservoir
NO,h5494,11.086118393482224,scr1998,stInflow,reservoir
NO,h5495,11.086118393482224,scr1998,stInflow,reservoir
NO,h5496,11.086118393482224,scr1998,stInflow,reservoir
NO,h5497,11.086118393482224,scr1998,stInflow,reservoir
NO,h5498,11.086118393482224,scr1998,stInflow,reservoir
NO,h5499,11.086118393482224,scr1998,stInflow,reservoir
NO,h5500,11.086118393482224,scr1998,stInflow,reservoir
NO,h5501,11.086118393482224,scr1998,stInflow,reservoir
NO,h5502,11.086118393482224,scr1998,stInflow,reservoir
NO,h5503,11.086118393482224,scr1998,stInflow,reservoir
NO,h5504,11.086118393482224,scr1998,stInflow,reservoir
NO,h5505,11.086118393482224,scr1998,stInflow,reservoir
NO,h5506,11.086118393482224,scr1998,stInflow,reservoir
NO,h5507,11.086118393482224,scr1998,stInflow,reservoir
NO,h5508,11.086118393482224,scr1998,stInflow,reservoir
NO,h5509,11.086118393482224,scr1998,stInflow,reservoir
NO,h5510,11.086118393482224,scr1998,stInflow,reservoir
NO,h5511,11.086118393482224,scr1998,stInflow,reservoir
NO,h5512,11.086118393482224,scr1998,stInflow,reservoir
NO,h5513,11.086118393482224,scr1998,stInflow,reservoir
NO,h5514,11.086118393482224,scr1998,stInflow,reservoir
NO,h5515,11.086118393482224,scr1998,stInflow,reservoir
NO,h5516,11.086118393482224,scr1998,stInflow,reservoir
NO,h5517,11.086118393482224,scr1998,stInflow,reservoir
NO,h5518,11.086118393482224,scr1998,stInflow,reservoir
NO,h5519,11.086118393482224,scr1998,stInflow,reservoir
NO,h5520,11.086118393482224,scr1998,stInflow,reservoir
NO,h5521,11.086118393482224,scr1998,stInflow,reservoir
NO,h5522,11.086118393482224,scr1998,stInflow,reservoir
NO,h5523,11.086118393482224,scr1998,stInflow,reservoir
NO,h5524,11.086118393482224,scr1998,stInflow,reservoir
NO,h5525,11.086118393482224,scr1998,stInflow,reservoir
NO,h5526,11.086118393482224,scr1998,stInflow,reservoir
NO,h5527,11.086118393482224,scr1998,stInflow,reservoir
NO,h5528,11.086118393482224,scr1998,stInflow,reservoir
NO,h5529,11.086118393482224,scr1998,stInflow,reservoir
NO,h5530,11.086118393482224,scr1998,stInflow,reservoir
NO,h5531,11.086118393482224,scr1998,stInflow,reservoir
NO,h5532,11.086118393482224,scr1998,stInflow,reservoir
NO,h5533,11.086118393482224,scr1998,stInflow,reservoir
NO,h5534,11.086118393482224,scr1998,stInflow,reservoir
NO,h5535,11.086118393482224,scr1998,stInflow,reservoir
NO,h5536,11.086118393482224,scr1998,stInflow,reservoir
NO,h5537,11.086118393482224,scr1998,stInflow,reservoir
NO,h5538,11.086118393482224,scr1998,stInflow,reservoir
NO,h5539,11.086118393482224,scr1998,stInflow,reservoir
NO,h5540,11.086118393482224,scr1998,stInflow,reservoir
NO,h5541,11.086118393482224,scr1998,stInflow,reservoir
NO,h5542,11.086118393482224,scr1998,stInflow,reservoir
NO,h5543,11.086118393482224,scr1998,stInflow,reservoir
NO,h5544,11.086118393482224,scr1998,stInflow,reservoir
NO,h5545,11.086118393482224,scr1998,stInflow,reservoir
NO,h5546,11.086118393482224,scr1998,stInflow,reservoir
NO,h5547,11.086118393482224,scr1998,stInflow,reservoir
NO,h5548,11.086118393482224,scr1998,stInflow,reservoir
NO,h5549,11.086118393482224,scr1998,stInflow,reservoir
NO,h5550,11.086118393482224,scr1998,stInflow,reservoir
NO,h5551,11.086118393482224,scr1998,stInflow,reservoir
NO,h5552,11.086118393482224,scr1998,stInflow,reservoir
NO,h5553,11.086118393482224,scr1998,stInflow,reservoir
NO,h5554,11.086118393482224,scr1998,stInflow,reservoir
NO,h5555,11.086118393482224,scr1998,stInflow,reservoir
NO,h5556,11.086118393482224,scr1998,stInflow,reservoir
NO,h5557,11.086118393482224,scr1998,stInflow,reservoir
NO,h5558,11.086118393482224,scr1998,stInflow,reservoir
NO,h5559,11.086118393482224,scr1998,stInflow,reservoir
NO,h5560,11.086118393482224,scr1998,stInflow,reservoir
NO,h5561,11.086118393482224,scr1998,stInflow,reservoir
NO,h5562,11.086118393482224,scr1998,stInflow,reservoir
NO,h5563,11.086118393482224,scr1998,stInflow,reservoir
NO,h5564,11.086118393482224,scr1998,stInflow,reservoir
NO,h5565,11.086118393482224,scr1998,stInflow,reservoir
NO,h5566,11.086118393482224,scr1998,stInflow,reservoir
NO,h5567,11.086118393482224,scr1998,stInflow,reservoir
NO,h5568,11.086118393482224,scr1998,stInflow,reservoir
NO,h5569,11.086118393482224,scr1998,stInflow,reservoir
NO,h5570,11.086118393482224,scr1998,stInflow,reservoir
NO,h5571,11.086118393482224,scr1998,stInflow,reservoir
NO,h5572,11.086118393482224,scr1998,stInflow,reservoir
NO,h5573,11.086118393482224,scr1998,stInflow,reservoir
NO,h5574,11.086118393482224,scr1998,stInflow,reservoir
NO,h5575,11.086118393482224,scr1998,stInflow,reservoir
NO,h5576,11.086118393482224,scr1998,stInflow,reservoir
NO,h5577,11.086118393482224,scr1998,stInflow,reservoir
NO,h5578,11.086118393482224,scr1998,stInflow,reservoir
NO,h5579,11.086118393482224,scr1998,stInflow,reservoir
NO,h5580,11.086118393482224,scr1998,stInflow,reservoir
NO,h5581,11.086118393482224,scr1998,stInflow,reservoir
NO,h5582,11.086118393482224,scr1998,stInflow,reservoir
NO,h5583,11.086118393482224,scr1998,stInflow,reservoir
NO,h5584,11.086118393482224,scr1998,stInflow,reservoir
NO,h5585,11.086118393482224,scr1998,stInflow,reservoir
NO,h5586,11.086118393482224,scr1998,stInflow,reservoir
NO,h5587,11.086118393482224,scr1998,stInflow,reservoir
NO,h5588,11.086118393482224,scr1998,stInflow,reservoir
NO,h5589,11.086118393482224,scr1998,stInflow,reservoir
NO,h5590,11.086118393482224,scr1998,stInflow,reservoir
NO,h5591,11.086118393482224,scr1998,stInflow,reservoir
NO,h5592,11.086118393482224,scr1998,stInflow,reservoir
NO,h5593,11.086118393482224,scr1998,stInflow,reservoir
NO,h5594,11.086118393482224,scr1998,stInflow,reservoir
NO,h5595,11.086118393482224,scr1998,stInflow,reservoir
NO,h5596,11.086118393482224,scr1998,stInflow,reservoir
NO,h5597,11.086118393482224,scr1998,stInflow,reservoir
NO,h5598,11.086118393482224,scr1998,stInflow,reservoir
NO,h5599,11.086118393482224,scr1998,stInflow,reservoir
NO,h5600,11.086118393482224,scr1998,stInflow,reservoir
NO,h5601,11.086118393482224,scr1998,stInflow,reservoir
NO,h5602,11.086118393482224,scr1998,stInflow,reservoir
NO,h5603,11.086118393482224,scr1998,stInflow,reservoir
NO,h5604,11.086118393482224,scr1998,stInflow,reservoir
NO,h5605,11.086118393482224,scr1998,stInflow,reservoir
NO,h5606,11.086118393482224,scr1998,stInflow,reservoir
NO,h5607,11.086118393482224,scr1998,stInflow,reservoir
NO,h5608,11.086118393482224,scr1998,stInflow,reservoir
NO,h5609,11.086118393482224,scr1998,stInflow,reservoir
NO,h5610,11.086118393482224,scr1998,stInflow,reservoir
NO,h5611,11.086118393482224,scr1998,stInflow,reservoir
NO,h5612,11.086118393482224,scr1998,stInflow,reservoir
NO,h5613,11.086118393482224,scr1998,stInflow,reservoir
NO,h5614,11.086118393482224,scr1998,stInflow,reservoir
NO,h5615,11.086118393482224,scr1998,stInflow,reservoir
NO,h5616,11.086118393482224,scr1998,stInflow,reservoir
NO,h5617,11.086118393482224,scr1998,stInflow,reservoir
NO,h5618,11.086118393482224,scr1998,stInflow,reservoir
NO,h5619,11.086118393482224,scr1998,stInflow,reservoir
NO,h5620,11.086118393482224,scr1998,stInflow,reservoir
NO,h5621,11.086118393482224,scr1998,stInflow,reservoir
NO,h5622,11.086118393482224,scr1998,stInflow,reservoir
NO,h5623,11.086118393482224,scr1998,stInflow,reservoir
NO,h5624,11.086118393482224,scr1998,stInflow,reservoir
NO,h5625,11.086118393482224,scr1998,stInflow,reservoir
NO,h5626,11.086118393482224,scr1998,stInflow,reservoir
NO,h5627,11.086118393482224,scr1998,stInflow,reservoir
NO,h5628,11.086118393482224,scr1998,stInflow,reservoir
NO,h5629,11.086118393482224,scr1998,stInflow,reservoir
NO,h5630,11.086118393482224,scr1998,stInflow,reservoir
NO,h5631,11.086118393482224,scr1998,stInflow,reservoir
NO,h5632,11.086118393482224,scr1998,stInflow,reservoir
NO,h5633,11.086118393482224,scr1998,stInflow,reservoir
NO,h5634,11.086118393482224,scr1998,stInflow,reservoir
NO,h5635,11.086118393482224,scr1998,stInflow,reservoir
NO,h5636,11.086118393482224,scr1998,stInflow,reservoir
NO,h5637,11.086118393482224,scr1998,stInflow,reservoir
NO,h5638,11.086118393482224,scr1998,stInflow,reservoir
NO,h5639,11.086118393482224,scr1998,stInflow,reservoir
NO,h5640,11.086118393482224,scr1998,stInflow,reservoir
NO,h5641,11.463503426976207,scr1998,stInflow,reservoir
NO,h5642,11.840889703075856,scr1998,stInflow,reservoir
NO,h5643,12.218277182167732,scr1998,stInflow,reservoir
NO,h5644,12.218277182167732,scr1998,stInflow,reservoir
NO,h5645,12.218277182167732,scr1998,stInflow,reservoir
NO,h5646,12.218277182167732,scr1998,stInflow,reservoir
NO,h5647,12.218277182167732,scr1998,stInflow,reservoir
NO,h5648,12.218277182167732,scr1998,stInflow,reservoir
NO,h5649,12.218277182167732,scr1998,stInflow,reservoir
NO,h5650,12.218277182167732,scr1998,stInflow,reservoir
NO,h5651,12.218277182167732,scr1998,stInflow,reservoir
NO,h5652,12.218277182167732,scr1998,stInflow,reservoir
NO,h5653,12.218277182167732,scr1998,stInflow,reservoir
NO,h5654,12.218277182167732,scr1998,stInflow,reservoir
NO,h5655,12.218277182167732,scr1998,stInflow,reservoir
NO,h5656,12.218277182167732,scr1998,stInflow,reservoir
NO,h5657,12.218277182167732,scr1998,stInflow,reservoir
NO,h5658,12.218277182167732,scr1998,stInflow,reservoir
NO,h5659,12.218277182167732,scr1998,stInflow,reservoir
NO,h5660,12.218277182167732,scr1998,stInflow,reservoir
NO,h5661,12.218277182167732,scr1998,stInflow,reservoir
NO,h5662,12.218277182167732,scr1998,stInflow,reservoir
NO,h5663,12.218277182167732,scr1998,stInflow,reservoir
NO,h5664,12.218277182167732,scr1998,stInflow,reservoir
NO,h5665,12.218277182167732,scr1998,stInflow,reservoir
NO,h5666,12.218277182167732,scr1998,stInflow,reservoir
NO,h5667,12.218277182167732,scr1998,stInflow,reservoir
NO,h5668,12.218277182167732,scr1998,stInflow,reservoir
NO,h5669,12.218277182167732,scr1998,stInflow,reservoir
NO,h5670,12.218277182167732,scr1998,stInflow,reservoir
NO,h5671,12.218277182167732,scr1998,stInflow,reservoir
NO,h5672,12.218277182167732,scr1998,stInflow,reservoir
NO,h5673,12.218277182167732,scr1998,stInflow,reservoir
NO,h5674,12.218277182167732,scr1998,stInflow,reservoir
NO,h5675,12.218277182167732,scr1998,stInflow,reservoir
NO,h5676,12.218277182167732,scr1998,stInflow,reservoir
NO,h5677,12.218277182167732,scr1998,stInflow,reservoir
NO,h5678,12.218277182167732,scr1998,stInflow,reservoir
NO,h5679,12.218277182167732,scr1998,stInflow,reservoir
NO,h5680,12.218277182167732,scr1998,stInflow,reservoir
NO,h5681,12.218277182167732,scr1998,stInflow,reservoir
NO,h5682,12.218277182167732,scr1998,stInflow,reservoir
NO,h5683,12.218277182167732,scr1998,stInflow,reservoir
NO,h5684,12.218277182167732,scr1998,stInflow,reservoir
NO,h5685,12.218277182167732,scr1998,stInflow,reservoir
NO,h5686,12.218277182167732,scr1998,stInflow,reservoir
NO,h5687,12.218277182167732,scr1998,stInflow,reservoir
NO,h5688,12.218277182167732,scr1998,stInflow,reservoir
NO,h5689,12.218277182167732,scr1998,stInflow,reservoir
NO,h5690,12.218277182167732,scr1998,stInflow,reservoir
NO,h5691,12.218277182167732,scr1998,stInflow,reservoir
NO,h5692,12.218277182167732,scr1998,stInflow,reservoir
NO,h5693,12.218277182167732,scr1998,stInflow,reservoir
NO,h5694,12.218277182167732,scr1998,stInflow,reservoir
NO,h5695,12.218277182167732,scr1998,stInflow,reservoir
NO,h5696,12.218277182167732,scr1998,stInflow,reservoir
NO,h5697,12.218277182167732,scr1998,stInflow,reservoir
NO,h5698,12.218277182167732,scr1998,stInflow,reservoir
NO,h5699,12.218277182167732,scr1998,stInflow,reservoir
NO,h5700,12.218277182167732,scr1998,stInflow,reservoir
NO,h5701,12.218277182167732,scr1998,stInflow,reservoir
NO,h5702,12.218277182167732,scr1998,stInflow,reservoir
NO,h5703,12.218277182167732,scr1998,stInflow,reservoir
NO,h5704,12.218277182167732,scr1998,stInflow,reservoir
NO,h5705,12.218277182167732,scr1998,stInflow,reservoir
NO,h5706,12.218277182167732,scr1998,stInflow,reservoir
NO,h5707,12.218277182167732,scr1998,stInflow,reservoir
NO,h5708,12.218277182167732,scr1998,stInflow,reservoir
NO,h5709,12.218277182167732,scr1998,stInflow,reservoir
NO,h5710,12.218277182167732,scr1998,stInflow,reservoir
NO,h5711,12.218277182167732,scr1998,stInflow,reservoir
NO,h5712,12.218277182167732,scr1998,stInflow,reservoir
NO,h5713,12.218277182167732,scr1998,stInflow,reservoir
NO,h5714,12.218277182167732,scr1998,stInflow,reservoir
NO,h5715,12.218277182167732,scr1998,stInflow,reservoir
NO,h5716,12.218277182167732,scr1998,stInflow,reservoir
NO,h5717,12.218277182167732,scr1998,stInflow,reservoir
NO,h5718,12.218277182167732,scr1998,stInflow,reservoir
NO,h5719,12.218277182167732,scr1998,stInflow,reservoir
NO,h5720,12.218277182167732,scr1998,stInflow,reservoir
NO,h5721,12.218277182167732,scr1998,stInflow,reservoir
NO,h5722,12.218277182167732,scr1998,stInflow,reservoir
NO,h5723,12.218277182167732,scr1998,stInflow,reservoir
NO,h5724,12.218277182167732,scr1998,stInflow,reservoir
NO,h5725,12.218277182167732,scr1998,stInflow,reservoir
NO,h5726,12.218277182167732,scr1998,stInflow,reservoir
NO,h5727,12.218277182167732,scr1998,stInflow,reservoir
NO,h5728,12.218277182167732,scr1998,stInflow,reservoir
NO,h5729,12.218277182167732,scr1998,stInflow,reservoir
NO,h5730,12.218277182167732,scr1998,stInflow,reservoir
NO,h5731,12.218277182167732,scr1998,stInflow,reservoir
NO,h5732,12.218277182167732,scr1998,stInflow,reservoir
NO,h5733,12.218277182167732,scr1998,stInflow,reservoir
NO,h5734,12.218277182167732,scr1998,stInflow,reservoir
NO,h5735,12.218277182167732,scr1998,stInflow,reservoir
NO,h5736,12.218277182167732,scr1998,stInflow,reservoir
NO,h5737,12.218277182167732,scr1998,stInflow,reservoir
NO,h5738,12.218277182167732,scr1998,stInflow,reservoir
NO,h5739,12.218277182167732,scr1998,stInflow,reservoir
NO,h5740,12.218277182167732,scr1998,stInflow,reservoir
NO,h5741,12.218277182167732,scr1998,stInflow,reservoir
NO,h5742,12.218277182167732,scr1998,stInflow,reservoir
NO,h5743,12.218277182167732,scr1998,stInflow,reservoir
NO,h5744,12.218277182167732,scr1998,stInflow,reservoir
NO,h5745,12.218277182167732,scr1998,stInflow,reservoir
NO,h5746,12.218277182167732,scr1998,stInflow,reservoir
NO,h5747,12.218277182167732,scr1998,stInflow,reservoir
NO,h5748,12.218277182167732,scr1998,stInflow,reservoir
NO,h5749,12.218277182167732,scr1998,stInflow,reservoir
NO,h5750,12.218277182167732,scr1998,stInflow,reservoir
NO,h5751,12.218277182167732,scr1998,stInflow,reservoir
NO,h5752,12.218277182167732,scr1998,stInflow,reservoir
NO,h5753,12.218277182167732,scr1998,stInflow,reservoir
NO,h5754,12.218277182167732,scr1998,stInflow,reservoir
NO,h5755,12.218277182167732,scr1998,stInflow,reservoir
NO,h5756,12.218277182167732,scr1998,stInflow,reservoir
NO,h5757,12.218277182167732,scr1998,stInflow,reservoir
NO,h5758,12.218277182167732,scr1998,stInflow,reservoir
NO,h5759,12.218277182167732,scr1998,stInflow,reservoir
NO,h5760,12.218277182167732,scr1998,stInflow,reservoir
NO,h5761,12.218277182167732,scr1998,stInflow,reservoir
NO,h5762,12.218277182167732,scr1998,stInflow,reservoir
NO,h5763,12.218277182167732,scr1998,stInflow,reservoir
NO,h5764,12.218277182167732,scr1998,stInflow,reservoir
NO,h5765,12.218277182167732,scr1998,stInflow,reservoir
NO,h5766,12.218277182167732,scr1998,stInflow,reservoir
NO,h5767,12.218277182167732,scr1998,stInflow,reservoir
NO,h5768,12.218277182167732,scr1998,stInflow,reservoir
NO,h5769,12.218277182167732,scr1998,stInflow,reservoir
NO,h5770,12.218277182167732,scr1998,stInflow,reservoir
NO,h5771,12.218277182167732,scr1998,stInflow,reservoir
NO,h5772,12.218277182167732,scr1998,stInflow,reservoir
NO,h5773,12.218277182167732,scr1998,stInflow,reservoir
NO,h5774,12.218277182167732,scr1998,stInflow,reservoir
NO,h5775,12.218277182167732,scr1998,stInflow,reservoir
NO,h5776,12.218277182167732,scr1998,stInflow,reservoir
NO,h5777,12.218277182167732,scr1998,stInflow,reservoir
NO,h5778,12.218277182167732,scr1998,stInflow,reservoir
NO,h5779,12.218277182167732,scr1998,stInflow,reservoir
NO,h5780,12.218277182167732,scr1998,stInflow,reservoir
NO,h5781,12.218277182167732,scr1998,stInflow,reservoir
NO,h5782,12.218277182167732,scr1998,stInflow,reservoir
NO,h5783,12.218277182167732,scr1998,stInflow,reservoir
NO,h5784,12.218277182167732,scr1998,stInflow,reservoir
NO,h5785,12.218277182167732,scr1998,stInflow,reservoir
NO,h5786,12.218277182167732,scr1998,stInflow,reservoir
NO,h5787,12.218277182167732,scr1998,stInflow,reservoir
NO,h5788,12.218277182167732,scr1998,stInflow,reservoir
NO,h5789,12.218277182167732,scr1998,stInflow,reservoir
NO,h5790,12.218277182167732,scr1998,stInflow,reservoir
NO,h5791,12.218277182167732,scr1998,stInflow,reservoir
NO,h5792,12.218277182167732,scr1998,stInflow,reservoir
NO,h5793,12.218277182167732,scr1998,stInflow,reservoir
NO,h5794,12.218277182167732,scr1998,stInflow,reservoir
NO,h5795,12.218277182167732,scr1998,stInflow,reservoir
NO,h5796,12.218277182167732,scr1998,stInflow,reservoir
NO,h5797,12.218277182167732,scr1998,stInflow,reservoir
NO,h5798,12.218277182167732,scr1998,stInflow,reservoir
NO,h5799,12.218277182167732,scr1998,stInflow,reservoir
NO,h5800,12.218277182167732,scr1998,stInflow,reservoir
NO,h5801,12.218277182167732,scr1998,stInflow,reservoir
NO,h5802,12.218277182167732,scr1998,stInflow,reservoir
NO,h5803,12.218277182167732,scr1998,stInflow,reservoir
NO,h5804,12.218277182167732,scr1998,stInflow,reservoir
NO,h5805,12.218277182167732,scr1998,stInflow,reservoir
NO,h5806,12.218277182167732,scr1998,stInflow,reservoir
NO,h5807,12.218277182167732,scr1998,stInflow,reservoir
NO,h5808,12.218277182167732,scr1998,stInflow,reservoir
PT,h5065,0.12652319082003272,scr1998,stInflow,reservoir
PT,h5066,0.12652319082003272,scr1998,stInflow,reservoir
PT,h5067,0.12652319082003272,scr1998,stInflow,reservoir
PT,h5068,0.12652319082003272,scr1998,stInflow,reservoir
PT,h5069,0.12652319082003272,scr1998,stInflow,reservoir
PT,h5070,0.12652319082003272,scr1998,stInflow,reservoir
PT,h5071,0.12652319082003272,scr1998,stInflow,reservoir
PT,h5072,0.12652319082003272,scr1998,stInflow,reservoir
PT,h5073,0.12652319082003272,scr1998,stInflow,reservoir
PT,h5074,0.12652319082003272,scr1998,stInflow,reservoir
PT,h5075,0.12652319082003272,scr1998,stInflow,reservoir
PT,h5076,0.12652319082003272,scr1998,stInflow,reservoir
PT,h5077,0.12652319082003272,scr1998,stInflow,reservoir
PT,h5078,0.12652319082003272,scr1998,stInflow,reservoir
PT,h5079,0.12652319082003272,scr1998,stInflow,reservoir
PT,h5080,0.12652319082003272,scr1998,stInflow,reservoir
PT,h5081,0.12652319082003272,scr1998,stInflow,reservoir
PT,h5082,0.12652319082003272,scr1998,stInflow,reservoir
PT,h5083,0.12652319082003272,scr1998,stInflow,reservoir
PT,h5084,0.12652319082003272,scr1998,stInflow,reservoir
PT,h5085,0.12652319082003272,scr1998,stInflow,reservoir
PT,h5086,0.12652319082003272,scr1998,stInflow,reservoir
PT,h5087,0.12652319082003272,scr1998,stInflow,reservoir
PT,h5088,0.12652319082003272,scr1998,stInflow,reservoir
PT,h5089,0.12652319082003272,scr1998,stInflow,reservoir
PT,h5090,0.12652319082003272,scr1998,stInflow,reservoir
PT,h5091,0.12652319082003272,scr1998,stInflow,reservoir
PT,h5092,0.12652319082003272,scr1998,stInflow,reservoir
PT,h5093,0.12652319082003272,scr1998,stInflow,reservoir
PT,h5094,0.12652319082003272,scr1998,stInflow,reservoir
PT,h5095,0.12652319082003272,scr1998,stInflow,reservoir
PT,h5096,0.12652319082003272,scr1998,stInflow,reservoir
PT,h5097,0.12652319082003272,scr1998,stInflow,reservoir
PT,h5098,0.12652319082003272,scr1998,stInflow,reservoir
PT,h5099,0.12652319082003272,scr1998,stInflow,reservoir
PT,h5100,0.12652319082003272,scr1998,stInflow,reservoir
PT,h5101,0.12652319082003272,scr1998,stInflow,reservoir
PT,h5102,0.12652319082003272,scr1998,stInflow,reservoir
PT,h5103,0.12652319082003272,scr1998,stInflow,reservoir
PT,h5104,0.12652319082003272,scr1998,stInflow,reservoir
PT,h5105,0.12652319082003272,scr1998,stInflow,reservoir
PT,h5106,0.12652319082003272,scr1998,stInflow,reservoir
PT,h5107,0.12652319082003272,scr1998,stInflow,reservoir
PT,h5108,0.12652319082003272,scr1998,stInflow,reservoir
PT,h5109,0.12652319082003272,scr1998,stInflow,reservoir
PT,h5110,0.12652319082003272,scr1998,stInflow,reservoir
PT,h5111,0.12652319082003272,scr1998,stInflow,reservoir
PT,h5112,0.12652319082003272,scr1998,stInflow,reservoir
PT,h5113,0.12652319082003272,scr1998,stInflow,reservoir
PT,h5114,0.12652319082003272,scr1998,stInflow,reservoir
PT,h5115,0.12652319082003272,scr1998,stInflow,reservoir
PT,h5116,0.12652319082003272,scr1998,stInflow,reservoir
PT,h5117,0.12652319082003272,scr1998,stInflow,reservoir
PT,h5118,0.12652319082003272,scr1998,stInflow,reservoir
PT,h5119,0.12652319082003272,scr1998,stInflow,reservoir
PT,h5120,0.12652319082003272,scr1998,stInflow,reservoir
PT,h5121,0.12652319082003272,scr1998,stInflow,reservoir
PT,h5122,0.12652319082003272,scr1998,stInflow,reservoir
PT,h5123,0.12652319082003272,scr1998,stInflow,reservoir
PT,h5124,0.12652319082003272,scr1998,stInflow,reservoir
PT,h5125,0.12652319082003272,scr1998,stInflow,reservoir
PT,h5126,0.12652319082003272,scr1998,stInflow,reservoir
PT,h5127,0.12652319082003272,scr1998,stInflow,reservoir
PT,h5128,0.12652319082003272,scr1998,stInflow,reservoir
PT,h5129,0.12652319082003272,scr1998,stInflow,reservoir
PT,h5130,0.12652319082003272,scr1998,stInflow,reservoir
PT,h5131,0.12652319082003272,scr1998,stInflow,reservoir
PT,h5132,0.12652319082003272,scr1998,stInflow,reservoir
PT,h5133,0.12652319082003272,scr1998,stInflow,reservoir
PT,h5134,0.12652319082003272,scr1998,stInflow,reservoir
PT,h5135,0.12652319082003272,scr1998,stInflow,reservoir
PT,h5136,0.12652319082003272,scr1998,stInflow,reservoir
PT,h5137,0.11915089272958192,scr1998,stInflow,reservoir
PT,h5138,0.11177864029210925,scr1998,stInflow,reservoir
PT,h5139,0.10440643652319004,scr1998,stInflow,reservoir
PT,h5140,0.10440643652319004,scr1998,stInflow,reservoir
PT,h5141,0.10440643652319004,scr1998,stInflow,reservoir
PT,h5142,0.10440643652319004,scr1998,stInflow,reservoir
PT,h5143,0.10440643652319004,scr1998,stInflow,reservoir
PT,h5144,0.10440643652319004,scr1998,stInflow,reservoir
PT,h5145,0.10440643652319004,scr1998,stInflow,reservoir
PT,h5146,0.10440643652319004,scr1998,stInflow,reservoir
PT,h5147,0.10440643652319004,scr1998,stInflow,reservoir
PT,h5148,0.10440643652319004,scr1998,stInflow,reservoir
PT,h5149,0.10440643652319004,scr1998,stInflow,reservoir
PT,h5150,0.10440643652319004,scr1998,stInflow,reservoir
PT,h5151,0.10440643652319004,scr1998,stInflow,reservoir
PT,h5152,0.10440643652319004,scr1998,stInflow,reservoir
PT,h5153,0.10440643652319004,scr1998,stInflow,reservoir
PT,h5154,0.10440643652319004,scr1998,stInflow,reservoir
PT,h5155,0.10440643652319004,scr1998,stInflow,reservoir
PT,h5156,0.10440643652319004,scr1998,stInflow,reservoir
PT,h5157,0.10440643652319004,scr1998,stInflow,reservoir
PT,h5158,0.10440643652319004,scr1998,stInflow,reservoir
PT,h5159,0.10440643652319004,scr1998,stInflow,reservoir
PT,h5160,0.10440643652319004,scr1998,stInflow,reservoir
PT,h5161,0.10440643652319004,scr1998,stInflow,reservoir
PT,h5162,0.10440643652319004,scr1998,stInflow,reservoir
PT,h5163,0.10440643652319004,scr1998,stInflow,reservoir
PT,h5164,0.10440643652319004,scr1998,stInflow,reservoir
PT,h5165,0.10440643652319004,scr1998,stInflow,reservoir
PT,h5166,0.10440643652319004,scr1998,stInflow,reservoir
PT,h5167,0.10440643652319004,scr1998,stInflow,reservoir
PT,h5168,0.10440643652319004,scr1998,stInflow,reservoir
PT,h5169,0.10440643652319004,scr1998,stInflow,reservoir
PT,h5170,0.10440643652319004,scr1998,stInflow,reservoir
PT,h5171,0.10440643652319004,scr1998,stInflow,reservoir
PT,h5172,0.10440643652319004,scr1998,stInflow,reservoir
PT,h5173,0.10440643652319004,scr1998,stInflow,reservoir
PT,h5174,0.10440643652319004,scr1998,stInflow,reservoir
PT,h5175,0.10440643652319004,scr1998,stInflow,reservoir
PT,h5176,0.10440643652319004,scr1998,stInflow,reservoir
PT,h5177,0.10440643652319004,scr1998,stInflow,reservoir
PT,h5178,0.10440643652319004,scr1998,stInflow,reservoir
PT,h5179,0.10440643652319004,scr1998,stInflow,reservoir
PT,h5180,0.10440643652319004,scr1998,stInflow,reservoir
PT,h5181,0.10440643652319004,scr1998,stInflow,reservoir
PT,h5182,0.10440643652319004,scr1998,stInflow,reservoir
PT,h5183,0.10440643652319004,scr1998,stInflow,reservoir
PT,h5184,0.10440643652319004,scr1998,stInflow,reservoir
PT,h5185,0.10440643652319004,scr1998,stInflow,reservoir
PT,h5186,0.10440643652319004,scr1998,stInflow,reservoir
PT,h5187,0.10440643652319004,scr1998,stInflow,reservoir
PT,h5188,0.10440643652319004,scr1998,stInflow,reservoir
PT,h5189,0.10440643652319004,scr1998,stInflow,reservoir
PT,h5190,0.10440643652319004,scr1998,stInflow,reservoir
PT,h5191,0.10440643652319004,scr1998,stInflow,reservoir
PT,h5192,0.10440643652319004,scr1998,stInflow,reservoir
PT,h5193,0.10440643652319004,scr1998,stInflow,reservoir
PT,h5194,0.10440643652319004,scr1998,stInflow,reservoir
PT,h5195,0.10440643652319004,scr1998,stInflow,reservoir
PT,h5196,0.10440643652319004,scr1998,stInflow,reservoir
PT,h5197,0.10440643652319004,scr1998,stInflow,reservoir
PT,h5198,0.10440643652319004,scr1998,stInflow,reservoir
PT,h5199,0.10440643652319004,scr1998,stInflow,reservoir
PT,h5200,0.10440643652319004,scr1998,stInflow,reservoir
PT,h5201,0.10440643652319004,scr1998,stInflow,reservoir
PT,h5202,0.10440643652319004,scr1998,stInflow,reservoir
PT,h5203,0.10440643652319004,scr1998,stInflow,reservoir
PT,h5204,0.10440643652319004,scr1998,stInflow,reservoir
PT,h5205,0.10440643652319004,scr1998,stInflow,reservoir
PT,h5206,0.10440643652319004,scr1998,stInflow,reservoir
PT,h5207,0.10440643652319004,scr1998,stInflow,reservoir
PT,h5208,0.10440643652319004,scr1998,stInflow,reservoir
PT,h5209,0.10440643652319004,scr1998,stInflow,reservoir
PT,h5210,0.10440643652319004,scr1998,stInflow,reservoir
PT,h5211,0.10440643652319004,scr1998,stInflow,reservoir
PT,h5212,0.10440643652319004,scr1998,stInflow,reservoir
PT,h5213,0.10440643652319004,scr1998,stInflow,reservoir
PT,h5214,0.10440643652319004,scr1998,stInflow,reservoir
PT,h5215,0.10440643652319004,scr1998,stInflow,reservoir
PT,h5216,0.10440643652319004,scr1998,stInflow,reservoir
PT,h5217,0.10440643652319004,scr1998,stInflow,reservoir
PT,h5218,0.10440643652319004,scr1998,stInflow,reservoir
PT,h5219,0.10440643652319004,scr1998,stInflow,reservoir
PT,h5220,0.10440643652319004,scr1998,stInflow,reservoir
PT,h5221,0.10440643652319004,scr1998,stInflow,reservoir
PT,h5222,0.10440643652319004,scr1998,stInflow,reservoir
PT,h5223,0.10440643652319004,scr1998,stInflow,reservoir
PT,h5224,0.10440643652319004,scr1998,stInflow,reservoir
PT,h5225,0.10440643652319004,scr1998,stInflow,reservoir
PT,h5226,0.10440643652319004,scr1998,stInflow,reservoir
PT,h5227,0.10440643652319004,scr1998,stInflow,reservoir
PT,h5228,0.10440643652319004,scr1998,stInflow,reservoir
PT,h5229,0.10440643652319004,scr1998,stInflow,reservoir
PT,h5230,0.10440643652319004,scr1998,stInflow,reservoir
PT,h5231,0.10440643652319004,scr1998,stInflow,reservoir
PT,h5232,0.10440643652319004,scr1998,stInflow,reservoir
PT,h5233,0.10440643652319004,scr1998,stInflow,reservoir
PT,h5234,0.10440643652319004,scr1998,stInflow,reservoir
PT,h5235,0.10440643652319004,scr1998,stInflow,reservoir
PT,h5236,0.10440643652319004,scr1998,stInflow,reservoir
PT,h5237,0.10440643652319004,scr1998,stInflow,reservoir
PT,h5238,0.10440643652319004,scr1998,stInflow,reservoir
PT,h5239,0.10440643652319004,scr1998,stInflow,reservoir
PT,h5240,0.10440643652319004,scr1998,stInflow,reservoir
PT,h5241,0.10440643652319004,scr1998,stInflow,reservoir
PT,h5242,0.10440643652319004,scr1998,stInflow,reservoir
PT,h5243,0.10440643652319004,scr1998,stInflow,reservoir
PT,h5244,0.10440643652319004,scr1998,stInflow,reservoir
PT,h5245,0.10440643652319004,scr1998,stInflow,reservoir
PT,h5246,0.10440643652319004,scr1998,stInflow,reservoir
PT,h5247,0.10440643652319004,scr1998,stInflow,reservoir
PT,h5248,0.10440643652319004,scr1998,stInflow,reservoir
PT,h5249,0.10440643652319004,scr1998,stInflow,reservoir
PT,h5250,0.10440643652319004,scr1998,stInflow,reservoir
PT,h5251,0.10440643652319004,scr1998,stInflow,reservoir
PT,h5252,0.10440643652319004,scr1998,stInflow,reservoir
PT,h5253,0.10440643652319004,scr1998,stInflow,reservoir
PT,h5254,0.10440643652319004,scr1998,stInflow,reservoir
PT,h5255,0.10440643652319004,scr1998,stInflow,reservoir
PT,h5256,0.10440643652319004,scr1998,stInflow,reservoir
PT,h5257,0.10440643652319004,scr1998,stInflow,reservoir
PT,h5258,0.10440643652319004,scr1998,stInflow,reservoir
PT,h5259,0.10440643652319004,scr1998,stInflow,reservoir
PT,h5260,0.10440643652319004,scr1998,stInflow,reservoir
PT,h5261,0.10440643652319004,scr1998,stInflow,reservoir
PT,h5262,0.10440643652319004,scr1998,stInflow,reservoir
PT,h5263,0.10440643652319004,scr1998,stInflow,reservoir
PT,h5264,0.10440643652319004,scr1998,stInflow,reservoir
PT,h5265,0.10440643652319004,scr1998,stInflow,reservoir
PT,h5266,0.10440643652319004,scr1998,stInflow,reservoir
PT,h5267,0.10440643652319004,scr1998,stInflow,reservoir
PT,h5268,0.10440643652319004,scr1998,stInflow,reservoir
PT,h5269,0.10440643652319004,scr1998,stInflow,reservoir
PT,h5270,0.10440643652319004,scr1998,stInflow,reservoir
PT,h5271,0.10440643652319004,scr1998,stInflow,reservoir
PT,h5272,0.10440643652319004,scr1998,stInflow,reservoir
PT,h5273,0.10440643652319004,scr1998,stInflow,reservoir
PT,h5274,0.10440643652319004,scr1998,stInflow,reservoir
PT,h5275,0.10440643652319004,scr1998,stInflow,reservoir
PT,h5276,0.10440643652319004,scr1998,stInflow,reservoir
PT,h5277,0.10440643652319004,scr1998,stInflow,reservoir
PT,h5278,0.10440643652319004,scr1998,stInflow,reservoir
PT,h5279,0.10440643652319004,scr1998,stInflow,reservoir
PT,h5280,0.10440643652319004,scr1998,stInflow,reservoir
PT,h5281,0.10440643652319004,scr1998,stInflow,reservoir
PT,h5282,0.10440643652319004,scr1998,stInflow,reservoir
PT,h5283,0.10440643652319004,scr1998,stInflow,reservoir
PT,h5284,0.10440643652319004,scr1998,stInflow,reservoir
PT,h5285,0.10440643652319004,scr1998,stInflow,reservoir
PT,h5286,0.10440643652319004,scr1998,stInflow,reservoir
PT,h5287,0.10440643652319004,scr1998,stInflow,reservoir
PT,h5288,0.10440643652319004,scr1998,stInflow,reservoir
PT,h5289,0.10440643652319004,scr1998,stInflow,reservoir
PT,h5290,0.10440643652319004,scr1998,stInflow,reservoir
PT,h5291,0.10440643652319004,scr1998,stInflow,reservoir
PT,h5292,0.10440643652319004,scr1998,stInflow,reservoir
PT,h5293,0.10440643652319004,scr1998,stInflow,reservoir
PT,h5294,0.10440643652319004,scr1998,stInflow,reservoir
PT,h5295,0.10440643652319004,scr1998,stInflow,reservoir
PT,h5296,0.10440643652319004,scr1998,stInflow,reservoir
PT,h5297,0.10440643652319004,scr1998,stInflow,reservoir
PT,h5298,0.10440643652319004,scr1998,stInflow,reservoir
PT,h5299,0.10440643652319004,scr1998,stInflow,reservoir
PT,h5300,0.10440643652319004,scr1998,stInflow,reservoir
PT,h5301,0.10440643652319004,scr1998,stInflow,reservoir
PT,h5302,0.10440643652319004,scr1998,stInflow,reservoir
PT,h5303,0.10440643652319004,scr1998,stInflow,reservoir
PT,h5304,0.10440643652319004,scr1998,stInflow,reservoir
PT,h5305,0.10560768778751298,scr1998,stInflow,reservoir
PT,h5306,0.10680894041857109,scr1998,stInflow,reservoir
PT,h5307,0.10801019440099038,scr1998,stInflow,reservoir
PT,h5308,0.10801019440099038,scr1998,stInflow,reservoir
PT,h5309,0.10801019440099038,scr1998,stInflow,reservoir
PT,h5310,0.10801019440099038,scr1998,stInflow,reservoir
PT,h5311,0.10801019440099038,scr1998,stInflow,reservoir
PT,h5312,0.10801019440099038,scr1998,stInflow,reservoir
PT,h5313,0.10801019440099038,scr1998,stInflow,reservoir
PT,h5314,0.10801019440099038,scr1998,stInflow,reservoir
PT,h5315,0.10801019440099038,scr1998,stInflow,reservoir
PT,h5316,0.10801019440099038,scr1998,stInflow,reservoir
PT,h5317,0.10801019440099038,scr1998,stInflow,reservoir
PT,h5318,0.10801019440099038,scr1998,stInflow,reservoir
PT,h5319,0.10801019440099038,scr1998,stInflow,reservoir
PT,h5320,0.10801019440099038,scr1998,stInflow,reservoir
PT,h5321,0.10801019440099038,scr1998,stInflow,reservoir
PT,h5322,0.10801019440099038,scr1998,stInflow,reservoir
PT,h5323,0.10801019440099038,scr1998,stInflow,reservoir
PT,h5324,0.10801019440099038,scr1998,stInflow,reservoir
PT,h5325,0.10801019440099038,scr1998,stInflow,reservoir
PT,h5326,0.10801019440099038,scr1998,stInflow,reservoir
PT,h5327,0.10801019440099038,scr1998,stInflow,reservoir
PT,h5328,0.10801019440099038,scr1998,stInflow,reservoir
PT,h5329,0.10801019440099038,scr1998,stInflow,reservoir
PT,h5330,0.10801019440099038,scr1998,stInflow,reservoir
PT,h5331,0.10801019440099038,scr1998,stInflow,reservoir
PT,h5332,0.10801019440099038,scr1998,stInflow,reservoir
PT,h5333,0.10801019440099038,scr1998,stInflow,reservoir
PT,h5334,0.10801019440099038,scr1998,stInflow,reservoir
PT,h5335,0.10801019440099038,scr1998,stInflow,reservoir
PT,h5336,0.10801019440099038,scr1998,stInflow,reservoir
PT,h5337,0.10801019440099038,scr1998,stInflow,reservoir
PT,h5338,0.10801019440099038,scr1998,stInflow,reservoir
PT,h5339,0.10801019440099038,scr1998,stInflow,reservoir
PT,h5340,0.10801019440099038,scr1998,stInflow,reservoir
PT,h5341,0.10801019440099038,scr1998,stInflow,reservoir
PT,h5342,0.10801019440099038,scr1998,stInflow,reservoir
PT,h5343,0.10801019440099038,scr1998,stInflow,reservoir
PT,h5344,0.10801019440099038,scr1998,stInflow,reservoir
PT,h5345,0.10801019440099038,scr1998,stInflow,reservoir
PT,h5346,0.10801019440099038,scr1998,stInflow,reservoir
PT,h5347,0.10801019440099038,scr1998,stInflow,reservoir
PT,h5348,0.10801019440099038,scr1998,stInflow,reservoir
PT,h5349,0.10801019440099038,scr1998,stInflow,reservoir
PT,h5350,0.10801019440099038,scr1998,stInflow,reservoir
PT,h5351,0.10801019440099038,scr1998,stInflow,reservoir
PT,h5352,0.10801019440099038,scr1998,stInflow,reservoir
PT,h5353,0.10801019440099038,scr1998,stInflow,reservoir
PT,h5354,0.10801019440099038,scr1998,stInflow,reservoir
PT,h5355,0.10801019440099038,scr1998,stInflow,reservoir
PT,h5356,0.10801019440099038,scr1998,stInflow,reservoir
PT,h5357,0.10801019440099038,scr1998,stInflow,reservoir
PT,h5358,0.10801019440099038,scr1998,stInflow,reservoir
PT,h5359,0.10801019440099038,scr1998,stInflow,reservoir
PT,h5360,0.10801019440099038,scr1998,stInflow,reservoir
PT,h5361,0.10801019440099038,scr1998,stInflow,reservoir
PT,h5362,0.10801019440099038,scr1998,stInflow,reservoir
PT,h5363,0.10801019440099038,scr1998,stInflow,reservoir
PT,h5364,0.10801019440099038,scr1998,stInflow,reservoir
PT,h5365,0.10801019440099038,scr1998,stInflow,reservoir
PT,h5366,0.10801019440099038,scr1998,stInflow,reservoir
PT,h5367,0.10801019440099038,scr1998,stInflow,reservoir
PT,h5368,0.10801019440099038,scr1998,stInflow,reservoir
PT,h5369,0.10801019440099038,scr1998,stInflow,reservoir
PT,h5370,0.10801019440099038,scr1998,stInflow,reservoir
PT,h5371,0.10801019440099038,scr1998,stInflow,reservoir
PT,h5372,0.10801019440099038,scr1998,stInflow,reservoir
PT,h5373,0.10801019440099038,scr1998,stInflow,reservoir
PT,h5374,0.10801019440099038,scr1998,stInflow,reservoir
PT,h5375,0.10801019440099038,scr1998,stInflow,reservoir
PT,h5376,0.10801019440099038,scr1998,stInflow,reservoir
PT,h5377,0.10801019440099038,scr1998,stInflow,reservoir
PT,h5378,0.10801019440099038,scr1998,stInflow,reservoir
PT,h5379,0.10801019440099038,scr1998,stInflow,reservoir
PT,h5380,0.10801019440099038,scr1998,stInflow,reservoir
PT,h5381,0.10801019440099038,scr1998,stInflow,reservoir
PT,h5382,0.10801019440099038,scr1998,stInflow,reservoir
PT,h5383,0.10801019440099038,scr1998,stInflow,reservoir
PT,h5384,0.10801019440099038,scr1998,stInflow,reservoir
PT,h5385,0.10801019440099038,scr1998,stInflow,reservoir
PT,h5386,0.10801019440099038,scr1998,stInflow,reservoir
PT,h5387,0.10801019440099038,scr1998,stInflow,reservoir
PT,h5388,0.10801019440099038,scr1998,stInflow,reservoir
PT,h5389,0.10801019440099038,scr1998,stInflow,reservoir
PT,h5390,0.10801019440099038,scr1998,stInflow,reservoir
PT,h5391,0.10801019440099038,scr1998,stInflow,reservoir
PT,h5392,0.10801019440099038,scr1998,stInflow,reservoir
PT,h5393,0.10801019440099038,scr1998,stInflow,reservoir
PT,h5394,0.10801019440099038,scr1998,stInflow,reservoir
PT,h5395,0.10801019440099038,scr1998,stInflow,reservoir
PT,h5396,0.10801019440099038,scr1998,stInflow,reservoir
PT,h5397,0.10801019440099038,scr1998,stInflow,reservoir
PT,h5398,0.10801019440099038,scr1998,stInflow,reservoir
PT,h5399,0.10801019440099038,scr1998,stInflow,reservoir
PT,h5400,0.10801019440099038,scr1998,stInflow,reservoir
PT,h5401,0.10801019440099038,scr1998,stInflow,reservoir
PT,h5402,0.10801019440099038,scr1998,stInflow,reservoir
PT,h5403,0.10801019440099038,scr1998,stInflow,reservoir
PT,h5404,0.10801019440099038,scr1998,stInflow,reservoir
PT,h5405,0.10801019440099038,scr1998,stInflow,reservoir
PT,h5406,0.10801019440099038,scr1998,stInflow,reservoir
PT,h5407,0.10801019440099038,scr1998,stInflow,reservoir
PT,h5408,0.10801019440099038,scr1998,stInflow,reservoir
PT,h5409,0.10801019440099038,scr1998,stInflow,reservoir
PT,h5410,0.10801019440099038,scr1998,stInflow,reservoir
PT,h5411,0.10801019440099038,scr1998,stInflow,reservoir
PT,h5412,0.10801019440099038,scr1998,stInflow,reservoir
PT,h5413,0.10801019440099038,scr1998,stInflow,reservoir
PT,h5414,0.10801019440099038,scr1998,stInflow,reservoir
PT,h5415,0.10801019440099038,scr1998,stInflow,reservoir
PT,h5416,0.10801019440099038,scr1998,stInflow,reservoir
PT,h5417,0.10801019440099038,scr1998,stInflow,reservoir
PT,h5418,0.10801019440099038,scr1998,stInflow,reservoir
PT,h5419,0.10801019440099038,scr1998,stInflow,reservoir
PT,h5420,0.10801019440099038,scr1998,stInflow,reservoir
PT,h5421,0.10801019440099038,scr1998,stInflow,reservoir
PT,h5422,0.10801019440099038,scr1998,stInflow,reservoir
PT,h5423,0.10801019440099038,scr1998,stInflow,reservoir
PT,h5424,0.10801019440099038,scr1998,stInflow,reservoir
PT,h5425,0.10801019440099038,scr1998,stInflow,reservoir
PT,h5426,0.10801019440099038,scr1998,stInflow,reservoir
PT,h5427,0.10801019440099038,scr1998,stInflow,reservoir
PT,h5428,0.10801019440099038,scr1998,stInflow,reservoir
PT,h5429,0.10801019440099038,scr1998,stInflow,reservoir
PT,h5430,0.10801019440099038,scr1998,stInflow,reservoir
PT,h5431,0.10801019440099038,scr1998,stInflow,reservoir
PT,h5432,0.10801019440099038,scr1998,stInflow,reservoir
PT,h5433,0.10801019440099038,scr1998,stInflow,reservoir
PT,h5434,0.10801019440099038,scr1998,stInflow,reservoir
PT,h5435,0.10801019440099038,scr1998,stInflow,reservoir
PT,h5436,0.10801019440099038,scr1998,stInflow,reservoir
PT,h5437,0.10801019440099038,scr1998,stInflow,reservoir
PT,h5438,0.10801019440099038,scr1998,stInflow,reservoir
PT,h5439,0.10801019440099038,scr1998,stInflow,reservoir
PT,h5440,0.10801019440099038,scr1998,stInflow,reservoir
PT,h5441,0.10801019440099038,scr1998,stInflow,reservoir
PT,h5442,0.10801019440099038,scr1998,stInflow,reservoir
PT,h5443,0.10801019440099038,scr1998,stInflow,reservoir
PT,h5444,0.10801019440099038,scr1998,stInflow,reservoir
PT,h5445,0.10801019440099038,scr1998,stInflow,reservoir
PT,h5446,0.10801019440099038,scr1998,stInflow,reservoir
PT,h5447,0.10801019440099038,scr1998,stInflow,reservoir
PT,h5448,0.10801019440099038,scr1998,stInflow,reservoir
PT,h5449,0.10801019440099038,scr1998,stInflow,reservoir
PT,h5450,0.10801019440099038,scr1998,stInflow,reservoir
PT,h5451,0.10801019440099038,scr1998,stInflow,reservoir
PT,h5452,0.10801019440099038,scr1998,stInflow,reservoir
PT,h5453,0.10801019440099038,scr1998,stInflow,reservoir
PT,h5454,0.10801019440099038,scr1998,stInflow,reservoir
PT,h5455,0.10801019440099038,scr1998,stInflow,reservoir
PT,h5456,0.10801019440099038,scr1998,stInflow,reservoir
PT,h5457,0.10801019440099038,scr1998,stInflow,reservoir
PT,h5458,0.10801019440099038,scr1998,stInflow,reservoir
PT,h5459,0.10801019440099038,scr1998,stInflow,reservoir
PT,h5460,0.10801019440099038,scr1998,stInflow,reservoir
PT,h5461,0.10801019440099038,scr1998,stInflow,reservoir
PT,h5462,0.10801019440099038,scr1998,stInflow,reservoir
PT,h5463,0.10801019440099038,scr1998,stInflow,reservoir
PT,h5464,0.10801019440099038,scr1998,stInflow,reservoir
PT,h5465,0.10801019440099038,scr1998,stInflow,reservoir
PT,h5466,0.10801019440099038,scr1998,stInflow,reservoir
PT,h5467,0.10801019440099038,scr1998,stInflow,reservoir
PT,h5468,0.10801019440099038,scr1998,stInflow,reservoir
PT,h5469,0.10801019440099038,scr1998,stInflow,reservoir
PT,h5470,0.10801019440099038,scr1998,stInflow,reservoir
PT,h5471,0.10801019440099038,scr1998,stInflow,reservoir
PT,h5472,0.10801019440099038,scr1998,stInflow,reservoir
PT,h5473,0.10854390426239145,scr1998,stInflow,reservoir
PT,h5474,0.10907761438627797,scr1998,stInflow,reservoir
PT,h5475,0.1096113247713656,scr1998,stInflow,reservoir
PT,h5476,0.1096113247713656,scr1998,stInflow,reservoir
PT,h5477,0.1096113247713656,scr1998,stInflow,reservoir
PT,h5478,0.1096113247713656,scr1998,stInflow,reservoir
PT,h5479,0.1096113247713656,scr1998,stInflow,reservoir
PT,h5480,0.1096113247713656,scr1998,stInflow,reservoir
PT,h5481,0.1096113247713656,scr1998,stInflow,reservoir
PT,h5482,0.1096113247713656,scr1998,stInflow,reservoir
PT,h5483,0.1096113247713656,scr1998,stInflow,reservoir
PT,h5484,0.1096113247713656,scr1998,stInflow,reservoir
PT,h5485,0.1096113247713656,scr1998,stInflow,reservoir
PT,h5486,0.1096113247713656,scr1998,stInflow,reservoir
PT,h5487,0.1096113247713656,scr1998,stInflow,reservoir
PT,h5488,0.1096113247713656,scr1998,stInflow,reservoir
PT,h5489,0.1096113247713656,scr1998,stInflow,reservoir
PT,h5490,0.1096113247713656,scr1998,stInflow,reservoir
PT,h5491,0.1096113247713656,scr1998,stInflow,reservoir
PT,h5492,0.1096113247713656,scr1998,stInflow,reservoir
PT,h5493,0.1096113247713656,scr1998,stInflow,reservoir
PT,h5494,0.1096113247713656,scr1998,stInflow,reservoir
PT,h5495,0.1096113247713656,scr1998,stInflow,reservoir
PT,h5496,0.1096113247713656,scr1998,stInflow,reservoir
PT,h5497,0.1096113247713656,scr1998,stInflow,reservoir
PT,h5498,0.1096113247713656,scr1998,stInflow,reservoir
PT,h5499,0.1096113247713656,scr1998,stInflow,reservoir
PT,h5500,0.1096113247713656,scr1998,stInflow,reservoir
PT,h5501,0.1096113247713656,scr1998,stInflow,reservoir
PT,h5502,0.1096113247713656,scr1998,stInflow,reservoir
PT,h5503,0.1096113247713656,scr1998,stInflow,reservoir
PT,h5504,0.1096113247713656,scr1998,stInflow,reservoir
PT,h5505,0.1096113247713656,scr1998,stInflow,reservoir
PT,h5506,0.1096113247713656,scr1998,stInflow,reservoir
PT,h5507,0.1096113247713656,scr1998,stInflow,reservoir
PT,h5508,0.1096113247713656,scr1998,stInflow,reservoir
PT,h5509,0.1096113247713656,scr1998,stInflow,reservoir
PT,h5510,0.1096113247713656,scr1998,stInflow,reservoir
PT,h5511,0.1096113247713656,scr1998,stInflow,reservoir
PT,h5512,0.1096113247713656,scr1998,stInflow,reservoir
PT,h5513,0.1096113247713656,scr1998,stInflow,reservoir
PT,h5514,0.1096113247713656,scr1998,stInflow,reservoir
PT,h5515,0.1096113247713656,scr1998,stInflow,reservoir
PT,h5516,0.1096113247713656,scr1998,stInflow,reservoir
PT,h5517,0.1096113247713656,scr1998,stInflow,reservoir
PT,h5518,0.1096113247713656,scr1998,stInflow,reservoir
PT,h5519,0.1096113247713656,scr1998,stInflow,reservoir
PT,h5520,0.1096113247713656,scr1998,stInflow,reservoir
PT,h5521,0.1096113247713656,scr1998,stInflow,reservoir
PT,h5522,0.1096113247713656,scr1998,stInflow,reservoir
PT,h5523,0.1096113247713656,scr1998,stInflow,reservoir
PT,h5524,0.1096113247713656,scr1998,stInflow,reservoir
PT,h5525,0.1096113247713656,scr1998,stInflow,reservoir
PT,h5526,0.1096113247713656,scr1998,stInflow,reservoir
PT,h5527,0.1096113247713656,scr1998,stInflow,reservoir
PT,h5528,0.1096113247713656,scr1998,stInflow,reservoir
PT,h5529,0.1096113247713656,scr1998,stInflow,reservoir
PT,h5530,0.1096113247713656,scr1998,stInflow,reservoir
PT,h5531,0.1096113247713656,scr1998,stInflow,reservoir
PT,h5532,0.1096113247713656,scr1998,stInflow,reservoir
PT,h5533,0.1096113247713656,scr1998,stInflow,reservoir
PT,h5534,0.1096113247713656,scr1998,stInflow,reservoir
PT,h5535,0.1096113247713656,scr1998,stInflow,reservoir
PT,h5536,0.1096113247713656,scr1998,stInflow,reservoir
PT,h5537,0.1096113247713656,scr1998,stInflow,reservoir
PT,h5538,0.1096113247713656,scr1998,stInflow,reservoir
PT,h5539,0.1096113247713656,scr1998,stInflow,reservoir
PT,h5540,0.1096113247713656,scr1998,stInflow,reservoir
PT,h5541,0.1096113247713656,scr1998,stInflow,reservoir
PT,h5542,0.1096113247713656,scr1998,stInflow,reservoir
PT,h5543,0.1096113247713656,scr1998,stInflow,reservoir
PT,h5544,0.1096113247713656,scr1998,stInflow,reservoir
PT,h5545,0.1096113247713656,scr1998,stInflow,reservoir
PT,h5546,0.1096113247713656,scr1998,stInflow,reservoir
PT,h5547,0.1096113247713656,scr1998,stInflow,reservoir
PT,h5548,0.1096113247713656,scr1998,stInflow,reservoir
PT,h5549,0.1096113247713656,scr1998,stInflow,reservoir
PT,h5550,0.1096113247713656,scr1998,stInflow,reservoir
PT,h5551,0.1096113247713656,scr1998,stInflow,reservoir
PT,h5552,0.1096113247713656,scr1998,stInflow,reservoir
PT,h5553,0.1096113247713656,scr1998,stInflow,reservoir
PT,h5554,0.1096113247713656,scr1998,stInflow,reservoir
PT,h5555,0.1096113247713656,scr1998,stInflow,reservoir
PT,h5556,0.1096113247713656,scr1998,stInflow,reservoir
PT,h5557,0.1096113247713656,scr1998,stInflow,reservoir
PT,h5558,0.1096113247713656,scr1998,stInflow,reservoir
PT,h5559,0.1096113247713656,scr1998,stInflow,reservoir
PT,h5560,0.1096113247713656,scr1998,stInflow,reservoir
PT,h5561,0.1096113247713656,scr1998,stInflow,reservoir
PT,h5562,0.1096113247713656,scr1998,stInflow,reservoir
PT,h5563,0.1096113247713656,scr1998,stInflow,reservoir
PT,h5564,0.1096113247713656,scr1998,stInflow,reservoir
PT,h5565,0.1096113247713656,scr1998,stInflow,reservoir
PT,h5566,0.1096113247713656,scr1998,stInflow,reservoir
PT,h5567,0.1096113247713656,scr1998,stInflow,reservoir
PT,h5568,0.1096113247713656,scr1998,stInflow,reservoir
PT,h5569,0.1096113247713656,scr1998,stInflow,reservoir
PT,h5570,0.1096113247713656,scr1998,stInflow,reservoir
PT,h5571,0.1096113247713656,scr1998,stInflow,reservoir
PT,h5572,0.1096113247713656,scr1998,stInflow,reservoir
PT,h5573,0.1096113247713656,scr1998,stInflow,reservoir
PT,h5574,0.1096113247713656,scr1998,stInflow,reservoir
PT,h5575,0.1096113247713656,scr1998,stInflow,reservoir
PT,h5576,0.1096113247713656,scr1998,stInflow,reservoir
PT,h5577,0.1096113247713656,scr1998,stInflow,reservoir
PT,h5578,0.1096113247713656,scr1998,stInflow,reservoir
PT,h5579,0.1096113247713656,scr1998,stInflow,reservoir
PT,h5580,0.1096113247713656,scr1998,stInflow,reservoir
PT,h5581,0.1096113247713656,scr1998,stInflow,reservoir
PT,h5582,0.1096113247713656,scr1998,stInflow,reservoir
PT,h5583,0.1096113247713656,scr1998,stInflow,reservoir
PT,h5584,0.1096113247713656,scr1998,stInflow,reservoir
PT,h5585,0.1096113247713656,scr1998,stInflow,reservoir
PT,h5586,0.1096113247713656,scr1998,stInflow,reservoir
PT,h5587,0.1096113247713656,scr1998,stInflow,reservoir
PT,h5588,0.1096113247713656,scr1998,stInflow,reservoir
PT,h5589,0.1096113247713656,scr1998,stInflow,reservoir
PT,h5590,0.1096113247713656,scr1998,stInflow,reservoir
PT,h5591,0.1096113247713656,scr1998,stInflow,reservoir
PT,h5592,0.1096113247713656,scr1998,stInflow,reservoir
PT,h5593,0.1096113247713656,scr1998,stInflow,reservoir
PT,h5594,0.1096113247713656,scr1998,stInflow,reservoir
PT,h5595,0.1096113247713656,scr1998,stInflow,reservoir
PT,h5596,0.1096113247713656,scr1998,stInflow,reservoir
PT,h5597,0.1096113247713656,scr1998,stInflow,reservoir
PT,h5598,0.1096113247713656,scr1998,stInflow,reservoir
PT,h5599,0.1096113247713656,scr1998,stInflow,reservoir
PT,h5600,0.1096113247713656,scr1998,stInflow,reservoir
PT,h5601,0.1096113247713656,scr1998,stInflow,reservoir
PT,h5602,0.1096113247713656,scr1998,stInflow,reservoir
PT,h5603,0.1096113247713656,scr1998,stInflow,reservoir
PT,h5604,0.1096113247713656,scr1998,stInflow,reservoir
PT,h5605,0.1096113247713656,scr1998,stInflow,reservoir
PT,h5606,0.1096113247713656,scr1998,stInflow,reservoir
PT,h5607,0.1096113247713656,scr1998,stInflow,reservoir
PT,h5608,0.1096113247713656,scr1998,stInflow,reservoir
PT,h5609,0.1096113247713656,scr1998,stInflow,reservoir
PT,h5610,0.1096113247713656,scr1998,stInflow,reservoir
PT,h5611,0.1096113247713656,scr1998,stInflow,reservoir
PT,h5612,0.1096113247713656,scr1998,stInflow,reservoir
PT,h5613,0.1096113247713656,scr1998,stInflow,reservoir
PT,h5614,0.1096113247713656,scr1998,stInflow,reservoir
PT,h5615,0.1096113247713656,scr1998,stInflow,reservoir
PT,h5616,0.1096113247713656,scr1998,stInflow,reservoir
PT,h5617,0.1096113247713656,scr1998,stInflow,reservoir
PT,h5618,0.1096113247713656,scr1998,stInflow,reservoir
PT,h5619,0.1096113247713656,scr1998,stInflow,reservoir
PT,h5620,0.1096113247713656,scr1998,stInflow,reservoir
PT,h5621,0.1096113247713656,scr1998,stInflow,reservoir
PT,h5622,0.1096113247713656,scr1998,stInflow,reservoir
PT,h5623,0.1096113247713656,scr1998,stInflow,reservoir
PT,h5624,0.1096113247713656,scr1998,stInflow,reservoir
PT,h5625,0.1096113247713656,scr1998,stInflow,reservoir
PT,h5626,0.1096113247713656,scr1998,stInflow,reservoir
PT,h5627,0.1096113247713656,scr1998,stInflow,reservoir
PT,h5628,0.1096113247713656,scr1998,stInflow,reservoir
PT,h5629,0.1096113247713656,scr1998,stInflow,reservoir
PT,h5630,0.1096113247713656,scr1998,stInflow,reservoir
PT,h5631,0.1096113247713656,scr1998,stInflow,reservoir
PT,h5632,0.1096113247713656,scr1998,stInflow,reservoir
PT,h5633,0.1096113247713656,scr1998,stInflow,reservoir
PT,h5634,0.1096113247713656,scr1998,stInflow,reservoir
PT,h5635,0.1096113247713656,scr1998,stInflow,reservoir
PT,h5636,0.1096113247713656,scr1998,stInflow,reservoir
PT,h5637,0.1096113247713656,scr1998,stInflow,reservoir
PT,h5638,0.1096113247713656,scr1998,stInflow,reservoir
PT,h5639,0.1096113247713656,scr1998,stInflow,reservoir
PT,h5640,0.1096113247713656,scr1998,stInflow,reservoir
PT,h5641,0.11338338881244059,scr1998,stInflow,reservoir
PT,h5642,0.11715546540753058,scr1998,stInflow,reservoir
PT,h5643,0.12092755415224667,scr1998,stInflow,reservoir
PT,h5644,0.12092755415224667,scr1998,stInflow,reservoir
PT,h5645,0.12092755415224667,scr1998,stInflow,reservoir
PT,h5646,0.12092755415224667,scr1998,stInflow,reservoir
PT,h5647,0.12092755415224667,scr1998,stInflow,reservoir
PT,h5648,0.12092755415224667,scr1998,stInflow,reservoir
PT,h5649,0.12092755415224667,scr1998,stInflow,reservoir
PT,h5650,0.12092755415224667,scr1998,stInflow,reservoir
PT,h5651,0.12092755415224667,scr1998,stInflow,reservoir
PT,h5652,0.12092755415224667,scr1998,stInflow,reservoir
PT,h5653,0.12092755415224667,scr1998,stInflow,reservoir
PT,h5654,0.12092755415224667,scr1998,stInflow,reservoir
PT,h5655,0.12092755415224667,scr1998,stInflow,reservoir
PT,h5656,0.12092755415224667,scr1998,stInflow,reservoir
PT,h5657,0.12092755415224667,scr1998,stInflow,reservoir
PT,h5658,0.12092755415224667,scr1998,stInflow,reservoir
PT,h5659,0.12092755415224667,scr1998,stInflow,reservoir
PT,h5660,0.12092755415224667,scr1998,stInflow,reservoir
PT,h5661,0.12092755415224667,scr1998,stInflow,reservoir
PT,h5662,0.12092755415224667,scr1998,stInflow,reservoir
PT,h5663,0.12092755415224667,scr1998,stInflow,reservoir
PT,h5664,0.12092755415224667,scr1998,stInflow,reservoir
PT,h5665,0.12092755415224667,scr1998,stInflow,reservoir
PT,h5666,0.12092755415224667,scr1998,stInflow,reservoir
PT,h5667,0.12092755415224667,scr1998,stInflow,reservoir
PT,h5668,0.12092755415224667,scr1998,stInflow,reservoir
PT,h5669,0.12092755415224667,scr1998,stInflow,reservoir
PT,h5670,0.12092755415224667,scr1998,stInflow,reservoir
PT,h5671,0.12092755415224667,scr1998,stInflow,reservoir
PT,h5672,0.12092755415224667,scr1998,stInflow,reservoir
PT,h5673,0.12092755415224667,scr1998,stInflow,reservoir
PT,h5674,0.12092755415224667,scr1998,stInflow,reservoir
PT,h5675,0.12092755415224667,scr1998,stInflow,reservoir
PT,h5676,0.12092755415224667,scr1998,stInflow,reservoir
PT,h5677,0.12092755415224667,scr1998,stInflow,reservoir
PT,h5678,0.12092755415224667,scr1998,stInflow,reservoir
PT,h5679,0.12092755415224667,scr1998,stInflow,reservoir
PT,h5680,0.12092755415224667,scr1998,stInflow,reservoir
PT,h5681,0.12092755415224667,scr1998,stInflow,reservoir
PT,h5682,0.12092755415224667,scr1998,stInflow,reservoir
PT,h5683,0.12092755415224667,scr1998,stInflow,reservoir
PT,h5684,0.12092755415224667,scr1998,stInflow,reservoir
PT,h5685,0.12092755415224667,scr1998,stInflow,reservoir
PT,h5686,0.12092755415224667,scr1998,stInflow,reservoir
PT,h5687,0.12092755415224667,scr1998,stInflow,reservoir
PT,h5688,0.12092755415224667,scr1998,stInflow,reservoir
PT,h5689,0.12092755415224667,scr1998,stInflow,reservoir
PT,h5690,0.12092755415224667,scr1998,stInflow,reservoir
PT,h5691,0.12092755415224667,scr1998,stInflow,reservoir
PT,h5692,0.12092755415224667,scr1998,stInflow,reservoir
PT,h5693,0.12092755415224667,scr1998,stInflow,reservoir
PT,h5694,0.12092755415224667,scr1998,stInflow,reservoir
PT,h5695,0.12092755415224667,scr1998,stInflow,reservoir
PT,h5696,0.12092755415224667,scr1998,stInflow,reservoir
PT,h5697,0.12092755415224667,scr1998,stInflow,reservoir
PT,h5698,0.12092755415224667,scr1998,stInflow,reservoir
PT,h5699,0.12092755415224667,scr1998,stInflow,reservoir
PT,h5700,0.12092755415224667,scr1998,stInflow,reservoir
PT,h5701,0.12092755415224667,scr1998,stInflow,reservoir
PT,h5702,0.12092755415224667,scr1998,stInflow,reservoir
PT,h5703,0.12092755415224667,scr1998,stInflow,reservoir
PT,h5704,0.12092755415224667,scr1998,stInflow,reservoir
PT,h5705,0.12092755415224667,scr1998,stInflow,reservoir
PT,h5706,0.12092755415224667,scr1998,stInflow,reservoir
PT,h5707,0.12092755415224667,scr1998,stInflow,reservoir
PT,h5708,0.12092755415224667,scr1998,stInflow,reservoir
PT,h5709,0.12092755415224667,scr1998,stInflow,reservoir
PT,h5710,0.12092755415224667,scr1998,stInflow,reservoir
PT,h5711,0.12092755415224667,scr1998,stInflow,reservoir
PT,h5712,0.12092755415224667,scr1998,stInflow,reservoir
PT,h5713,0.12092755415224667,scr1998,stInflow,reservoir
PT,h5714,0.12092755415224667,scr1998,stInflow,reservoir
PT,h5715,0.12092755415224667,scr1998,stInflow,reservoir
PT,h5716,0.12092755415224667,scr1998,stInflow,reservoir
PT,h5717,0.12092755415224667,scr1998,stInflow,reservoir
PT,h5718,0.12092755415224667,scr1998,stInflow,reservoir
PT,h5719,0.12092755415224667,scr1998,stInflow,reservoir
PT,h5720,0.12092755415224667,scr1998,stInflow,reservoir
PT,h5721,0.12092755415224667,scr1998,stInflow,reservoir
PT,h5722,0.12092755415224667,scr1998,stInflow,reservoir
PT,h5723,0.12092755415224667,scr1998,stInflow,reservoir
PT,h5724,0.12092755415224667,scr1998,stInflow,reservoir
PT,h5725,0.12092755415224667,scr1998,stInflow,reservoir
PT,h5726,0.12092755415224667,scr1998,stInflow,reservoir
PT,h5727,0.12092755415224667,scr1998,stInflow,reservoir
PT,h5728,0.12092755415224667,scr1998,stInflow,reservoir
PT,h5729,0.12092755415224667,scr1998,stInflow,reservoir
PT,h5730,0.12092755415224667,scr1998,stInflow,reservoir
PT,h5731,0.12092755415224667,scr1998,stInflow,reservoir
PT,h5732,0.12092755415224667,scr1998,stInflow,reservoir
PT,h5733,0.12092755415224667,scr1998,stInflow,reservoir
PT,h5734,0.12092755415224667,scr1998,stInflow,reservoir
PT,h5735,0.12092755415224667,scr1998,stInflow,reservoir
PT,h5736,0.12092755415224667,scr1998,stInflow,reservoir
PT,h5737,0.12092755415224667,scr1998,stInflow,reservoir
PT,h5738,0.12092755415224667,scr1998,stInflow,reservoir
PT,h5739,0.12092755415224667,scr1998,stInflow,reservoir
PT,h5740,0.12092755415224667,scr1998,stInflow,reservoir
PT,h5741,0.12092755415224667,scr1998,stInflow,reservoir
PT,h5742,0.12092755415224667,scr1998,stInflow,reservoir
PT,h5743,0.12092755415224667,scr1998,stInflow,reservoir
PT,h5744,0.12092755415224667,scr1998,stInflow,reservoir
PT,h5745,0.12092755415224667,scr1998,stInflow,reservoir
PT,h5746,0.12092755415224667,scr1998,stInflow,reservoir
PT,h5747,0.12092755415224667,scr1998,stInflow,reservoir
PT,h5748,0.12092755415224667,scr1998,stInflow,reservoir
PT,h5749,0.12092755415224667,scr1998,stInflow,reservoir
PT,h5750,0.12092755415224667,scr1998,stInflow,reservoir
PT,h5751,0.12092755415224667,scr1998,stInflow,reservoir
PT,h5752,0.12092755415224667,scr1998,stInflow,reservoir
PT,h5753,0.12092755415224667,scr1998,stInflow,reservoir
PT,h5754,0.12092755415224667,scr1998,stInflow,reservoir
PT,h5755,0.12092755415224667,scr1998,stInflow,reservoir
PT,h5756,0.12092755415224667,scr1998,stInflow,reservoir
PT,h5757,0.12092755415224667,scr1998,stInflow,reservoir
PT,h5758,0.12092755415224667,scr1998,stInflow,reservoir
PT,h5759,0.12092755415224667,scr1998,stInflow,reservoir
PT,h5760,0.12092755415224667,scr1998,stInflow,reservoir
PT,h5761,0.12092755415224667,scr1998,stInflow,reservoir
PT,h5762,0.12092755415224667,scr1998,stInflow,reservoir
PT,h5763,0.12092755415224667,scr1998,stInflow,reservoir
PT,h5764,0.12092755415224667,scr1998,stInflow,reservoir
PT,h5765,0.12092755415224667,scr1998,stInflow,reservoir
PT,h5766,0.12092755415224667,scr1998,stInflow,reservoir
PT,h5767,0.12092755415224667,scr1998,stInflow,reservoir
PT,h5768,0.12092755415224667,scr1998,stInflow,reservoir
PT,h5769,0.12092755415224667,scr1998,stInflow,reservoir
PT,h5770,0.12092755415224667,scr1998,stInflow,reservoir
PT,h5771,0.12092755415224667,scr1998,stInflow,reservoir
PT,h5772,0.12092755415224667,scr1998,stInflow,reservoir
PT,h5773,0.12092755415224667,scr1998,stInflow,reservoir
PT,h5774,0.12092755415224667,scr1998,stInflow,reservoir
PT,h5775,0.12092755415224667,scr1998,stInflow,reservoir
PT,h5776,0.12092755415224667,scr1998,stInflow,reservoir
PT,h5777,0.12092755415224667,scr1998,stInflow,reservoir
PT,h5778,0.12092755415224667,scr1998,stInflow,reservoir
PT,h5779,0.12092755415224667,scr1998,stInflow,reservoir
PT,h5780,0.12092755415224667,scr1998,stInflow,reservoir
PT,h5781,0.12092755415224667,scr1998,stInflow,reservoir
PT,h5782,0.12092755415224667,scr1998,stInflow,reservoir
PT,h5783,0.12092755415224667,scr1998,stInflow,reservoir
PT,h5784,0.12092755415224667,scr1998,stInflow,reservoir
PT,h5785,0.12092755415224667,scr1998,stInflow,reservoir
PT,h5786,0.12092755415224667,scr1998,stInflow,reservoir
PT,h5787,0.12092755415224667,scr1998,stInflow,reservoir
PT,h5788,0.12092755415224667,scr1998,stInflow,reservoir
PT,h5789,0.12092755415224667,scr1998,stInflow,reservoir
PT,h5790,0.12092755415224667,scr1998,stInflow,reservoir
PT,h5791,0.12092755415224667,scr1998,stInflow,reservoir
PT,h5792,0.12092755415224667,scr1998,stInflow,reservoir
PT,h5793,0.12092755415224667,scr1998,stInflow,reservoir
PT,h5794,0.12092755415224667,scr1998,stInflow,reservoir
PT,h5795,0.12092755415224667,scr1998,stInflow,reservoir
PT,h5796,0.12092755415224667,scr1998,stInflow,reservoir
PT,h5797,0.12092755415224667,scr1998,stInflow,reservoir
PT,h5798,0.12092755415224667,scr1998,stInflow,reservoir
PT,h5799,0.12092755415224667,scr1998,stInflow,reservoir
PT,h5800,0.12092755415224667,scr1998,stInflow,reservoir
PT,h5801,0.12092755415224667,scr1998,stInflow,reservoir
PT,h5802,0.12092755415224667,scr1998,stInflow,reservoir
PT,h5803,0.12092755415224667,scr1998,stInflow,reservoir
PT,h5804,0.12092755415224667,scr1998,stInflow,reservoir
PT,h5805,0.12092755415224667,scr1998,stInflow,reservoir
PT,h5806,0.12092755415224667,scr1998,stInflow,reservoir
PT,h5807,0.12092755415224667,scr1998,stInflow,reservoir
PT,h5808,0.12092755415224667,scr1998,stInflow,reservoir
RO,h5065,0.5434276976698504,scr1998,stInflow,reservoir
RO,h5066,0.5434276976698504,scr1998,stInflow,reservoir
RO,h5067,0.5434276976698504,scr1998,stInflow,reservoir
RO,h5068,0.5434276976698504,scr1998,stInflow,reservoir
RO,h5069,0.5434276976698504,scr1998,stInflow,reservoir
RO,h5070,0.5434276976698504,scr1998,stInflow,reservoir
RO,h5071,0.5434276976698504,scr1998,stInflow,reservoir
RO,h5072,0.5434276976698504,scr1998,stInflow,reservoir
RO,h5073,0.5434276976698504,scr1998,stInflow,reservoir
RO,h5074,0.5434276976698504,scr1998,stInflow,reservoir
RO,h5075,0.5434276976698504,scr1998,stInflow,reservoir
RO,h5076,0.5434276976698504,scr1998,stInflow,reservoir
RO,h5077,0.5434276976698504,scr1998,stInflow,reservoir
RO,h5078,0.5434276976698504,scr1998,stInflow,reservoir
RO,h5079,0.5434276976698504,scr1998,stInflow,reservoir
RO,h5080,0.5434276976698504,scr1998,stInflow,reservoir
RO,h5081,0.5434276976698504,scr1998,stInflow,reservoir
RO,h5082,0.5434276976698504,scr1998,stInflow,reservoir
RO,h5083,0.5434276976698504,scr1998,stInflow,reservoir
RO,h5084,0.5434276976698504,scr1998,stInflow,reservoir
RO,h5085,0.5434276976698504,scr1998,stInflow,reservoir
RO,h5086,0.5434276976698504,scr1998,stInflow,reservoir
RO,h5087,0.5434276976698504,scr1998,stInflow,reservoir
RO,h5088,0.5434276976698504,scr1998,stInflow,reservoir
RO,h5089,0.5434276976698504,scr1998,stInflow,reservoir
RO,h5090,0.5434276976698504,scr1998,stInflow,reservoir
RO,h5091,0.5434276976698504,scr1998,stInflow,reservoir
RO,h5092,0.5434276976698504,scr1998,stInflow,reservoir
RO,h5093,0.5434276976698504,scr1998,stInflow,reservoir
RO,h5094,0.5434276976698504,scr1998,stInflow,reservoir
RO,h5095,0.5434276976698504,scr1998,stInflow,reservoir
RO,h5096,0.5434276976698504,scr1998,stInflow,reservoir
RO,h5097,0.5434276976698504,scr1998,stInflow,reservoir
RO,h5098,0.5434276976698504,scr1998,stInflow,reservoir
RO,h5099,0.5434276976698504,scr1998,stInflow,reservoir
RO,h5100,0.5434276976698504,scr1998,stInflow,reservoir
RO,h5101,0.5434276976698504,scr1998,stInflow,reservoir
RO,h5102,0.5434276976698504,scr1998,stInflow,reservoir
RO,h5103,0.5434276976698504,scr1998,stInflow,reservoir
RO,h5104,0.5434276976698504,scr1998,stInflow,reservoir
RO,h5105,0.5434276976698504,scr1998,stInflow,reservoir
RO,h5106,0.5434276976698504,scr1998,stInflow,reservoir
RO,h5107,0.5434276976698504,scr1998,stInflow,reservoir
RO,h5108,0.5434276976698504,scr1998,stInflow,reservoir
RO,h5109,0.5434276976698504,scr1998,stInflow,reservoir
RO,h5110,0.5434276976698504,scr1998,stInflow,reservoir
RO,h5111,0.5434276976698504,scr1998,stInflow,reservoir
RO,h5112,0.5434276976698504,scr1998,stInflow,reservoir
RO,h5113,0.5434276976698504,scr1998,stInflow,reservoir
RO,h5114,0.5434276976698504,scr1998,stInflow,reservoir
RO,h5115,0.5434276976698504,scr1998,stInflow,reservoir
RO,h5116,0.5434276976698504,scr1998,stInflow,reservoir
RO,h5117,0.5434276976698504,scr1998,stInflow,reservoir
RO,h5118,0.5434276976698504,scr1998,stInflow,reservoir
RO,h5119,0.5434276976698504,scr1998,stInflow,reservoir
RO,h5120,0.5434276976698504,scr1998,stInflow,reservoir
RO,h5121,0.5434276976698504,scr1998,stInflow,reservoir
RO,h5122,0.5434276976698504,scr1998,stInflow,reservoir
RO,h5123,0.5434276976698504,scr1998,stInflow,reservoir
RO,h5124,0.5434276976698504,scr1998,stInflow,reservoir
RO,h5125,0.5434276976698504,scr1998,stInflow,reservoir
RO,h5126,0.5434276976698504,scr1998,stInflow,reservoir
RO,h5127,0.5434276976698504,scr1998,stInflow,reservoir
RO,h5128,0.5434276976698504,scr1998,stInflow,reservoir
RO,h5129,0.5434276976698504,scr1998,stInflow,reservoir
RO,h5130,0.5434276976698504,scr1998,stInflow,reservoir
RO,h5131,0.5434276976698504,scr1998,stInflow,reservoir
RO,h5132,0.5434276976698504,scr1998,stInflow,reservoir
RO,h5133,0.5434276976698504,scr1998,stInflow,reservoir
RO,h5134,0.5434276976698504,scr1998,stInflow,reservoir
RO,h5135,0.5434276976698504,scr1998,stInflow,reservoir
RO,h5136,0.5434276976698504,scr1998,stInflow,reservoir
RO,h5137,0.5361917889239454,scr1998,stInflow,reservoir
RO,h5138,0.5289558899431972,scr1998,stInflow,reservoir
RO,h5139,0.5217200008611844,scr1998,stInflow,reservoir
RO,h5140,0.5217200008611844,scr1998,stInflow,reservoir
RO,h5141,0.5217200008611844,scr1998,stInflow,reservoir
RO,h5142,0.5217200008611844,scr1998,stInflow,reservoir
RO,h5143,0.5217200008611844,scr1998,stInflow,reservoir
RO,h5144,0.5217200008611844,scr1998,stInflow,reservoir
RO,h5145,0.5217200008611844,scr1998,stInflow,reservoir
RO,h5146,0.5217200008611844,scr1998,stInflow,reservoir
RO,h5147,0.5217200008611844,scr1998,stInflow,reservoir
RO,h5148,0.5217200008611844,scr1998,stInflow,reservoir
RO,h5149,0.5217200008611844,scr1998,stInflow,reservoir
RO,h5150,0.5217200008611844,scr1998,stInflow,reservoir
RO,h5151,0.5217200008611844,scr1998,stInflow,reservoir
RO,h5152,0.5217200008611844,scr1998,stInflow,reservoir
RO,h5153,0.5217200008611844,scr1998,stInflow,reservoir
RO,h5154,0.5217200008611844,scr1998,stInflow,reservoir
RO,h5155,0.5217200008611844,scr1998,stInflow,reservoir
RO,h5156,0.5217200008611844,scr1998,stInflow,reservoir
RO,h5157,0.5217200008611844,scr1998,stInflow,reservoir
RO,h5158,0.5217200008611844,scr1998,stInflow,reservoir
RO,h5159,0.5217200008611844,scr1998,stInflow,reservoir
RO,h5160,0.5217200008611844,scr1998,stInflow,reservoir
RO,h5161,0.5217200008611844,scr1998,stInflow,reservoir
RO,h5162,0.5217200008611844,scr1998,stInflow,reservoir
RO,h5163,0.5217200008611844,scr1998,stInflow,reservoir
RO,h5164,0.5217200008611844,scr1998,stInflow,reservoir
RO,h5165,0.5217200008611844,scr1998,stInflow,reservoir
RO,h5166,0.5217200008611844,scr1998,stInflow,reservoir
RO,h5167,0.5217200008611844,scr1998,stInflow,reservoir
RO,h5168,0.5217200008611844,scr1998,stInflow,reservoir
RO,h5169,0.5217200008611844,scr1998,stInflow,reservoir
RO,h5170,0.5217200008611844,scr1998,stInflow,reservoir
RO,h5171,0.5217200008611844,scr1998,stInflow,reservoir
RO,h5172,0.5217200008611844,scr1998,stInflow,reservoir
RO,h5173,0.5217200008611844,scr1998,stInflow,reservoir
RO,h5174,0.5217200008611844,scr1998,stInflow,reservoir
RO,h5175,0.5217200008611844,scr1998,stInflow,reservoir
RO,h5176,0.5217200008611844,scr1998,stInflow,reservoir
RO,h5177,0.5217200008611844,scr1998,stInflow,reservoir
RO,h5178,0.5217200008611844,scr1998,stInflow,reservoir
RO,h5179,0.5217200008611844,scr1998,stInflow,reservoir
RO,h5180,0.5217200008611844,scr1998,stInflow,reservoir
RO,h5181,0.5217200008611844,scr1998,stInflow,reservoir
RO,h5182,0.5217200008611844,scr1998,stInflow,reservoir
RO,h5183,0.5217200008611844,scr1998,stInflow,reservoir
RO,h5184,0.5217200008611844,scr1998,stInflow,reservoir
RO,h5185,0.5217200008611844,scr1998,stInflow,reservoir
RO,h5186,0.5217200008611844,scr1998,stInflow,reservoir
RO,h5187,0.5217200008611844,scr1998,stInflow,reservoir
RO,h5188,0.5217200008611844,scr1998,stInflow,reservoir
RO,h5189,0.5217200008611844,scr1998,stInflow,reservoir
RO,h5190,0.5217200008611844,scr1998,stInflow,reservoir
RO,h5191,0.5217200008611844,scr1998,stInflow,reservoir
RO,h5192,0.5217200008611844,scr1998,stInflow,reservoir
RO,h5193,0.5217200008611844,scr1998,stInflow,reservoir
RO,h5194,0.5217200008611844,scr1998,stInflow,reservoir
RO,h5195,0.5217200008611844,scr1998,stInflow,reservoir
RO,h5196,0.5217200008611844,scr1998,stInflow,reservoir
RO,h5197,0.5217200008611844,scr1998,stInflow,reservoir
RO,h5198,0.5217200008611844,scr1998,stInflow,reservoir
RO,h5199,0.5217200008611844,scr1998,stInflow,reservoir
RO,h5200,0.5217200008611844,scr1998,stInflow,reservoir
RO,h5201,0.5217200008611844,scr1998,stInflow,reservoir
RO,h5202,0.5217200008611844,scr1998,stInflow,reservoir
RO,h5203,0.5217200008611844,scr1998,stInflow,reservoir
RO,h5204,0.5217200008611844,scr1998,stInflow,reservoir
RO,h5205,0.5217200008611844,scr1998,stInflow,reservoir
RO,h5206,0.5217200008611844,scr1998,stInflow,reservoir
RO,h5207,0.5217200008611844,scr1998,stInflow,reservoir
RO,h5208,0.5217200008611844,scr1998,stInflow,reservoir
RO,h5209,0.5217200008611844,scr1998,stInflow,reservoir
RO,h5210,0.5217200008611844,scr1998,stInflow,reservoir
RO,h5211,0.5217200008611844,scr1998,stInflow,reservoir
RO,h5212,0.5217200008611844,scr1998,stInflow,reservoir
RO,h5213,0.5217200008611844,scr1998,stInflow,reservoir
RO,h5214,0.5217200008611844,scr1998,stInflow,reservoir
RO,h5215,0.5217200008611844,scr1998,stInflow,reservoir
RO,h5216,0.5217200008611844,scr1998,stInflow,reservoir
RO,h5217,0.5217200008611844,scr1998,stInflow,reservoir
RO,h5218,0.5217200008611844,scr1998,stInflow,reservoir
RO,h5219,0.5217200008611844,scr1998,stInflow,reservoir
RO,h5220,0.5217200008611844,scr1998,stInflow,reservoir
RO,h5221,0.5217200008611844,scr1998,stInflow,reservoir
RO,h5222,0.5217200008611844,scr1998,stInflow,reservoir
RO,h5223,0.5217200008611844,scr1998,stInflow,reservoir
RO,h5224,0.5217200008611844,scr1998,stInflow,reservoir
RO,h5225,0.5217200008611844,scr1998,stInflow,reservoir
RO,h5226,0.5217200008611844,scr1998,stInflow,reservoir
RO,h5227,0.5217200008611844,scr1998,stInflow,reservoir
RO,h5228,0.5217200008611844,scr1998,stInflow,reservoir
RO,h5229,0.5217200008611844,scr1998,stInflow,reservoir
RO,h5230,0.5217200008611844,scr1998,stInflow,reservoir
RO,h5231,0.5217200008611844,scr1998,stInflow,reservoir
RO,h5232,0.5217200008611844,scr1998,stInflow,reservoir
RO,h5233,0.5217200008611844,scr1998,stInflow,reservoir
RO,h5234,0.5217200008611844,scr1998,stInflow,reservoir
RO,h5235,0.5217200008611844,scr1998,stInflow,reservoir
RO,h5236,0.5217200008611844,scr1998,stInflow,reservoir
RO,h5237,0.5217200008611844,scr1998,stInflow,reservoir
RO,h5238,0.5217200008611844,scr1998,stInflow,reservoir
RO,h5239,0.5217200008611844,scr1998,stInflow,reservoir
RO,h5240,0.5217200008611844,scr1998,stInflow,reservoir
RO,h5241,0.5217200008611844,scr1998,stInflow,reservoir
RO,h5242,0.5217200008611844,scr1998,stInflow,reservoir
RO,h5243,0.5217200008611844,scr1998,stInflow,reservoir
RO,h5244,0.5217200008611844,scr1998,stInflow,reservoir
RO,h5245,0.5217200008611844,scr1998,stInflow,reservoir
RO,h5246,0.5217200008611844,scr1998,stInflow,reservoir
RO,h5247,0.5217200008611844,scr1998,stInflow,reservoir
RO,h5248,0.5217200008611844,scr1998,stInflow,reservoir
RO,h5249,0.5217200008611844,scr1998,stInflow,reservoir
RO,h5250,0.5217200008611844,scr1998,stInflow,reservoir
RO,h5251,0.5217200008611844,scr1998,stInflow,reservoir
RO,h5252,0.5217200008611844,scr1998,stInflow,reservoir
RO,h5253,0.5217200008611844,scr1998,stInflow,reservoir
RO,h5254,0.5217200008611844,scr1998,stInflow,reservoir
RO,h5255,0.5217200008611844,scr1998,stInflow,reservoir
RO,h5256,0.5217200008611844,scr1998,stInflow,reservoir
RO,h5257,0.5217200008611844,scr1998,stInflow,reservoir
RO,h5258,0.5217200008611844,scr1998,stInflow,reservoir
RO,h5259,0.5217200008611844,scr1998,stInflow,reservoir
RO,h5260,0.5217200008611844,scr1998,stInflow,reservoir
RO,h5261,0.5217200008611844,scr1998,stInflow,reservoir
RO,h5262,0.5217200008611844,scr1998,stInflow,reservoir
RO,h5263,0.5217200008611844,scr1998,stInflow,reservoir
RO,h5264,0.5217200008611844,scr1998,stInflow,reservoir
RO,h5265,0.5217200008611844,scr1998,stInflow,reservoir
RO,h5266,0.5217200008611844,scr1998,stInflow,reservoir
RO,h5267,0.5217200008611844,scr1998,stInflow,reservoir
RO,h5268,0.5217200008611844,scr1998,stInflow,reservoir
RO,h5269,0.5217200008611844,scr1998,stInflow,reservoir
RO,h5270,0.5217200008611844,scr1998,stInflow,reservoir
RO,h5271,0.5217200008611844,scr1998,stInflow,reservoir
RO,h5272,0.5217200008611844,scr1998,stInflow,reservoir
RO,h5273,0.5217200008611844,scr1998,stInflow,reservoir
RO,h5274,0.5217200008611844,scr1998,stInflow,reservoir
RO,h5275,0.5217200008611844,scr1998,stInflow,reservoir
RO,h5276,0.5217200008611844,scr1998,stInflow,reservoir
RO,h5277,0.5217200008611844,scr1998,stInflow,reservoir
RO,h5278,0.5217200008611844,scr1998,stInflow,reservoir
RO,h5279,0.5217200008611844,scr1998,stInflow,reservoir
RO,h5280,0.5217200008611844,scr1998,stInflow,reservoir
RO,h5281,0.5217200008611844,scr1998,stInflow,reservoir
RO,h5282,0.5217200008611844,scr1998,stInflow,reservoir
RO,h5283,0.5217200008611844,scr1998,stInflow,reservoir
RO,h5284,0.5217200008611844,scr1998,stInflow,reservoir
RO,h5285,0.5217200008611844,scr1998,stInflow,reservoir
RO,h5286,0.5217200008611844,scr1998,stInflow,reservoir
RO,h5287,0.5217200008611844,scr1998,stInflow,reservoir
RO,h5288,0.5217200008611844,scr1998,stInflow,reservoir
RO,h5289,0.5217200008611844,scr1998,stInflow,reservoir
RO,h5290,0.5217200008611844,scr1998,stInflow,reservoir
RO,h5291,0.5217200008611844,scr1998,stInflow,reservoir
RO,h5292,0.5217200008611844,scr1998,stInflow,reservoir
RO,h5293,0.5217200008611844,scr1998,stInflow,reservoir
RO,h5294,0.5217200008611844,scr1998,stInflow,reservoir
RO,h5295,0.5217200008611844,scr1998,stInflow,reservoir
RO,h5296,0.5217200008611844,scr1998,stInflow,reservoir
RO,h5297,0.5217200008611844,scr1998,stInflow,reservoir
RO,h5298,0.5217200008611844,scr1998,stInflow,reservoir
RO,h5299,0.5217200008611844,scr1998,stInflow,reservoir
RO,h5300,0.5217200008611844,scr1998,stInflow,reservoir
RO,h5301,0.5217200008611844,scr1998,stInflow,reservoir
RO,h5302,0.5217200008611844,scr1998,stInflow,reservoir
RO,h5303,0.5217200008611844,scr1998,stInflow,reservoir
RO,h5304,0.5217200008611844,scr1998,stInflow,reservoir
RO,h5305,0.5278876420416464,scr1998,stInflow,reservoir
RO,h5306,0.5340552904283432,scr1998,stInflow,reservoir
RO,h5307,0.5402229459380565,scr1998,stInflow,reservoir
RO,h5308,0.5402229459380565,scr1998,stInflow,reservoir
RO,h5309,0.5402229459380565,scr1998,stInflow,reservoir
RO,h5310,0.5402229459380565,scr1998,stInflow,reservoir
RO,h5311,0.5402229459380565,scr1998,stInflow,reservoir
RO,h5312,0.5402229459380565,scr1998,stInflow,reservoir
RO,h5313,0.5402229459380565,scr1998,stInflow,reservoir
RO,h5314,0.5402229459380565,scr1998,stInflow,reservoir
RO,h5315,0.5402229459380565,scr1998,stInflow,reservoir
RO,h5316,0.5402229459380565,scr1998,stInflow,reservoir
RO,h5317,0.5402229459380565,scr1998,stInflow,reservoir
RO,h5318,0.5402229459380565,scr1998,stInflow,reservoir
RO,h5319,0.5402229459380565,scr1998,stInflow,reservoir
RO,h5320,0.5402229459380565,scr1998,stInflow,reservoir
RO,h5321,0.5402229459380565,scr1998,stInflow,reservoir
RO,h5322,0.5402229459380565,scr1998,stInflow,reservoir
RO,h5323,0.5402229459380565,scr1998,stInflow,reservoir
RO,h5324,0.5402229459380565,scr1998,stInflow,reservoir
RO,h5325,0.5402229459380565,scr1998,stInflow,reservoir
RO,h5326,0.5402229459380565,scr1998,stInflow,reservoir
RO,h5327,0.5402229459380565,scr1998,stInflow,reservoir
RO,h5328,0.5402229459380565,scr1998,stInflow,reservoir
RO,h5329,0.5402229459380565,scr1998,stInflow,reservoir
RO,h5330,0.5402229459380565,scr1998,stInflow,reservoir
RO,h5331,0.5402229459380565,scr1998,stInflow,reservoir
RO,h5332,0.5402229459380565,scr1998,stInflow,reservoir
RO,h5333,0.5402229459380565,scr1998,stInflow,reservoir
RO,h5334,0.5402229459380565,scr1998,stInflow,reservoir
RO,h5335,0.5402229459380565,scr1998,stInflow,reservoir
RO,h5336,0.5402229459380565,scr1998,stInflow,reservoir
RO,h5337,0.5402229459380565,scr1998,stInflow,reservoir
RO,h5338,0.5402229459380565,scr1998,stInflow,reservoir
RO,h5339,0.5402229459380565,scr1998,stInflow,reservoir
RO,h5340,0.5402229459380565,scr1998,stInflow,reservoir
RO,h5341,0.5402229459380565,scr1998,stInflow,reservoir
RO,h5342,0.5402229459380565,scr1998,stInflow,reservoir
RO,h5343,0.5402229459380565,scr1998,stInflow,reservoir
RO,h5344,0.5402229459380565,scr1998,stInflow,reservoir
RO,h5345,0.5402229459380565,scr1998,stInflow,reservoir
RO,h5346,0.5402229459380565,scr1998,stInflow,reservoir
RO,h5347,0.5402229459380565,scr1998,stInflow,reservoir
RO,h5348,0.5402229459380565,scr1998,stInflow,reservoir
RO,h5349,0.5402229459380565,scr1998,stInflow,reservoir
RO,h5350,0.5402229459380565,scr1998,stInflow,reservoir
RO,h5351,0.5402229459380565,scr1998,stInflow,reservoir
RO,h5352,0.5402229459380565,scr1998,stInflow,reservoir
RO,h5353,0.5402229459380565,scr1998,stInflow,reservoir
RO,h5354,0.5402229459380565,scr1998,stInflow,reservoir
RO,h5355,0.5402229459380565,scr1998,stInflow,reservoir
RO,h5356,0.5402229459380565,scr1998,stInflow,reservoir
RO,h5357,0.5402229459380565,scr1998,stInflow,reservoir
RO,h5358,0.5402229459380565,scr1998,stInflow,reservoir
RO,h5359,0.5402229459380565,scr1998,stInflow,reservoir
RO,h5360,0.5402229459380565,scr1998,stInflow,reservoir
RO,h5361,0.5402229459380565,scr1998,stInflow,reservoir
RO,h5362,0.5402229459380565,scr1998,stInflow,reservoir
RO,h5363,0.5402229459380565,scr1998,stInflow,reservoir
RO,h5364,0.5402229459380565,scr1998,stInflow,reservoir
RO,h5365,0.5402229459380565,scr1998,stInflow,reservoir
RO,h5366,0.5402229459380565,scr1998,stInflow,reservoir
RO,h5367,0.5402229459380565,scr1998,stInflow,reservoir
RO,h5368,0.5402229459380565,scr1998,stInflow,reservoir
RO,h5369,0.5402229459380565,scr1998,stInflow,reservoir
RO,h5370,0.5402229459380565,scr1998,stInflow,reservoir
RO,h5371,0.5402229459380565,scr1998,stInflow,reservoir
RO,h5372,0.5402229459380565,scr1998,stInflow,reservoir
RO,h5373,0.5402229459380565,scr1998,stInflow,reservoir
RO,h5374,0.5402229459380565,scr1998,stInflow,reservoir
RO,h5375,0.5402229459380565,scr1998,stInflow,reservoir
RO,h5376,0.5402229459380565,scr1998,stInflow,reservoir
RO,h5377,0.5402229459380565,scr1998,stInflow,reservoir
RO,h5378,0.5402229459380565,scr1998,stInflow,reservoir
RO,h5379,0.5402229459380565,scr1998,stInflow,reservoir
RO,h5380,0.5402229459380565,scr1998,stInflow,reservoir
RO,h5381,0.5402229459380565,scr1998,stInflow,reservoir
RO,h5382,0.5402229459380565,scr1998,stInflow,reservoir
RO,h5383,0.5402229459380565,scr1998,stInflow,reservoir
RO,h5384,0.5402229459380565,scr1998,stInflow,reservoir
RO,h5385,0.5402229459380565,scr1998,stInflow,reservoir
RO,h5386,0.5402229459380565,scr1998,stInflow,reservoir
RO,h5387,0.5402229459380565,scr1998,stInflow,reservoir
RO,h5388,0.5402229459380565,scr1998,stInflow,reservoir
RO,h5389,0.5402229459380565,scr1998,stInflow,reservoir
RO,h5390,0.5402229459380565,scr1998,stInflow,reservoir
RO,h5391,0.5402229459380565,scr1998,stInflow,reservoir
RO,h5392,0.5402229459380565,scr1998,stInflow,reservoir
RO,h5393,0.5402229459380565,scr1998,stInflow,reservoir
RO,h5394,0.5402229459380565,scr1998,stInflow,reservoir
RO,h5395,0.5402229459380565,scr1998,stInflow,reservoir
RO,h5396,0.5402229459380565,scr1998,stInflow,reservoir
RO,h5397,0.5402229459380565,scr1998,stInflow,reservoir
RO,h5398,0.5402229459380565,scr1998,stInflow,reservoir
RO,h5399,0.5402229459380565,scr1998,stInflow,reservoir
RO,h5400,0.5402229459380565,scr1998,stInflow,reservoir
RO,h5401,0.5402229459380565,scr1998,stInflow,reservoir
RO,h5402,0.5402229459380565,scr1998,stInflow,reservoir
RO,h5403,0.5402229459380565,scr1998,stInflow,reservoir
RO,h5404,0.5402229459380565,scr1998,stInflow,reservoir
RO,h5405,0.5402229459380565,scr1998,stInflow,reservoir
RO,h5406,0.5402229459380565,scr1998,stInflow,reservoir
RO,h5407,0.5402229459380565,scr1998,stInflow,reservoir
RO,h5408,0.5402229459380565,scr1998,stInflow,reservoir
RO,h5409,0.5402229459380565,scr1998,stInflow,reservoir
RO,h5410,0.5402229459380565,scr1998,stInflow,reservoir
RO,h5411,0.5402229459380565,scr1998,stInflow,reservoir
RO,h5412,0.5402229459380565,scr1998,stInflow,reservoir
RO,h5413,0.5402229459380565,scr1998,stInflow,reservoir
RO,h5414,0.5402229459380565,scr1998,stInflow,reservoir
RO,h5415,0.5402229459380565,scr1998,stInflow,reservoir
RO,h5416,0.5402229459380565,scr1998,stInflow,reservoir
RO,h5417,0.5402229459380565,scr1998,stInflow,reservoir
RO,h5418,0.5402229459380565,scr1998,stInflow,reservoir
RO,h5419,0.5402229459380565,scr1998,stInflow,reservoir
RO,h5420,0.5402229459380565,scr1998,stInflow,reservoir
RO,h5421,0.5402229459380565,scr1998,stInflow,reservoir
RO,h5422,0.5402229459380565,scr1998,stInflow,reservoir
RO,h5423,0.5402229459380565,scr1998,stInflow,reservoir
RO,h5424,0.5402229459380565,scr1998,stInflow,reservoir
RO,h5425,0.5402229459380565,scr1998,stInflow,reservoir
RO,h5426,0.5402229459380565,scr1998,stInflow,reservoir
RO,h5427,0.5402229459380565,scr1998,stInflow,reservoir
RO,h5428,0.5402229459380565,scr1998,stInflow,reservoir
RO,h5429,0.5402229459380565,scr1998,stInflow,reservoir
RO,h5430,0.5402229459380565,scr1998,stInflow,reservoir
RO,h5431,0.5402229459380565,scr1998,stInflow,reservoir
RO,h5432,0.5402229459380565,scr1998,stInflow,reservoir
RO,h5433,0.5402229459380565,scr1998,stInflow,reservoir
RO,h5434,0.5402229459380565,scr1998,stInflow,reservoir
RO,h5435,0.5402229459380565,scr1998,stInflow,reservoir
RO,h5436,0.5402229459380565,scr1998,stInflow,reservoir
RO,h5437,0.5402229459380565,scr1998,stInflow,reservoir
RO,h5438,0.5402229459380565,scr1998,stInflow,reservoir
RO,h5439,0.5402229459380565,scr1998,stInflow,reservoir
RO,h5440,0.5402229459380565,scr1998,stInflow,reservoir
RO,h5441,0.5402229459380565,scr1998,stInflow,reservoir
RO,h5442,0.5402229459380565,scr1998,stInflow,reservoir
RO,h5443,0.5402229459380565,scr1998,stInflow,reservoir
RO,h5444,0.5402229459380565,scr1998,stInflow,reservoir
RO,h5445,0.5402229459380565,scr1998,stInflow,reservoir
RO,h5446,0.5402229459380565,scr1998,stInflow,reservoir
RO,h5447,0.5402229459380565,scr1998,stInflow,reservoir
RO,h5448,0.5402229459380565,scr1998,stInflow,reservoir
RO,h5449,0.5402229459380565,scr1998,stInflow,reservoir
RO,h5450,0.5402229459380565,scr1998,stInflow,reservoir
RO,h5451,0.5402229459380565,scr1998,stInflow,reservoir
RO,h5452,0.5402229459380565,scr1998,stInflow,reservoir
RO,h5453,0.5402229459380565,scr1998,stInflow,reservoir
RO,h5454,0.5402229459380565,scr1998,stInflow,reservoir
RO,h5455,0.5402229459380565,scr1998,stInflow,reservoir
RO,h5456,0.5402229459380565,scr1998,stInflow,reservoir
RO,h5457,0.5402229459380565,scr1998,stInflow,reservoir
RO,h5458,0.5402229459380565,scr1998,stInflow,reservoir
RO,h5459,0.5402229459380565,scr1998,stInflow,reservoir
RO,h5460,0.5402229459380565,scr1998,stInflow,reservoir
RO,h5461,0.5402229459380565,scr1998,stInflow,reservoir
RO,h5462,0.5402229459380565,scr1998,stInflow,reservoir
RO,h5463,0.5402229459380565,scr1998,stInflow,reservoir
RO,h5464,0.5402229459380565,scr1998,stInflow,reservoir
RO,h5465,0.5402229459380565,scr1998,stInflow,reservoir
RO,h5466,0.5402229459380565,scr1998,stInflow,reservoir
RO,h5467,0.5402229459380565,scr1998,stInflow,reservoir
RO,h5468,0.5402229459380565,scr1998,stInflow,reservoir
RO,h5469,0.5402229459380565,scr1998,stInflow,reservoir
RO,h5470,0.5402229459380565,scr1998,stInflow,reservoir
RO,h5471,0.5402229459380565,scr1998,stInflow,reservoir
RO,h5472,0.5402229459380565,scr1998,stInflow,reservoir
RO,h5473,0.5410041118673984,scr1998,stInflow,reservoir
RO,h5474,0.5417852779095343,scr1998,stInflow,reservoir
RO,h5475,0.5425664440643018,scr1998,stInflow,reservoir
RO,h5476,0.5425664440643018,scr1998,stInflow,reservoir
RO,h5477,0.5425664440643018,scr1998,stInflow,reservoir
RO,h5478,0.5425664440643018,scr1998,stInflow,reservoir
RO,h5479,0.5425664440643018,scr1998,stInflow,reservoir
RO,h5480,0.5425664440643018,scr1998,stInflow,reservoir
RO,h5481,0.5425664440643018,scr1998,stInflow,reservoir
RO,h5482,0.5425664440643018,scr1998,stInflow,reservoir
RO,h5483,0.5425664440643018,scr1998,stInflow,reservoir
RO,h5484,0.5425664440643018,scr1998,stInflow,reservoir
RO,h5485,0.5425664440643018,scr1998,stInflow,reservoir
RO,h5486,0.5425664440643018,scr1998,stInflow,reservoir
RO,h5487,0.5425664440643018,scr1998,stInflow,reservoir
RO,h5488,0.5425664440643018,scr1998,stInflow,reservoir
RO,h5489,0.5425664440643018,scr1998,stInflow,reservoir
RO,h5490,0.5425664440643018,scr1998,stInflow,reservoir
RO,h5491,0.5425664440643018,scr1998,stInflow,reservoir
RO,h5492,0.5425664440643018,scr1998,stInflow,reservoir
RO,h5493,0.5425664440643018,scr1998,stInflow,reservoir
RO,h5494,0.5425664440643018,scr1998,stInflow,reservoir
RO,h5495,0.5425664440643018,scr1998,stInflow,reservoir
RO,h5496,0.5425664440643018,scr1998,stInflow,reservoir
RO,h5497,0.5425664440643018,scr1998,stInflow,reservoir
RO,h5498,0.5425664440643018,scr1998,stInflow,reservoir
RO,h5499,0.5425664440643018,scr1998,stInflow,reservoir
RO,h5500,0.5425664440643018,scr1998,stInflow,reservoir
RO,h5501,0.5425664440643018,scr1998,stInflow,reservoir
RO,h5502,0.5425664440643018,scr1998,stInflow,reservoir
RO,h5503,0.5425664440643018,scr1998,stInflow,reservoir
RO,h5504,0.5425664440643018,scr1998,stInflow,reservoir
RO,h5505,0.5425664440643018,scr1998,stInflow,reservoir
RO,h5506,0.5425664440643018,scr1998,stInflow,reservoir
RO,h5507,0.5425664440643018,scr1998,stInflow,reservoir
RO,h5508,0.5425664440643018,scr1998,stInflow,reservoir
RO,h5509,0.5425664440643018,scr1998,stInflow,reservoir
RO,h5510,0.5425664440643018,scr1998,stInflow,reservoir
RO,h5511,0.5425664440643018,scr1998,stInflow,reservoir
RO,h5512,0.5425664440643018,scr1998,stInflow,reservoir
RO,h5513,0.5425664440643018,scr1998,stInflow,reservoir
RO,h5514,0.5425664440643018,scr1998,stInflow,reservoir
RO,h5515,0.5425664440643018,scr1998,stInflow,reservoir
RO,h5516,0.5425664440643018,scr1998,stInflow,reservoir
RO,h5517,0.5425664440643018,scr1998,stInflow,reservoir
RO,h5518,0.5425664440643018,scr1998,stInflow,reservoir
RO,h5519,0.5425664440643018,scr1998,stInflow,reservoir
RO,h5520,0.5425664440643018,scr1998,stInflow,reservoir
RO,h5521,0.5425664440643018,scr1998,stInflow,reservoir
RO,h5522,0.5425664440643018,scr1998,stInflow,reservoir
RO,h5523,0.5425664440643018,scr1998,stInflow,reservoir
RO,h5524,0.5425664440643018,scr1998,stInflow,reservoir
RO,h5525,0.5425664440643018,scr1998,stInflow,reservoir
RO,h5526,0.5425664440643018,scr1998,stInflow,reservoir
RO,h5527,0.5425664440643018,scr1998,stInflow,reservoir
RO,h5528,0.5425664440643018,scr1998,stInflow,reservoir
RO,h5529,0.5425664440643018,scr1998,stInflow,reservoir
RO,h5530,0.5425664440643018,scr1998,stInflow,reservoir
RO,h5531,0.5425664440643018,scr1998,stInflow,reservoir
RO,h5532,0.5425664440643018,scr1998,stInflow,reservoir
RO,h5533,0.5425664440643018,scr1998,stInflow,reservoir
RO,h5534,0.5425664440643018,scr1998,stInflow,reservoir
RO,h5535,0.5425664440643018,scr1998,stInflow,reservoir
RO,h5536,0.5425664440643018,scr1998,stInflow,reservoir
RO,h5537,0.5425664440643018,scr1998,stInflow,reservoir
RO,h5538,0.5425664440643018,scr1998,stInflow,reservoir
RO,h5539,0.5425664440643018,scr1998,stInflow,reservoir
RO,h5540,0.5425664440643018,scr1998,stInflow,reservoir
RO,h5541,0.5425664440643018,scr1998,stInflow,reservoir
RO,h5542,0.5425664440643018,scr1998,stInflow,reservoir
RO,h5543,0.5425664440643018,scr1998,stInflow,reservoir
RO,h5544,0.5425664440643018,scr1998,stInflow,reservoir
RO,h5545,0.5425664440643018,scr1998,stInflow,reservoir
RO,h5546,0.5425664440643018,scr1998,stInflow,reservoir
RO,h5547,0.5425664440643018,scr1998,stInflow,reservoir
RO,h5548,0.5425664440643018,scr1998,stInflow,reservoir
RO,h5549,0.5425664440643018,scr1998,stInflow,reservoir
RO,h5550,0.5425664440643018,scr1998,stInflow,reservoir
RO,h5551,0.5425664440643018,scr1998,stInflow,reservoir
RO,h5552,0.5425664440643018,scr1998,stInflow,reservoir
RO,h5553,0.5425664440643018,scr1998,stInflow,reservoir
RO,h5554,0.5425664440643018,scr1998,stInflow,reservoir
RO,h5555,0.5425664440643018,scr1998,stInflow,reservoir
RO,h5556,0.5425664440643018,scr1998,stInflow,reservoir
RO,h5557,0.5425664440643018,scr1998,stInflow,reservoir
RO,h5558,0.5425664440643018,scr1998,stInflow,reservoir
RO,h5559,0.5425664440643018,scr1998,stInflow,reservoir
RO,h5560,0.5425664440643018,scr1998,stInflow,reservoir
RO,h5561,0.5425664440643018,scr1998,stInflow,reservoir
RO,h5562,0.5425664440643018,scr1998,stInflow,reservoir
RO,h5563,0.5425664440643018,scr1998,stInflow,reservoir
RO,h5564,0.5425664440643018,scr1998,stInflow,reservoir
RO,h5565,0.5425664440643018,scr1998,stInflow,reservoir
RO,h5566,0.5425664440643018,scr1998,stInflow,reservoir
RO,h5567,0.5425664440643018,scr1998,stInflow,reservoir
RO,h5568,0.5425664440643018,scr1998,stInflow,reservoir
RO,h5569,0.5425664440643018,scr1998,stInflow,reservoir
RO,h5570,0.5425664440643018,scr1998,stInflow,reservoir
RO,h5571,0.5425664440643018,scr1998,stInflow,reservoir
RO,h5572,0.5425664440643018,scr1998,stInflow,reservoir
RO,h5573,0.5425664440643018,scr1998,stInflow,reservoir
RO,h5574,0.5425664440643018,scr1998,stInflow,reservoir
RO,h5575,0.5425664440643018,scr1998,stInflow,reservoir
RO,h5576,0.5425664440643018,scr1998,stInflow,reservoir
RO,h5577,0.5425664440643018,scr1998,stInflow,reservoir
RO,h5578,0.5425664440643018,scr1998,stInflow,reservoir
RO,h5579,0.5425664440643018,scr1998,stInflow,reservoir
RO,h5580,0.5425664440643018,scr1998,stInflow,reservoir
RO,h5581,0.5425664440643018,scr1998,stInflow,reservoir
RO,h5582,0.5425664440643018,scr1998,stInflow,reservoir
RO,h5583,0.5425664440643018,scr1998,stInflow,reservoir
RO,h5584,0.5425664440643018,scr1998,stInflow,reservoir
RO,h5585,0.5425664440643018,scr1998,stInflow,reservoir
RO,h5586,0.5425664440643018,scr1998,stInflow,reservoir
RO,h5587,0.5425664440643018,scr1998,stInflow,reservoir
RO,h5588,0.5425664440643018,scr1998,stInflow,reservoir
RO,h5589,0.5425664440643018,scr1998,stInflow,reservoir
RO,h5590,0.5425664440643018,scr1998,stInflow,reservoir
RO,h5591,0.5425664440643018,scr1998,stInflow,reservoir
RO,h5592,0.5425664440643018,scr1998,stInflow,reservoir
RO,h5593,0.5425664440643018,scr1998,stInflow,reservoir
RO,h5594,0.5425664440643018,scr1998,stInflow,reservoir
RO,h5595,0.5425664440643018,scr1998,stInflow,reservoir
RO,h5596,0.5425664440643018,scr1998,stInflow,reservoir
RO,h5597,0.5425664440643018,scr1998,stInflow,reservoir
RO,h5598,0.5425664440643018,scr1998,stInflow,reservoir
RO,h5599,0.5425664440643018,scr1998,stInflow,reservoir
RO,h5600,0.5425664440643018,scr1998,stInflow,reservoir
RO,h5601,0.5425664440643018,scr1998,stInflow,reservoir
RO,h5602,0.5425664440643018,scr1998,stInflow,reservoir
RO,h5603,0.5425664440643018,scr1998,stInflow,reservoir
RO,h5604,0.5425664440643018,scr1998,stInflow,reservoir
RO,h5605,0.5425664440643018,scr1998,stInflow,reservoir
RO,h5606,0.5425664440643018,scr1998,stInflow,reservoir
RO,h5607,0.5425664440643018,scr1998,stInflow,reservoir
RO,h5608,0.5425664440643018,scr1998,stInflow,reservoir
RO,h5609,0.5425664440643018,scr1998,stInflow,reservoir
RO,h5610,0.5425664440643018,scr1998,stInflow,reservoir
RO,h5611,0.5425664440643018,scr1998,stInflow,reservoir
RO,h5612,0.5425664440643018,scr1998,stInflow,reservoir
RO,h5613,0.5425664440643018,scr1998,stInflow,reservoir
RO,h5614,0.5425664440643018,scr1998,stInflow,reservoir
RO,h5615,0.5425664440643018,scr1998,stInflow,reservoir
RO,h5616,0.5425664440643018,scr1998,stInflow,reservoir
RO,h5617,0.5425664440643018,scr1998,stInflow,reservoir
RO,h5618,0.5425664440643018,scr1998,stInflow,reservoir
RO,h5619,0.5425664440643018,scr1998,stInflow,reservoir
RO,h5620,0.5425664440643018,scr1998,stInflow,reservoir
RO,h5621,0.5425664440643018,scr1998,stInflow,reservoir
RO,h5622,0.5425664440643018,scr1998,stInflow,reservoir
RO,h5623,0.5425664440643018,scr1998,stInflow,reservoir
RO,h5624,0.5425664440643018,scr1998,stInflow,reservoir
RO,h5625,0.5425664440643018,scr1998,stInflow,reservoir
RO,h5626,0.5425664440643018,scr1998,stInflow,reservoir
RO,h5627,0.5425664440643018,scr1998,stInflow,reservoir
RO,h5628,0.5425664440643018,scr1998,stInflow,reservoir
RO,h5629,0.5425664440643018,scr1998,stInflow,reservoir
RO,h5630,0.5425664440643018,scr1998,stInflow,reservoir
RO,h5631,0.5425664440643018,scr1998,stInflow,reservoir
RO,h5632,0.5425664440643018,scr1998,stInflow,reservoir
RO,h5633,0.5425664440643018,scr1998,stInflow,reservoir
RO,h5634,0.5425664440643018,scr1998,stInflow,reservoir
RO,h5635,0.5425664440643018,scr1998,stInflow,reservoir
RO,h5636,0.5425664440643018,scr1998,stInflow,reservoir
RO,h5637,0.5425664440643018,scr1998,stInflow,reservoir
RO,h5638,0.5425664440643018,scr1998,stInflow,reservoir
RO,h5639,0.5425664440643018,scr1998,stInflow,reservoir
RO,h5640,0.5425664440643018,scr1998,stInflow,reservoir
RO,h5641,0.519059486674685,scr1998,stInflow,reservoir
RO,h5642,0.4955526357788818,scr1998,stInflow,reservoir
RO,h5643,0.4720458964317211,scr1998,stInflow,reservoir
RO,h5644,0.4720458964317211,scr1998,stInflow,reservoir
RO,h5645,0.4720458964317211,scr1998,stInflow,reservoir
RO,h5646,0.4720458964317211,scr1998,stInflow,reservoir
RO,h5647,0.4720458964317211,scr1998,stInflow,reservoir
RO,h5648,0.4720458964317211,scr1998,stInflow,reservoir
RO,h5649,0.4720458964317211,scr1998,stInflow,reservoir
RO,h5650,0.4720458964317211,scr1998,stInflow,reservoir
RO,h5651,0.4720458964317211,scr1998,stInflow,reservoir
RO,h5652,0.4720458964317211,scr1998,stInflow,reservoir
RO,h5653,0.4720458964317211,scr1998,stInflow,reservoir
RO,h5654,0.4720458964317211,scr1998,stInflow,reservoir
RO,h5655,0.4720458964317211,scr1998,stInflow,reservoir
RO,h5656,0.4720458964317211,scr1998,stInflow,reservoir
RO,h5657,0.4720458964317211,scr1998,stInflow,reservoir
RO,h5658,0.4720458964317211,scr1998,stInflow,reservoir
RO,h5659,0.4720458964317211,scr1998,stInflow,reservoir
RO,h5660,0.4720458964317211,scr1998,stInflow,reservoir
RO,h5661,0.4720458964317211,scr1998,stInflow,reservoir
RO,h5662,0.4720458964317211,scr1998,stInflow,reservoir
RO,h5663,0.4720458964317211,scr1998,stInflow,reservoir
RO,h5664,0.4720458964317211,scr1998,stInflow,reservoir
RO,h5665,0.4720458964317211,scr1998,stInflow,reservoir
RO,h5666,0.4720458964317211,scr1998,stInflow,reservoir
RO,h5667,0.4720458964317211,scr1998,stInflow,reservoir
RO,h5668,0.4720458964317211,scr1998,stInflow,reservoir
RO,h5669,0.4720458964317211,scr1998,stInflow,reservoir
RO,h5670,0.4720458964317211,scr1998,stInflow,reservoir
RO,h5671,0.4720458964317211,scr1998,stInflow,reservoir
RO,h5672,0.4720458964317211,scr1998,stInflow,reservoir
RO,h5673,0.4720458964317211,scr1998,stInflow,reservoir
RO,h5674,0.4720458964317211,scr1998,stInflow,reservoir
RO,h5675,0.4720458964317211,scr1998,stInflow,reservoir
RO,h5676,0.4720458964317211,scr1998,stInflow,reservoir
RO,h5677,0.4720458964317211,scr1998,stInflow,reservoir
RO,h5678,0.4720458964317211,scr1998,stInflow,reservoir
RO,h5679,0.4720458964317211,scr1998,stInflow,reservoir
RO,h5680,0.4720458964317211,scr1998,stInflow,reservoir
RO,h5681,0.4720458964317211,scr1998,stInflow,reservoir
RO,h5682,0.4720458964317211,scr1998,stInflow,reservoir
RO,h5683,0.4720458964317211,scr1998,stInflow,reservoir
RO,h5684,0.4720458964317211,scr1998,stInflow,reservoir
RO,h5685,0.4720458964317211,scr1998,stInflow,reservoir
RO,h5686,0.4720458964317211,scr1998,stInflow,reservoir
RO,h5687,0.4720458964317211,scr1998,stInflow,reservoir
RO,h5688,0.4720458964317211,scr1998,stInflow,reservoir
RO,h5689,0.4720458964317211,scr1998,stInflow,reservoir
RO,h5690,0.4720458964317211,scr1998,stInflow,reservoir
RO,h5691,0.4720458964317211,scr1998,stInflow,reservoir
RO,h5692,0.4720458964317211,scr1998,stInflow,reservoir
RO,h5693,0.4720458964317211,scr1998,stInflow,reservoir
RO,h5694,0.4720458964317211,scr1998,stInflow,reservoir
RO,h5695,0.4720458964317211,scr1998,stInflow,reservoir
RO,h5696,0.4720458964317211,scr1998,stInflow,reservoir
RO,h5697,0.4720458964317211,scr1998,stInflow,reservoir
RO,h5698,0.4720458964317211,scr1998,stInflow,reservoir
RO,h5699,0.4720458964317211,scr1998,stInflow,reservoir
RO,h5700,0.4720458964317211,scr1998,stInflow,reservoir
RO,h5701,0.4720458964317211,scr1998,stInflow,reservoir
RO,h5702,0.4720458964317211,scr1998,stInflow,reservoir
RO,h5703,0.4720458964317211,scr1998,stInflow,reservoir
RO,h5704,0.4720458964317211,scr1998,stInflow,reservoir
RO,h5705,0.4720458964317211,scr1998,stInflow,reservoir
RO,h5706,0.4720458964317211,scr1998,stInflow,reservoir
RO,h5707,0.4720458964317211,scr1998,stInflow,reservoir
RO,h5708,0.4720458964317211,scr1998,stInflow,reservoir
RO,h5709,0.4720458964317211,scr1998,stInflow,reservoir
RO,h5710,0.4720458964317211,scr1998,stInflow,reservoir
RO,h5711,0.4720458964317211,scr1998,stInflow,reservoir
RO,h5712,0.4720458964317211,scr1998,stInflow,reservoir
RO,h5713,0.4720458964317211,scr1998,stInflow,reservoir
RO,h5714,0.4720458964317211,scr1998,stInflow,reservoir
RO,h5715,0.4720458964317211,scr1998,stInflow,reservoir
RO,h5716,0.4720458964317211,scr1998,stInflow,reservoir
RO,h5717,0.4720458964317211,scr1998,stInflow,reservoir
RO,h5718,0.4720458964317211,scr1998,stInflow,reservoir
RO,h5719,0.4720458964317211,scr1998,stInflow,reservoir
RO,h5720,0.4720458964317211,scr1998,stInflow,reservoir
RO,h5721,0.4720458964317211,scr1998,stInflow,reservoir
RO,h5722,0.4720458964317211,scr1998,stInflow,reservoir
RO,h5723,0.4720458964317211,scr1998,stInflow,reservoir
RO,h5724,0.4720458964317211,scr1998,stInflow,reservoir
RO,h5725,0.4720458964317211,scr1998,stInflow,reservoir
RO,h5726,0.4720458964317211,scr1998,stInflow,reservoir
RO,h5727,0.4720458964317211,scr1998,stInflow,reservoir
RO,h5728,0.4720458964317211,scr1998,stInflow,reservoir
RO,h5729,0.4720458964317211,scr1998,stInflow,reservoir
RO,h5730,0.4720458964317211,scr1998,stInflow,reservoir
RO,h5731,0.4720458964317211,scr1998,stInflow,reservoir
RO,h5732,0.4720458964317211,scr1998,stInflow,reservoir
RO,h5733,0.4720458964317211,scr1998,stInflow,reservoir
RO,h5734,0.4720458964317211,scr1998,stInflow,reservoir
RO,h5735,0.4720458964317211,scr1998,stInflow,reservoir
RO,h5736,0.4720458964317211,scr1998,stInflow,reservoir
RO,h5737,0.4720458964317211,scr1998,stInflow,reservoir
RO,h5738,0.4720458964317211,scr1998,stInflow,reservoir
RO,h5739,0.4720458964317211,scr1998,stInflow,reservoir
RO,h5740,0.4720458964317211,scr1998,stInflow,reservoir
RO,h5741,0.4720458964317211,scr1998,stInflow,reservoir
RO,h5742,0.4720458964317211,scr1998,stInflow,reservoir
RO,h5743,0.4720458964317211,scr1998,stInflow,reservoir
RO,h5744,0.4720458964317211,scr1998,stInflow,reservoir
RO,h5745,0.4720458964317211,scr1998,stInflow,reservoir
RO,h5746,0.4720458964317211,scr1998,stInflow,reservoir
RO,h5747,0.4720458964317211,scr1998,stInflow,reservoir
RO,h5748,0.4720458964317211,scr1998,stInflow,reservoir
RO,h5749,0.4720458964317211,scr1998,stInflow,reservoir
RO,h5750,0.4720458964317211,scr1998,stInflow,reservoir
RO,h5751,0.4720458964317211,scr1998,stInflow,reservoir
RO,h5752,0.4720458964317211,scr1998,stInflow,reservoir
RO,h5753,0.4720458964317211,scr1998,stInflow,reservoir
RO,h5754,0.4720458964317211,scr1998,stInflow,reservoir
RO,h5755,0.4720458964317211,scr1998,stInflow,reservoir
RO,h5756,0.4720458964317211,scr1998,stInflow,reservoir
RO,h5757,0.4720458964317211,scr1998,stInflow,reservoir
RO,h5758,0.4720458964317211,scr1998,stInflow,reservoir
RO,h5759,0.4720458964317211,scr1998,stInflow,reservoir
RO,h5760,0.4720458964317211,scr1998,stInflow,reservoir
RO,h5761,0.4720458964317211,scr1998,stInflow,reservoir
RO,h5762,0.4720458964317211,scr1998,stInflow,reservoir
RO,h5763,0.4720458964317211,scr1998,stInflow,reservoir
RO,h5764,0.4720458964317211,scr1998,stInflow,reservoir
RO,h5765,0.4720458964317211,scr1998,stInflow,reservoir
RO,h5766,0.4720458964317211,scr1998,stInflow,reservoir
RO,h5767,0.4720458964317211,scr1998,stInflow,reservoir
RO,h5768,0.4720458964317211,scr1998,stInflow,reservoir
RO,h5769,0.4720458964317211,scr1998,stInflow,reservoir
RO,h5770,0.4720458964317211,scr1998,stInflow,reservoir
RO,h5771,0.4720458964317211,scr1998,stInflow,reservoir
RO,h5772,0.4720458964317211,scr1998,stInflow,reservoir
RO,h5773,0.4720458964317211,scr1998,stInflow,reservoir
RO,h5774,0.4720458964317211,scr1998,stInflow,reservoir
RO,h5775,0.4720458964317211,scr1998,stInflow,reservoir
RO,h5776,0.4720458964317211,scr1998,stInflow,reservoir
RO,h5777,0.4720458964317211,scr1998,stInflow,reservoir
RO,h5778,0.4720458964317211,scr1998,stInflow,reservoir
RO,h5779,0.4720458964317211,scr1998,stInflow,reservoir
RO,h5780,0.4720458964317211,scr1998,stInflow,reservoir
RO,h5781,0.4720458964317211,scr1998,stInflow,reservoir
RO,h5782,0.4720458964317211,scr1998,stInflow,reservoir
RO,h5783,0.4720458964317211,scr1998,stInflow,reservoir
RO,h5784,0.4720458964317211,scr1998,stInflow,reservoir
RO,h5785,0.4720458964317211,scr1998,stInflow,reservoir
RO,h5786,0.4720458964317211,scr1998,stInflow,reservoir
RO,h5787,0.4720458964317211,scr1998,stInflow,reservoir
RO,h5788,0.4720458964317211,scr1998,stInflow,reservoir
RO,h5789,0.4720458964317211,scr1998,stInflow,reservoir
RO,h5790,0.4720458964317211,scr1998,stInflow,reservoir
RO,h5791,0.4720458964317211,scr1998,stInflow,reservoir
RO,h5792,0.4720458964317211,scr1998,stInflow,reservoir
RO,h5793,0.4720458964317211,scr1998,stInflow,reservoir
RO,h5794,0.4720458964317211,scr1998,stInflow,reservoir
RO,h5795,0.4720458964317211,scr1998,stInflow,reservoir
RO,h5796,0.4720458964317211,scr1998,stInflow,reservoir
RO,h5797,0.4720458964317211,scr1998,stInflow,reservoir
RO,h5798,0.4720458964317211,scr1998,stInflow,reservoir
RO,h5799,0.4720458964317211,scr1998,stInflow,reservoir
RO,h5800,0.4720458964317211,scr1998,stInflow,reservoir
RO,h5801,0.4720458964317211,scr1998,stInflow,reservoir
RO,h5802,0.4720458964317211,scr1998,stInflow,reservoir
RO,h5803,0.4720458964317211,scr1998,stInflow,reservoir
RO,h5804,0.4720458964317211,scr1998,stInflow,reservoir
RO,h5805,0.4720458964317211,scr1998,stInflow,reservoir
RO,h5806,0.4720458964317211,scr1998,stInflow,reservoir
RO,h5807,0.4720458964317211,scr1998,stInflow,reservoir
RO,h5808,0.4720458964317211,scr1998,stInflow,reservoir
SE,h5065,5.978241133482404,scr1998,stInflow,reservoir
SE,h5066,5.978241133482404,scr1998,stInflow,reservoir
SE,h5067,5.978241133482404,scr1998,stInflow,reservoir
SE,h5068,5.978241133482404,scr1998,stInflow,reservoir
SE,h5069,5.978241133482404,scr1998,stInflow,reservoir
SE,h5070,5.978241133482404,scr1998,stInflow,reservoir
SE,h5071,5.978241133482404,scr1998,stInflow,reservoir
SE,h5072,5.978241133482404,scr1998,stInflow,reservoir
SE,h5073,5.978241133482404,scr1998,stInflow,reservoir
SE,h5074,5.978241133482404,scr1998,stInflow,reservoir
SE,h5075,5.978241133482404,scr1998,stInflow,reservoir
SE,h5076,5.978241133482404,scr1998,stInflow,reservoir
SE,h5077,5.978241133482404,scr1998,stInflow,reservoir
SE,h5078,5.978241133482404,scr1998,stInflow,reservoir
SE,h5079,5.978241133482404,scr1998,stInflow,reservoir
SE,h5080,5.978241133482404,scr1998,stInflow,reservoir
SE,h5081,5.978241133482404,scr1998,stInflow,reservoir
SE,h5082,5.978241133482404,scr1998,stInflow,reservoir
SE,h5083,5.978241133482404,scr1998,stInflow,reservoir
SE,h5084,5.978241133482404,scr1998,stInflow,reservoir
SE,h5085,5.978241133482404,scr1998,stInflow,reservoir
SE,h5086,5.978241133482404,scr1998,stInflow,reservoir
SE,h5087,5.978241133482404,scr1998,stInflow,reservoir
SE,h5088,5.978241133482404,scr1998,stInflow,reservoir
SE,h5089,5.978241133482404,scr1998,stInflow,reservoir
SE,h5090,5.978241133482404,scr1998,stInflow,reservoir
SE,h5091,5.978241133482404,scr1998,stInflow,reservoir
SE,h5092,5.978241133482404,scr1998,stInflow,reservoir
SE,h5093,5.978241133482404,scr1998,stInflow,reservoir
SE,h5094,5.978241133482404,scr1998,stInflow,reservoir
SE,h5095,5.978241133482404,scr1998,stInflow,reservoir
SE,h5096,5.978241133482404,scr1998,stInflow,reservoir
SE,h5097,5.978241133482404,scr1998,stInflow,reservoir
SE,h5098,5.978241133482404,scr1998,stInflow,reservoir
SE,h5099,5.978241133482404,scr1998,stInflow,reservoir
SE,h5100,5.978241133482404,scr1998,stInflow,reservoir
SE,h5101,5.978241133482404,scr1998,stInflow,reservoir
SE,h5102,5.978241133482404,scr1998,stInflow,reservoir
SE,h5103,5.978241133482404,scr1998,stInflow,reservoir
SE,h5104,5.978241133482404,scr1998,stInflow,reservoir
SE,h5105,5.978241133482404,scr1998,stInflow,reservoir
SE,h5106,5.978241133482404,scr1998,stInflow,reservoir
SE,h5107,5.978241133482404,scr1998,stInflow,reservoir
SE,h5108,5.978241133482404,scr1998,stInflow,reservoir
SE,h5109,5.978241133482404,scr1998,stInflow,reservoir
SE,h5110,5.978241133482404,scr1998,stInflow,reservoir
SE,h5111,5.978241133482404,scr1998,stInflow,reservoir
SE,h5112,5.978241133482404,scr1998,stInflow,reservoir
SE,h5113,5.978241133482404,scr1998,stInflow,reservoir
SE,h5114,5.978241133482404,scr1998,stInflow,reservoir
SE,h5115,5.978241133482404,scr1998,stInflow,reservoir
SE,h5116,5.978241133482404,scr1998,stInflow,reservoir
SE,h5117,5.978241133482404,scr1998,stInflow,reservoir
SE,h5118,5.978241133482404,scr1998,stInflow,reservoir
SE,h5119,5.978241133482404,scr1998,stInflow,reservoir
SE,h5120,5.978241133482404,scr1998,stInflow,reservoir
SE,h5121,5.978241133482404,scr1998,stInflow,reservoir
SE,h5122,5.978241133482404,scr1998,stInflow,reservoir
SE,h5123,5.978241133482404,scr1998,stInflow,reservoir
SE,h5124,5.978241133482404,scr1998,stInflow,reservoir
SE,h5125,5.978241133482404,scr1998,stInflow,reservoir
SE,h5126,5.978241133482404,scr1998,stInflow,reservoir
SE,h5127,5.978241133482404,scr1998,stInflow,reservoir
SE,h5128,5.978241133482404,scr1998,stInflow,reservoir
SE,h5129,5.978241133482404,scr1998,stInflow,reservoir
SE,h5130,5.978241133482404,scr1998,stInflow,reservoir
SE,h5131,5.978241133482404,scr1998,stInflow,reservoir
SE,h5132,5.978241133482404,scr1998,stInflow,reservoir
SE,h5133,5.978241133482404,scr1998,stInflow,reservoir
SE,h5134,5.978241133482404,scr1998,stInflow,reservoir
SE,h5135,5.978241133482404,scr1998,stInflow,reservoir
SE,h5136,5.978241133482404,scr1998,stInflow,reservoir
SE,h5137,6.122293241829659,scr1998,stInflow,reservoir
SE,h5138,6.2663456891593325,scr1998,stInflow,reservoir
SE,h5139,6.410398467678006,scr1998,stInflow,reservoir
SE,h5140,6.410398467678006,scr1998,stInflow,reservoir
SE,h5141,6.410398467678006,scr1998,stInflow,reservoir
SE,h5142,6.410398467678006,scr1998,stInflow,reservoir
SE,h5143,6.410398467678006,scr1998,stInflow,reservoir
SE,h5144,6.410398467678006,scr1998,stInflow,reservoir
SE,h5145,6.410398467678006,scr1998,stInflow,reservoir
SE,h5146,6.410398467678006,scr1998,stInflow,reservoir
SE,h5147,6.410398467678006,scr1998,stInflow,reservoir
SE,h5148,6.410398467678006,scr1998,stInflow,reservoir
SE,h5149,6.410398467678006,scr1998,stInflow,reservoir
SE,h5150,6.410398467678006,scr1998,stInflow,reservoir
SE,h5151,6.410398467678006,scr1998,stInflow,reservoir
SE,h5152,6.410398467678006,scr1998,stInflow,reservoir
SE,h5153,6.410398467678006,scr1998,stInflow,reservoir
SE,h5154,6.410398467678006,scr1998,stInflow,reservoir
SE,h5155,6.410398467678006,scr1998,stInflow,reservoir
SE,h5156,6.410398467678006,scr1998,stInflow,reservoir
SE,h5157,6.410398467678006,scr1998,stInflow,reservoir
SE,h5158,6.410398467678006,scr1998,stInflow,reservoir
SE,h5159,6.410398467678006,scr1998,stInflow,reservoir
SE,h5160,6.410398467678006,scr1998,stInflow,reservoir
SE,h5161,6.410398467678006,scr1998,stInflow,reservoir
SE,h5162,6.410398467678006,scr1998,stInflow,reservoir
SE,h5163,6.410398467678006,scr1998,stInflow,reservoir
SE,h5164,6.410398467678006,scr1998,stInflow,reservoir
SE,h5165,6.410398467678006,scr1998,stInflow,reservoir
SE,h5166,6.410398467678006,scr1998,stInflow,reservoir
SE,h5167,6.410398467678006,scr1998,stInflow,reservoir
SE,h5168,6.410398467678006,scr1998,stInflow,reservoir
SE,h5169,6.410398467678006,scr1998,stInflow,reservoir
SE,h5170,6.410398467678006,scr1998,stInflow,reservoir
SE,h5171,6.410398467678006,scr1998,stInflow,reservoir
SE,h5172,6.410398467678006,scr1998,stInflow,reservoir
SE,h5173,6.410398467678006,scr1998,stInflow,reservoir
SE,h5174,6.410398467678006,scr1998,stInflow,reservoir
SE,h5175,6.410398467678006,scr1998,stInflow,reservoir
SE,h5176,6.410398467678006,scr1998,stInflow,reservoir
SE,h5177,6.410398467678006,scr1998,stInflow,reservoir
SE,h5178,6.410398467678006,scr1998,stInflow,reservoir
SE,h5179,6.410398467678006,scr1998,stInflow,reservoir
SE,h5180,6.410398467678006,scr1998,stInflow,reservoir
SE,h5181,6.410398467678006,scr1998,stInflow,reservoir
SE,h5182,6.410398467678006,scr1998,stInflow,reservoir
SE,h5183,6.410398467678006,scr1998,stInflow,reservoir
SE,h5184,6.410398467678006,scr1998,stInflow,reservoir
SE,h5185,6.410398467678006,scr1998,stInflow,reservoir
SE,h5186,6.410398467678006,scr1998,stInflow,reservoir
SE,h5187,6.410398467678006,scr1998,stInflow,reservoir
SE,h5188,6.410398467678006,scr1998,stInflow,reservoir
SE,h5189,6.410398467678006,scr1998,stInflow,reservoir
SE,h5190,6.410398467678006,scr1998,stInflow,reservoir
SE,h5191,6.410398467678006,scr1998,stInflow,reservoir
SE,h5192,6.410398467678006,scr1998,stInflow,reservoir
SE,h5193,6.410398467678006,scr1998,stInflow,reservoir
SE,h5194,6.410398467678006,scr1998,stInflow,reservoir
SE,h5195,6.410398467678006,scr1998,stInflow,reservoir
SE,h5196,6.410398467678006,scr1998,stInflow,reservoir
SE,h5197,6.410398467678006,scr1998,stInflow,reservoir
SE,h5198,6.410398467678006,scr1998,stInflow,reservoir
SE,h5199,6.410398467678006,scr1998,stInflow,reservoir
SE,h5200,6.410398467678006,scr1998,stInflow,reservoir
SE,h5201,6.410398467678006,scr1998,stInflow,reservoir
SE,h5202,6.410398467678006,scr1998,stInflow,reservoir
SE,h5203,6.410398467678006,scr1998,stInflow,reservoir
SE,h5204,6.410398467678006,scr1998,stInflow,reservoir
SE,h5205,6.410398467678006,scr1998,stInflow,reservoir
SE,h5206,6.410398467678006,scr1998,stInflow,reservoir
SE,h5207,6.410398467678006,scr1998,stInflow,reservoir
SE,h5208,6.410398467678006,scr1998,stInflow,reservoir
SE,h5209,6.410398467678006,scr1998,stInflow,reservoir
SE,h5210,6.410398467678006,scr1998,stInflow,reservoir
SE,h5211,6.410398467678006,scr1998,stInflow,reservoir
SE,h5212,6.410398467678006,scr1998,stInflow,reservoir
SE,h5213,6.410398467678006,scr1998,stInflow,reservoir
SE,h5214,6.410398467678006,scr1998,stInflow,reservoir
SE,h5215,6.410398467678006,scr1998,stInflow,reservoir
SE,h5216,6.410398467678006,scr1998,stInflow,reservoir
SE,h5217,6.410398467678006,scr1998,stInflow,reservoir
SE,h5218,6.410398467678006,scr1998,stInflow,reservoir
SE,h5219,6.410398467678006,scr1998,stInflow,reservoir
SE,h5220,6.410398467678006,scr1998,stInflow,reservoir
SE,h5221,6.410398467678006,scr1998,stInflow,reservoir
SE,h5222,6.410398467678006,scr1998,stInflow,reservoir
SE,h5223,6.410398467678006,scr1998,stInflow,reservoir
SE,h5224,6.410398467678006,scr1998,stInflow,reservoir
SE,h5225,6.410398467678006,scr1998,stInflow,reservoir
SE,h5226,6.410398467678006,scr1998,stInflow,reservoir
SE,h5227,6.410398467678006,scr1998,stInflow,reservoir
SE,h5228,6.410398467678006,scr1998,stInflow,reservoir
SE,h5229,6.410398467678006,scr1998,stInflow,reservoir
SE,h5230,6.410398467678006,scr1998,stInflow,reservoir
SE,h5231,6.410398467678006,scr1998,stInflow,reservoir
SE,h5232,6.410398467678006,scr1998,stInflow,reservoir
SE,h5233,6.410398467678006,scr1998,stInflow,reservoir
SE,h5234,6.410398467678006,scr1998,stInflow,reservoir
SE,h5235,6.410398467678006,scr1998,stInflow,reservoir
SE,h5236,6.410398467678006,scr1998,stInflow,reservoir
SE,h5237,6.410398467678006,scr1998,stInflow,reservoir
SE,h5238,6.410398467678006,scr1998,stInflow,reservoir
SE,h5239,6.410398467678006,scr1998,stInflow,reservoir
SE,h5240,6.410398467678006,scr1998,stInflow,reservoir
SE,h5241,6.410398467678006,scr1998,stInflow,reservoir
SE,h5242,6.410398467678006,scr1998,stInflow,reservoir
SE,h5243,6.410398467678006,scr1998,stInflow,reservoir
SE,h5244,6.410398467678006,scr1998,stInflow,reservoir
SE,h5245,6.410398467678006,scr1998,stInflow,reservoir
SE,h5246,6.410398467678006,scr1998,stInflow,reservoir
SE,h5247,6.410398467678006,scr1998,stInflow,reservoir
SE,h5248,6.410398467678006,scr1998,stInflow,reservoir
SE,h5249,6.410398467678006,scr1998,stInflow,reservoir
SE,h5250,6.410398467678006,scr1998,stInflow,reservoir
SE,h5251,6.410398467678006,scr1998,stInflow,reservoir
SE,h5252,6.410398467678006,scr1998,stInflow,reservoir
SE,h5253,6.410398467678006,scr1998,stInflow,reservoir
SE,h5254,6.410398467678006,scr1998,stInflow,reservoir
SE,h5255,6.410398467678006,scr1998,stInflow,reservoir
SE,h5256,6.410398467678006,scr1998,stInflow,reservoir
SE,h5257,6.410398467678006,scr1998,stInflow,reservoir
SE,h5258,6.410398467678006,scr1998,stInflow,reservoir
SE,h5259,6.410398467678006,scr1998,stInflow,reservoir
SE,h5260,6.410398467678006,scr1998,stInflow,reservoir
SE,h5261,6.410398467678006,scr1998,stInflow,reservoir
SE,h5262,6.410398467678006,scr1998,stInflow,reservoir
SE,h5263,6.410398467678006,scr1998,stInflow,reservoir
SE,h5264,6.410398467678006,scr1998,stInflow,reservoir
SE,h5265,6.410398467678006,scr1998,stInflow,reservoir
SE,h5266,6.410398467678006,scr1998,stInflow,reservoir
SE,h5267,6.410398467678006,scr1998,stInflow,reservoir
SE,h5268,6.410398467678006,scr1998,stInflow,reservoir
SE,h5269,6.410398467678006,scr1998,stInflow,reservoir
SE,h5270,6.410398467678006,scr1998,stInflow,reservoir
SE,h5271,6.410398467678006,scr1998,stInflow,reservoir
SE,h5272,6.410398467678006,scr1998,stInflow,reservoir
SE,h5273,6.410398467678006,scr1998,stInflow,reservoir
SE,h5274,6.410398467678006,scr1998,stInflow,reservoir
SE,h5275,6.410398467678006,scr1998,stInflow,reservoir
SE,h5276,6.410398467678006,scr1998,stInflow,reservoir
SE,h5277,6.410398467678006,scr1998,stInflow,reservoir
SE,h5278,6.410398467678006,scr1998,stInflow,reservoir
SE,h5279,6.410398467678006,scr1998,stInflow,reservoir
SE,h5280,6.410398467678006,scr1998,stInflow,reservoir
SE,h5281,6.410398467678006,scr1998,stInflow,reservoir
SE,h5282,6.410398467678006,scr1998,stInflow,reservoir
SE,h5283,6.410398467678006,scr1998,stInflow,reservoir
SE,h5284,6.410398467678006,scr1998,stInflow,reservoir
SE,h5285,6.410398467678006,scr1998,stInflow,reservoir
SE,h5286,6.410398467678006,scr1998,stInflow,reservoir
SE,h5287,6.410398467678006,scr1998,stInflow,reservoir
SE,h5288,6.410398467678006,scr1998,stInflow,reservoir
SE,h5289,6.410398467678006,scr1998,stInflow,reservoir
SE,h5290,6.410398467678006,scr1998,stInflow,reservoir
SE,h5291,6.410398467678006,scr1998,stInflow,reservoir
SE,h5292,6.410398467678006,scr1998,stInflow,reservoir
SE,h5293,6.410398467678006,scr1998,stInflow,reservoir
SE,h5294,6.410398467678006,scr1998,stInflow,reservoir
SE,h5295,6.410398467678006,scr1998,stInflow,reservoir
SE,h5296,6.410398467678006,scr1998,stInflow,reservoir
SE,h5297,6.410398467678006,scr1998,stInflow,reservoir
SE,h5298,6.410398467678006,scr1998,stInflow,reservoir
SE,h5299,6.410398467678006,scr1998,stInflow,reservoir
SE,h5300,6.410398467678006,scr1998,stInflow,reservoir
SE,h5301,6.410398467678006,scr1998,stInflow,reservoir
SE,h5302,6.410398467678006,scr1998,stInflow,reservoir
SE,h5303,6.410398467678006,scr1998,stInflow,reservoir
SE,h5304,6.410398467678006,scr1998,stInflow,reservoir
SE,h5305,6.648375143042283,scr1998,stInflow,reservoir
SE,h5306,6.886352670435339,scr1998,stInflow,reservoir
SE,h5307,7.124331020403464,scr1998,stInflow,reservoir
SE,h5308,7.124331020403464,scr1998,stInflow,reservoir
SE,h5309,7.124331020403464,scr1998,stInflow,reservoir
SE,h5310,7.124331020403464,scr1998,stInflow,reservoir
SE,h5311,7.124331020403464,scr1998,stInflow,reservoir
SE,h5312,7.124331020403464,scr1998,stInflow,reservoir
SE,h5313,7.124331020403464,scr1998,stInflow,reservoir
SE,h5314,7.124331020403464,scr1998,stInflow,reservoir
SE,h5315,7.124331020403464,scr1998,stInflow,reservoir
SE,h5316,7.124331020403464,scr1998,stInflow,reservoir
SE,h5317,7.124331020403464,scr1998,stInflow,reservoir
SE,h5318,7.124331020403464,scr1998,stInflow,reservoir
SE,h5319,7.124331020403464,scr1998,stInflow,reservoir
SE,h5320,7.124331020403464,scr1998,stInflow,reservoir
SE,h5321,7.124331020403464,scr1998,stInflow,reservoir
SE,h5322,7.124331020403464,scr1998,stInflow,reservoir
SE,h5323,7.124331020403464,scr1998,stInflow,reservoir
SE,h5324,7.124331020403464,scr1998,stInflow,reservoir
SE,h5325,7.124331020403464,scr1998,stInflow,reservoir
SE,h5326,7.124331020403464,scr1998,stInflow,reservoir
SE,h5327,7.124331020403464,scr1998,stInflow,reservoir
SE,h5328,7.124331020403464,scr1998,stInflow,reservoir
SE,h5329,7.124331020403464,scr1998,stInflow,reservoir
SE,h5330,7.124331020403464,scr1998,stInflow,reservoir
SE,h5331,7.124331020403464,scr1998,stInflow,reservoir
SE,h5332,7.124331020403464,scr1998,stInflow,reservoir
SE,h5333,7.124331020403464,scr1998,stInflow,reservoir
SE,h5334,7.124331020403464,scr1998,stInflow,reservoir
SE,h5335,7.124331020403464,scr1998,stInflow,reservoir
SE,h5336,7.124331020403464,scr1998,stInflow,reservoir
SE,h5337,7.124331020403464,scr1998,stInflow,reservoir
SE,h5338,7.124331020403464,scr1998,stInflow,reservoir
SE,h5339,7.124331020403464,scr1998,stInflow,reservoir
SE,h5340,7.124331020403464,scr1998,stInflow,reservoir
SE,h5341,7.124331020403464,scr1998,stInflow,reservoir
SE,h5342,7.124331020403464,scr1998,stInflow,reservoir
SE,h5343,7.124331020403464,scr1998,stInflow,reservoir
SE,h5344,7.124331020403464,scr1998,stInflow,reservoir
SE,h5345,7.124331020403464,scr1998,stInflow,reservoir
SE,h5346,7.124331020403464,scr1998,stInflow,reservoir
SE,h5347,7.124331020403464,scr1998,stInflow,reservoir
SE,h5348,7.124331020403464,scr1998,stInflow,reservoir
SE,h5349,7.124331020403464,scr1998,stInflow,reservoir
SE,h5350,7.124331020403464,scr1998,stInflow,reservoir
SE,h5351,7.124331020403464,scr1998,stInflow,reservoir
SE,h5352,7.124331020403464,scr1998,stInflow,reservoir
SE,h5353,7.124331020403464,scr1998,stInflow,reservoir
SE,h5354,7.124331020403464,scr1998,stInflow,reservoir
SE,h5355,7.124331020403464,scr1998,stInflow,reservoir
SE,h5356,7.124331020403464,scr1998,stInflow,reservoir
SE,h5357,7.124331020403464,scr1998,stInflow,reservoir
SE,h5358,7.124331020403464,scr1998,stInflow,reservoir
SE,h5359,7.124331020403464,scr1998,stInflow,reservoir
SE,h5360,7.124331020403464,scr1998,stInflow,reservoir
SE,h5361,7.124331020403464,scr1998,stInflow,reservoir
SE,h5362,7.124331020403464,scr1998,stInflow,reservoir
SE,h5363,7.124331020403464,scr1998,stInflow,reservoir
SE,h5364,7.124331020403464,scr1998,stInflow,reservoir
SE,h5365,7.124331020403464,scr1998,stInflow,reservoir
SE,h5366,7.124331020403464,scr1998,stInflow,reservoir
SE,h5367,7.124331020403464,scr1998,stInflow,reservoir
SE,h5368,7.124331020403464,scr1998,stInflow,reservoir
SE,h5369,7.124331020403464,scr1998,stInflow,reservoir
SE,h5370,7.124331020403464,scr1998,stInflow,reservoir
SE,h5371,7.124331020403464,scr1998,stInflow,reservoir
SE,h5372,7.124331020403464,scr1998,stInflow,reservoir
SE,h5373,7.124331020403464,scr1998,stInflow,reservoir
SE,h5374,7.124331020403464,scr1998,stInflow,reservoir
SE,h5375,7.124331020403464,scr1998,stInflow,reservoir
SE,h5376,7.124331020403464,scr1998,stInflow,reservoir
SE,h5377,7.124331020403464,scr1998,stInflow,reservoir
SE,h5378,7.124331020403464,scr1998,stInflow,reservoir
SE,h5379,7.124331020403464,scr1998,stInflow,reservoir
SE,h5380,7.124331020403464,scr1998,stInflow,reservoir
SE,h5381,7.124331020403464,scr1998,stInflow,reservoir
SE,h5382,7.124331020403464,scr1998,stInflow,reservoir
SE,h5383,7.124331020403464,scr1998,stInflow,reservoir
SE,h5384,7.124331020403464,scr1998,stInflow,reservoir
SE,h5385,7.124331020403464,scr1998,stInflow,reservoir
SE,h5386,7.124331020403464,scr1998,stInflow,reservoir
SE,h5387,7.124331020403464,scr1998,stInflow,reservoir
SE,h5388,7.124331020403464,scr1998,stInflow,reservoir
SE,h5389,7.124331020403464,scr1998,stInflow,reservoir
SE,h5390,7.124331020403464,scr1998,stInflow,reservoir
SE,h5391,7.124331020403464,scr1998,stInflow,reservoir
SE,h5392,7.124331020403464,scr1998,stInflow,reservoir
SE,h5393,7.124331020403464,scr1998,stInflow,reservoir
SE,h5394,7.124331020403464,scr1998,stInflow,reservoir
SE,h5395,7.124331020403464,scr1998,stInflow,reservoir
SE,h5396,7.124331020403464,scr1998,stInflow,reservoir
SE,h5397,7.124331020403464,scr1998,stInflow,reservoir
SE,h5398,7.124331020403464,scr1998,stInflow,reservoir
SE,h5399,7.124331020403464,scr1998,stInflow,reservoir
SE,h5400,7.124331020403464,scr1998,stInflow,reservoir
SE,h5401,7.124331020403464,scr1998,stInflow,reservoir
SE,h5402,7.124331020403464,scr1998,stInflow,reservoir
SE,h5403,7.124331020403464,scr1998,stInflow,reservoir
SE,h5404,7.124331020403464,scr1998,stInflow,reservoir
SE,h5405,7.124331020403464,scr1998,stInflow,reservoir
SE,h5406,7.124331020403464,scr1998,stInflow,reservoir
SE,h5407,7.124331020403464,scr1998,stInflow,reservoir
SE,h5408,7.124331020403464,scr1998,stInflow,reservoir
SE,h5409,7.124331020403464,scr1998,stInflow,reservoir
SE,h5410,7.124331020403464,scr1998,stInflow,reservoir
SE,h5411,7.124331020403464,scr1998,stInflow,reservoir
SE,h5412,7.124331020403464,scr1998,stInflow,reservoir
SE,h5413,7.124331020403464,scr1998,stInflow,reservoir
SE,h5414,7.124331020403464,scr1998,stInflow,reservoir
SE,h5415,7.124331020403464,scr1998,stInflow,reservoir
SE,h5416,7.124331020403464,scr1998,stInflow,reservoir
SE,h5417,7.124331020403464,scr1998,stInflow,reservoir
SE,h5418,7.124331020403464,scr1998,stInflow,reservoir
SE,h5419,7.124331020403464,scr1998,stInflow,reservoir
SE,h5420,7.124331020403464,scr1998,stInflow,reservoir
SE,h5421,7.124331020403464,scr1998,stInflow,reservoir
SE,h5422,7.124331020403464,scr1998,stInflow,reservoir
SE,h5423,7.124331020403464,scr1998,stInflow,reservoir
SE,h5424,7.124331020403464,scr1998,stInflow,reservoir
SE,h5425,7.124331020403464,scr1998,stInflow,reservoir
SE,h5426,7.124331020403464,scr1998,stInflow,reservoir
SE,h5427,7.124331020403464,scr1998,stInflow,reservoir
SE,h5428,7.124331020403464,scr1998,stInflow,reservoir
SE,h5429,7.124331020403464,scr1998,stInflow,reservoir
SE,h5430,7.124331020403464,scr1998,stInflow,reservoir
SE,h5431,7.124331020403464,scr1998,stInflow,reservoir
SE,h5432,7.124331020403464,scr1998,stInflow,reservoir
SE,h5433,7.124331020403464,scr1998,stInflow,reservoir
SE,h5434,7.124331020403464,scr1998,stInflow,reservoir
SE,h5435,7.124331020403464,scr1998,stInflow,reservoir
SE,h5436,7.124331020403464,scr1998,stInflow,reservoir
SE,h5437,7.124331020403464,scr1998,stInflow,reservoir
SE,h5438,7.124331020403464,scr1998,stInflow,reservoir
SE,h5439,7.124331020403464,scr1998,stInflow,reservoir
SE,h5440,7.124331020403464,scr1998,stInflow,reservoir
SE,h5441,7.124331020403464,scr1998,stInflow,reservoir
SE,h5442,7.124331020403464,scr1998,stInflow,reservoir
SE,h5443,7.124331020403464,scr1998,stInflow,reservoir
SE,h5444,7.124331020403464,scr1998,stInflow,reservoir
SE,h5445,7.124331020403464,scr1998,stInflow,reservoir
SE,h5446,7.124331020403464,scr1998,stInflow,reservoir
SE,h5447,7.124331020403464,scr1998,stInflow,reservoir
SE,h5448,7.124331020403464,scr1998,stInflow,reservoir
SE,h5449,7.124331020403464,scr1998,stInflow,reservoir
SE,h5450,7.124331020403464,scr1998,stInflow,reservoir
SE,h5451,7.124331020403464,scr1998,stInflow,reservoir
SE,h5452,7.124331020403464,scr1998,stInflow,reservoir
SE,h5453,7.124331020403464,scr1998,stInflow,reservoir
SE,h5454,7.124331020403464,scr1998,stInflow,reservoir
SE,h5455,7.124331020403464,scr1998,stInflow,reservoir
SE,h5456,7.124331020403464,scr1998,stInflow,reservoir
SE,h5457,7.124331020403464,scr1998,stInflow,reservoir
SE,h5458,7.124331020403464,scr1998,stInflow,reservoir
SE,h5459,7.124331020403464,scr1998,stInflow,reservoir
SE,h5460,7.124331020403464,scr1998,stInflow,reservoir
SE,h5461,7.124331020403464,scr1998,stInflow,reservoir
SE,h5462,7.124331020403464,scr1998,stInflow,reservoir
SE,h5463,7.124331020403464,scr1998,stInflow,reservoir
SE,h5464,7.124331020403464,scr1998,stInflow,reservoir
SE,h5465,7.124331020403464,scr1998,stInflow,reservoir
SE,h5466,7.124331020403464,scr1998,stInflow,reservoir
SE,h5467,7.124331020403464,scr1998,stInflow,reservoir
SE,h5468,7.124331020403464,scr1998,stInflow,reservoir
SE,h5469,7.124331020403464,scr1998,stInflow,reservoir
SE,h5470,7.124331020403464,scr1998,stInflow,reservoir
SE,h5471,7.124331020403464,scr1998,stInflow,reservoir
SE,h5472,7.124331020403464,scr1998,stInflow,reservoir
SE,h5473,7.137404724872833,scr1998,stInflow,reservoir
SE,h5474,7.150478431736953,scr1998,stInflow,reservoir
SE,h5475,7.163552140991447,scr1998,stInflow,reservoir
SE,h5476,7.163552140991447,scr1998,stInflow,reservoir
SE,h5477,7.163552140991447,scr1998,stInflow,reservoir
SE,h5478,7.163552140991447,scr1998,stInflow,reservoir
SE,h5479,7.163552140991447,scr1998,stInflow,reservoir
SE,h5480,7.163552140991447,scr1998,stInflow,reservoir
SE,h5481,7.163552140991447,scr1998,stInflow,reservoir
SE,h5482,7.163552140991447,scr1998,stInflow,reservoir
SE,h5483,7.163552140991447,scr1998,stInflow,reservoir
SE,h5484,7.163552140991447,scr1998,stInflow,reservoir
SE,h5485,7.163552140991447,scr1998,stInflow,reservoir
SE,h5486,7.163552140991447,scr1998,stInflow,reservoir
SE,h5487,7.163552140991447,scr1998,stInflow,reservoir
SE,h5488,7.163552140991447,scr1998,stInflow,reservoir
SE,h5489,7.163552140991447,scr1998,stInflow,reservoir
SE,h5490,7.163552140991447,scr1998,stInflow,reservoir
SE,h5491,7.163552140991447,scr1998,stInflow,reservoir
SE,h5492,7.163552140991447,scr1998,stInflow,reservoir
SE,h5493,7.163552140991447,scr1998,stInflow,reservoir
SE,h5494,7.163552140991447,scr1998,stInflow,reservoir
SE,h5495,7.163552140991447,scr1998,stInflow,reservoir
SE,h5496,7.163552140991447,scr1998,stInflow,reservoir
SE,h5497,7.163552140991447,scr1998,stInflow,reservoir
SE,h5498,7.163552140991447,scr1998,stInflow,reservoir
SE,h5499,7.163552140991447,scr1998,stInflow,reservoir
SE,h5500,7.163552140991447,scr1998,stInflow,reservoir
SE,h5501,7.163552140991447,scr1998,stInflow,reservoir
SE,h5502,7.163552140991447,scr1998,stInflow,reservoir
SE,h5503,7.163552140991447,scr1998,stInflow,reservoir
SE,h5504,7.163552140991447,scr1998,stInflow,reservoir
SE,h5505,7.163552140991447,scr1998,stInflow,reservoir
SE,h5506,7.163552140991447,scr1998,stInflow,reservoir
SE,h5507,7.163552140991447,scr1998,stInflow,reservoir
SE,h5508,7.163552140991447,scr1998,stInflow,reservoir
SE,h5509,7.163552140991447,scr1998,stInflow,reservoir
SE,h5510,7.163552140991447,scr1998,stInflow,reservoir
SE,h5511,7.163552140991447,scr1998,stInflow,reservoir
SE,h5512,7.163552140991447,scr1998,stInflow,reservoir
SE,h5513,7.163552140991447,scr1998,stInflow,reservoir
SE,h5514,7.163552140991447,scr1998,stInflow,reservoir
SE,h5515,7.163552140991447,scr1998,stInflow,reservoir
SE,h5516,7.163552140991447,scr1998,stInflow,reservoir
SE,h5517,7.163552140991447,scr1998,stInflow,reservoir
SE,h5518,7.163552140991447,scr1998,stInflow,reservoir
SE,h5519,7.163552140991447,scr1998,stInflow,reservoir
SE,h5520,7.163552140991447,scr1998,stInflow,reservoir
SE,h5521,7.163552140991447,scr1998,stInflow,reservoir
SE,h5522,7.163552140991447,scr1998,stInflow,reservoir
SE,h5523,7.163552140991447,scr1998,stInflow,reservoir
SE,h5524,7.163552140991447,scr1998,stInflow,reservoir
SE,h5525,7.163552140991447,scr1998,stInflow,reservoir
SE,h5526,7.163552140991447,scr1998,stInflow,reservoir
SE,h5527,7.163552140991447,scr1998,stInflow,reservoir
SE,h5528,7.163552140991447,scr1998,stInflow,reservoir
SE,h5529,7.163552140991447,scr1998,stInflow,reservoir
SE,h5530,7.163552140991447,scr1998,stInflow,reservoir
SE,h5531,7.163552140991447,scr1998,stInflow,reservoir
SE,h5532,7.163552140991447,scr1998,stInflow,reservoir
SE,h5533,7.163552140991447,scr1998,stInflow,reservoir
SE,h5534,7.163552140991447,scr1998,stInflow,reservoir
SE,h5535,7.163552140991447,scr1998,stInflow,reservoir
SE,h5536,7.163552140991447,scr1998,stInflow,reservoir
SE,h5537,7.163552140991447,scr1998,stInflow,reservoir
SE,h5538,7.163552140991447,scr1998,stInflow,reservoir
SE,h5539,7.163552140991447,scr1998,stInflow,reservoir
SE,h5540,7.163552140991447,scr1998,stInflow,reservoir
SE,h5541,7.163552140991447,scr1998,stInflow,reservoir
SE,h5542,7.163552140991447,scr1998,stInflow,reservoir
SE,h5543,7.163552140991447,scr1998,stInflow,reservoir
SE,h5544,7.163552140991447,scr1998,stInflow,reservoir
SE,h5545,7.163552140991447,scr1998,stInflow,reservoir
SE,h5546,7.163552140991447,scr1998,stInflow,reservoir
SE,h5547,7.163552140991447,scr1998,stInflow,reservoir
SE,h5548,7.163552140991447,scr1998,stInflow,reservoir
SE,h5549,7.163552140991447,scr1998,stInflow,reservoir
SE,h5550,7.163552140991447,scr1998,stInflow,reservoir
SE,h5551,7.163552140991447,scr1998,stInflow,reservoir
SE,h5552,7.163552140991447,scr1998,stInflow,reservoir
SE,h5553,7.163552140991447,scr1998,stInflow,reservoir
SE,h5554,7.163552140991447,scr1998,stInflow,reservoir
SE,h5555,7.163552140991447,scr1998,stInflow,reservoir
SE,h5556,7.163552140991447,scr1998,stInflow,reservoir
SE,h5557,7.163552140991447,scr1998,stInflow,reservoir
SE,h5558,7.163552140991447,scr1998,stInflow,reservoir
SE,h5559,7.163552140991447,scr1998,stInflow,reservoir
SE,h5560,7.163552140991447,scr1998,stInflow,reservoir
SE,h5561,7.163552140991447,scr1998,stInflow,reservoir
SE,h5562,7.163552140991447,scr1998,stInflow,reservoir
SE,h5563,7.163552140991447,scr1998,stInflow,reservoir
SE,h5564,7.163552140991447,scr1998,stInflow,reservoir
SE,h5565,7.163552140991447,scr1998,stInflow,reservoir
SE,h5566,7.163552140991447,scr1998,stInflow,reservoir
SE,h5567,7.163552140991447,scr1998,stInflow,reservoir
SE,h5568,7.163552140991447,scr1998,stInflow,reservoir
SE,h5569,7.163552140991447,scr1998,stInflow,reservoir
SE,h5570,7.163552140991447,scr1998,stInflow,reservoir
SE,h5571,7.163552140991447,scr1998,stInflow,reservoir
SE,h5572,7.163552140991447,scr1998,stInflow,reservoir
SE,h5573,7.163552140991447,scr1998,stInflow,reservoir
SE,h5574,7.163552140991447,scr1998,stInflow,reservoir
SE,h5575,7.163552140991447,scr1998,stInflow,reservoir
SE,h5576,7.163552140991447,scr1998,stInflow,reservoir
SE,h5577,7.163552140991447,scr1998,stInflow,reservoir
SE,h5578,7.163552140991447,scr1998,stInflow,reservoir
SE,h5579,7.163552140991447,scr1998,stInflow,reservoir
SE,h5580,7.163552140991447,scr1998,stInflow,reservoir
SE,h5581,7.163552140991447,scr1998,stInflow,reservoir
SE,h5582,7.163552140991447,scr1998,stInflow,reservoir
SE,h5583,7.163552140991447,scr1998,stInflow,reservoir
SE,h5584,7.163552140991447,scr1998,stInflow,reservoir
SE,h5585,7.163552140991447,scr1998,stInflow,reservoir
SE,h5586,7.163552140991447,scr1998,stInflow,reservoir
SE,h5587,7.163552140991447,scr1998,stInflow,reservoir
SE,h5588,7.163552140991447,scr1998,stInflow,reservoir
SE,h5589,7.163552140991447,scr1998,stInflow,reservoir
SE,h5590,7.163552140991447,scr1998,stInflow,reservoir
SE,h5591,7.163552140991447,scr1998,stInflow,reservoir
SE,h5592,7.163552140991447,scr1998,stInflow,reservoir
SE,h5593,7.163552140991447,scr1998,stInflow,reservoir
SE,h5594,7.163552140991447,scr1998,stInflow,reservoir
SE,h5595,7.163552140991447,scr1998,stInflow,reservoir
SE,h5596,7.163552140991447,scr1998,stInflow,reservoir
SE,h5597,7.163552140991447,scr1998,stInflow,reservoir
SE,h5598,7.163552140991447,scr1998,stInflow,reservoir
SE,h5599,7.163552140991447,scr1998,stInflow,reservoir
SE,h5600,7.163552140991447,scr1998,stInflow,reservoir
SE,h5601,7.163552140991447,scr1998,stInflow,reservoir
SE,h5602,7.163552140991447,scr1998,stInflow,reservoir
SE,h5603,7.163552140991447,scr1998,stInflow,reservoir
SE,h5604,7.163552140991447,scr1998,stInflow,reservoir
SE,h5605,7.163552140991447,scr1998,stInflow,reservoir
SE,h5606,7.163552140991447,scr1998,stInflow,reservoir
SE,h5607,7.163552140991447,scr1998,stInflow,reservoir
SE,h5608,7.163552140991447,scr1998,stInflow,reservoir
SE,h5609,7.163552140991447,scr1998,stInflow,reservoir
SE,h5610,7.163552140991447,scr1998,stInflow,reservoir
SE,h5611,7.163552140991447,scr1998,stInflow,reservoir
SE,h5612,7.163552140991447,scr1998,stInflow,reservoir
SE,h5613,7.163552140991447,scr1998,stInflow,reservoir
SE,h5614,7.163552140991447,scr1998,stInflow,reservoir
SE,h5615,7.163552140991447,scr1998,stInflow,reservoir
SE,h5616,7.163552140991447,scr1998,stInflow,reservoir
SE,h5617,7.163552140991447,scr1998,stInflow,reservoir
SE,h5618,7.163552140991447,scr1998,stInflow,reservoir
SE,h5619,7.163552140991447,scr1998,stInflow,reservoir
SE,h5620,7.163552140991447,scr1998,stInflow,reservoir
SE,h5621,7.163552140991447,scr1998,stInflow,reservoir
SE,h5622,7.163552140991447,scr1998,stInflow,reservoir
SE,h5623,7.163552140991447,scr1998,stInflow,reservoir
SE,h5624,7.163552140991447,scr1998,stInflow,reservoir
SE,h5625,7.163552140991447,scr1998,stInflow,reservoir
SE,h5626,7.163552140991447,scr1998,stInflow,reservoir
SE,h5627,7.163552140991447,scr1998,stInflow,reservoir
SE,h5628,7.163552140991447,scr1998,stInflow,reservoir
SE,h5629,7.163552140991447,scr1998,stInflow,reservoir
SE,h5630,7.163552140991447,scr1998,stInflow,reservoir
SE,h5631,7.163552140991447,scr1998,stInflow,reservoir
SE,h5632,7.163552140991447,scr1998,stInflow,reservoir
SE,h5633,7.163552140991447,scr1998,stInflow,reservoir
SE,h5634,7.163552140991447,scr1998,stInflow,reservoir
SE,h5635,7.163552140991447,scr1998,stInflow,reservoir
SE,h5636,7.163552140991447,scr1998,stInflow,reservoir
SE,h5637,7.163552140991447,scr1998,stInflow,reservoir
SE,h5638,7.163552140991447,scr1998,stInflow,reservoir
SE,h5639,7.163552140991447,scr1998,stInflow,reservoir
SE,h5640,7.163552140991447,scr1998,stInflow,reservoir
SE,h5641,7.270077686865869,scr1998,stInflow,reservoir
SE,h5642,7.376603388834585,scr1998,stInflow,reservoir
SE,h5643,7.483129244643494,scr1998,stInflow,reservoir
SE,h5644,7.483129244643494,scr1998,stInflow,reservoir
SE,h5645,7.483129244643494,scr1998,stInflow,reservoir
SE,h5646,7.483129244643494,scr1998,stInflow,reservoir
SE,h5647,7.483129244643494,scr1998,stInflow,reservoir
SE,h5648,7.483129244643494,scr1998,stInflow,reservoir
SE,h5649,7.483129244643494,scr1998,stInflow,reservoir
SE,h5650,7.483129244643494,scr1998,stInflow,reservoir
SE,h5651,7.483129244643494,scr1998,stInflow,reservoir
SE,h5652,7.483129244643494,scr1998,stInflow,reservoir
SE,h5653,7.483129244643494,scr1998,stInflow,reservoir
SE,h5654,7.483129244643494,scr1998,stInflow,reservoir
SE,h5655,7.483129244643494,scr1998,stInflow,reservoir
SE,h5656,7.483129244643494,scr1998,stInflow,reservoir
SE,h5657,7.483129244643494,scr1998,stInflow,reservoir
SE,h5658,7.483129244643494,scr1998,stInflow,reservoir
SE,h5659,7.483129244643494,scr1998,stInflow,reservoir
SE,h5660,7.483129244643494,scr1998,stInflow,reservoir
SE,h5661,7.483129244643494,scr1998,stInflow,reservoir
SE,h5662,7.483129244643494,scr1998,stInflow,reservoir
SE,h5663,7.483129244643494,scr1998,stInflow,reservoir
SE,h5664,7.483129244643494,scr1998,stInflow,reservoir
SE,h5665,7.483129244643494,scr1998,stInflow,reservoir
SE,h5666,7.483129244643494,scr1998,stInflow,reservoir
SE,h5667,7.483129244643494,scr1998,stInflow,reservoir
SE,h5668,7.483129244643494,scr1998,stInflow,reservoir
SE,h5669,7.483129244643494,scr1998,stInflow,reservoir
SE,h5670,7.483129244643494,scr1998,stInflow,reservoir
SE,h5671,7.483129244643494,scr1998,stInflow,reservoir
SE,h5672,7.483129244643494,scr1998,stInflow,reservoir
SE,h5673,7.483129244643494,scr1998,stInflow,reservoir
SE,h5674,7.483129244643494,scr1998,stInflow,reservoir
SE,h5675,7.483129244643494,scr1998,stInflow,reservoir
SE,h5676,7.483129244643494,scr1998,stInflow,reservoir
SE,h5677,7.483129244643494,scr1998,stInflow,reservoir
SE,h5678,7.483129244643494,scr1998,stInflow,reservoir
SE,h5679,7.483129244643494,scr1998,stInflow,reservoir
SE,h5680,7.483129244643494,scr1998,stInflow,reservoir
SE,h5681,7.483129244643494,scr1998,stInflow,reservoir
SE,h5682,7.483129244643494,scr1998,stInflow,reservoir
SE,h5683,7.483129244643494,scr1998,stInflow,reservoir
SE,h5684,7.483129244643494,scr1998,stInflow,reservoir
SE,h5685,7.483129244643494,scr1998,stInflow,reservoir
SE,h5686,7.483129244643494,scr1998,stInflow,reservoir
SE,h5687,7.483129244643494,scr1998,stInflow,reservoir
SE,h5688,7.483129244643494,scr1998,stInflow,reservoir
SE,h5689,7.483129244643494,scr1998,stInflow,reservoir
SE,h5690,7.483129244643494,scr1998,stInflow,reservoir
SE,h5691,7.483129244643494,scr1998,stInflow,reservoir
SE,h5692,7.483129244643494,scr1998,stInflow,reservoir
SE,h5693,7.483129244643494,scr1998,stInflow,reservoir
SE,h5694,7.483129244643494,scr1998,stInflow,reservoir
SE,h5695,7.483129244643494,scr1998,stInflow,reservoir
SE,h5696,7.483129244643494,scr1998,stInflow,reservoir
SE,h5697,7.483129244643494,scr1998,stInflow,reservoir
SE,h5698,7.483129244643494,scr1998,stInflow,reservoir
SE,h5699,7.483129244643494,scr1998,stInflow,reservoir
SE,h5700,7.483129244643494,scr1998,stInflow,reservoir
SE,h5701,7.483129244643494,scr1998,stInflow,reservoir
SE,h5702,7.483129244643494,scr1998,stInflow,reservoir
SE,h5703,7.483129244643494,scr1998,stInflow,reservoir
SE,h5704,7.483129244643494,scr1998,stInflow,reservoir
SE,h5705,7.483129244643494,scr1998,stInflow,reservoir
SE,h5706,7.483129244643494,scr1998,stInflow,reservoir
SE,h5707,7.483129244643494,scr1998,stInflow,reservoir
SE,h5708,7.483129244643494,scr1998,stInflow,reservoir
SE,h5709,7.483129244643494,scr1998,stInflow,reservoir
SE,h5710,7.483129244643494,scr1998,stInflow,reservoir
SE,h5711,7.483129244643494,scr1998,stInflow,reservoir
SE,h5712,7.483129244643494,scr1998,stInflow,reservoir
SE,h5713,7.483129244643494,scr1998,stInflow,reservoir
SE,h5714,7.483129244643494,scr1998,stInflow,reservoir
SE,h5715,7.483129244643494,scr1998,stInflow,reservoir
SE,h5716,7.483129244643494,scr1998,stInflow,reservoir
SE,h5717,7.483129244643494,scr1998,stInflow,reservoir
SE,h5718,7.483129244643494,scr1998,stInflow,reservoir
SE,h5719,7.483129244643494,scr1998,stInflow,reservoir
SE,h5720,7.483129244643494,scr1998,stInflow,reservoir
SE,h5721,7.483129244643494,scr1998,stInflow,reservoir
SE,h5722,7.483129244643494,scr1998,stInflow,reservoir
SE,h5723,7.483129244643494,scr1998,stInflow,reservoir
SE,h5724,7.483129244643494,scr1998,stInflow,reservoir
SE,h5725,7.483129244643494,scr1998,stInflow,reservoir
SE,h5726,7.483129244643494,scr1998,stInflow,reservoir
SE,h5727,7.483129244643494,scr1998,stInflow,reservoir
SE,h5728,7.483129244643494,scr1998,stInflow,reservoir
SE,h5729,7.483129244643494,scr1998,stInflow,reservoir
SE,h5730,7.483129244643494,scr1998,stInflow,reservoir
SE,h5731,7.483129244643494,scr1998,stInflow,reservoir
SE,h5732,7.483129244643494,scr1998,stInflow,reservoir
SE,h5733,7.483129244643494,scr1998,stInflow,reservoir
SE,h5734,7.483129244643494,scr1998,stInflow,reservoir
SE,h5735,7.483129244643494,scr1998,stInflow,reservoir
SE,h5736,7.483129244643494,scr1998,stInflow,reservoir
SE,h5737,7.483129244643494,scr1998,stInflow,reservoir
SE,h5738,7.483129244643494,scr1998,stInflow,reservoir
SE,h5739,7.483129244643494,scr1998,stInflow,reservoir
SE,h5740,7.483129244643494,scr1998,stInflow,reservoir
SE,h5741,7.483129244643494,scr1998,stInflow,reservoir
SE,h5742,7.483129244643494,scr1998,stInflow,reservoir
SE,h5743,7.483129244643494,scr1998,stInflow,reservoir
SE,h5744,7.483129244643494,scr1998,stInflow,reservoir
SE,h5745,7.483129244643494,scr1998,stInflow,reservoir
SE,h5746,7.483129244643494,scr1998,stInflow,reservoir
SE,h5747,7.483129244643494,scr1998,stInflow,reservoir
SE,h5748,7.483129244643494,scr1998,stInflow,reservoir
SE,h5749,7.483129244643494,scr1998,stInflow,reservoir
SE,h5750,7.483129244643494,scr1998,stInflow,reservoir
SE,h5751,7.483129244643494,scr1998,stInflow,reservoir
SE,h5752,7.483129244643494,scr1998,stInflow,reservoir
SE,h5753,7.483129244643494,scr1998,stInflow,reservoir
SE,h5754,7.483129244643494,scr1998,stInflow,reservoir
SE,h5755,7.483129244643494,scr1998,stInflow,reservoir
SE,h5756,7.483129244643494,scr1998,stInflow,reservoir
SE,h5757,7.483129244643494,scr1998,stInflow,reservoir
SE,h5758,7.483129244643494,scr1998,stInflow,reservoir
SE,h5759,7.483129244643494,scr1998,stInflow,reservoir
SE,h5760,7.483129244643494,scr1998,stInflow,reservoir
SE,h5761,7.483129244643494,scr1998,stInflow,reservoir
SE,h5762,7.483129244643494,scr1998,stInflow,reservoir
SE,h5763,7.483129244643494,scr1998,stInflow,reservoir
SE,h5764,7.483129244643494,scr1998,stInflow,reservoir
SE,h5765,7.483129244643494,scr1998,stInflow,reservoir
SE,h5766,7.483129244643494,scr1998,stInflow,reservoir
SE,h5767,7.483129244643494,scr1998,stInflow,reservoir
SE,h5768,7.483129244643494,scr1998,stInflow,reservoir
SE,h5769,7.483129244643494,scr1998,stInflow,reservoir
SE,h5770,7.483129244643494,scr1998,stInflow,reservoir
SE,h5771,7.483129244643494,scr1998,stInflow,reservoir
SE,h5772,7.483129244643494,scr1998,stInflow,reservoir
SE,h5773,7.483129244643494,scr1998,stInflow,reservoir
SE,h5774,7.483129244643494,scr1998,stInflow,reservoir
SE,h5775,7.483129244643494,scr1998,stInflow,reservoir
SE,h5776,7.483129244643494,scr1998,stInflow,reservoir
SE,h5777,7.483129244643494,scr1998,stInflow,reservoir
SE,h5778,7.483129244643494,scr1998,stInflow,reservoir
SE,h5779,7.483129244643494,scr1998,stInflow,reservoir
SE,h5780,7.483129244643494,scr1998,stInflow,reservoir
SE,h5781,7.483129244643494,scr1998,stInflow,reservoir
SE,h5782,7.483129244643494,scr1998,stInflow,reservoir
SE,h5783,7.483129244643494,scr1998,stInflow,reservoir
SE,h5784,7.483129244643494,scr1998,stInflow,reservoir
SE,h5785,7.483129244643494,scr1998,stInflow,reservoir
SE,h5786,7.483129244643494,scr1998,stInflow,reservoir
SE,h5787,7.483129244643494,scr1998,stInflow,reservoir
SE,h5788,7.483129244643494,scr1998,stInflow,reservoir
SE,h5789,7.483129244643494,scr1998,stInflow,reservoir
SE,h5790,7.483129244643494,scr1998,stInflow,reservoir
SE,h5791,7.483129244643494,scr1998,stInflow,reservoir
SE,h5792,7.483129244643494,scr1998,stInflow,reservoir
SE,h5793,7.483129244643494,scr1998,stInflow,reservoir
SE,h5794,7.483129244643494,scr1998,stInflow,reservoir
SE,h5795,7.483129244643494,scr1998,stInflow,reservoir
SE,h5796,7.483129244643494,scr1998,stInflow,reservoir
SE,h5797,7.483129244643494,scr1998,stInflow,reservoir
SE,h5798,7.483129244643494,scr1998,stInflow,reservoir
SE,h5799,7.483129244643494,scr1998,stInflow,reservoir
SE,h5800,7.483129244643494,scr1998,stInflow,reservoir
SE,h5801,7.483129244643494,scr1998,stInflow,reservoir
SE,h5802,7.483129244643494,scr1998,stInflow,reservoir
SE,h5803,7.483129244643494,scr1998,stInflow,reservoir
SE,h5804,7.483129244643494,scr1998,stInflow,reservoir
SE,h5805,7.483129244643494,scr1998,stInflow,reservoir
SE,h5806,7.483129244643494,scr1998,stInflow,reservoir
SE,h5807,7.483129244643494,scr1998,stInflow,reservoir
SE,h5808,7.483129244643494,scr1998,stInflow,reservoir
