region_1,timestep_6,value,scenario_1,parameter,technology_3
AT,h0721,1.8329265550750222,scr2099,stInflow,reservoir
AT,h0722,1.8329265550750222,scr2099,stInflow,reservoir
AT,h0723,1.8329265550750222,scr2099,stInflow,reservoir
AT,h0724,1.8329265550750222,scr2099,stInflow,reservoir
AT,h0725,1.8329265550750222,scr2099,stInflow,reservoir
AT,h0726,1.8329265550750222,scr2099,stInflow,reservoir
AT,h0727,1.8329265550750222,scr2099,stInflow,reservoir
AT,h0728,1.8329265550750222,scr2099,stInflow,reservoir
AT,h0729,1.8329265550750222,scr2099,stInflow,reservoir
AT,h0730,1.8329265550750222,scr2099,stInflow,reservoir
AT,h0731,1.8329265550750222,scr2099,stInflow,reservoir
AT,h0732,1.8329265550750222,scr2099,stInflow,reservoir
AT,h0733,1.8329265550750222,scr2099,stInflow,reservoir
AT,h0734,1.8329265550750222,scr2099,stInflow,reservoir
AT,h0735,1.8329265550750222,scr2099,stInflow,reservoir
AT,h0736,1.8329265550750222,scr2099,stInflow,reservoir
AT,h0737,1.8329265550750222,scr2099,stInflow,reservoir
AT,h0738,1.8329265550750222,scr2099,stInflow,reservoir
AT,h0739,1.8329265550750222,scr2099,stInflow,reservoir
AT,h0740,1.8329265550750222,scr2099,stInflow,reservoir
AT,h0741,1.8329265550750222,scr2099,stInflow,reservoir
AT,h0742,1.8329265550750222,scr2099,stInflow,reservoir
AT,h0743,1.8329265550750222,scr2099,stInflow,reservoir
AT,h0744,1.8329265550750222,scr2099,stInflow,reservoir
AT,h0745,1.8329265550750222,scr2099,stInflow,reservoir
AT,h0746,1.8329265550750222,scr2099,stInflow,reservoir
AT,h0747,1.8329265550750222,scr2099,stInflow,reservoir
AT,h0748,1.8329265550750222,scr2099,stInflow,reservoir
AT,h0749,1.8329265550750222,scr2099,stInflow,reservoir
AT,h0750,1.8329265550750222,scr2099,stInflow,reservoir
AT,h0751,1.8329265550750222,scr2099,stInflow,reservoir
AT,h0752,1.8329265550750222,scr2099,stInflow,reservoir
AT,h0753,1.8329265550750222,scr2099,stInflow,reservoir
AT,h0754,1.8329265550750222,scr2099,stInflow,reservoir
AT,h0755,1.8329265550750222,scr2099,stInflow,reservoir
AT,h0756,1.8329265550750222,scr2099,stInflow,reservoir
AT,h0757,1.8329265550750222,scr2099,stInflow,reservoir
AT,h0758,1.8329265550750222,scr2099,stInflow,reservoir
AT,h0759,1.8329265550750222,scr2099,stInflow,reservoir
AT,h0760,1.8329265550750222,scr2099,stInflow,reservoir
AT,h0761,1.8329265550750222,scr2099,stInflow,reservoir
AT,h0762,1.8329265550750222,scr2099,stInflow,reservoir
AT,h0763,1.8329265550750222,scr2099,stInflow,reservoir
AT,h0764,1.8329265550750222,scr2099,stInflow,reservoir
AT,h0765,1.8329265550750222,scr2099,stInflow,reservoir
AT,h0766,1.8329265550750222,scr2099,stInflow,reservoir
AT,h0767,1.8329265550750222,scr2099,stInflow,reservoir
AT,h0768,1.8329265550750222,scr2099,stInflow,reservoir
AT,h0769,1.8885470150343528,scr2099,stInflow,reservoir
AT,h0770,1.9441676388118247,scr2099,stInflow,reservoir
AT,h0771,1.9997884217203974,scr2099,stInflow,reservoir
AT,h0772,1.9997884217203974,scr2099,stInflow,reservoir
AT,h0773,1.9997884217203974,scr2099,stInflow,reservoir
AT,h0774,1.9997884217203974,scr2099,stInflow,reservoir
AT,h0775,1.9997884217203974,scr2099,stInflow,reservoir
AT,h0776,1.9997884217203974,scr2099,stInflow,reservoir
AT,h0777,1.9997884217203974,scr2099,stInflow,reservoir
AT,h0778,1.9997884217203974,scr2099,stInflow,reservoir
AT,h0779,1.9997884217203974,scr2099,stInflow,reservoir
AT,h0780,1.9997884217203974,scr2099,stInflow,reservoir
AT,h0781,1.9997884217203974,scr2099,stInflow,reservoir
AT,h0782,1.9997884217203974,scr2099,stInflow,reservoir
AT,h0783,1.9997884217203974,scr2099,stInflow,reservoir
AT,h0784,1.9997884217203974,scr2099,stInflow,reservoir
AT,h0785,1.9997884217203974,scr2099,stInflow,reservoir
AT,h0786,1.9997884217203974,scr2099,stInflow,reservoir
AT,h0787,1.9997884217203974,scr2099,stInflow,reservoir
AT,h0788,1.9997884217203974,scr2099,stInflow,reservoir
AT,h0789,1.9997884217203974,scr2099,stInflow,reservoir
AT,h0790,1.9997884217203974,scr2099,stInflow,reservoir
AT,h0791,1.9997884217203974,scr2099,stInflow,reservoir
AT,h0792,1.9997884217203974,scr2099,stInflow,reservoir
AT,h0793,1.9997884217203974,scr2099,stInflow,reservoir
AT,h0794,1.9997884217203974,scr2099,stInflow,reservoir
AT,h0795,1.9997884217203974,scr2099,stInflow,reservoir
AT,h0796,1.9997884217203974,scr2099,stInflow,reservoir
AT,h0797,1.9997884217203974,scr2099,stInflow,reservoir
AT,h0798,1.9997884217203974,scr2099,stInflow,reservoir
AT,h0799,1.9997884217203974,scr2099,stInflow,reservoir
AT,h0800,1.9997884217203974,scr2099,stInflow,reservoir
AT,h0801,1.9997884217203974,scr2099,stInflow,reservoir
AT,h0802,1.9997884217203974,scr2099,stInflow,reservoir
AT,h0803,1.9997884217203974,scr2099,stInflow,reservoir
AT,h0804,1.9997884217203974,scr2099,stInflow,reservoir
AT,h0805,1.9997884217203974,scr2099,stInflow,reservoir
AT,h0806,1.9997884217203974,scr2099,stInflow,reservoir
AT,h0807,1.9997884217203974,scr2099,stInflow,reservoir
AT,h0808,1.9997884217203974,scr2099,stInflow,reservoir
AT,h0809,1.9997884217203974,scr2099,stInflow,reservoir
AT,h0810,1.9997884217203974,scr2099,stInflow,reservoir
AT,h0811,1.9997884217203974,scr2099,stInflow,reservoir
AT,h0812,1.9997884217203974,scr2099,stInflow,reservoir
AT,h0813,1.9997884217203974,scr2099,stInflow,reservoir
AT,h0814,1.9997884217203974,scr2099,stInflow,reservoir
AT,h0815,1.9997884217203974,scr2099,stInflow,reservoir
AT,h0816,1.9997884217203974,scr2099,stInflow,reservoir
AT,h0817,1.9997884217203974,scr2099,stInflow,reservoir
AT,h0818,1.9997884217203974,scr2099,stInflow,reservoir
AT,h0819,1.9997884217203974,scr2099,stInflow,reservoir
AT,h0820,1.9997884217203974,scr2099,stInflow,reservoir
AT,h0821,1.9997884217203974,scr2099,stInflow,reservoir
AT,h0822,1.9997884217203974,scr2099,stInflow,reservoir
AT,h0823,1.9997884217203974,scr2099,stInflow,reservoir
AT,h0824,1.9997884217203974,scr2099,stInflow,reservoir
AT,h0825,1.9997884217203974,scr2099,stInflow,reservoir
AT,h0826,1.9997884217203974,scr2099,stInflow,reservoir
AT,h0827,1.9997884217203974,scr2099,stInflow,reservoir
AT,h0828,1.9997884217203974,scr2099,stInflow,reservoir
AT,h0829,1.9997884217203974,scr2099,stInflow,reservoir
AT,h0830,1.9997884217203974,scr2099,stInflow,reservoir
AT,h0831,1.9997884217203974,scr2099,stInflow,reservoir
AT,h0832,1.9997884217203974,scr2099,stInflow,reservoir
AT,h0833,1.9997884217203974,scr2099,stInflow,reservoir
AT,h0834,1.9997884217203974,scr2099,stInflow,reservoir
AT,h0835,1.9997884217203974,scr2099,stInflow,reservoir
AT,h0836,1.9997884217203974,scr2099,stInflow,reservoir
AT,h0837,1.9997884217203974,scr2099,stInflow,reservoir
AT,h0838,1.9997884217203974,scr2099,stInflow,reservoir
AT,h0839,1.9997884217203974,scr2099,stInflow,reservoir
AT,h0840,1.9997884217203974,scr2099,stInflow,reservoir
AT,h0841,1.9997884217203974,scr2099,stInflow,reservoir
AT,h0842,1.9997884217203974,scr2099,stInflow,reservoir
AT,h0843,1.9997884217203974,scr2099,stInflow,reservoir
AT,h0844,1.9997884217203974,scr2099,stInflow,reservoir
AT,h0845,1.9997884217203974,scr2099,stInflow,reservoir
AT,h0846,1.9997884217203974,scr2099,stInflow,reservoir
AT,h0847,1.9997884217203974,scr2099,stInflow,reservoir
AT,h0848,1.9997884217203974,scr2099,stInflow,reservoir
AT,h0849,1.9997884217203974,scr2099,stInflow,reservoir
AT,h0850,1.9997884217203974,scr2099,stInflow,reservoir
AT,h0851,1.9997884217203974,scr2099,stInflow,reservoir
AT,h0852,1.9997884217203974,scr2099,stInflow,reservoir
AT,h0853,1.9997884217203974,scr2099,stInflow,reservoir
AT,h0854,1.9997884217203974,scr2099,stInflow,reservoir
AT,h0855,1.9997884217203974,scr2099,stInflow,reservoir
AT,h0856,1.9997884217203974,scr2099,stInflow,reservoir
AT,h0857,1.9997884217203974,scr2099,stInflow,reservoir
AT,h0858,1.9997884217203974,scr2099,stInflow,reservoir
AT,h0859,1.9997884217203974,scr2099,stInflow,reservoir
AT,h0860,1.9997884217203974,scr2099,stInflow,reservoir
AT,h0861,1.9997884217203974,scr2099,stInflow,reservoir
AT,h0862,1.9997884217203974,scr2099,stInflow,reservoir
AT,h0863,1.9997884217203974,scr2099,stInflow,reservoir
AT,h0864,1.9997884217203974,scr2099,stInflow,reservoir
AT,h0865,1.9997884217203974,scr2099,stInflow,reservoir
AT,h0866,1.9997884217203974,scr2099,stInflow,reservoir
AT,h0867,1.9997884217203974,scr2099,stInflow,reservoir
AT,h0868,1.9997884217203974,scr2099,stInflow,reservoir
AT,h0869,1.9997884217203974,scr2099,stInflow,reservoir
AT,h0870,1.9997884217203974,scr2099,stInflow,reservoir
AT,h0871,1.9997884217203974,scr2099,stInflow,reservoir
AT,h0872,1.9997884217203974,scr2099,stInflow,reservoir
AT,h0873,1.9997884217203974,scr2099,stInflow,reservoir
AT,h0874,1.9997884217203974,scr2099,stInflow,reservoir
AT,h0875,1.9997884217203974,scr2099,stInflow,reservoir
AT,h0876,1.9997884217203974,scr2099,stInflow,reservoir
AT,h0877,1.9997884217203974,scr2099,stInflow,reservoir
AT,h0878,1.9997884217203974,scr2099,stInflow,reservoir
AT,h0879,1.9997884217203974,scr2099,stInflow,reservoir
AT,h0880,1.9997884217203974,scr2099,stInflow,reservoir
AT,h0881,1.9997884217203974,scr2099,stInflow,reservoir
AT,h0882,1.9997884217203974,scr2099,stInflow,reservoir
AT,h0883,1.9997884217203974,scr2099,stInflow,reservoir
AT,h0884,1.9997884217203974,scr2099,stInflow,reservoir
AT,h0885,1.9997884217203974,scr2099,stInflow,reservoir
AT,h0886,1.9997884217203974,scr2099,stInflow,reservoir
AT,h0887,1.9997884217203974,scr2099,stInflow,reservoir
AT,h0888,1.9997884217203974,scr2099,stInflow,reservoir
AT,h0889,1.9997884217203974,scr2099,stInflow,reservoir
AT,h0890,1.9997884217203974,scr2099,stInflow,reservoir
AT,h0891,1.9997884217203974,scr2099,stInflow,reservoir
AT,h0892,1.9997884217203974,scr2099,stInflow,reservoir
AT,h0893,1.9997884217203974,scr2099,stInflow,reservoir
AT,h0894,1.9997884217203974,scr2099,stInflow,reservoir
AT,h0895,1.9997884217203974,scr2099,stInflow,reservoir
AT,h0896,1.9997884217203974,scr2099,stInflow,reservoir
AT,h0897,1.9997884217203974,scr2099,stInflow,reservoir
AT,h0898,1.9997884217203974,scr2099,stInflow,reservoir
AT,h0899,1.9997884217203974,scr2099,stInflow,reservoir
AT,h0900,1.9997884217203974,scr2099,stInflow,reservoir
AT,h0901,1.9997884217203974,scr2099,stInflow,reservoir
AT,h0902,1.9997884217203974,scr2099,stInflow,reservoir
AT,h0903,1.9997884217203974,scr2099,stInflow,reservoir
AT,h0904,1.9997884217203974,scr2099,stInflow,reservoir
AT,h0905,1.9997884217203974,scr2099,stInflow,reservoir
AT,h0906,1.9997884217203974,scr2099,stInflow,reservoir
AT,h0907,1.9997884217203974,scr2099,stInflow,reservoir
AT,h0908,1.9997884217203974,scr2099,stInflow,reservoir
AT,h0909,1.9997884217203974,scr2099,stInflow,reservoir
AT,h0910,1.9997884217203974,scr2099,stInflow,reservoir
AT,h0911,1.9997884217203974,scr2099,stInflow,reservoir
AT,h0912,1.9997884217203974,scr2099,stInflow,reservoir
AT,h0913,1.9997884217203974,scr2099,stInflow,reservoir
AT,h0914,1.9997884217203974,scr2099,stInflow,reservoir
AT,h0915,1.9997884217203974,scr2099,stInflow,reservoir
AT,h0916,1.9997884217203974,scr2099,stInflow,reservoir
AT,h0917,1.9997884217203974,scr2099,stInflow,reservoir
AT,h0918,1.9997884217203974,scr2099,stInflow,reservoir
AT,h0919,1.9997884217203974,scr2099,stInflow,reservoir
AT,h0920,1.9997884217203974,scr2099,stInflow,reservoir
AT,h0921,1.9997884217203974,scr2099,stInflow,reservoir
AT,h0922,1.9997884217203974,scr2099,stInflow,reservoir
AT,h0923,1.9997884217203974,scr2099,stInflow,reservoir
AT,h0924,1.9997884217203974,scr2099,stInflow,reservoir
AT,h0925,1.9997884217203974,scr2099,stInflow,reservoir
AT,h0926,1.9997884217203974,scr2099,stInflow,reservoir
AT,h0927,1.9997884217203974,scr2099,stInflow,reservoir
AT,h0928,1.9997884217203974,scr2099,stInflow,reservoir
AT,h0929,1.9997884217203974,scr2099,stInflow,reservoir
AT,h0930,1.9997884217203974,scr2099,stInflow,reservoir
AT,h0931,1.9997884217203974,scr2099,stInflow,reservoir
AT,h0932,1.9997884217203974,scr2099,stInflow,reservoir
AT,h0933,1.9997884217203974,scr2099,stInflow,reservoir
AT,h0934,1.9997884217203974,scr2099,stInflow,reservoir
AT,h0935,1.9997884217203974,scr2099,stInflow,reservoir
AT,h0936,1.9997884217203974,scr2099,stInflow,reservoir
AT,h0937,2.011092114579199,scr2099,stInflow,reservoir
AT,h0938,2.0223958137908404,scr2099,stInflow,reservoir
AT,h0939,2.0336995193198186,scr2099,stInflow,reservoir
AT,h0940,2.0336995193198186,scr2099,stInflow,reservoir
AT,h0941,2.0336995193198186,scr2099,stInflow,reservoir
AT,h0942,2.0336995193198186,scr2099,stInflow,reservoir
AT,h0943,2.0336995193198186,scr2099,stInflow,reservoir
AT,h0944,2.0336995193198186,scr2099,stInflow,reservoir
AT,h0945,2.0336995193198186,scr2099,stInflow,reservoir
AT,h0946,2.0336995193198186,scr2099,stInflow,reservoir
AT,h0947,2.0336995193198186,scr2099,stInflow,reservoir
AT,h0948,2.0336995193198186,scr2099,stInflow,reservoir
AT,h0949,2.0336995193198186,scr2099,stInflow,reservoir
AT,h0950,2.0336995193198186,scr2099,stInflow,reservoir
AT,h0951,2.0336995193198186,scr2099,stInflow,reservoir
AT,h0952,2.0336995193198186,scr2099,stInflow,reservoir
AT,h0953,2.0336995193198186,scr2099,stInflow,reservoir
AT,h0954,2.0336995193198186,scr2099,stInflow,reservoir
AT,h0955,2.0336995193198186,scr2099,stInflow,reservoir
AT,h0956,2.0336995193198186,scr2099,stInflow,reservoir
AT,h0957,2.0336995193198186,scr2099,stInflow,reservoir
AT,h0958,2.0336995193198186,scr2099,stInflow,reservoir
AT,h0959,2.0336995193198186,scr2099,stInflow,reservoir
AT,h0960,2.0336995193198186,scr2099,stInflow,reservoir
AT,h0961,2.0336995193198186,scr2099,stInflow,reservoir
AT,h0962,2.0336995193198186,scr2099,stInflow,reservoir
AT,h0963,2.0336995193198186,scr2099,stInflow,reservoir
AT,h0964,2.0336995193198186,scr2099,stInflow,reservoir
AT,h0965,2.0336995193198186,scr2099,stInflow,reservoir
AT,h0966,2.0336995193198186,scr2099,stInflow,reservoir
AT,h0967,2.0336995193198186,scr2099,stInflow,reservoir
AT,h0968,2.0336995193198186,scr2099,stInflow,reservoir
AT,h0969,2.0336995193198186,scr2099,stInflow,reservoir
AT,h0970,2.0336995193198186,scr2099,stInflow,reservoir
AT,h0971,2.0336995193198186,scr2099,stInflow,reservoir
AT,h0972,2.0336995193198186,scr2099,stInflow,reservoir
AT,h0973,2.0336995193198186,scr2099,stInflow,reservoir
AT,h0974,2.0336995193198186,scr2099,stInflow,reservoir
AT,h0975,2.0336995193198186,scr2099,stInflow,reservoir
AT,h0976,2.0336995193198186,scr2099,stInflow,reservoir
AT,h0977,2.0336995193198186,scr2099,stInflow,reservoir
AT,h0978,2.0336995193198186,scr2099,stInflow,reservoir
AT,h0979,2.0336995193198186,scr2099,stInflow,reservoir
AT,h0980,2.0336995193198186,scr2099,stInflow,reservoir
AT,h0981,2.0336995193198186,scr2099,stInflow,reservoir
AT,h0982,2.0336995193198186,scr2099,stInflow,reservoir
AT,h0983,2.0336995193198186,scr2099,stInflow,reservoir
AT,h0984,2.0336995193198186,scr2099,stInflow,reservoir
AT,h0985,2.0336995193198186,scr2099,stInflow,reservoir
AT,h0986,2.0336995193198186,scr2099,stInflow,reservoir
AT,h0987,2.0336995193198186,scr2099,stInflow,reservoir
AT,h0988,2.0336995193198186,scr2099,stInflow,reservoir
AT,h0989,2.0336995193198186,scr2099,stInflow,reservoir
AT,h0990,2.0336995193198186,scr2099,stInflow,reservoir
AT,h0991,2.0336995193198186,scr2099,stInflow,reservoir
AT,h0992,2.0336995193198186,scr2099,stInflow,reservoir
AT,h0993,2.0336995193198186,scr2099,stInflow,reservoir
AT,h0994,2.0336995193198186,scr2099,stInflow,reservoir
AT,h0995,2.0336995193198186,scr2099,stInflow,reservoir
AT,h0996,2.0336995193198186,scr2099,stInflow,reservoir
AT,h0997,2.0336995193198186,scr2099,stInflow,reservoir
AT,h0998,2.0336995193198186,scr2099,stInflow,reservoir
AT,h0999,2.0336995193198186,scr2099,stInflow,reservoir
AT,h1000,2.0336995193198186,scr2099,stInflow,reservoir
AT,h1001,2.0336995193198186,scr2099,stInflow,reservoir
AT,h1002,2.0336995193198186,scr2099,stInflow,reservoir
AT,h1003,2.0336995193198186,scr2099,stInflow,reservoir
AT,h1004,2.0336995193198186,scr2099,stInflow,reservoir
AT,h1005,2.0336995193198186,scr2099,stInflow,reservoir
AT,h1006,2.0336995193198186,scr2099,stInflow,reservoir
AT,h1007,2.0336995193198186,scr2099,stInflow,reservoir
AT,h1008,2.0336995193198186,scr2099,stInflow,reservoir
AT,h1009,2.0336995193198186,scr2099,stInflow,reservoir
AT,h1010,2.0336995193198186,scr2099,stInflow,reservoir
AT,h1011,2.0336995193198186,scr2099,stInflow,reservoir
AT,h1012,2.0336995193198186,scr2099,stInflow,reservoir
AT,h1013,2.0336995193198186,scr2099,stInflow,reservoir
AT,h1014,2.0336995193198186,scr2099,stInflow,reservoir
AT,h1015,2.0336995193198186,scr2099,stInflow,reservoir
AT,h1016,2.0336995193198186,scr2099,stInflow,reservoir
AT,h1017,2.0336995193198186,scr2099,stInflow,reservoir
AT,h1018,2.0336995193198186,scr2099,stInflow,reservoir
AT,h1019,2.0336995193198186,scr2099,stInflow,reservoir
AT,h1020,2.0336995193198186,scr2099,stInflow,reservoir
AT,h1021,2.0336995193198186,scr2099,stInflow,reservoir
AT,h1022,2.0336995193198186,scr2099,stInflow,reservoir
AT,h1023,2.0336995193198186,scr2099,stInflow,reservoir
AT,h1024,2.0336995193198186,scr2099,stInflow,reservoir
AT,h1025,2.0336995193198186,scr2099,stInflow,reservoir
AT,h1026,2.0336995193198186,scr2099,stInflow,reservoir
AT,h1027,2.0336995193198186,scr2099,stInflow,reservoir
AT,h1028,2.0336995193198186,scr2099,stInflow,reservoir
AT,h1029,2.0336995193198186,scr2099,stInflow,reservoir
AT,h1030,2.0336995193198186,scr2099,stInflow,reservoir
AT,h1031,2.0336995193198186,scr2099,stInflow,reservoir
AT,h1032,2.0336995193198186,scr2099,stInflow,reservoir
AT,h1033,2.0336995193198186,scr2099,stInflow,reservoir
AT,h1034,2.0336995193198186,scr2099,stInflow,reservoir
AT,h1035,2.0336995193198186,scr2099,stInflow,reservoir
AT,h1036,2.0336995193198186,scr2099,stInflow,reservoir
AT,h1037,2.0336995193198186,scr2099,stInflow,reservoir
AT,h1038,2.0336995193198186,scr2099,stInflow,reservoir
AT,h1039,2.0336995193198186,scr2099,stInflow,reservoir
AT,h1040,2.0336995193198186,scr2099,stInflow,reservoir
AT,h1041,2.0336995193198186,scr2099,stInflow,reservoir
AT,h1042,2.0336995193198186,scr2099,stInflow,reservoir
AT,h1043,2.0336995193198186,scr2099,stInflow,reservoir
AT,h1044,2.0336995193198186,scr2099,stInflow,reservoir
AT,h1045,2.0336995193198186,scr2099,stInflow,reservoir
AT,h1046,2.0336995193198186,scr2099,stInflow,reservoir
AT,h1047,2.0336995193198186,scr2099,stInflow,reservoir
AT,h1048,2.0336995193198186,scr2099,stInflow,reservoir
AT,h1049,2.0336995193198186,scr2099,stInflow,reservoir
AT,h1050,2.0336995193198186,scr2099,stInflow,reservoir
AT,h1051,2.0336995193198186,scr2099,stInflow,reservoir
AT,h1052,2.0336995193198186,scr2099,stInflow,reservoir
AT,h1053,2.0336995193198186,scr2099,stInflow,reservoir
AT,h1054,2.0336995193198186,scr2099,stInflow,reservoir
AT,h1055,2.0336995193198186,scr2099,stInflow,reservoir
AT,h1056,2.0336995193198186,scr2099,stInflow,reservoir
AT,h1057,2.0336995193198186,scr2099,stInflow,reservoir
AT,h1058,2.0336995193198186,scr2099,stInflow,reservoir
AT,h1059,2.0336995193198186,scr2099,stInflow,reservoir
AT,h1060,2.0336995193198186,scr2099,stInflow,reservoir
AT,h1061,2.0336995193198186,scr2099,stInflow,reservoir
AT,h1062,2.0336995193198186,scr2099,stInflow,reservoir
AT,h1063,2.0336995193198186,scr2099,stInflow,reservoir
AT,h1064,2.0336995193198186,scr2099,stInflow,reservoir
AT,h1065,2.0336995193198186,scr2099,stInflow,reservoir
AT,h1066,2.0336995193198186,scr2099,stInflow,reservoir
AT,h1067,2.0336995193198186,scr2099,stInflow,reservoir
AT,h1068,2.0336995193198186,scr2099,stInflow,reservoir
AT,h1069,2.0336995193198186,scr2099,stInflow,reservoir
AT,h1070,2.0336995193198186,scr2099,stInflow,reservoir
AT,h1071,2.0336995193198186,scr2099,stInflow,reservoir
AT,h1072,2.0336995193198186,scr2099,stInflow,reservoir
AT,h1073,2.0336995193198186,scr2099,stInflow,reservoir
AT,h1074,2.0336995193198186,scr2099,stInflow,reservoir
AT,h1075,2.0336995193198186,scr2099,stInflow,reservoir
AT,h1076,2.0336995193198186,scr2099,stInflow,reservoir
AT,h1077,2.0336995193198186,scr2099,stInflow,reservoir
AT,h1078,2.0336995193198186,scr2099,stInflow,reservoir
AT,h1079,2.0336995193198186,scr2099,stInflow,reservoir
AT,h1080,2.0336995193198186,scr2099,stInflow,reservoir
AT,h1081,2.0336995193198186,scr2099,stInflow,reservoir
AT,h1082,2.0336995193198186,scr2099,stInflow,reservoir
AT,h1083,2.0336995193198186,scr2099,stInflow,reservoir
AT,h1084,2.0336995193198186,scr2099,stInflow,reservoir
AT,h1085,2.0336995193198186,scr2099,stInflow,reservoir
AT,h1086,2.0336995193198186,scr2099,stInflow,reservoir
AT,h1087,2.0336995193198186,scr2099,stInflow,reservoir
AT,h1088,2.0336995193198186,scr2099,stInflow,reservoir
AT,h1089,2.0336995193198186,scr2099,stInflow,reservoir
AT,h1090,2.0336995193198186,scr2099,stInflow,reservoir
AT,h1091,2.0336995193198186,scr2099,stInflow,reservoir
AT,h1092,2.0336995193198186,scr2099,stInflow,reservoir
AT,h1093,2.0336995193198186,scr2099,stInflow,reservoir
AT,h1094,2.0336995193198186,scr2099,stInflow,reservoir
AT,h1095,2.0336995193198186,scr2099,stInflow,reservoir
AT,h1096,2.0336995193198186,scr2099,stInflow,reservoir
AT,h1097,2.0336995193198186,scr2099,stInflow,reservoir
AT,h1098,2.0336995193198186,scr2099,stInflow,reservoir
AT,h1099,2.0336995193198186,scr2099,stInflow,reservoir
AT,h1100,2.0336995193198186,scr2099,stInflow,reservoir
AT,h1101,2.0336995193198186,scr2099,stInflow,reservoir
AT,h1102,2.0336995193198186,scr2099,stInflow,reservoir
AT,h1103,2.0336995193198186,scr2099,stInflow,reservoir
AT,h1104,2.0336995193198186,scr2099,stInflow,reservoir
AT,h1105,2.0244494162326303,scr2099,stInflow,reservoir
AT,h1106,2.0151993173715845,scr2099,stInflow,reservoir
AT,h1107,2.005949222756075,scr2099,stInflow,reservoir
AT,h1108,2.005949222756075,scr2099,stInflow,reservoir
AT,h1109,2.005949222756075,scr2099,stInflow,reservoir
AT,h1110,2.005949222756075,scr2099,stInflow,reservoir
AT,h1111,2.005949222756075,scr2099,stInflow,reservoir
AT,h1112,2.005949222756075,scr2099,stInflow,reservoir
AT,h1113,2.005949222756075,scr2099,stInflow,reservoir
AT,h1114,2.005949222756075,scr2099,stInflow,reservoir
AT,h1115,2.005949222756075,scr2099,stInflow,reservoir
AT,h1116,2.005949222756075,scr2099,stInflow,reservoir
AT,h1117,2.005949222756075,scr2099,stInflow,reservoir
AT,h1118,2.005949222756075,scr2099,stInflow,reservoir
AT,h1119,2.005949222756075,scr2099,stInflow,reservoir
AT,h1120,2.005949222756075,scr2099,stInflow,reservoir
AT,h1121,2.005949222756075,scr2099,stInflow,reservoir
AT,h1122,2.005949222756075,scr2099,stInflow,reservoir
AT,h1123,2.005949222756075,scr2099,stInflow,reservoir
AT,h1124,2.005949222756075,scr2099,stInflow,reservoir
AT,h1125,2.005949222756075,scr2099,stInflow,reservoir
AT,h1126,2.005949222756075,scr2099,stInflow,reservoir
AT,h1127,2.005949222756075,scr2099,stInflow,reservoir
AT,h1128,2.005949222756075,scr2099,stInflow,reservoir
AT,h1129,2.005949222756075,scr2099,stInflow,reservoir
AT,h1130,2.005949222756075,scr2099,stInflow,reservoir
AT,h1131,2.005949222756075,scr2099,stInflow,reservoir
AT,h1132,2.005949222756075,scr2099,stInflow,reservoir
AT,h1133,2.005949222756075,scr2099,stInflow,reservoir
AT,h1134,2.005949222756075,scr2099,stInflow,reservoir
AT,h1135,2.005949222756075,scr2099,stInflow,reservoir
AT,h1136,2.005949222756075,scr2099,stInflow,reservoir
AT,h1137,2.005949222756075,scr2099,stInflow,reservoir
AT,h1138,2.005949222756075,scr2099,stInflow,reservoir
AT,h1139,2.005949222756075,scr2099,stInflow,reservoir
AT,h1140,2.005949222756075,scr2099,stInflow,reservoir
AT,h1141,2.005949222756075,scr2099,stInflow,reservoir
AT,h1142,2.005949222756075,scr2099,stInflow,reservoir
AT,h1143,2.005949222756075,scr2099,stInflow,reservoir
AT,h1144,2.005949222756075,scr2099,stInflow,reservoir
AT,h1145,2.005949222756075,scr2099,stInflow,reservoir
AT,h1146,2.005949222756075,scr2099,stInflow,reservoir
AT,h1147,2.005949222756075,scr2099,stInflow,reservoir
AT,h1148,2.005949222756075,scr2099,stInflow,reservoir
AT,h1149,2.005949222756075,scr2099,stInflow,reservoir
AT,h1150,2.005949222756075,scr2099,stInflow,reservoir
AT,h1151,2.005949222756075,scr2099,stInflow,reservoir
AT,h1152,2.005949222756075,scr2099,stInflow,reservoir
AT,h1153,2.005949222756075,scr2099,stInflow,reservoir
AT,h1154,2.005949222756075,scr2099,stInflow,reservoir
AT,h1155,2.005949222756075,scr2099,stInflow,reservoir
AT,h1156,2.005949222756075,scr2099,stInflow,reservoir
AT,h1157,2.005949222756075,scr2099,stInflow,reservoir
AT,h1158,2.005949222756075,scr2099,stInflow,reservoir
AT,h1159,2.005949222756075,scr2099,stInflow,reservoir
AT,h1160,2.005949222756075,scr2099,stInflow,reservoir
AT,h1161,2.005949222756075,scr2099,stInflow,reservoir
AT,h1162,2.005949222756075,scr2099,stInflow,reservoir
AT,h1163,2.005949222756075,scr2099,stInflow,reservoir
AT,h1164,2.005949222756075,scr2099,stInflow,reservoir
AT,h1165,2.005949222756075,scr2099,stInflow,reservoir
AT,h1166,2.005949222756075,scr2099,stInflow,reservoir
AT,h1167,2.005949222756075,scr2099,stInflow,reservoir
AT,h1168,2.005949222756075,scr2099,stInflow,reservoir
AT,h1169,2.005949222756075,scr2099,stInflow,reservoir
AT,h1170,2.005949222756075,scr2099,stInflow,reservoir
AT,h1171,2.005949222756075,scr2099,stInflow,reservoir
AT,h1172,2.005949222756075,scr2099,stInflow,reservoir
AT,h1173,2.005949222756075,scr2099,stInflow,reservoir
AT,h1174,2.005949222756075,scr2099,stInflow,reservoir
AT,h1175,2.005949222756075,scr2099,stInflow,reservoir
AT,h1176,2.005949222756075,scr2099,stInflow,reservoir
AT,h1177,2.005949222756075,scr2099,stInflow,reservoir
AT,h1178,2.005949222756075,scr2099,stInflow,reservoir
AT,h1179,2.005949222756075,scr2099,stInflow,reservoir
AT,h1180,2.005949222756075,scr2099,stInflow,reservoir
AT,h1181,2.005949222756075,scr2099,stInflow,reservoir
AT,h1182,2.005949222756075,scr2099,stInflow,reservoir
AT,h1183,2.005949222756075,scr2099,stInflow,reservoir
AT,h1184,2.005949222756075,scr2099,stInflow,reservoir
AT,h1185,2.005949222756075,scr2099,stInflow,reservoir
AT,h1186,2.005949222756075,scr2099,stInflow,reservoir
AT,h1187,2.005949222756075,scr2099,stInflow,reservoir
AT,h1188,2.005949222756075,scr2099,stInflow,reservoir
AT,h1189,2.005949222756075,scr2099,stInflow,reservoir
AT,h1190,2.005949222756075,scr2099,stInflow,reservoir
AT,h1191,2.005949222756075,scr2099,stInflow,reservoir
AT,h1192,2.005949222756075,scr2099,stInflow,reservoir
AT,h1193,2.005949222756075,scr2099,stInflow,reservoir
AT,h1194,2.005949222756075,scr2099,stInflow,reservoir
AT,h1195,2.005949222756075,scr2099,stInflow,reservoir
AT,h1196,2.005949222756075,scr2099,stInflow,reservoir
AT,h1197,2.005949222756075,scr2099,stInflow,reservoir
AT,h1198,2.005949222756075,scr2099,stInflow,reservoir
AT,h1199,2.005949222756075,scr2099,stInflow,reservoir
AT,h1200,2.005949222756075,scr2099,stInflow,reservoir
AT,h1201,2.005949222756075,scr2099,stInflow,reservoir
AT,h1202,2.005949222756075,scr2099,stInflow,reservoir
AT,h1203,2.005949222756075,scr2099,stInflow,reservoir
AT,h1204,2.005949222756075,scr2099,stInflow,reservoir
AT,h1205,2.005949222756075,scr2099,stInflow,reservoir
AT,h1206,2.005949222756075,scr2099,stInflow,reservoir
AT,h1207,2.005949222756075,scr2099,stInflow,reservoir
AT,h1208,2.005949222756075,scr2099,stInflow,reservoir
AT,h1209,2.005949222756075,scr2099,stInflow,reservoir
AT,h1210,2.005949222756075,scr2099,stInflow,reservoir
AT,h1211,2.005949222756075,scr2099,stInflow,reservoir
AT,h1212,2.005949222756075,scr2099,stInflow,reservoir
AT,h1213,2.005949222756075,scr2099,stInflow,reservoir
AT,h1214,2.005949222756075,scr2099,stInflow,reservoir
AT,h1215,2.005949222756075,scr2099,stInflow,reservoir
AT,h1216,2.005949222756075,scr2099,stInflow,reservoir
AT,h1217,2.005949222756075,scr2099,stInflow,reservoir
AT,h1218,2.005949222756075,scr2099,stInflow,reservoir
AT,h1219,2.005949222756075,scr2099,stInflow,reservoir
AT,h1220,2.005949222756075,scr2099,stInflow,reservoir
AT,h1221,2.005949222756075,scr2099,stInflow,reservoir
AT,h1222,2.005949222756075,scr2099,stInflow,reservoir
AT,h1223,2.005949222756075,scr2099,stInflow,reservoir
AT,h1224,2.005949222756075,scr2099,stInflow,reservoir
AT,h1225,2.005949222756075,scr2099,stInflow,reservoir
AT,h1226,2.005949222756075,scr2099,stInflow,reservoir
AT,h1227,2.005949222756075,scr2099,stInflow,reservoir
AT,h1228,2.005949222756075,scr2099,stInflow,reservoir
AT,h1229,2.005949222756075,scr2099,stInflow,reservoir
AT,h1230,2.005949222756075,scr2099,stInflow,reservoir
AT,h1231,2.005949222756075,scr2099,stInflow,reservoir
AT,h1232,2.005949222756075,scr2099,stInflow,reservoir
AT,h1233,2.005949222756075,scr2099,stInflow,reservoir
AT,h1234,2.005949222756075,scr2099,stInflow,reservoir
AT,h1235,2.005949222756075,scr2099,stInflow,reservoir
AT,h1236,2.005949222756075,scr2099,stInflow,reservoir
AT,h1237,2.005949222756075,scr2099,stInflow,reservoir
AT,h1238,2.005949222756075,scr2099,stInflow,reservoir
AT,h1239,2.005949222756075,scr2099,stInflow,reservoir
AT,h1240,2.005949222756075,scr2099,stInflow,reservoir
AT,h1241,2.005949222756075,scr2099,stInflow,reservoir
AT,h1242,2.005949222756075,scr2099,stInflow,reservoir
AT,h1243,2.005949222756075,scr2099,stInflow,reservoir
AT,h1244,2.005949222756075,scr2099,stInflow,reservoir
AT,h1245,2.005949222756075,scr2099,stInflow,reservoir
AT,h1246,2.005949222756075,scr2099,stInflow,reservoir
AT,h1247,2.005949222756075,scr2099,stInflow,reservoir
AT,h1248,2.005949222756075,scr2099,stInflow,reservoir
AT,h1249,2.005949222756075,scr2099,stInflow,reservoir
AT,h1250,2.005949222756075,scr2099,stInflow,reservoir
AT,h1251,2.005949222756075,scr2099,stInflow,reservoir
AT,h1252,2.005949222756075,scr2099,stInflow,reservoir
AT,h1253,2.005949222756075,scr2099,stInflow,reservoir
AT,h1254,2.005949222756075,scr2099,stInflow,reservoir
AT,h1255,2.005949222756075,scr2099,stInflow,reservoir
AT,h1256,2.005949222756075,scr2099,stInflow,reservoir
AT,h1257,2.005949222756075,scr2099,stInflow,reservoir
AT,h1258,2.005949222756075,scr2099,stInflow,reservoir
AT,h1259,2.005949222756075,scr2099,stInflow,reservoir
AT,h1260,2.005949222756075,scr2099,stInflow,reservoir
AT,h1261,2.005949222756075,scr2099,stInflow,reservoir
AT,h1262,2.005949222756075,scr2099,stInflow,reservoir
AT,h1263,2.005949222756075,scr2099,stInflow,reservoir
AT,h1264,2.005949222756075,scr2099,stInflow,reservoir
AT,h1265,2.005949222756075,scr2099,stInflow,reservoir
AT,h1266,2.005949222756075,scr2099,stInflow,reservoir
AT,h1267,2.005949222756075,scr2099,stInflow,reservoir
AT,h1268,2.005949222756075,scr2099,stInflow,reservoir
AT,h1269,2.005949222756075,scr2099,stInflow,reservoir
AT,h1270,2.005949222756075,scr2099,stInflow,reservoir
AT,h1271,2.005949222756075,scr2099,stInflow,reservoir
AT,h1272,2.005949222756075,scr2099,stInflow,reservoir
AT,h1273,1.8471553752268197,scr2099,stInflow,reservoir
AT,h1274,1.6883628943335347,scr2099,stInflow,reservoir
AT,h1275,1.5295719089474817,scr2099,stInflow,reservoir
AT,h1276,1.5295719089474817,scr2099,stInflow,reservoir
AT,h1277,1.5295719089474817,scr2099,stInflow,reservoir
AT,h1278,1.5295719089474817,scr2099,stInflow,reservoir
AT,h1279,1.5295719089474817,scr2099,stInflow,reservoir
AT,h1280,1.5295719089474817,scr2099,stInflow,reservoir
AT,h1281,1.5295719089474817,scr2099,stInflow,reservoir
AT,h1282,1.5295719089474817,scr2099,stInflow,reservoir
AT,h1283,1.5295719089474817,scr2099,stInflow,reservoir
AT,h1284,1.5295719089474817,scr2099,stInflow,reservoir
AT,h1285,1.5295719089474817,scr2099,stInflow,reservoir
AT,h1286,1.5295719089474817,scr2099,stInflow,reservoir
AT,h1287,1.5295719089474817,scr2099,stInflow,reservoir
AT,h1288,1.5295719089474817,scr2099,stInflow,reservoir
AT,h1289,1.5295719089474817,scr2099,stInflow,reservoir
AT,h1290,1.5295719089474817,scr2099,stInflow,reservoir
AT,h1291,1.5295719089474817,scr2099,stInflow,reservoir
AT,h1292,1.5295719089474817,scr2099,stInflow,reservoir
AT,h1293,1.5295719089474817,scr2099,stInflow,reservoir
AT,h1294,1.5295719089474817,scr2099,stInflow,reservoir
AT,h1295,1.5295719089474817,scr2099,stInflow,reservoir
AT,h1296,1.5295719089474817,scr2099,stInflow,reservoir
AT,h1297,1.5295719089474817,scr2099,stInflow,reservoir
AT,h1298,1.5295719089474817,scr2099,stInflow,reservoir
AT,h1299,1.5295719089474817,scr2099,stInflow,reservoir
AT,h1300,1.5295719089474817,scr2099,stInflow,reservoir
AT,h1301,1.5295719089474817,scr2099,stInflow,reservoir
AT,h1302,1.5295719089474817,scr2099,stInflow,reservoir
AT,h1303,1.5295719089474817,scr2099,stInflow,reservoir
AT,h1304,1.5295719089474817,scr2099,stInflow,reservoir
AT,h1305,1.5295719089474817,scr2099,stInflow,reservoir
AT,h1306,1.5295719089474817,scr2099,stInflow,reservoir
AT,h1307,1.5295719089474817,scr2099,stInflow,reservoir
AT,h1308,1.5295719089474817,scr2099,stInflow,reservoir
AT,h1309,1.5295719089474817,scr2099,stInflow,reservoir
AT,h1310,1.5295719089474817,scr2099,stInflow,reservoir
AT,h1311,1.5295719089474817,scr2099,stInflow,reservoir
AT,h1312,1.5295719089474817,scr2099,stInflow,reservoir
AT,h1313,1.5295719089474817,scr2099,stInflow,reservoir
AT,h1314,1.5295719089474817,scr2099,stInflow,reservoir
AT,h1315,1.5295719089474817,scr2099,stInflow,reservoir
AT,h1316,1.5295719089474817,scr2099,stInflow,reservoir
AT,h1317,1.5295719089474817,scr2099,stInflow,reservoir
AT,h1318,1.5295719089474817,scr2099,stInflow,reservoir
AT,h1319,1.5295719089474817,scr2099,stInflow,reservoir
AT,h1320,1.5295719089474817,scr2099,stInflow,reservoir
AT,h1321,1.5295719089474817,scr2099,stInflow,reservoir
AT,h1322,1.5295719089474817,scr2099,stInflow,reservoir
AT,h1323,1.5295719089474817,scr2099,stInflow,reservoir
AT,h1324,1.5295719089474817,scr2099,stInflow,reservoir
AT,h1325,1.5295719089474817,scr2099,stInflow,reservoir
AT,h1326,1.5295719089474817,scr2099,stInflow,reservoir
AT,h1327,1.5295719089474817,scr2099,stInflow,reservoir
AT,h1328,1.5295719089474817,scr2099,stInflow,reservoir
AT,h1329,1.5295719089474817,scr2099,stInflow,reservoir
AT,h1330,1.5295719089474817,scr2099,stInflow,reservoir
AT,h1331,1.5295719089474817,scr2099,stInflow,reservoir
AT,h1332,1.5295719089474817,scr2099,stInflow,reservoir
AT,h1333,1.5295719089474817,scr2099,stInflow,reservoir
AT,h1334,1.5295719089474817,scr2099,stInflow,reservoir
AT,h1335,1.5295719089474817,scr2099,stInflow,reservoir
AT,h1336,1.5295719089474817,scr2099,stInflow,reservoir
AT,h1337,1.5295719089474817,scr2099,stInflow,reservoir
AT,h1338,1.5295719089474817,scr2099,stInflow,reservoir
AT,h1339,1.5295719089474817,scr2099,stInflow,reservoir
AT,h1340,1.5295719089474817,scr2099,stInflow,reservoir
AT,h1341,1.5295719089474817,scr2099,stInflow,reservoir
AT,h1342,1.5295719089474817,scr2099,stInflow,reservoir
AT,h1343,1.5295719089474817,scr2099,stInflow,reservoir
AT,h1344,1.5295719089474817,scr2099,stInflow,reservoir
AT,h1345,1.5295719089474817,scr2099,stInflow,reservoir
AT,h1346,1.5295719089474817,scr2099,stInflow,reservoir
AT,h1347,1.5295719089474817,scr2099,stInflow,reservoir
AT,h1348,1.5295719089474817,scr2099,stInflow,reservoir
AT,h1349,1.5295719089474817,scr2099,stInflow,reservoir
AT,h1350,1.5295719089474817,scr2099,stInflow,reservoir
AT,h1351,1.5295719089474817,scr2099,stInflow,reservoir
AT,h1352,1.5295719089474817,scr2099,stInflow,reservoir
AT,h1353,1.5295719089474817,scr2099,stInflow,reservoir
AT,h1354,1.5295719089474817,scr2099,stInflow,reservoir
AT,h1355,1.5295719089474817,scr2099,stInflow,reservoir
AT,h1356,1.5295719089474817,scr2099,stInflow,reservoir
AT,h1357,1.5295719089474817,scr2099,stInflow,reservoir
AT,h1358,1.5295719089474817,scr2099,stInflow,reservoir
AT,h1359,1.5295719089474817,scr2099,stInflow,reservoir
AT,h1360,1.5295719089474817,scr2099,stInflow,reservoir
AT,h1361,1.5295719089474817,scr2099,stInflow,reservoir
AT,h1362,1.5295719089474817,scr2099,stInflow,reservoir
AT,h1363,1.5295719089474817,scr2099,stInflow,reservoir
AT,h1364,1.5295719089474817,scr2099,stInflow,reservoir
AT,h1365,1.5295719089474817,scr2099,stInflow,reservoir
AT,h1366,1.5295719089474817,scr2099,stInflow,reservoir
AT,h1367,1.5295719089474817,scr2099,stInflow,reservoir
AT,h1368,1.5295719089474817,scr2099,stInflow,reservoir
AT,h1369,1.5295719089474817,scr2099,stInflow,reservoir
AT,h1370,1.5295719089474817,scr2099,stInflow,reservoir
AT,h1371,1.5295719089474817,scr2099,stInflow,reservoir
AT,h1372,1.5295719089474817,scr2099,stInflow,reservoir
AT,h1373,1.5295719089474817,scr2099,stInflow,reservoir
AT,h1374,1.5295719089474817,scr2099,stInflow,reservoir
AT,h1375,1.5295719089474817,scr2099,stInflow,reservoir
AT,h1376,1.5295719089474817,scr2099,stInflow,reservoir
AT,h1377,1.5295719089474817,scr2099,stInflow,reservoir
AT,h1378,1.5295719089474817,scr2099,stInflow,reservoir
AT,h1379,1.5295719089474817,scr2099,stInflow,reservoir
AT,h1380,1.5295719089474817,scr2099,stInflow,reservoir
AT,h1381,1.5295719089474817,scr2099,stInflow,reservoir
AT,h1382,1.5295719089474817,scr2099,stInflow,reservoir
AT,h1383,1.5295719089474817,scr2099,stInflow,reservoir
AT,h1384,1.5295719089474817,scr2099,stInflow,reservoir
AT,h1385,1.5295719089474817,scr2099,stInflow,reservoir
AT,h1386,1.5295719089474817,scr2099,stInflow,reservoir
AT,h1387,1.5295719089474817,scr2099,stInflow,reservoir
AT,h1388,1.5295719089474817,scr2099,stInflow,reservoir
AT,h1389,1.5295719089474817,scr2099,stInflow,reservoir
AT,h1390,1.5295719089474817,scr2099,stInflow,reservoir
AT,h1391,1.5295719089474817,scr2099,stInflow,reservoir
AT,h1392,1.5295719089474817,scr2099,stInflow,reservoir
AT,h1393,1.5295719089474817,scr2099,stInflow,reservoir
AT,h1394,1.5295719089474817,scr2099,stInflow,reservoir
AT,h1395,1.5295719089474817,scr2099,stInflow,reservoir
AT,h1396,1.5295719089474817,scr2099,stInflow,reservoir
AT,h1397,1.5295719089474817,scr2099,stInflow,reservoir
AT,h1398,1.5295719089474817,scr2099,stInflow,reservoir
AT,h1399,1.5295719089474817,scr2099,stInflow,reservoir
AT,h1400,1.5295719089474817,scr2099,stInflow,reservoir
AT,h1401,1.5295719089474817,scr2099,stInflow,reservoir
AT,h1402,1.5295719089474817,scr2099,stInflow,reservoir
AT,h1403,1.5295719089474817,scr2099,stInflow,reservoir
AT,h1404,1.5295719089474817,scr2099,stInflow,reservoir
AT,h1405,1.5295719089474817,scr2099,stInflow,reservoir
AT,h1406,1.5295719089474817,scr2099,stInflow,reservoir
AT,h1407,1.5295719089474817,scr2099,stInflow,reservoir
AT,h1408,1.5295719089474817,scr2099,stInflow,reservoir
AT,h1409,1.5295719089474817,scr2099,stInflow,reservoir
AT,h1410,1.5295719089474817,scr2099,stInflow,reservoir
AT,h1411,1.5295719089474817,scr2099,stInflow,reservoir
AT,h1412,1.5295719089474817,scr2099,stInflow,reservoir
AT,h1413,1.5295719089474817,scr2099,stInflow,reservoir
AT,h1414,1.5295719089474817,scr2099,stInflow,reservoir
AT,h1415,1.5295719089474817,scr2099,stInflow,reservoir
AT,h1416,1.5295719089474817,scr2099,stInflow,reservoir
AT,h1417,1.5295719089474817,scr2099,stInflow,reservoir
AT,h1418,1.5295719089474817,scr2099,stInflow,reservoir
AT,h1419,1.5295719089474817,scr2099,stInflow,reservoir
AT,h1420,1.5295719089474817,scr2099,stInflow,reservoir
AT,h1421,1.5295719089474817,scr2099,stInflow,reservoir
AT,h1422,1.5295719089474817,scr2099,stInflow,reservoir
AT,h1423,1.5295719089474817,scr2099,stInflow,reservoir
AT,h1424,1.5295719089474817,scr2099,stInflow,reservoir
AT,h1425,1.5295719089474817,scr2099,stInflow,reservoir
AT,h1426,1.5295719089474817,scr2099,stInflow,reservoir
AT,h1427,1.5295719089474817,scr2099,stInflow,reservoir
AT,h1428,1.5295719089474817,scr2099,stInflow,reservoir
AT,h1429,1.5295719089474817,scr2099,stInflow,reservoir
AT,h1430,1.5295719089474817,scr2099,stInflow,reservoir
AT,h1431,1.5295719089474817,scr2099,stInflow,reservoir
AT,h1432,1.5295719089474817,scr2099,stInflow,reservoir
AT,h1433,1.5295719089474817,scr2099,stInflow,reservoir
AT,h1434,1.5295719089474817,scr2099,stInflow,reservoir
AT,h1435,1.5295719089474817,scr2099,stInflow,reservoir
AT,h1436,1.5295719089474817,scr2099,stInflow,reservoir
AT,h1437,1.5295719089474817,scr2099,stInflow,reservoir
AT,h1438,1.5295719089474817,scr2099,stInflow,reservoir
AT,h1439,1.5295719089474817,scr2099,stInflow,reservoir
AT,h1440,1.5295719089474817,scr2099,stInflow,reservoir
BG,h0721,0.1373247261316953,scr2099,stInflow,reservoir
BG,h0722,0.1373247261316953,scr2099,stInflow,reservoir
BG,h0723,0.1373247261316953,scr2099,stInflow,reservoir
BG,h0724,0.1373247261316953,scr2099,stInflow,reservoir
BG,h0725,0.1373247261316953,scr2099,stInflow,reservoir
BG,h0726,0.1373247261316953,scr2099,stInflow,reservoir
BG,h0727,0.1373247261316953,scr2099,stInflow,reservoir
BG,h0728,0.1373247261316953,scr2099,stInflow,reservoir
BG,h0729,0.1373247261316953,scr2099,stInflow,reservoir
BG,h0730,0.1373247261316953,scr2099,stInflow,reservoir
BG,h0731,0.1373247261316953,scr2099,stInflow,reservoir
BG,h0732,0.1373247261316953,scr2099,stInflow,reservoir
BG,h0733,0.1373247261316953,scr2099,stInflow,reservoir
BG,h0734,0.1373247261316953,scr2099,stInflow,reservoir
BG,h0735,0.1373247261316953,scr2099,stInflow,reservoir
BG,h0736,0.1373247261316953,scr2099,stInflow,reservoir
BG,h0737,0.1373247261316953,scr2099,stInflow,reservoir
BG,h0738,0.1373247261316953,scr2099,stInflow,reservoir
BG,h0739,0.1373247261316953,scr2099,stInflow,reservoir
BG,h0740,0.1373247261316953,scr2099,stInflow,reservoir
BG,h0741,0.1373247261316953,scr2099,stInflow,reservoir
BG,h0742,0.1373247261316953,scr2099,stInflow,reservoir
BG,h0743,0.1373247261316953,scr2099,stInflow,reservoir
BG,h0744,0.1373247261316953,scr2099,stInflow,reservoir
BG,h0745,0.1373247261316953,scr2099,stInflow,reservoir
BG,h0746,0.1373247261316953,scr2099,stInflow,reservoir
BG,h0747,0.1373247261316953,scr2099,stInflow,reservoir
BG,h0748,0.1373247261316953,scr2099,stInflow,reservoir
BG,h0749,0.1373247261316953,scr2099,stInflow,reservoir
BG,h0750,0.1373247261316953,scr2099,stInflow,reservoir
BG,h0751,0.1373247261316953,scr2099,stInflow,reservoir
BG,h0752,0.1373247261316953,scr2099,stInflow,reservoir
BG,h0753,0.1373247261316953,scr2099,stInflow,reservoir
BG,h0754,0.1373247261316953,scr2099,stInflow,reservoir
BG,h0755,0.1373247261316953,scr2099,stInflow,reservoir
BG,h0756,0.1373247261316953,scr2099,stInflow,reservoir
BG,h0757,0.1373247261316953,scr2099,stInflow,reservoir
BG,h0758,0.1373247261316953,scr2099,stInflow,reservoir
BG,h0759,0.1373247261316953,scr2099,stInflow,reservoir
BG,h0760,0.1373247261316953,scr2099,stInflow,reservoir
BG,h0761,0.1373247261316953,scr2099,stInflow,reservoir
BG,h0762,0.1373247261316953,scr2099,stInflow,reservoir
BG,h0763,0.1373247261316953,scr2099,stInflow,reservoir
BG,h0764,0.1373247261316953,scr2099,stInflow,reservoir
BG,h0765,0.1373247261316953,scr2099,stInflow,reservoir
BG,h0766,0.1373247261316953,scr2099,stInflow,reservoir
BG,h0767,0.1373247261316953,scr2099,stInflow,reservoir
BG,h0768,0.1373247261316953,scr2099,stInflow,reservoir
BG,h0769,0.13681906790324272,scr2099,stInflow,reservoir
BG,h0770,0.13631340986165383,scr2099,stInflow,reservoir
BG,h0771,0.1358077520076217,scr2099,stInflow,reservoir
BG,h0772,0.1358077520076217,scr2099,stInflow,reservoir
BG,h0773,0.1358077520076217,scr2099,stInflow,reservoir
BG,h0774,0.1358077520076217,scr2099,stInflow,reservoir
BG,h0775,0.1358077520076217,scr2099,stInflow,reservoir
BG,h0776,0.1358077520076217,scr2099,stInflow,reservoir
BG,h0777,0.1358077520076217,scr2099,stInflow,reservoir
BG,h0778,0.1358077520076217,scr2099,stInflow,reservoir
BG,h0779,0.1358077520076217,scr2099,stInflow,reservoir
BG,h0780,0.1358077520076217,scr2099,stInflow,reservoir
BG,h0781,0.1358077520076217,scr2099,stInflow,reservoir
BG,h0782,0.1358077520076217,scr2099,stInflow,reservoir
BG,h0783,0.1358077520076217,scr2099,stInflow,reservoir
BG,h0784,0.1358077520076217,scr2099,stInflow,reservoir
BG,h0785,0.1358077520076217,scr2099,stInflow,reservoir
BG,h0786,0.1358077520076217,scr2099,stInflow,reservoir
BG,h0787,0.1358077520076217,scr2099,stInflow,reservoir
BG,h0788,0.1358077520076217,scr2099,stInflow,reservoir
BG,h0789,0.1358077520076217,scr2099,stInflow,reservoir
BG,h0790,0.1358077520076217,scr2099,stInflow,reservoir
BG,h0791,0.1358077520076217,scr2099,stInflow,reservoir
BG,h0792,0.1358077520076217,scr2099,stInflow,reservoir
BG,h0793,0.1358077520076217,scr2099,stInflow,reservoir
BG,h0794,0.1358077520076217,scr2099,stInflow,reservoir
BG,h0795,0.1358077520076217,scr2099,stInflow,reservoir
BG,h0796,0.1358077520076217,scr2099,stInflow,reservoir
BG,h0797,0.1358077520076217,scr2099,stInflow,reservoir
BG,h0798,0.1358077520076217,scr2099,stInflow,reservoir
BG,h0799,0.1358077520076217,scr2099,stInflow,reservoir
BG,h0800,0.1358077520076217,scr2099,stInflow,reservoir
BG,h0801,0.1358077520076217,scr2099,stInflow,reservoir
BG,h0802,0.1358077520076217,scr2099,stInflow,reservoir
BG,h0803,0.1358077520076217,scr2099,stInflow,reservoir
BG,h0804,0.1358077520076217,scr2099,stInflow,reservoir
BG,h0805,0.1358077520076217,scr2099,stInflow,reservoir
BG,h0806,0.1358077520076217,scr2099,stInflow,reservoir
BG,h0807,0.1358077520076217,scr2099,stInflow,reservoir
BG,h0808,0.1358077520076217,scr2099,stInflow,reservoir
BG,h0809,0.1358077520076217,scr2099,stInflow,reservoir
BG,h0810,0.1358077520076217,scr2099,stInflow,reservoir
BG,h0811,0.1358077520076217,scr2099,stInflow,reservoir
BG,h0812,0.1358077520076217,scr2099,stInflow,reservoir
BG,h0813,0.1358077520076217,scr2099,stInflow,reservoir
BG,h0814,0.1358077520076217,scr2099,stInflow,reservoir
BG,h0815,0.1358077520076217,scr2099,stInflow,reservoir
BG,h0816,0.1358077520076217,scr2099,stInflow,reservoir
BG,h0817,0.1358077520076217,scr2099,stInflow,reservoir
BG,h0818,0.1358077520076217,scr2099,stInflow,reservoir
BG,h0819,0.1358077520076217,scr2099,stInflow,reservoir
BG,h0820,0.1358077520076217,scr2099,stInflow,reservoir
BG,h0821,0.1358077520076217,scr2099,stInflow,reservoir
BG,h0822,0.1358077520076217,scr2099,stInflow,reservoir
BG,h0823,0.1358077520076217,scr2099,stInflow,reservoir
BG,h0824,0.1358077520076217,scr2099,stInflow,reservoir
BG,h0825,0.1358077520076217,scr2099,stInflow,reservoir
BG,h0826,0.1358077520076217,scr2099,stInflow,reservoir
BG,h0827,0.1358077520076217,scr2099,stInflow,reservoir
BG,h0828,0.1358077520076217,scr2099,stInflow,reservoir
BG,h0829,0.1358077520076217,scr2099,stInflow,reservoir
BG,h0830,0.1358077520076217,scr2099,stInflow,reservoir
BG,h0831,0.1358077520076217,scr2099,stInflow,reservoir
BG,h0832,0.1358077520076217,scr2099,stInflow,reservoir
BG,h0833,0.1358077520076217,scr2099,stInflow,reservoir
BG,h0834,0.1358077520076217,scr2099,stInflow,reservoir
BG,h0835,0.1358077520076217,scr2099,stInflow,reservoir
BG,h0836,0.1358077520076217,scr2099,stInflow,reservoir
BG,h0837,0.1358077520076217,scr2099,stInflow,reservoir
BG,h0838,0.1358077520076217,scr2099,stInflow,reservoir
BG,h0839,0.1358077520076217,scr2099,stInflow,reservoir
BG,h0840,0.1358077520076217,scr2099,stInflow,reservoir
BG,h0841,0.1358077520076217,scr2099,stInflow,reservoir
BG,h0842,0.1358077520076217,scr2099,stInflow,reservoir
BG,h0843,0.1358077520076217,scr2099,stInflow,reservoir
BG,h0844,0.1358077520076217,scr2099,stInflow,reservoir
BG,h0845,0.1358077520076217,scr2099,stInflow,reservoir
BG,h0846,0.1358077520076217,scr2099,stInflow,reservoir
BG,h0847,0.1358077520076217,scr2099,stInflow,reservoir
BG,h0848,0.1358077520076217,scr2099,stInflow,reservoir
BG,h0849,0.1358077520076217,scr2099,stInflow,reservoir
BG,h0850,0.1358077520076217,scr2099,stInflow,reservoir
BG,h0851,0.1358077520076217,scr2099,stInflow,reservoir
BG,h0852,0.1358077520076217,scr2099,stInflow,reservoir
BG,h0853,0.1358077520076217,scr2099,stInflow,reservoir
BG,h0854,0.1358077520076217,scr2099,stInflow,reservoir
BG,h0855,0.1358077520076217,scr2099,stInflow,reservoir
BG,h0856,0.1358077520076217,scr2099,stInflow,reservoir
BG,h0857,0.1358077520076217,scr2099,stInflow,reservoir
BG,h0858,0.1358077520076217,scr2099,stInflow,reservoir
BG,h0859,0.1358077520076217,scr2099,stInflow,reservoir
BG,h0860,0.1358077520076217,scr2099,stInflow,reservoir
BG,h0861,0.1358077520076217,scr2099,stInflow,reservoir
BG,h0862,0.1358077520076217,scr2099,stInflow,reservoir
BG,h0863,0.1358077520076217,scr2099,stInflow,reservoir
BG,h0864,0.1358077520076217,scr2099,stInflow,reservoir
BG,h0865,0.1358077520076217,scr2099,stInflow,reservoir
BG,h0866,0.1358077520076217,scr2099,stInflow,reservoir
BG,h0867,0.1358077520076217,scr2099,stInflow,reservoir
BG,h0868,0.1358077520076217,scr2099,stInflow,reservoir
BG,h0869,0.1358077520076217,scr2099,stInflow,reservoir
BG,h0870,0.1358077520076217,scr2099,stInflow,reservoir
BG,h0871,0.1358077520076217,scr2099,stInflow,reservoir
BG,h0872,0.1358077520076217,scr2099,stInflow,reservoir
BG,h0873,0.1358077520076217,scr2099,stInflow,reservoir
BG,h0874,0.1358077520076217,scr2099,stInflow,reservoir
BG,h0875,0.1358077520076217,scr2099,stInflow,reservoir
BG,h0876,0.1358077520076217,scr2099,stInflow,reservoir
BG,h0877,0.1358077520076217,scr2099,stInflow,reservoir
BG,h0878,0.1358077520076217,scr2099,stInflow,reservoir
BG,h0879,0.1358077520076217,scr2099,stInflow,reservoir
BG,h0880,0.1358077520076217,scr2099,stInflow,reservoir
BG,h0881,0.1358077520076217,scr2099,stInflow,reservoir
BG,h0882,0.1358077520076217,scr2099,stInflow,reservoir
BG,h0883,0.1358077520076217,scr2099,stInflow,reservoir
BG,h0884,0.1358077520076217,scr2099,stInflow,reservoir
BG,h0885,0.1358077520076217,scr2099,stInflow,reservoir
BG,h0886,0.1358077520076217,scr2099,stInflow,reservoir
BG,h0887,0.1358077520076217,scr2099,stInflow,reservoir
BG,h0888,0.1358077520076217,scr2099,stInflow,reservoir
BG,h0889,0.1358077520076217,scr2099,stInflow,reservoir
BG,h0890,0.1358077520076217,scr2099,stInflow,reservoir
BG,h0891,0.1358077520076217,scr2099,stInflow,reservoir
BG,h0892,0.1358077520076217,scr2099,stInflow,reservoir
BG,h0893,0.1358077520076217,scr2099,stInflow,reservoir
BG,h0894,0.1358077520076217,scr2099,stInflow,reservoir
BG,h0895,0.1358077520076217,scr2099,stInflow,reservoir
BG,h0896,0.1358077520076217,scr2099,stInflow,reservoir
BG,h0897,0.1358077520076217,scr2099,stInflow,reservoir
BG,h0898,0.1358077520076217,scr2099,stInflow,reservoir
BG,h0899,0.1358077520076217,scr2099,stInflow,reservoir
BG,h0900,0.1358077520076217,scr2099,stInflow,reservoir
BG,h0901,0.1358077520076217,scr2099,stInflow,reservoir
BG,h0902,0.1358077520076217,scr2099,stInflow,reservoir
BG,h0903,0.1358077520076217,scr2099,stInflow,reservoir
BG,h0904,0.1358077520076217,scr2099,stInflow,reservoir
BG,h0905,0.1358077520076217,scr2099,stInflow,reservoir
BG,h0906,0.1358077520076217,scr2099,stInflow,reservoir
BG,h0907,0.1358077520076217,scr2099,stInflow,reservoir
BG,h0908,0.1358077520076217,scr2099,stInflow,reservoir
BG,h0909,0.1358077520076217,scr2099,stInflow,reservoir
BG,h0910,0.1358077520076217,scr2099,stInflow,reservoir
BG,h0911,0.1358077520076217,scr2099,stInflow,reservoir
BG,h0912,0.1358077520076217,scr2099,stInflow,reservoir
BG,h0913,0.1358077520076217,scr2099,stInflow,reservoir
BG,h0914,0.1358077520076217,scr2099,stInflow,reservoir
BG,h0915,0.1358077520076217,scr2099,stInflow,reservoir
BG,h0916,0.1358077520076217,scr2099,stInflow,reservoir
BG,h0917,0.1358077520076217,scr2099,stInflow,reservoir
BG,h0918,0.1358077520076217,scr2099,stInflow,reservoir
BG,h0919,0.1358077520076217,scr2099,stInflow,reservoir
BG,h0920,0.1358077520076217,scr2099,stInflow,reservoir
BG,h0921,0.1358077520076217,scr2099,stInflow,reservoir
BG,h0922,0.1358077520076217,scr2099,stInflow,reservoir
BG,h0923,0.1358077520076217,scr2099,stInflow,reservoir
BG,h0924,0.1358077520076217,scr2099,stInflow,reservoir
BG,h0925,0.1358077520076217,scr2099,stInflow,reservoir
BG,h0926,0.1358077520076217,scr2099,stInflow,reservoir
BG,h0927,0.1358077520076217,scr2099,stInflow,reservoir
BG,h0928,0.1358077520076217,scr2099,stInflow,reservoir
BG,h0929,0.1358077520076217,scr2099,stInflow,reservoir
BG,h0930,0.1358077520076217,scr2099,stInflow,reservoir
BG,h0931,0.1358077520076217,scr2099,stInflow,reservoir
BG,h0932,0.1358077520076217,scr2099,stInflow,reservoir
BG,h0933,0.1358077520076217,scr2099,stInflow,reservoir
BG,h0934,0.1358077520076217,scr2099,stInflow,reservoir
BG,h0935,0.1358077520076217,scr2099,stInflow,reservoir
BG,h0936,0.1358077520076217,scr2099,stInflow,reservoir
BG,h0937,0.1342404568671304,scr2099,stInflow,reservoir
BG,h0938,0.13267316355635672,scr2099,stInflow,reservoir
BG,h0939,0.13110587209691218,scr2099,stInflow,reservoir
BG,h0940,0.13110587209691218,scr2099,stInflow,reservoir
BG,h0941,0.13110587209691218,scr2099,stInflow,reservoir
BG,h0942,0.13110587209691218,scr2099,stInflow,reservoir
BG,h0943,0.13110587209691218,scr2099,stInflow,reservoir
BG,h0944,0.13110587209691218,scr2099,stInflow,reservoir
BG,h0945,0.13110587209691218,scr2099,stInflow,reservoir
BG,h0946,0.13110587209691218,scr2099,stInflow,reservoir
BG,h0947,0.13110587209691218,scr2099,stInflow,reservoir
BG,h0948,0.13110587209691218,scr2099,stInflow,reservoir
BG,h0949,0.13110587209691218,scr2099,stInflow,reservoir
BG,h0950,0.13110587209691218,scr2099,stInflow,reservoir
BG,h0951,0.13110587209691218,scr2099,stInflow,reservoir
BG,h0952,0.13110587209691218,scr2099,stInflow,reservoir
BG,h0953,0.13110587209691218,scr2099,stInflow,reservoir
BG,h0954,0.13110587209691218,scr2099,stInflow,reservoir
BG,h0955,0.13110587209691218,scr2099,stInflow,reservoir
BG,h0956,0.13110587209691218,scr2099,stInflow,reservoir
BG,h0957,0.13110587209691218,scr2099,stInflow,reservoir
BG,h0958,0.13110587209691218,scr2099,stInflow,reservoir
BG,h0959,0.13110587209691218,scr2099,stInflow,reservoir
BG,h0960,0.13110587209691218,scr2099,stInflow,reservoir
BG,h0961,0.13110587209691218,scr2099,stInflow,reservoir
BG,h0962,0.13110587209691218,scr2099,stInflow,reservoir
BG,h0963,0.13110587209691218,scr2099,stInflow,reservoir
BG,h0964,0.13110587209691218,scr2099,stInflow,reservoir
BG,h0965,0.13110587209691218,scr2099,stInflow,reservoir
BG,h0966,0.13110587209691218,scr2099,stInflow,reservoir
BG,h0967,0.13110587209691218,scr2099,stInflow,reservoir
BG,h0968,0.13110587209691218,scr2099,stInflow,reservoir
BG,h0969,0.13110587209691218,scr2099,stInflow,reservoir
BG,h0970,0.13110587209691218,scr2099,stInflow,reservoir
BG,h0971,0.13110587209691218,scr2099,stInflow,reservoir
BG,h0972,0.13110587209691218,scr2099,stInflow,reservoir
BG,h0973,0.13110587209691218,scr2099,stInflow,reservoir
BG,h0974,0.13110587209691218,scr2099,stInflow,reservoir
BG,h0975,0.13110587209691218,scr2099,stInflow,reservoir
BG,h0976,0.13110587209691218,scr2099,stInflow,reservoir
BG,h0977,0.13110587209691218,scr2099,stInflow,reservoir
BG,h0978,0.13110587209691218,scr2099,stInflow,reservoir
BG,h0979,0.13110587209691218,scr2099,stInflow,reservoir
BG,h0980,0.13110587209691218,scr2099,stInflow,reservoir
BG,h0981,0.13110587209691218,scr2099,stInflow,reservoir
BG,h0982,0.13110587209691218,scr2099,stInflow,reservoir
BG,h0983,0.13110587209691218,scr2099,stInflow,reservoir
BG,h0984,0.13110587209691218,scr2099,stInflow,reservoir
BG,h0985,0.13110587209691218,scr2099,stInflow,reservoir
BG,h0986,0.13110587209691218,scr2099,stInflow,reservoir
BG,h0987,0.13110587209691218,scr2099,stInflow,reservoir
BG,h0988,0.13110587209691218,scr2099,stInflow,reservoir
BG,h0989,0.13110587209691218,scr2099,stInflow,reservoir
BG,h0990,0.13110587209691218,scr2099,stInflow,reservoir
BG,h0991,0.13110587209691218,scr2099,stInflow,reservoir
BG,h0992,0.13110587209691218,scr2099,stInflow,reservoir
BG,h0993,0.13110587209691218,scr2099,stInflow,reservoir
BG,h0994,0.13110587209691218,scr2099,stInflow,reservoir
BG,h0995,0.13110587209691218,scr2099,stInflow,reservoir
BG,h0996,0.13110587209691218,scr2099,stInflow,reservoir
BG,h0997,0.13110587209691218,scr2099,stInflow,reservoir
BG,h0998,0.13110587209691218,scr2099,stInflow,reservoir
BG,h0999,0.13110587209691218,scr2099,stInflow,reservoir
BG,h1000,0.13110587209691218,scr2099,stInflow,reservoir
BG,h1001,0.13110587209691218,scr2099,stInflow,reservoir
BG,h1002,0.13110587209691218,scr2099,stInflow,reservoir
BG,h1003,0.13110587209691218,scr2099,stInflow,reservoir
BG,h1004,0.13110587209691218,scr2099,stInflow,reservoir
BG,h1005,0.13110587209691218,scr2099,stInflow,reservoir
BG,h1006,0.13110587209691218,scr2099,stInflow,reservoir
BG,h1007,0.13110587209691218,scr2099,stInflow,reservoir
BG,h1008,0.13110587209691218,scr2099,stInflow,reservoir
BG,h1009,0.13110587209691218,scr2099,stInflow,reservoir
BG,h1010,0.13110587209691218,scr2099,stInflow,reservoir
BG,h1011,0.13110587209691218,scr2099,stInflow,reservoir
BG,h1012,0.13110587209691218,scr2099,stInflow,reservoir
BG,h1013,0.13110587209691218,scr2099,stInflow,reservoir
BG,h1014,0.13110587209691218,scr2099,stInflow,reservoir
BG,h1015,0.13110587209691218,scr2099,stInflow,reservoir
BG,h1016,0.13110587209691218,scr2099,stInflow,reservoir
BG,h1017,0.13110587209691218,scr2099,stInflow,reservoir
BG,h1018,0.13110587209691218,scr2099,stInflow,reservoir
BG,h1019,0.13110587209691218,scr2099,stInflow,reservoir
BG,h1020,0.13110587209691218,scr2099,stInflow,reservoir
BG,h1021,0.13110587209691218,scr2099,stInflow,reservoir
BG,h1022,0.13110587209691218,scr2099,stInflow,reservoir
BG,h1023,0.13110587209691218,scr2099,stInflow,reservoir
BG,h1024,0.13110587209691218,scr2099,stInflow,reservoir
BG,h1025,0.13110587209691218,scr2099,stInflow,reservoir
BG,h1026,0.13110587209691218,scr2099,stInflow,reservoir
BG,h1027,0.13110587209691218,scr2099,stInflow,reservoir
BG,h1028,0.13110587209691218,scr2099,stInflow,reservoir
BG,h1029,0.13110587209691218,scr2099,stInflow,reservoir
BG,h1030,0.13110587209691218,scr2099,stInflow,reservoir
BG,h1031,0.13110587209691218,scr2099,stInflow,reservoir
BG,h1032,0.13110587209691218,scr2099,stInflow,reservoir
BG,h1033,0.13110587209691218,scr2099,stInflow,reservoir
BG,h1034,0.13110587209691218,scr2099,stInflow,reservoir
BG,h1035,0.13110587209691218,scr2099,stInflow,reservoir
BG,h1036,0.13110587209691218,scr2099,stInflow,reservoir
BG,h1037,0.13110587209691218,scr2099,stInflow,reservoir
BG,h1038,0.13110587209691218,scr2099,stInflow,reservoir
BG,h1039,0.13110587209691218,scr2099,stInflow,reservoir
BG,h1040,0.13110587209691218,scr2099,stInflow,reservoir
BG,h1041,0.13110587209691218,scr2099,stInflow,reservoir
BG,h1042,0.13110587209691218,scr2099,stInflow,reservoir
BG,h1043,0.13110587209691218,scr2099,stInflow,reservoir
BG,h1044,0.13110587209691218,scr2099,stInflow,reservoir
BG,h1045,0.13110587209691218,scr2099,stInflow,reservoir
BG,h1046,0.13110587209691218,scr2099,stInflow,reservoir
BG,h1047,0.13110587209691218,scr2099,stInflow,reservoir
BG,h1048,0.13110587209691218,scr2099,stInflow,reservoir
BG,h1049,0.13110587209691218,scr2099,stInflow,reservoir
BG,h1050,0.13110587209691218,scr2099,stInflow,reservoir
BG,h1051,0.13110587209691218,scr2099,stInflow,reservoir
BG,h1052,0.13110587209691218,scr2099,stInflow,reservoir
BG,h1053,0.13110587209691218,scr2099,stInflow,reservoir
BG,h1054,0.13110587209691218,scr2099,stInflow,reservoir
BG,h1055,0.13110587209691218,scr2099,stInflow,reservoir
BG,h1056,0.13110587209691218,scr2099,stInflow,reservoir
BG,h1057,0.13110587209691218,scr2099,stInflow,reservoir
BG,h1058,0.13110587209691218,scr2099,stInflow,reservoir
BG,h1059,0.13110587209691218,scr2099,stInflow,reservoir
BG,h1060,0.13110587209691218,scr2099,stInflow,reservoir
BG,h1061,0.13110587209691218,scr2099,stInflow,reservoir
BG,h1062,0.13110587209691218,scr2099,stInflow,reservoir
BG,h1063,0.13110587209691218,scr2099,stInflow,reservoir
BG,h1064,0.13110587209691218,scr2099,stInflow,reservoir
BG,h1065,0.13110587209691218,scr2099,stInflow,reservoir
BG,h1066,0.13110587209691218,scr2099,stInflow,reservoir
BG,h1067,0.13110587209691218,scr2099,stInflow,reservoir
BG,h1068,0.13110587209691218,scr2099,stInflow,reservoir
BG,h1069,0.13110587209691218,scr2099,stInflow,reservoir
BG,h1070,0.13110587209691218,scr2099,stInflow,reservoir
BG,h1071,0.13110587209691218,scr2099,stInflow,reservoir
BG,h1072,0.13110587209691218,scr2099,stInflow,reservoir
BG,h1073,0.13110587209691218,scr2099,stInflow,reservoir
BG,h1074,0.13110587209691218,scr2099,stInflow,reservoir
BG,h1075,0.13110587209691218,scr2099,stInflow,reservoir
BG,h1076,0.13110587209691218,scr2099,stInflow,reservoir
BG,h1077,0.13110587209691218,scr2099,stInflow,reservoir
BG,h1078,0.13110587209691218,scr2099,stInflow,reservoir
BG,h1079,0.13110587209691218,scr2099,stInflow,reservoir
BG,h1080,0.13110587209691218,scr2099,stInflow,reservoir
BG,h1081,0.13110587209691218,scr2099,stInflow,reservoir
BG,h1082,0.13110587209691218,scr2099,stInflow,reservoir
BG,h1083,0.13110587209691218,scr2099,stInflow,reservoir
BG,h1084,0.13110587209691218,scr2099,stInflow,reservoir
BG,h1085,0.13110587209691218,scr2099,stInflow,reservoir
BG,h1086,0.13110587209691218,scr2099,stInflow,reservoir
BG,h1087,0.13110587209691218,scr2099,stInflow,reservoir
BG,h1088,0.13110587209691218,scr2099,stInflow,reservoir
BG,h1089,0.13110587209691218,scr2099,stInflow,reservoir
BG,h1090,0.13110587209691218,scr2099,stInflow,reservoir
BG,h1091,0.13110587209691218,scr2099,stInflow,reservoir
BG,h1092,0.13110587209691218,scr2099,stInflow,reservoir
BG,h1093,0.13110587209691218,scr2099,stInflow,reservoir
BG,h1094,0.13110587209691218,scr2099,stInflow,reservoir
BG,h1095,0.13110587209691218,scr2099,stInflow,reservoir
BG,h1096,0.13110587209691218,scr2099,stInflow,reservoir
BG,h1097,0.13110587209691218,scr2099,stInflow,reservoir
BG,h1098,0.13110587209691218,scr2099,stInflow,reservoir
BG,h1099,0.13110587209691218,scr2099,stInflow,reservoir
BG,h1100,0.13110587209691218,scr2099,stInflow,reservoir
BG,h1101,0.13110587209691218,scr2099,stInflow,reservoir
BG,h1102,0.13110587209691218,scr2099,stInflow,reservoir
BG,h1103,0.13110587209691218,scr2099,stInflow,reservoir
BG,h1104,0.13110587209691218,scr2099,stInflow,reservoir
BG,h1105,0.1292580522246434,scr2099,stInflow,reservoir
BG,h1106,0.12741023499376383,scr2099,stInflow,reservoir
BG,h1107,0.12556242044257623,scr2099,stInflow,reservoir
BG,h1108,0.12556242044257623,scr2099,stInflow,reservoir
BG,h1109,0.12556242044257623,scr2099,stInflow,reservoir
BG,h1110,0.12556242044257623,scr2099,stInflow,reservoir
BG,h1111,0.12556242044257623,scr2099,stInflow,reservoir
BG,h1112,0.12556242044257623,scr2099,stInflow,reservoir
BG,h1113,0.12556242044257623,scr2099,stInflow,reservoir
BG,h1114,0.12556242044257623,scr2099,stInflow,reservoir
BG,h1115,0.12556242044257623,scr2099,stInflow,reservoir
BG,h1116,0.12556242044257623,scr2099,stInflow,reservoir
BG,h1117,0.12556242044257623,scr2099,stInflow,reservoir
BG,h1118,0.12556242044257623,scr2099,stInflow,reservoir
BG,h1119,0.12556242044257623,scr2099,stInflow,reservoir
BG,h1120,0.12556242044257623,scr2099,stInflow,reservoir
BG,h1121,0.12556242044257623,scr2099,stInflow,reservoir
BG,h1122,0.12556242044257623,scr2099,stInflow,reservoir
BG,h1123,0.12556242044257623,scr2099,stInflow,reservoir
BG,h1124,0.12556242044257623,scr2099,stInflow,reservoir
BG,h1125,0.12556242044257623,scr2099,stInflow,reservoir
BG,h1126,0.12556242044257623,scr2099,stInflow,reservoir
BG,h1127,0.12556242044257623,scr2099,stInflow,reservoir
BG,h1128,0.12556242044257623,scr2099,stInflow,reservoir
BG,h1129,0.12556242044257623,scr2099,stInflow,reservoir
BG,h1130,0.12556242044257623,scr2099,stInflow,reservoir
BG,h1131,0.12556242044257623,scr2099,stInflow,reservoir
BG,h1132,0.12556242044257623,scr2099,stInflow,reservoir
BG,h1133,0.12556242044257623,scr2099,stInflow,reservoir
BG,h1134,0.12556242044257623,scr2099,stInflow,reservoir
BG,h1135,0.12556242044257623,scr2099,stInflow,reservoir
BG,h1136,0.12556242044257623,scr2099,stInflow,reservoir
BG,h1137,0.12556242044257623,scr2099,stInflow,reservoir
BG,h1138,0.12556242044257623,scr2099,stInflow,reservoir
BG,h1139,0.12556242044257623,scr2099,stInflow,reservoir
BG,h1140,0.12556242044257623,scr2099,stInflow,reservoir
BG,h1141,0.12556242044257623,scr2099,stInflow,reservoir
BG,h1142,0.12556242044257623,scr2099,stInflow,reservoir
BG,h1143,0.12556242044257623,scr2099,stInflow,reservoir
BG,h1144,0.12556242044257623,scr2099,stInflow,reservoir
BG,h1145,0.12556242044257623,scr2099,stInflow,reservoir
BG,h1146,0.12556242044257623,scr2099,stInflow,reservoir
BG,h1147,0.12556242044257623,scr2099,stInflow,reservoir
BG,h1148,0.12556242044257623,scr2099,stInflow,reservoir
BG,h1149,0.12556242044257623,scr2099,stInflow,reservoir
BG,h1150,0.12556242044257623,scr2099,stInflow,reservoir
BG,h1151,0.12556242044257623,scr2099,stInflow,reservoir
BG,h1152,0.12556242044257623,scr2099,stInflow,reservoir
BG,h1153,0.12556242044257623,scr2099,stInflow,reservoir
BG,h1154,0.12556242044257623,scr2099,stInflow,reservoir
BG,h1155,0.12556242044257623,scr2099,stInflow,reservoir
BG,h1156,0.12556242044257623,scr2099,stInflow,reservoir
BG,h1157,0.12556242044257623,scr2099,stInflow,reservoir
BG,h1158,0.12556242044257623,scr2099,stInflow,reservoir
BG,h1159,0.12556242044257623,scr2099,stInflow,reservoir
BG,h1160,0.12556242044257623,scr2099,stInflow,reservoir
BG,h1161,0.12556242044257623,scr2099,stInflow,reservoir
BG,h1162,0.12556242044257623,scr2099,stInflow,reservoir
BG,h1163,0.12556242044257623,scr2099,stInflow,reservoir
BG,h1164,0.12556242044257623,scr2099,stInflow,reservoir
BG,h1165,0.12556242044257623,scr2099,stInflow,reservoir
BG,h1166,0.12556242044257623,scr2099,stInflow,reservoir
BG,h1167,0.12556242044257623,scr2099,stInflow,reservoir
BG,h1168,0.12556242044257623,scr2099,stInflow,reservoir
BG,h1169,0.12556242044257623,scr2099,stInflow,reservoir
BG,h1170,0.12556242044257623,scr2099,stInflow,reservoir
BG,h1171,0.12556242044257623,scr2099,stInflow,reservoir
BG,h1172,0.12556242044257623,scr2099,stInflow,reservoir
BG,h1173,0.12556242044257623,scr2099,stInflow,reservoir
BG,h1174,0.12556242044257623,scr2099,stInflow,reservoir
BG,h1175,0.12556242044257623,scr2099,stInflow,reservoir
BG,h1176,0.12556242044257623,scr2099,stInflow,reservoir
BG,h1177,0.12556242044257623,scr2099,stInflow,reservoir
BG,h1178,0.12556242044257623,scr2099,stInflow,reservoir
BG,h1179,0.12556242044257623,scr2099,stInflow,reservoir
BG,h1180,0.12556242044257623,scr2099,stInflow,reservoir
BG,h1181,0.12556242044257623,scr2099,stInflow,reservoir
BG,h1182,0.12556242044257623,scr2099,stInflow,reservoir
BG,h1183,0.12556242044257623,scr2099,stInflow,reservoir
BG,h1184,0.12556242044257623,scr2099,stInflow,reservoir
BG,h1185,0.12556242044257623,scr2099,stInflow,reservoir
BG,h1186,0.12556242044257623,scr2099,stInflow,reservoir
BG,h1187,0.12556242044257623,scr2099,stInflow,reservoir
BG,h1188,0.12556242044257623,scr2099,stInflow,reservoir
BG,h1189,0.12556242044257623,scr2099,stInflow,reservoir
BG,h1190,0.12556242044257623,scr2099,stInflow,reservoir
BG,h1191,0.12556242044257623,scr2099,stInflow,reservoir
BG,h1192,0.12556242044257623,scr2099,stInflow,reservoir
BG,h1193,0.12556242044257623,scr2099,stInflow,reservoir
BG,h1194,0.12556242044257623,scr2099,stInflow,reservoir
BG,h1195,0.12556242044257623,scr2099,stInflow,reservoir
BG,h1196,0.12556242044257623,scr2099,stInflow,reservoir
BG,h1197,0.12556242044257623,scr2099,stInflow,reservoir
BG,h1198,0.12556242044257623,scr2099,stInflow,reservoir
BG,h1199,0.12556242044257623,scr2099,stInflow,reservoir
BG,h1200,0.12556242044257623,scr2099,stInflow,reservoir
BG,h1201,0.12556242044257623,scr2099,stInflow,reservoir
BG,h1202,0.12556242044257623,scr2099,stInflow,reservoir
BG,h1203,0.12556242044257623,scr2099,stInflow,reservoir
BG,h1204,0.12556242044257623,scr2099,stInflow,reservoir
BG,h1205,0.12556242044257623,scr2099,stInflow,reservoir
BG,h1206,0.12556242044257623,scr2099,stInflow,reservoir
BG,h1207,0.12556242044257623,scr2099,stInflow,reservoir
BG,h1208,0.12556242044257623,scr2099,stInflow,reservoir
BG,h1209,0.12556242044257623,scr2099,stInflow,reservoir
BG,h1210,0.12556242044257623,scr2099,stInflow,reservoir
BG,h1211,0.12556242044257623,scr2099,stInflow,reservoir
BG,h1212,0.12556242044257623,scr2099,stInflow,reservoir
BG,h1213,0.12556242044257623,scr2099,stInflow,reservoir
BG,h1214,0.12556242044257623,scr2099,stInflow,reservoir
BG,h1215,0.12556242044257623,scr2099,stInflow,reservoir
BG,h1216,0.12556242044257623,scr2099,stInflow,reservoir
BG,h1217,0.12556242044257623,scr2099,stInflow,reservoir
BG,h1218,0.12556242044257623,scr2099,stInflow,reservoir
BG,h1219,0.12556242044257623,scr2099,stInflow,reservoir
BG,h1220,0.12556242044257623,scr2099,stInflow,reservoir
BG,h1221,0.12556242044257623,scr2099,stInflow,reservoir
BG,h1222,0.12556242044257623,scr2099,stInflow,reservoir
BG,h1223,0.12556242044257623,scr2099,stInflow,reservoir
BG,h1224,0.12556242044257623,scr2099,stInflow,reservoir
BG,h1225,0.12556242044257623,scr2099,stInflow,reservoir
BG,h1226,0.12556242044257623,scr2099,stInflow,reservoir
BG,h1227,0.12556242044257623,scr2099,stInflow,reservoir
BG,h1228,0.12556242044257623,scr2099,stInflow,reservoir
BG,h1229,0.12556242044257623,scr2099,stInflow,reservoir
BG,h1230,0.12556242044257623,scr2099,stInflow,reservoir
BG,h1231,0.12556242044257623,scr2099,stInflow,reservoir
BG,h1232,0.12556242044257623,scr2099,stInflow,reservoir
BG,h1233,0.12556242044257623,scr2099,stInflow,reservoir
BG,h1234,0.12556242044257623,scr2099,stInflow,reservoir
BG,h1235,0.12556242044257623,scr2099,stInflow,reservoir
BG,h1236,0.12556242044257623,scr2099,stInflow,reservoir
BG,h1237,0.12556242044257623,scr2099,stInflow,reservoir
BG,h1238,0.12556242044257623,scr2099,stInflow,reservoir
BG,h1239,0.12556242044257623,scr2099,stInflow,reservoir
BG,h1240,0.12556242044257623,scr2099,stInflow,reservoir
BG,h1241,0.12556242044257623,scr2099,stInflow,reservoir
BG,h1242,0.12556242044257623,scr2099,stInflow,reservoir
BG,h1243,0.12556242044257623,scr2099,stInflow,reservoir
BG,h1244,0.12556242044257623,scr2099,stInflow,reservoir
BG,h1245,0.12556242044257623,scr2099,stInflow,reservoir
BG,h1246,0.12556242044257623,scr2099,stInflow,reservoir
BG,h1247,0.12556242044257623,scr2099,stInflow,reservoir
BG,h1248,0.12556242044257623,scr2099,stInflow,reservoir
BG,h1249,0.12556242044257623,scr2099,stInflow,reservoir
BG,h1250,0.12556242044257623,scr2099,stInflow,reservoir
BG,h1251,0.12556242044257623,scr2099,stInflow,reservoir
BG,h1252,0.12556242044257623,scr2099,stInflow,reservoir
BG,h1253,0.12556242044257623,scr2099,stInflow,reservoir
BG,h1254,0.12556242044257623,scr2099,stInflow,reservoir
BG,h1255,0.12556242044257623,scr2099,stInflow,reservoir
BG,h1256,0.12556242044257623,scr2099,stInflow,reservoir
BG,h1257,0.12556242044257623,scr2099,stInflow,reservoir
BG,h1258,0.12556242044257623,scr2099,stInflow,reservoir
BG,h1259,0.12556242044257623,scr2099,stInflow,reservoir
BG,h1260,0.12556242044257623,scr2099,stInflow,reservoir
BG,h1261,0.12556242044257623,scr2099,stInflow,reservoir
BG,h1262,0.12556242044257623,scr2099,stInflow,reservoir
BG,h1263,0.12556242044257623,scr2099,stInflow,reservoir
BG,h1264,0.12556242044257623,scr2099,stInflow,reservoir
BG,h1265,0.12556242044257623,scr2099,stInflow,reservoir
BG,h1266,0.12556242044257623,scr2099,stInflow,reservoir
BG,h1267,0.12556242044257623,scr2099,stInflow,reservoir
BG,h1268,0.12556242044257623,scr2099,stInflow,reservoir
BG,h1269,0.12556242044257623,scr2099,stInflow,reservoir
BG,h1270,0.12556242044257623,scr2099,stInflow,reservoir
BG,h1271,0.12556242044257623,scr2099,stInflow,reservoir
BG,h1272,0.12556242044257623,scr2099,stInflow,reservoir
BG,h1273,0.10722472136488657,scr2099,stInflow,reservoir
BG,h1274,0.08888733741045797,scr2099,stInflow,reservoir
BG,h1275,0.07055033443835869,scr2099,stInflow,reservoir
BG,h1276,0.07055033443835869,scr2099,stInflow,reservoir
BG,h1277,0.07055033443835869,scr2099,stInflow,reservoir
BG,h1278,0.07055033443835869,scr2099,stInflow,reservoir
BG,h1279,0.07055033443835869,scr2099,stInflow,reservoir
BG,h1280,0.07055033443835869,scr2099,stInflow,reservoir
BG,h1281,0.07055033443835869,scr2099,stInflow,reservoir
BG,h1282,0.07055033443835869,scr2099,stInflow,reservoir
BG,h1283,0.07055033443835869,scr2099,stInflow,reservoir
BG,h1284,0.07055033443835869,scr2099,stInflow,reservoir
BG,h1285,0.07055033443835869,scr2099,stInflow,reservoir
BG,h1286,0.07055033443835869,scr2099,stInflow,reservoir
BG,h1287,0.07055033443835869,scr2099,stInflow,reservoir
BG,h1288,0.07055033443835869,scr2099,stInflow,reservoir
BG,h1289,0.07055033443835869,scr2099,stInflow,reservoir
BG,h1290,0.07055033443835869,scr2099,stInflow,reservoir
BG,h1291,0.07055033443835869,scr2099,stInflow,reservoir
BG,h1292,0.07055033443835869,scr2099,stInflow,reservoir
BG,h1293,0.07055033443835869,scr2099,stInflow,reservoir
BG,h1294,0.07055033443835869,scr2099,stInflow,reservoir
BG,h1295,0.07055033443835869,scr2099,stInflow,reservoir
BG,h1296,0.07055033443835869,scr2099,stInflow,reservoir
BG,h1297,0.07055033443835869,scr2099,stInflow,reservoir
BG,h1298,0.07055033443835869,scr2099,stInflow,reservoir
BG,h1299,0.07055033443835869,scr2099,stInflow,reservoir
BG,h1300,0.07055033443835869,scr2099,stInflow,reservoir
BG,h1301,0.07055033443835869,scr2099,stInflow,reservoir
BG,h1302,0.07055033443835869,scr2099,stInflow,reservoir
BG,h1303,0.07055033443835869,scr2099,stInflow,reservoir
BG,h1304,0.07055033443835869,scr2099,stInflow,reservoir
BG,h1305,0.07055033443835869,scr2099,stInflow,reservoir
BG,h1306,0.07055033443835869,scr2099,stInflow,reservoir
BG,h1307,0.07055033443835869,scr2099,stInflow,reservoir
BG,h1308,0.07055033443835869,scr2099,stInflow,reservoir
BG,h1309,0.07055033443835869,scr2099,stInflow,reservoir
BG,h1310,0.07055033443835869,scr2099,stInflow,reservoir
BG,h1311,0.07055033443835869,scr2099,stInflow,reservoir
BG,h1312,0.07055033443835869,scr2099,stInflow,reservoir
BG,h1313,0.07055033443835869,scr2099,stInflow,reservoir
BG,h1314,0.07055033443835869,scr2099,stInflow,reservoir
BG,h1315,0.07055033443835869,scr2099,stInflow,reservoir
BG,h1316,0.07055033443835869,scr2099,stInflow,reservoir
BG,h1317,0.07055033443835869,scr2099,stInflow,reservoir
BG,h1318,0.07055033443835869,scr2099,stInflow,reservoir
BG,h1319,0.07055033443835869,scr2099,stInflow,reservoir
BG,h1320,0.07055033443835869,scr2099,stInflow,reservoir
BG,h1321,0.07055033443835869,scr2099,stInflow,reservoir
BG,h1322,0.07055033443835869,scr2099,stInflow,reservoir
BG,h1323,0.07055033443835869,scr2099,stInflow,reservoir
BG,h1324,0.07055033443835869,scr2099,stInflow,reservoir
BG,h1325,0.07055033443835869,scr2099,stInflow,reservoir
BG,h1326,0.07055033443835869,scr2099,stInflow,reservoir
BG,h1327,0.07055033443835869,scr2099,stInflow,reservoir
BG,h1328,0.07055033443835869,scr2099,stInflow,reservoir
BG,h1329,0.07055033443835869,scr2099,stInflow,reservoir
BG,h1330,0.07055033443835869,scr2099,stInflow,reservoir
BG,h1331,0.07055033443835869,scr2099,stInflow,reservoir
BG,h1332,0.07055033443835869,scr2099,stInflow,reservoir
BG,h1333,0.07055033443835869,scr2099,stInflow,reservoir
BG,h1334,0.07055033443835869,scr2099,stInflow,reservoir
BG,h1335,0.07055033443835869,scr2099,stInflow,reservoir
BG,h1336,0.07055033443835869,scr2099,stInflow,reservoir
BG,h1337,0.07055033443835869,scr2099,stInflow,reservoir
BG,h1338,0.07055033443835869,scr2099,stInflow,reservoir
BG,h1339,0.07055033443835869,scr2099,stInflow,reservoir
BG,h1340,0.07055033443835869,scr2099,stInflow,reservoir
BG,h1341,0.07055033443835869,scr2099,stInflow,reservoir
BG,h1342,0.07055033443835869,scr2099,stInflow,reservoir
BG,h1343,0.07055033443835869,scr2099,stInflow,reservoir
BG,h1344,0.07055033443835869,scr2099,stInflow,reservoir
BG,h1345,0.07055033443835869,scr2099,stInflow,reservoir
BG,h1346,0.07055033443835869,scr2099,stInflow,reservoir
BG,h1347,0.07055033443835869,scr2099,stInflow,reservoir
BG,h1348,0.07055033443835869,scr2099,stInflow,reservoir
BG,h1349,0.07055033443835869,scr2099,stInflow,reservoir
BG,h1350,0.07055033443835869,scr2099,stInflow,reservoir
BG,h1351,0.07055033443835869,scr2099,stInflow,reservoir
BG,h1352,0.07055033443835869,scr2099,stInflow,reservoir
BG,h1353,0.07055033443835869,scr2099,stInflow,reservoir
BG,h1354,0.07055033443835869,scr2099,stInflow,reservoir
BG,h1355,0.07055033443835869,scr2099,stInflow,reservoir
BG,h1356,0.07055033443835869,scr2099,stInflow,reservoir
BG,h1357,0.07055033443835869,scr2099,stInflow,reservoir
BG,h1358,0.07055033443835869,scr2099,stInflow,reservoir
BG,h1359,0.07055033443835869,scr2099,stInflow,reservoir
BG,h1360,0.07055033443835869,scr2099,stInflow,reservoir
BG,h1361,0.07055033443835869,scr2099,stInflow,reservoir
BG,h1362,0.07055033443835869,scr2099,stInflow,reservoir
BG,h1363,0.07055033443835869,scr2099,stInflow,reservoir
BG,h1364,0.07055033443835869,scr2099,stInflow,reservoir
BG,h1365,0.07055033443835869,scr2099,stInflow,reservoir
BG,h1366,0.07055033443835869,scr2099,stInflow,reservoir
BG,h1367,0.07055033443835869,scr2099,stInflow,reservoir
BG,h1368,0.07055033443835869,scr2099,stInflow,reservoir
BG,h1369,0.07055033443835869,scr2099,stInflow,reservoir
BG,h1370,0.07055033443835869,scr2099,stInflow,reservoir
BG,h1371,0.07055033443835869,scr2099,stInflow,reservoir
BG,h1372,0.07055033443835869,scr2099,stInflow,reservoir
BG,h1373,0.07055033443835869,scr2099,stInflow,reservoir
BG,h1374,0.07055033443835869,scr2099,stInflow,reservoir
BG,h1375,0.07055033443835869,scr2099,stInflow,reservoir
BG,h1376,0.07055033443835869,scr2099,stInflow,reservoir
BG,h1377,0.07055033443835869,scr2099,stInflow,reservoir
BG,h1378,0.07055033443835869,scr2099,stInflow,reservoir
BG,h1379,0.07055033443835869,scr2099,stInflow,reservoir
BG,h1380,0.07055033443835869,scr2099,stInflow,reservoir
BG,h1381,0.07055033443835869,scr2099,stInflow,reservoir
BG,h1382,0.07055033443835869,scr2099,stInflow,reservoir
BG,h1383,0.07055033443835869,scr2099,stInflow,reservoir
BG,h1384,0.07055033443835869,scr2099,stInflow,reservoir
BG,h1385,0.07055033443835869,scr2099,stInflow,reservoir
BG,h1386,0.07055033443835869,scr2099,stInflow,reservoir
BG,h1387,0.07055033443835869,scr2099,stInflow,reservoir
BG,h1388,0.07055033443835869,scr2099,stInflow,reservoir
BG,h1389,0.07055033443835869,scr2099,stInflow,reservoir
BG,h1390,0.07055033443835869,scr2099,stInflow,reservoir
BG,h1391,0.07055033443835869,scr2099,stInflow,reservoir
BG,h1392,0.07055033443835869,scr2099,stInflow,reservoir
BG,h1393,0.07055033443835869,scr2099,stInflow,reservoir
BG,h1394,0.07055033443835869,scr2099,stInflow,reservoir
BG,h1395,0.07055033443835869,scr2099,stInflow,reservoir
BG,h1396,0.07055033443835869,scr2099,stInflow,reservoir
BG,h1397,0.07055033443835869,scr2099,stInflow,reservoir
BG,h1398,0.07055033443835869,scr2099,stInflow,reservoir
BG,h1399,0.07055033443835869,scr2099,stInflow,reservoir
BG,h1400,0.07055033443835869,scr2099,stInflow,reservoir
BG,h1401,0.07055033443835869,scr2099,stInflow,reservoir
BG,h1402,0.07055033443835869,scr2099,stInflow,reservoir
BG,h1403,0.07055033443835869,scr2099,stInflow,reservoir
BG,h1404,0.07055033443835869,scr2099,stInflow,reservoir
BG,h1405,0.07055033443835869,scr2099,stInflow,reservoir
BG,h1406,0.07055033443835869,scr2099,stInflow,reservoir
BG,h1407,0.07055033443835869,scr2099,stInflow,reservoir
BG,h1408,0.07055033443835869,scr2099,stInflow,reservoir
BG,h1409,0.07055033443835869,scr2099,stInflow,reservoir
BG,h1410,0.07055033443835869,scr2099,stInflow,reservoir
BG,h1411,0.07055033443835869,scr2099,stInflow,reservoir
BG,h1412,0.07055033443835869,scr2099,stInflow,reservoir
BG,h1413,0.07055033443835869,scr2099,stInflow,reservoir
BG,h1414,0.07055033443835869,scr2099,stInflow,reservoir
BG,h1415,0.07055033443835869,scr2099,stInflow,reservoir
BG,h1416,0.07055033443835869,scr2099,stInflow,reservoir
BG,h1417,0.07055033443835869,scr2099,stInflow,reservoir
BG,h1418,0.07055033443835869,scr2099,stInflow,reservoir
BG,h1419,0.07055033443835869,scr2099,stInflow,reservoir
BG,h1420,0.07055033443835869,scr2099,stInflow,reservoir
BG,h1421,0.07055033443835869,scr2099,stInflow,reservoir
BG,h1422,0.07055033443835869,scr2099,stInflow,reservoir
BG,h1423,0.07055033443835869,scr2099,stInflow,reservoir
BG,h1424,0.07055033443835869,scr2099,stInflow,reservoir
BG,h1425,0.07055033443835869,scr2099,stInflow,reservoir
BG,h1426,0.07055033443835869,scr2099,stInflow,reservoir
BG,h1427,0.07055033443835869,scr2099,stInflow,reservoir
BG,h1428,0.07055033443835869,scr2099,stInflow,reservoir
BG,h1429,0.07055033443835869,scr2099,stInflow,reservoir
BG,h1430,0.07055033443835869,scr2099,stInflow,reservoir
BG,h1431,0.07055033443835869,scr2099,stInflow,reservoir
BG,h1432,0.07055033443835869,scr2099,stInflow,reservoir
BG,h1433,0.07055033443835869,scr2099,stInflow,reservoir
BG,h1434,0.07055033443835869,scr2099,stInflow,reservoir
BG,h1435,0.07055033443835869,scr2099,stInflow,reservoir
BG,h1436,0.07055033443835869,scr2099,stInflow,reservoir
BG,h1437,0.07055033443835869,scr2099,stInflow,reservoir
BG,h1438,0.07055033443835869,scr2099,stInflow,reservoir
BG,h1439,0.07055033443835869,scr2099,stInflow,reservoir
BG,h1440,0.07055033443835869,scr2099,stInflow,reservoir
CH,h0721,4.286521337335758,scr2099,stInflow,reservoir
CH,h0722,4.286521337335758,scr2099,stInflow,reservoir
CH,h0723,4.286521337335758,scr2099,stInflow,reservoir
CH,h0724,4.286521337335758,scr2099,stInflow,reservoir
CH,h0725,4.286521337335758,scr2099,stInflow,reservoir
CH,h0726,4.286521337335758,scr2099,stInflow,reservoir
CH,h0727,4.286521337335758,scr2099,stInflow,reservoir
CH,h0728,4.286521337335758,scr2099,stInflow,reservoir
CH,h0729,4.286521337335758,scr2099,stInflow,reservoir
CH,h0730,4.286521337335758,scr2099,stInflow,reservoir
CH,h0731,4.286521337335758,scr2099,stInflow,reservoir
CH,h0732,4.286521337335758,scr2099,stInflow,reservoir
CH,h0733,4.286521337335758,scr2099,stInflow,reservoir
CH,h0734,4.286521337335758,scr2099,stInflow,reservoir
CH,h0735,4.286521337335758,scr2099,stInflow,reservoir
CH,h0736,4.286521337335758,scr2099,stInflow,reservoir
CH,h0737,4.286521337335758,scr2099,stInflow,reservoir
CH,h0738,4.286521337335758,scr2099,stInflow,reservoir
CH,h0739,4.286521337335758,scr2099,stInflow,reservoir
CH,h0740,4.286521337335758,scr2099,stInflow,reservoir
CH,h0741,4.286521337335758,scr2099,stInflow,reservoir
CH,h0742,4.286521337335758,scr2099,stInflow,reservoir
CH,h0743,4.286521337335758,scr2099,stInflow,reservoir
CH,h0744,4.286521337335758,scr2099,stInflow,reservoir
CH,h0745,4.286521337335758,scr2099,stInflow,reservoir
CH,h0746,4.286521337335758,scr2099,stInflow,reservoir
CH,h0747,4.286521337335758,scr2099,stInflow,reservoir
CH,h0748,4.286521337335758,scr2099,stInflow,reservoir
CH,h0749,4.286521337335758,scr2099,stInflow,reservoir
CH,h0750,4.286521337335758,scr2099,stInflow,reservoir
CH,h0751,4.286521337335758,scr2099,stInflow,reservoir
CH,h0752,4.286521337335758,scr2099,stInflow,reservoir
CH,h0753,4.286521337335758,scr2099,stInflow,reservoir
CH,h0754,4.286521337335758,scr2099,stInflow,reservoir
CH,h0755,4.286521337335758,scr2099,stInflow,reservoir
CH,h0756,4.286521337335758,scr2099,stInflow,reservoir
CH,h0757,4.286521337335758,scr2099,stInflow,reservoir
CH,h0758,4.286521337335758,scr2099,stInflow,reservoir
CH,h0759,4.286521337335758,scr2099,stInflow,reservoir
CH,h0760,4.286521337335758,scr2099,stInflow,reservoir
CH,h0761,4.286521337335758,scr2099,stInflow,reservoir
CH,h0762,4.286521337335758,scr2099,stInflow,reservoir
CH,h0763,4.286521337335758,scr2099,stInflow,reservoir
CH,h0764,4.286521337335758,scr2099,stInflow,reservoir
CH,h0765,4.286521337335758,scr2099,stInflow,reservoir
CH,h0766,4.286521337335758,scr2099,stInflow,reservoir
CH,h0767,4.286521337335758,scr2099,stInflow,reservoir
CH,h0768,4.286521337335758,scr2099,stInflow,reservoir
CH,h0769,4.286098910536533,scr2099,stInflow,reservoir
CH,h0770,4.285676483741472,scr2099,stInflow,reservoir
CH,h0771,4.285254056950574,scr2099,stInflow,reservoir
CH,h0772,4.285254056950574,scr2099,stInflow,reservoir
CH,h0773,4.285254056950574,scr2099,stInflow,reservoir
CH,h0774,4.285254056950574,scr2099,stInflow,reservoir
CH,h0775,4.285254056950574,scr2099,stInflow,reservoir
CH,h0776,4.285254056950574,scr2099,stInflow,reservoir
CH,h0777,4.285254056950574,scr2099,stInflow,reservoir
CH,h0778,4.285254056950574,scr2099,stInflow,reservoir
CH,h0779,4.285254056950574,scr2099,stInflow,reservoir
CH,h0780,4.285254056950574,scr2099,stInflow,reservoir
CH,h0781,4.285254056950574,scr2099,stInflow,reservoir
CH,h0782,4.285254056950574,scr2099,stInflow,reservoir
CH,h0783,4.285254056950574,scr2099,stInflow,reservoir
CH,h0784,4.285254056950574,scr2099,stInflow,reservoir
CH,h0785,4.285254056950574,scr2099,stInflow,reservoir
CH,h0786,4.285254056950574,scr2099,stInflow,reservoir
CH,h0787,4.285254056950574,scr2099,stInflow,reservoir
CH,h0788,4.285254056950574,scr2099,stInflow,reservoir
CH,h0789,4.285254056950574,scr2099,stInflow,reservoir
CH,h0790,4.285254056950574,scr2099,stInflow,reservoir
CH,h0791,4.285254056950574,scr2099,stInflow,reservoir
CH,h0792,4.285254056950574,scr2099,stInflow,reservoir
CH,h0793,4.285254056950574,scr2099,stInflow,reservoir
CH,h0794,4.285254056950574,scr2099,stInflow,reservoir
CH,h0795,4.285254056950574,scr2099,stInflow,reservoir
CH,h0796,4.285254056950574,scr2099,stInflow,reservoir
CH,h0797,4.285254056950574,scr2099,stInflow,reservoir
CH,h0798,4.285254056950574,scr2099,stInflow,reservoir
CH,h0799,4.285254056950574,scr2099,stInflow,reservoir
CH,h0800,4.285254056950574,scr2099,stInflow,reservoir
CH,h0801,4.285254056950574,scr2099,stInflow,reservoir
CH,h0802,4.285254056950574,scr2099,stInflow,reservoir
CH,h0803,4.285254056950574,scr2099,stInflow,reservoir
CH,h0804,4.285254056950574,scr2099,stInflow,reservoir
CH,h0805,4.285254056950574,scr2099,stInflow,reservoir
CH,h0806,4.285254056950574,scr2099,stInflow,reservoir
CH,h0807,4.285254056950574,scr2099,stInflow,reservoir
CH,h0808,4.285254056950574,scr2099,stInflow,reservoir
CH,h0809,4.285254056950574,scr2099,stInflow,reservoir
CH,h0810,4.285254056950574,scr2099,stInflow,reservoir
CH,h0811,4.285254056950574,scr2099,stInflow,reservoir
CH,h0812,4.285254056950574,scr2099,stInflow,reservoir
CH,h0813,4.285254056950574,scr2099,stInflow,reservoir
CH,h0814,4.285254056950574,scr2099,stInflow,reservoir
CH,h0815,4.285254056950574,scr2099,stInflow,reservoir
CH,h0816,4.285254056950574,scr2099,stInflow,reservoir
CH,h0817,4.285254056950574,scr2099,stInflow,reservoir
CH,h0818,4.285254056950574,scr2099,stInflow,reservoir
CH,h0819,4.285254056950574,scr2099,stInflow,reservoir
CH,h0820,4.285254056950574,scr2099,stInflow,reservoir
CH,h0821,4.285254056950574,scr2099,stInflow,reservoir
CH,h0822,4.285254056950574,scr2099,stInflow,reservoir
CH,h0823,4.285254056950574,scr2099,stInflow,reservoir
CH,h0824,4.285254056950574,scr2099,stInflow,reservoir
CH,h0825,4.285254056950574,scr2099,stInflow,reservoir
CH,h0826,4.285254056950574,scr2099,stInflow,reservoir
CH,h0827,4.285254056950574,scr2099,stInflow,reservoir
CH,h0828,4.285254056950574,scr2099,stInflow,reservoir
CH,h0829,4.285254056950574,scr2099,stInflow,reservoir
CH,h0830,4.285254056950574,scr2099,stInflow,reservoir
CH,h0831,4.285254056950574,scr2099,stInflow,reservoir
CH,h0832,4.285254056950574,scr2099,stInflow,reservoir
CH,h0833,4.285254056950574,scr2099,stInflow,reservoir
CH,h0834,4.285254056950574,scr2099,stInflow,reservoir
CH,h0835,4.285254056950574,scr2099,stInflow,reservoir
CH,h0836,4.285254056950574,scr2099,stInflow,reservoir
CH,h0837,4.285254056950574,scr2099,stInflow,reservoir
CH,h0838,4.285254056950574,scr2099,stInflow,reservoir
CH,h0839,4.285254056950574,scr2099,stInflow,reservoir
CH,h0840,4.285254056950574,scr2099,stInflow,reservoir
CH,h0841,4.285254056950574,scr2099,stInflow,reservoir
CH,h0842,4.285254056950574,scr2099,stInflow,reservoir
CH,h0843,4.285254056950574,scr2099,stInflow,reservoir
CH,h0844,4.285254056950574,scr2099,stInflow,reservoir
CH,h0845,4.285254056950574,scr2099,stInflow,reservoir
CH,h0846,4.285254056950574,scr2099,stInflow,reservoir
CH,h0847,4.285254056950574,scr2099,stInflow,reservoir
CH,h0848,4.285254056950574,scr2099,stInflow,reservoir
CH,h0849,4.285254056950574,scr2099,stInflow,reservoir
CH,h0850,4.285254056950574,scr2099,stInflow,reservoir
CH,h0851,4.285254056950574,scr2099,stInflow,reservoir
CH,h0852,4.285254056950574,scr2099,stInflow,reservoir
CH,h0853,4.285254056950574,scr2099,stInflow,reservoir
CH,h0854,4.285254056950574,scr2099,stInflow,reservoir
CH,h0855,4.285254056950574,scr2099,stInflow,reservoir
CH,h0856,4.285254056950574,scr2099,stInflow,reservoir
CH,h0857,4.285254056950574,scr2099,stInflow,reservoir
CH,h0858,4.285254056950574,scr2099,stInflow,reservoir
CH,h0859,4.285254056950574,scr2099,stInflow,reservoir
CH,h0860,4.285254056950574,scr2099,stInflow,reservoir
CH,h0861,4.285254056950574,scr2099,stInflow,reservoir
CH,h0862,4.285254056950574,scr2099,stInflow,reservoir
CH,h0863,4.285254056950574,scr2099,stInflow,reservoir
CH,h0864,4.285254056950574,scr2099,stInflow,reservoir
CH,h0865,4.285254056950574,scr2099,stInflow,reservoir
CH,h0866,4.285254056950574,scr2099,stInflow,reservoir
CH,h0867,4.285254056950574,scr2099,stInflow,reservoir
CH,h0868,4.285254056950574,scr2099,stInflow,reservoir
CH,h0869,4.285254056950574,scr2099,stInflow,reservoir
CH,h0870,4.285254056950574,scr2099,stInflow,reservoir
CH,h0871,4.285254056950574,scr2099,stInflow,reservoir
CH,h0872,4.285254056950574,scr2099,stInflow,reservoir
CH,h0873,4.285254056950574,scr2099,stInflow,reservoir
CH,h0874,4.285254056950574,scr2099,stInflow,reservoir
CH,h0875,4.285254056950574,scr2099,stInflow,reservoir
CH,h0876,4.285254056950574,scr2099,stInflow,reservoir
CH,h0877,4.285254056950574,scr2099,stInflow,reservoir
CH,h0878,4.285254056950574,scr2099,stInflow,reservoir
CH,h0879,4.285254056950574,scr2099,stInflow,reservoir
CH,h0880,4.285254056950574,scr2099,stInflow,reservoir
CH,h0881,4.285254056950574,scr2099,stInflow,reservoir
CH,h0882,4.285254056950574,scr2099,stInflow,reservoir
CH,h0883,4.285254056950574,scr2099,stInflow,reservoir
CH,h0884,4.285254056950574,scr2099,stInflow,reservoir
CH,h0885,4.285254056950574,scr2099,stInflow,reservoir
CH,h0886,4.285254056950574,scr2099,stInflow,reservoir
CH,h0887,4.285254056950574,scr2099,stInflow,reservoir
CH,h0888,4.285254056950574,scr2099,stInflow,reservoir
CH,h0889,4.285254056950574,scr2099,stInflow,reservoir
CH,h0890,4.285254056950574,scr2099,stInflow,reservoir
CH,h0891,4.285254056950574,scr2099,stInflow,reservoir
CH,h0892,4.285254056950574,scr2099,stInflow,reservoir
CH,h0893,4.285254056950574,scr2099,stInflow,reservoir
CH,h0894,4.285254056950574,scr2099,stInflow,reservoir
CH,h0895,4.285254056950574,scr2099,stInflow,reservoir
CH,h0896,4.285254056950574,scr2099,stInflow,reservoir
CH,h0897,4.285254056950574,scr2099,stInflow,reservoir
CH,h0898,4.285254056950574,scr2099,stInflow,reservoir
CH,h0899,4.285254056950574,scr2099,stInflow,reservoir
CH,h0900,4.285254056950574,scr2099,stInflow,reservoir
CH,h0901,4.285254056950574,scr2099,stInflow,reservoir
CH,h0902,4.285254056950574,scr2099,stInflow,reservoir
CH,h0903,4.285254056950574,scr2099,stInflow,reservoir
CH,h0904,4.285254056950574,scr2099,stInflow,reservoir
CH,h0905,4.285254056950574,scr2099,stInflow,reservoir
CH,h0906,4.285254056950574,scr2099,stInflow,reservoir
CH,h0907,4.285254056950574,scr2099,stInflow,reservoir
CH,h0908,4.285254056950574,scr2099,stInflow,reservoir
CH,h0909,4.285254056950574,scr2099,stInflow,reservoir
CH,h0910,4.285254056950574,scr2099,stInflow,reservoir
CH,h0911,4.285254056950574,scr2099,stInflow,reservoir
CH,h0912,4.285254056950574,scr2099,stInflow,reservoir
CH,h0913,4.285254056950574,scr2099,stInflow,reservoir
CH,h0914,4.285254056950574,scr2099,stInflow,reservoir
CH,h0915,4.285254056950574,scr2099,stInflow,reservoir
CH,h0916,4.285254056950574,scr2099,stInflow,reservoir
CH,h0917,4.285254056950574,scr2099,stInflow,reservoir
CH,h0918,4.285254056950574,scr2099,stInflow,reservoir
CH,h0919,4.285254056950574,scr2099,stInflow,reservoir
CH,h0920,4.285254056950574,scr2099,stInflow,reservoir
CH,h0921,4.285254056950574,scr2099,stInflow,reservoir
CH,h0922,4.285254056950574,scr2099,stInflow,reservoir
CH,h0923,4.285254056950574,scr2099,stInflow,reservoir
CH,h0924,4.285254056950574,scr2099,stInflow,reservoir
CH,h0925,4.285254056950574,scr2099,stInflow,reservoir
CH,h0926,4.285254056950574,scr2099,stInflow,reservoir
CH,h0927,4.285254056950574,scr2099,stInflow,reservoir
CH,h0928,4.285254056950574,scr2099,stInflow,reservoir
CH,h0929,4.285254056950574,scr2099,stInflow,reservoir
CH,h0930,4.285254056950574,scr2099,stInflow,reservoir
CH,h0931,4.285254056950574,scr2099,stInflow,reservoir
CH,h0932,4.285254056950574,scr2099,stInflow,reservoir
CH,h0933,4.285254056950574,scr2099,stInflow,reservoir
CH,h0934,4.285254056950574,scr2099,stInflow,reservoir
CH,h0935,4.285254056950574,scr2099,stInflow,reservoir
CH,h0936,4.285254056950574,scr2099,stInflow,reservoir
CH,h0937,4.266001564631055,scr2099,stInflow,reservoir
CH,h0938,4.246749080999355,scr2099,stInflow,reservoir
CH,h0939,4.227496606094852,scr2099,stInflow,reservoir
CH,h0940,4.227496606094852,scr2099,stInflow,reservoir
CH,h0941,4.227496606094852,scr2099,stInflow,reservoir
CH,h0942,4.227496606094852,scr2099,stInflow,reservoir
CH,h0943,4.227496606094852,scr2099,stInflow,reservoir
CH,h0944,4.227496606094852,scr2099,stInflow,reservoir
CH,h0945,4.227496606094852,scr2099,stInflow,reservoir
CH,h0946,4.227496606094852,scr2099,stInflow,reservoir
CH,h0947,4.227496606094852,scr2099,stInflow,reservoir
CH,h0948,4.227496606094852,scr2099,stInflow,reservoir
CH,h0949,4.227496606094852,scr2099,stInflow,reservoir
CH,h0950,4.227496606094852,scr2099,stInflow,reservoir
CH,h0951,4.227496606094852,scr2099,stInflow,reservoir
CH,h0952,4.227496606094852,scr2099,stInflow,reservoir
CH,h0953,4.227496606094852,scr2099,stInflow,reservoir
CH,h0954,4.227496606094852,scr2099,stInflow,reservoir
CH,h0955,4.227496606094852,scr2099,stInflow,reservoir
CH,h0956,4.227496606094852,scr2099,stInflow,reservoir
CH,h0957,4.227496606094852,scr2099,stInflow,reservoir
CH,h0958,4.227496606094852,scr2099,stInflow,reservoir
CH,h0959,4.227496606094852,scr2099,stInflow,reservoir
CH,h0960,4.227496606094852,scr2099,stInflow,reservoir
CH,h0961,4.227496606094852,scr2099,stInflow,reservoir
CH,h0962,4.227496606094852,scr2099,stInflow,reservoir
CH,h0963,4.227496606094852,scr2099,stInflow,reservoir
CH,h0964,4.227496606094852,scr2099,stInflow,reservoir
CH,h0965,4.227496606094852,scr2099,stInflow,reservoir
CH,h0966,4.227496606094852,scr2099,stInflow,reservoir
CH,h0967,4.227496606094852,scr2099,stInflow,reservoir
CH,h0968,4.227496606094852,scr2099,stInflow,reservoir
CH,h0969,4.227496606094852,scr2099,stInflow,reservoir
CH,h0970,4.227496606094852,scr2099,stInflow,reservoir
CH,h0971,4.227496606094852,scr2099,stInflow,reservoir
CH,h0972,4.227496606094852,scr2099,stInflow,reservoir
CH,h0973,4.227496606094852,scr2099,stInflow,reservoir
CH,h0974,4.227496606094852,scr2099,stInflow,reservoir
CH,h0975,4.227496606094852,scr2099,stInflow,reservoir
CH,h0976,4.227496606094852,scr2099,stInflow,reservoir
CH,h0977,4.227496606094852,scr2099,stInflow,reservoir
CH,h0978,4.227496606094852,scr2099,stInflow,reservoir
CH,h0979,4.227496606094852,scr2099,stInflow,reservoir
CH,h0980,4.227496606094852,scr2099,stInflow,reservoir
CH,h0981,4.227496606094852,scr2099,stInflow,reservoir
CH,h0982,4.227496606094852,scr2099,stInflow,reservoir
CH,h0983,4.227496606094852,scr2099,stInflow,reservoir
CH,h0984,4.227496606094852,scr2099,stInflow,reservoir
CH,h0985,4.227496606094852,scr2099,stInflow,reservoir
CH,h0986,4.227496606094852,scr2099,stInflow,reservoir
CH,h0987,4.227496606094852,scr2099,stInflow,reservoir
CH,h0988,4.227496606094852,scr2099,stInflow,reservoir
CH,h0989,4.227496606094852,scr2099,stInflow,reservoir
CH,h0990,4.227496606094852,scr2099,stInflow,reservoir
CH,h0991,4.227496606094852,scr2099,stInflow,reservoir
CH,h0992,4.227496606094852,scr2099,stInflow,reservoir
CH,h0993,4.227496606094852,scr2099,stInflow,reservoir
CH,h0994,4.227496606094852,scr2099,stInflow,reservoir
CH,h0995,4.227496606094852,scr2099,stInflow,reservoir
CH,h0996,4.227496606094852,scr2099,stInflow,reservoir
CH,h0997,4.227496606094852,scr2099,stInflow,reservoir
CH,h0998,4.227496606094852,scr2099,stInflow,reservoir
CH,h0999,4.227496606094852,scr2099,stInflow,reservoir
CH,h1000,4.227496606094852,scr2099,stInflow,reservoir
CH,h1001,4.227496606094852,scr2099,stInflow,reservoir
CH,h1002,4.227496606094852,scr2099,stInflow,reservoir
CH,h1003,4.227496606094852,scr2099,stInflow,reservoir
CH,h1004,4.227496606094852,scr2099,stInflow,reservoir
CH,h1005,4.227496606094852,scr2099,stInflow,reservoir
CH,h1006,4.227496606094852,scr2099,stInflow,reservoir
CH,h1007,4.227496606094852,scr2099,stInflow,reservoir
CH,h1008,4.227496606094852,scr2099,stInflow,reservoir
CH,h1009,4.227496606094852,scr2099,stInflow,reservoir
CH,h1010,4.227496606094852,scr2099,stInflow,reservoir
CH,h1011,4.227496606094852,scr2099,stInflow,reservoir
CH,h1012,4.227496606094852,scr2099,stInflow,reservoir
CH,h1013,4.227496606094852,scr2099,stInflow,reservoir
CH,h1014,4.227496606094852,scr2099,stInflow,reservoir
CH,h1015,4.227496606094852,scr2099,stInflow,reservoir
CH,h1016,4.227496606094852,scr2099,stInflow,reservoir
CH,h1017,4.227496606094852,scr2099,stInflow,reservoir
CH,h1018,4.227496606094852,scr2099,stInflow,reservoir
CH,h1019,4.227496606094852,scr2099,stInflow,reservoir
CH,h1020,4.227496606094852,scr2099,stInflow,reservoir
CH,h1021,4.227496606094852,scr2099,stInflow,reservoir
CH,h1022,4.227496606094852,scr2099,stInflow,reservoir
CH,h1023,4.227496606094852,scr2099,stInflow,reservoir
CH,h1024,4.227496606094852,scr2099,stInflow,reservoir
CH,h1025,4.227496606094852,scr2099,stInflow,reservoir
CH,h1026,4.227496606094852,scr2099,stInflow,reservoir
CH,h1027,4.227496606094852,scr2099,stInflow,reservoir
CH,h1028,4.227496606094852,scr2099,stInflow,reservoir
CH,h1029,4.227496606094852,scr2099,stInflow,reservoir
CH,h1030,4.227496606094852,scr2099,stInflow,reservoir
CH,h1031,4.227496606094852,scr2099,stInflow,reservoir
CH,h1032,4.227496606094852,scr2099,stInflow,reservoir
CH,h1033,4.227496606094852,scr2099,stInflow,reservoir
CH,h1034,4.227496606094852,scr2099,stInflow,reservoir
CH,h1035,4.227496606094852,scr2099,stInflow,reservoir
CH,h1036,4.227496606094852,scr2099,stInflow,reservoir
CH,h1037,4.227496606094852,scr2099,stInflow,reservoir
CH,h1038,4.227496606094852,scr2099,stInflow,reservoir
CH,h1039,4.227496606094852,scr2099,stInflow,reservoir
CH,h1040,4.227496606094852,scr2099,stInflow,reservoir
CH,h1041,4.227496606094852,scr2099,stInflow,reservoir
CH,h1042,4.227496606094852,scr2099,stInflow,reservoir
CH,h1043,4.227496606094852,scr2099,stInflow,reservoir
CH,h1044,4.227496606094852,scr2099,stInflow,reservoir
CH,h1045,4.227496606094852,scr2099,stInflow,reservoir
CH,h1046,4.227496606094852,scr2099,stInflow,reservoir
CH,h1047,4.227496606094852,scr2099,stInflow,reservoir
CH,h1048,4.227496606094852,scr2099,stInflow,reservoir
CH,h1049,4.227496606094852,scr2099,stInflow,reservoir
CH,h1050,4.227496606094852,scr2099,stInflow,reservoir
CH,h1051,4.227496606094852,scr2099,stInflow,reservoir
CH,h1052,4.227496606094852,scr2099,stInflow,reservoir
CH,h1053,4.227496606094852,scr2099,stInflow,reservoir
CH,h1054,4.227496606094852,scr2099,stInflow,reservoir
CH,h1055,4.227496606094852,scr2099,stInflow,reservoir
CH,h1056,4.227496606094852,scr2099,stInflow,reservoir
CH,h1057,4.227496606094852,scr2099,stInflow,reservoir
CH,h1058,4.227496606094852,scr2099,stInflow,reservoir
CH,h1059,4.227496606094852,scr2099,stInflow,reservoir
CH,h1060,4.227496606094852,scr2099,stInflow,reservoir
CH,h1061,4.227496606094852,scr2099,stInflow,reservoir
CH,h1062,4.227496606094852,scr2099,stInflow,reservoir
CH,h1063,4.227496606094852,scr2099,stInflow,reservoir
CH,h1064,4.227496606094852,scr2099,stInflow,reservoir
CH,h1065,4.227496606094852,scr2099,stInflow,reservoir
CH,h1066,4.227496606094852,scr2099,stInflow,reservoir
CH,h1067,4.227496606094852,scr2099,stInflow,reservoir
CH,h1068,4.227496606094852,scr2099,stInflow,reservoir
CH,h1069,4.227496606094852,scr2099,stInflow,reservoir
CH,h1070,4.227496606094852,scr2099,stInflow,reservoir
CH,h1071,4.227496606094852,scr2099,stInflow,reservoir
CH,h1072,4.227496606094852,scr2099,stInflow,reservoir
CH,h1073,4.227496606094852,scr2099,stInflow,reservoir
CH,h1074,4.227496606094852,scr2099,stInflow,reservoir
CH,h1075,4.227496606094852,scr2099,stInflow,reservoir
CH,h1076,4.227496606094852,scr2099,stInflow,reservoir
CH,h1077,4.227496606094852,scr2099,stInflow,reservoir
CH,h1078,4.227496606094852,scr2099,stInflow,reservoir
CH,h1079,4.227496606094852,scr2099,stInflow,reservoir
CH,h1080,4.227496606094852,scr2099,stInflow,reservoir
CH,h1081,4.227496606094852,scr2099,stInflow,reservoir
CH,h1082,4.227496606094852,scr2099,stInflow,reservoir
CH,h1083,4.227496606094852,scr2099,stInflow,reservoir
CH,h1084,4.227496606094852,scr2099,stInflow,reservoir
CH,h1085,4.227496606094852,scr2099,stInflow,reservoir
CH,h1086,4.227496606094852,scr2099,stInflow,reservoir
CH,h1087,4.227496606094852,scr2099,stInflow,reservoir
CH,h1088,4.227496606094852,scr2099,stInflow,reservoir
CH,h1089,4.227496606094852,scr2099,stInflow,reservoir
CH,h1090,4.227496606094852,scr2099,stInflow,reservoir
CH,h1091,4.227496606094852,scr2099,stInflow,reservoir
CH,h1092,4.227496606094852,scr2099,stInflow,reservoir
CH,h1093,4.227496606094852,scr2099,stInflow,reservoir
CH,h1094,4.227496606094852,scr2099,stInflow,reservoir
CH,h1095,4.227496606094852,scr2099,stInflow,reservoir
CH,h1096,4.227496606094852,scr2099,stInflow,reservoir
CH,h1097,4.227496606094852,scr2099,stInflow,reservoir
CH,h1098,4.227496606094852,scr2099,stInflow,reservoir
CH,h1099,4.227496606094852,scr2099,stInflow,reservoir
CH,h1100,4.227496606094852,scr2099,stInflow,reservoir
CH,h1101,4.227496606094852,scr2099,stInflow,reservoir
CH,h1102,4.227496606094852,scr2099,stInflow,reservoir
CH,h1103,4.227496606094852,scr2099,stInflow,reservoir
CH,h1104,4.227496606094852,scr2099,stInflow,reservoir
CH,h1105,4.213394105241396,scr2099,stInflow,reservoir
CH,h1106,4.199291609107674,scr2099,stInflow,reservoir
CH,h1107,4.185189117709531,scr2099,stInflow,reservoir
CH,h1108,4.185189117709531,scr2099,stInflow,reservoir
CH,h1109,4.185189117709531,scr2099,stInflow,reservoir
CH,h1110,4.185189117709531,scr2099,stInflow,reservoir
CH,h1111,4.185189117709531,scr2099,stInflow,reservoir
CH,h1112,4.185189117709531,scr2099,stInflow,reservoir
CH,h1113,4.185189117709531,scr2099,stInflow,reservoir
CH,h1114,4.185189117709531,scr2099,stInflow,reservoir
CH,h1115,4.185189117709531,scr2099,stInflow,reservoir
CH,h1116,4.185189117709531,scr2099,stInflow,reservoir
CH,h1117,4.185189117709531,scr2099,stInflow,reservoir
CH,h1118,4.185189117709531,scr2099,stInflow,reservoir
CH,h1119,4.185189117709531,scr2099,stInflow,reservoir
CH,h1120,4.185189117709531,scr2099,stInflow,reservoir
CH,h1121,4.185189117709531,scr2099,stInflow,reservoir
CH,h1122,4.185189117709531,scr2099,stInflow,reservoir
CH,h1123,4.185189117709531,scr2099,stInflow,reservoir
CH,h1124,4.185189117709531,scr2099,stInflow,reservoir
CH,h1125,4.185189117709531,scr2099,stInflow,reservoir
CH,h1126,4.185189117709531,scr2099,stInflow,reservoir
CH,h1127,4.185189117709531,scr2099,stInflow,reservoir
CH,h1128,4.185189117709531,scr2099,stInflow,reservoir
CH,h1129,4.185189117709531,scr2099,stInflow,reservoir
CH,h1130,4.185189117709531,scr2099,stInflow,reservoir
CH,h1131,4.185189117709531,scr2099,stInflow,reservoir
CH,h1132,4.185189117709531,scr2099,stInflow,reservoir
CH,h1133,4.185189117709531,scr2099,stInflow,reservoir
CH,h1134,4.185189117709531,scr2099,stInflow,reservoir
CH,h1135,4.185189117709531,scr2099,stInflow,reservoir
CH,h1136,4.185189117709531,scr2099,stInflow,reservoir
CH,h1137,4.185189117709531,scr2099,stInflow,reservoir
CH,h1138,4.185189117709531,scr2099,stInflow,reservoir
CH,h1139,4.185189117709531,scr2099,stInflow,reservoir
CH,h1140,4.185189117709531,scr2099,stInflow,reservoir
CH,h1141,4.185189117709531,scr2099,stInflow,reservoir
CH,h1142,4.185189117709531,scr2099,stInflow,reservoir
CH,h1143,4.185189117709531,scr2099,stInflow,reservoir
CH,h1144,4.185189117709531,scr2099,stInflow,reservoir
CH,h1145,4.185189117709531,scr2099,stInflow,reservoir
CH,h1146,4.185189117709531,scr2099,stInflow,reservoir
CH,h1147,4.185189117709531,scr2099,stInflow,reservoir
CH,h1148,4.185189117709531,scr2099,stInflow,reservoir
CH,h1149,4.185189117709531,scr2099,stInflow,reservoir
CH,h1150,4.185189117709531,scr2099,stInflow,reservoir
CH,h1151,4.185189117709531,scr2099,stInflow,reservoir
CH,h1152,4.185189117709531,scr2099,stInflow,reservoir
CH,h1153,4.185189117709531,scr2099,stInflow,reservoir
CH,h1154,4.185189117709531,scr2099,stInflow,reservoir
CH,h1155,4.185189117709531,scr2099,stInflow,reservoir
CH,h1156,4.185189117709531,scr2099,stInflow,reservoir
CH,h1157,4.185189117709531,scr2099,stInflow,reservoir
CH,h1158,4.185189117709531,scr2099,stInflow,reservoir
CH,h1159,4.185189117709531,scr2099,stInflow,reservoir
CH,h1160,4.185189117709531,scr2099,stInflow,reservoir
CH,h1161,4.185189117709531,scr2099,stInflow,reservoir
CH,h1162,4.185189117709531,scr2099,stInflow,reservoir
CH,h1163,4.185189117709531,scr2099,stInflow,reservoir
CH,h1164,4.185189117709531,scr2099,stInflow,reservoir
CH,h1165,4.185189117709531,scr2099,stInflow,reservoir
CH,h1166,4.185189117709531,scr2099,stInflow,reservoir
CH,h1167,4.185189117709531,scr2099,stInflow,reservoir
CH,h1168,4.185189117709531,scr2099,stInflow,reservoir
CH,h1169,4.185189117709531,scr2099,stInflow,reservoir
CH,h1170,4.185189117709531,scr2099,stInflow,reservoir
CH,h1171,4.185189117709531,scr2099,stInflow,reservoir
CH,h1172,4.185189117709531,scr2099,stInflow,reservoir
CH,h1173,4.185189117709531,scr2099,stInflow,reservoir
CH,h1174,4.185189117709531,scr2099,stInflow,reservoir
CH,h1175,4.185189117709531,scr2099,stInflow,reservoir
CH,h1176,4.185189117709531,scr2099,stInflow,reservoir
CH,h1177,4.185189117709531,scr2099,stInflow,reservoir
CH,h1178,4.185189117709531,scr2099,stInflow,reservoir
CH,h1179,4.185189117709531,scr2099,stInflow,reservoir
CH,h1180,4.185189117709531,scr2099,stInflow,reservoir
CH,h1181,4.185189117709531,scr2099,stInflow,reservoir
CH,h1182,4.185189117709531,scr2099,stInflow,reservoir
CH,h1183,4.185189117709531,scr2099,stInflow,reservoir
CH,h1184,4.185189117709531,scr2099,stInflow,reservoir
CH,h1185,4.185189117709531,scr2099,stInflow,reservoir
CH,h1186,4.185189117709531,scr2099,stInflow,reservoir
CH,h1187,4.185189117709531,scr2099,stInflow,reservoir
CH,h1188,4.185189117709531,scr2099,stInflow,reservoir
CH,h1189,4.185189117709531,scr2099,stInflow,reservoir
CH,h1190,4.185189117709531,scr2099,stInflow,reservoir
CH,h1191,4.185189117709531,scr2099,stInflow,reservoir
CH,h1192,4.185189117709531,scr2099,stInflow,reservoir
CH,h1193,4.185189117709531,scr2099,stInflow,reservoir
CH,h1194,4.185189117709531,scr2099,stInflow,reservoir
CH,h1195,4.185189117709531,scr2099,stInflow,reservoir
CH,h1196,4.185189117709531,scr2099,stInflow,reservoir
CH,h1197,4.185189117709531,scr2099,stInflow,reservoir
CH,h1198,4.185189117709531,scr2099,stInflow,reservoir
CH,h1199,4.185189117709531,scr2099,stInflow,reservoir
CH,h1200,4.185189117709531,scr2099,stInflow,reservoir
CH,h1201,4.185189117709531,scr2099,stInflow,reservoir
CH,h1202,4.185189117709531,scr2099,stInflow,reservoir
CH,h1203,4.185189117709531,scr2099,stInflow,reservoir
CH,h1204,4.185189117709531,scr2099,stInflow,reservoir
CH,h1205,4.185189117709531,scr2099,stInflow,reservoir
CH,h1206,4.185189117709531,scr2099,stInflow,reservoir
CH,h1207,4.185189117709531,scr2099,stInflow,reservoir
CH,h1208,4.185189117709531,scr2099,stInflow,reservoir
CH,h1209,4.185189117709531,scr2099,stInflow,reservoir
CH,h1210,4.185189117709531,scr2099,stInflow,reservoir
CH,h1211,4.185189117709531,scr2099,stInflow,reservoir
CH,h1212,4.185189117709531,scr2099,stInflow,reservoir
CH,h1213,4.185189117709531,scr2099,stInflow,reservoir
CH,h1214,4.185189117709531,scr2099,stInflow,reservoir
CH,h1215,4.185189117709531,scr2099,stInflow,reservoir
CH,h1216,4.185189117709531,scr2099,stInflow,reservoir
CH,h1217,4.185189117709531,scr2099,stInflow,reservoir
CH,h1218,4.185189117709531,scr2099,stInflow,reservoir
CH,h1219,4.185189117709531,scr2099,stInflow,reservoir
CH,h1220,4.185189117709531,scr2099,stInflow,reservoir
CH,h1221,4.185189117709531,scr2099,stInflow,reservoir
CH,h1222,4.185189117709531,scr2099,stInflow,reservoir
CH,h1223,4.185189117709531,scr2099,stInflow,reservoir
CH,h1224,4.185189117709531,scr2099,stInflow,reservoir
CH,h1225,4.185189117709531,scr2099,stInflow,reservoir
CH,h1226,4.185189117709531,scr2099,stInflow,reservoir
CH,h1227,4.185189117709531,scr2099,stInflow,reservoir
CH,h1228,4.185189117709531,scr2099,stInflow,reservoir
CH,h1229,4.185189117709531,scr2099,stInflow,reservoir
CH,h1230,4.185189117709531,scr2099,stInflow,reservoir
CH,h1231,4.185189117709531,scr2099,stInflow,reservoir
CH,h1232,4.185189117709531,scr2099,stInflow,reservoir
CH,h1233,4.185189117709531,scr2099,stInflow,reservoir
CH,h1234,4.185189117709531,scr2099,stInflow,reservoir
CH,h1235,4.185189117709531,scr2099,stInflow,reservoir
CH,h1236,4.185189117709531,scr2099,stInflow,reservoir
CH,h1237,4.185189117709531,scr2099,stInflow,reservoir
CH,h1238,4.185189117709531,scr2099,stInflow,reservoir
CH,h1239,4.185189117709531,scr2099,stInflow,reservoir
CH,h1240,4.185189117709531,scr2099,stInflow,reservoir
CH,h1241,4.185189117709531,scr2099,stInflow,reservoir
CH,h1242,4.185189117709531,scr2099,stInflow,reservoir
CH,h1243,4.185189117709531,scr2099,stInflow,reservoir
CH,h1244,4.185189117709531,scr2099,stInflow,reservoir
CH,h1245,4.185189117709531,scr2099,stInflow,reservoir
CH,h1246,4.185189117709531,scr2099,stInflow,reservoir
CH,h1247,4.185189117709531,scr2099,stInflow,reservoir
CH,h1248,4.185189117709531,scr2099,stInflow,reservoir
CH,h1249,4.185189117709531,scr2099,stInflow,reservoir
CH,h1250,4.185189117709531,scr2099,stInflow,reservoir
CH,h1251,4.185189117709531,scr2099,stInflow,reservoir
CH,h1252,4.185189117709531,scr2099,stInflow,reservoir
CH,h1253,4.185189117709531,scr2099,stInflow,reservoir
CH,h1254,4.185189117709531,scr2099,stInflow,reservoir
CH,h1255,4.185189117709531,scr2099,stInflow,reservoir
CH,h1256,4.185189117709531,scr2099,stInflow,reservoir
CH,h1257,4.185189117709531,scr2099,stInflow,reservoir
CH,h1258,4.185189117709531,scr2099,stInflow,reservoir
CH,h1259,4.185189117709531,scr2099,stInflow,reservoir
CH,h1260,4.185189117709531,scr2099,stInflow,reservoir
CH,h1261,4.185189117709531,scr2099,stInflow,reservoir
CH,h1262,4.185189117709531,scr2099,stInflow,reservoir
CH,h1263,4.185189117709531,scr2099,stInflow,reservoir
CH,h1264,4.185189117709531,scr2099,stInflow,reservoir
CH,h1265,4.185189117709531,scr2099,stInflow,reservoir
CH,h1266,4.185189117709531,scr2099,stInflow,reservoir
CH,h1267,4.185189117709531,scr2099,stInflow,reservoir
CH,h1268,4.185189117709531,scr2099,stInflow,reservoir
CH,h1269,4.185189117709531,scr2099,stInflow,reservoir
CH,h1270,4.185189117709531,scr2099,stInflow,reservoir
CH,h1271,4.185189117709531,scr2099,stInflow,reservoir
CH,h1272,4.185189117709531,scr2099,stInflow,reservoir
CH,h1273,4.0206880748732505,scr2099,stInflow,reservoir
CH,h1274,3.856187705188648,scr2099,stInflow,reservoir
CH,h1275,3.691688037382782,scr2099,stInflow,reservoir
CH,h1276,3.691688037382782,scr2099,stInflow,reservoir
CH,h1277,3.691688037382782,scr2099,stInflow,reservoir
CH,h1278,3.691688037382782,scr2099,stInflow,reservoir
CH,h1279,3.691688037382782,scr2099,stInflow,reservoir
CH,h1280,3.691688037382782,scr2099,stInflow,reservoir
CH,h1281,3.691688037382782,scr2099,stInflow,reservoir
CH,h1282,3.691688037382782,scr2099,stInflow,reservoir
CH,h1283,3.691688037382782,scr2099,stInflow,reservoir
CH,h1284,3.691688037382782,scr2099,stInflow,reservoir
CH,h1285,3.691688037382782,scr2099,stInflow,reservoir
CH,h1286,3.691688037382782,scr2099,stInflow,reservoir
CH,h1287,3.691688037382782,scr2099,stInflow,reservoir
CH,h1288,3.691688037382782,scr2099,stInflow,reservoir
CH,h1289,3.691688037382782,scr2099,stInflow,reservoir
CH,h1290,3.691688037382782,scr2099,stInflow,reservoir
CH,h1291,3.691688037382782,scr2099,stInflow,reservoir
CH,h1292,3.691688037382782,scr2099,stInflow,reservoir
CH,h1293,3.691688037382782,scr2099,stInflow,reservoir
CH,h1294,3.691688037382782,scr2099,stInflow,reservoir
CH,h1295,3.691688037382782,scr2099,stInflow,reservoir
CH,h1296,3.691688037382782,scr2099,stInflow,reservoir
CH,h1297,3.691688037382782,scr2099,stInflow,reservoir
CH,h1298,3.691688037382782,scr2099,stInflow,reservoir
CH,h1299,3.691688037382782,scr2099,stInflow,reservoir
CH,h1300,3.691688037382782,scr2099,stInflow,reservoir
CH,h1301,3.691688037382782,scr2099,stInflow,reservoir
CH,h1302,3.691688037382782,scr2099,stInflow,reservoir
CH,h1303,3.691688037382782,scr2099,stInflow,reservoir
CH,h1304,3.691688037382782,scr2099,stInflow,reservoir
CH,h1305,3.691688037382782,scr2099,stInflow,reservoir
CH,h1306,3.691688037382782,scr2099,stInflow,reservoir
CH,h1307,3.691688037382782,scr2099,stInflow,reservoir
CH,h1308,3.691688037382782,scr2099,stInflow,reservoir
CH,h1309,3.691688037382782,scr2099,stInflow,reservoir
CH,h1310,3.691688037382782,scr2099,stInflow,reservoir
CH,h1311,3.691688037382782,scr2099,stInflow,reservoir
CH,h1312,3.691688037382782,scr2099,stInflow,reservoir
CH,h1313,3.691688037382782,scr2099,stInflow,reservoir
CH,h1314,3.691688037382782,scr2099,stInflow,reservoir
CH,h1315,3.691688037382782,scr2099,stInflow,reservoir
CH,h1316,3.691688037382782,scr2099,stInflow,reservoir
CH,h1317,3.691688037382782,scr2099,stInflow,reservoir
CH,h1318,3.691688037382782,scr2099,stInflow,reservoir
CH,h1319,3.691688037382782,scr2099,stInflow,reservoir
CH,h1320,3.691688037382782,scr2099,stInflow,reservoir
CH,h1321,3.691688037382782,scr2099,stInflow,reservoir
CH,h1322,3.691688037382782,scr2099,stInflow,reservoir
CH,h1323,3.691688037382782,scr2099,stInflow,reservoir
CH,h1324,3.691688037382782,scr2099,stInflow,reservoir
CH,h1325,3.691688037382782,scr2099,stInflow,reservoir
CH,h1326,3.691688037382782,scr2099,stInflow,reservoir
CH,h1327,3.691688037382782,scr2099,stInflow,reservoir
CH,h1328,3.691688037382782,scr2099,stInflow,reservoir
CH,h1329,3.691688037382782,scr2099,stInflow,reservoir
CH,h1330,3.691688037382782,scr2099,stInflow,reservoir
CH,h1331,3.691688037382782,scr2099,stInflow,reservoir
CH,h1332,3.691688037382782,scr2099,stInflow,reservoir
CH,h1333,3.691688037382782,scr2099,stInflow,reservoir
CH,h1334,3.691688037382782,scr2099,stInflow,reservoir
CH,h1335,3.691688037382782,scr2099,stInflow,reservoir
CH,h1336,3.691688037382782,scr2099,stInflow,reservoir
CH,h1337,3.691688037382782,scr2099,stInflow,reservoir
CH,h1338,3.691688037382782,scr2099,stInflow,reservoir
CH,h1339,3.691688037382782,scr2099,stInflow,reservoir
CH,h1340,3.691688037382782,scr2099,stInflow,reservoir
CH,h1341,3.691688037382782,scr2099,stInflow,reservoir
CH,h1342,3.691688037382782,scr2099,stInflow,reservoir
CH,h1343,3.691688037382782,scr2099,stInflow,reservoir
CH,h1344,3.691688037382782,scr2099,stInflow,reservoir
CH,h1345,3.691688037382782,scr2099,stInflow,reservoir
CH,h1346,3.691688037382782,scr2099,stInflow,reservoir
CH,h1347,3.691688037382782,scr2099,stInflow,reservoir
CH,h1348,3.691688037382782,scr2099,stInflow,reservoir
CH,h1349,3.691688037382782,scr2099,stInflow,reservoir
CH,h1350,3.691688037382782,scr2099,stInflow,reservoir
CH,h1351,3.691688037382782,scr2099,stInflow,reservoir
CH,h1352,3.691688037382782,scr2099,stInflow,reservoir
CH,h1353,3.691688037382782,scr2099,stInflow,reservoir
CH,h1354,3.691688037382782,scr2099,stInflow,reservoir
CH,h1355,3.691688037382782,scr2099,stInflow,reservoir
CH,h1356,3.691688037382782,scr2099,stInflow,reservoir
CH,h1357,3.691688037382782,scr2099,stInflow,reservoir
CH,h1358,3.691688037382782,scr2099,stInflow,reservoir
CH,h1359,3.691688037382782,scr2099,stInflow,reservoir
CH,h1360,3.691688037382782,scr2099,stInflow,reservoir
CH,h1361,3.691688037382782,scr2099,stInflow,reservoir
CH,h1362,3.691688037382782,scr2099,stInflow,reservoir
CH,h1363,3.691688037382782,scr2099,stInflow,reservoir
CH,h1364,3.691688037382782,scr2099,stInflow,reservoir
CH,h1365,3.691688037382782,scr2099,stInflow,reservoir
CH,h1366,3.691688037382782,scr2099,stInflow,reservoir
CH,h1367,3.691688037382782,scr2099,stInflow,reservoir
CH,h1368,3.691688037382782,scr2099,stInflow,reservoir
CH,h1369,3.691688037382782,scr2099,stInflow,reservoir
CH,h1370,3.691688037382782,scr2099,stInflow,reservoir
CH,h1371,3.691688037382782,scr2099,stInflow,reservoir
CH,h1372,3.691688037382782,scr2099,stInflow,reservoir
CH,h1373,3.691688037382782,scr2099,stInflow,reservoir
CH,h1374,3.691688037382782,scr2099,stInflow,reservoir
CH,h1375,3.691688037382782,scr2099,stInflow,reservoir
CH,h1376,3.691688037382782,scr2099,stInflow,reservoir
CH,h1377,3.691688037382782,scr2099,stInflow,reservoir
CH,h1378,3.691688037382782,scr2099,stInflow,reservoir
CH,h1379,3.691688037382782,scr2099,stInflow,reservoir
CH,h1380,3.691688037382782,scr2099,stInflow,reservoir
CH,h1381,3.691688037382782,scr2099,stInflow,reservoir
CH,h1382,3.691688037382782,scr2099,stInflow,reservoir
CH,h1383,3.691688037382782,scr2099,stInflow,reservoir
CH,h1384,3.691688037382782,scr2099,stInflow,reservoir
CH,h1385,3.691688037382782,scr2099,stInflow,reservoir
CH,h1386,3.691688037382782,scr2099,stInflow,reservoir
CH,h1387,3.691688037382782,scr2099,stInflow,reservoir
CH,h1388,3.691688037382782,scr2099,stInflow,reservoir
CH,h1389,3.691688037382782,scr2099,stInflow,reservoir
CH,h1390,3.691688037382782,scr2099,stInflow,reservoir
CH,h1391,3.691688037382782,scr2099,stInflow,reservoir
CH,h1392,3.691688037382782,scr2099,stInflow,reservoir
CH,h1393,3.691688037382782,scr2099,stInflow,reservoir
CH,h1394,3.691688037382782,scr2099,stInflow,reservoir
CH,h1395,3.691688037382782,scr2099,stInflow,reservoir
CH,h1396,3.691688037382782,scr2099,stInflow,reservoir
CH,h1397,3.691688037382782,scr2099,stInflow,reservoir
CH,h1398,3.691688037382782,scr2099,stInflow,reservoir
CH,h1399,3.691688037382782,scr2099,stInflow,reservoir
CH,h1400,3.691688037382782,scr2099,stInflow,reservoir
CH,h1401,3.691688037382782,scr2099,stInflow,reservoir
CH,h1402,3.691688037382782,scr2099,stInflow,reservoir
CH,h1403,3.691688037382782,scr2099,stInflow,reservoir
CH,h1404,3.691688037382782,scr2099,stInflow,reservoir
CH,h1405,3.691688037382782,scr2099,stInflow,reservoir
CH,h1406,3.691688037382782,scr2099,stInflow,reservoir
CH,h1407,3.691688037382782,scr2099,stInflow,reservoir
CH,h1408,3.691688037382782,scr2099,stInflow,reservoir
CH,h1409,3.691688037382782,scr2099,stInflow,reservoir
CH,h1410,3.691688037382782,scr2099,stInflow,reservoir
CH,h1411,3.691688037382782,scr2099,stInflow,reservoir
CH,h1412,3.691688037382782,scr2099,stInflow,reservoir
CH,h1413,3.691688037382782,scr2099,stInflow,reservoir
CH,h1414,3.691688037382782,scr2099,stInflow,reservoir
CH,h1415,3.691688037382782,scr2099,stInflow,reservoir
CH,h1416,3.691688037382782,scr2099,stInflow,reservoir
CH,h1417,3.691688037382782,scr2099,stInflow,reservoir
CH,h1418,3.691688037382782,scr2099,stInflow,reservoir
CH,h1419,3.691688037382782,scr2099,stInflow,reservoir
CH,h1420,3.691688037382782,scr2099,stInflow,reservoir
CH,h1421,3.691688037382782,scr2099,stInflow,reservoir
CH,h1422,3.691688037382782,scr2099,stInflow,reservoir
CH,h1423,3.691688037382782,scr2099,stInflow,reservoir
CH,h1424,3.691688037382782,scr2099,stInflow,reservoir
CH,h1425,3.691688037382782,scr2099,stInflow,reservoir
CH,h1426,3.691688037382782,scr2099,stInflow,reservoir
CH,h1427,3.691688037382782,scr2099,stInflow,reservoir
CH,h1428,3.691688037382782,scr2099,stInflow,reservoir
CH,h1429,3.691688037382782,scr2099,stInflow,reservoir
CH,h1430,3.691688037382782,scr2099,stInflow,reservoir
CH,h1431,3.691688037382782,scr2099,stInflow,reservoir
CH,h1432,3.691688037382782,scr2099,stInflow,reservoir
CH,h1433,3.691688037382782,scr2099,stInflow,reservoir
CH,h1434,3.691688037382782,scr2099,stInflow,reservoir
CH,h1435,3.691688037382782,scr2099,stInflow,reservoir
CH,h1436,3.691688037382782,scr2099,stInflow,reservoir
CH,h1437,3.691688037382782,scr2099,stInflow,reservoir
CH,h1438,3.691688037382782,scr2099,stInflow,reservoir
CH,h1439,3.691688037382782,scr2099,stInflow,reservoir
CH,h1440,3.691688037382782,scr2099,stInflow,reservoir
ES,h0721,3.215043146408337,scr2099,stInflow,reservoir
ES,h0722,3.215043146408337,scr2099,stInflow,reservoir
ES,h0723,3.215043146408337,scr2099,stInflow,reservoir
ES,h0724,3.215043146408337,scr2099,stInflow,reservoir
ES,h0725,3.215043146408337,scr2099,stInflow,reservoir
ES,h0726,3.215043146408337,scr2099,stInflow,reservoir
ES,h0727,3.215043146408337,scr2099,stInflow,reservoir
ES,h0728,3.215043146408337,scr2099,stInflow,reservoir
ES,h0729,3.215043146408337,scr2099,stInflow,reservoir
ES,h0730,3.215043146408337,scr2099,stInflow,reservoir
ES,h0731,3.215043146408337,scr2099,stInflow,reservoir
ES,h0732,3.215043146408337,scr2099,stInflow,reservoir
ES,h0733,3.215043146408337,scr2099,stInflow,reservoir
ES,h0734,3.215043146408337,scr2099,stInflow,reservoir
ES,h0735,3.215043146408337,scr2099,stInflow,reservoir
ES,h0736,3.215043146408337,scr2099,stInflow,reservoir
ES,h0737,3.215043146408337,scr2099,stInflow,reservoir
ES,h0738,3.215043146408337,scr2099,stInflow,reservoir
ES,h0739,3.215043146408337,scr2099,stInflow,reservoir
ES,h0740,3.215043146408337,scr2099,stInflow,reservoir
ES,h0741,3.215043146408337,scr2099,stInflow,reservoir
ES,h0742,3.215043146408337,scr2099,stInflow,reservoir
ES,h0743,3.215043146408337,scr2099,stInflow,reservoir
ES,h0744,3.215043146408337,scr2099,stInflow,reservoir
ES,h0745,3.215043146408337,scr2099,stInflow,reservoir
ES,h0746,3.215043146408337,scr2099,stInflow,reservoir
ES,h0747,3.215043146408337,scr2099,stInflow,reservoir
ES,h0748,3.215043146408337,scr2099,stInflow,reservoir
ES,h0749,3.215043146408337,scr2099,stInflow,reservoir
ES,h0750,3.215043146408337,scr2099,stInflow,reservoir
ES,h0751,3.215043146408337,scr2099,stInflow,reservoir
ES,h0752,3.215043146408337,scr2099,stInflow,reservoir
ES,h0753,3.215043146408337,scr2099,stInflow,reservoir
ES,h0754,3.215043146408337,scr2099,stInflow,reservoir
ES,h0755,3.215043146408337,scr2099,stInflow,reservoir
ES,h0756,3.215043146408337,scr2099,stInflow,reservoir
ES,h0757,3.215043146408337,scr2099,stInflow,reservoir
ES,h0758,3.215043146408337,scr2099,stInflow,reservoir
ES,h0759,3.215043146408337,scr2099,stInflow,reservoir
ES,h0760,3.215043146408337,scr2099,stInflow,reservoir
ES,h0761,3.215043146408337,scr2099,stInflow,reservoir
ES,h0762,3.215043146408337,scr2099,stInflow,reservoir
ES,h0763,3.215043146408337,scr2099,stInflow,reservoir
ES,h0764,3.215043146408337,scr2099,stInflow,reservoir
ES,h0765,3.215043146408337,scr2099,stInflow,reservoir
ES,h0766,3.215043146408337,scr2099,stInflow,reservoir
ES,h0767,3.215043146408337,scr2099,stInflow,reservoir
ES,h0768,3.215043146408337,scr2099,stInflow,reservoir
ES,h0769,3.5135363026037827,scr2099,stInflow,reservoir
ES,h0770,3.8120319975456565,scr2099,stInflow,reservoir
ES,h0771,4.110530032049336,scr2099,stInflow,reservoir
ES,h0772,4.110530032049336,scr2099,stInflow,reservoir
ES,h0773,4.110530032049336,scr2099,stInflow,reservoir
ES,h0774,4.110530032049336,scr2099,stInflow,reservoir
ES,h0775,4.110530032049336,scr2099,stInflow,reservoir
ES,h0776,4.110530032049336,scr2099,stInflow,reservoir
ES,h0777,4.110530032049336,scr2099,stInflow,reservoir
ES,h0778,4.110530032049336,scr2099,stInflow,reservoir
ES,h0779,4.110530032049336,scr2099,stInflow,reservoir
ES,h0780,4.110530032049336,scr2099,stInflow,reservoir
ES,h0781,4.110530032049336,scr2099,stInflow,reservoir
ES,h0782,4.110530032049336,scr2099,stInflow,reservoir
ES,h0783,4.110530032049336,scr2099,stInflow,reservoir
ES,h0784,4.110530032049336,scr2099,stInflow,reservoir
ES,h0785,4.110530032049336,scr2099,stInflow,reservoir
ES,h0786,4.110530032049336,scr2099,stInflow,reservoir
ES,h0787,4.110530032049336,scr2099,stInflow,reservoir
ES,h0788,4.110530032049336,scr2099,stInflow,reservoir
ES,h0789,4.110530032049336,scr2099,stInflow,reservoir
ES,h0790,4.110530032049336,scr2099,stInflow,reservoir
ES,h0791,4.110530032049336,scr2099,stInflow,reservoir
ES,h0792,4.110530032049336,scr2099,stInflow,reservoir
ES,h0793,4.110530032049336,scr2099,stInflow,reservoir
ES,h0794,4.110530032049336,scr2099,stInflow,reservoir
ES,h0795,4.110530032049336,scr2099,stInflow,reservoir
ES,h0796,4.110530032049336,scr2099,stInflow,reservoir
ES,h0797,4.110530032049336,scr2099,stInflow,reservoir
ES,h0798,4.110530032049336,scr2099,stInflow,reservoir
ES,h0799,4.110530032049336,scr2099,stInflow,reservoir
ES,h0800,4.110530032049336,scr2099,stInflow,reservoir
ES,h0801,4.110530032049336,scr2099,stInflow,reservoir
ES,h0802,4.110530032049336,scr2099,stInflow,reservoir
ES,h0803,4.110530032049336,scr2099,stInflow,reservoir
ES,h0804,4.110530032049336,scr2099,stInflow,reservoir
ES,h0805,4.110530032049336,scr2099,stInflow,reservoir
ES,h0806,4.110530032049336,scr2099,stInflow,reservoir
ES,h0807,4.110530032049336,scr2099,stInflow,reservoir
ES,h0808,4.110530032049336,scr2099,stInflow,reservoir
ES,h0809,4.110530032049336,scr2099,stInflow,reservoir
ES,h0810,4.110530032049336,scr2099,stInflow,reservoir
ES,h0811,4.110530032049336,scr2099,stInflow,reservoir
ES,h0812,4.110530032049336,scr2099,stInflow,reservoir
ES,h0813,4.110530032049336,scr2099,stInflow,reservoir
ES,h0814,4.110530032049336,scr2099,stInflow,reservoir
ES,h0815,4.110530032049336,scr2099,stInflow,reservoir
ES,h0816,4.110530032049336,scr2099,stInflow,reservoir
ES,h0817,4.110530032049336,scr2099,stInflow,reservoir
ES,h0818,4.110530032049336,scr2099,stInflow,reservoir
ES,h0819,4.110530032049336,scr2099,stInflow,reservoir
ES,h0820,4.110530032049336,scr2099,stInflow,reservoir
ES,h0821,4.110530032049336,scr2099,stInflow,reservoir
ES,h0822,4.110530032049336,scr2099,stInflow,reservoir
ES,h0823,4.110530032049336,scr2099,stInflow,reservoir
ES,h0824,4.110530032049336,scr2099,stInflow,reservoir
ES,h0825,4.110530032049336,scr2099,stInflow,reservoir
ES,h0826,4.110530032049336,scr2099,stInflow,reservoir
ES,h0827,4.110530032049336,scr2099,stInflow,reservoir
ES,h0828,4.110530032049336,scr2099,stInflow,reservoir
ES,h0829,4.110530032049336,scr2099,stInflow,reservoir
ES,h0830,4.110530032049336,scr2099,stInflow,reservoir
ES,h0831,4.110530032049336,scr2099,stInflow,reservoir
ES,h0832,4.110530032049336,scr2099,stInflow,reservoir
ES,h0833,4.110530032049336,scr2099,stInflow,reservoir
ES,h0834,4.110530032049336,scr2099,stInflow,reservoir
ES,h0835,4.110530032049336,scr2099,stInflow,reservoir
ES,h0836,4.110530032049336,scr2099,stInflow,reservoir
ES,h0837,4.110530032049336,scr2099,stInflow,reservoir
ES,h0838,4.110530032049336,scr2099,stInflow,reservoir
ES,h0839,4.110530032049336,scr2099,stInflow,reservoir
ES,h0840,4.110530032049336,scr2099,stInflow,reservoir
ES,h0841,4.110530032049336,scr2099,stInflow,reservoir
ES,h0842,4.110530032049336,scr2099,stInflow,reservoir
ES,h0843,4.110530032049336,scr2099,stInflow,reservoir
ES,h0844,4.110530032049336,scr2099,stInflow,reservoir
ES,h0845,4.110530032049336,scr2099,stInflow,reservoir
ES,h0846,4.110530032049336,scr2099,stInflow,reservoir
ES,h0847,4.110530032049336,scr2099,stInflow,reservoir
ES,h0848,4.110530032049336,scr2099,stInflow,reservoir
ES,h0849,4.110530032049336,scr2099,stInflow,reservoir
ES,h0850,4.110530032049336,scr2099,stInflow,reservoir
ES,h0851,4.110530032049336,scr2099,stInflow,reservoir
ES,h0852,4.110530032049336,scr2099,stInflow,reservoir
ES,h0853,4.110530032049336,scr2099,stInflow,reservoir
ES,h0854,4.110530032049336,scr2099,stInflow,reservoir
ES,h0855,4.110530032049336,scr2099,stInflow,reservoir
ES,h0856,4.110530032049336,scr2099,stInflow,reservoir
ES,h0857,4.110530032049336,scr2099,stInflow,reservoir
ES,h0858,4.110530032049336,scr2099,stInflow,reservoir
ES,h0859,4.110530032049336,scr2099,stInflow,reservoir
ES,h0860,4.110530032049336,scr2099,stInflow,reservoir
ES,h0861,4.110530032049336,scr2099,stInflow,reservoir
ES,h0862,4.110530032049336,scr2099,stInflow,reservoir
ES,h0863,4.110530032049336,scr2099,stInflow,reservoir
ES,h0864,4.110530032049336,scr2099,stInflow,reservoir
ES,h0865,4.110530032049336,scr2099,stInflow,reservoir
ES,h0866,4.110530032049336,scr2099,stInflow,reservoir
ES,h0867,4.110530032049336,scr2099,stInflow,reservoir
ES,h0868,4.110530032049336,scr2099,stInflow,reservoir
ES,h0869,4.110530032049336,scr2099,stInflow,reservoir
ES,h0870,4.110530032049336,scr2099,stInflow,reservoir
ES,h0871,4.110530032049336,scr2099,stInflow,reservoir
ES,h0872,4.110530032049336,scr2099,stInflow,reservoir
ES,h0873,4.110530032049336,scr2099,stInflow,reservoir
ES,h0874,4.110530032049336,scr2099,stInflow,reservoir
ES,h0875,4.110530032049336,scr2099,stInflow,reservoir
ES,h0876,4.110530032049336,scr2099,stInflow,reservoir
ES,h0877,4.110530032049336,scr2099,stInflow,reservoir
ES,h0878,4.110530032049336,scr2099,stInflow,reservoir
ES,h0879,4.110530032049336,scr2099,stInflow,reservoir
ES,h0880,4.110530032049336,scr2099,stInflow,reservoir
ES,h0881,4.110530032049336,scr2099,stInflow,reservoir
ES,h0882,4.110530032049336,scr2099,stInflow,reservoir
ES,h0883,4.110530032049336,scr2099,stInflow,reservoir
ES,h0884,4.110530032049336,scr2099,stInflow,reservoir
ES,h0885,4.110530032049336,scr2099,stInflow,reservoir
ES,h0886,4.110530032049336,scr2099,stInflow,reservoir
ES,h0887,4.110530032049336,scr2099,stInflow,reservoir
ES,h0888,4.110530032049336,scr2099,stInflow,reservoir
ES,h0889,4.110530032049336,scr2099,stInflow,reservoir
ES,h0890,4.110530032049336,scr2099,stInflow,reservoir
ES,h0891,4.110530032049336,scr2099,stInflow,reservoir
ES,h0892,4.110530032049336,scr2099,stInflow,reservoir
ES,h0893,4.110530032049336,scr2099,stInflow,reservoir
ES,h0894,4.110530032049336,scr2099,stInflow,reservoir
ES,h0895,4.110530032049336,scr2099,stInflow,reservoir
ES,h0896,4.110530032049336,scr2099,stInflow,reservoir
ES,h0897,4.110530032049336,scr2099,stInflow,reservoir
ES,h0898,4.110530032049336,scr2099,stInflow,reservoir
ES,h0899,4.110530032049336,scr2099,stInflow,reservoir
ES,h0900,4.110530032049336,scr2099,stInflow,reservoir
ES,h0901,4.110530032049336,scr2099,stInflow,reservoir
ES,h0902,4.110530032049336,scr2099,stInflow,reservoir
ES,h0903,4.110530032049336,scr2099,stInflow,reservoir
ES,h0904,4.110530032049336,scr2099,stInflow,reservoir
ES,h0905,4.110530032049336,scr2099,stInflow,reservoir
ES,h0906,4.110530032049336,scr2099,stInflow,reservoir
ES,h0907,4.110530032049336,scr2099,stInflow,reservoir
ES,h0908,4.110530032049336,scr2099,stInflow,reservoir
ES,h0909,4.110530032049336,scr2099,stInflow,reservoir
ES,h0910,4.110530032049336,scr2099,stInflow,reservoir
ES,h0911,4.110530032049336,scr2099,stInflow,reservoir
ES,h0912,4.110530032049336,scr2099,stInflow,reservoir
ES,h0913,4.110530032049336,scr2099,stInflow,reservoir
ES,h0914,4.110530032049336,scr2099,stInflow,reservoir
ES,h0915,4.110530032049336,scr2099,stInflow,reservoir
ES,h0916,4.110530032049336,scr2099,stInflow,reservoir
ES,h0917,4.110530032049336,scr2099,stInflow,reservoir
ES,h0918,4.110530032049336,scr2099,stInflow,reservoir
ES,h0919,4.110530032049336,scr2099,stInflow,reservoir
ES,h0920,4.110530032049336,scr2099,stInflow,reservoir
ES,h0921,4.110530032049336,scr2099,stInflow,reservoir
ES,h0922,4.110530032049336,scr2099,stInflow,reservoir
ES,h0923,4.110530032049336,scr2099,stInflow,reservoir
ES,h0924,4.110530032049336,scr2099,stInflow,reservoir
ES,h0925,4.110530032049336,scr2099,stInflow,reservoir
ES,h0926,4.110530032049336,scr2099,stInflow,reservoir
ES,h0927,4.110530032049336,scr2099,stInflow,reservoir
ES,h0928,4.110530032049336,scr2099,stInflow,reservoir
ES,h0929,4.110530032049336,scr2099,stInflow,reservoir
ES,h0930,4.110530032049336,scr2099,stInflow,reservoir
ES,h0931,4.110530032049336,scr2099,stInflow,reservoir
ES,h0932,4.110530032049336,scr2099,stInflow,reservoir
ES,h0933,4.110530032049336,scr2099,stInflow,reservoir
ES,h0934,4.110530032049336,scr2099,stInflow,reservoir
ES,h0935,4.110530032049336,scr2099,stInflow,reservoir
ES,h0936,4.110530032049336,scr2099,stInflow,reservoir
ES,h0937,4.182097471684923,scr2099,stInflow,reservoir
ES,h0938,4.253665033789099,scr2099,stInflow,reservoir
ES,h0939,4.32523271630151,scr2099,stInflow,reservoir
ES,h0940,4.32523271630151,scr2099,stInflow,reservoir
ES,h0941,4.32523271630151,scr2099,stInflow,reservoir
ES,h0942,4.32523271630151,scr2099,stInflow,reservoir
ES,h0943,4.32523271630151,scr2099,stInflow,reservoir
ES,h0944,4.32523271630151,scr2099,stInflow,reservoir
ES,h0945,4.32523271630151,scr2099,stInflow,reservoir
ES,h0946,4.32523271630151,scr2099,stInflow,reservoir
ES,h0947,4.32523271630151,scr2099,stInflow,reservoir
ES,h0948,4.32523271630151,scr2099,stInflow,reservoir
ES,h0949,4.32523271630151,scr2099,stInflow,reservoir
ES,h0950,4.32523271630151,scr2099,stInflow,reservoir
ES,h0951,4.32523271630151,scr2099,stInflow,reservoir
ES,h0952,4.32523271630151,scr2099,stInflow,reservoir
ES,h0953,4.32523271630151,scr2099,stInflow,reservoir
ES,h0954,4.32523271630151,scr2099,stInflow,reservoir
ES,h0955,4.32523271630151,scr2099,stInflow,reservoir
ES,h0956,4.32523271630151,scr2099,stInflow,reservoir
ES,h0957,4.32523271630151,scr2099,stInflow,reservoir
ES,h0958,4.32523271630151,scr2099,stInflow,reservoir
ES,h0959,4.32523271630151,scr2099,stInflow,reservoir
ES,h0960,4.32523271630151,scr2099,stInflow,reservoir
ES,h0961,4.32523271630151,scr2099,stInflow,reservoir
ES,h0962,4.32523271630151,scr2099,stInflow,reservoir
ES,h0963,4.32523271630151,scr2099,stInflow,reservoir
ES,h0964,4.32523271630151,scr2099,stInflow,reservoir
ES,h0965,4.32523271630151,scr2099,stInflow,reservoir
ES,h0966,4.32523271630151,scr2099,stInflow,reservoir
ES,h0967,4.32523271630151,scr2099,stInflow,reservoir
ES,h0968,4.32523271630151,scr2099,stInflow,reservoir
ES,h0969,4.32523271630151,scr2099,stInflow,reservoir
ES,h0970,4.32523271630151,scr2099,stInflow,reservoir
ES,h0971,4.32523271630151,scr2099,stInflow,reservoir
ES,h0972,4.32523271630151,scr2099,stInflow,reservoir
ES,h0973,4.32523271630151,scr2099,stInflow,reservoir
ES,h0974,4.32523271630151,scr2099,stInflow,reservoir
ES,h0975,4.32523271630151,scr2099,stInflow,reservoir
ES,h0976,4.32523271630151,scr2099,stInflow,reservoir
ES,h0977,4.32523271630151,scr2099,stInflow,reservoir
ES,h0978,4.32523271630151,scr2099,stInflow,reservoir
ES,h0979,4.32523271630151,scr2099,stInflow,reservoir
ES,h0980,4.32523271630151,scr2099,stInflow,reservoir
ES,h0981,4.32523271630151,scr2099,stInflow,reservoir
ES,h0982,4.32523271630151,scr2099,stInflow,reservoir
ES,h0983,4.32523271630151,scr2099,stInflow,reservoir
ES,h0984,4.32523271630151,scr2099,stInflow,reservoir
ES,h0985,4.32523271630151,scr2099,stInflow,reservoir
ES,h0986,4.32523271630151,scr2099,stInflow,reservoir
ES,h0987,4.32523271630151,scr2099,stInflow,reservoir
ES,h0988,4.32523271630151,scr2099,stInflow,reservoir
ES,h0989,4.32523271630151,scr2099,stInflow,reservoir
ES,h0990,4.32523271630151,scr2099,stInflow,reservoir
ES,h0991,4.32523271630151,scr2099,stInflow,reservoir
ES,h0992,4.32523271630151,scr2099,stInflow,reservoir
ES,h0993,4.32523271630151,scr2099,stInflow,reservoir
ES,h0994,4.32523271630151,scr2099,stInflow,reservoir
ES,h0995,4.32523271630151,scr2099,stInflow,reservoir
ES,h0996,4.32523271630151,scr2099,stInflow,reservoir
ES,h0997,4.32523271630151,scr2099,stInflow,reservoir
ES,h0998,4.32523271630151,scr2099,stInflow,reservoir
ES,h0999,4.32523271630151,scr2099,stInflow,reservoir
ES,h1000,4.32523271630151,scr2099,stInflow,reservoir
ES,h1001,4.32523271630151,scr2099,stInflow,reservoir
ES,h1002,4.32523271630151,scr2099,stInflow,reservoir
ES,h1003,4.32523271630151,scr2099,stInflow,reservoir
ES,h1004,4.32523271630151,scr2099,stInflow,reservoir
ES,h1005,4.32523271630151,scr2099,stInflow,reservoir
ES,h1006,4.32523271630151,scr2099,stInflow,reservoir
ES,h1007,4.32523271630151,scr2099,stInflow,reservoir
ES,h1008,4.32523271630151,scr2099,stInflow,reservoir
ES,h1009,4.32523271630151,scr2099,stInflow,reservoir
ES,h1010,4.32523271630151,scr2099,stInflow,reservoir
ES,h1011,4.32523271630151,scr2099,stInflow,reservoir
ES,h1012,4.32523271630151,scr2099,stInflow,reservoir
ES,h1013,4.32523271630151,scr2099,stInflow,reservoir
ES,h1014,4.32523271630151,scr2099,stInflow,reservoir
ES,h1015,4.32523271630151,scr2099,stInflow,reservoir
ES,h1016,4.32523271630151,scr2099,stInflow,reservoir
ES,h1017,4.32523271630151,scr2099,stInflow,reservoir
ES,h1018,4.32523271630151,scr2099,stInflow,reservoir
ES,h1019,4.32523271630151,scr2099,stInflow,reservoir
ES,h1020,4.32523271630151,scr2099,stInflow,reservoir
ES,h1021,4.32523271630151,scr2099,stInflow,reservoir
ES,h1022,4.32523271630151,scr2099,stInflow,reservoir
ES,h1023,4.32523271630151,scr2099,stInflow,reservoir
ES,h1024,4.32523271630151,scr2099,stInflow,reservoir
ES,h1025,4.32523271630151,scr2099,stInflow,reservoir
ES,h1026,4.32523271630151,scr2099,stInflow,reservoir
ES,h1027,4.32523271630151,scr2099,stInflow,reservoir
ES,h1028,4.32523271630151,scr2099,stInflow,reservoir
ES,h1029,4.32523271630151,scr2099,stInflow,reservoir
ES,h1030,4.32523271630151,scr2099,stInflow,reservoir
ES,h1031,4.32523271630151,scr2099,stInflow,reservoir
ES,h1032,4.32523271630151,scr2099,stInflow,reservoir
ES,h1033,4.32523271630151,scr2099,stInflow,reservoir
ES,h1034,4.32523271630151,scr2099,stInflow,reservoir
ES,h1035,4.32523271630151,scr2099,stInflow,reservoir
ES,h1036,4.32523271630151,scr2099,stInflow,reservoir
ES,h1037,4.32523271630151,scr2099,stInflow,reservoir
ES,h1038,4.32523271630151,scr2099,stInflow,reservoir
ES,h1039,4.32523271630151,scr2099,stInflow,reservoir
ES,h1040,4.32523271630151,scr2099,stInflow,reservoir
ES,h1041,4.32523271630151,scr2099,stInflow,reservoir
ES,h1042,4.32523271630151,scr2099,stInflow,reservoir
ES,h1043,4.32523271630151,scr2099,stInflow,reservoir
ES,h1044,4.32523271630151,scr2099,stInflow,reservoir
ES,h1045,4.32523271630151,scr2099,stInflow,reservoir
ES,h1046,4.32523271630151,scr2099,stInflow,reservoir
ES,h1047,4.32523271630151,scr2099,stInflow,reservoir
ES,h1048,4.32523271630151,scr2099,stInflow,reservoir
ES,h1049,4.32523271630151,scr2099,stInflow,reservoir
ES,h1050,4.32523271630151,scr2099,stInflow,reservoir
ES,h1051,4.32523271630151,scr2099,stInflow,reservoir
ES,h1052,4.32523271630151,scr2099,stInflow,reservoir
ES,h1053,4.32523271630151,scr2099,stInflow,reservoir
ES,h1054,4.32523271630151,scr2099,stInflow,reservoir
ES,h1055,4.32523271630151,scr2099,stInflow,reservoir
ES,h1056,4.32523271630151,scr2099,stInflow,reservoir
ES,h1057,4.32523271630151,scr2099,stInflow,reservoir
ES,h1058,4.32523271630151,scr2099,stInflow,reservoir
ES,h1059,4.32523271630151,scr2099,stInflow,reservoir
ES,h1060,4.32523271630151,scr2099,stInflow,reservoir
ES,h1061,4.32523271630151,scr2099,stInflow,reservoir
ES,h1062,4.32523271630151,scr2099,stInflow,reservoir
ES,h1063,4.32523271630151,scr2099,stInflow,reservoir
ES,h1064,4.32523271630151,scr2099,stInflow,reservoir
ES,h1065,4.32523271630151,scr2099,stInflow,reservoir
ES,h1066,4.32523271630151,scr2099,stInflow,reservoir
ES,h1067,4.32523271630151,scr2099,stInflow,reservoir
ES,h1068,4.32523271630151,scr2099,stInflow,reservoir
ES,h1069,4.32523271630151,scr2099,stInflow,reservoir
ES,h1070,4.32523271630151,scr2099,stInflow,reservoir
ES,h1071,4.32523271630151,scr2099,stInflow,reservoir
ES,h1072,4.32523271630151,scr2099,stInflow,reservoir
ES,h1073,4.32523271630151,scr2099,stInflow,reservoir
ES,h1074,4.32523271630151,scr2099,stInflow,reservoir
ES,h1075,4.32523271630151,scr2099,stInflow,reservoir
ES,h1076,4.32523271630151,scr2099,stInflow,reservoir
ES,h1077,4.32523271630151,scr2099,stInflow,reservoir
ES,h1078,4.32523271630151,scr2099,stInflow,reservoir
ES,h1079,4.32523271630151,scr2099,stInflow,reservoir
ES,h1080,4.32523271630151,scr2099,stInflow,reservoir
ES,h1081,4.32523271630151,scr2099,stInflow,reservoir
ES,h1082,4.32523271630151,scr2099,stInflow,reservoir
ES,h1083,4.32523271630151,scr2099,stInflow,reservoir
ES,h1084,4.32523271630151,scr2099,stInflow,reservoir
ES,h1085,4.32523271630151,scr2099,stInflow,reservoir
ES,h1086,4.32523271630151,scr2099,stInflow,reservoir
ES,h1087,4.32523271630151,scr2099,stInflow,reservoir
ES,h1088,4.32523271630151,scr2099,stInflow,reservoir
ES,h1089,4.32523271630151,scr2099,stInflow,reservoir
ES,h1090,4.32523271630151,scr2099,stInflow,reservoir
ES,h1091,4.32523271630151,scr2099,stInflow,reservoir
ES,h1092,4.32523271630151,scr2099,stInflow,reservoir
ES,h1093,4.32523271630151,scr2099,stInflow,reservoir
ES,h1094,4.32523271630151,scr2099,stInflow,reservoir
ES,h1095,4.32523271630151,scr2099,stInflow,reservoir
ES,h1096,4.32523271630151,scr2099,stInflow,reservoir
ES,h1097,4.32523271630151,scr2099,stInflow,reservoir
ES,h1098,4.32523271630151,scr2099,stInflow,reservoir
ES,h1099,4.32523271630151,scr2099,stInflow,reservoir
ES,h1100,4.32523271630151,scr2099,stInflow,reservoir
ES,h1101,4.32523271630151,scr2099,stInflow,reservoir
ES,h1102,4.32523271630151,scr2099,stInflow,reservoir
ES,h1103,4.32523271630151,scr2099,stInflow,reservoir
ES,h1104,4.32523271630151,scr2099,stInflow,reservoir
ES,h1105,4.304715970889651,scr2099,stInflow,reservoir
ES,h1106,4.284199235255555,scr2099,stInflow,reservoir
ES,h1107,4.26368250944604,scr2099,stInflow,reservoir
ES,h1108,4.26368250944604,scr2099,stInflow,reservoir
ES,h1109,4.26368250944604,scr2099,stInflow,reservoir
ES,h1110,4.26368250944604,scr2099,stInflow,reservoir
ES,h1111,4.26368250944604,scr2099,stInflow,reservoir
ES,h1112,4.26368250944604,scr2099,stInflow,reservoir
ES,h1113,4.26368250944604,scr2099,stInflow,reservoir
ES,h1114,4.26368250944604,scr2099,stInflow,reservoir
ES,h1115,4.26368250944604,scr2099,stInflow,reservoir
ES,h1116,4.26368250944604,scr2099,stInflow,reservoir
ES,h1117,4.26368250944604,scr2099,stInflow,reservoir
ES,h1118,4.26368250944604,scr2099,stInflow,reservoir
ES,h1119,4.26368250944604,scr2099,stInflow,reservoir
ES,h1120,4.26368250944604,scr2099,stInflow,reservoir
ES,h1121,4.26368250944604,scr2099,stInflow,reservoir
ES,h1122,4.26368250944604,scr2099,stInflow,reservoir
ES,h1123,4.26368250944604,scr2099,stInflow,reservoir
ES,h1124,4.26368250944604,scr2099,stInflow,reservoir
ES,h1125,4.26368250944604,scr2099,stInflow,reservoir
ES,h1126,4.26368250944604,scr2099,stInflow,reservoir
ES,h1127,4.26368250944604,scr2099,stInflow,reservoir
ES,h1128,4.26368250944604,scr2099,stInflow,reservoir
ES,h1129,4.26368250944604,scr2099,stInflow,reservoir
ES,h1130,4.26368250944604,scr2099,stInflow,reservoir
ES,h1131,4.26368250944604,scr2099,stInflow,reservoir
ES,h1132,4.26368250944604,scr2099,stInflow,reservoir
ES,h1133,4.26368250944604,scr2099,stInflow,reservoir
ES,h1134,4.26368250944604,scr2099,stInflow,reservoir
ES,h1135,4.26368250944604,scr2099,stInflow,reservoir
ES,h1136,4.26368250944604,scr2099,stInflow,reservoir
ES,h1137,4.26368250944604,scr2099,stInflow,reservoir
ES,h1138,4.26368250944604,scr2099,stInflow,reservoir
ES,h1139,4.26368250944604,scr2099,stInflow,reservoir
ES,h1140,4.26368250944604,scr2099,stInflow,reservoir
ES,h1141,4.26368250944604,scr2099,stInflow,reservoir
ES,h1142,4.26368250944604,scr2099,stInflow,reservoir
ES,h1143,4.26368250944604,scr2099,stInflow,reservoir
ES,h1144,4.26368250944604,scr2099,stInflow,reservoir
ES,h1145,4.26368250944604,scr2099,stInflow,reservoir
ES,h1146,4.26368250944604,scr2099,stInflow,reservoir
ES,h1147,4.26368250944604,scr2099,stInflow,reservoir
ES,h1148,4.26368250944604,scr2099,stInflow,reservoir
ES,h1149,4.26368250944604,scr2099,stInflow,reservoir
ES,h1150,4.26368250944604,scr2099,stInflow,reservoir
ES,h1151,4.26368250944604,scr2099,stInflow,reservoir
ES,h1152,4.26368250944604,scr2099,stInflow,reservoir
ES,h1153,4.26368250944604,scr2099,stInflow,reservoir
ES,h1154,4.26368250944604,scr2099,stInflow,reservoir
ES,h1155,4.26368250944604,scr2099,stInflow,reservoir
ES,h1156,4.26368250944604,scr2099,stInflow,reservoir
ES,h1157,4.26368250944604,scr2099,stInflow,reservoir
ES,h1158,4.26368250944604,scr2099,stInflow,reservoir
ES,h1159,4.26368250944604,scr2099,stInflow,reservoir
ES,h1160,4.26368250944604,scr2099,stInflow,reservoir
ES,h1161,4.26368250944604,scr2099,stInflow,reservoir
ES,h1162,4.26368250944604,scr2099,stInflow,reservoir
ES,h1163,4.26368250944604,scr2099,stInflow,reservoir
ES,h1164,4.26368250944604,scr2099,stInflow,reservoir
ES,h1165,4.26368250944604,scr2099,stInflow,reservoir
ES,h1166,4.26368250944604,scr2099,stInflow,reservoir
ES,h1167,4.26368250944604,scr2099,stInflow,reservoir
ES,h1168,4.26368250944604,scr2099,stInflow,reservoir
ES,h1169,4.26368250944604,scr2099,stInflow,reservoir
ES,h1170,4.26368250944604,scr2099,stInflow,reservoir
ES,h1171,4.26368250944604,scr2099,stInflow,reservoir
ES,h1172,4.26368250944604,scr2099,stInflow,reservoir
ES,h1173,4.26368250944604,scr2099,stInflow,reservoir
ES,h1174,4.26368250944604,scr2099,stInflow,reservoir
ES,h1175,4.26368250944604,scr2099,stInflow,reservoir
ES,h1176,4.26368250944604,scr2099,stInflow,reservoir
ES,h1177,4.26368250944604,scr2099,stInflow,reservoir
ES,h1178,4.26368250944604,scr2099,stInflow,reservoir
ES,h1179,4.26368250944604,scr2099,stInflow,reservoir
ES,h1180,4.26368250944604,scr2099,stInflow,reservoir
ES,h1181,4.26368250944604,scr2099,stInflow,reservoir
ES,h1182,4.26368250944604,scr2099,stInflow,reservoir
ES,h1183,4.26368250944604,scr2099,stInflow,reservoir
ES,h1184,4.26368250944604,scr2099,stInflow,reservoir
ES,h1185,4.26368250944604,scr2099,stInflow,reservoir
ES,h1186,4.26368250944604,scr2099,stInflow,reservoir
ES,h1187,4.26368250944604,scr2099,stInflow,reservoir
ES,h1188,4.26368250944604,scr2099,stInflow,reservoir
ES,h1189,4.26368250944604,scr2099,stInflow,reservoir
ES,h1190,4.26368250944604,scr2099,stInflow,reservoir
ES,h1191,4.26368250944604,scr2099,stInflow,reservoir
ES,h1192,4.26368250944604,scr2099,stInflow,reservoir
ES,h1193,4.26368250944604,scr2099,stInflow,reservoir
ES,h1194,4.26368250944604,scr2099,stInflow,reservoir
ES,h1195,4.26368250944604,scr2099,stInflow,reservoir
ES,h1196,4.26368250944604,scr2099,stInflow,reservoir
ES,h1197,4.26368250944604,scr2099,stInflow,reservoir
ES,h1198,4.26368250944604,scr2099,stInflow,reservoir
ES,h1199,4.26368250944604,scr2099,stInflow,reservoir
ES,h1200,4.26368250944604,scr2099,stInflow,reservoir
ES,h1201,4.26368250944604,scr2099,stInflow,reservoir
ES,h1202,4.26368250944604,scr2099,stInflow,reservoir
ES,h1203,4.26368250944604,scr2099,stInflow,reservoir
ES,h1204,4.26368250944604,scr2099,stInflow,reservoir
ES,h1205,4.26368250944604,scr2099,stInflow,reservoir
ES,h1206,4.26368250944604,scr2099,stInflow,reservoir
ES,h1207,4.26368250944604,scr2099,stInflow,reservoir
ES,h1208,4.26368250944604,scr2099,stInflow,reservoir
ES,h1209,4.26368250944604,scr2099,stInflow,reservoir
ES,h1210,4.26368250944604,scr2099,stInflow,reservoir
ES,h1211,4.26368250944604,scr2099,stInflow,reservoir
ES,h1212,4.26368250944604,scr2099,stInflow,reservoir
ES,h1213,4.26368250944604,scr2099,stInflow,reservoir
ES,h1214,4.26368250944604,scr2099,stInflow,reservoir
ES,h1215,4.26368250944604,scr2099,stInflow,reservoir
ES,h1216,4.26368250944604,scr2099,stInflow,reservoir
ES,h1217,4.26368250944604,scr2099,stInflow,reservoir
ES,h1218,4.26368250944604,scr2099,stInflow,reservoir
ES,h1219,4.26368250944604,scr2099,stInflow,reservoir
ES,h1220,4.26368250944604,scr2099,stInflow,reservoir
ES,h1221,4.26368250944604,scr2099,stInflow,reservoir
ES,h1222,4.26368250944604,scr2099,stInflow,reservoir
ES,h1223,4.26368250944604,scr2099,stInflow,reservoir
ES,h1224,4.26368250944604,scr2099,stInflow,reservoir
ES,h1225,4.26368250944604,scr2099,stInflow,reservoir
ES,h1226,4.26368250944604,scr2099,stInflow,reservoir
ES,h1227,4.26368250944604,scr2099,stInflow,reservoir
ES,h1228,4.26368250944604,scr2099,stInflow,reservoir
ES,h1229,4.26368250944604,scr2099,stInflow,reservoir
ES,h1230,4.26368250944604,scr2099,stInflow,reservoir
ES,h1231,4.26368250944604,scr2099,stInflow,reservoir
ES,h1232,4.26368250944604,scr2099,stInflow,reservoir
ES,h1233,4.26368250944604,scr2099,stInflow,reservoir
ES,h1234,4.26368250944604,scr2099,stInflow,reservoir
ES,h1235,4.26368250944604,scr2099,stInflow,reservoir
ES,h1236,4.26368250944604,scr2099,stInflow,reservoir
ES,h1237,4.26368250944604,scr2099,stInflow,reservoir
ES,h1238,4.26368250944604,scr2099,stInflow,reservoir
ES,h1239,4.26368250944604,scr2099,stInflow,reservoir
ES,h1240,4.26368250944604,scr2099,stInflow,reservoir
ES,h1241,4.26368250944604,scr2099,stInflow,reservoir
ES,h1242,4.26368250944604,scr2099,stInflow,reservoir
ES,h1243,4.26368250944604,scr2099,stInflow,reservoir
ES,h1244,4.26368250944604,scr2099,stInflow,reservoir
ES,h1245,4.26368250944604,scr2099,stInflow,reservoir
ES,h1246,4.26368250944604,scr2099,stInflow,reservoir
ES,h1247,4.26368250944604,scr2099,stInflow,reservoir
ES,h1248,4.26368250944604,scr2099,stInflow,reservoir
ES,h1249,4.26368250944604,scr2099,stInflow,reservoir
ES,h1250,4.26368250944604,scr2099,stInflow,reservoir
ES,h1251,4.26368250944604,scr2099,stInflow,reservoir
ES,h1252,4.26368250944604,scr2099,stInflow,reservoir
ES,h1253,4.26368250944604,scr2099,stInflow,reservoir
ES,h1254,4.26368250944604,scr2099,stInflow,reservoir
ES,h1255,4.26368250944604,scr2099,stInflow,reservoir
ES,h1256,4.26368250944604,scr2099,stInflow,reservoir
ES,h1257,4.26368250944604,scr2099,stInflow,reservoir
ES,h1258,4.26368250944604,scr2099,stInflow,reservoir
ES,h1259,4.26368250944604,scr2099,stInflow,reservoir
ES,h1260,4.26368250944604,scr2099,stInflow,reservoir
ES,h1261,4.26368250944604,scr2099,stInflow,reservoir
ES,h1262,4.26368250944604,scr2099,stInflow,reservoir
ES,h1263,4.26368250944604,scr2099,stInflow,reservoir
ES,h1264,4.26368250944604,scr2099,stInflow,reservoir
ES,h1265,4.26368250944604,scr2099,stInflow,reservoir
ES,h1266,4.26368250944604,scr2099,stInflow,reservoir
ES,h1267,4.26368250944604,scr2099,stInflow,reservoir
ES,h1268,4.26368250944604,scr2099,stInflow,reservoir
ES,h1269,4.26368250944604,scr2099,stInflow,reservoir
ES,h1270,4.26368250944604,scr2099,stInflow,reservoir
ES,h1271,4.26368250944604,scr2099,stInflow,reservoir
ES,h1272,4.26368250944604,scr2099,stInflow,reservoir
ES,h1273,4.009078101320524,scr2099,stInflow,reservoir
ES,h1274,3.7544753110634526,scr2099,stInflow,reservoir
ES,h1275,3.4998742485307806,scr2099,stInflow,reservoir
ES,h1276,3.4998742485307806,scr2099,stInflow,reservoir
ES,h1277,3.4998742485307806,scr2099,stInflow,reservoir
ES,h1278,3.4998742485307806,scr2099,stInflow,reservoir
ES,h1279,3.4998742485307806,scr2099,stInflow,reservoir
ES,h1280,3.4998742485307806,scr2099,stInflow,reservoir
ES,h1281,3.4998742485307806,scr2099,stInflow,reservoir
ES,h1282,3.4998742485307806,scr2099,stInflow,reservoir
ES,h1283,3.4998742485307806,scr2099,stInflow,reservoir
ES,h1284,3.4998742485307806,scr2099,stInflow,reservoir
ES,h1285,3.4998742485307806,scr2099,stInflow,reservoir
ES,h1286,3.4998742485307806,scr2099,stInflow,reservoir
ES,h1287,3.4998742485307806,scr2099,stInflow,reservoir
ES,h1288,3.4998742485307806,scr2099,stInflow,reservoir
ES,h1289,3.4998742485307806,scr2099,stInflow,reservoir
ES,h1290,3.4998742485307806,scr2099,stInflow,reservoir
ES,h1291,3.4998742485307806,scr2099,stInflow,reservoir
ES,h1292,3.4998742485307806,scr2099,stInflow,reservoir
ES,h1293,3.4998742485307806,scr2099,stInflow,reservoir
ES,h1294,3.4998742485307806,scr2099,stInflow,reservoir
ES,h1295,3.4998742485307806,scr2099,stInflow,reservoir
ES,h1296,3.4998742485307806,scr2099,stInflow,reservoir
ES,h1297,3.4998742485307806,scr2099,stInflow,reservoir
ES,h1298,3.4998742485307806,scr2099,stInflow,reservoir
ES,h1299,3.4998742485307806,scr2099,stInflow,reservoir
ES,h1300,3.4998742485307806,scr2099,stInflow,reservoir
ES,h1301,3.4998742485307806,scr2099,stInflow,reservoir
ES,h1302,3.4998742485307806,scr2099,stInflow,reservoir
ES,h1303,3.4998742485307806,scr2099,stInflow,reservoir
ES,h1304,3.4998742485307806,scr2099,stInflow,reservoir
ES,h1305,3.4998742485307806,scr2099,stInflow,reservoir
ES,h1306,3.4998742485307806,scr2099,stInflow,reservoir
ES,h1307,3.4998742485307806,scr2099,stInflow,reservoir
ES,h1308,3.4998742485307806,scr2099,stInflow,reservoir
ES,h1309,3.4998742485307806,scr2099,stInflow,reservoir
ES,h1310,3.4998742485307806,scr2099,stInflow,reservoir
ES,h1311,3.4998742485307806,scr2099,stInflow,reservoir
ES,h1312,3.4998742485307806,scr2099,stInflow,reservoir
ES,h1313,3.4998742485307806,scr2099,stInflow,reservoir
ES,h1314,3.4998742485307806,scr2099,stInflow,reservoir
ES,h1315,3.4998742485307806,scr2099,stInflow,reservoir
ES,h1316,3.4998742485307806,scr2099,stInflow,reservoir
ES,h1317,3.4998742485307806,scr2099,stInflow,reservoir
ES,h1318,3.4998742485307806,scr2099,stInflow,reservoir
ES,h1319,3.4998742485307806,scr2099,stInflow,reservoir
ES,h1320,3.4998742485307806,scr2099,stInflow,reservoir
ES,h1321,3.4998742485307806,scr2099,stInflow,reservoir
ES,h1322,3.4998742485307806,scr2099,stInflow,reservoir
ES,h1323,3.4998742485307806,scr2099,stInflow,reservoir
ES,h1324,3.4998742485307806,scr2099,stInflow,reservoir
ES,h1325,3.4998742485307806,scr2099,stInflow,reservoir
ES,h1326,3.4998742485307806,scr2099,stInflow,reservoir
ES,h1327,3.4998742485307806,scr2099,stInflow,reservoir
ES,h1328,3.4998742485307806,scr2099,stInflow,reservoir
ES,h1329,3.4998742485307806,scr2099,stInflow,reservoir
ES,h1330,3.4998742485307806,scr2099,stInflow,reservoir
ES,h1331,3.4998742485307806,scr2099,stInflow,reservoir
ES,h1332,3.4998742485307806,scr2099,stInflow,reservoir
ES,h1333,3.4998742485307806,scr2099,stInflow,reservoir
ES,h1334,3.4998742485307806,scr2099,stInflow,reservoir
ES,h1335,3.4998742485307806,scr2099,stInflow,reservoir
ES,h1336,3.4998742485307806,scr2099,stInflow,reservoir
ES,h1337,3.4998742485307806,scr2099,stInflow,reservoir
ES,h1338,3.4998742485307806,scr2099,stInflow,reservoir
ES,h1339,3.4998742485307806,scr2099,stInflow,reservoir
ES,h1340,3.4998742485307806,scr2099,stInflow,reservoir
ES,h1341,3.4998742485307806,scr2099,stInflow,reservoir
ES,h1342,3.4998742485307806,scr2099,stInflow,reservoir
ES,h1343,3.4998742485307806,scr2099,stInflow,reservoir
ES,h1344,3.4998742485307806,scr2099,stInflow,reservoir
ES,h1345,3.4998742485307806,scr2099,stInflow,reservoir
ES,h1346,3.4998742485307806,scr2099,stInflow,reservoir
ES,h1347,3.4998742485307806,scr2099,stInflow,reservoir
ES,h1348,3.4998742485307806,scr2099,stInflow,reservoir
ES,h1349,3.4998742485307806,scr2099,stInflow,reservoir
ES,h1350,3.4998742485307806,scr2099,stInflow,reservoir
ES,h1351,3.4998742485307806,scr2099,stInflow,reservoir
ES,h1352,3.4998742485307806,scr2099,stInflow,reservoir
ES,h1353,3.4998742485307806,scr2099,stInflow,reservoir
ES,h1354,3.4998742485307806,scr2099,stInflow,reservoir
ES,h1355,3.4998742485307806,scr2099,stInflow,reservoir
ES,h1356,3.4998742485307806,scr2099,stInflow,reservoir
ES,h1357,3.4998742485307806,scr2099,stInflow,reservoir
ES,h1358,3.4998742485307806,scr2099,stInflow,reservoir
ES,h1359,3.4998742485307806,scr2099,stInflow,reservoir
ES,h1360,3.4998742485307806,scr2099,stInflow,reservoir
ES,h1361,3.4998742485307806,scr2099,stInflow,reservoir
ES,h1362,3.4998742485307806,scr2099,stInflow,reservoir
ES,h1363,3.4998742485307806,scr2099,stInflow,reservoir
ES,h1364,3.4998742485307806,scr2099,stInflow,reservoir
ES,h1365,3.4998742485307806,scr2099,stInflow,reservoir
ES,h1366,3.4998742485307806,scr2099,stInflow,reservoir
ES,h1367,3.4998742485307806,scr2099,stInflow,reservoir
ES,h1368,3.4998742485307806,scr2099,stInflow,reservoir
ES,h1369,3.4998742485307806,scr2099,stInflow,reservoir
ES,h1370,3.4998742485307806,scr2099,stInflow,reservoir
ES,h1371,3.4998742485307806,scr2099,stInflow,reservoir
ES,h1372,3.4998742485307806,scr2099,stInflow,reservoir
ES,h1373,3.4998742485307806,scr2099,stInflow,reservoir
ES,h1374,3.4998742485307806,scr2099,stInflow,reservoir
ES,h1375,3.4998742485307806,scr2099,stInflow,reservoir
ES,h1376,3.4998742485307806,scr2099,stInflow,reservoir
ES,h1377,3.4998742485307806,scr2099,stInflow,reservoir
ES,h1378,3.4998742485307806,scr2099,stInflow,reservoir
ES,h1379,3.4998742485307806,scr2099,stInflow,reservoir
ES,h1380,3.4998742485307806,scr2099,stInflow,reservoir
ES,h1381,3.4998742485307806,scr2099,stInflow,reservoir
ES,h1382,3.4998742485307806,scr2099,stInflow,reservoir
ES,h1383,3.4998742485307806,scr2099,stInflow,reservoir
ES,h1384,3.4998742485307806,scr2099,stInflow,reservoir
ES,h1385,3.4998742485307806,scr2099,stInflow,reservoir
ES,h1386,3.4998742485307806,scr2099,stInflow,reservoir
ES,h1387,3.4998742485307806,scr2099,stInflow,reservoir
ES,h1388,3.4998742485307806,scr2099,stInflow,reservoir
ES,h1389,3.4998742485307806,scr2099,stInflow,reservoir
ES,h1390,3.4998742485307806,scr2099,stInflow,reservoir
ES,h1391,3.4998742485307806,scr2099,stInflow,reservoir
ES,h1392,3.4998742485307806,scr2099,stInflow,reservoir
ES,h1393,3.4998742485307806,scr2099,stInflow,reservoir
ES,h1394,3.4998742485307806,scr2099,stInflow,reservoir
ES,h1395,3.4998742485307806,scr2099,stInflow,reservoir
ES,h1396,3.4998742485307806,scr2099,stInflow,reservoir
ES,h1397,3.4998742485307806,scr2099,stInflow,reservoir
ES,h1398,3.4998742485307806,scr2099,stInflow,reservoir
ES,h1399,3.4998742485307806,scr2099,stInflow,reservoir
ES,h1400,3.4998742485307806,scr2099,stInflow,reservoir
ES,h1401,3.4998742485307806,scr2099,stInflow,reservoir
ES,h1402,3.4998742485307806,scr2099,stInflow,reservoir
ES,h1403,3.4998742485307806,scr2099,stInflow,reservoir
ES,h1404,3.4998742485307806,scr2099,stInflow,reservoir
ES,h1405,3.4998742485307806,scr2099,stInflow,reservoir
ES,h1406,3.4998742485307806,scr2099,stInflow,reservoir
ES,h1407,3.4998742485307806,scr2099,stInflow,reservoir
ES,h1408,3.4998742485307806,scr2099,stInflow,reservoir
ES,h1409,3.4998742485307806,scr2099,stInflow,reservoir
ES,h1410,3.4998742485307806,scr2099,stInflow,reservoir
ES,h1411,3.4998742485307806,scr2099,stInflow,reservoir
ES,h1412,3.4998742485307806,scr2099,stInflow,reservoir
ES,h1413,3.4998742485307806,scr2099,stInflow,reservoir
ES,h1414,3.4998742485307806,scr2099,stInflow,reservoir
ES,h1415,3.4998742485307806,scr2099,stInflow,reservoir
ES,h1416,3.4998742485307806,scr2099,stInflow,reservoir
ES,h1417,3.4998742485307806,scr2099,stInflow,reservoir
ES,h1418,3.4998742485307806,scr2099,stInflow,reservoir
ES,h1419,3.4998742485307806,scr2099,stInflow,reservoir
ES,h1420,3.4998742485307806,scr2099,stInflow,reservoir
ES,h1421,3.4998742485307806,scr2099,stInflow,reservoir
ES,h1422,3.4998742485307806,scr2099,stInflow,reservoir
ES,h1423,3.4998742485307806,scr2099,stInflow,reservoir
ES,h1424,3.4998742485307806,scr2099,stInflow,reservoir
ES,h1425,3.4998742485307806,scr2099,stInflow,reservoir
ES,h1426,3.4998742485307806,scr2099,stInflow,reservoir
ES,h1427,3.4998742485307806,scr2099,stInflow,reservoir
ES,h1428,3.4998742485307806,scr2099,stInflow,reservoir
ES,h1429,3.4998742485307806,scr2099,stInflow,reservoir
ES,h1430,3.4998742485307806,scr2099,stInflow,reservoir
ES,h1431,3.4998742485307806,scr2099,stInflow,reservoir
ES,h1432,3.4998742485307806,scr2099,stInflow,reservoir
ES,h1433,3.4998742485307806,scr2099,stInflow,reservoir
ES,h1434,3.4998742485307806,scr2099,stInflow,reservoir
ES,h1435,3.4998742485307806,scr2099,stInflow,reservoir
ES,h1436,3.4998742485307806,scr2099,stInflow,reservoir
ES,h1437,3.4998742485307806,scr2099,stInflow,reservoir
ES,h1438,3.4998742485307806,scr2099,stInflow,reservoir
ES,h1439,3.4998742485307806,scr2099,stInflow,reservoir
ES,h1440,3.4998742485307806,scr2099,stInflow,reservoir
FR,h0721,3.5884845418634574,scr2099,stInflow,reservoir
FR,h0722,3.5884845418634574,scr2099,stInflow,reservoir
FR,h0723,3.5884845418634574,scr2099,stInflow,reservoir
FR,h0724,3.5884845418634574,scr2099,stInflow,reservoir
FR,h0725,3.5884845418634574,scr2099,stInflow,reservoir
FR,h0726,3.5884845418634574,scr2099,stInflow,reservoir
FR,h0727,3.5884845418634574,scr2099,stInflow,reservoir
FR,h0728,3.5884845418634574,scr2099,stInflow,reservoir
FR,h0729,3.5884845418634574,scr2099,stInflow,reservoir
FR,h0730,3.5884845418634574,scr2099,stInflow,reservoir
FR,h0731,3.5884845418634574,scr2099,stInflow,reservoir
FR,h0732,3.5884845418634574,scr2099,stInflow,reservoir
FR,h0733,3.5884845418634574,scr2099,stInflow,reservoir
FR,h0734,3.5884845418634574,scr2099,stInflow,reservoir
FR,h0735,3.5884845418634574,scr2099,stInflow,reservoir
FR,h0736,3.5884845418634574,scr2099,stInflow,reservoir
FR,h0737,3.5884845418634574,scr2099,stInflow,reservoir
FR,h0738,3.5884845418634574,scr2099,stInflow,reservoir
FR,h0739,3.5884845418634574,scr2099,stInflow,reservoir
FR,h0740,3.5884845418634574,scr2099,stInflow,reservoir
FR,h0741,3.5884845418634574,scr2099,stInflow,reservoir
FR,h0742,3.5884845418634574,scr2099,stInflow,reservoir
FR,h0743,3.5884845418634574,scr2099,stInflow,reservoir
FR,h0744,3.5884845418634574,scr2099,stInflow,reservoir
FR,h0745,3.5884845418634574,scr2099,stInflow,reservoir
FR,h0746,3.5884845418634574,scr2099,stInflow,reservoir
FR,h0747,3.5884845418634574,scr2099,stInflow,reservoir
FR,h0748,3.5884845418634574,scr2099,stInflow,reservoir
FR,h0749,3.5884845418634574,scr2099,stInflow,reservoir
FR,h0750,3.5884845418634574,scr2099,stInflow,reservoir
FR,h0751,3.5884845418634574,scr2099,stInflow,reservoir
FR,h0752,3.5884845418634574,scr2099,stInflow,reservoir
FR,h0753,3.5884845418634574,scr2099,stInflow,reservoir
FR,h0754,3.5884845418634574,scr2099,stInflow,reservoir
FR,h0755,3.5884845418634574,scr2099,stInflow,reservoir
FR,h0756,3.5884845418634574,scr2099,stInflow,reservoir
FR,h0757,3.5884845418634574,scr2099,stInflow,reservoir
FR,h0758,3.5884845418634574,scr2099,stInflow,reservoir
FR,h0759,3.5884845418634574,scr2099,stInflow,reservoir
FR,h0760,3.5884845418634574,scr2099,stInflow,reservoir
FR,h0761,3.5884845418634574,scr2099,stInflow,reservoir
FR,h0762,3.5884845418634574,scr2099,stInflow,reservoir
FR,h0763,3.5884845418634574,scr2099,stInflow,reservoir
FR,h0764,3.5884845418634574,scr2099,stInflow,reservoir
FR,h0765,3.5884845418634574,scr2099,stInflow,reservoir
FR,h0766,3.5884845418634574,scr2099,stInflow,reservoir
FR,h0767,3.5884845418634574,scr2099,stInflow,reservoir
FR,h0768,3.5884845418634574,scr2099,stInflow,reservoir
FR,h0769,3.6026015883999882,scr2099,stInflow,reservoir
FR,h0770,3.616718640468042,scr2099,stInflow,reservoir
FR,h0771,3.630835698046031,scr2099,stInflow,reservoir
FR,h0772,3.630835698046031,scr2099,stInflow,reservoir
FR,h0773,3.630835698046031,scr2099,stInflow,reservoir
FR,h0774,3.630835698046031,scr2099,stInflow,reservoir
FR,h0775,3.630835698046031,scr2099,stInflow,reservoir
FR,h0776,3.630835698046031,scr2099,stInflow,reservoir
FR,h0777,3.630835698046031,scr2099,stInflow,reservoir
FR,h0778,3.630835698046031,scr2099,stInflow,reservoir
FR,h0779,3.630835698046031,scr2099,stInflow,reservoir
FR,h0780,3.630835698046031,scr2099,stInflow,reservoir
FR,h0781,3.630835698046031,scr2099,stInflow,reservoir
FR,h0782,3.630835698046031,scr2099,stInflow,reservoir
FR,h0783,3.630835698046031,scr2099,stInflow,reservoir
FR,h0784,3.630835698046031,scr2099,stInflow,reservoir
FR,h0785,3.630835698046031,scr2099,stInflow,reservoir
FR,h0786,3.630835698046031,scr2099,stInflow,reservoir
FR,h0787,3.630835698046031,scr2099,stInflow,reservoir
FR,h0788,3.630835698046031,scr2099,stInflow,reservoir
FR,h0789,3.630835698046031,scr2099,stInflow,reservoir
FR,h0790,3.630835698046031,scr2099,stInflow,reservoir
FR,h0791,3.630835698046031,scr2099,stInflow,reservoir
FR,h0792,3.630835698046031,scr2099,stInflow,reservoir
FR,h0793,3.630835698046031,scr2099,stInflow,reservoir
FR,h0794,3.630835698046031,scr2099,stInflow,reservoir
FR,h0795,3.630835698046031,scr2099,stInflow,reservoir
FR,h0796,3.630835698046031,scr2099,stInflow,reservoir
FR,h0797,3.630835698046031,scr2099,stInflow,reservoir
FR,h0798,3.630835698046031,scr2099,stInflow,reservoir
FR,h0799,3.630835698046031,scr2099,stInflow,reservoir
FR,h0800,3.630835698046031,scr2099,stInflow,reservoir
FR,h0801,3.630835698046031,scr2099,stInflow,reservoir
FR,h0802,3.630835698046031,scr2099,stInflow,reservoir
FR,h0803,3.630835698046031,scr2099,stInflow,reservoir
FR,h0804,3.630835698046031,scr2099,stInflow,reservoir
FR,h0805,3.630835698046031,scr2099,stInflow,reservoir
FR,h0806,3.630835698046031,scr2099,stInflow,reservoir
FR,h0807,3.630835698046031,scr2099,stInflow,reservoir
FR,h0808,3.630835698046031,scr2099,stInflow,reservoir
FR,h0809,3.630835698046031,scr2099,stInflow,reservoir
FR,h0810,3.630835698046031,scr2099,stInflow,reservoir
FR,h0811,3.630835698046031,scr2099,stInflow,reservoir
FR,h0812,3.630835698046031,scr2099,stInflow,reservoir
FR,h0813,3.630835698046031,scr2099,stInflow,reservoir
FR,h0814,3.630835698046031,scr2099,stInflow,reservoir
FR,h0815,3.630835698046031,scr2099,stInflow,reservoir
FR,h0816,3.630835698046031,scr2099,stInflow,reservoir
FR,h0817,3.630835698046031,scr2099,stInflow,reservoir
FR,h0818,3.630835698046031,scr2099,stInflow,reservoir
FR,h0819,3.630835698046031,scr2099,stInflow,reservoir
FR,h0820,3.630835698046031,scr2099,stInflow,reservoir
FR,h0821,3.630835698046031,scr2099,stInflow,reservoir
FR,h0822,3.630835698046031,scr2099,stInflow,reservoir
FR,h0823,3.630835698046031,scr2099,stInflow,reservoir
FR,h0824,3.630835698046031,scr2099,stInflow,reservoir
FR,h0825,3.630835698046031,scr2099,stInflow,reservoir
FR,h0826,3.630835698046031,scr2099,stInflow,reservoir
FR,h0827,3.630835698046031,scr2099,stInflow,reservoir
FR,h0828,3.630835698046031,scr2099,stInflow,reservoir
FR,h0829,3.630835698046031,scr2099,stInflow,reservoir
FR,h0830,3.630835698046031,scr2099,stInflow,reservoir
FR,h0831,3.630835698046031,scr2099,stInflow,reservoir
FR,h0832,3.630835698046031,scr2099,stInflow,reservoir
FR,h0833,3.630835698046031,scr2099,stInflow,reservoir
FR,h0834,3.630835698046031,scr2099,stInflow,reservoir
FR,h0835,3.630835698046031,scr2099,stInflow,reservoir
FR,h0836,3.630835698046031,scr2099,stInflow,reservoir
FR,h0837,3.630835698046031,scr2099,stInflow,reservoir
FR,h0838,3.630835698046031,scr2099,stInflow,reservoir
FR,h0839,3.630835698046031,scr2099,stInflow,reservoir
FR,h0840,3.630835698046031,scr2099,stInflow,reservoir
FR,h0841,3.630835698046031,scr2099,stInflow,reservoir
FR,h0842,3.630835698046031,scr2099,stInflow,reservoir
FR,h0843,3.630835698046031,scr2099,stInflow,reservoir
FR,h0844,3.630835698046031,scr2099,stInflow,reservoir
FR,h0845,3.630835698046031,scr2099,stInflow,reservoir
FR,h0846,3.630835698046031,scr2099,stInflow,reservoir
FR,h0847,3.630835698046031,scr2099,stInflow,reservoir
FR,h0848,3.630835698046031,scr2099,stInflow,reservoir
FR,h0849,3.630835698046031,scr2099,stInflow,reservoir
FR,h0850,3.630835698046031,scr2099,stInflow,reservoir
FR,h0851,3.630835698046031,scr2099,stInflow,reservoir
FR,h0852,3.630835698046031,scr2099,stInflow,reservoir
FR,h0853,3.630835698046031,scr2099,stInflow,reservoir
FR,h0854,3.630835698046031,scr2099,stInflow,reservoir
FR,h0855,3.630835698046031,scr2099,stInflow,reservoir
FR,h0856,3.630835698046031,scr2099,stInflow,reservoir
FR,h0857,3.630835698046031,scr2099,stInflow,reservoir
FR,h0858,3.630835698046031,scr2099,stInflow,reservoir
FR,h0859,3.630835698046031,scr2099,stInflow,reservoir
FR,h0860,3.630835698046031,scr2099,stInflow,reservoir
FR,h0861,3.630835698046031,scr2099,stInflow,reservoir
FR,h0862,3.630835698046031,scr2099,stInflow,reservoir
FR,h0863,3.630835698046031,scr2099,stInflow,reservoir
FR,h0864,3.630835698046031,scr2099,stInflow,reservoir
FR,h0865,3.630835698046031,scr2099,stInflow,reservoir
FR,h0866,3.630835698046031,scr2099,stInflow,reservoir
FR,h0867,3.630835698046031,scr2099,stInflow,reservoir
FR,h0868,3.630835698046031,scr2099,stInflow,reservoir
FR,h0869,3.630835698046031,scr2099,stInflow,reservoir
FR,h0870,3.630835698046031,scr2099,stInflow,reservoir
FR,h0871,3.630835698046031,scr2099,stInflow,reservoir
FR,h0872,3.630835698046031,scr2099,stInflow,reservoir
FR,h0873,3.630835698046031,scr2099,stInflow,reservoir
FR,h0874,3.630835698046031,scr2099,stInflow,reservoir
FR,h0875,3.630835698046031,scr2099,stInflow,reservoir
FR,h0876,3.630835698046031,scr2099,stInflow,reservoir
FR,h0877,3.630835698046031,scr2099,stInflow,reservoir
FR,h0878,3.630835698046031,scr2099,stInflow,reservoir
FR,h0879,3.630835698046031,scr2099,stInflow,reservoir
FR,h0880,3.630835698046031,scr2099,stInflow,reservoir
FR,h0881,3.630835698046031,scr2099,stInflow,reservoir
FR,h0882,3.630835698046031,scr2099,stInflow,reservoir
FR,h0883,3.630835698046031,scr2099,stInflow,reservoir
FR,h0884,3.630835698046031,scr2099,stInflow,reservoir
FR,h0885,3.630835698046031,scr2099,stInflow,reservoir
FR,h0886,3.630835698046031,scr2099,stInflow,reservoir
FR,h0887,3.630835698046031,scr2099,stInflow,reservoir
FR,h0888,3.630835698046031,scr2099,stInflow,reservoir
FR,h0889,3.630835698046031,scr2099,stInflow,reservoir
FR,h0890,3.630835698046031,scr2099,stInflow,reservoir
FR,h0891,3.630835698046031,scr2099,stInflow,reservoir
FR,h0892,3.630835698046031,scr2099,stInflow,reservoir
FR,h0893,3.630835698046031,scr2099,stInflow,reservoir
FR,h0894,3.630835698046031,scr2099,stInflow,reservoir
FR,h0895,3.630835698046031,scr2099,stInflow,reservoir
FR,h0896,3.630835698046031,scr2099,stInflow,reservoir
FR,h0897,3.630835698046031,scr2099,stInflow,reservoir
FR,h0898,3.630835698046031,scr2099,stInflow,reservoir
FR,h0899,3.630835698046031,scr2099,stInflow,reservoir
FR,h0900,3.630835698046031,scr2099,stInflow,reservoir
FR,h0901,3.630835698046031,scr2099,stInflow,reservoir
FR,h0902,3.630835698046031,scr2099,stInflow,reservoir
FR,h0903,3.630835698046031,scr2099,stInflow,reservoir
FR,h0904,3.630835698046031,scr2099,stInflow,reservoir
FR,h0905,3.630835698046031,scr2099,stInflow,reservoir
FR,h0906,3.630835698046031,scr2099,stInflow,reservoir
FR,h0907,3.630835698046031,scr2099,stInflow,reservoir
FR,h0908,3.630835698046031,scr2099,stInflow,reservoir
FR,h0909,3.630835698046031,scr2099,stInflow,reservoir
FR,h0910,3.630835698046031,scr2099,stInflow,reservoir
FR,h0911,3.630835698046031,scr2099,stInflow,reservoir
FR,h0912,3.630835698046031,scr2099,stInflow,reservoir
FR,h0913,3.630835698046031,scr2099,stInflow,reservoir
FR,h0914,3.630835698046031,scr2099,stInflow,reservoir
FR,h0915,3.630835698046031,scr2099,stInflow,reservoir
FR,h0916,3.630835698046031,scr2099,stInflow,reservoir
FR,h0917,3.630835698046031,scr2099,stInflow,reservoir
FR,h0918,3.630835698046031,scr2099,stInflow,reservoir
FR,h0919,3.630835698046031,scr2099,stInflow,reservoir
FR,h0920,3.630835698046031,scr2099,stInflow,reservoir
FR,h0921,3.630835698046031,scr2099,stInflow,reservoir
FR,h0922,3.630835698046031,scr2099,stInflow,reservoir
FR,h0923,3.630835698046031,scr2099,stInflow,reservoir
FR,h0924,3.630835698046031,scr2099,stInflow,reservoir
FR,h0925,3.630835698046031,scr2099,stInflow,reservoir
FR,h0926,3.630835698046031,scr2099,stInflow,reservoir
FR,h0927,3.630835698046031,scr2099,stInflow,reservoir
FR,h0928,3.630835698046031,scr2099,stInflow,reservoir
FR,h0929,3.630835698046031,scr2099,stInflow,reservoir
FR,h0930,3.630835698046031,scr2099,stInflow,reservoir
FR,h0931,3.630835698046031,scr2099,stInflow,reservoir
FR,h0932,3.630835698046031,scr2099,stInflow,reservoir
FR,h0933,3.630835698046031,scr2099,stInflow,reservoir
FR,h0934,3.630835698046031,scr2099,stInflow,reservoir
FR,h0935,3.630835698046031,scr2099,stInflow,reservoir
FR,h0936,3.630835698046031,scr2099,stInflow,reservoir
FR,h0937,3.6189178113033957,scr2099,stInflow,reservoir
FR,h0938,3.606999928485334,scr2099,stInflow,reservoir
FR,h0939,3.5950820496048106,scr2099,stInflow,reservoir
FR,h0940,3.5950820496048106,scr2099,stInflow,reservoir
FR,h0941,3.5950820496048106,scr2099,stInflow,reservoir
FR,h0942,3.5950820496048106,scr2099,stInflow,reservoir
FR,h0943,3.5950820496048106,scr2099,stInflow,reservoir
FR,h0944,3.5950820496048106,scr2099,stInflow,reservoir
FR,h0945,3.5950820496048106,scr2099,stInflow,reservoir
FR,h0946,3.5950820496048106,scr2099,stInflow,reservoir
FR,h0947,3.5950820496048106,scr2099,stInflow,reservoir
FR,h0948,3.5950820496048106,scr2099,stInflow,reservoir
FR,h0949,3.5950820496048106,scr2099,stInflow,reservoir
FR,h0950,3.5950820496048106,scr2099,stInflow,reservoir
FR,h0951,3.5950820496048106,scr2099,stInflow,reservoir
FR,h0952,3.5950820496048106,scr2099,stInflow,reservoir
FR,h0953,3.5950820496048106,scr2099,stInflow,reservoir
FR,h0954,3.5950820496048106,scr2099,stInflow,reservoir
FR,h0955,3.5950820496048106,scr2099,stInflow,reservoir
FR,h0956,3.5950820496048106,scr2099,stInflow,reservoir
FR,h0957,3.5950820496048106,scr2099,stInflow,reservoir
FR,h0958,3.5950820496048106,scr2099,stInflow,reservoir
FR,h0959,3.5950820496048106,scr2099,stInflow,reservoir
FR,h0960,3.5950820496048106,scr2099,stInflow,reservoir
FR,h0961,3.5950820496048106,scr2099,stInflow,reservoir
FR,h0962,3.5950820496048106,scr2099,stInflow,reservoir
FR,h0963,3.5950820496048106,scr2099,stInflow,reservoir
FR,h0964,3.5950820496048106,scr2099,stInflow,reservoir
FR,h0965,3.5950820496048106,scr2099,stInflow,reservoir
FR,h0966,3.5950820496048106,scr2099,stInflow,reservoir
FR,h0967,3.5950820496048106,scr2099,stInflow,reservoir
FR,h0968,3.5950820496048106,scr2099,stInflow,reservoir
FR,h0969,3.5950820496048106,scr2099,stInflow,reservoir
FR,h0970,3.5950820496048106,scr2099,stInflow,reservoir
FR,h0971,3.5950820496048106,scr2099,stInflow,reservoir
FR,h0972,3.5950820496048106,scr2099,stInflow,reservoir
FR,h0973,3.5950820496048106,scr2099,stInflow,reservoir
FR,h0974,3.5950820496048106,scr2099,stInflow,reservoir
FR,h0975,3.5950820496048106,scr2099,stInflow,reservoir
FR,h0976,3.5950820496048106,scr2099,stInflow,reservoir
FR,h0977,3.5950820496048106,scr2099,stInflow,reservoir
FR,h0978,3.5950820496048106,scr2099,stInflow,reservoir
FR,h0979,3.5950820496048106,scr2099,stInflow,reservoir
FR,h0980,3.5950820496048106,scr2099,stInflow,reservoir
FR,h0981,3.5950820496048106,scr2099,stInflow,reservoir
FR,h0982,3.5950820496048106,scr2099,stInflow,reservoir
FR,h0983,3.5950820496048106,scr2099,stInflow,reservoir
FR,h0984,3.5950820496048106,scr2099,stInflow,reservoir
FR,h0985,3.5950820496048106,scr2099,stInflow,reservoir
FR,h0986,3.5950820496048106,scr2099,stInflow,reservoir
FR,h0987,3.5950820496048106,scr2099,stInflow,reservoir
FR,h0988,3.5950820496048106,scr2099,stInflow,reservoir
FR,h0989,3.5950820496048106,scr2099,stInflow,reservoir
FR,h0990,3.5950820496048106,scr2099,stInflow,reservoir
FR,h0991,3.5950820496048106,scr2099,stInflow,reservoir
FR,h0992,3.5950820496048106,scr2099,stInflow,reservoir
FR,h0993,3.5950820496048106,scr2099,stInflow,reservoir
FR,h0994,3.5950820496048106,scr2099,stInflow,reservoir
FR,h0995,3.5950820496048106,scr2099,stInflow,reservoir
FR,h0996,3.5950820496048106,scr2099,stInflow,reservoir
FR,h0997,3.5950820496048106,scr2099,stInflow,reservoir
FR,h0998,3.5950820496048106,scr2099,stInflow,reservoir
FR,h0999,3.5950820496048106,scr2099,stInflow,reservoir
FR,h1000,3.5950820496048106,scr2099,stInflow,reservoir
FR,h1001,3.5950820496048106,scr2099,stInflow,reservoir
FR,h1002,3.5950820496048106,scr2099,stInflow,reservoir
FR,h1003,3.5950820496048106,scr2099,stInflow,reservoir
FR,h1004,3.5950820496048106,scr2099,stInflow,reservoir
FR,h1005,3.5950820496048106,scr2099,stInflow,reservoir
FR,h1006,3.5950820496048106,scr2099,stInflow,reservoir
FR,h1007,3.5950820496048106,scr2099,stInflow,reservoir
FR,h1008,3.5950820496048106,scr2099,stInflow,reservoir
FR,h1009,3.5950820496048106,scr2099,stInflow,reservoir
FR,h1010,3.5950820496048106,scr2099,stInflow,reservoir
FR,h1011,3.5950820496048106,scr2099,stInflow,reservoir
FR,h1012,3.5950820496048106,scr2099,stInflow,reservoir
FR,h1013,3.5950820496048106,scr2099,stInflow,reservoir
FR,h1014,3.5950820496048106,scr2099,stInflow,reservoir
FR,h1015,3.5950820496048106,scr2099,stInflow,reservoir
FR,h1016,3.5950820496048106,scr2099,stInflow,reservoir
FR,h1017,3.5950820496048106,scr2099,stInflow,reservoir
FR,h1018,3.5950820496048106,scr2099,stInflow,reservoir
FR,h1019,3.5950820496048106,scr2099,stInflow,reservoir
FR,h1020,3.5950820496048106,scr2099,stInflow,reservoir
FR,h1021,3.5950820496048106,scr2099,stInflow,reservoir
FR,h1022,3.5950820496048106,scr2099,stInflow,reservoir
FR,h1023,3.5950820496048106,scr2099,stInflow,reservoir
FR,h1024,3.5950820496048106,scr2099,stInflow,reservoir
FR,h1025,3.5950820496048106,scr2099,stInflow,reservoir
FR,h1026,3.5950820496048106,scr2099,stInflow,reservoir
FR,h1027,3.5950820496048106,scr2099,stInflow,reservoir
FR,h1028,3.5950820496048106,scr2099,stInflow,reservoir
FR,h1029,3.5950820496048106,scr2099,stInflow,reservoir
FR,h1030,3.5950820496048106,scr2099,stInflow,reservoir
FR,h1031,3.5950820496048106,scr2099,stInflow,reservoir
FR,h1032,3.5950820496048106,scr2099,stInflow,reservoir
FR,h1033,3.5950820496048106,scr2099,stInflow,reservoir
FR,h1034,3.5950820496048106,scr2099,stInflow,reservoir
FR,h1035,3.5950820496048106,scr2099,stInflow,reservoir
FR,h1036,3.5950820496048106,scr2099,stInflow,reservoir
FR,h1037,3.5950820496048106,scr2099,stInflow,reservoir
FR,h1038,3.5950820496048106,scr2099,stInflow,reservoir
FR,h1039,3.5950820496048106,scr2099,stInflow,reservoir
FR,h1040,3.5950820496048106,scr2099,stInflow,reservoir
FR,h1041,3.5950820496048106,scr2099,stInflow,reservoir
FR,h1042,3.5950820496048106,scr2099,stInflow,reservoir
FR,h1043,3.5950820496048106,scr2099,stInflow,reservoir
FR,h1044,3.5950820496048106,scr2099,stInflow,reservoir
FR,h1045,3.5950820496048106,scr2099,stInflow,reservoir
FR,h1046,3.5950820496048106,scr2099,stInflow,reservoir
FR,h1047,3.5950820496048106,scr2099,stInflow,reservoir
FR,h1048,3.5950820496048106,scr2099,stInflow,reservoir
FR,h1049,3.5950820496048106,scr2099,stInflow,reservoir
FR,h1050,3.5950820496048106,scr2099,stInflow,reservoir
FR,h1051,3.5950820496048106,scr2099,stInflow,reservoir
FR,h1052,3.5950820496048106,scr2099,stInflow,reservoir
FR,h1053,3.5950820496048106,scr2099,stInflow,reservoir
FR,h1054,3.5950820496048106,scr2099,stInflow,reservoir
FR,h1055,3.5950820496048106,scr2099,stInflow,reservoir
FR,h1056,3.5950820496048106,scr2099,stInflow,reservoir
FR,h1057,3.5950820496048106,scr2099,stInflow,reservoir
FR,h1058,3.5950820496048106,scr2099,stInflow,reservoir
FR,h1059,3.5950820496048106,scr2099,stInflow,reservoir
FR,h1060,3.5950820496048106,scr2099,stInflow,reservoir
FR,h1061,3.5950820496048106,scr2099,stInflow,reservoir
FR,h1062,3.5950820496048106,scr2099,stInflow,reservoir
FR,h1063,3.5950820496048106,scr2099,stInflow,reservoir
FR,h1064,3.5950820496048106,scr2099,stInflow,reservoir
FR,h1065,3.5950820496048106,scr2099,stInflow,reservoir
FR,h1066,3.5950820496048106,scr2099,stInflow,reservoir
FR,h1067,3.5950820496048106,scr2099,stInflow,reservoir
FR,h1068,3.5950820496048106,scr2099,stInflow,reservoir
FR,h1069,3.5950820496048106,scr2099,stInflow,reservoir
FR,h1070,3.5950820496048106,scr2099,stInflow,reservoir
FR,h1071,3.5950820496048106,scr2099,stInflow,reservoir
FR,h1072,3.5950820496048106,scr2099,stInflow,reservoir
FR,h1073,3.5950820496048106,scr2099,stInflow,reservoir
FR,h1074,3.5950820496048106,scr2099,stInflow,reservoir
FR,h1075,3.5950820496048106,scr2099,stInflow,reservoir
FR,h1076,3.5950820496048106,scr2099,stInflow,reservoir
FR,h1077,3.5950820496048106,scr2099,stInflow,reservoir
FR,h1078,3.5950820496048106,scr2099,stInflow,reservoir
FR,h1079,3.5950820496048106,scr2099,stInflow,reservoir
FR,h1080,3.5950820496048106,scr2099,stInflow,reservoir
FR,h1081,3.5950820496048106,scr2099,stInflow,reservoir
FR,h1082,3.5950820496048106,scr2099,stInflow,reservoir
FR,h1083,3.5950820496048106,scr2099,stInflow,reservoir
FR,h1084,3.5950820496048106,scr2099,stInflow,reservoir
FR,h1085,3.5950820496048106,scr2099,stInflow,reservoir
FR,h1086,3.5950820496048106,scr2099,stInflow,reservoir
FR,h1087,3.5950820496048106,scr2099,stInflow,reservoir
FR,h1088,3.5950820496048106,scr2099,stInflow,reservoir
FR,h1089,3.5950820496048106,scr2099,stInflow,reservoir
FR,h1090,3.5950820496048106,scr2099,stInflow,reservoir
FR,h1091,3.5950820496048106,scr2099,stInflow,reservoir
FR,h1092,3.5950820496048106,scr2099,stInflow,reservoir
FR,h1093,3.5950820496048106,scr2099,stInflow,reservoir
FR,h1094,3.5950820496048106,scr2099,stInflow,reservoir
FR,h1095,3.5950820496048106,scr2099,stInflow,reservoir
FR,h1096,3.5950820496048106,scr2099,stInflow,reservoir
FR,h1097,3.5950820496048106,scr2099,stInflow,reservoir
FR,h1098,3.5950820496048106,scr2099,stInflow,reservoir
FR,h1099,3.5950820496048106,scr2099,stInflow,reservoir
FR,h1100,3.5950820496048106,scr2099,stInflow,reservoir
FR,h1101,3.5950820496048106,scr2099,stInflow,reservoir
FR,h1102,3.5950820496048106,scr2099,stInflow,reservoir
FR,h1103,3.5950820496048106,scr2099,stInflow,reservoir
FR,h1104,3.5950820496048106,scr2099,stInflow,reservoir
FR,h1105,3.585722612637448,scr2099,stInflow,reservoir
FR,h1106,3.576363178112927,scr2099,stInflow,reservoir
FR,h1107,3.5670037460376394,scr2099,stInflow,reservoir
FR,h1108,3.5670037460376394,scr2099,stInflow,reservoir
FR,h1109,3.5670037460376394,scr2099,stInflow,reservoir
FR,h1110,3.5670037460376394,scr2099,stInflow,reservoir
FR,h1111,3.5670037460376394,scr2099,stInflow,reservoir
FR,h1112,3.5670037460376394,scr2099,stInflow,reservoir
FR,h1113,3.5670037460376394,scr2099,stInflow,reservoir
FR,h1114,3.5670037460376394,scr2099,stInflow,reservoir
FR,h1115,3.5670037460376394,scr2099,stInflow,reservoir
FR,h1116,3.5670037460376394,scr2099,stInflow,reservoir
FR,h1117,3.5670037460376394,scr2099,stInflow,reservoir
FR,h1118,3.5670037460376394,scr2099,stInflow,reservoir
FR,h1119,3.5670037460376394,scr2099,stInflow,reservoir
FR,h1120,3.5670037460376394,scr2099,stInflow,reservoir
FR,h1121,3.5670037460376394,scr2099,stInflow,reservoir
FR,h1122,3.5670037460376394,scr2099,stInflow,reservoir
FR,h1123,3.5670037460376394,scr2099,stInflow,reservoir
FR,h1124,3.5670037460376394,scr2099,stInflow,reservoir
FR,h1125,3.5670037460376394,scr2099,stInflow,reservoir
FR,h1126,3.5670037460376394,scr2099,stInflow,reservoir
FR,h1127,3.5670037460376394,scr2099,stInflow,reservoir
FR,h1128,3.5670037460376394,scr2099,stInflow,reservoir
FR,h1129,3.5670037460376394,scr2099,stInflow,reservoir
FR,h1130,3.5670037460376394,scr2099,stInflow,reservoir
FR,h1131,3.5670037460376394,scr2099,stInflow,reservoir
FR,h1132,3.5670037460376394,scr2099,stInflow,reservoir
FR,h1133,3.5670037460376394,scr2099,stInflow,reservoir
FR,h1134,3.5670037460376394,scr2099,stInflow,reservoir
FR,h1135,3.5670037460376394,scr2099,stInflow,reservoir
FR,h1136,3.5670037460376394,scr2099,stInflow,reservoir
FR,h1137,3.5670037460376394,scr2099,stInflow,reservoir
FR,h1138,3.5670037460376394,scr2099,stInflow,reservoir
FR,h1139,3.5670037460376394,scr2099,stInflow,reservoir
FR,h1140,3.5670037460376394,scr2099,stInflow,reservoir
FR,h1141,3.5670037460376394,scr2099,stInflow,reservoir
FR,h1142,3.5670037460376394,scr2099,stInflow,reservoir
FR,h1143,3.5670037460376394,scr2099,stInflow,reservoir
FR,h1144,3.5670037460376394,scr2099,stInflow,reservoir
FR,h1145,3.5670037460376394,scr2099,stInflow,reservoir
FR,h1146,3.5670037460376394,scr2099,stInflow,reservoir
FR,h1147,3.5670037460376394,scr2099,stInflow,reservoir
FR,h1148,3.5670037460376394,scr2099,stInflow,reservoir
FR,h1149,3.5670037460376394,scr2099,stInflow,reservoir
FR,h1150,3.5670037460376394,scr2099,stInflow,reservoir
FR,h1151,3.5670037460376394,scr2099,stInflow,reservoir
FR,h1152,3.5670037460376394,scr2099,stInflow,reservoir
FR,h1153,3.5670037460376394,scr2099,stInflow,reservoir
FR,h1154,3.5670037460376394,scr2099,stInflow,reservoir
FR,h1155,3.5670037460376394,scr2099,stInflow,reservoir
FR,h1156,3.5670037460376394,scr2099,stInflow,reservoir
FR,h1157,3.5670037460376394,scr2099,stInflow,reservoir
FR,h1158,3.5670037460376394,scr2099,stInflow,reservoir
FR,h1159,3.5670037460376394,scr2099,stInflow,reservoir
FR,h1160,3.5670037460376394,scr2099,stInflow,reservoir
FR,h1161,3.5670037460376394,scr2099,stInflow,reservoir
FR,h1162,3.5670037460376394,scr2099,stInflow,reservoir
FR,h1163,3.5670037460376394,scr2099,stInflow,reservoir
FR,h1164,3.5670037460376394,scr2099,stInflow,reservoir
FR,h1165,3.5670037460376394,scr2099,stInflow,reservoir
FR,h1166,3.5670037460376394,scr2099,stInflow,reservoir
FR,h1167,3.5670037460376394,scr2099,stInflow,reservoir
FR,h1168,3.5670037460376394,scr2099,stInflow,reservoir
FR,h1169,3.5670037460376394,scr2099,stInflow,reservoir
FR,h1170,3.5670037460376394,scr2099,stInflow,reservoir
FR,h1171,3.5670037460376394,scr2099,stInflow,reservoir
FR,h1172,3.5670037460376394,scr2099,stInflow,reservoir
FR,h1173,3.5670037460376394,scr2099,stInflow,reservoir
FR,h1174,3.5670037460376394,scr2099,stInflow,reservoir
FR,h1175,3.5670037460376394,scr2099,stInflow,reservoir
FR,h1176,3.5670037460376394,scr2099,stInflow,reservoir
FR,h1177,3.5670037460376394,scr2099,stInflow,reservoir
FR,h1178,3.5670037460376394,scr2099,stInflow,reservoir
FR,h1179,3.5670037460376394,scr2099,stInflow,reservoir
FR,h1180,3.5670037460376394,scr2099,stInflow,reservoir
FR,h1181,3.5670037460376394,scr2099,stInflow,reservoir
FR,h1182,3.5670037460376394,scr2099,stInflow,reservoir
FR,h1183,3.5670037460376394,scr2099,stInflow,reservoir
FR,h1184,3.5670037460376394,scr2099,stInflow,reservoir
FR,h1185,3.5670037460376394,scr2099,stInflow,reservoir
FR,h1186,3.5670037460376394,scr2099,stInflow,reservoir
FR,h1187,3.5670037460376394,scr2099,stInflow,reservoir
FR,h1188,3.5670037460376394,scr2099,stInflow,reservoir
FR,h1189,3.5670037460376394,scr2099,stInflow,reservoir
FR,h1190,3.5670037460376394,scr2099,stInflow,reservoir
FR,h1191,3.5670037460376394,scr2099,stInflow,reservoir
FR,h1192,3.5670037460376394,scr2099,stInflow,reservoir
FR,h1193,3.5670037460376394,scr2099,stInflow,reservoir
FR,h1194,3.5670037460376394,scr2099,stInflow,reservoir
FR,h1195,3.5670037460376394,scr2099,stInflow,reservoir
FR,h1196,3.5670037460376394,scr2099,stInflow,reservoir
FR,h1197,3.5670037460376394,scr2099,stInflow,reservoir
FR,h1198,3.5670037460376394,scr2099,stInflow,reservoir
FR,h1199,3.5670037460376394,scr2099,stInflow,reservoir
FR,h1200,3.5670037460376394,scr2099,stInflow,reservoir
FR,h1201,3.5670037460376394,scr2099,stInflow,reservoir
FR,h1202,3.5670037460376394,scr2099,stInflow,reservoir
FR,h1203,3.5670037460376394,scr2099,stInflow,reservoir
FR,h1204,3.5670037460376394,scr2099,stInflow,reservoir
FR,h1205,3.5670037460376394,scr2099,stInflow,reservoir
FR,h1206,3.5670037460376394,scr2099,stInflow,reservoir
FR,h1207,3.5670037460376394,scr2099,stInflow,reservoir
FR,h1208,3.5670037460376394,scr2099,stInflow,reservoir
FR,h1209,3.5670037460376394,scr2099,stInflow,reservoir
FR,h1210,3.5670037460376394,scr2099,stInflow,reservoir
FR,h1211,3.5670037460376394,scr2099,stInflow,reservoir
FR,h1212,3.5670037460376394,scr2099,stInflow,reservoir
FR,h1213,3.5670037460376394,scr2099,stInflow,reservoir
FR,h1214,3.5670037460376394,scr2099,stInflow,reservoir
FR,h1215,3.5670037460376394,scr2099,stInflow,reservoir
FR,h1216,3.5670037460376394,scr2099,stInflow,reservoir
FR,h1217,3.5670037460376394,scr2099,stInflow,reservoir
FR,h1218,3.5670037460376394,scr2099,stInflow,reservoir
FR,h1219,3.5670037460376394,scr2099,stInflow,reservoir
FR,h1220,3.5670037460376394,scr2099,stInflow,reservoir
FR,h1221,3.5670037460376394,scr2099,stInflow,reservoir
FR,h1222,3.5670037460376394,scr2099,stInflow,reservoir
FR,h1223,3.5670037460376394,scr2099,stInflow,reservoir
FR,h1224,3.5670037460376394,scr2099,stInflow,reservoir
FR,h1225,3.5670037460376394,scr2099,stInflow,reservoir
FR,h1226,3.5670037460376394,scr2099,stInflow,reservoir
FR,h1227,3.5670037460376394,scr2099,stInflow,reservoir
FR,h1228,3.5670037460376394,scr2099,stInflow,reservoir
FR,h1229,3.5670037460376394,scr2099,stInflow,reservoir
FR,h1230,3.5670037460376394,scr2099,stInflow,reservoir
FR,h1231,3.5670037460376394,scr2099,stInflow,reservoir
FR,h1232,3.5670037460376394,scr2099,stInflow,reservoir
FR,h1233,3.5670037460376394,scr2099,stInflow,reservoir
FR,h1234,3.5670037460376394,scr2099,stInflow,reservoir
FR,h1235,3.5670037460376394,scr2099,stInflow,reservoir
FR,h1236,3.5670037460376394,scr2099,stInflow,reservoir
FR,h1237,3.5670037460376394,scr2099,stInflow,reservoir
FR,h1238,3.5670037460376394,scr2099,stInflow,reservoir
FR,h1239,3.5670037460376394,scr2099,stInflow,reservoir
FR,h1240,3.5670037460376394,scr2099,stInflow,reservoir
FR,h1241,3.5670037460376394,scr2099,stInflow,reservoir
FR,h1242,3.5670037460376394,scr2099,stInflow,reservoir
FR,h1243,3.5670037460376394,scr2099,stInflow,reservoir
FR,h1244,3.5670037460376394,scr2099,stInflow,reservoir
FR,h1245,3.5670037460376394,scr2099,stInflow,reservoir
FR,h1246,3.5670037460376394,scr2099,stInflow,reservoir
FR,h1247,3.5670037460376394,scr2099,stInflow,reservoir
FR,h1248,3.5670037460376394,scr2099,stInflow,reservoir
FR,h1249,3.5670037460376394,scr2099,stInflow,reservoir
FR,h1250,3.5670037460376394,scr2099,stInflow,reservoir
FR,h1251,3.5670037460376394,scr2099,stInflow,reservoir
FR,h1252,3.5670037460376394,scr2099,stInflow,reservoir
FR,h1253,3.5670037460376394,scr2099,stInflow,reservoir
FR,h1254,3.5670037460376394,scr2099,stInflow,reservoir
FR,h1255,3.5670037460376394,scr2099,stInflow,reservoir
FR,h1256,3.5670037460376394,scr2099,stInflow,reservoir
FR,h1257,3.5670037460376394,scr2099,stInflow,reservoir
FR,h1258,3.5670037460376394,scr2099,stInflow,reservoir
FR,h1259,3.5670037460376394,scr2099,stInflow,reservoir
FR,h1260,3.5670037460376394,scr2099,stInflow,reservoir
FR,h1261,3.5670037460376394,scr2099,stInflow,reservoir
FR,h1262,3.5670037460376394,scr2099,stInflow,reservoir
FR,h1263,3.5670037460376394,scr2099,stInflow,reservoir
FR,h1264,3.5670037460376394,scr2099,stInflow,reservoir
FR,h1265,3.5670037460376394,scr2099,stInflow,reservoir
FR,h1266,3.5670037460376394,scr2099,stInflow,reservoir
FR,h1267,3.5670037460376394,scr2099,stInflow,reservoir
FR,h1268,3.5670037460376394,scr2099,stInflow,reservoir
FR,h1269,3.5670037460376394,scr2099,stInflow,reservoir
FR,h1270,3.5670037460376394,scr2099,stInflow,reservoir
FR,h1271,3.5670037460376394,scr2099,stInflow,reservoir
FR,h1272,3.5670037460376394,scr2099,stInflow,reservoir
FR,h1273,3.4374780247467775,scr2099,stInflow,reservoir
FR,h1274,3.3079527915977254,scr2099,stInflow,reservoir
FR,h1275,3.178428065710455,scr2099,stInflow,reservoir
FR,h1276,3.178428065710455,scr2099,stInflow,reservoir
FR,h1277,3.178428065710455,scr2099,stInflow,reservoir
FR,h1278,3.178428065710455,scr2099,stInflow,reservoir
FR,h1279,3.178428065710455,scr2099,stInflow,reservoir
FR,h1280,3.178428065710455,scr2099,stInflow,reservoir
FR,h1281,3.178428065710455,scr2099,stInflow,reservoir
FR,h1282,3.178428065710455,scr2099,stInflow,reservoir
FR,h1283,3.178428065710455,scr2099,stInflow,reservoir
FR,h1284,3.178428065710455,scr2099,stInflow,reservoir
FR,h1285,3.178428065710455,scr2099,stInflow,reservoir
FR,h1286,3.178428065710455,scr2099,stInflow,reservoir
FR,h1287,3.178428065710455,scr2099,stInflow,reservoir
FR,h1288,3.178428065710455,scr2099,stInflow,reservoir
FR,h1289,3.178428065710455,scr2099,stInflow,reservoir
FR,h1290,3.178428065710455,scr2099,stInflow,reservoir
FR,h1291,3.178428065710455,scr2099,stInflow,reservoir
FR,h1292,3.178428065710455,scr2099,stInflow,reservoir
FR,h1293,3.178428065710455,scr2099,stInflow,reservoir
FR,h1294,3.178428065710455,scr2099,stInflow,reservoir
FR,h1295,3.178428065710455,scr2099,stInflow,reservoir
FR,h1296,3.178428065710455,scr2099,stInflow,reservoir
FR,h1297,3.178428065710455,scr2099,stInflow,reservoir
FR,h1298,3.178428065710455,scr2099,stInflow,reservoir
FR,h1299,3.178428065710455,scr2099,stInflow,reservoir
FR,h1300,3.178428065710455,scr2099,stInflow,reservoir
FR,h1301,3.178428065710455,scr2099,stInflow,reservoir
FR,h1302,3.178428065710455,scr2099,stInflow,reservoir
FR,h1303,3.178428065710455,scr2099,stInflow,reservoir
FR,h1304,3.178428065710455,scr2099,stInflow,reservoir
FR,h1305,3.178428065710455,scr2099,stInflow,reservoir
FR,h1306,3.178428065710455,scr2099,stInflow,reservoir
FR,h1307,3.178428065710455,scr2099,stInflow,reservoir
FR,h1308,3.178428065710455,scr2099,stInflow,reservoir
FR,h1309,3.178428065710455,scr2099,stInflow,reservoir
FR,h1310,3.178428065710455,scr2099,stInflow,reservoir
FR,h1311,3.178428065710455,scr2099,stInflow,reservoir
FR,h1312,3.178428065710455,scr2099,stInflow,reservoir
FR,h1313,3.178428065710455,scr2099,stInflow,reservoir
FR,h1314,3.178428065710455,scr2099,stInflow,reservoir
FR,h1315,3.178428065710455,scr2099,stInflow,reservoir
FR,h1316,3.178428065710455,scr2099,stInflow,reservoir
FR,h1317,3.178428065710455,scr2099,stInflow,reservoir
FR,h1318,3.178428065710455,scr2099,stInflow,reservoir
FR,h1319,3.178428065710455,scr2099,stInflow,reservoir
FR,h1320,3.178428065710455,scr2099,stInflow,reservoir
FR,h1321,3.178428065710455,scr2099,stInflow,reservoir
FR,h1322,3.178428065710455,scr2099,stInflow,reservoir
FR,h1323,3.178428065710455,scr2099,stInflow,reservoir
FR,h1324,3.178428065710455,scr2099,stInflow,reservoir
FR,h1325,3.178428065710455,scr2099,stInflow,reservoir
FR,h1326,3.178428065710455,scr2099,stInflow,reservoir
FR,h1327,3.178428065710455,scr2099,stInflow,reservoir
FR,h1328,3.178428065710455,scr2099,stInflow,reservoir
FR,h1329,3.178428065710455,scr2099,stInflow,reservoir
FR,h1330,3.178428065710455,scr2099,stInflow,reservoir
FR,h1331,3.178428065710455,scr2099,stInflow,reservoir
FR,h1332,3.178428065710455,scr2099,stInflow,reservoir
FR,h1333,3.178428065710455,scr2099,stInflow,reservoir
FR,h1334,3.178428065710455,scr2099,stInflow,reservoir
FR,h1335,3.178428065710455,scr2099,stInflow,reservoir
FR,h1336,3.178428065710455,scr2099,stInflow,reservoir
FR,h1337,3.178428065710455,scr2099,stInflow,reservoir
FR,h1338,3.178428065710455,scr2099,stInflow,reservoir
FR,h1339,3.178428065710455,scr2099,stInflow,reservoir
FR,h1340,3.178428065710455,scr2099,stInflow,reservoir
FR,h1341,3.178428065710455,scr2099,stInflow,reservoir
FR,h1342,3.178428065710455,scr2099,stInflow,reservoir
FR,h1343,3.178428065710455,scr2099,stInflow,reservoir
FR,h1344,3.178428065710455,scr2099,stInflow,reservoir
FR,h1345,3.178428065710455,scr2099,stInflow,reservoir
FR,h1346,3.178428065710455,scr2099,stInflow,reservoir
FR,h1347,3.178428065710455,scr2099,stInflow,reservoir
FR,h1348,3.178428065710455,scr2099,stInflow,reservoir
FR,h1349,3.178428065710455,scr2099,stInflow,reservoir
FR,h1350,3.178428065710455,scr2099,stInflow,reservoir
FR,h1351,3.178428065710455,scr2099,stInflow,reservoir
FR,h1352,3.178428065710455,scr2099,stInflow,reservoir
FR,h1353,3.178428065710455,scr2099,stInflow,reservoir
FR,h1354,3.178428065710455,scr2099,stInflow,reservoir
FR,h1355,3.178428065710455,scr2099,stInflow,reservoir
FR,h1356,3.178428065710455,scr2099,stInflow,reservoir
FR,h1357,3.178428065710455,scr2099,stInflow,reservoir
FR,h1358,3.178428065710455,scr2099,stInflow,reservoir
FR,h1359,3.178428065710455,scr2099,stInflow,reservoir
FR,h1360,3.178428065710455,scr2099,stInflow,reservoir
FR,h1361,3.178428065710455,scr2099,stInflow,reservoir
FR,h1362,3.178428065710455,scr2099,stInflow,reservoir
FR,h1363,3.178428065710455,scr2099,stInflow,reservoir
FR,h1364,3.178428065710455,scr2099,stInflow,reservoir
FR,h1365,3.178428065710455,scr2099,stInflow,reservoir
FR,h1366,3.178428065710455,scr2099,stInflow,reservoir
FR,h1367,3.178428065710455,scr2099,stInflow,reservoir
FR,h1368,3.178428065710455,scr2099,stInflow,reservoir
FR,h1369,3.178428065710455,scr2099,stInflow,reservoir
FR,h1370,3.178428065710455,scr2099,stInflow,reservoir
FR,h1371,3.178428065710455,scr2099,stInflow,reservoir
FR,h1372,3.178428065710455,scr2099,stInflow,reservoir
FR,h1373,3.178428065710455,scr2099,stInflow,reservoir
FR,h1374,3.178428065710455,scr2099,stInflow,reservoir
FR,h1375,3.178428065710455,scr2099,stInflow,reservoir
FR,h1376,3.178428065710455,scr2099,stInflow,reservoir
FR,h1377,3.178428065710455,scr2099,stInflow,reservoir
FR,h1378,3.178428065710455,scr2099,stInflow,reservoir
FR,h1379,3.178428065710455,scr2099,stInflow,reservoir
FR,h1380,3.178428065710455,scr2099,stInflow,reservoir
FR,h1381,3.178428065710455,scr2099,stInflow,reservoir
FR,h1382,3.178428065710455,scr2099,stInflow,reservoir
FR,h1383,3.178428065710455,scr2099,stInflow,reservoir
FR,h1384,3.178428065710455,scr2099,stInflow,reservoir
FR,h1385,3.178428065710455,scr2099,stInflow,reservoir
FR,h1386,3.178428065710455,scr2099,stInflow,reservoir
FR,h1387,3.178428065710455,scr2099,stInflow,reservoir
FR,h1388,3.178428065710455,scr2099,stInflow,reservoir
FR,h1389,3.178428065710455,scr2099,stInflow,reservoir
FR,h1390,3.178428065710455,scr2099,stInflow,reservoir
FR,h1391,3.178428065710455,scr2099,stInflow,reservoir
FR,h1392,3.178428065710455,scr2099,stInflow,reservoir
FR,h1393,3.178428065710455,scr2099,stInflow,reservoir
FR,h1394,3.178428065710455,scr2099,stInflow,reservoir
FR,h1395,3.178428065710455,scr2099,stInflow,reservoir
FR,h1396,3.178428065710455,scr2099,stInflow,reservoir
FR,h1397,3.178428065710455,scr2099,stInflow,reservoir
FR,h1398,3.178428065710455,scr2099,stInflow,reservoir
FR,h1399,3.178428065710455,scr2099,stInflow,reservoir
FR,h1400,3.178428065710455,scr2099,stInflow,reservoir
FR,h1401,3.178428065710455,scr2099,stInflow,reservoir
FR,h1402,3.178428065710455,scr2099,stInflow,reservoir
FR,h1403,3.178428065710455,scr2099,stInflow,reservoir
FR,h1404,3.178428065710455,scr2099,stInflow,reservoir
FR,h1405,3.178428065710455,scr2099,stInflow,reservoir
FR,h1406,3.178428065710455,scr2099,stInflow,reservoir
FR,h1407,3.178428065710455,scr2099,stInflow,reservoir
FR,h1408,3.178428065710455,scr2099,stInflow,reservoir
FR,h1409,3.178428065710455,scr2099,stInflow,reservoir
FR,h1410,3.178428065710455,scr2099,stInflow,reservoir
FR,h1411,3.178428065710455,scr2099,stInflow,reservoir
FR,h1412,3.178428065710455,scr2099,stInflow,reservoir
FR,h1413,3.178428065710455,scr2099,stInflow,reservoir
FR,h1414,3.178428065710455,scr2099,stInflow,reservoir
FR,h1415,3.178428065710455,scr2099,stInflow,reservoir
FR,h1416,3.178428065710455,scr2099,stInflow,reservoir
FR,h1417,3.178428065710455,scr2099,stInflow,reservoir
FR,h1418,3.178428065710455,scr2099,stInflow,reservoir
FR,h1419,3.178428065710455,scr2099,stInflow,reservoir
FR,h1420,3.178428065710455,scr2099,stInflow,reservoir
FR,h1421,3.178428065710455,scr2099,stInflow,reservoir
FR,h1422,3.178428065710455,scr2099,stInflow,reservoir
FR,h1423,3.178428065710455,scr2099,stInflow,reservoir
FR,h1424,3.178428065710455,scr2099,stInflow,reservoir
FR,h1425,3.178428065710455,scr2099,stInflow,reservoir
FR,h1426,3.178428065710455,scr2099,stInflow,reservoir
FR,h1427,3.178428065710455,scr2099,stInflow,reservoir
FR,h1428,3.178428065710455,scr2099,stInflow,reservoir
FR,h1429,3.178428065710455,scr2099,stInflow,reservoir
FR,h1430,3.178428065710455,scr2099,stInflow,reservoir
FR,h1431,3.178428065710455,scr2099,stInflow,reservoir
FR,h1432,3.178428065710455,scr2099,stInflow,reservoir
FR,h1433,3.178428065710455,scr2099,stInflow,reservoir
FR,h1434,3.178428065710455,scr2099,stInflow,reservoir
FR,h1435,3.178428065710455,scr2099,stInflow,reservoir
FR,h1436,3.178428065710455,scr2099,stInflow,reservoir
FR,h1437,3.178428065710455,scr2099,stInflow,reservoir
FR,h1438,3.178428065710455,scr2099,stInflow,reservoir
FR,h1439,3.178428065710455,scr2099,stInflow,reservoir
FR,h1440,3.178428065710455,scr2099,stInflow,reservoir
IT,h0721,1.1437819394525637,scr2099,stInflow,reservoir
IT,h0722,1.1437819394525637,scr2099,stInflow,reservoir
IT,h0723,1.1437819394525637,scr2099,stInflow,reservoir
IT,h0724,1.1437819394525637,scr2099,stInflow,reservoir
IT,h0725,1.1437819394525637,scr2099,stInflow,reservoir
IT,h0726,1.1437819394525637,scr2099,stInflow,reservoir
IT,h0727,1.1437819394525637,scr2099,stInflow,reservoir
IT,h0728,1.1437819394525637,scr2099,stInflow,reservoir
IT,h0729,1.1437819394525637,scr2099,stInflow,reservoir
IT,h0730,1.1437819394525637,scr2099,stInflow,reservoir
IT,h0731,1.1437819394525637,scr2099,stInflow,reservoir
IT,h0732,1.1437819394525637,scr2099,stInflow,reservoir
IT,h0733,1.1437819394525637,scr2099,stInflow,reservoir
IT,h0734,1.1437819394525637,scr2099,stInflow,reservoir
IT,h0735,1.1437819394525637,scr2099,stInflow,reservoir
IT,h0736,1.1437819394525637,scr2099,stInflow,reservoir
IT,h0737,1.1437819394525637,scr2099,stInflow,reservoir
IT,h0738,1.1437819394525637,scr2099,stInflow,reservoir
IT,h0739,1.1437819394525637,scr2099,stInflow,reservoir
IT,h0740,1.1437819394525637,scr2099,stInflow,reservoir
IT,h0741,1.1437819394525637,scr2099,stInflow,reservoir
IT,h0742,1.1437819394525637,scr2099,stInflow,reservoir
IT,h0743,1.1437819394525637,scr2099,stInflow,reservoir
IT,h0744,1.1437819394525637,scr2099,stInflow,reservoir
IT,h0745,1.1437819394525637,scr2099,stInflow,reservoir
IT,h0746,1.1437819394525637,scr2099,stInflow,reservoir
IT,h0747,1.1437819394525637,scr2099,stInflow,reservoir
IT,h0748,1.1437819394525637,scr2099,stInflow,reservoir
IT,h0749,1.1437819394525637,scr2099,stInflow,reservoir
IT,h0750,1.1437819394525637,scr2099,stInflow,reservoir
IT,h0751,1.1437819394525637,scr2099,stInflow,reservoir
IT,h0752,1.1437819394525637,scr2099,stInflow,reservoir
IT,h0753,1.1437819394525637,scr2099,stInflow,reservoir
IT,h0754,1.1437819394525637,scr2099,stInflow,reservoir
IT,h0755,1.1437819394525637,scr2099,stInflow,reservoir
IT,h0756,1.1437819394525637,scr2099,stInflow,reservoir
IT,h0757,1.1437819394525637,scr2099,stInflow,reservoir
IT,h0758,1.1437819394525637,scr2099,stInflow,reservoir
IT,h0759,1.1437819394525637,scr2099,stInflow,reservoir
IT,h0760,1.1437819394525637,scr2099,stInflow,reservoir
IT,h0761,1.1437819394525637,scr2099,stInflow,reservoir
IT,h0762,1.1437819394525637,scr2099,stInflow,reservoir
IT,h0763,1.1437819394525637,scr2099,stInflow,reservoir
IT,h0764,1.1437819394525637,scr2099,stInflow,reservoir
IT,h0765,1.1437819394525637,scr2099,stInflow,reservoir
IT,h0766,1.1437819394525637,scr2099,stInflow,reservoir
IT,h0767,1.1437819394525637,scr2099,stInflow,reservoir
IT,h0768,1.1437819394525637,scr2099,stInflow,reservoir
IT,h0769,1.1543629588649076,scr2099,stInflow,reservoir
IT,h0770,1.1649439879752062,scr2099,stInflow,reservoir
IT,h0771,1.1755250266953885,scr2099,stInflow,reservoir
IT,h0772,1.1755250266953885,scr2099,stInflow,reservoir
IT,h0773,1.1755250266953885,scr2099,stInflow,reservoir
IT,h0774,1.1755250266953885,scr2099,stInflow,reservoir
IT,h0775,1.1755250266953885,scr2099,stInflow,reservoir
IT,h0776,1.1755250266953885,scr2099,stInflow,reservoir
IT,h0777,1.1755250266953885,scr2099,stInflow,reservoir
IT,h0778,1.1755250266953885,scr2099,stInflow,reservoir
IT,h0779,1.1755250266953885,scr2099,stInflow,reservoir
IT,h0780,1.1755250266953885,scr2099,stInflow,reservoir
IT,h0781,1.1755250266953885,scr2099,stInflow,reservoir
IT,h0782,1.1755250266953885,scr2099,stInflow,reservoir
IT,h0783,1.1755250266953885,scr2099,stInflow,reservoir
IT,h0784,1.1755250266953885,scr2099,stInflow,reservoir
IT,h0785,1.1755250266953885,scr2099,stInflow,reservoir
IT,h0786,1.1755250266953885,scr2099,stInflow,reservoir
IT,h0787,1.1755250266953885,scr2099,stInflow,reservoir
IT,h0788,1.1755250266953885,scr2099,stInflow,reservoir
IT,h0789,1.1755250266953885,scr2099,stInflow,reservoir
IT,h0790,1.1755250266953885,scr2099,stInflow,reservoir
IT,h0791,1.1755250266953885,scr2099,stInflow,reservoir
IT,h0792,1.1755250266953885,scr2099,stInflow,reservoir
IT,h0793,1.1755250266953885,scr2099,stInflow,reservoir
IT,h0794,1.1755250266953885,scr2099,stInflow,reservoir
IT,h0795,1.1755250266953885,scr2099,stInflow,reservoir
IT,h0796,1.1755250266953885,scr2099,stInflow,reservoir
IT,h0797,1.1755250266953885,scr2099,stInflow,reservoir
IT,h0798,1.1755250266953885,scr2099,stInflow,reservoir
IT,h0799,1.1755250266953885,scr2099,stInflow,reservoir
IT,h0800,1.1755250266953885,scr2099,stInflow,reservoir
IT,h0801,1.1755250266953885,scr2099,stInflow,reservoir
IT,h0802,1.1755250266953885,scr2099,stInflow,reservoir
IT,h0803,1.1755250266953885,scr2099,stInflow,reservoir
IT,h0804,1.1755250266953885,scr2099,stInflow,reservoir
IT,h0805,1.1755250266953885,scr2099,stInflow,reservoir
IT,h0806,1.1755250266953885,scr2099,stInflow,reservoir
IT,h0807,1.1755250266953885,scr2099,stInflow,reservoir
IT,h0808,1.1755250266953885,scr2099,stInflow,reservoir
IT,h0809,1.1755250266953885,scr2099,stInflow,reservoir
IT,h0810,1.1755250266953885,scr2099,stInflow,reservoir
IT,h0811,1.1755250266953885,scr2099,stInflow,reservoir
IT,h0812,1.1755250266953885,scr2099,stInflow,reservoir
IT,h0813,1.1755250266953885,scr2099,stInflow,reservoir
IT,h0814,1.1755250266953885,scr2099,stInflow,reservoir
IT,h0815,1.1755250266953885,scr2099,stInflow,reservoir
IT,h0816,1.1755250266953885,scr2099,stInflow,reservoir
IT,h0817,1.1755250266953885,scr2099,stInflow,reservoir
IT,h0818,1.1755250266953885,scr2099,stInflow,reservoir
IT,h0819,1.1755250266953885,scr2099,stInflow,reservoir
IT,h0820,1.1755250266953885,scr2099,stInflow,reservoir
IT,h0821,1.1755250266953885,scr2099,stInflow,reservoir
IT,h0822,1.1755250266953885,scr2099,stInflow,reservoir
IT,h0823,1.1755250266953885,scr2099,stInflow,reservoir
IT,h0824,1.1755250266953885,scr2099,stInflow,reservoir
IT,h0825,1.1755250266953885,scr2099,stInflow,reservoir
IT,h0826,1.1755250266953885,scr2099,stInflow,reservoir
IT,h0827,1.1755250266953885,scr2099,stInflow,reservoir
IT,h0828,1.1755250266953885,scr2099,stInflow,reservoir
IT,h0829,1.1755250266953885,scr2099,stInflow,reservoir
IT,h0830,1.1755250266953885,scr2099,stInflow,reservoir
IT,h0831,1.1755250266953885,scr2099,stInflow,reservoir
IT,h0832,1.1755250266953885,scr2099,stInflow,reservoir
IT,h0833,1.1755250266953885,scr2099,stInflow,reservoir
IT,h0834,1.1755250266953885,scr2099,stInflow,reservoir
IT,h0835,1.1755250266953885,scr2099,stInflow,reservoir
IT,h0836,1.1755250266953885,scr2099,stInflow,reservoir
IT,h0837,1.1755250266953885,scr2099,stInflow,reservoir
IT,h0838,1.1755250266953885,scr2099,stInflow,reservoir
IT,h0839,1.1755250266953885,scr2099,stInflow,reservoir
IT,h0840,1.1755250266953885,scr2099,stInflow,reservoir
IT,h0841,1.1755250266953885,scr2099,stInflow,reservoir
IT,h0842,1.1755250266953885,scr2099,stInflow,reservoir
IT,h0843,1.1755250266953885,scr2099,stInflow,reservoir
IT,h0844,1.1755250266953885,scr2099,stInflow,reservoir
IT,h0845,1.1755250266953885,scr2099,stInflow,reservoir
IT,h0846,1.1755250266953885,scr2099,stInflow,reservoir
IT,h0847,1.1755250266953885,scr2099,stInflow,reservoir
IT,h0848,1.1755250266953885,scr2099,stInflow,reservoir
IT,h0849,1.1755250266953885,scr2099,stInflow,reservoir
IT,h0850,1.1755250266953885,scr2099,stInflow,reservoir
IT,h0851,1.1755250266953885,scr2099,stInflow,reservoir
IT,h0852,1.1755250266953885,scr2099,stInflow,reservoir
IT,h0853,1.1755250266953885,scr2099,stInflow,reservoir
IT,h0854,1.1755250266953885,scr2099,stInflow,reservoir
IT,h0855,1.1755250266953885,scr2099,stInflow,reservoir
IT,h0856,1.1755250266953885,scr2099,stInflow,reservoir
IT,h0857,1.1755250266953885,scr2099,stInflow,reservoir
IT,h0858,1.1755250266953885,scr2099,stInflow,reservoir
IT,h0859,1.1755250266953885,scr2099,stInflow,reservoir
IT,h0860,1.1755250266953885,scr2099,stInflow,reservoir
IT,h0861,1.1755250266953885,scr2099,stInflow,reservoir
IT,h0862,1.1755250266953885,scr2099,stInflow,reservoir
IT,h0863,1.1755250266953885,scr2099,stInflow,reservoir
IT,h0864,1.1755250266953885,scr2099,stInflow,reservoir
IT,h0865,1.1755250266953885,scr2099,stInflow,reservoir
IT,h0866,1.1755250266953885,scr2099,stInflow,reservoir
IT,h0867,1.1755250266953885,scr2099,stInflow,reservoir
IT,h0868,1.1755250266953885,scr2099,stInflow,reservoir
IT,h0869,1.1755250266953885,scr2099,stInflow,reservoir
IT,h0870,1.1755250266953885,scr2099,stInflow,reservoir
IT,h0871,1.1755250266953885,scr2099,stInflow,reservoir
IT,h0872,1.1755250266953885,scr2099,stInflow,reservoir
IT,h0873,1.1755250266953885,scr2099,stInflow,reservoir
IT,h0874,1.1755250266953885,scr2099,stInflow,reservoir
IT,h0875,1.1755250266953885,scr2099,stInflow,reservoir
IT,h0876,1.1755250266953885,scr2099,stInflow,reservoir
IT,h0877,1.1755250266953885,scr2099,stInflow,reservoir
IT,h0878,1.1755250266953885,scr2099,stInflow,reservoir
IT,h0879,1.1755250266953885,scr2099,stInflow,reservoir
IT,h0880,1.1755250266953885,scr2099,stInflow,reservoir
IT,h0881,1.1755250266953885,scr2099,stInflow,reservoir
IT,h0882,1.1755250266953885,scr2099,stInflow,reservoir
IT,h0883,1.1755250266953885,scr2099,stInflow,reservoir
IT,h0884,1.1755250266953885,scr2099,stInflow,reservoir
IT,h0885,1.1755250266953885,scr2099,stInflow,reservoir
IT,h0886,1.1755250266953885,scr2099,stInflow,reservoir
IT,h0887,1.1755250266953885,scr2099,stInflow,reservoir
IT,h0888,1.1755250266953885,scr2099,stInflow,reservoir
IT,h0889,1.1755250266953885,scr2099,stInflow,reservoir
IT,h0890,1.1755250266953885,scr2099,stInflow,reservoir
IT,h0891,1.1755250266953885,scr2099,stInflow,reservoir
IT,h0892,1.1755250266953885,scr2099,stInflow,reservoir
IT,h0893,1.1755250266953885,scr2099,stInflow,reservoir
IT,h0894,1.1755250266953885,scr2099,stInflow,reservoir
IT,h0895,1.1755250266953885,scr2099,stInflow,reservoir
IT,h0896,1.1755250266953885,scr2099,stInflow,reservoir
IT,h0897,1.1755250266953885,scr2099,stInflow,reservoir
IT,h0898,1.1755250266953885,scr2099,stInflow,reservoir
IT,h0899,1.1755250266953885,scr2099,stInflow,reservoir
IT,h0900,1.1755250266953885,scr2099,stInflow,reservoir
IT,h0901,1.1755250266953885,scr2099,stInflow,reservoir
IT,h0902,1.1755250266953885,scr2099,stInflow,reservoir
IT,h0903,1.1755250266953885,scr2099,stInflow,reservoir
IT,h0904,1.1755250266953885,scr2099,stInflow,reservoir
IT,h0905,1.1755250266953885,scr2099,stInflow,reservoir
IT,h0906,1.1755250266953885,scr2099,stInflow,reservoir
IT,h0907,1.1755250266953885,scr2099,stInflow,reservoir
IT,h0908,1.1755250266953885,scr2099,stInflow,reservoir
IT,h0909,1.1755250266953885,scr2099,stInflow,reservoir
IT,h0910,1.1755250266953885,scr2099,stInflow,reservoir
IT,h0911,1.1755250266953885,scr2099,stInflow,reservoir
IT,h0912,1.1755250266953885,scr2099,stInflow,reservoir
IT,h0913,1.1755250266953885,scr2099,stInflow,reservoir
IT,h0914,1.1755250266953885,scr2099,stInflow,reservoir
IT,h0915,1.1755250266953885,scr2099,stInflow,reservoir
IT,h0916,1.1755250266953885,scr2099,stInflow,reservoir
IT,h0917,1.1755250266953885,scr2099,stInflow,reservoir
IT,h0918,1.1755250266953885,scr2099,stInflow,reservoir
IT,h0919,1.1755250266953885,scr2099,stInflow,reservoir
IT,h0920,1.1755250266953885,scr2099,stInflow,reservoir
IT,h0921,1.1755250266953885,scr2099,stInflow,reservoir
IT,h0922,1.1755250266953885,scr2099,stInflow,reservoir
IT,h0923,1.1755250266953885,scr2099,stInflow,reservoir
IT,h0924,1.1755250266953885,scr2099,stInflow,reservoir
IT,h0925,1.1755250266953885,scr2099,stInflow,reservoir
IT,h0926,1.1755250266953885,scr2099,stInflow,reservoir
IT,h0927,1.1755250266953885,scr2099,stInflow,reservoir
IT,h0928,1.1755250266953885,scr2099,stInflow,reservoir
IT,h0929,1.1755250266953885,scr2099,stInflow,reservoir
IT,h0930,1.1755250266953885,scr2099,stInflow,reservoir
IT,h0931,1.1755250266953885,scr2099,stInflow,reservoir
IT,h0932,1.1755250266953885,scr2099,stInflow,reservoir
IT,h0933,1.1755250266953885,scr2099,stInflow,reservoir
IT,h0934,1.1755250266953885,scr2099,stInflow,reservoir
IT,h0935,1.1755250266953885,scr2099,stInflow,reservoir
IT,h0936,1.1755250266953885,scr2099,stInflow,reservoir
IT,h0937,1.1675406263894905,scr2099,stInflow,reservoir
IT,h0938,1.1595562315433916,scr2099,stInflow,reservoir
IT,h0939,1.1515718421946801,scr2099,stInflow,reservoir
IT,h0940,1.1515718421946801,scr2099,stInflow,reservoir
IT,h0941,1.1515718421946801,scr2099,stInflow,reservoir
IT,h0942,1.1515718421946801,scr2099,stInflow,reservoir
IT,h0943,1.1515718421946801,scr2099,stInflow,reservoir
IT,h0944,1.1515718421946801,scr2099,stInflow,reservoir
IT,h0945,1.1515718421946801,scr2099,stInflow,reservoir
IT,h0946,1.1515718421946801,scr2099,stInflow,reservoir
IT,h0947,1.1515718421946801,scr2099,stInflow,reservoir
IT,h0948,1.1515718421946801,scr2099,stInflow,reservoir
IT,h0949,1.1515718421946801,scr2099,stInflow,reservoir
IT,h0950,1.1515718421946801,scr2099,stInflow,reservoir
IT,h0951,1.1515718421946801,scr2099,stInflow,reservoir
IT,h0952,1.1515718421946801,scr2099,stInflow,reservoir
IT,h0953,1.1515718421946801,scr2099,stInflow,reservoir
IT,h0954,1.1515718421946801,scr2099,stInflow,reservoir
IT,h0955,1.1515718421946801,scr2099,stInflow,reservoir
IT,h0956,1.1515718421946801,scr2099,stInflow,reservoir
IT,h0957,1.1515718421946801,scr2099,stInflow,reservoir
IT,h0958,1.1515718421946801,scr2099,stInflow,reservoir
IT,h0959,1.1515718421946801,scr2099,stInflow,reservoir
IT,h0960,1.1515718421946801,scr2099,stInflow,reservoir
IT,h0961,1.1515718421946801,scr2099,stInflow,reservoir
IT,h0962,1.1515718421946801,scr2099,stInflow,reservoir
IT,h0963,1.1515718421946801,scr2099,stInflow,reservoir
IT,h0964,1.1515718421946801,scr2099,stInflow,reservoir
IT,h0965,1.1515718421946801,scr2099,stInflow,reservoir
IT,h0966,1.1515718421946801,scr2099,stInflow,reservoir
IT,h0967,1.1515718421946801,scr2099,stInflow,reservoir
IT,h0968,1.1515718421946801,scr2099,stInflow,reservoir
IT,h0969,1.1515718421946801,scr2099,stInflow,reservoir
IT,h0970,1.1515718421946801,scr2099,stInflow,reservoir
IT,h0971,1.1515718421946801,scr2099,stInflow,reservoir
IT,h0972,1.1515718421946801,scr2099,stInflow,reservoir
IT,h0973,1.1515718421946801,scr2099,stInflow,reservoir
IT,h0974,1.1515718421946801,scr2099,stInflow,reservoir
IT,h0975,1.1515718421946801,scr2099,stInflow,reservoir
IT,h0976,1.1515718421946801,scr2099,stInflow,reservoir
IT,h0977,1.1515718421946801,scr2099,stInflow,reservoir
IT,h0978,1.1515718421946801,scr2099,stInflow,reservoir
IT,h0979,1.1515718421946801,scr2099,stInflow,reservoir
IT,h0980,1.1515718421946801,scr2099,stInflow,reservoir
IT,h0981,1.1515718421946801,scr2099,stInflow,reservoir
IT,h0982,1.1515718421946801,scr2099,stInflow,reservoir
IT,h0983,1.1515718421946801,scr2099,stInflow,reservoir
IT,h0984,1.1515718421946801,scr2099,stInflow,reservoir
IT,h0985,1.1515718421946801,scr2099,stInflow,reservoir
IT,h0986,1.1515718421946801,scr2099,stInflow,reservoir
IT,h0987,1.1515718421946801,scr2099,stInflow,reservoir
IT,h0988,1.1515718421946801,scr2099,stInflow,reservoir
IT,h0989,1.1515718421946801,scr2099,stInflow,reservoir
IT,h0990,1.1515718421946801,scr2099,stInflow,reservoir
IT,h0991,1.1515718421946801,scr2099,stInflow,reservoir
IT,h0992,1.1515718421946801,scr2099,stInflow,reservoir
IT,h0993,1.1515718421946801,scr2099,stInflow,reservoir
IT,h0994,1.1515718421946801,scr2099,stInflow,reservoir
IT,h0995,1.1515718421946801,scr2099,stInflow,reservoir
IT,h0996,1.1515718421946801,scr2099,stInflow,reservoir
IT,h0997,1.1515718421946801,scr2099,stInflow,reservoir
IT,h0998,1.1515718421946801,scr2099,stInflow,reservoir
IT,h0999,1.1515718421946801,scr2099,stInflow,reservoir
IT,h1000,1.1515718421946801,scr2099,stInflow,reservoir
IT,h1001,1.1515718421946801,scr2099,stInflow,reservoir
IT,h1002,1.1515718421946801,scr2099,stInflow,reservoir
IT,h1003,1.1515718421946801,scr2099,stInflow,reservoir
IT,h1004,1.1515718421946801,scr2099,stInflow,reservoir
IT,h1005,1.1515718421946801,scr2099,stInflow,reservoir
IT,h1006,1.1515718421946801,scr2099,stInflow,reservoir
IT,h1007,1.1515718421946801,scr2099,stInflow,reservoir
IT,h1008,1.1515718421946801,scr2099,stInflow,reservoir
IT,h1009,1.1515718421946801,scr2099,stInflow,reservoir
IT,h1010,1.1515718421946801,scr2099,stInflow,reservoir
IT,h1011,1.1515718421946801,scr2099,stInflow,reservoir
IT,h1012,1.1515718421946801,scr2099,stInflow,reservoir
IT,h1013,1.1515718421946801,scr2099,stInflow,reservoir
IT,h1014,1.1515718421946801,scr2099,stInflow,reservoir
IT,h1015,1.1515718421946801,scr2099,stInflow,reservoir
IT,h1016,1.1515718421946801,scr2099,stInflow,reservoir
IT,h1017,1.1515718421946801,scr2099,stInflow,reservoir
IT,h1018,1.1515718421946801,scr2099,stInflow,reservoir
IT,h1019,1.1515718421946801,scr2099,stInflow,reservoir
IT,h1020,1.1515718421946801,scr2099,stInflow,reservoir
IT,h1021,1.1515718421946801,scr2099,stInflow,reservoir
IT,h1022,1.1515718421946801,scr2099,stInflow,reservoir
IT,h1023,1.1515718421946801,scr2099,stInflow,reservoir
IT,h1024,1.1515718421946801,scr2099,stInflow,reservoir
IT,h1025,1.1515718421946801,scr2099,stInflow,reservoir
IT,h1026,1.1515718421946801,scr2099,stInflow,reservoir
IT,h1027,1.1515718421946801,scr2099,stInflow,reservoir
IT,h1028,1.1515718421946801,scr2099,stInflow,reservoir
IT,h1029,1.1515718421946801,scr2099,stInflow,reservoir
IT,h1030,1.1515718421946801,scr2099,stInflow,reservoir
IT,h1031,1.1515718421946801,scr2099,stInflow,reservoir
IT,h1032,1.1515718421946801,scr2099,stInflow,reservoir
IT,h1033,1.1515718421946801,scr2099,stInflow,reservoir
IT,h1034,1.1515718421946801,scr2099,stInflow,reservoir
IT,h1035,1.1515718421946801,scr2099,stInflow,reservoir
IT,h1036,1.1515718421946801,scr2099,stInflow,reservoir
IT,h1037,1.1515718421946801,scr2099,stInflow,reservoir
IT,h1038,1.1515718421946801,scr2099,stInflow,reservoir
IT,h1039,1.1515718421946801,scr2099,stInflow,reservoir
IT,h1040,1.1515718421946801,scr2099,stInflow,reservoir
IT,h1041,1.1515718421946801,scr2099,stInflow,reservoir
IT,h1042,1.1515718421946801,scr2099,stInflow,reservoir
IT,h1043,1.1515718421946801,scr2099,stInflow,reservoir
IT,h1044,1.1515718421946801,scr2099,stInflow,reservoir
IT,h1045,1.1515718421946801,scr2099,stInflow,reservoir
IT,h1046,1.1515718421946801,scr2099,stInflow,reservoir
IT,h1047,1.1515718421946801,scr2099,stInflow,reservoir
IT,h1048,1.1515718421946801,scr2099,stInflow,reservoir
IT,h1049,1.1515718421946801,scr2099,stInflow,reservoir
IT,h1050,1.1515718421946801,scr2099,stInflow,reservoir
IT,h1051,1.1515718421946801,scr2099,stInflow,reservoir
IT,h1052,1.1515718421946801,scr2099,stInflow,reservoir
IT,h1053,1.1515718421946801,scr2099,stInflow,reservoir
IT,h1054,1.1515718421946801,scr2099,stInflow,reservoir
IT,h1055,1.1515718421946801,scr2099,stInflow,reservoir
IT,h1056,1.1515718421946801,scr2099,stInflow,reservoir
IT,h1057,1.1515718421946801,scr2099,stInflow,reservoir
IT,h1058,1.1515718421946801,scr2099,stInflow,reservoir
IT,h1059,1.1515718421946801,scr2099,stInflow,reservoir
IT,h1060,1.1515718421946801,scr2099,stInflow,reservoir
IT,h1061,1.1515718421946801,scr2099,stInflow,reservoir
IT,h1062,1.1515718421946801,scr2099,stInflow,reservoir
IT,h1063,1.1515718421946801,scr2099,stInflow,reservoir
IT,h1064,1.1515718421946801,scr2099,stInflow,reservoir
IT,h1065,1.1515718421946801,scr2099,stInflow,reservoir
IT,h1066,1.1515718421946801,scr2099,stInflow,reservoir
IT,h1067,1.1515718421946801,scr2099,stInflow,reservoir
IT,h1068,1.1515718421946801,scr2099,stInflow,reservoir
IT,h1069,1.1515718421946801,scr2099,stInflow,reservoir
IT,h1070,1.1515718421946801,scr2099,stInflow,reservoir
IT,h1071,1.1515718421946801,scr2099,stInflow,reservoir
IT,h1072,1.1515718421946801,scr2099,stInflow,reservoir
IT,h1073,1.1515718421946801,scr2099,stInflow,reservoir
IT,h1074,1.1515718421946801,scr2099,stInflow,reservoir
IT,h1075,1.1515718421946801,scr2099,stInflow,reservoir
IT,h1076,1.1515718421946801,scr2099,stInflow,reservoir
IT,h1077,1.1515718421946801,scr2099,stInflow,reservoir
IT,h1078,1.1515718421946801,scr2099,stInflow,reservoir
IT,h1079,1.1515718421946801,scr2099,stInflow,reservoir
IT,h1080,1.1515718421946801,scr2099,stInflow,reservoir
IT,h1081,1.1515718421946801,scr2099,stInflow,reservoir
IT,h1082,1.1515718421946801,scr2099,stInflow,reservoir
IT,h1083,1.1515718421946801,scr2099,stInflow,reservoir
IT,h1084,1.1515718421946801,scr2099,stInflow,reservoir
IT,h1085,1.1515718421946801,scr2099,stInflow,reservoir
IT,h1086,1.1515718421946801,scr2099,stInflow,reservoir
IT,h1087,1.1515718421946801,scr2099,stInflow,reservoir
IT,h1088,1.1515718421946801,scr2099,stInflow,reservoir
IT,h1089,1.1515718421946801,scr2099,stInflow,reservoir
IT,h1090,1.1515718421946801,scr2099,stInflow,reservoir
IT,h1091,1.1515718421946801,scr2099,stInflow,reservoir
IT,h1092,1.1515718421946801,scr2099,stInflow,reservoir
IT,h1093,1.1515718421946801,scr2099,stInflow,reservoir
IT,h1094,1.1515718421946801,scr2099,stInflow,reservoir
IT,h1095,1.1515718421946801,scr2099,stInflow,reservoir
IT,h1096,1.1515718421946801,scr2099,stInflow,reservoir
IT,h1097,1.1515718421946801,scr2099,stInflow,reservoir
IT,h1098,1.1515718421946801,scr2099,stInflow,reservoir
IT,h1099,1.1515718421946801,scr2099,stInflow,reservoir
IT,h1100,1.1515718421946801,scr2099,stInflow,reservoir
IT,h1101,1.1515718421946801,scr2099,stInflow,reservoir
IT,h1102,1.1515718421946801,scr2099,stInflow,reservoir
IT,h1103,1.1515718421946801,scr2099,stInflow,reservoir
IT,h1104,1.1515718421946801,scr2099,stInflow,reservoir
IT,h1105,1.1379965629802746,scr2099,stInflow,reservoir
IT,h1106,1.1244212999588745,scr2099,stInflow,reservoir
IT,h1107,1.1108460533259525,scr2099,stInflow,reservoir
IT,h1108,1.1108460533259525,scr2099,stInflow,reservoir
IT,h1109,1.1108460533259525,scr2099,stInflow,reservoir
IT,h1110,1.1108460533259525,scr2099,stInflow,reservoir
IT,h1111,1.1108460533259525,scr2099,stInflow,reservoir
IT,h1112,1.1108460533259525,scr2099,stInflow,reservoir
IT,h1113,1.1108460533259525,scr2099,stInflow,reservoir
IT,h1114,1.1108460533259525,scr2099,stInflow,reservoir
IT,h1115,1.1108460533259525,scr2099,stInflow,reservoir
IT,h1116,1.1108460533259525,scr2099,stInflow,reservoir
IT,h1117,1.1108460533259525,scr2099,stInflow,reservoir
IT,h1118,1.1108460533259525,scr2099,stInflow,reservoir
IT,h1119,1.1108460533259525,scr2099,stInflow,reservoir
IT,h1120,1.1108460533259525,scr2099,stInflow,reservoir
IT,h1121,1.1108460533259525,scr2099,stInflow,reservoir
IT,h1122,1.1108460533259525,scr2099,stInflow,reservoir
IT,h1123,1.1108460533259525,scr2099,stInflow,reservoir
IT,h1124,1.1108460533259525,scr2099,stInflow,reservoir
IT,h1125,1.1108460533259525,scr2099,stInflow,reservoir
IT,h1126,1.1108460533259525,scr2099,stInflow,reservoir
IT,h1127,1.1108460533259525,scr2099,stInflow,reservoir
IT,h1128,1.1108460533259525,scr2099,stInflow,reservoir
IT,h1129,1.1108460533259525,scr2099,stInflow,reservoir
IT,h1130,1.1108460533259525,scr2099,stInflow,reservoir
IT,h1131,1.1108460533259525,scr2099,stInflow,reservoir
IT,h1132,1.1108460533259525,scr2099,stInflow,reservoir
IT,h1133,1.1108460533259525,scr2099,stInflow,reservoir
IT,h1134,1.1108460533259525,scr2099,stInflow,reservoir
IT,h1135,1.1108460533259525,scr2099,stInflow,reservoir
IT,h1136,1.1108460533259525,scr2099,stInflow,reservoir
IT,h1137,1.1108460533259525,scr2099,stInflow,reservoir
IT,h1138,1.1108460533259525,scr2099,stInflow,reservoir
IT,h1139,1.1108460533259525,scr2099,stInflow,reservoir
IT,h1140,1.1108460533259525,scr2099,stInflow,reservoir
IT,h1141,1.1108460533259525,scr2099,stInflow,reservoir
IT,h1142,1.1108460533259525,scr2099,stInflow,reservoir
IT,h1143,1.1108460533259525,scr2099,stInflow,reservoir
IT,h1144,1.1108460533259525,scr2099,stInflow,reservoir
IT,h1145,1.1108460533259525,scr2099,stInflow,reservoir
IT,h1146,1.1108460533259525,scr2099,stInflow,reservoir
IT,h1147,1.1108460533259525,scr2099,stInflow,reservoir
IT,h1148,1.1108460533259525,scr2099,stInflow,reservoir
IT,h1149,1.1108460533259525,scr2099,stInflow,reservoir
IT,h1150,1.1108460533259525,scr2099,stInflow,reservoir
IT,h1151,1.1108460533259525,scr2099,stInflow,reservoir
IT,h1152,1.1108460533259525,scr2099,stInflow,reservoir
IT,h1153,1.1108460533259525,scr2099,stInflow,reservoir
IT,h1154,1.1108460533259525,scr2099,stInflow,reservoir
IT,h1155,1.1108460533259525,scr2099,stInflow,reservoir
IT,h1156,1.1108460533259525,scr2099,stInflow,reservoir
IT,h1157,1.1108460533259525,scr2099,stInflow,reservoir
IT,h1158,1.1108460533259525,scr2099,stInflow,reservoir
IT,h1159,1.1108460533259525,scr2099,stInflow,reservoir
IT,h1160,1.1108460533259525,scr2099,stInflow,reservoir
IT,h1161,1.1108460533259525,scr2099,stInflow,reservoir
IT,h1162,1.1108460533259525,scr2099,stInflow,reservoir
IT,h1163,1.1108460533259525,scr2099,stInflow,reservoir
IT,h1164,1.1108460533259525,scr2099,stInflow,reservoir
IT,h1165,1.1108460533259525,scr2099,stInflow,reservoir
IT,h1166,1.1108460533259525,scr2099,stInflow,reservoir
IT,h1167,1.1108460533259525,scr2099,stInflow,reservoir
IT,h1168,1.1108460533259525,scr2099,stInflow,reservoir
IT,h1169,1.1108460533259525,scr2099,stInflow,reservoir
IT,h1170,1.1108460533259525,scr2099,stInflow,reservoir
IT,h1171,1.1108460533259525,scr2099,stInflow,reservoir
IT,h1172,1.1108460533259525,scr2099,stInflow,reservoir
IT,h1173,1.1108460533259525,scr2099,stInflow,reservoir
IT,h1174,1.1108460533259525,scr2099,stInflow,reservoir
IT,h1175,1.1108460533259525,scr2099,stInflow,reservoir
IT,h1176,1.1108460533259525,scr2099,stInflow,reservoir
IT,h1177,1.1108460533259525,scr2099,stInflow,reservoir
IT,h1178,1.1108460533259525,scr2099,stInflow,reservoir
IT,h1179,1.1108460533259525,scr2099,stInflow,reservoir
IT,h1180,1.1108460533259525,scr2099,stInflow,reservoir
IT,h1181,1.1108460533259525,scr2099,stInflow,reservoir
IT,h1182,1.1108460533259525,scr2099,stInflow,reservoir
IT,h1183,1.1108460533259525,scr2099,stInflow,reservoir
IT,h1184,1.1108460533259525,scr2099,stInflow,reservoir
IT,h1185,1.1108460533259525,scr2099,stInflow,reservoir
IT,h1186,1.1108460533259525,scr2099,stInflow,reservoir
IT,h1187,1.1108460533259525,scr2099,stInflow,reservoir
IT,h1188,1.1108460533259525,scr2099,stInflow,reservoir
IT,h1189,1.1108460533259525,scr2099,stInflow,reservoir
IT,h1190,1.1108460533259525,scr2099,stInflow,reservoir
IT,h1191,1.1108460533259525,scr2099,stInflow,reservoir
IT,h1192,1.1108460533259525,scr2099,stInflow,reservoir
IT,h1193,1.1108460533259525,scr2099,stInflow,reservoir
IT,h1194,1.1108460533259525,scr2099,stInflow,reservoir
IT,h1195,1.1108460533259525,scr2099,stInflow,reservoir
IT,h1196,1.1108460533259525,scr2099,stInflow,reservoir
IT,h1197,1.1108460533259525,scr2099,stInflow,reservoir
IT,h1198,1.1108460533259525,scr2099,stInflow,reservoir
IT,h1199,1.1108460533259525,scr2099,stInflow,reservoir
IT,h1200,1.1108460533259525,scr2099,stInflow,reservoir
IT,h1201,1.1108460533259525,scr2099,stInflow,reservoir
IT,h1202,1.1108460533259525,scr2099,stInflow,reservoir
IT,h1203,1.1108460533259525,scr2099,stInflow,reservoir
IT,h1204,1.1108460533259525,scr2099,stInflow,reservoir
IT,h1205,1.1108460533259525,scr2099,stInflow,reservoir
IT,h1206,1.1108460533259525,scr2099,stInflow,reservoir
IT,h1207,1.1108460533259525,scr2099,stInflow,reservoir
IT,h1208,1.1108460533259525,scr2099,stInflow,reservoir
IT,h1209,1.1108460533259525,scr2099,stInflow,reservoir
IT,h1210,1.1108460533259525,scr2099,stInflow,reservoir
IT,h1211,1.1108460533259525,scr2099,stInflow,reservoir
IT,h1212,1.1108460533259525,scr2099,stInflow,reservoir
IT,h1213,1.1108460533259525,scr2099,stInflow,reservoir
IT,h1214,1.1108460533259525,scr2099,stInflow,reservoir
IT,h1215,1.1108460533259525,scr2099,stInflow,reservoir
IT,h1216,1.1108460533259525,scr2099,stInflow,reservoir
IT,h1217,1.1108460533259525,scr2099,stInflow,reservoir
IT,h1218,1.1108460533259525,scr2099,stInflow,reservoir
IT,h1219,1.1108460533259525,scr2099,stInflow,reservoir
IT,h1220,1.1108460533259525,scr2099,stInflow,reservoir
IT,h1221,1.1108460533259525,scr2099,stInflow,reservoir
IT,h1222,1.1108460533259525,scr2099,stInflow,reservoir
IT,h1223,1.1108460533259525,scr2099,stInflow,reservoir
IT,h1224,1.1108460533259525,scr2099,stInflow,reservoir
IT,h1225,1.1108460533259525,scr2099,stInflow,reservoir
IT,h1226,1.1108460533259525,scr2099,stInflow,reservoir
IT,h1227,1.1108460533259525,scr2099,stInflow,reservoir
IT,h1228,1.1108460533259525,scr2099,stInflow,reservoir
IT,h1229,1.1108460533259525,scr2099,stInflow,reservoir
IT,h1230,1.1108460533259525,scr2099,stInflow,reservoir
IT,h1231,1.1108460533259525,scr2099,stInflow,reservoir
IT,h1232,1.1108460533259525,scr2099,stInflow,reservoir
IT,h1233,1.1108460533259525,scr2099,stInflow,reservoir
IT,h1234,1.1108460533259525,scr2099,stInflow,reservoir
IT,h1235,1.1108460533259525,scr2099,stInflow,reservoir
IT,h1236,1.1108460533259525,scr2099,stInflow,reservoir
IT,h1237,1.1108460533259525,scr2099,stInflow,reservoir
IT,h1238,1.1108460533259525,scr2099,stInflow,reservoir
IT,h1239,1.1108460533259525,scr2099,stInflow,reservoir
IT,h1240,1.1108460533259525,scr2099,stInflow,reservoir
IT,h1241,1.1108460533259525,scr2099,stInflow,reservoir
IT,h1242,1.1108460533259525,scr2099,stInflow,reservoir
IT,h1243,1.1108460533259525,scr2099,stInflow,reservoir
IT,h1244,1.1108460533259525,scr2099,stInflow,reservoir
IT,h1245,1.1108460533259525,scr2099,stInflow,reservoir
IT,h1246,1.1108460533259525,scr2099,stInflow,reservoir
IT,h1247,1.1108460533259525,scr2099,stInflow,reservoir
IT,h1248,1.1108460533259525,scr2099,stInflow,reservoir
IT,h1249,1.1108460533259525,scr2099,stInflow,reservoir
IT,h1250,1.1108460533259525,scr2099,stInflow,reservoir
IT,h1251,1.1108460533259525,scr2099,stInflow,reservoir
IT,h1252,1.1108460533259525,scr2099,stInflow,reservoir
IT,h1253,1.1108460533259525,scr2099,stInflow,reservoir
IT,h1254,1.1108460533259525,scr2099,stInflow,reservoir
IT,h1255,1.1108460533259525,scr2099,stInflow,reservoir
IT,h1256,1.1108460533259525,scr2099,stInflow,reservoir
IT,h1257,1.1108460533259525,scr2099,stInflow,reservoir
IT,h1258,1.1108460533259525,scr2099,stInflow,reservoir
IT,h1259,1.1108460533259525,scr2099,stInflow,reservoir
IT,h1260,1.1108460533259525,scr2099,stInflow,reservoir
IT,h1261,1.1108460533259525,scr2099,stInflow,reservoir
IT,h1262,1.1108460533259525,scr2099,stInflow,reservoir
IT,h1263,1.1108460533259525,scr2099,stInflow,reservoir
IT,h1264,1.1108460533259525,scr2099,stInflow,reservoir
IT,h1265,1.1108460533259525,scr2099,stInflow,reservoir
IT,h1266,1.1108460533259525,scr2099,stInflow,reservoir
IT,h1267,1.1108460533259525,scr2099,stInflow,reservoir
IT,h1268,1.1108460533259525,scr2099,stInflow,reservoir
IT,h1269,1.1108460533259525,scr2099,stInflow,reservoir
IT,h1270,1.1108460533259525,scr2099,stInflow,reservoir
IT,h1271,1.1108460533259525,scr2099,stInflow,reservoir
IT,h1272,1.1108460533259525,scr2099,stInflow,reservoir
IT,h1273,1.0161430430594731,scr2099,stInflow,reservoir
IT,h1274,0.9214409166065753,scr2099,stInflow,reservoir
IT,h1275,0.8267397650910067,scr2099,stInflow,reservoir
IT,h1276,0.8267397650910067,scr2099,stInflow,reservoir
IT,h1277,0.8267397650910067,scr2099,stInflow,reservoir
IT,h1278,0.8267397650910067,scr2099,stInflow,reservoir
IT,h1279,0.8267397650910067,scr2099,stInflow,reservoir
IT,h1280,0.8267397650910067,scr2099,stInflow,reservoir
IT,h1281,0.8267397650910067,scr2099,stInflow,reservoir
IT,h1282,0.8267397650910067,scr2099,stInflow,reservoir
IT,h1283,0.8267397650910067,scr2099,stInflow,reservoir
IT,h1284,0.8267397650910067,scr2099,stInflow,reservoir
IT,h1285,0.8267397650910067,scr2099,stInflow,reservoir
IT,h1286,0.8267397650910067,scr2099,stInflow,reservoir
IT,h1287,0.8267397650910067,scr2099,stInflow,reservoir
IT,h1288,0.8267397650910067,scr2099,stInflow,reservoir
IT,h1289,0.8267397650910067,scr2099,stInflow,reservoir
IT,h1290,0.8267397650910067,scr2099,stInflow,reservoir
IT,h1291,0.8267397650910067,scr2099,stInflow,reservoir
IT,h1292,0.8267397650910067,scr2099,stInflow,reservoir
IT,h1293,0.8267397650910067,scr2099,stInflow,reservoir
IT,h1294,0.8267397650910067,scr2099,stInflow,reservoir
IT,h1295,0.8267397650910067,scr2099,stInflow,reservoir
IT,h1296,0.8267397650910067,scr2099,stInflow,reservoir
IT,h1297,0.8267397650910067,scr2099,stInflow,reservoir
IT,h1298,0.8267397650910067,scr2099,stInflow,reservoir
IT,h1299,0.8267397650910067,scr2099,stInflow,reservoir
IT,h1300,0.8267397650910067,scr2099,stInflow,reservoir
IT,h1301,0.8267397650910067,scr2099,stInflow,reservoir
IT,h1302,0.8267397650910067,scr2099,stInflow,reservoir
IT,h1303,0.8267397650910067,scr2099,stInflow,reservoir
IT,h1304,0.8267397650910067,scr2099,stInflow,reservoir
IT,h1305,0.8267397650910067,scr2099,stInflow,reservoir
IT,h1306,0.8267397650910067,scr2099,stInflow,reservoir
IT,h1307,0.8267397650910067,scr2099,stInflow,reservoir
IT,h1308,0.8267397650910067,scr2099,stInflow,reservoir
IT,h1309,0.8267397650910067,scr2099,stInflow,reservoir
IT,h1310,0.8267397650910067,scr2099,stInflow,reservoir
IT,h1311,0.8267397650910067,scr2099,stInflow,reservoir
IT,h1312,0.8267397650910067,scr2099,stInflow,reservoir
IT,h1313,0.8267397650910067,scr2099,stInflow,reservoir
IT,h1314,0.8267397650910067,scr2099,stInflow,reservoir
IT,h1315,0.8267397650910067,scr2099,stInflow,reservoir
IT,h1316,0.8267397650910067,scr2099,stInflow,reservoir
IT,h1317,0.8267397650910067,scr2099,stInflow,reservoir
IT,h1318,0.8267397650910067,scr2099,stInflow,reservoir
IT,h1319,0.8267397650910067,scr2099,stInflow,reservoir
IT,h1320,0.8267397650910067,scr2099,stInflow,reservoir
IT,h1321,0.8267397650910067,scr2099,stInflow,reservoir
IT,h1322,0.8267397650910067,scr2099,stInflow,reservoir
IT,h1323,0.8267397650910067,scr2099,stInflow,reservoir
IT,h1324,0.8267397650910067,scr2099,stInflow,reservoir
IT,h1325,0.8267397650910067,scr2099,stInflow,reservoir
IT,h1326,0.8267397650910067,scr2099,stInflow,reservoir
IT,h1327,0.8267397650910067,scr2099,stInflow,reservoir
IT,h1328,0.8267397650910067,scr2099,stInflow,reservoir
IT,h1329,0.8267397650910067,scr2099,stInflow,reservoir
IT,h1330,0.8267397650910067,scr2099,stInflow,reservoir
IT,h1331,0.8267397650910067,scr2099,stInflow,reservoir
IT,h1332,0.8267397650910067,scr2099,stInflow,reservoir
IT,h1333,0.8267397650910067,scr2099,stInflow,reservoir
IT,h1334,0.8267397650910067,scr2099,stInflow,reservoir
IT,h1335,0.8267397650910067,scr2099,stInflow,reservoir
IT,h1336,0.8267397650910067,scr2099,stInflow,reservoir
IT,h1337,0.8267397650910067,scr2099,stInflow,reservoir
IT,h1338,0.8267397650910067,scr2099,stInflow,reservoir
IT,h1339,0.8267397650910067,scr2099,stInflow,reservoir
IT,h1340,0.8267397650910067,scr2099,stInflow,reservoir
IT,h1341,0.8267397650910067,scr2099,stInflow,reservoir
IT,h1342,0.8267397650910067,scr2099,stInflow,reservoir
IT,h1343,0.8267397650910067,scr2099,stInflow,reservoir
IT,h1344,0.8267397650910067,scr2099,stInflow,reservoir
IT,h1345,0.8267397650910067,scr2099,stInflow,reservoir
IT,h1346,0.8267397650910067,scr2099,stInflow,reservoir
IT,h1347,0.8267397650910067,scr2099,stInflow,reservoir
IT,h1348,0.8267397650910067,scr2099,stInflow,reservoir
IT,h1349,0.8267397650910067,scr2099,stInflow,reservoir
IT,h1350,0.8267397650910067,scr2099,stInflow,reservoir
IT,h1351,0.8267397650910067,scr2099,stInflow,reservoir
IT,h1352,0.8267397650910067,scr2099,stInflow,reservoir
IT,h1353,0.8267397650910067,scr2099,stInflow,reservoir
IT,h1354,0.8267397650910067,scr2099,stInflow,reservoir
IT,h1355,0.8267397650910067,scr2099,stInflow,reservoir
IT,h1356,0.8267397650910067,scr2099,stInflow,reservoir
IT,h1357,0.8267397650910067,scr2099,stInflow,reservoir
IT,h1358,0.8267397650910067,scr2099,stInflow,reservoir
IT,h1359,0.8267397650910067,scr2099,stInflow,reservoir
IT,h1360,0.8267397650910067,scr2099,stInflow,reservoir
IT,h1361,0.8267397650910067,scr2099,stInflow,reservoir
IT,h1362,0.8267397650910067,scr2099,stInflow,reservoir
IT,h1363,0.8267397650910067,scr2099,stInflow,reservoir
IT,h1364,0.8267397650910067,scr2099,stInflow,reservoir
IT,h1365,0.8267397650910067,scr2099,stInflow,reservoir
IT,h1366,0.8267397650910067,scr2099,stInflow,reservoir
IT,h1367,0.8267397650910067,scr2099,stInflow,reservoir
IT,h1368,0.8267397650910067,scr2099,stInflow,reservoir
IT,h1369,0.8267397650910067,scr2099,stInflow,reservoir
IT,h1370,0.8267397650910067,scr2099,stInflow,reservoir
IT,h1371,0.8267397650910067,scr2099,stInflow,reservoir
IT,h1372,0.8267397650910067,scr2099,stInflow,reservoir
IT,h1373,0.8267397650910067,scr2099,stInflow,reservoir
IT,h1374,0.8267397650910067,scr2099,stInflow,reservoir
IT,h1375,0.8267397650910067,scr2099,stInflow,reservoir
IT,h1376,0.8267397650910067,scr2099,stInflow,reservoir
IT,h1377,0.8267397650910067,scr2099,stInflow,reservoir
IT,h1378,0.8267397650910067,scr2099,stInflow,reservoir
IT,h1379,0.8267397650910067,scr2099,stInflow,reservoir
IT,h1380,0.8267397650910067,scr2099,stInflow,reservoir
IT,h1381,0.8267397650910067,scr2099,stInflow,reservoir
IT,h1382,0.8267397650910067,scr2099,stInflow,reservoir
IT,h1383,0.8267397650910067,scr2099,stInflow,reservoir
IT,h1384,0.8267397650910067,scr2099,stInflow,reservoir
IT,h1385,0.8267397650910067,scr2099,stInflow,reservoir
IT,h1386,0.8267397650910067,scr2099,stInflow,reservoir
IT,h1387,0.8267397650910067,scr2099,stInflow,reservoir
IT,h1388,0.8267397650910067,scr2099,stInflow,reservoir
IT,h1389,0.8267397650910067,scr2099,stInflow,reservoir
IT,h1390,0.8267397650910067,scr2099,stInflow,reservoir
IT,h1391,0.8267397650910067,scr2099,stInflow,reservoir
IT,h1392,0.8267397650910067,scr2099,stInflow,reservoir
IT,h1393,0.8267397650910067,scr2099,stInflow,reservoir
IT,h1394,0.8267397650910067,scr2099,stInflow,reservoir
IT,h1395,0.8267397650910067,scr2099,stInflow,reservoir
IT,h1396,0.8267397650910067,scr2099,stInflow,reservoir
IT,h1397,0.8267397650910067,scr2099,stInflow,reservoir
IT,h1398,0.8267397650910067,scr2099,stInflow,reservoir
IT,h1399,0.8267397650910067,scr2099,stInflow,reservoir
IT,h1400,0.8267397650910067,scr2099,stInflow,reservoir
IT,h1401,0.8267397650910067,scr2099,stInflow,reservoir
IT,h1402,0.8267397650910067,scr2099,stInflow,reservoir
IT,h1403,0.8267397650910067,scr2099,stInflow,reservoir
IT,h1404,0.8267397650910067,scr2099,stInflow,reservoir
IT,h1405,0.8267397650910067,scr2099,stInflow,reservoir
IT,h1406,0.8267397650910067,scr2099,stInflow,reservoir
IT,h1407,0.8267397650910067,scr2099,stInflow,reservoir
IT,h1408,0.8267397650910067,scr2099,stInflow,reservoir
IT,h1409,0.8267397650910067,scr2099,stInflow,reservoir
IT,h1410,0.8267397650910067,scr2099,stInflow,reservoir
IT,h1411,0.8267397650910067,scr2099,stInflow,reservoir
IT,h1412,0.8267397650910067,scr2099,stInflow,reservoir
IT,h1413,0.8267397650910067,scr2099,stInflow,reservoir
IT,h1414,0.8267397650910067,scr2099,stInflow,reservoir
IT,h1415,0.8267397650910067,scr2099,stInflow,reservoir
IT,h1416,0.8267397650910067,scr2099,stInflow,reservoir
IT,h1417,0.8267397650910067,scr2099,stInflow,reservoir
IT,h1418,0.8267397650910067,scr2099,stInflow,reservoir
IT,h1419,0.8267397650910067,scr2099,stInflow,reservoir
IT,h1420,0.8267397650910067,scr2099,stInflow,reservoir
IT,h1421,0.8267397650910067,scr2099,stInflow,reservoir
IT,h1422,0.8267397650910067,scr2099,stInflow,reservoir
IT,h1423,0.8267397650910067,scr2099,stInflow,reservoir
IT,h1424,0.8267397650910067,scr2099,stInflow,reservoir
IT,h1425,0.8267397650910067,scr2099,stInflow,reservoir
IT,h1426,0.8267397650910067,scr2099,stInflow,reservoir
IT,h1427,0.8267397650910067,scr2099,stInflow,reservoir
IT,h1428,0.8267397650910067,scr2099,stInflow,reservoir
IT,h1429,0.8267397650910067,scr2099,stInflow,reservoir
IT,h1430,0.8267397650910067,scr2099,stInflow,reservoir
IT,h1431,0.8267397650910067,scr2099,stInflow,reservoir
IT,h1432,0.8267397650910067,scr2099,stInflow,reservoir
IT,h1433,0.8267397650910067,scr2099,stInflow,reservoir
IT,h1434,0.8267397650910067,scr2099,stInflow,reservoir
IT,h1435,0.8267397650910067,scr2099,stInflow,reservoir
IT,h1436,0.8267397650910067,scr2099,stInflow,reservoir
IT,h1437,0.8267397650910067,scr2099,stInflow,reservoir
IT,h1438,0.8267397650910067,scr2099,stInflow,reservoir
IT,h1439,0.8267397650910067,scr2099,stInflow,reservoir
IT,h1440,0.8267397650910067,scr2099,stInflow,reservoir
NO,h0721,6.333304252953057,scr2099,stInflow,reservoir
NO,h0722,6.333304252953057,scr2099,stInflow,reservoir
NO,h0723,6.333304252953057,scr2099,stInflow,reservoir
NO,h0724,6.333304252953057,scr2099,stInflow,reservoir
NO,h0725,6.333304252953057,scr2099,stInflow,reservoir
NO,h0726,6.333304252953057,scr2099,stInflow,reservoir
NO,h0727,6.333304252953057,scr2099,stInflow,reservoir
NO,h0728,6.333304252953057,scr2099,stInflow,reservoir
NO,h0729,6.333304252953057,scr2099,stInflow,reservoir
NO,h0730,6.333304252953057,scr2099,stInflow,reservoir
NO,h0731,6.333304252953057,scr2099,stInflow,reservoir
NO,h0732,6.333304252953057,scr2099,stInflow,reservoir
NO,h0733,6.333304252953057,scr2099,stInflow,reservoir
NO,h0734,6.333304252953057,scr2099,stInflow,reservoir
NO,h0735,6.333304252953057,scr2099,stInflow,reservoir
NO,h0736,6.333304252953057,scr2099,stInflow,reservoir
NO,h0737,6.333304252953057,scr2099,stInflow,reservoir
NO,h0738,6.333304252953057,scr2099,stInflow,reservoir
NO,h0739,6.333304252953057,scr2099,stInflow,reservoir
NO,h0740,6.333304252953057,scr2099,stInflow,reservoir
NO,h0741,6.333304252953057,scr2099,stInflow,reservoir
NO,h0742,6.333304252953057,scr2099,stInflow,reservoir
NO,h0743,6.333304252953057,scr2099,stInflow,reservoir
NO,h0744,6.333304252953057,scr2099,stInflow,reservoir
NO,h0745,6.333304252953057,scr2099,stInflow,reservoir
NO,h0746,6.333304252953057,scr2099,stInflow,reservoir
NO,h0747,6.333304252953057,scr2099,stInflow,reservoir
NO,h0748,6.333304252953057,scr2099,stInflow,reservoir
NO,h0749,6.333304252953057,scr2099,stInflow,reservoir
NO,h0750,6.333304252953057,scr2099,stInflow,reservoir
NO,h0751,6.333304252953057,scr2099,stInflow,reservoir
NO,h0752,6.333304252953057,scr2099,stInflow,reservoir
NO,h0753,6.333304252953057,scr2099,stInflow,reservoir
NO,h0754,6.333304252953057,scr2099,stInflow,reservoir
NO,h0755,6.333304252953057,scr2099,stInflow,reservoir
NO,h0756,6.333304252953057,scr2099,stInflow,reservoir
NO,h0757,6.333304252953057,scr2099,stInflow,reservoir
NO,h0758,6.333304252953057,scr2099,stInflow,reservoir
NO,h0759,6.333304252953057,scr2099,stInflow,reservoir
NO,h0760,6.333304252953057,scr2099,stInflow,reservoir
NO,h0761,6.333304252953057,scr2099,stInflow,reservoir
NO,h0762,6.333304252953057,scr2099,stInflow,reservoir
NO,h0763,6.333304252953057,scr2099,stInflow,reservoir
NO,h0764,6.333304252953057,scr2099,stInflow,reservoir
NO,h0765,6.333304252953057,scr2099,stInflow,reservoir
NO,h0766,6.333304252953057,scr2099,stInflow,reservoir
NO,h0767,6.333304252953057,scr2099,stInflow,reservoir
NO,h0768,6.333304252953057,scr2099,stInflow,reservoir
NO,h0769,6.18192246820368,scr2099,stInflow,reservoir
NO,h0770,6.030541054214169,scr2099,stInflow,reservoir
NO,h0771,5.879160020293093,scr2099,stInflow,reservoir
NO,h0772,5.879160020293093,scr2099,stInflow,reservoir
NO,h0773,5.879160020293093,scr2099,stInflow,reservoir
NO,h0774,5.879160020293093,scr2099,stInflow,reservoir
NO,h0775,5.879160020293093,scr2099,stInflow,reservoir
NO,h0776,5.879160020293093,scr2099,stInflow,reservoir
NO,h0777,5.879160020293093,scr2099,stInflow,reservoir
NO,h0778,5.879160020293093,scr2099,stInflow,reservoir
NO,h0779,5.879160020293093,scr2099,stInflow,reservoir
NO,h0780,5.879160020293093,scr2099,stInflow,reservoir
NO,h0781,5.879160020293093,scr2099,stInflow,reservoir
NO,h0782,5.879160020293093,scr2099,stInflow,reservoir
NO,h0783,5.879160020293093,scr2099,stInflow,reservoir
NO,h0784,5.879160020293093,scr2099,stInflow,reservoir
NO,h0785,5.879160020293093,scr2099,stInflow,reservoir
NO,h0786,5.879160020293093,scr2099,stInflow,reservoir
NO,h0787,5.879160020293093,scr2099,stInflow,reservoir
NO,h0788,5.879160020293093,scr2099,stInflow,reservoir
NO,h0789,5.879160020293093,scr2099,stInflow,reservoir
NO,h0790,5.879160020293093,scr2099,stInflow,reservoir
NO,h0791,5.879160020293093,scr2099,stInflow,reservoir
NO,h0792,5.879160020293093,scr2099,stInflow,reservoir
NO,h0793,5.879160020293093,scr2099,stInflow,reservoir
NO,h0794,5.879160020293093,scr2099,stInflow,reservoir
NO,h0795,5.879160020293093,scr2099,stInflow,reservoir
NO,h0796,5.879160020293093,scr2099,stInflow,reservoir
NO,h0797,5.879160020293093,scr2099,stInflow,reservoir
NO,h0798,5.879160020293093,scr2099,stInflow,reservoir
NO,h0799,5.879160020293093,scr2099,stInflow,reservoir
NO,h0800,5.879160020293093,scr2099,stInflow,reservoir
NO,h0801,5.879160020293093,scr2099,stInflow,reservoir
NO,h0802,5.879160020293093,scr2099,stInflow,reservoir
NO,h0803,5.879160020293093,scr2099,stInflow,reservoir
NO,h0804,5.879160020293093,scr2099,stInflow,reservoir
NO,h0805,5.879160020293093,scr2099,stInflow,reservoir
NO,h0806,5.879160020293093,scr2099,stInflow,reservoir
NO,h0807,5.879160020293093,scr2099,stInflow,reservoir
NO,h0808,5.879160020293093,scr2099,stInflow,reservoir
NO,h0809,5.879160020293093,scr2099,stInflow,reservoir
NO,h0810,5.879160020293093,scr2099,stInflow,reservoir
NO,h0811,5.879160020293093,scr2099,stInflow,reservoir
NO,h0812,5.879160020293093,scr2099,stInflow,reservoir
NO,h0813,5.879160020293093,scr2099,stInflow,reservoir
NO,h0814,5.879160020293093,scr2099,stInflow,reservoir
NO,h0815,5.879160020293093,scr2099,stInflow,reservoir
NO,h0816,5.879160020293093,scr2099,stInflow,reservoir
NO,h0817,5.879160020293093,scr2099,stInflow,reservoir
NO,h0818,5.879160020293093,scr2099,stInflow,reservoir
NO,h0819,5.879160020293093,scr2099,stInflow,reservoir
NO,h0820,5.879160020293093,scr2099,stInflow,reservoir
NO,h0821,5.879160020293093,scr2099,stInflow,reservoir
NO,h0822,5.879160020293093,scr2099,stInflow,reservoir
NO,h0823,5.879160020293093,scr2099,stInflow,reservoir
NO,h0824,5.879160020293093,scr2099,stInflow,reservoir
NO,h0825,5.879160020293093,scr2099,stInflow,reservoir
NO,h0826,5.879160020293093,scr2099,stInflow,reservoir
NO,h0827,5.879160020293093,scr2099,stInflow,reservoir
NO,h0828,5.879160020293093,scr2099,stInflow,reservoir
NO,h0829,5.879160020293093,scr2099,stInflow,reservoir
NO,h0830,5.879160020293093,scr2099,stInflow,reservoir
NO,h0831,5.879160020293093,scr2099,stInflow,reservoir
NO,h0832,5.879160020293093,scr2099,stInflow,reservoir
NO,h0833,5.879160020293093,scr2099,stInflow,reservoir
NO,h0834,5.879160020293093,scr2099,stInflow,reservoir
NO,h0835,5.879160020293093,scr2099,stInflow,reservoir
NO,h0836,5.879160020293093,scr2099,stInflow,reservoir
NO,h0837,5.879160020293093,scr2099,stInflow,reservoir
NO,h0838,5.879160020293093,scr2099,stInflow,reservoir
NO,h0839,5.879160020293093,scr2099,stInflow,reservoir
NO,h0840,5.879160020293093,scr2099,stInflow,reservoir
NO,h0841,5.879160020293093,scr2099,stInflow,reservoir
NO,h0842,5.879160020293093,scr2099,stInflow,reservoir
NO,h0843,5.879160020293093,scr2099,stInflow,reservoir
NO,h0844,5.879160020293093,scr2099,stInflow,reservoir
NO,h0845,5.879160020293093,scr2099,stInflow,reservoir
NO,h0846,5.879160020293093,scr2099,stInflow,reservoir
NO,h0847,5.879160020293093,scr2099,stInflow,reservoir
NO,h0848,5.879160020293093,scr2099,stInflow,reservoir
NO,h0849,5.879160020293093,scr2099,stInflow,reservoir
NO,h0850,5.879160020293093,scr2099,stInflow,reservoir
NO,h0851,5.879160020293093,scr2099,stInflow,reservoir
NO,h0852,5.879160020293093,scr2099,stInflow,reservoir
NO,h0853,5.879160020293093,scr2099,stInflow,reservoir
NO,h0854,5.879160020293093,scr2099,stInflow,reservoir
NO,h0855,5.879160020293093,scr2099,stInflow,reservoir
NO,h0856,5.879160020293093,scr2099,stInflow,reservoir
NO,h0857,5.879160020293093,scr2099,stInflow,reservoir
NO,h0858,5.879160020293093,scr2099,stInflow,reservoir
NO,h0859,5.879160020293093,scr2099,stInflow,reservoir
NO,h0860,5.879160020293093,scr2099,stInflow,reservoir
NO,h0861,5.879160020293093,scr2099,stInflow,reservoir
NO,h0862,5.879160020293093,scr2099,stInflow,reservoir
NO,h0863,5.879160020293093,scr2099,stInflow,reservoir
NO,h0864,5.879160020293093,scr2099,stInflow,reservoir
NO,h0865,5.879160020293093,scr2099,stInflow,reservoir
NO,h0866,5.879160020293093,scr2099,stInflow,reservoir
NO,h0867,5.879160020293093,scr2099,stInflow,reservoir
NO,h0868,5.879160020293093,scr2099,stInflow,reservoir
NO,h0869,5.879160020293093,scr2099,stInflow,reservoir
NO,h0870,5.879160020293093,scr2099,stInflow,reservoir
NO,h0871,5.879160020293093,scr2099,stInflow,reservoir
NO,h0872,5.879160020293093,scr2099,stInflow,reservoir
NO,h0873,5.879160020293093,scr2099,stInflow,reservoir
NO,h0874,5.879160020293093,scr2099,stInflow,reservoir
NO,h0875,5.879160020293093,scr2099,stInflow,reservoir
NO,h0876,5.879160020293093,scr2099,stInflow,reservoir
NO,h0877,5.879160020293093,scr2099,stInflow,reservoir
NO,h0878,5.879160020293093,scr2099,stInflow,reservoir
NO,h0879,5.879160020293093,scr2099,stInflow,reservoir
NO,h0880,5.879160020293093,scr2099,stInflow,reservoir
NO,h0881,5.879160020293093,scr2099,stInflow,reservoir
NO,h0882,5.879160020293093,scr2099,stInflow,reservoir
NO,h0883,5.879160020293093,scr2099,stInflow,reservoir
NO,h0884,5.879160020293093,scr2099,stInflow,reservoir
NO,h0885,5.879160020293093,scr2099,stInflow,reservoir
NO,h0886,5.879160020293093,scr2099,stInflow,reservoir
NO,h0887,5.879160020293093,scr2099,stInflow,reservoir
NO,h0888,5.879160020293093,scr2099,stInflow,reservoir
NO,h0889,5.879160020293093,scr2099,stInflow,reservoir
NO,h0890,5.879160020293093,scr2099,stInflow,reservoir
NO,h0891,5.879160020293093,scr2099,stInflow,reservoir
NO,h0892,5.879160020293093,scr2099,stInflow,reservoir
NO,h0893,5.879160020293093,scr2099,stInflow,reservoir
NO,h0894,5.879160020293093,scr2099,stInflow,reservoir
NO,h0895,5.879160020293093,scr2099,stInflow,reservoir
NO,h0896,5.879160020293093,scr2099,stInflow,reservoir
NO,h0897,5.879160020293093,scr2099,stInflow,reservoir
NO,h0898,5.879160020293093,scr2099,stInflow,reservoir
NO,h0899,5.879160020293093,scr2099,stInflow,reservoir
NO,h0900,5.879160020293093,scr2099,stInflow,reservoir
NO,h0901,5.879160020293093,scr2099,stInflow,reservoir
NO,h0902,5.879160020293093,scr2099,stInflow,reservoir
NO,h0903,5.879160020293093,scr2099,stInflow,reservoir
NO,h0904,5.879160020293093,scr2099,stInflow,reservoir
NO,h0905,5.879160020293093,scr2099,stInflow,reservoir
NO,h0906,5.879160020293093,scr2099,stInflow,reservoir
NO,h0907,5.879160020293093,scr2099,stInflow,reservoir
NO,h0908,5.879160020293093,scr2099,stInflow,reservoir
NO,h0909,5.879160020293093,scr2099,stInflow,reservoir
NO,h0910,5.879160020293093,scr2099,stInflow,reservoir
NO,h0911,5.879160020293093,scr2099,stInflow,reservoir
NO,h0912,5.879160020293093,scr2099,stInflow,reservoir
NO,h0913,5.879160020293093,scr2099,stInflow,reservoir
NO,h0914,5.879160020293093,scr2099,stInflow,reservoir
NO,h0915,5.879160020293093,scr2099,stInflow,reservoir
NO,h0916,5.879160020293093,scr2099,stInflow,reservoir
NO,h0917,5.879160020293093,scr2099,stInflow,reservoir
NO,h0918,5.879160020293093,scr2099,stInflow,reservoir
NO,h0919,5.879160020293093,scr2099,stInflow,reservoir
NO,h0920,5.879160020293093,scr2099,stInflow,reservoir
NO,h0921,5.879160020293093,scr2099,stInflow,reservoir
NO,h0922,5.879160020293093,scr2099,stInflow,reservoir
NO,h0923,5.879160020293093,scr2099,stInflow,reservoir
NO,h0924,5.879160020293093,scr2099,stInflow,reservoir
NO,h0925,5.879160020293093,scr2099,stInflow,reservoir
NO,h0926,5.879160020293093,scr2099,stInflow,reservoir
NO,h0927,5.879160020293093,scr2099,stInflow,reservoir
NO,h0928,5.879160020293093,scr2099,stInflow,reservoir
NO,h0929,5.879160020293093,scr2099,stInflow,reservoir
NO,h0930,5.879160020293093,scr2099,stInflow,reservoir
NO,h0931,5.879160020293093,scr2099,stInflow,reservoir
NO,h0932,5.879160020293093,scr2099,stInflow,reservoir
NO,h0933,5.879160020293093,scr2099,stInflow,reservoir
NO,h0934,5.879160020293093,scr2099,stInflow,reservoir
NO,h0935,5.879160020293093,scr2099,stInflow,reservoir
NO,h0936,5.879160020293093,scr2099,stInflow,reservoir
NO,h0937,5.787514931586504,scr2099,stInflow,reservoir
NO,h0938,5.695869988015925,scr2099,stInflow,reservoir
NO,h0939,5.604225191916694,scr2099,stInflow,reservoir
NO,h0940,5.604225191916694,scr2099,stInflow,reservoir
NO,h0941,5.604225191916694,scr2099,stInflow,reservoir
NO,h0942,5.604225191916694,scr2099,stInflow,reservoir
NO,h0943,5.604225191916694,scr2099,stInflow,reservoir
NO,h0944,5.604225191916694,scr2099,stInflow,reservoir
NO,h0945,5.604225191916694,scr2099,stInflow,reservoir
NO,h0946,5.604225191916694,scr2099,stInflow,reservoir
NO,h0947,5.604225191916694,scr2099,stInflow,reservoir
NO,h0948,5.604225191916694,scr2099,stInflow,reservoir
NO,h0949,5.604225191916694,scr2099,stInflow,reservoir
NO,h0950,5.604225191916694,scr2099,stInflow,reservoir
NO,h0951,5.604225191916694,scr2099,stInflow,reservoir
NO,h0952,5.604225191916694,scr2099,stInflow,reservoir
NO,h0953,5.604225191916694,scr2099,stInflow,reservoir
NO,h0954,5.604225191916694,scr2099,stInflow,reservoir
NO,h0955,5.604225191916694,scr2099,stInflow,reservoir
NO,h0956,5.604225191916694,scr2099,stInflow,reservoir
NO,h0957,5.604225191916694,scr2099,stInflow,reservoir
NO,h0958,5.604225191916694,scr2099,stInflow,reservoir
NO,h0959,5.604225191916694,scr2099,stInflow,reservoir
NO,h0960,5.604225191916694,scr2099,stInflow,reservoir
NO,h0961,5.604225191916694,scr2099,stInflow,reservoir
NO,h0962,5.604225191916694,scr2099,stInflow,reservoir
NO,h0963,5.604225191916694,scr2099,stInflow,reservoir
NO,h0964,5.604225191916694,scr2099,stInflow,reservoir
NO,h0965,5.604225191916694,scr2099,stInflow,reservoir
NO,h0966,5.604225191916694,scr2099,stInflow,reservoir
NO,h0967,5.604225191916694,scr2099,stInflow,reservoir
NO,h0968,5.604225191916694,scr2099,stInflow,reservoir
NO,h0969,5.604225191916694,scr2099,stInflow,reservoir
NO,h0970,5.604225191916694,scr2099,stInflow,reservoir
NO,h0971,5.604225191916694,scr2099,stInflow,reservoir
NO,h0972,5.604225191916694,scr2099,stInflow,reservoir
NO,h0973,5.604225191916694,scr2099,stInflow,reservoir
NO,h0974,5.604225191916694,scr2099,stInflow,reservoir
NO,h0975,5.604225191916694,scr2099,stInflow,reservoir
NO,h0976,5.604225191916694,scr2099,stInflow,reservoir
NO,h0977,5.604225191916694,scr2099,stInflow,reservoir
NO,h0978,5.604225191916694,scr2099,stInflow,reservoir
NO,h0979,5.604225191916694,scr2099,stInflow,reservoir
NO,h0980,5.604225191916694,scr2099,stInflow,reservoir
NO,h0981,5.604225191916694,scr2099,stInflow,reservoir
NO,h0982,5.604225191916694,scr2099,stInflow,reservoir
NO,h0983,5.604225191916694,scr2099,stInflow,reservoir
NO,h0984,5.604225191916694,scr2099,stInflow,reservoir
NO,h0985,5.604225191916694,scr2099,stInflow,reservoir
NO,h0986,5.604225191916694,scr2099,stInflow,reservoir
NO,h0987,5.604225191916694,scr2099,stInflow,reservoir
NO,h0988,5.604225191916694,scr2099,stInflow,reservoir
NO,h0989,5.604225191916694,scr2099,stInflow,reservoir
NO,h0990,5.604225191916694,scr2099,stInflow,reservoir
NO,h0991,5.604225191916694,scr2099,stInflow,reservoir
NO,h0992,5.604225191916694,scr2099,stInflow,reservoir
NO,h0993,5.604225191916694,scr2099,stInflow,reservoir
NO,h0994,5.604225191916694,scr2099,stInflow,reservoir
NO,h0995,5.604225191916694,scr2099,stInflow,reservoir
NO,h0996,5.604225191916694,scr2099,stInflow,reservoir
NO,h0997,5.604225191916694,scr2099,stInflow,reservoir
NO,h0998,5.604225191916694,scr2099,stInflow,reservoir
NO,h0999,5.604225191916694,scr2099,stInflow,reservoir
NO,h1000,5.604225191916694,scr2099,stInflow,reservoir
NO,h1001,5.604225191916694,scr2099,stInflow,reservoir
NO,h1002,5.604225191916694,scr2099,stInflow,reservoir
NO,h1003,5.604225191916694,scr2099,stInflow,reservoir
NO,h1004,5.604225191916694,scr2099,stInflow,reservoir
NO,h1005,5.604225191916694,scr2099,stInflow,reservoir
NO,h1006,5.604225191916694,scr2099,stInflow,reservoir
NO,h1007,5.604225191916694,scr2099,stInflow,reservoir
NO,h1008,5.604225191916694,scr2099,stInflow,reservoir
NO,h1009,5.604225191916694,scr2099,stInflow,reservoir
NO,h1010,5.604225191916694,scr2099,stInflow,reservoir
NO,h1011,5.604225191916694,scr2099,stInflow,reservoir
NO,h1012,5.604225191916694,scr2099,stInflow,reservoir
NO,h1013,5.604225191916694,scr2099,stInflow,reservoir
NO,h1014,5.604225191916694,scr2099,stInflow,reservoir
NO,h1015,5.604225191916694,scr2099,stInflow,reservoir
NO,h1016,5.604225191916694,scr2099,stInflow,reservoir
NO,h1017,5.604225191916694,scr2099,stInflow,reservoir
NO,h1018,5.604225191916694,scr2099,stInflow,reservoir
NO,h1019,5.604225191916694,scr2099,stInflow,reservoir
NO,h1020,5.604225191916694,scr2099,stInflow,reservoir
NO,h1021,5.604225191916694,scr2099,stInflow,reservoir
NO,h1022,5.604225191916694,scr2099,stInflow,reservoir
NO,h1023,5.604225191916694,scr2099,stInflow,reservoir
NO,h1024,5.604225191916694,scr2099,stInflow,reservoir
NO,h1025,5.604225191916694,scr2099,stInflow,reservoir
NO,h1026,5.604225191916694,scr2099,stInflow,reservoir
NO,h1027,5.604225191916694,scr2099,stInflow,reservoir
NO,h1028,5.604225191916694,scr2099,stInflow,reservoir
NO,h1029,5.604225191916694,scr2099,stInflow,reservoir
NO,h1030,5.604225191916694,scr2099,stInflow,reservoir
NO,h1031,5.604225191916694,scr2099,stInflow,reservoir
NO,h1032,5.604225191916694,scr2099,stInflow,reservoir
NO,h1033,5.604225191916694,scr2099,stInflow,reservoir
NO,h1034,5.604225191916694,scr2099,stInflow,reservoir
NO,h1035,5.604225191916694,scr2099,stInflow,reservoir
NO,h1036,5.604225191916694,scr2099,stInflow,reservoir
NO,h1037,5.604225191916694,scr2099,stInflow,reservoir
NO,h1038,5.604225191916694,scr2099,stInflow,reservoir
NO,h1039,5.604225191916694,scr2099,stInflow,reservoir
NO,h1040,5.604225191916694,scr2099,stInflow,reservoir
NO,h1041,5.604225191916694,scr2099,stInflow,reservoir
NO,h1042,5.604225191916694,scr2099,stInflow,reservoir
NO,h1043,5.604225191916694,scr2099,stInflow,reservoir
NO,h1044,5.604225191916694,scr2099,stInflow,reservoir
NO,h1045,5.604225191916694,scr2099,stInflow,reservoir
NO,h1046,5.604225191916694,scr2099,stInflow,reservoir
NO,h1047,5.604225191916694,scr2099,stInflow,reservoir
NO,h1048,5.604225191916694,scr2099,stInflow,reservoir
NO,h1049,5.604225191916694,scr2099,stInflow,reservoir
NO,h1050,5.604225191916694,scr2099,stInflow,reservoir
NO,h1051,5.604225191916694,scr2099,stInflow,reservoir
NO,h1052,5.604225191916694,scr2099,stInflow,reservoir
NO,h1053,5.604225191916694,scr2099,stInflow,reservoir
NO,h1054,5.604225191916694,scr2099,stInflow,reservoir
NO,h1055,5.604225191916694,scr2099,stInflow,reservoir
NO,h1056,5.604225191916694,scr2099,stInflow,reservoir
NO,h1057,5.604225191916694,scr2099,stInflow,reservoir
NO,h1058,5.604225191916694,scr2099,stInflow,reservoir
NO,h1059,5.604225191916694,scr2099,stInflow,reservoir
NO,h1060,5.604225191916694,scr2099,stInflow,reservoir
NO,h1061,5.604225191916694,scr2099,stInflow,reservoir
NO,h1062,5.604225191916694,scr2099,stInflow,reservoir
NO,h1063,5.604225191916694,scr2099,stInflow,reservoir
NO,h1064,5.604225191916694,scr2099,stInflow,reservoir
NO,h1065,5.604225191916694,scr2099,stInflow,reservoir
NO,h1066,5.604225191916694,scr2099,stInflow,reservoir
NO,h1067,5.604225191916694,scr2099,stInflow,reservoir
NO,h1068,5.604225191916694,scr2099,stInflow,reservoir
NO,h1069,5.604225191916694,scr2099,stInflow,reservoir
NO,h1070,5.604225191916694,scr2099,stInflow,reservoir
NO,h1071,5.604225191916694,scr2099,stInflow,reservoir
NO,h1072,5.604225191916694,scr2099,stInflow,reservoir
NO,h1073,5.604225191916694,scr2099,stInflow,reservoir
NO,h1074,5.604225191916694,scr2099,stInflow,reservoir
NO,h1075,5.604225191916694,scr2099,stInflow,reservoir
NO,h1076,5.604225191916694,scr2099,stInflow,reservoir
NO,h1077,5.604225191916694,scr2099,stInflow,reservoir
NO,h1078,5.604225191916694,scr2099,stInflow,reservoir
NO,h1079,5.604225191916694,scr2099,stInflow,reservoir
NO,h1080,5.604225191916694,scr2099,stInflow,reservoir
NO,h1081,5.604225191916694,scr2099,stInflow,reservoir
NO,h1082,5.604225191916694,scr2099,stInflow,reservoir
NO,h1083,5.604225191916694,scr2099,stInflow,reservoir
NO,h1084,5.604225191916694,scr2099,stInflow,reservoir
NO,h1085,5.604225191916694,scr2099,stInflow,reservoir
NO,h1086,5.604225191916694,scr2099,stInflow,reservoir
NO,h1087,5.604225191916694,scr2099,stInflow,reservoir
NO,h1088,5.604225191916694,scr2099,stInflow,reservoir
NO,h1089,5.604225191916694,scr2099,stInflow,reservoir
NO,h1090,5.604225191916694,scr2099,stInflow,reservoir
NO,h1091,5.604225191916694,scr2099,stInflow,reservoir
NO,h1092,5.604225191916694,scr2099,stInflow,reservoir
NO,h1093,5.604225191916694,scr2099,stInflow,reservoir
NO,h1094,5.604225191916694,scr2099,stInflow,reservoir
NO,h1095,5.604225191916694,scr2099,stInflow,reservoir
NO,h1096,5.604225191916694,scr2099,stInflow,reservoir
NO,h1097,5.604225191916694,scr2099,stInflow,reservoir
NO,h1098,5.604225191916694,scr2099,stInflow,reservoir
NO,h1099,5.604225191916694,scr2099,stInflow,reservoir
NO,h1100,5.604225191916694,scr2099,stInflow,reservoir
NO,h1101,5.604225191916694,scr2099,stInflow,reservoir
NO,h1102,5.604225191916694,scr2099,stInflow,reservoir
NO,h1103,5.604225191916694,scr2099,stInflow,reservoir
NO,h1104,5.604225191916694,scr2099,stInflow,reservoir
NO,h1105,5.652878363609868,scr2099,stInflow,reservoir
NO,h1106,5.701531577181594,scr2099,stInflow,reservoir
NO,h1107,5.750184832274506,scr2099,stInflow,reservoir
NO,h1108,5.750184832274506,scr2099,stInflow,reservoir
NO,h1109,5.750184832274506,scr2099,stInflow,reservoir
NO,h1110,5.750184832274506,scr2099,stInflow,reservoir
NO,h1111,5.750184832274506,scr2099,stInflow,reservoir
NO,h1112,5.750184832274506,scr2099,stInflow,reservoir
NO,h1113,5.750184832274506,scr2099,stInflow,reservoir
NO,h1114,5.750184832274506,scr2099,stInflow,reservoir
NO,h1115,5.750184832274506,scr2099,stInflow,reservoir
NO,h1116,5.750184832274506,scr2099,stInflow,reservoir
NO,h1117,5.750184832274506,scr2099,stInflow,reservoir
NO,h1118,5.750184832274506,scr2099,stInflow,reservoir
NO,h1119,5.750184832274506,scr2099,stInflow,reservoir
NO,h1120,5.750184832274506,scr2099,stInflow,reservoir
NO,h1121,5.750184832274506,scr2099,stInflow,reservoir
NO,h1122,5.750184832274506,scr2099,stInflow,reservoir
NO,h1123,5.750184832274506,scr2099,stInflow,reservoir
NO,h1124,5.750184832274506,scr2099,stInflow,reservoir
NO,h1125,5.750184832274506,scr2099,stInflow,reservoir
NO,h1126,5.750184832274506,scr2099,stInflow,reservoir
NO,h1127,5.750184832274506,scr2099,stInflow,reservoir
NO,h1128,5.750184832274506,scr2099,stInflow,reservoir
NO,h1129,5.750184832274506,scr2099,stInflow,reservoir
NO,h1130,5.750184832274506,scr2099,stInflow,reservoir
NO,h1131,5.750184832274506,scr2099,stInflow,reservoir
NO,h1132,5.750184832274506,scr2099,stInflow,reservoir
NO,h1133,5.750184832274506,scr2099,stInflow,reservoir
NO,h1134,5.750184832274506,scr2099,stInflow,reservoir
NO,h1135,5.750184832274506,scr2099,stInflow,reservoir
NO,h1136,5.750184832274506,scr2099,stInflow,reservoir
NO,h1137,5.750184832274506,scr2099,stInflow,reservoir
NO,h1138,5.750184832274506,scr2099,stInflow,reservoir
NO,h1139,5.750184832274506,scr2099,stInflow,reservoir
NO,h1140,5.750184832274506,scr2099,stInflow,reservoir
NO,h1141,5.750184832274506,scr2099,stInflow,reservoir
NO,h1142,5.750184832274506,scr2099,stInflow,reservoir
NO,h1143,5.750184832274506,scr2099,stInflow,reservoir
NO,h1144,5.750184832274506,scr2099,stInflow,reservoir
NO,h1145,5.750184832274506,scr2099,stInflow,reservoir
NO,h1146,5.750184832274506,scr2099,stInflow,reservoir
NO,h1147,5.750184832274506,scr2099,stInflow,reservoir
NO,h1148,5.750184832274506,scr2099,stInflow,reservoir
NO,h1149,5.750184832274506,scr2099,stInflow,reservoir
NO,h1150,5.750184832274506,scr2099,stInflow,reservoir
NO,h1151,5.750184832274506,scr2099,stInflow,reservoir
NO,h1152,5.750184832274506,scr2099,stInflow,reservoir
NO,h1153,5.750184832274506,scr2099,stInflow,reservoir
NO,h1154,5.750184832274506,scr2099,stInflow,reservoir
NO,h1155,5.750184832274506,scr2099,stInflow,reservoir
NO,h1156,5.750184832274506,scr2099,stInflow,reservoir
NO,h1157,5.750184832274506,scr2099,stInflow,reservoir
NO,h1158,5.750184832274506,scr2099,stInflow,reservoir
NO,h1159,5.750184832274506,scr2099,stInflow,reservoir
NO,h1160,5.750184832274506,scr2099,stInflow,reservoir
NO,h1161,5.750184832274506,scr2099,stInflow,reservoir
NO,h1162,5.750184832274506,scr2099,stInflow,reservoir
NO,h1163,5.750184832274506,scr2099,stInflow,reservoir
NO,h1164,5.750184832274506,scr2099,stInflow,reservoir
NO,h1165,5.750184832274506,scr2099,stInflow,reservoir
NO,h1166,5.750184832274506,scr2099,stInflow,reservoir
NO,h1167,5.750184832274506,scr2099,stInflow,reservoir
NO,h1168,5.750184832274506,scr2099,stInflow,reservoir
NO,h1169,5.750184832274506,scr2099,stInflow,reservoir
NO,h1170,5.750184832274506,scr2099,stInflow,reservoir
NO,h1171,5.750184832274506,scr2099,stInflow,reservoir
NO,h1172,5.750184832274506,scr2099,stInflow,reservoir
NO,h1173,5.750184832274506,scr2099,stInflow,reservoir
NO,h1174,5.750184832274506,scr2099,stInflow,reservoir
NO,h1175,5.750184832274506,scr2099,stInflow,reservoir
NO,h1176,5.750184832274506,scr2099,stInflow,reservoir
NO,h1177,5.750184832274506,scr2099,stInflow,reservoir
NO,h1178,5.750184832274506,scr2099,stInflow,reservoir
NO,h1179,5.750184832274506,scr2099,stInflow,reservoir
NO,h1180,5.750184832274506,scr2099,stInflow,reservoir
NO,h1181,5.750184832274506,scr2099,stInflow,reservoir
NO,h1182,5.750184832274506,scr2099,stInflow,reservoir
NO,h1183,5.750184832274506,scr2099,stInflow,reservoir
NO,h1184,5.750184832274506,scr2099,stInflow,reservoir
NO,h1185,5.750184832274506,scr2099,stInflow,reservoir
NO,h1186,5.750184832274506,scr2099,stInflow,reservoir
NO,h1187,5.750184832274506,scr2099,stInflow,reservoir
NO,h1188,5.750184832274506,scr2099,stInflow,reservoir
NO,h1189,5.750184832274506,scr2099,stInflow,reservoir
NO,h1190,5.750184832274506,scr2099,stInflow,reservoir
NO,h1191,5.750184832274506,scr2099,stInflow,reservoir
NO,h1192,5.750184832274506,scr2099,stInflow,reservoir
NO,h1193,5.750184832274506,scr2099,stInflow,reservoir
NO,h1194,5.750184832274506,scr2099,stInflow,reservoir
NO,h1195,5.750184832274506,scr2099,stInflow,reservoir
NO,h1196,5.750184832274506,scr2099,stInflow,reservoir
NO,h1197,5.750184832274506,scr2099,stInflow,reservoir
NO,h1198,5.750184832274506,scr2099,stInflow,reservoir
NO,h1199,5.750184832274506,scr2099,stInflow,reservoir
NO,h1200,5.750184832274506,scr2099,stInflow,reservoir
NO,h1201,5.750184832274506,scr2099,stInflow,reservoir
NO,h1202,5.750184832274506,scr2099,stInflow,reservoir
NO,h1203,5.750184832274506,scr2099,stInflow,reservoir
NO,h1204,5.750184832274506,scr2099,stInflow,reservoir
NO,h1205,5.750184832274506,scr2099,stInflow,reservoir
NO,h1206,5.750184832274506,scr2099,stInflow,reservoir
NO,h1207,5.750184832274506,scr2099,stInflow,reservoir
NO,h1208,5.750184832274506,scr2099,stInflow,reservoir
NO,h1209,5.750184832274506,scr2099,stInflow,reservoir
NO,h1210,5.750184832274506,scr2099,stInflow,reservoir
NO,h1211,5.750184832274506,scr2099,stInflow,reservoir
NO,h1212,5.750184832274506,scr2099,stInflow,reservoir
NO,h1213,5.750184832274506,scr2099,stInflow,reservoir
NO,h1214,5.750184832274506,scr2099,stInflow,reservoir
NO,h1215,5.750184832274506,scr2099,stInflow,reservoir
NO,h1216,5.750184832274506,scr2099,stInflow,reservoir
NO,h1217,5.750184832274506,scr2099,stInflow,reservoir
NO,h1218,5.750184832274506,scr2099,stInflow,reservoir
NO,h1219,5.750184832274506,scr2099,stInflow,reservoir
NO,h1220,5.750184832274506,scr2099,stInflow,reservoir
NO,h1221,5.750184832274506,scr2099,stInflow,reservoir
NO,h1222,5.750184832274506,scr2099,stInflow,reservoir
NO,h1223,5.750184832274506,scr2099,stInflow,reservoir
NO,h1224,5.750184832274506,scr2099,stInflow,reservoir
NO,h1225,5.750184832274506,scr2099,stInflow,reservoir
NO,h1226,5.750184832274506,scr2099,stInflow,reservoir
NO,h1227,5.750184832274506,scr2099,stInflow,reservoir
NO,h1228,5.750184832274506,scr2099,stInflow,reservoir
NO,h1229,5.750184832274506,scr2099,stInflow,reservoir
NO,h1230,5.750184832274506,scr2099,stInflow,reservoir
NO,h1231,5.750184832274506,scr2099,stInflow,reservoir
NO,h1232,5.750184832274506,scr2099,stInflow,reservoir
NO,h1233,5.750184832274506,scr2099,stInflow,reservoir
NO,h1234,5.750184832274506,scr2099,stInflow,reservoir
NO,h1235,5.750184832274506,scr2099,stInflow,reservoir
NO,h1236,5.750184832274506,scr2099,stInflow,reservoir
NO,h1237,5.750184832274506,scr2099,stInflow,reservoir
NO,h1238,5.750184832274506,scr2099,stInflow,reservoir
NO,h1239,5.750184832274506,scr2099,stInflow,reservoir
NO,h1240,5.750184832274506,scr2099,stInflow,reservoir
NO,h1241,5.750184832274506,scr2099,stInflow,reservoir
NO,h1242,5.750184832274506,scr2099,stInflow,reservoir
NO,h1243,5.750184832274506,scr2099,stInflow,reservoir
NO,h1244,5.750184832274506,scr2099,stInflow,reservoir
NO,h1245,5.750184832274506,scr2099,stInflow,reservoir
NO,h1246,5.750184832274506,scr2099,stInflow,reservoir
NO,h1247,5.750184832274506,scr2099,stInflow,reservoir
NO,h1248,5.750184832274506,scr2099,stInflow,reservoir
NO,h1249,5.750184832274506,scr2099,stInflow,reservoir
NO,h1250,5.750184832274506,scr2099,stInflow,reservoir
NO,h1251,5.750184832274506,scr2099,stInflow,reservoir
NO,h1252,5.750184832274506,scr2099,stInflow,reservoir
NO,h1253,5.750184832274506,scr2099,stInflow,reservoir
NO,h1254,5.750184832274506,scr2099,stInflow,reservoir
NO,h1255,5.750184832274506,scr2099,stInflow,reservoir
NO,h1256,5.750184832274506,scr2099,stInflow,reservoir
NO,h1257,5.750184832274506,scr2099,stInflow,reservoir
NO,h1258,5.750184832274506,scr2099,stInflow,reservoir
NO,h1259,5.750184832274506,scr2099,stInflow,reservoir
NO,h1260,5.750184832274506,scr2099,stInflow,reservoir
NO,h1261,5.750184832274506,scr2099,stInflow,reservoir
NO,h1262,5.750184832274506,scr2099,stInflow,reservoir
NO,h1263,5.750184832274506,scr2099,stInflow,reservoir
NO,h1264,5.750184832274506,scr2099,stInflow,reservoir
NO,h1265,5.750184832274506,scr2099,stInflow,reservoir
NO,h1266,5.750184832274506,scr2099,stInflow,reservoir
NO,h1267,5.750184832274506,scr2099,stInflow,reservoir
NO,h1268,5.750184832274506,scr2099,stInflow,reservoir
NO,h1269,5.750184832274506,scr2099,stInflow,reservoir
NO,h1270,5.750184832274506,scr2099,stInflow,reservoir
NO,h1271,5.750184832274506,scr2099,stInflow,reservoir
NO,h1272,5.750184832274506,scr2099,stInflow,reservoir
NO,h1273,5.960939251332471,scr2099,stInflow,reservoir
NO,h1274,6.171694415740033,scr2099,stInflow,reservoir
NO,h1275,6.382450300035305,scr2099,stInflow,reservoir
NO,h1276,6.382450300035305,scr2099,stInflow,reservoir
NO,h1277,6.382450300035305,scr2099,stInflow,reservoir
NO,h1278,6.382450300035305,scr2099,stInflow,reservoir
NO,h1279,6.382450300035305,scr2099,stInflow,reservoir
NO,h1280,6.382450300035305,scr2099,stInflow,reservoir
NO,h1281,6.382450300035305,scr2099,stInflow,reservoir
NO,h1282,6.382450300035305,scr2099,stInflow,reservoir
NO,h1283,6.382450300035305,scr2099,stInflow,reservoir
NO,h1284,6.382450300035305,scr2099,stInflow,reservoir
NO,h1285,6.382450300035305,scr2099,stInflow,reservoir
NO,h1286,6.382450300035305,scr2099,stInflow,reservoir
NO,h1287,6.382450300035305,scr2099,stInflow,reservoir
NO,h1288,6.382450300035305,scr2099,stInflow,reservoir
NO,h1289,6.382450300035305,scr2099,stInflow,reservoir
NO,h1290,6.382450300035305,scr2099,stInflow,reservoir
NO,h1291,6.382450300035305,scr2099,stInflow,reservoir
NO,h1292,6.382450300035305,scr2099,stInflow,reservoir
NO,h1293,6.382450300035305,scr2099,stInflow,reservoir
NO,h1294,6.382450300035305,scr2099,stInflow,reservoir
NO,h1295,6.382450300035305,scr2099,stInflow,reservoir
NO,h1296,6.382450300035305,scr2099,stInflow,reservoir
NO,h1297,6.382450300035305,scr2099,stInflow,reservoir
NO,h1298,6.382450300035305,scr2099,stInflow,reservoir
NO,h1299,6.382450300035305,scr2099,stInflow,reservoir
NO,h1300,6.382450300035305,scr2099,stInflow,reservoir
NO,h1301,6.382450300035305,scr2099,stInflow,reservoir
NO,h1302,6.382450300035305,scr2099,stInflow,reservoir
NO,h1303,6.382450300035305,scr2099,stInflow,reservoir
NO,h1304,6.382450300035305,scr2099,stInflow,reservoir
NO,h1305,6.382450300035305,scr2099,stInflow,reservoir
NO,h1306,6.382450300035305,scr2099,stInflow,reservoir
NO,h1307,6.382450300035305,scr2099,stInflow,reservoir
NO,h1308,6.382450300035305,scr2099,stInflow,reservoir
NO,h1309,6.382450300035305,scr2099,stInflow,reservoir
NO,h1310,6.382450300035305,scr2099,stInflow,reservoir
NO,h1311,6.382450300035305,scr2099,stInflow,reservoir
NO,h1312,6.382450300035305,scr2099,stInflow,reservoir
NO,h1313,6.382450300035305,scr2099,stInflow,reservoir
NO,h1314,6.382450300035305,scr2099,stInflow,reservoir
NO,h1315,6.382450300035305,scr2099,stInflow,reservoir
NO,h1316,6.382450300035305,scr2099,stInflow,reservoir
NO,h1317,6.382450300035305,scr2099,stInflow,reservoir
NO,h1318,6.382450300035305,scr2099,stInflow,reservoir
NO,h1319,6.382450300035305,scr2099,stInflow,reservoir
NO,h1320,6.382450300035305,scr2099,stInflow,reservoir
NO,h1321,6.382450300035305,scr2099,stInflow,reservoir
NO,h1322,6.382450300035305,scr2099,stInflow,reservoir
NO,h1323,6.382450300035305,scr2099,stInflow,reservoir
NO,h1324,6.382450300035305,scr2099,stInflow,reservoir
NO,h1325,6.382450300035305,scr2099,stInflow,reservoir
NO,h1326,6.382450300035305,scr2099,stInflow,reservoir
NO,h1327,6.382450300035305,scr2099,stInflow,reservoir
NO,h1328,6.382450300035305,scr2099,stInflow,reservoir
NO,h1329,6.382450300035305,scr2099,stInflow,reservoir
NO,h1330,6.382450300035305,scr2099,stInflow,reservoir
NO,h1331,6.382450300035305,scr2099,stInflow,reservoir
NO,h1332,6.382450300035305,scr2099,stInflow,reservoir
NO,h1333,6.382450300035305,scr2099,stInflow,reservoir
NO,h1334,6.382450300035305,scr2099,stInflow,reservoir
NO,h1335,6.382450300035305,scr2099,stInflow,reservoir
NO,h1336,6.382450300035305,scr2099,stInflow,reservoir
NO,h1337,6.382450300035305,scr2099,stInflow,reservoir
NO,h1338,6.382450300035305,scr2099,stInflow,reservoir
NO,h1339,6.382450300035305,scr2099,stInflow,reservoir
NO,h1340,6.382450300035305,scr2099,stInflow,reservoir
NO,h1341,6.382450300035305,scr2099,stInflow,reservoir
NO,h1342,6.382450300035305,scr2099,stInflow,reservoir
NO,h1343,6.382450300035305,scr2099,stInflow,reservoir
NO,h1344,6.382450300035305,scr2099,stInflow,reservoir
NO,h1345,6.382450300035305,scr2099,stInflow,reservoir
NO,h1346,6.382450300035305,scr2099,stInflow,reservoir
NO,h1347,6.382450300035305,scr2099,stInflow,reservoir
NO,h1348,6.382450300035305,scr2099,stInflow,reservoir
NO,h1349,6.382450300035305,scr2099,stInflow,reservoir
NO,h1350,6.382450300035305,scr2099,stInflow,reservoir
NO,h1351,6.382450300035305,scr2099,stInflow,reservoir
NO,h1352,6.382450300035305,scr2099,stInflow,reservoir
NO,h1353,6.382450300035305,scr2099,stInflow,reservoir
NO,h1354,6.382450300035305,scr2099,stInflow,reservoir
NO,h1355,6.382450300035305,scr2099,stInflow,reservoir
NO,h1356,6.382450300035305,scr2099,stInflow,reservoir
NO,h1357,6.382450300035305,scr2099,stInflow,reservoir
NO,h1358,6.382450300035305,scr2099,stInflow,reservoir
NO,h1359,6.382450300035305,scr2099,stInflow,reservoir
NO,h1360,6.382450300035305,scr2099,stInflow,reservoir
NO,h1361,6.382450300035305,scr2099,stInflow,reservoir
NO,h1362,6.382450300035305,scr2099,stInflow,reservoir
NO,h1363,6.382450300035305,scr2099,stInflow,reservoir
NO,h1364,6.382450300035305,scr2099,stInflow,reservoir
NO,h1365,6.382450300035305,scr2099,stInflow,reservoir
NO,h1366,6.382450300035305,scr2099,stInflow,reservoir
NO,h1367,6.382450300035305,scr2099,stInflow,reservoir
NO,h1368,6.382450300035305,scr2099,stInflow,reservoir
NO,h1369,6.382450300035305,scr2099,stInflow,reservoir
NO,h1370,6.382450300035305,scr2099,stInflow,reservoir
NO,h1371,6.382450300035305,scr2099,stInflow,reservoir
NO,h1372,6.382450300035305,scr2099,stInflow,reservoir
NO,h1373,6.382450300035305,scr2099,stInflow,reservoir
NO,h1374,6.382450300035305,scr2099,stInflow,reservoir
NO,h1375,6.382450300035305,scr2099,stInflow,reservoir
NO,h1376,6.382450300035305,scr2099,stInflow,reservoir
NO,h1377,6.382450300035305,scr2099,stInflow,reservoir
NO,h1378,6.382450300035305,scr2099,stInflow,reservoir
NO,h1379,6.382450300035305,scr2099,stInflow,reservoir
NO,h1380,6.382450300035305,scr2099,stInflow,reservoir
NO,h1381,6.382450300035305,scr2099,stInflow,reservoir
NO,h1382,6.382450300035305,scr2099,stInflow,reservoir
NO,h1383,6.382450300035305,scr2099,stInflow,reservoir
NO,h1384,6.382450300035305,scr2099,stInflow,reservoir
NO,h1385,6.382450300035305,scr2099,stInflow,reservoir
NO,h1386,6.382450300035305,scr2099,stInflow,reservoir
NO,h1387,6.382450300035305,scr2099,stInflow,reservoir
NO,h1388,6.382450300035305,scr2099,stInflow,reservoir
NO,h1389,6.382450300035305,scr2099,stInflow,reservoir
NO,h1390,6.382450300035305,scr2099,stInflow,reservoir
NO,h1391,6.382450300035305,scr2099,stInflow,reservoir
NO,h1392,6.382450300035305,scr2099,stInflow,reservoir
NO,h1393,6.382450300035305,scr2099,stInflow,reservoir
NO,h1394,6.382450300035305,scr2099,stInflow,reservoir
NO,h1395,6.382450300035305,scr2099,stInflow,reservoir
NO,h1396,6.382450300035305,scr2099,stInflow,reservoir
NO,h1397,6.382450300035305,scr2099,stInflow,reservoir
NO,h1398,6.382450300035305,scr2099,stInflow,reservoir
NO,h1399,6.382450300035305,scr2099,stInflow,reservoir
NO,h1400,6.382450300035305,scr2099,stInflow,reservoir
NO,h1401,6.382450300035305,scr2099,stInflow,reservoir
NO,h1402,6.382450300035305,scr2099,stInflow,reservoir
NO,h1403,6.382450300035305,scr2099,stInflow,reservoir
NO,h1404,6.382450300035305,scr2099,stInflow,reservoir
NO,h1405,6.382450300035305,scr2099,stInflow,reservoir
NO,h1406,6.382450300035305,scr2099,stInflow,reservoir
NO,h1407,6.382450300035305,scr2099,stInflow,reservoir
NO,h1408,6.382450300035305,scr2099,stInflow,reservoir
NO,h1409,6.382450300035305,scr2099,stInflow,reservoir
NO,h1410,6.382450300035305,scr2099,stInflow,reservoir
NO,h1411,6.382450300035305,scr2099,stInflow,reservoir
NO,h1412,6.382450300035305,scr2099,stInflow,reservoir
NO,h1413,6.382450300035305,scr2099,stInflow,reservoir
NO,h1414,6.382450300035305,scr2099,stInflow,reservoir
NO,h1415,6.382450300035305,scr2099,stInflow,reservoir
NO,h1416,6.382450300035305,scr2099,stInflow,reservoir
NO,h1417,6.382450300035305,scr2099,stInflow,reservoir
NO,h1418,6.382450300035305,scr2099,stInflow,reservoir
NO,h1419,6.382450300035305,scr2099,stInflow,reservoir
NO,h1420,6.382450300035305,scr2099,stInflow,reservoir
NO,h1421,6.382450300035305,scr2099,stInflow,reservoir
NO,h1422,6.382450300035305,scr2099,stInflow,reservoir
NO,h1423,6.382450300035305,scr2099,stInflow,reservoir
NO,h1424,6.382450300035305,scr2099,stInflow,reservoir
NO,h1425,6.382450300035305,scr2099,stInflow,reservoir
NO,h1426,6.382450300035305,scr2099,stInflow,reservoir
NO,h1427,6.382450300035305,scr2099,stInflow,reservoir
NO,h1428,6.382450300035305,scr2099,stInflow,reservoir
NO,h1429,6.382450300035305,scr2099,stInflow,reservoir
NO,h1430,6.382450300035305,scr2099,stInflow,reservoir
NO,h1431,6.382450300035305,scr2099,stInflow,reservoir
NO,h1432,6.382450300035305,scr2099,stInflow,reservoir
NO,h1433,6.382450300035305,scr2099,stInflow,reservoir
NO,h1434,6.382450300035305,scr2099,stInflow,reservoir
NO,h1435,6.382450300035305,scr2099,stInflow,reservoir
NO,h1436,6.382450300035305,scr2099,stInflow,reservoir
NO,h1437,6.382450300035305,scr2099,stInflow,reservoir
NO,h1438,6.382450300035305,scr2099,stInflow,reservoir
NO,h1439,6.382450300035305,scr2099,stInflow,reservoir
NO,h1440,6.382450300035305,scr2099,stInflow,reservoir
PT,h0721,1.3250445148854009,scr2099,stInflow,reservoir
PT,h0722,1.3250445148854009,scr2099,stInflow,reservoir
PT,h0723,1.3250445148854009,scr2099,stInflow,reservoir
PT,h0724,1.3250445148854009,scr2099,stInflow,reservoir
PT,h0725,1.3250445148854009,scr2099,stInflow,reservoir
PT,h0726,1.3250445148854009,scr2099,stInflow,reservoir
PT,h0727,1.3250445148854009,scr2099,stInflow,reservoir
PT,h0728,1.3250445148854009,scr2099,stInflow,reservoir
PT,h0729,1.3250445148854009,scr2099,stInflow,reservoir
PT,h0730,1.3250445148854009,scr2099,stInflow,reservoir
PT,h0731,1.3250445148854009,scr2099,stInflow,reservoir
PT,h0732,1.3250445148854009,scr2099,stInflow,reservoir
PT,h0733,1.3250445148854009,scr2099,stInflow,reservoir
PT,h0734,1.3250445148854009,scr2099,stInflow,reservoir
PT,h0735,1.3250445148854009,scr2099,stInflow,reservoir
PT,h0736,1.3250445148854009,scr2099,stInflow,reservoir
PT,h0737,1.3250445148854009,scr2099,stInflow,reservoir
PT,h0738,1.3250445148854009,scr2099,stInflow,reservoir
PT,h0739,1.3250445148854009,scr2099,stInflow,reservoir
PT,h0740,1.3250445148854009,scr2099,stInflow,reservoir
PT,h0741,1.3250445148854009,scr2099,stInflow,reservoir
PT,h0742,1.3250445148854009,scr2099,stInflow,reservoir
PT,h0743,1.3250445148854009,scr2099,stInflow,reservoir
PT,h0744,1.3250445148854009,scr2099,stInflow,reservoir
PT,h0745,1.3250445148854009,scr2099,stInflow,reservoir
PT,h0746,1.3250445148854009,scr2099,stInflow,reservoir
PT,h0747,1.3250445148854009,scr2099,stInflow,reservoir
PT,h0748,1.3250445148854009,scr2099,stInflow,reservoir
PT,h0749,1.3250445148854009,scr2099,stInflow,reservoir
PT,h0750,1.3250445148854009,scr2099,stInflow,reservoir
PT,h0751,1.3250445148854009,scr2099,stInflow,reservoir
PT,h0752,1.3250445148854009,scr2099,stInflow,reservoir
PT,h0753,1.3250445148854009,scr2099,stInflow,reservoir
PT,h0754,1.3250445148854009,scr2099,stInflow,reservoir
PT,h0755,1.3250445148854009,scr2099,stInflow,reservoir
PT,h0756,1.3250445148854009,scr2099,stInflow,reservoir
PT,h0757,1.3250445148854009,scr2099,stInflow,reservoir
PT,h0758,1.3250445148854009,scr2099,stInflow,reservoir
PT,h0759,1.3250445148854009,scr2099,stInflow,reservoir
PT,h0760,1.3250445148854009,scr2099,stInflow,reservoir
PT,h0761,1.3250445148854009,scr2099,stInflow,reservoir
PT,h0762,1.3250445148854009,scr2099,stInflow,reservoir
PT,h0763,1.3250445148854009,scr2099,stInflow,reservoir
PT,h0764,1.3250445148854009,scr2099,stInflow,reservoir
PT,h0765,1.3250445148854009,scr2099,stInflow,reservoir
PT,h0766,1.3250445148854009,scr2099,stInflow,reservoir
PT,h0767,1.3250445148854009,scr2099,stInflow,reservoir
PT,h0768,1.3250445148854009,scr2099,stInflow,reservoir
PT,h0769,1.43973887811978,scr2099,stInflow,reservoir
PT,h0770,1.5544341559319885,scr2099,stInflow,reservoir
PT,h0771,1.669130280724334,scr2099,stInflow,reservoir
PT,h0772,1.669130280724334,scr2099,stInflow,reservoir
PT,h0773,1.669130280724334,scr2099,stInflow,reservoir
PT,h0774,1.669130280724334,scr2099,stInflow,reservoir
PT,h0775,1.669130280724334,scr2099,stInflow,reservoir
PT,h0776,1.669130280724334,scr2099,stInflow,reservoir
PT,h0777,1.669130280724334,scr2099,stInflow,reservoir
PT,h0778,1.669130280724334,scr2099,stInflow,reservoir
PT,h0779,1.669130280724334,scr2099,stInflow,reservoir
PT,h0780,1.669130280724334,scr2099,stInflow,reservoir
PT,h0781,1.669130280724334,scr2099,stInflow,reservoir
PT,h0782,1.669130280724334,scr2099,stInflow,reservoir
PT,h0783,1.669130280724334,scr2099,stInflow,reservoir
PT,h0784,1.669130280724334,scr2099,stInflow,reservoir
PT,h0785,1.669130280724334,scr2099,stInflow,reservoir
PT,h0786,1.669130280724334,scr2099,stInflow,reservoir
PT,h0787,1.669130280724334,scr2099,stInflow,reservoir
PT,h0788,1.669130280724334,scr2099,stInflow,reservoir
PT,h0789,1.669130280724334,scr2099,stInflow,reservoir
PT,h0790,1.669130280724334,scr2099,stInflow,reservoir
PT,h0791,1.669130280724334,scr2099,stInflow,reservoir
PT,h0792,1.669130280724334,scr2099,stInflow,reservoir
PT,h0793,1.669130280724334,scr2099,stInflow,reservoir
PT,h0794,1.669130280724334,scr2099,stInflow,reservoir
PT,h0795,1.669130280724334,scr2099,stInflow,reservoir
PT,h0796,1.669130280724334,scr2099,stInflow,reservoir
PT,h0797,1.669130280724334,scr2099,stInflow,reservoir
PT,h0798,1.669130280724334,scr2099,stInflow,reservoir
PT,h0799,1.669130280724334,scr2099,stInflow,reservoir
PT,h0800,1.669130280724334,scr2099,stInflow,reservoir
PT,h0801,1.669130280724334,scr2099,stInflow,reservoir
PT,h0802,1.669130280724334,scr2099,stInflow,reservoir
PT,h0803,1.669130280724334,scr2099,stInflow,reservoir
PT,h0804,1.669130280724334,scr2099,stInflow,reservoir
PT,h0805,1.669130280724334,scr2099,stInflow,reservoir
PT,h0806,1.669130280724334,scr2099,stInflow,reservoir
PT,h0807,1.669130280724334,scr2099,stInflow,reservoir
PT,h0808,1.669130280724334,scr2099,stInflow,reservoir
PT,h0809,1.669130280724334,scr2099,stInflow,reservoir
PT,h0810,1.669130280724334,scr2099,stInflow,reservoir
PT,h0811,1.669130280724334,scr2099,stInflow,reservoir
PT,h0812,1.669130280724334,scr2099,stInflow,reservoir
PT,h0813,1.669130280724334,scr2099,stInflow,reservoir
PT,h0814,1.669130280724334,scr2099,stInflow,reservoir
PT,h0815,1.669130280724334,scr2099,stInflow,reservoir
PT,h0816,1.669130280724334,scr2099,stInflow,reservoir
PT,h0817,1.669130280724334,scr2099,stInflow,reservoir
PT,h0818,1.669130280724334,scr2099,stInflow,reservoir
PT,h0819,1.669130280724334,scr2099,stInflow,reservoir
PT,h0820,1.669130280724334,scr2099,stInflow,reservoir
PT,h0821,1.669130280724334,scr2099,stInflow,reservoir
PT,h0822,1.669130280724334,scr2099,stInflow,reservoir
PT,h0823,1.669130280724334,scr2099,stInflow,reservoir
PT,h0824,1.669130280724334,scr2099,stInflow,reservoir
PT,h0825,1.669130280724334,scr2099,stInflow,reservoir
PT,h0826,1.669130280724334,scr2099,stInflow,reservoir
PT,h0827,1.669130280724334,scr2099,stInflow,reservoir
PT,h0828,1.669130280724334,scr2099,stInflow,reservoir
PT,h0829,1.669130280724334,scr2099,stInflow,reservoir
PT,h0830,1.669130280724334,scr2099,stInflow,reservoir
PT,h0831,1.669130280724334,scr2099,stInflow,reservoir
PT,h0832,1.669130280724334,scr2099,stInflow,reservoir
PT,h0833,1.669130280724334,scr2099,stInflow,reservoir
PT,h0834,1.669130280724334,scr2099,stInflow,reservoir
PT,h0835,1.669130280724334,scr2099,stInflow,reservoir
PT,h0836,1.669130280724334,scr2099,stInflow,reservoir
PT,h0837,1.669130280724334,scr2099,stInflow,reservoir
PT,h0838,1.669130280724334,scr2099,stInflow,reservoir
PT,h0839,1.669130280724334,scr2099,stInflow,reservoir
PT,h0840,1.669130280724334,scr2099,stInflow,reservoir
PT,h0841,1.669130280724334,scr2099,stInflow,reservoir
PT,h0842,1.669130280724334,scr2099,stInflow,reservoir
PT,h0843,1.669130280724334,scr2099,stInflow,reservoir
PT,h0844,1.669130280724334,scr2099,stInflow,reservoir
PT,h0845,1.669130280724334,scr2099,stInflow,reservoir
PT,h0846,1.669130280724334,scr2099,stInflow,reservoir
PT,h0847,1.669130280724334,scr2099,stInflow,reservoir
PT,h0848,1.669130280724334,scr2099,stInflow,reservoir
PT,h0849,1.669130280724334,scr2099,stInflow,reservoir
PT,h0850,1.669130280724334,scr2099,stInflow,reservoir
PT,h0851,1.669130280724334,scr2099,stInflow,reservoir
PT,h0852,1.669130280724334,scr2099,stInflow,reservoir
PT,h0853,1.669130280724334,scr2099,stInflow,reservoir
PT,h0854,1.669130280724334,scr2099,stInflow,reservoir
PT,h0855,1.669130280724334,scr2099,stInflow,reservoir
PT,h0856,1.669130280724334,scr2099,stInflow,reservoir
PT,h0857,1.669130280724334,scr2099,stInflow,reservoir
PT,h0858,1.669130280724334,scr2099,stInflow,reservoir
PT,h0859,1.669130280724334,scr2099,stInflow,reservoir
PT,h0860,1.669130280724334,scr2099,stInflow,reservoir
PT,h0861,1.669130280724334,scr2099,stInflow,reservoir
PT,h0862,1.669130280724334,scr2099,stInflow,reservoir
PT,h0863,1.669130280724334,scr2099,stInflow,reservoir
PT,h0864,1.669130280724334,scr2099,stInflow,reservoir
PT,h0865,1.669130280724334,scr2099,stInflow,reservoir
PT,h0866,1.669130280724334,scr2099,stInflow,reservoir
PT,h0867,1.669130280724334,scr2099,stInflow,reservoir
PT,h0868,1.669130280724334,scr2099,stInflow,reservoir
PT,h0869,1.669130280724334,scr2099,stInflow,reservoir
PT,h0870,1.669130280724334,scr2099,stInflow,reservoir
PT,h0871,1.669130280724334,scr2099,stInflow,reservoir
PT,h0872,1.669130280724334,scr2099,stInflow,reservoir
PT,h0873,1.669130280724334,scr2099,stInflow,reservoir
PT,h0874,1.669130280724334,scr2099,stInflow,reservoir
PT,h0875,1.669130280724334,scr2099,stInflow,reservoir
PT,h0876,1.669130280724334,scr2099,stInflow,reservoir
PT,h0877,1.669130280724334,scr2099,stInflow,reservoir
PT,h0878,1.669130280724334,scr2099,stInflow,reservoir
PT,h0879,1.669130280724334,scr2099,stInflow,reservoir
PT,h0880,1.669130280724334,scr2099,stInflow,reservoir
PT,h0881,1.669130280724334,scr2099,stInflow,reservoir
PT,h0882,1.669130280724334,scr2099,stInflow,reservoir
PT,h0883,1.669130280724334,scr2099,stInflow,reservoir
PT,h0884,1.669130280724334,scr2099,stInflow,reservoir
PT,h0885,1.669130280724334,scr2099,stInflow,reservoir
PT,h0886,1.669130280724334,scr2099,stInflow,reservoir
PT,h0887,1.669130280724334,scr2099,stInflow,reservoir
PT,h0888,1.669130280724334,scr2099,stInflow,reservoir
PT,h0889,1.669130280724334,scr2099,stInflow,reservoir
PT,h0890,1.669130280724334,scr2099,stInflow,reservoir
PT,h0891,1.669130280724334,scr2099,stInflow,reservoir
PT,h0892,1.669130280724334,scr2099,stInflow,reservoir
PT,h0893,1.669130280724334,scr2099,stInflow,reservoir
PT,h0894,1.669130280724334,scr2099,stInflow,reservoir
PT,h0895,1.669130280724334,scr2099,stInflow,reservoir
PT,h0896,1.669130280724334,scr2099,stInflow,reservoir
PT,h0897,1.669130280724334,scr2099,stInflow,reservoir
PT,h0898,1.669130280724334,scr2099,stInflow,reservoir
PT,h0899,1.669130280724334,scr2099,stInflow,reservoir
PT,h0900,1.669130280724334,scr2099,stInflow,reservoir
PT,h0901,1.669130280724334,scr2099,stInflow,reservoir
PT,h0902,1.669130280724334,scr2099,stInflow,reservoir
PT,h0903,1.669130280724334,scr2099,stInflow,reservoir
PT,h0904,1.669130280724334,scr2099,stInflow,reservoir
PT,h0905,1.669130280724334,scr2099,stInflow,reservoir
PT,h0906,1.669130280724334,scr2099,stInflow,reservoir
PT,h0907,1.669130280724334,scr2099,stInflow,reservoir
PT,h0908,1.669130280724334,scr2099,stInflow,reservoir
PT,h0909,1.669130280724334,scr2099,stInflow,reservoir
PT,h0910,1.669130280724334,scr2099,stInflow,reservoir
PT,h0911,1.669130280724334,scr2099,stInflow,reservoir
PT,h0912,1.669130280724334,scr2099,stInflow,reservoir
PT,h0913,1.669130280724334,scr2099,stInflow,reservoir
PT,h0914,1.669130280724334,scr2099,stInflow,reservoir
PT,h0915,1.669130280724334,scr2099,stInflow,reservoir
PT,h0916,1.669130280724334,scr2099,stInflow,reservoir
PT,h0917,1.669130280724334,scr2099,stInflow,reservoir
PT,h0918,1.669130280724334,scr2099,stInflow,reservoir
PT,h0919,1.669130280724334,scr2099,stInflow,reservoir
PT,h0920,1.669130280724334,scr2099,stInflow,reservoir
PT,h0921,1.669130280724334,scr2099,stInflow,reservoir
PT,h0922,1.669130280724334,scr2099,stInflow,reservoir
PT,h0923,1.669130280724334,scr2099,stInflow,reservoir
PT,h0924,1.669130280724334,scr2099,stInflow,reservoir
PT,h0925,1.669130280724334,scr2099,stInflow,reservoir
PT,h0926,1.669130280724334,scr2099,stInflow,reservoir
PT,h0927,1.669130280724334,scr2099,stInflow,reservoir
PT,h0928,1.669130280724334,scr2099,stInflow,reservoir
PT,h0929,1.669130280724334,scr2099,stInflow,reservoir
PT,h0930,1.669130280724334,scr2099,stInflow,reservoir
PT,h0931,1.669130280724334,scr2099,stInflow,reservoir
PT,h0932,1.669130280724334,scr2099,stInflow,reservoir
PT,h0933,1.669130280724334,scr2099,stInflow,reservoir
PT,h0934,1.669130280724334,scr2099,stInflow,reservoir
PT,h0935,1.669130280724334,scr2099,stInflow,reservoir
PT,h0936,1.669130280724334,scr2099,stInflow,reservoir
PT,h0937,1.7030163382818095,scr2099,stInflow,reservoir
PT,h0938,1.7369024632624863,scr2099,stInflow,reservoir
PT,h0939,1.7707886543510623,scr2099,stInflow,reservoir
PT,h0940,1.7707886543510623,scr2099,stInflow,reservoir
PT,h0941,1.7707886543510623,scr2099,stInflow,reservoir
PT,h0942,1.7707886543510623,scr2099,stInflow,reservoir
PT,h0943,1.7707886543510623,scr2099,stInflow,reservoir
PT,h0944,1.7707886543510623,scr2099,stInflow,reservoir
PT,h0945,1.7707886543510623,scr2099,stInflow,reservoir
PT,h0946,1.7707886543510623,scr2099,stInflow,reservoir
PT,h0947,1.7707886543510623,scr2099,stInflow,reservoir
PT,h0948,1.7707886543510623,scr2099,stInflow,reservoir
PT,h0949,1.7707886543510623,scr2099,stInflow,reservoir
PT,h0950,1.7707886543510623,scr2099,stInflow,reservoir
PT,h0951,1.7707886543510623,scr2099,stInflow,reservoir
PT,h0952,1.7707886543510623,scr2099,stInflow,reservoir
PT,h0953,1.7707886543510623,scr2099,stInflow,reservoir
PT,h0954,1.7707886543510623,scr2099,stInflow,reservoir
PT,h0955,1.7707886543510623,scr2099,stInflow,reservoir
PT,h0956,1.7707886543510623,scr2099,stInflow,reservoir
PT,h0957,1.7707886543510623,scr2099,stInflow,reservoir
PT,h0958,1.7707886543510623,scr2099,stInflow,reservoir
PT,h0959,1.7707886543510623,scr2099,stInflow,reservoir
PT,h0960,1.7707886543510623,scr2099,stInflow,reservoir
PT,h0961,1.7707886543510623,scr2099,stInflow,reservoir
PT,h0962,1.7707886543510623,scr2099,stInflow,reservoir
PT,h0963,1.7707886543510623,scr2099,stInflow,reservoir
PT,h0964,1.7707886543510623,scr2099,stInflow,reservoir
PT,h0965,1.7707886543510623,scr2099,stInflow,reservoir
PT,h0966,1.7707886543510623,scr2099,stInflow,reservoir
PT,h0967,1.7707886543510623,scr2099,stInflow,reservoir
PT,h0968,1.7707886543510623,scr2099,stInflow,reservoir
PT,h0969,1.7707886543510623,scr2099,stInflow,reservoir
PT,h0970,1.7707886543510623,scr2099,stInflow,reservoir
PT,h0971,1.7707886543510623,scr2099,stInflow,reservoir
PT,h0972,1.7707886543510623,scr2099,stInflow,reservoir
PT,h0973,1.7707886543510623,scr2099,stInflow,reservoir
PT,h0974,1.7707886543510623,scr2099,stInflow,reservoir
PT,h0975,1.7707886543510623,scr2099,stInflow,reservoir
PT,h0976,1.7707886543510623,scr2099,stInflow,reservoir
PT,h0977,1.7707886543510623,scr2099,stInflow,reservoir
PT,h0978,1.7707886543510623,scr2099,stInflow,reservoir
PT,h0979,1.7707886543510623,scr2099,stInflow,reservoir
PT,h0980,1.7707886543510623,scr2099,stInflow,reservoir
PT,h0981,1.7707886543510623,scr2099,stInflow,reservoir
PT,h0982,1.7707886543510623,scr2099,stInflow,reservoir
PT,h0983,1.7707886543510623,scr2099,stInflow,reservoir
PT,h0984,1.7707886543510623,scr2099,stInflow,reservoir
PT,h0985,1.7707886543510623,scr2099,stInflow,reservoir
PT,h0986,1.7707886543510623,scr2099,stInflow,reservoir
PT,h0987,1.7707886543510623,scr2099,stInflow,reservoir
PT,h0988,1.7707886543510623,scr2099,stInflow,reservoir
PT,h0989,1.7707886543510623,scr2099,stInflow,reservoir
PT,h0990,1.7707886543510623,scr2099,stInflow,reservoir
PT,h0991,1.7707886543510623,scr2099,stInflow,reservoir
PT,h0992,1.7707886543510623,scr2099,stInflow,reservoir
PT,h0993,1.7707886543510623,scr2099,stInflow,reservoir
PT,h0994,1.7707886543510623,scr2099,stInflow,reservoir
PT,h0995,1.7707886543510623,scr2099,stInflow,reservoir
PT,h0996,1.7707886543510623,scr2099,stInflow,reservoir
PT,h0997,1.7707886543510623,scr2099,stInflow,reservoir
PT,h0998,1.7707886543510623,scr2099,stInflow,reservoir
PT,h0999,1.7707886543510623,scr2099,stInflow,reservoir
PT,h1000,1.7707886543510623,scr2099,stInflow,reservoir
PT,h1001,1.7707886543510623,scr2099,stInflow,reservoir
PT,h1002,1.7707886543510623,scr2099,stInflow,reservoir
PT,h1003,1.7707886543510623,scr2099,stInflow,reservoir
PT,h1004,1.7707886543510623,scr2099,stInflow,reservoir
PT,h1005,1.7707886543510623,scr2099,stInflow,reservoir
PT,h1006,1.7707886543510623,scr2099,stInflow,reservoir
PT,h1007,1.7707886543510623,scr2099,stInflow,reservoir
PT,h1008,1.7707886543510623,scr2099,stInflow,reservoir
PT,h1009,1.7707886543510623,scr2099,stInflow,reservoir
PT,h1010,1.7707886543510623,scr2099,stInflow,reservoir
PT,h1011,1.7707886543510623,scr2099,stInflow,reservoir
PT,h1012,1.7707886543510623,scr2099,stInflow,reservoir
PT,h1013,1.7707886543510623,scr2099,stInflow,reservoir
PT,h1014,1.7707886543510623,scr2099,stInflow,reservoir
PT,h1015,1.7707886543510623,scr2099,stInflow,reservoir
PT,h1016,1.7707886543510623,scr2099,stInflow,reservoir
PT,h1017,1.7707886543510623,scr2099,stInflow,reservoir
PT,h1018,1.7707886543510623,scr2099,stInflow,reservoir
PT,h1019,1.7707886543510623,scr2099,stInflow,reservoir
PT,h1020,1.7707886543510623,scr2099,stInflow,reservoir
PT,h1021,1.7707886543510623,scr2099,stInflow,reservoir
PT,h1022,1.7707886543510623,scr2099,stInflow,reservoir
PT,h1023,1.7707886543510623,scr2099,stInflow,reservoir
PT,h1024,1.7707886543510623,scr2099,stInflow,reservoir
PT,h1025,1.7707886543510623,scr2099,stInflow,reservoir
PT,h1026,1.7707886543510623,scr2099,stInflow,reservoir
PT,h1027,1.7707886543510623,scr2099,stInflow,reservoir
PT,h1028,1.7707886543510623,scr2099,stInflow,reservoir
PT,h1029,1.7707886543510623,scr2099,stInflow,reservoir
PT,h1030,1.7707886543510623,scr2099,stInflow,reservoir
PT,h1031,1.7707886543510623,scr2099,stInflow,reservoir
PT,h1032,1.7707886543510623,scr2099,stInflow,reservoir
PT,h1033,1.7707886543510623,scr2099,stInflow,reservoir
PT,h1034,1.7707886543510623,scr2099,stInflow,reservoir
PT,h1035,1.7707886543510623,scr2099,stInflow,reservoir
PT,h1036,1.7707886543510623,scr2099,stInflow,reservoir
PT,h1037,1.7707886543510623,scr2099,stInflow,reservoir
PT,h1038,1.7707886543510623,scr2099,stInflow,reservoir
PT,h1039,1.7707886543510623,scr2099,stInflow,reservoir
PT,h1040,1.7707886543510623,scr2099,stInflow,reservoir
PT,h1041,1.7707886543510623,scr2099,stInflow,reservoir
PT,h1042,1.7707886543510623,scr2099,stInflow,reservoir
PT,h1043,1.7707886543510623,scr2099,stInflow,reservoir
PT,h1044,1.7707886543510623,scr2099,stInflow,reservoir
PT,h1045,1.7707886543510623,scr2099,stInflow,reservoir
PT,h1046,1.7707886543510623,scr2099,stInflow,reservoir
PT,h1047,1.7707886543510623,scr2099,stInflow,reservoir
PT,h1048,1.7707886543510623,scr2099,stInflow,reservoir
PT,h1049,1.7707886543510623,scr2099,stInflow,reservoir
PT,h1050,1.7707886543510623,scr2099,stInflow,reservoir
PT,h1051,1.7707886543510623,scr2099,stInflow,reservoir
PT,h1052,1.7707886543510623,scr2099,stInflow,reservoir
PT,h1053,1.7707886543510623,scr2099,stInflow,reservoir
PT,h1054,1.7707886543510623,scr2099,stInflow,reservoir
PT,h1055,1.7707886543510623,scr2099,stInflow,reservoir
PT,h1056,1.7707886543510623,scr2099,stInflow,reservoir
PT,h1057,1.7707886543510623,scr2099,stInflow,reservoir
PT,h1058,1.7707886543510623,scr2099,stInflow,reservoir
PT,h1059,1.7707886543510623,scr2099,stInflow,reservoir
PT,h1060,1.7707886543510623,scr2099,stInflow,reservoir
PT,h1061,1.7707886543510623,scr2099,stInflow,reservoir
PT,h1062,1.7707886543510623,scr2099,stInflow,reservoir
PT,h1063,1.7707886543510623,scr2099,stInflow,reservoir
PT,h1064,1.7707886543510623,scr2099,stInflow,reservoir
PT,h1065,1.7707886543510623,scr2099,stInflow,reservoir
PT,h1066,1.7707886543510623,scr2099,stInflow,reservoir
PT,h1067,1.7707886543510623,scr2099,stInflow,reservoir
PT,h1068,1.7707886543510623,scr2099,stInflow,reservoir
PT,h1069,1.7707886543510623,scr2099,stInflow,reservoir
PT,h1070,1.7707886543510623,scr2099,stInflow,reservoir
PT,h1071,1.7707886543510623,scr2099,stInflow,reservoir
PT,h1072,1.7707886543510623,scr2099,stInflow,reservoir
PT,h1073,1.7707886543510623,scr2099,stInflow,reservoir
PT,h1074,1.7707886543510623,scr2099,stInflow,reservoir
PT,h1075,1.7707886543510623,scr2099,stInflow,reservoir
PT,h1076,1.7707886543510623,scr2099,stInflow,reservoir
PT,h1077,1.7707886543510623,scr2099,stInflow,reservoir
PT,h1078,1.7707886543510623,scr2099,stInflow,reservoir
PT,h1079,1.7707886543510623,scr2099,stInflow,reservoir
PT,h1080,1.7707886543510623,scr2099,stInflow,reservoir
PT,h1081,1.7707886543510623,scr2099,stInflow,reservoir
PT,h1082,1.7707886543510623,scr2099,stInflow,reservoir
PT,h1083,1.7707886543510623,scr2099,stInflow,reservoir
PT,h1084,1.7707886543510623,scr2099,stInflow,reservoir
PT,h1085,1.7707886543510623,scr2099,stInflow,reservoir
PT,h1086,1.7707886543510623,scr2099,stInflow,reservoir
PT,h1087,1.7707886543510623,scr2099,stInflow,reservoir
PT,h1088,1.7707886543510623,scr2099,stInflow,reservoir
PT,h1089,1.7707886543510623,scr2099,stInflow,reservoir
PT,h1090,1.7707886543510623,scr2099,stInflow,reservoir
PT,h1091,1.7707886543510623,scr2099,stInflow,reservoir
PT,h1092,1.7707886543510623,scr2099,stInflow,reservoir
PT,h1093,1.7707886543510623,scr2099,stInflow,reservoir
PT,h1094,1.7707886543510623,scr2099,stInflow,reservoir
PT,h1095,1.7707886543510623,scr2099,stInflow,reservoir
PT,h1096,1.7707886543510623,scr2099,stInflow,reservoir
PT,h1097,1.7707886543510623,scr2099,stInflow,reservoir
PT,h1098,1.7707886543510623,scr2099,stInflow,reservoir
PT,h1099,1.7707886543510623,scr2099,stInflow,reservoir
PT,h1100,1.7707886543510623,scr2099,stInflow,reservoir
PT,h1101,1.7707886543510623,scr2099,stInflow,reservoir
PT,h1102,1.7707886543510623,scr2099,stInflow,reservoir
PT,h1103,1.7707886543510623,scr2099,stInflow,reservoir
PT,h1104,1.7707886543510623,scr2099,stInflow,reservoir
PT,h1105,1.7603933419172952,scr2099,stInflow,reservoir
PT,h1106,1.7499980356214901,scr2099,stInflow,reservoir
PT,h1107,1.7396027355001016,scr2099,stInflow,reservoir
PT,h1108,1.7396027355001016,scr2099,stInflow,reservoir
PT,h1109,1.7396027355001016,scr2099,stInflow,reservoir
PT,h1110,1.7396027355001016,scr2099,stInflow,reservoir
PT,h1111,1.7396027355001016,scr2099,stInflow,reservoir
PT,h1112,1.7396027355001016,scr2099,stInflow,reservoir
PT,h1113,1.7396027355001016,scr2099,stInflow,reservoir
PT,h1114,1.7396027355001016,scr2099,stInflow,reservoir
PT,h1115,1.7396027355001016,scr2099,stInflow,reservoir
PT,h1116,1.7396027355001016,scr2099,stInflow,reservoir
PT,h1117,1.7396027355001016,scr2099,stInflow,reservoir
PT,h1118,1.7396027355001016,scr2099,stInflow,reservoir
PT,h1119,1.7396027355001016,scr2099,stInflow,reservoir
PT,h1120,1.7396027355001016,scr2099,stInflow,reservoir
PT,h1121,1.7396027355001016,scr2099,stInflow,reservoir
PT,h1122,1.7396027355001016,scr2099,stInflow,reservoir
PT,h1123,1.7396027355001016,scr2099,stInflow,reservoir
PT,h1124,1.7396027355001016,scr2099,stInflow,reservoir
PT,h1125,1.7396027355001016,scr2099,stInflow,reservoir
PT,h1126,1.7396027355001016,scr2099,stInflow,reservoir
PT,h1127,1.7396027355001016,scr2099,stInflow,reservoir
PT,h1128,1.7396027355001016,scr2099,stInflow,reservoir
PT,h1129,1.7396027355001016,scr2099,stInflow,reservoir
PT,h1130,1.7396027355001016,scr2099,stInflow,reservoir
PT,h1131,1.7396027355001016,scr2099,stInflow,reservoir
PT,h1132,1.7396027355001016,scr2099,stInflow,reservoir
PT,h1133,1.7396027355001016,scr2099,stInflow,reservoir
PT,h1134,1.7396027355001016,scr2099,stInflow,reservoir
PT,h1135,1.7396027355001016,scr2099,stInflow,reservoir
PT,h1136,1.7396027355001016,scr2099,stInflow,reservoir
PT,h1137,1.7396027355001016,scr2099,stInflow,reservoir
PT,h1138,1.7396027355001016,scr2099,stInflow,reservoir
PT,h1139,1.7396027355001016,scr2099,stInflow,reservoir
PT,h1140,1.7396027355001016,scr2099,stInflow,reservoir
PT,h1141,1.7396027355001016,scr2099,stInflow,reservoir
PT,h1142,1.7396027355001016,scr2099,stInflow,reservoir
PT,h1143,1.7396027355001016,scr2099,stInflow,reservoir
PT,h1144,1.7396027355001016,scr2099,stInflow,reservoir
PT,h1145,1.7396027355001016,scr2099,stInflow,reservoir
PT,h1146,1.7396027355001016,scr2099,stInflow,reservoir
PT,h1147,1.7396027355001016,scr2099,stInflow,reservoir
PT,h1148,1.7396027355001016,scr2099,stInflow,reservoir
PT,h1149,1.7396027355001016,scr2099,stInflow,reservoir
PT,h1150,1.7396027355001016,scr2099,stInflow,reservoir
PT,h1151,1.7396027355001016,scr2099,stInflow,reservoir
PT,h1152,1.7396027355001016,scr2099,stInflow,reservoir
PT,h1153,1.7396027355001016,scr2099,stInflow,reservoir
PT,h1154,1.7396027355001016,scr2099,stInflow,reservoir
PT,h1155,1.7396027355001016,scr2099,stInflow,reservoir
PT,h1156,1.7396027355001016,scr2099,stInflow,reservoir
PT,h1157,1.7396027355001016,scr2099,stInflow,reservoir
PT,h1158,1.7396027355001016,scr2099,stInflow,reservoir
PT,h1159,1.7396027355001016,scr2099,stInflow,reservoir
PT,h1160,1.7396027355001016,scr2099,stInflow,reservoir
PT,h1161,1.7396027355001016,scr2099,stInflow,reservoir
PT,h1162,1.7396027355001016,scr2099,stInflow,reservoir
PT,h1163,1.7396027355001016,scr2099,stInflow,reservoir
PT,h1164,1.7396027355001016,scr2099,stInflow,reservoir
PT,h1165,1.7396027355001016,scr2099,stInflow,reservoir
PT,h1166,1.7396027355001016,scr2099,stInflow,reservoir
PT,h1167,1.7396027355001016,scr2099,stInflow,reservoir
PT,h1168,1.7396027355001016,scr2099,stInflow,reservoir
PT,h1169,1.7396027355001016,scr2099,stInflow,reservoir
PT,h1170,1.7396027355001016,scr2099,stInflow,reservoir
PT,h1171,1.7396027355001016,scr2099,stInflow,reservoir
PT,h1172,1.7396027355001016,scr2099,stInflow,reservoir
PT,h1173,1.7396027355001016,scr2099,stInflow,reservoir
PT,h1174,1.7396027355001016,scr2099,stInflow,reservoir
PT,h1175,1.7396027355001016,scr2099,stInflow,reservoir
PT,h1176,1.7396027355001016,scr2099,stInflow,reservoir
PT,h1177,1.7396027355001016,scr2099,stInflow,reservoir
PT,h1178,1.7396027355001016,scr2099,stInflow,reservoir
PT,h1179,1.7396027355001016,scr2099,stInflow,reservoir
PT,h1180,1.7396027355001016,scr2099,stInflow,reservoir
PT,h1181,1.7396027355001016,scr2099,stInflow,reservoir
PT,h1182,1.7396027355001016,scr2099,stInflow,reservoir
PT,h1183,1.7396027355001016,scr2099,stInflow,reservoir
PT,h1184,1.7396027355001016,scr2099,stInflow,reservoir
PT,h1185,1.7396027355001016,scr2099,stInflow,reservoir
PT,h1186,1.7396027355001016,scr2099,stInflow,reservoir
PT,h1187,1.7396027355001016,scr2099,stInflow,reservoir
PT,h1188,1.7396027355001016,scr2099,stInflow,reservoir
PT,h1189,1.7396027355001016,scr2099,stInflow,reservoir
PT,h1190,1.7396027355001016,scr2099,stInflow,reservoir
PT,h1191,1.7396027355001016,scr2099,stInflow,reservoir
PT,h1192,1.7396027355001016,scr2099,stInflow,reservoir
PT,h1193,1.7396027355001016,scr2099,stInflow,reservoir
PT,h1194,1.7396027355001016,scr2099,stInflow,reservoir
PT,h1195,1.7396027355001016,scr2099,stInflow,reservoir
PT,h1196,1.7396027355001016,scr2099,stInflow,reservoir
PT,h1197,1.7396027355001016,scr2099,stInflow,reservoir
PT,h1198,1.7396027355001016,scr2099,stInflow,reservoir
PT,h1199,1.7396027355001016,scr2099,stInflow,reservoir
PT,h1200,1.7396027355001016,scr2099,stInflow,reservoir
PT,h1201,1.7396027355001016,scr2099,stInflow,reservoir
PT,h1202,1.7396027355001016,scr2099,stInflow,reservoir
PT,h1203,1.7396027355001016,scr2099,stInflow,reservoir
PT,h1204,1.7396027355001016,scr2099,stInflow,reservoir
PT,h1205,1.7396027355001016,scr2099,stInflow,reservoir
PT,h1206,1.7396027355001016,scr2099,stInflow,reservoir
PT,h1207,1.7396027355001016,scr2099,stInflow,reservoir
PT,h1208,1.7396027355001016,scr2099,stInflow,reservoir
PT,h1209,1.7396027355001016,scr2099,stInflow,reservoir
PT,h1210,1.7396027355001016,scr2099,stInflow,reservoir
PT,h1211,1.7396027355001016,scr2099,stInflow,reservoir
PT,h1212,1.7396027355001016,scr2099,stInflow,reservoir
PT,h1213,1.7396027355001016,scr2099,stInflow,reservoir
PT,h1214,1.7396027355001016,scr2099,stInflow,reservoir
PT,h1215,1.7396027355001016,scr2099,stInflow,reservoir
PT,h1216,1.7396027355001016,scr2099,stInflow,reservoir
PT,h1217,1.7396027355001016,scr2099,stInflow,reservoir
PT,h1218,1.7396027355001016,scr2099,stInflow,reservoir
PT,h1219,1.7396027355001016,scr2099,stInflow,reservoir
PT,h1220,1.7396027355001016,scr2099,stInflow,reservoir
PT,h1221,1.7396027355001016,scr2099,stInflow,reservoir
PT,h1222,1.7396027355001016,scr2099,stInflow,reservoir
PT,h1223,1.7396027355001016,scr2099,stInflow,reservoir
PT,h1224,1.7396027355001016,scr2099,stInflow,reservoir
PT,h1225,1.7396027355001016,scr2099,stInflow,reservoir
PT,h1226,1.7396027355001016,scr2099,stInflow,reservoir
PT,h1227,1.7396027355001016,scr2099,stInflow,reservoir
PT,h1228,1.7396027355001016,scr2099,stInflow,reservoir
PT,h1229,1.7396027355001016,scr2099,stInflow,reservoir
PT,h1230,1.7396027355001016,scr2099,stInflow,reservoir
PT,h1231,1.7396027355001016,scr2099,stInflow,reservoir
PT,h1232,1.7396027355001016,scr2099,stInflow,reservoir
PT,h1233,1.7396027355001016,scr2099,stInflow,reservoir
PT,h1234,1.7396027355001016,scr2099,stInflow,reservoir
PT,h1235,1.7396027355001016,scr2099,stInflow,reservoir
PT,h1236,1.7396027355001016,scr2099,stInflow,reservoir
PT,h1237,1.7396027355001016,scr2099,stInflow,reservoir
PT,h1238,1.7396027355001016,scr2099,stInflow,reservoir
PT,h1239,1.7396027355001016,scr2099,stInflow,reservoir
PT,h1240,1.7396027355001016,scr2099,stInflow,reservoir
PT,h1241,1.7396027355001016,scr2099,stInflow,reservoir
PT,h1242,1.7396027355001016,scr2099,stInflow,reservoir
PT,h1243,1.7396027355001016,scr2099,stInflow,reservoir
PT,h1244,1.7396027355001016,scr2099,stInflow,reservoir
PT,h1245,1.7396027355001016,scr2099,stInflow,reservoir
PT,h1246,1.7396027355001016,scr2099,stInflow,reservoir
PT,h1247,1.7396027355001016,scr2099,stInflow,reservoir
PT,h1248,1.7396027355001016,scr2099,stInflow,reservoir
PT,h1249,1.7396027355001016,scr2099,stInflow,reservoir
PT,h1250,1.7396027355001016,scr2099,stInflow,reservoir
PT,h1251,1.7396027355001016,scr2099,stInflow,reservoir
PT,h1252,1.7396027355001016,scr2099,stInflow,reservoir
PT,h1253,1.7396027355001016,scr2099,stInflow,reservoir
PT,h1254,1.7396027355001016,scr2099,stInflow,reservoir
PT,h1255,1.7396027355001016,scr2099,stInflow,reservoir
PT,h1256,1.7396027355001016,scr2099,stInflow,reservoir
PT,h1257,1.7396027355001016,scr2099,stInflow,reservoir
PT,h1258,1.7396027355001016,scr2099,stInflow,reservoir
PT,h1259,1.7396027355001016,scr2099,stInflow,reservoir
PT,h1260,1.7396027355001016,scr2099,stInflow,reservoir
PT,h1261,1.7396027355001016,scr2099,stInflow,reservoir
PT,h1262,1.7396027355001016,scr2099,stInflow,reservoir
PT,h1263,1.7396027355001016,scr2099,stInflow,reservoir
PT,h1264,1.7396027355001016,scr2099,stInflow,reservoir
PT,h1265,1.7396027355001016,scr2099,stInflow,reservoir
PT,h1266,1.7396027355001016,scr2099,stInflow,reservoir
PT,h1267,1.7396027355001016,scr2099,stInflow,reservoir
PT,h1268,1.7396027355001016,scr2099,stInflow,reservoir
PT,h1269,1.7396027355001016,scr2099,stInflow,reservoir
PT,h1270,1.7396027355001016,scr2099,stInflow,reservoir
PT,h1271,1.7396027355001016,scr2099,stInflow,reservoir
PT,h1272,1.7396027355001016,scr2099,stInflow,reservoir
PT,h1273,1.6202013794946728,scr2099,stInflow,reservoir
PT,h1274,1.5008009041256092,scr2099,stInflow,reservoir
PT,h1275,1.3814013795827287,scr2099,stInflow,reservoir
PT,h1276,1.3814013795827287,scr2099,stInflow,reservoir
PT,h1277,1.3814013795827287,scr2099,stInflow,reservoir
PT,h1278,1.3814013795827287,scr2099,stInflow,reservoir
PT,h1279,1.3814013795827287,scr2099,stInflow,reservoir
PT,h1280,1.3814013795827287,scr2099,stInflow,reservoir
PT,h1281,1.3814013795827287,scr2099,stInflow,reservoir
PT,h1282,1.3814013795827287,scr2099,stInflow,reservoir
PT,h1283,1.3814013795827287,scr2099,stInflow,reservoir
PT,h1284,1.3814013795827287,scr2099,stInflow,reservoir
PT,h1285,1.3814013795827287,scr2099,stInflow,reservoir
PT,h1286,1.3814013795827287,scr2099,stInflow,reservoir
PT,h1287,1.3814013795827287,scr2099,stInflow,reservoir
PT,h1288,1.3814013795827287,scr2099,stInflow,reservoir
PT,h1289,1.3814013795827287,scr2099,stInflow,reservoir
PT,h1290,1.3814013795827287,scr2099,stInflow,reservoir
PT,h1291,1.3814013795827287,scr2099,stInflow,reservoir
PT,h1292,1.3814013795827287,scr2099,stInflow,reservoir
PT,h1293,1.3814013795827287,scr2099,stInflow,reservoir
PT,h1294,1.3814013795827287,scr2099,stInflow,reservoir
PT,h1295,1.3814013795827287,scr2099,stInflow,reservoir
PT,h1296,1.3814013795827287,scr2099,stInflow,reservoir
PT,h1297,1.3814013795827287,scr2099,stInflow,reservoir
PT,h1298,1.3814013795827287,scr2099,stInflow,reservoir
PT,h1299,1.3814013795827287,scr2099,stInflow,reservoir
PT,h1300,1.3814013795827287,scr2099,stInflow,reservoir
PT,h1301,1.3814013795827287,scr2099,stInflow,reservoir
PT,h1302,1.3814013795827287,scr2099,stInflow,reservoir
PT,h1303,1.3814013795827287,scr2099,stInflow,reservoir
PT,h1304,1.3814013795827287,scr2099,stInflow,reservoir
PT,h1305,1.3814013795827287,scr2099,stInflow,reservoir
PT,h1306,1.3814013795827287,scr2099,stInflow,reservoir
PT,h1307,1.3814013795827287,scr2099,stInflow,reservoir
PT,h1308,1.3814013795827287,scr2099,stInflow,reservoir
PT,h1309,1.3814013795827287,scr2099,stInflow,reservoir
PT,h1310,1.3814013795827287,scr2099,stInflow,reservoir
PT,h1311,1.3814013795827287,scr2099,stInflow,reservoir
PT,h1312,1.3814013795827287,scr2099,stInflow,reservoir
PT,h1313,1.3814013795827287,scr2099,stInflow,reservoir
PT,h1314,1.3814013795827287,scr2099,stInflow,reservoir
PT,h1315,1.3814013795827287,scr2099,stInflow,reservoir
PT,h1316,1.3814013795827287,scr2099,stInflow,reservoir
PT,h1317,1.3814013795827287,scr2099,stInflow,reservoir
PT,h1318,1.3814013795827287,scr2099,stInflow,reservoir
PT,h1319,1.3814013795827287,scr2099,stInflow,reservoir
PT,h1320,1.3814013795827287,scr2099,stInflow,reservoir
PT,h1321,1.3814013795827287,scr2099,stInflow,reservoir
PT,h1322,1.3814013795827287,scr2099,stInflow,reservoir
PT,h1323,1.3814013795827287,scr2099,stInflow,reservoir
PT,h1324,1.3814013795827287,scr2099,stInflow,reservoir
PT,h1325,1.3814013795827287,scr2099,stInflow,reservoir
PT,h1326,1.3814013795827287,scr2099,stInflow,reservoir
PT,h1327,1.3814013795827287,scr2099,stInflow,reservoir
PT,h1328,1.3814013795827287,scr2099,stInflow,reservoir
PT,h1329,1.3814013795827287,scr2099,stInflow,reservoir
PT,h1330,1.3814013795827287,scr2099,stInflow,reservoir
PT,h1331,1.3814013795827287,scr2099,stInflow,reservoir
PT,h1332,1.3814013795827287,scr2099,stInflow,reservoir
PT,h1333,1.3814013795827287,scr2099,stInflow,reservoir
PT,h1334,1.3814013795827287,scr2099,stInflow,reservoir
PT,h1335,1.3814013795827287,scr2099,stInflow,reservoir
PT,h1336,1.3814013795827287,scr2099,stInflow,reservoir
PT,h1337,1.3814013795827287,scr2099,stInflow,reservoir
PT,h1338,1.3814013795827287,scr2099,stInflow,reservoir
PT,h1339,1.3814013795827287,scr2099,stInflow,reservoir
PT,h1340,1.3814013795827287,scr2099,stInflow,reservoir
PT,h1341,1.3814013795827287,scr2099,stInflow,reservoir
PT,h1342,1.3814013795827287,scr2099,stInflow,reservoir
PT,h1343,1.3814013795827287,scr2099,stInflow,reservoir
PT,h1344,1.3814013795827287,scr2099,stInflow,reservoir
PT,h1345,1.3814013795827287,scr2099,stInflow,reservoir
PT,h1346,1.3814013795827287,scr2099,stInflow,reservoir
PT,h1347,1.3814013795827287,scr2099,stInflow,reservoir
PT,h1348,1.3814013795827287,scr2099,stInflow,reservoir
PT,h1349,1.3814013795827287,scr2099,stInflow,reservoir
PT,h1350,1.3814013795827287,scr2099,stInflow,reservoir
PT,h1351,1.3814013795827287,scr2099,stInflow,reservoir
PT,h1352,1.3814013795827287,scr2099,stInflow,reservoir
PT,h1353,1.3814013795827287,scr2099,stInflow,reservoir
PT,h1354,1.3814013795827287,scr2099,stInflow,reservoir
PT,h1355,1.3814013795827287,scr2099,stInflow,reservoir
PT,h1356,1.3814013795827287,scr2099,stInflow,reservoir
PT,h1357,1.3814013795827287,scr2099,stInflow,reservoir
PT,h1358,1.3814013795827287,scr2099,stInflow,reservoir
PT,h1359,1.3814013795827287,scr2099,stInflow,reservoir
PT,h1360,1.3814013795827287,scr2099,stInflow,reservoir
PT,h1361,1.3814013795827287,scr2099,stInflow,reservoir
PT,h1362,1.3814013795827287,scr2099,stInflow,reservoir
PT,h1363,1.3814013795827287,scr2099,stInflow,reservoir
PT,h1364,1.3814013795827287,scr2099,stInflow,reservoir
PT,h1365,1.3814013795827287,scr2099,stInflow,reservoir
PT,h1366,1.3814013795827287,scr2099,stInflow,reservoir
PT,h1367,1.3814013795827287,scr2099,stInflow,reservoir
PT,h1368,1.3814013795827287,scr2099,stInflow,reservoir
PT,h1369,1.3814013795827287,scr2099,stInflow,reservoir
PT,h1370,1.3814013795827287,scr2099,stInflow,reservoir
PT,h1371,1.3814013795827287,scr2099,stInflow,reservoir
PT,h1372,1.3814013795827287,scr2099,stInflow,reservoir
PT,h1373,1.3814013795827287,scr2099,stInflow,reservoir
PT,h1374,1.3814013795827287,scr2099,stInflow,reservoir
PT,h1375,1.3814013795827287,scr2099,stInflow,reservoir
PT,h1376,1.3814013795827287,scr2099,stInflow,reservoir
PT,h1377,1.3814013795827287,scr2099,stInflow,reservoir
PT,h1378,1.3814013795827287,scr2099,stInflow,reservoir
PT,h1379,1.3814013795827287,scr2099,stInflow,reservoir
PT,h1380,1.3814013795827287,scr2099,stInflow,reservoir
PT,h1381,1.3814013795827287,scr2099,stInflow,reservoir
PT,h1382,1.3814013795827287,scr2099,stInflow,reservoir
PT,h1383,1.3814013795827287,scr2099,stInflow,reservoir
PT,h1384,1.3814013795827287,scr2099,stInflow,reservoir
PT,h1385,1.3814013795827287,scr2099,stInflow,reservoir
PT,h1386,1.3814013795827287,scr2099,stInflow,reservoir
PT,h1387,1.3814013795827287,scr2099,stInflow,reservoir
PT,h1388,1.3814013795827287,scr2099,stInflow,reservoir
PT,h1389,1.3814013795827287,scr2099,stInflow,reservoir
PT,h1390,1.3814013795827287,scr2099,stInflow,reservoir
PT,h1391,1.3814013795827287,scr2099,stInflow,reservoir
PT,h1392,1.3814013795827287,scr2099,stInflow,reservoir
PT,h1393,1.3814013795827287,scr2099,stInflow,reservoir
PT,h1394,1.3814013795827287,scr2099,stInflow,reservoir
PT,h1395,1.3814013795827287,scr2099,stInflow,reservoir
PT,h1396,1.3814013795827287,scr2099,stInflow,reservoir
PT,h1397,1.3814013795827287,scr2099,stInflow,reservoir
PT,h1398,1.3814013795827287,scr2099,stInflow,reservoir
PT,h1399,1.3814013795827287,scr2099,stInflow,reservoir
PT,h1400,1.3814013795827287,scr2099,stInflow,reservoir
PT,h1401,1.3814013795827287,scr2099,stInflow,reservoir
PT,h1402,1.3814013795827287,scr2099,stInflow,reservoir
PT,h1403,1.3814013795827287,scr2099,stInflow,reservoir
PT,h1404,1.3814013795827287,scr2099,stInflow,reservoir
PT,h1405,1.3814013795827287,scr2099,stInflow,reservoir
PT,h1406,1.3814013795827287,scr2099,stInflow,reservoir
PT,h1407,1.3814013795827287,scr2099,stInflow,reservoir
PT,h1408,1.3814013795827287,scr2099,stInflow,reservoir
PT,h1409,1.3814013795827287,scr2099,stInflow,reservoir
PT,h1410,1.3814013795827287,scr2099,stInflow,reservoir
PT,h1411,1.3814013795827287,scr2099,stInflow,reservoir
PT,h1412,1.3814013795827287,scr2099,stInflow,reservoir
PT,h1413,1.3814013795827287,scr2099,stInflow,reservoir
PT,h1414,1.3814013795827287,scr2099,stInflow,reservoir
PT,h1415,1.3814013795827287,scr2099,stInflow,reservoir
PT,h1416,1.3814013795827287,scr2099,stInflow,reservoir
PT,h1417,1.3814013795827287,scr2099,stInflow,reservoir
PT,h1418,1.3814013795827287,scr2099,stInflow,reservoir
PT,h1419,1.3814013795827287,scr2099,stInflow,reservoir
PT,h1420,1.3814013795827287,scr2099,stInflow,reservoir
PT,h1421,1.3814013795827287,scr2099,stInflow,reservoir
PT,h1422,1.3814013795827287,scr2099,stInflow,reservoir
PT,h1423,1.3814013795827287,scr2099,stInflow,reservoir
PT,h1424,1.3814013795827287,scr2099,stInflow,reservoir
PT,h1425,1.3814013795827287,scr2099,stInflow,reservoir
PT,h1426,1.3814013795827287,scr2099,stInflow,reservoir
PT,h1427,1.3814013795827287,scr2099,stInflow,reservoir
PT,h1428,1.3814013795827287,scr2099,stInflow,reservoir
PT,h1429,1.3814013795827287,scr2099,stInflow,reservoir
PT,h1430,1.3814013795827287,scr2099,stInflow,reservoir
PT,h1431,1.3814013795827287,scr2099,stInflow,reservoir
PT,h1432,1.3814013795827287,scr2099,stInflow,reservoir
PT,h1433,1.3814013795827287,scr2099,stInflow,reservoir
PT,h1434,1.3814013795827287,scr2099,stInflow,reservoir
PT,h1435,1.3814013795827287,scr2099,stInflow,reservoir
PT,h1436,1.3814013795827287,scr2099,stInflow,reservoir
PT,h1437,1.3814013795827287,scr2099,stInflow,reservoir
PT,h1438,1.3814013795827287,scr2099,stInflow,reservoir
PT,h1439,1.3814013795827287,scr2099,stInflow,reservoir
PT,h1440,1.3814013795827287,scr2099,stInflow,reservoir
RO,h0721,0.4595681173317177,scr2099,stInflow,reservoir
RO,h0722,0.4595681173317177,scr2099,stInflow,reservoir
RO,h0723,0.4595681173317177,scr2099,stInflow,reservoir
RO,h0724,0.4595681173317177,scr2099,stInflow,reservoir
RO,h0725,0.4595681173317177,scr2099,stInflow,reservoir
RO,h0726,0.4595681173317177,scr2099,stInflow,reservoir
RO,h0727,0.4595681173317177,scr2099,stInflow,reservoir
RO,h0728,0.4595681173317177,scr2099,stInflow,reservoir
RO,h0729,0.4595681173317177,scr2099,stInflow,reservoir
RO,h0730,0.4595681173317177,scr2099,stInflow,reservoir
RO,h0731,0.4595681173317177,scr2099,stInflow,reservoir
RO,h0732,0.4595681173317177,scr2099,stInflow,reservoir
RO,h0733,0.4595681173317177,scr2099,stInflow,reservoir
RO,h0734,0.4595681173317177,scr2099,stInflow,reservoir
RO,h0735,0.4595681173317177,scr2099,stInflow,reservoir
RO,h0736,0.4595681173317177,scr2099,stInflow,reservoir
RO,h0737,0.4595681173317177,scr2099,stInflow,reservoir
RO,h0738,0.4595681173317177,scr2099,stInflow,reservoir
RO,h0739,0.4595681173317177,scr2099,stInflow,reservoir
RO,h0740,0.4595681173317177,scr2099,stInflow,reservoir
RO,h0741,0.4595681173317177,scr2099,stInflow,reservoir
RO,h0742,0.4595681173317177,scr2099,stInflow,reservoir
RO,h0743,0.4595681173317177,scr2099,stInflow,reservoir
RO,h0744,0.4595681173317177,scr2099,stInflow,reservoir
RO,h0745,0.4595681173317177,scr2099,stInflow,reservoir
RO,h0746,0.4595681173317177,scr2099,stInflow,reservoir
RO,h0747,0.4595681173317177,scr2099,stInflow,reservoir
RO,h0748,0.4595681173317177,scr2099,stInflow,reservoir
RO,h0749,0.4595681173317177,scr2099,stInflow,reservoir
RO,h0750,0.4595681173317177,scr2099,stInflow,reservoir
RO,h0751,0.4595681173317177,scr2099,stInflow,reservoir
RO,h0752,0.4595681173317177,scr2099,stInflow,reservoir
RO,h0753,0.4595681173317177,scr2099,stInflow,reservoir
RO,h0754,0.4595681173317177,scr2099,stInflow,reservoir
RO,h0755,0.4595681173317177,scr2099,stInflow,reservoir
RO,h0756,0.4595681173317177,scr2099,stInflow,reservoir
RO,h0757,0.4595681173317177,scr2099,stInflow,reservoir
RO,h0758,0.4595681173317177,scr2099,stInflow,reservoir
RO,h0759,0.4595681173317177,scr2099,stInflow,reservoir
RO,h0760,0.4595681173317177,scr2099,stInflow,reservoir
RO,h0761,0.4595681173317177,scr2099,stInflow,reservoir
RO,h0762,0.4595681173317177,scr2099,stInflow,reservoir
RO,h0763,0.4595681173317177,scr2099,stInflow,reservoir
RO,h0764,0.4595681173317177,scr2099,stInflow,reservoir
RO,h0765,0.4595681173317177,scr2099,stInflow,reservoir
RO,h0766,0.4595681173317177,scr2099,stInflow,reservoir
RO,h0767,0.4595681173317177,scr2099,stInflow,reservoir
RO,h0768,0.4595681173317177,scr2099,stInflow,reservoir
RO,h0769,0.497966209816239,scr2099,stInflow,reservoir
RO,h0770,0.5363645986731866,scr2099,stInflow,reservoir
RO,h0771,0.574763262650319,scr2099,stInflow,reservoir
RO,h0772,0.574763262650319,scr2099,stInflow,reservoir
RO,h0773,0.574763262650319,scr2099,stInflow,reservoir
RO,h0774,0.574763262650319,scr2099,stInflow,reservoir
RO,h0775,0.574763262650319,scr2099,stInflow,reservoir
RO,h0776,0.574763262650319,scr2099,stInflow,reservoir
RO,h0777,0.574763262650319,scr2099,stInflow,reservoir
RO,h0778,0.574763262650319,scr2099,stInflow,reservoir
RO,h0779,0.574763262650319,scr2099,stInflow,reservoir
RO,h0780,0.574763262650319,scr2099,stInflow,reservoir
RO,h0781,0.574763262650319,scr2099,stInflow,reservoir
RO,h0782,0.574763262650319,scr2099,stInflow,reservoir
RO,h0783,0.574763262650319,scr2099,stInflow,reservoir
RO,h0784,0.574763262650319,scr2099,stInflow,reservoir
RO,h0785,0.574763262650319,scr2099,stInflow,reservoir
RO,h0786,0.574763262650319,scr2099,stInflow,reservoir
RO,h0787,0.574763262650319,scr2099,stInflow,reservoir
RO,h0788,0.574763262650319,scr2099,stInflow,reservoir
RO,h0789,0.574763262650319,scr2099,stInflow,reservoir
RO,h0790,0.574763262650319,scr2099,stInflow,reservoir
RO,h0791,0.574763262650319,scr2099,stInflow,reservoir
RO,h0792,0.574763262650319,scr2099,stInflow,reservoir
RO,h0793,0.574763262650319,scr2099,stInflow,reservoir
RO,h0794,0.574763262650319,scr2099,stInflow,reservoir
RO,h0795,0.574763262650319,scr2099,stInflow,reservoir
RO,h0796,0.574763262650319,scr2099,stInflow,reservoir
RO,h0797,0.574763262650319,scr2099,stInflow,reservoir
RO,h0798,0.574763262650319,scr2099,stInflow,reservoir
RO,h0799,0.574763262650319,scr2099,stInflow,reservoir
RO,h0800,0.574763262650319,scr2099,stInflow,reservoir
RO,h0801,0.574763262650319,scr2099,stInflow,reservoir
RO,h0802,0.574763262650319,scr2099,stInflow,reservoir
RO,h0803,0.574763262650319,scr2099,stInflow,reservoir
RO,h0804,0.574763262650319,scr2099,stInflow,reservoir
RO,h0805,0.574763262650319,scr2099,stInflow,reservoir
RO,h0806,0.574763262650319,scr2099,stInflow,reservoir
RO,h0807,0.574763262650319,scr2099,stInflow,reservoir
RO,h0808,0.574763262650319,scr2099,stInflow,reservoir
RO,h0809,0.574763262650319,scr2099,stInflow,reservoir
RO,h0810,0.574763262650319,scr2099,stInflow,reservoir
RO,h0811,0.574763262650319,scr2099,stInflow,reservoir
RO,h0812,0.574763262650319,scr2099,stInflow,reservoir
RO,h0813,0.574763262650319,scr2099,stInflow,reservoir
RO,h0814,0.574763262650319,scr2099,stInflow,reservoir
RO,h0815,0.574763262650319,scr2099,stInflow,reservoir
RO,h0816,0.574763262650319,scr2099,stInflow,reservoir
RO,h0817,0.574763262650319,scr2099,stInflow,reservoir
RO,h0818,0.574763262650319,scr2099,stInflow,reservoir
RO,h0819,0.574763262650319,scr2099,stInflow,reservoir
RO,h0820,0.574763262650319,scr2099,stInflow,reservoir
RO,h0821,0.574763262650319,scr2099,stInflow,reservoir
RO,h0822,0.574763262650319,scr2099,stInflow,reservoir
RO,h0823,0.574763262650319,scr2099,stInflow,reservoir
RO,h0824,0.574763262650319,scr2099,stInflow,reservoir
RO,h0825,0.574763262650319,scr2099,stInflow,reservoir
RO,h0826,0.574763262650319,scr2099,stInflow,reservoir
RO,h0827,0.574763262650319,scr2099,stInflow,reservoir
RO,h0828,0.574763262650319,scr2099,stInflow,reservoir
RO,h0829,0.574763262650319,scr2099,stInflow,reservoir
RO,h0830,0.574763262650319,scr2099,stInflow,reservoir
RO,h0831,0.574763262650319,scr2099,stInflow,reservoir
RO,h0832,0.574763262650319,scr2099,stInflow,reservoir
RO,h0833,0.574763262650319,scr2099,stInflow,reservoir
RO,h0834,0.574763262650319,scr2099,stInflow,reservoir
RO,h0835,0.574763262650319,scr2099,stInflow,reservoir
RO,h0836,0.574763262650319,scr2099,stInflow,reservoir
RO,h0837,0.574763262650319,scr2099,stInflow,reservoir
RO,h0838,0.574763262650319,scr2099,stInflow,reservoir
RO,h0839,0.574763262650319,scr2099,stInflow,reservoir
RO,h0840,0.574763262650319,scr2099,stInflow,reservoir
RO,h0841,0.574763262650319,scr2099,stInflow,reservoir
RO,h0842,0.574763262650319,scr2099,stInflow,reservoir
RO,h0843,0.574763262650319,scr2099,stInflow,reservoir
RO,h0844,0.574763262650319,scr2099,stInflow,reservoir
RO,h0845,0.574763262650319,scr2099,stInflow,reservoir
RO,h0846,0.574763262650319,scr2099,stInflow,reservoir
RO,h0847,0.574763262650319,scr2099,stInflow,reservoir
RO,h0848,0.574763262650319,scr2099,stInflow,reservoir
RO,h0849,0.574763262650319,scr2099,stInflow,reservoir
RO,h0850,0.574763262650319,scr2099,stInflow,reservoir
RO,h0851,0.574763262650319,scr2099,stInflow,reservoir
RO,h0852,0.574763262650319,scr2099,stInflow,reservoir
RO,h0853,0.574763262650319,scr2099,stInflow,reservoir
RO,h0854,0.574763262650319,scr2099,stInflow,reservoir
RO,h0855,0.574763262650319,scr2099,stInflow,reservoir
RO,h0856,0.574763262650319,scr2099,stInflow,reservoir
RO,h0857,0.574763262650319,scr2099,stInflow,reservoir
RO,h0858,0.574763262650319,scr2099,stInflow,reservoir
RO,h0859,0.574763262650319,scr2099,stInflow,reservoir
RO,h0860,0.574763262650319,scr2099,stInflow,reservoir
RO,h0861,0.574763262650319,scr2099,stInflow,reservoir
RO,h0862,0.574763262650319,scr2099,stInflow,reservoir
RO,h0863,0.574763262650319,scr2099,stInflow,reservoir
RO,h0864,0.574763262650319,scr2099,stInflow,reservoir
RO,h0865,0.574763262650319,scr2099,stInflow,reservoir
RO,h0866,0.574763262650319,scr2099,stInflow,reservoir
RO,h0867,0.574763262650319,scr2099,stInflow,reservoir
RO,h0868,0.574763262650319,scr2099,stInflow,reservoir
RO,h0869,0.574763262650319,scr2099,stInflow,reservoir
RO,h0870,0.574763262650319,scr2099,stInflow,reservoir
RO,h0871,0.574763262650319,scr2099,stInflow,reservoir
RO,h0872,0.574763262650319,scr2099,stInflow,reservoir
RO,h0873,0.574763262650319,scr2099,stInflow,reservoir
RO,h0874,0.574763262650319,scr2099,stInflow,reservoir
RO,h0875,0.574763262650319,scr2099,stInflow,reservoir
RO,h0876,0.574763262650319,scr2099,stInflow,reservoir
RO,h0877,0.574763262650319,scr2099,stInflow,reservoir
RO,h0878,0.574763262650319,scr2099,stInflow,reservoir
RO,h0879,0.574763262650319,scr2099,stInflow,reservoir
RO,h0880,0.574763262650319,scr2099,stInflow,reservoir
RO,h0881,0.574763262650319,scr2099,stInflow,reservoir
RO,h0882,0.574763262650319,scr2099,stInflow,reservoir
RO,h0883,0.574763262650319,scr2099,stInflow,reservoir
RO,h0884,0.574763262650319,scr2099,stInflow,reservoir
RO,h0885,0.574763262650319,scr2099,stInflow,reservoir
RO,h0886,0.574763262650319,scr2099,stInflow,reservoir
RO,h0887,0.574763262650319,scr2099,stInflow,reservoir
RO,h0888,0.574763262650319,scr2099,stInflow,reservoir
RO,h0889,0.574763262650319,scr2099,stInflow,reservoir
RO,h0890,0.574763262650319,scr2099,stInflow,reservoir
RO,h0891,0.574763262650319,scr2099,stInflow,reservoir
RO,h0892,0.574763262650319,scr2099,stInflow,reservoir
RO,h0893,0.574763262650319,scr2099,stInflow,reservoir
RO,h0894,0.574763262650319,scr2099,stInflow,reservoir
RO,h0895,0.574763262650319,scr2099,stInflow,reservoir
RO,h0896,0.574763262650319,scr2099,stInflow,reservoir
RO,h0897,0.574763262650319,scr2099,stInflow,reservoir
RO,h0898,0.574763262650319,scr2099,stInflow,reservoir
RO,h0899,0.574763262650319,scr2099,stInflow,reservoir
RO,h0900,0.574763262650319,scr2099,stInflow,reservoir
RO,h0901,0.574763262650319,scr2099,stInflow,reservoir
RO,h0902,0.574763262650319,scr2099,stInflow,reservoir
RO,h0903,0.574763262650319,scr2099,stInflow,reservoir
RO,h0904,0.574763262650319,scr2099,stInflow,reservoir
RO,h0905,0.574763262650319,scr2099,stInflow,reservoir
RO,h0906,0.574763262650319,scr2099,stInflow,reservoir
RO,h0907,0.574763262650319,scr2099,stInflow,reservoir
RO,h0908,0.574763262650319,scr2099,stInflow,reservoir
RO,h0909,0.574763262650319,scr2099,stInflow,reservoir
RO,h0910,0.574763262650319,scr2099,stInflow,reservoir
RO,h0911,0.574763262650319,scr2099,stInflow,reservoir
RO,h0912,0.574763262650319,scr2099,stInflow,reservoir
RO,h0913,0.574763262650319,scr2099,stInflow,reservoir
RO,h0914,0.574763262650319,scr2099,stInflow,reservoir
RO,h0915,0.574763262650319,scr2099,stInflow,reservoir
RO,h0916,0.574763262650319,scr2099,stInflow,reservoir
RO,h0917,0.574763262650319,scr2099,stInflow,reservoir
RO,h0918,0.574763262650319,scr2099,stInflow,reservoir
RO,h0919,0.574763262650319,scr2099,stInflow,reservoir
RO,h0920,0.574763262650319,scr2099,stInflow,reservoir
RO,h0921,0.574763262650319,scr2099,stInflow,reservoir
RO,h0922,0.574763262650319,scr2099,stInflow,reservoir
RO,h0923,0.574763262650319,scr2099,stInflow,reservoir
RO,h0924,0.574763262650319,scr2099,stInflow,reservoir
RO,h0925,0.574763262650319,scr2099,stInflow,reservoir
RO,h0926,0.574763262650319,scr2099,stInflow,reservoir
RO,h0927,0.574763262650319,scr2099,stInflow,reservoir
RO,h0928,0.574763262650319,scr2099,stInflow,reservoir
RO,h0929,0.574763262650319,scr2099,stInflow,reservoir
RO,h0930,0.574763262650319,scr2099,stInflow,reservoir
RO,h0931,0.574763262650319,scr2099,stInflow,reservoir
RO,h0932,0.574763262650319,scr2099,stInflow,reservoir
RO,h0933,0.574763262650319,scr2099,stInflow,reservoir
RO,h0934,0.574763262650319,scr2099,stInflow,reservoir
RO,h0935,0.574763262650319,scr2099,stInflow,reservoir
RO,h0936,0.574763262650319,scr2099,stInflow,reservoir
RO,h0937,0.5875117738482751,scr2099,stInflow,reservoir
RO,h0938,0.6002603127103643,scr2099,stInflow,reservoir
RO,h0939,0.6130088786490429,scr2099,stInflow,reservoir
RO,h0940,0.6130088786490429,scr2099,stInflow,reservoir
RO,h0941,0.6130088786490429,scr2099,stInflow,reservoir
RO,h0942,0.6130088786490429,scr2099,stInflow,reservoir
RO,h0943,0.6130088786490429,scr2099,stInflow,reservoir
RO,h0944,0.6130088786490429,scr2099,stInflow,reservoir
RO,h0945,0.6130088786490429,scr2099,stInflow,reservoir
RO,h0946,0.6130088786490429,scr2099,stInflow,reservoir
RO,h0947,0.6130088786490429,scr2099,stInflow,reservoir
RO,h0948,0.6130088786490429,scr2099,stInflow,reservoir
RO,h0949,0.6130088786490429,scr2099,stInflow,reservoir
RO,h0950,0.6130088786490429,scr2099,stInflow,reservoir
RO,h0951,0.6130088786490429,scr2099,stInflow,reservoir
RO,h0952,0.6130088786490429,scr2099,stInflow,reservoir
RO,h0953,0.6130088786490429,scr2099,stInflow,reservoir
RO,h0954,0.6130088786490429,scr2099,stInflow,reservoir
RO,h0955,0.6130088786490429,scr2099,stInflow,reservoir
RO,h0956,0.6130088786490429,scr2099,stInflow,reservoir
RO,h0957,0.6130088786490429,scr2099,stInflow,reservoir
RO,h0958,0.6130088786490429,scr2099,stInflow,reservoir
RO,h0959,0.6130088786490429,scr2099,stInflow,reservoir
RO,h0960,0.6130088786490429,scr2099,stInflow,reservoir
RO,h0961,0.6130088786490429,scr2099,stInflow,reservoir
RO,h0962,0.6130088786490429,scr2099,stInflow,reservoir
RO,h0963,0.6130088786490429,scr2099,stInflow,reservoir
RO,h0964,0.6130088786490429,scr2099,stInflow,reservoir
RO,h0965,0.6130088786490429,scr2099,stInflow,reservoir
RO,h0966,0.6130088786490429,scr2099,stInflow,reservoir
RO,h0967,0.6130088786490429,scr2099,stInflow,reservoir
RO,h0968,0.6130088786490429,scr2099,stInflow,reservoir
RO,h0969,0.6130088786490429,scr2099,stInflow,reservoir
RO,h0970,0.6130088786490429,scr2099,stInflow,reservoir
RO,h0971,0.6130088786490429,scr2099,stInflow,reservoir
RO,h0972,0.6130088786490429,scr2099,stInflow,reservoir
RO,h0973,0.6130088786490429,scr2099,stInflow,reservoir
RO,h0974,0.6130088786490429,scr2099,stInflow,reservoir
RO,h0975,0.6130088786490429,scr2099,stInflow,reservoir
RO,h0976,0.6130088786490429,scr2099,stInflow,reservoir
RO,h0977,0.6130088786490429,scr2099,stInflow,reservoir
RO,h0978,0.6130088786490429,scr2099,stInflow,reservoir
RO,h0979,0.6130088786490429,scr2099,stInflow,reservoir
RO,h0980,0.6130088786490429,scr2099,stInflow,reservoir
RO,h0981,0.6130088786490429,scr2099,stInflow,reservoir
RO,h0982,0.6130088786490429,scr2099,stInflow,reservoir
RO,h0983,0.6130088786490429,scr2099,stInflow,reservoir
RO,h0984,0.6130088786490429,scr2099,stInflow,reservoir
RO,h0985,0.6130088786490429,scr2099,stInflow,reservoir
RO,h0986,0.6130088786490429,scr2099,stInflow,reservoir
RO,h0987,0.6130088786490429,scr2099,stInflow,reservoir
RO,h0988,0.6130088786490429,scr2099,stInflow,reservoir
RO,h0989,0.6130088786490429,scr2099,stInflow,reservoir
RO,h0990,0.6130088786490429,scr2099,stInflow,reservoir
RO,h0991,0.6130088786490429,scr2099,stInflow,reservoir
RO,h0992,0.6130088786490429,scr2099,stInflow,reservoir
RO,h0993,0.6130088786490429,scr2099,stInflow,reservoir
RO,h0994,0.6130088786490429,scr2099,stInflow,reservoir
RO,h0995,0.6130088786490429,scr2099,stInflow,reservoir
RO,h0996,0.6130088786490429,scr2099,stInflow,reservoir
RO,h0997,0.6130088786490429,scr2099,stInflow,reservoir
RO,h0998,0.6130088786490429,scr2099,stInflow,reservoir
RO,h0999,0.6130088786490429,scr2099,stInflow,reservoir
RO,h1000,0.6130088786490429,scr2099,stInflow,reservoir
RO,h1001,0.6130088786490429,scr2099,stInflow,reservoir
RO,h1002,0.6130088786490429,scr2099,stInflow,reservoir
RO,h1003,0.6130088786490429,scr2099,stInflow,reservoir
RO,h1004,0.6130088786490429,scr2099,stInflow,reservoir
RO,h1005,0.6130088786490429,scr2099,stInflow,reservoir
RO,h1006,0.6130088786490429,scr2099,stInflow,reservoir
RO,h1007,0.6130088786490429,scr2099,stInflow,reservoir
RO,h1008,0.6130088786490429,scr2099,stInflow,reservoir
RO,h1009,0.6130088786490429,scr2099,stInflow,reservoir
RO,h1010,0.6130088786490429,scr2099,stInflow,reservoir
RO,h1011,0.6130088786490429,scr2099,stInflow,reservoir
RO,h1012,0.6130088786490429,scr2099,stInflow,reservoir
RO,h1013,0.6130088786490429,scr2099,stInflow,reservoir
RO,h1014,0.6130088786490429,scr2099,stInflow,reservoir
RO,h1015,0.6130088786490429,scr2099,stInflow,reservoir
RO,h1016,0.6130088786490429,scr2099,stInflow,reservoir
RO,h1017,0.6130088786490429,scr2099,stInflow,reservoir
RO,h1018,0.6130088786490429,scr2099,stInflow,reservoir
RO,h1019,0.6130088786490429,scr2099,stInflow,reservoir
RO,h1020,0.6130088786490429,scr2099,stInflow,reservoir
RO,h1021,0.6130088786490429,scr2099,stInflow,reservoir
RO,h1022,0.6130088786490429,scr2099,stInflow,reservoir
RO,h1023,0.6130088786490429,scr2099,stInflow,reservoir
RO,h1024,0.6130088786490429,scr2099,stInflow,reservoir
RO,h1025,0.6130088786490429,scr2099,stInflow,reservoir
RO,h1026,0.6130088786490429,scr2099,stInflow,reservoir
RO,h1027,0.6130088786490429,scr2099,stInflow,reservoir
RO,h1028,0.6130088786490429,scr2099,stInflow,reservoir
RO,h1029,0.6130088786490429,scr2099,stInflow,reservoir
RO,h1030,0.6130088786490429,scr2099,stInflow,reservoir
RO,h1031,0.6130088786490429,scr2099,stInflow,reservoir
RO,h1032,0.6130088786490429,scr2099,stInflow,reservoir
RO,h1033,0.6130088786490429,scr2099,stInflow,reservoir
RO,h1034,0.6130088786490429,scr2099,stInflow,reservoir
RO,h1035,0.6130088786490429,scr2099,stInflow,reservoir
RO,h1036,0.6130088786490429,scr2099,stInflow,reservoir
RO,h1037,0.6130088786490429,scr2099,stInflow,reservoir
RO,h1038,0.6130088786490429,scr2099,stInflow,reservoir
RO,h1039,0.6130088786490429,scr2099,stInflow,reservoir
RO,h1040,0.6130088786490429,scr2099,stInflow,reservoir
RO,h1041,0.6130088786490429,scr2099,stInflow,reservoir
RO,h1042,0.6130088786490429,scr2099,stInflow,reservoir
RO,h1043,0.6130088786490429,scr2099,stInflow,reservoir
RO,h1044,0.6130088786490429,scr2099,stInflow,reservoir
RO,h1045,0.6130088786490429,scr2099,stInflow,reservoir
RO,h1046,0.6130088786490429,scr2099,stInflow,reservoir
RO,h1047,0.6130088786490429,scr2099,stInflow,reservoir
RO,h1048,0.6130088786490429,scr2099,stInflow,reservoir
RO,h1049,0.6130088786490429,scr2099,stInflow,reservoir
RO,h1050,0.6130088786490429,scr2099,stInflow,reservoir
RO,h1051,0.6130088786490429,scr2099,stInflow,reservoir
RO,h1052,0.6130088786490429,scr2099,stInflow,reservoir
RO,h1053,0.6130088786490429,scr2099,stInflow,reservoir
RO,h1054,0.6130088786490429,scr2099,stInflow,reservoir
RO,h1055,0.6130088786490429,scr2099,stInflow,reservoir
RO,h1056,0.6130088786490429,scr2099,stInflow,reservoir
RO,h1057,0.6130088786490429,scr2099,stInflow,reservoir
RO,h1058,0.6130088786490429,scr2099,stInflow,reservoir
RO,h1059,0.6130088786490429,scr2099,stInflow,reservoir
RO,h1060,0.6130088786490429,scr2099,stInflow,reservoir
RO,h1061,0.6130088786490429,scr2099,stInflow,reservoir
RO,h1062,0.6130088786490429,scr2099,stInflow,reservoir
RO,h1063,0.6130088786490429,scr2099,stInflow,reservoir
RO,h1064,0.6130088786490429,scr2099,stInflow,reservoir
RO,h1065,0.6130088786490429,scr2099,stInflow,reservoir
RO,h1066,0.6130088786490429,scr2099,stInflow,reservoir
RO,h1067,0.6130088786490429,scr2099,stInflow,reservoir
RO,h1068,0.6130088786490429,scr2099,stInflow,reservoir
RO,h1069,0.6130088786490429,scr2099,stInflow,reservoir
RO,h1070,0.6130088786490429,scr2099,stInflow,reservoir
RO,h1071,0.6130088786490429,scr2099,stInflow,reservoir
RO,h1072,0.6130088786490429,scr2099,stInflow,reservoir
RO,h1073,0.6130088786490429,scr2099,stInflow,reservoir
RO,h1074,0.6130088786490429,scr2099,stInflow,reservoir
RO,h1075,0.6130088786490429,scr2099,stInflow,reservoir
RO,h1076,0.6130088786490429,scr2099,stInflow,reservoir
RO,h1077,0.6130088786490429,scr2099,stInflow,reservoir
RO,h1078,0.6130088786490429,scr2099,stInflow,reservoir
RO,h1079,0.6130088786490429,scr2099,stInflow,reservoir
RO,h1080,0.6130088786490429,scr2099,stInflow,reservoir
RO,h1081,0.6130088786490429,scr2099,stInflow,reservoir
RO,h1082,0.6130088786490429,scr2099,stInflow,reservoir
RO,h1083,0.6130088786490429,scr2099,stInflow,reservoir
RO,h1084,0.6130088786490429,scr2099,stInflow,reservoir
RO,h1085,0.6130088786490429,scr2099,stInflow,reservoir
RO,h1086,0.6130088786490429,scr2099,stInflow,reservoir
RO,h1087,0.6130088786490429,scr2099,stInflow,reservoir
RO,h1088,0.6130088786490429,scr2099,stInflow,reservoir
RO,h1089,0.6130088786490429,scr2099,stInflow,reservoir
RO,h1090,0.6130088786490429,scr2099,stInflow,reservoir
RO,h1091,0.6130088786490429,scr2099,stInflow,reservoir
RO,h1092,0.6130088786490429,scr2099,stInflow,reservoir
RO,h1093,0.6130088786490429,scr2099,stInflow,reservoir
RO,h1094,0.6130088786490429,scr2099,stInflow,reservoir
RO,h1095,0.6130088786490429,scr2099,stInflow,reservoir
RO,h1096,0.6130088786490429,scr2099,stInflow,reservoir
RO,h1097,0.6130088786490429,scr2099,stInflow,reservoir
RO,h1098,0.6130088786490429,scr2099,stInflow,reservoir
RO,h1099,0.6130088786490429,scr2099,stInflow,reservoir
RO,h1100,0.6130088786490429,scr2099,stInflow,reservoir
RO,h1101,0.6130088786490429,scr2099,stInflow,reservoir
RO,h1102,0.6130088786490429,scr2099,stInflow,reservoir
RO,h1103,0.6130088786490429,scr2099,stInflow,reservoir
RO,h1104,0.6130088786490429,scr2099,stInflow,reservoir
RO,h1105,0.6130731136126004,scr2099,stInflow,reservoir
RO,h1106,0.6131373485768312,scr2099,stInflow,reservoir
RO,h1107,0.6132015835417348,scr2099,stInflow,reservoir
RO,h1108,0.6132015835417348,scr2099,stInflow,reservoir
RO,h1109,0.6132015835417348,scr2099,stInflow,reservoir
RO,h1110,0.6132015835417348,scr2099,stInflow,reservoir
RO,h1111,0.6132015835417348,scr2099,stInflow,reservoir
RO,h1112,0.6132015835417348,scr2099,stInflow,reservoir
RO,h1113,0.6132015835417348,scr2099,stInflow,reservoir
RO,h1114,0.6132015835417348,scr2099,stInflow,reservoir
RO,h1115,0.6132015835417348,scr2099,stInflow,reservoir
RO,h1116,0.6132015835417348,scr2099,stInflow,reservoir
RO,h1117,0.6132015835417348,scr2099,stInflow,reservoir
RO,h1118,0.6132015835417348,scr2099,stInflow,reservoir
RO,h1119,0.6132015835417348,scr2099,stInflow,reservoir
RO,h1120,0.6132015835417348,scr2099,stInflow,reservoir
RO,h1121,0.6132015835417348,scr2099,stInflow,reservoir
RO,h1122,0.6132015835417348,scr2099,stInflow,reservoir
RO,h1123,0.6132015835417348,scr2099,stInflow,reservoir
RO,h1124,0.6132015835417348,scr2099,stInflow,reservoir
RO,h1125,0.6132015835417348,scr2099,stInflow,reservoir
RO,h1126,0.6132015835417348,scr2099,stInflow,reservoir
RO,h1127,0.6132015835417348,scr2099,stInflow,reservoir
RO,h1128,0.6132015835417348,scr2099,stInflow,reservoir
RO,h1129,0.6132015835417348,scr2099,stInflow,reservoir
RO,h1130,0.6132015835417348,scr2099,stInflow,reservoir
RO,h1131,0.6132015835417348,scr2099,stInflow,reservoir
RO,h1132,0.6132015835417348,scr2099,stInflow,reservoir
RO,h1133,0.6132015835417348,scr2099,stInflow,reservoir
RO,h1134,0.6132015835417348,scr2099,stInflow,reservoir
RO,h1135,0.6132015835417348,scr2099,stInflow,reservoir
RO,h1136,0.6132015835417348,scr2099,stInflow,reservoir
RO,h1137,0.6132015835417348,scr2099,stInflow,reservoir
RO,h1138,0.6132015835417348,scr2099,stInflow,reservoir
RO,h1139,0.6132015835417348,scr2099,stInflow,reservoir
RO,h1140,0.6132015835417348,scr2099,stInflow,reservoir
RO,h1141,0.6132015835417348,scr2099,stInflow,reservoir
RO,h1142,0.6132015835417348,scr2099,stInflow,reservoir
RO,h1143,0.6132015835417348,scr2099,stInflow,reservoir
RO,h1144,0.6132015835417348,scr2099,stInflow,reservoir
RO,h1145,0.6132015835417348,scr2099,stInflow,reservoir
RO,h1146,0.6132015835417348,scr2099,stInflow,reservoir
RO,h1147,0.6132015835417348,scr2099,stInflow,reservoir
RO,h1148,0.6132015835417348,scr2099,stInflow,reservoir
RO,h1149,0.6132015835417348,scr2099,stInflow,reservoir
RO,h1150,0.6132015835417348,scr2099,stInflow,reservoir
RO,h1151,0.6132015835417348,scr2099,stInflow,reservoir
RO,h1152,0.6132015835417348,scr2099,stInflow,reservoir
RO,h1153,0.6132015835417348,scr2099,stInflow,reservoir
RO,h1154,0.6132015835417348,scr2099,stInflow,reservoir
RO,h1155,0.6132015835417348,scr2099,stInflow,reservoir
RO,h1156,0.6132015835417348,scr2099,stInflow,reservoir
RO,h1157,0.6132015835417348,scr2099,stInflow,reservoir
RO,h1158,0.6132015835417348,scr2099,stInflow,reservoir
RO,h1159,0.6132015835417348,scr2099,stInflow,reservoir
RO,h1160,0.6132015835417348,scr2099,stInflow,reservoir
RO,h1161,0.6132015835417348,scr2099,stInflow,reservoir
RO,h1162,0.6132015835417348,scr2099,stInflow,reservoir
RO,h1163,0.6132015835417348,scr2099,stInflow,reservoir
RO,h1164,0.6132015835417348,scr2099,stInflow,reservoir
RO,h1165,0.6132015835417348,scr2099,stInflow,reservoir
RO,h1166,0.6132015835417348,scr2099,stInflow,reservoir
RO,h1167,0.6132015835417348,scr2099,stInflow,reservoir
RO,h1168,0.6132015835417348,scr2099,stInflow,reservoir
RO,h1169,0.6132015835417348,scr2099,stInflow,reservoir
RO,h1170,0.6132015835417348,scr2099,stInflow,reservoir
RO,h1171,0.6132015835417348,scr2099,stInflow,reservoir
RO,h1172,0.6132015835417348,scr2099,stInflow,reservoir
RO,h1173,0.6132015835417348,scr2099,stInflow,reservoir
RO,h1174,0.6132015835417348,scr2099,stInflow,reservoir
RO,h1175,0.6132015835417348,scr2099,stInflow,reservoir
RO,h1176,0.6132015835417348,scr2099,stInflow,reservoir
RO,h1177,0.6132015835417348,scr2099,stInflow,reservoir
RO,h1178,0.6132015835417348,scr2099,stInflow,reservoir
RO,h1179,0.6132015835417348,scr2099,stInflow,reservoir
RO,h1180,0.6132015835417348,scr2099,stInflow,reservoir
RO,h1181,0.6132015835417348,scr2099,stInflow,reservoir
RO,h1182,0.6132015835417348,scr2099,stInflow,reservoir
RO,h1183,0.6132015835417348,scr2099,stInflow,reservoir
RO,h1184,0.6132015835417348,scr2099,stInflow,reservoir
RO,h1185,0.6132015835417348,scr2099,stInflow,reservoir
RO,h1186,0.6132015835417348,scr2099,stInflow,reservoir
RO,h1187,0.6132015835417348,scr2099,stInflow,reservoir
RO,h1188,0.6132015835417348,scr2099,stInflow,reservoir
RO,h1189,0.6132015835417348,scr2099,stInflow,reservoir
RO,h1190,0.6132015835417348,scr2099,stInflow,reservoir
RO,h1191,0.6132015835417348,scr2099,stInflow,reservoir
RO,h1192,0.6132015835417348,scr2099,stInflow,reservoir
RO,h1193,0.6132015835417348,scr2099,stInflow,reservoir
RO,h1194,0.6132015835417348,scr2099,stInflow,reservoir
RO,h1195,0.6132015835417348,scr2099,stInflow,reservoir
RO,h1196,0.6132015835417348,scr2099,stInflow,reservoir
RO,h1197,0.6132015835417348,scr2099,stInflow,reservoir
RO,h1198,0.6132015835417348,scr2099,stInflow,reservoir
RO,h1199,0.6132015835417348,scr2099,stInflow,reservoir
RO,h1200,0.6132015835417348,scr2099,stInflow,reservoir
RO,h1201,0.6132015835417348,scr2099,stInflow,reservoir
RO,h1202,0.6132015835417348,scr2099,stInflow,reservoir
RO,h1203,0.6132015835417348,scr2099,stInflow,reservoir
RO,h1204,0.6132015835417348,scr2099,stInflow,reservoir
RO,h1205,0.6132015835417348,scr2099,stInflow,reservoir
RO,h1206,0.6132015835417348,scr2099,stInflow,reservoir
RO,h1207,0.6132015835417348,scr2099,stInflow,reservoir
RO,h1208,0.6132015835417348,scr2099,stInflow,reservoir
RO,h1209,0.6132015835417348,scr2099,stInflow,reservoir
RO,h1210,0.6132015835417348,scr2099,stInflow,reservoir
RO,h1211,0.6132015835417348,scr2099,stInflow,reservoir
RO,h1212,0.6132015835417348,scr2099,stInflow,reservoir
RO,h1213,0.6132015835417348,scr2099,stInflow,reservoir
RO,h1214,0.6132015835417348,scr2099,stInflow,reservoir
RO,h1215,0.6132015835417348,scr2099,stInflow,reservoir
RO,h1216,0.6132015835417348,scr2099,stInflow,reservoir
RO,h1217,0.6132015835417348,scr2099,stInflow,reservoir
RO,h1218,0.6132015835417348,scr2099,stInflow,reservoir
RO,h1219,0.6132015835417348,scr2099,stInflow,reservoir
RO,h1220,0.6132015835417348,scr2099,stInflow,reservoir
RO,h1221,0.6132015835417348,scr2099,stInflow,reservoir
RO,h1222,0.6132015835417348,scr2099,stInflow,reservoir
RO,h1223,0.6132015835417348,scr2099,stInflow,reservoir
RO,h1224,0.6132015835417348,scr2099,stInflow,reservoir
RO,h1225,0.6132015835417348,scr2099,stInflow,reservoir
RO,h1226,0.6132015835417348,scr2099,stInflow,reservoir
RO,h1227,0.6132015835417348,scr2099,stInflow,reservoir
RO,h1228,0.6132015835417348,scr2099,stInflow,reservoir
RO,h1229,0.6132015835417348,scr2099,stInflow,reservoir
RO,h1230,0.6132015835417348,scr2099,stInflow,reservoir
RO,h1231,0.6132015835417348,scr2099,stInflow,reservoir
RO,h1232,0.6132015835417348,scr2099,stInflow,reservoir
RO,h1233,0.6132015835417348,scr2099,stInflow,reservoir
RO,h1234,0.6132015835417348,scr2099,stInflow,reservoir
RO,h1235,0.6132015835417348,scr2099,stInflow,reservoir
RO,h1236,0.6132015835417348,scr2099,stInflow,reservoir
RO,h1237,0.6132015835417348,scr2099,stInflow,reservoir
RO,h1238,0.6132015835417348,scr2099,stInflow,reservoir
RO,h1239,0.6132015835417348,scr2099,stInflow,reservoir
RO,h1240,0.6132015835417348,scr2099,stInflow,reservoir
RO,h1241,0.6132015835417348,scr2099,stInflow,reservoir
RO,h1242,0.6132015835417348,scr2099,stInflow,reservoir
RO,h1243,0.6132015835417348,scr2099,stInflow,reservoir
RO,h1244,0.6132015835417348,scr2099,stInflow,reservoir
RO,h1245,0.6132015835417348,scr2099,stInflow,reservoir
RO,h1246,0.6132015835417348,scr2099,stInflow,reservoir
RO,h1247,0.6132015835417348,scr2099,stInflow,reservoir
RO,h1248,0.6132015835417348,scr2099,stInflow,reservoir
RO,h1249,0.6132015835417348,scr2099,stInflow,reservoir
RO,h1250,0.6132015835417348,scr2099,stInflow,reservoir
RO,h1251,0.6132015835417348,scr2099,stInflow,reservoir
RO,h1252,0.6132015835417348,scr2099,stInflow,reservoir
RO,h1253,0.6132015835417348,scr2099,stInflow,reservoir
RO,h1254,0.6132015835417348,scr2099,stInflow,reservoir
RO,h1255,0.6132015835417348,scr2099,stInflow,reservoir
RO,h1256,0.6132015835417348,scr2099,stInflow,reservoir
RO,h1257,0.6132015835417348,scr2099,stInflow,reservoir
RO,h1258,0.6132015835417348,scr2099,stInflow,reservoir
RO,h1259,0.6132015835417348,scr2099,stInflow,reservoir
RO,h1260,0.6132015835417348,scr2099,stInflow,reservoir
RO,h1261,0.6132015835417348,scr2099,stInflow,reservoir
RO,h1262,0.6132015835417348,scr2099,stInflow,reservoir
RO,h1263,0.6132015835417348,scr2099,stInflow,reservoir
RO,h1264,0.6132015835417348,scr2099,stInflow,reservoir
RO,h1265,0.6132015835417348,scr2099,stInflow,reservoir
RO,h1266,0.6132015835417348,scr2099,stInflow,reservoir
RO,h1267,0.6132015835417348,scr2099,stInflow,reservoir
RO,h1268,0.6132015835417348,scr2099,stInflow,reservoir
RO,h1269,0.6132015835417348,scr2099,stInflow,reservoir
RO,h1270,0.6132015835417348,scr2099,stInflow,reservoir
RO,h1271,0.6132015835417348,scr2099,stInflow,reservoir
RO,h1272,0.6132015835417348,scr2099,stInflow,reservoir
RO,h1273,0.5995753332912888,scr2099,stInflow,reservoir
RO,h1274,0.5859491140096573,scr2099,stInflow,reservoir
RO,h1275,0.5723229264170393,scr2099,stInflow,reservoir
RO,h1276,0.5723229264170393,scr2099,stInflow,reservoir
RO,h1277,0.5723229264170393,scr2099,stInflow,reservoir
RO,h1278,0.5723229264170393,scr2099,stInflow,reservoir
RO,h1279,0.5723229264170393,scr2099,stInflow,reservoir
RO,h1280,0.5723229264170393,scr2099,stInflow,reservoir
RO,h1281,0.5723229264170393,scr2099,stInflow,reservoir
RO,h1282,0.5723229264170393,scr2099,stInflow,reservoir
RO,h1283,0.5723229264170393,scr2099,stInflow,reservoir
RO,h1284,0.5723229264170393,scr2099,stInflow,reservoir
RO,h1285,0.5723229264170393,scr2099,stInflow,reservoir
RO,h1286,0.5723229264170393,scr2099,stInflow,reservoir
RO,h1287,0.5723229264170393,scr2099,stInflow,reservoir
RO,h1288,0.5723229264170393,scr2099,stInflow,reservoir
RO,h1289,0.5723229264170393,scr2099,stInflow,reservoir
RO,h1290,0.5723229264170393,scr2099,stInflow,reservoir
RO,h1291,0.5723229264170393,scr2099,stInflow,reservoir
RO,h1292,0.5723229264170393,scr2099,stInflow,reservoir
RO,h1293,0.5723229264170393,scr2099,stInflow,reservoir
RO,h1294,0.5723229264170393,scr2099,stInflow,reservoir
RO,h1295,0.5723229264170393,scr2099,stInflow,reservoir
RO,h1296,0.5723229264170393,scr2099,stInflow,reservoir
RO,h1297,0.5723229264170393,scr2099,stInflow,reservoir
RO,h1298,0.5723229264170393,scr2099,stInflow,reservoir
RO,h1299,0.5723229264170393,scr2099,stInflow,reservoir
RO,h1300,0.5723229264170393,scr2099,stInflow,reservoir
RO,h1301,0.5723229264170393,scr2099,stInflow,reservoir
RO,h1302,0.5723229264170393,scr2099,stInflow,reservoir
RO,h1303,0.5723229264170393,scr2099,stInflow,reservoir
RO,h1304,0.5723229264170393,scr2099,stInflow,reservoir
RO,h1305,0.5723229264170393,scr2099,stInflow,reservoir
RO,h1306,0.5723229264170393,scr2099,stInflow,reservoir
RO,h1307,0.5723229264170393,scr2099,stInflow,reservoir
RO,h1308,0.5723229264170393,scr2099,stInflow,reservoir
RO,h1309,0.5723229264170393,scr2099,stInflow,reservoir
RO,h1310,0.5723229264170393,scr2099,stInflow,reservoir
RO,h1311,0.5723229264170393,scr2099,stInflow,reservoir
RO,h1312,0.5723229264170393,scr2099,stInflow,reservoir
RO,h1313,0.5723229264170393,scr2099,stInflow,reservoir
RO,h1314,0.5723229264170393,scr2099,stInflow,reservoir
RO,h1315,0.5723229264170393,scr2099,stInflow,reservoir
RO,h1316,0.5723229264170393,scr2099,stInflow,reservoir
RO,h1317,0.5723229264170393,scr2099,stInflow,reservoir
RO,h1318,0.5723229264170393,scr2099,stInflow,reservoir
RO,h1319,0.5723229264170393,scr2099,stInflow,reservoir
RO,h1320,0.5723229264170393,scr2099,stInflow,reservoir
RO,h1321,0.5723229264170393,scr2099,stInflow,reservoir
RO,h1322,0.5723229264170393,scr2099,stInflow,reservoir
RO,h1323,0.5723229264170393,scr2099,stInflow,reservoir
RO,h1324,0.5723229264170393,scr2099,stInflow,reservoir
RO,h1325,0.5723229264170393,scr2099,stInflow,reservoir
RO,h1326,0.5723229264170393,scr2099,stInflow,reservoir
RO,h1327,0.5723229264170393,scr2099,stInflow,reservoir
RO,h1328,0.5723229264170393,scr2099,stInflow,reservoir
RO,h1329,0.5723229264170393,scr2099,stInflow,reservoir
RO,h1330,0.5723229264170393,scr2099,stInflow,reservoir
RO,h1331,0.5723229264170393,scr2099,stInflow,reservoir
RO,h1332,0.5723229264170393,scr2099,stInflow,reservoir
RO,h1333,0.5723229264170393,scr2099,stInflow,reservoir
RO,h1334,0.5723229264170393,scr2099,stInflow,reservoir
RO,h1335,0.5723229264170393,scr2099,stInflow,reservoir
RO,h1336,0.5723229264170393,scr2099,stInflow,reservoir
RO,h1337,0.5723229264170393,scr2099,stInflow,reservoir
RO,h1338,0.5723229264170393,scr2099,stInflow,reservoir
RO,h1339,0.5723229264170393,scr2099,stInflow,reservoir
RO,h1340,0.5723229264170393,scr2099,stInflow,reservoir
RO,h1341,0.5723229264170393,scr2099,stInflow,reservoir
RO,h1342,0.5723229264170393,scr2099,stInflow,reservoir
RO,h1343,0.5723229264170393,scr2099,stInflow,reservoir
RO,h1344,0.5723229264170393,scr2099,stInflow,reservoir
RO,h1345,0.5723229264170393,scr2099,stInflow,reservoir
RO,h1346,0.5723229264170393,scr2099,stInflow,reservoir
RO,h1347,0.5723229264170393,scr2099,stInflow,reservoir
RO,h1348,0.5723229264170393,scr2099,stInflow,reservoir
RO,h1349,0.5723229264170393,scr2099,stInflow,reservoir
RO,h1350,0.5723229264170393,scr2099,stInflow,reservoir
RO,h1351,0.5723229264170393,scr2099,stInflow,reservoir
RO,h1352,0.5723229264170393,scr2099,stInflow,reservoir
RO,h1353,0.5723229264170393,scr2099,stInflow,reservoir
RO,h1354,0.5723229264170393,scr2099,stInflow,reservoir
RO,h1355,0.5723229264170393,scr2099,stInflow,reservoir
RO,h1356,0.5723229264170393,scr2099,stInflow,reservoir
RO,h1357,0.5723229264170393,scr2099,stInflow,reservoir
RO,h1358,0.5723229264170393,scr2099,stInflow,reservoir
RO,h1359,0.5723229264170393,scr2099,stInflow,reservoir
RO,h1360,0.5723229264170393,scr2099,stInflow,reservoir
RO,h1361,0.5723229264170393,scr2099,stInflow,reservoir
RO,h1362,0.5723229264170393,scr2099,stInflow,reservoir
RO,h1363,0.5723229264170393,scr2099,stInflow,reservoir
RO,h1364,0.5723229264170393,scr2099,stInflow,reservoir
RO,h1365,0.5723229264170393,scr2099,stInflow,reservoir
RO,h1366,0.5723229264170393,scr2099,stInflow,reservoir
RO,h1367,0.5723229264170393,scr2099,stInflow,reservoir
RO,h1368,0.5723229264170393,scr2099,stInflow,reservoir
RO,h1369,0.5723229264170393,scr2099,stInflow,reservoir
RO,h1370,0.5723229264170393,scr2099,stInflow,reservoir
RO,h1371,0.5723229264170393,scr2099,stInflow,reservoir
RO,h1372,0.5723229264170393,scr2099,stInflow,reservoir
RO,h1373,0.5723229264170393,scr2099,stInflow,reservoir
RO,h1374,0.5723229264170393,scr2099,stInflow,reservoir
RO,h1375,0.5723229264170393,scr2099,stInflow,reservoir
RO,h1376,0.5723229264170393,scr2099,stInflow,reservoir
RO,h1377,0.5723229264170393,scr2099,stInflow,reservoir
RO,h1378,0.5723229264170393,scr2099,stInflow,reservoir
RO,h1379,0.5723229264170393,scr2099,stInflow,reservoir
RO,h1380,0.5723229264170393,scr2099,stInflow,reservoir
RO,h1381,0.5723229264170393,scr2099,stInflow,reservoir
RO,h1382,0.5723229264170393,scr2099,stInflow,reservoir
RO,h1383,0.5723229264170393,scr2099,stInflow,reservoir
RO,h1384,0.5723229264170393,scr2099,stInflow,reservoir
RO,h1385,0.5723229264170393,scr2099,stInflow,reservoir
RO,h1386,0.5723229264170393,scr2099,stInflow,reservoir
RO,h1387,0.5723229264170393,scr2099,stInflow,reservoir
RO,h1388,0.5723229264170393,scr2099,stInflow,reservoir
RO,h1389,0.5723229264170393,scr2099,stInflow,reservoir
RO,h1390,0.5723229264170393,scr2099,stInflow,reservoir
RO,h1391,0.5723229264170393,scr2099,stInflow,reservoir
RO,h1392,0.5723229264170393,scr2099,stInflow,reservoir
RO,h1393,0.5723229264170393,scr2099,stInflow,reservoir
RO,h1394,0.5723229264170393,scr2099,stInflow,reservoir
RO,h1395,0.5723229264170393,scr2099,stInflow,reservoir
RO,h1396,0.5723229264170393,scr2099,stInflow,reservoir
RO,h1397,0.5723229264170393,scr2099,stInflow,reservoir
RO,h1398,0.5723229264170393,scr2099,stInflow,reservoir
RO,h1399,0.5723229264170393,scr2099,stInflow,reservoir
RO,h1400,0.5723229264170393,scr2099,stInflow,reservoir
RO,h1401,0.5723229264170393,scr2099,stInflow,reservoir
RO,h1402,0.5723229264170393,scr2099,stInflow,reservoir
RO,h1403,0.5723229264170393,scr2099,stInflow,reservoir
RO,h1404,0.5723229264170393,scr2099,stInflow,reservoir
RO,h1405,0.5723229264170393,scr2099,stInflow,reservoir
RO,h1406,0.5723229264170393,scr2099,stInflow,reservoir
RO,h1407,0.5723229264170393,scr2099,stInflow,reservoir
RO,h1408,0.5723229264170393,scr2099,stInflow,reservoir
RO,h1409,0.5723229264170393,scr2099,stInflow,reservoir
RO,h1410,0.5723229264170393,scr2099,stInflow,reservoir
RO,h1411,0.5723229264170393,scr2099,stInflow,reservoir
RO,h1412,0.5723229264170393,scr2099,stInflow,reservoir
RO,h1413,0.5723229264170393,scr2099,stInflow,reservoir
RO,h1414,0.5723229264170393,scr2099,stInflow,reservoir
RO,h1415,0.5723229264170393,scr2099,stInflow,reservoir
RO,h1416,0.5723229264170393,scr2099,stInflow,reservoir
RO,h1417,0.5723229264170393,scr2099,stInflow,reservoir
RO,h1418,0.5723229264170393,scr2099,stInflow,reservoir
RO,h1419,0.5723229264170393,scr2099,stInflow,reservoir
RO,h1420,0.5723229264170393,scr2099,stInflow,reservoir
RO,h1421,0.5723229264170393,scr2099,stInflow,reservoir
RO,h1422,0.5723229264170393,scr2099,stInflow,reservoir
RO,h1423,0.5723229264170393,scr2099,stInflow,reservoir
RO,h1424,0.5723229264170393,scr2099,stInflow,reservoir
RO,h1425,0.5723229264170393,scr2099,stInflow,reservoir
RO,h1426,0.5723229264170393,scr2099,stInflow,reservoir
RO,h1427,0.5723229264170393,scr2099,stInflow,reservoir
RO,h1428,0.5723229264170393,scr2099,stInflow,reservoir
RO,h1429,0.5723229264170393,scr2099,stInflow,reservoir
RO,h1430,0.5723229264170393,scr2099,stInflow,reservoir
RO,h1431,0.5723229264170393,scr2099,stInflow,reservoir
RO,h1432,0.5723229264170393,scr2099,stInflow,reservoir
RO,h1433,0.5723229264170393,scr2099,stInflow,reservoir
RO,h1434,0.5723229264170393,scr2099,stInflow,reservoir
RO,h1435,0.5723229264170393,scr2099,stInflow,reservoir
RO,h1436,0.5723229264170393,scr2099,stInflow,reservoir
RO,h1437,0.5723229264170393,scr2099,stInflow,reservoir
RO,h1438,0.5723229264170393,scr2099,stInflow,reservoir
RO,h1439,0.5723229264170393,scr2099,stInflow,reservoir
RO,h1440,0.5723229264170393,scr2099,stInflow,reservoir
SE,h0721,4.937827149747809,scr2099,stInflow,reservoir
SE,h0722,4.937827149747809,scr2099,stInflow,reservoir
SE,h0723,4.937827149747809,scr2099,stInflow,reservoir
SE,h0724,4.937827149747809,scr2099,stInflow,reservoir
SE,h0725,4.937827149747809,scr2099,stInflow,reservoir
SE,h0726,4.937827149747809,scr2099,stInflow,reservoir
SE,h0727,4.937827149747809,scr2099,stInflow,reservoir
SE,h0728,4.937827149747809,scr2099,stInflow,reservoir
SE,h0729,4.937827149747809,scr2099,stInflow,reservoir
SE,h0730,4.937827149747809,scr2099,stInflow,reservoir
SE,h0731,4.937827149747809,scr2099,stInflow,reservoir
SE,h0732,4.937827149747809,scr2099,stInflow,reservoir
SE,h0733,4.937827149747809,scr2099,stInflow,reservoir
SE,h0734,4.937827149747809,scr2099,stInflow,reservoir
SE,h0735,4.937827149747809,scr2099,stInflow,reservoir
SE,h0736,4.937827149747809,scr2099,stInflow,reservoir
SE,h0737,4.937827149747809,scr2099,stInflow,reservoir
SE,h0738,4.937827149747809,scr2099,stInflow,reservoir
SE,h0739,4.937827149747809,scr2099,stInflow,reservoir
SE,h0740,4.937827149747809,scr2099,stInflow,reservoir
SE,h0741,4.937827149747809,scr2099,stInflow,reservoir
SE,h0742,4.937827149747809,scr2099,stInflow,reservoir
SE,h0743,4.937827149747809,scr2099,stInflow,reservoir
SE,h0744,4.937827149747809,scr2099,stInflow,reservoir
SE,h0745,4.937827149747809,scr2099,stInflow,reservoir
SE,h0746,4.937827149747809,scr2099,stInflow,reservoir
SE,h0747,4.937827149747809,scr2099,stInflow,reservoir
SE,h0748,4.937827149747809,scr2099,stInflow,reservoir
SE,h0749,4.937827149747809,scr2099,stInflow,reservoir
SE,h0750,4.937827149747809,scr2099,stInflow,reservoir
SE,h0751,4.937827149747809,scr2099,stInflow,reservoir
SE,h0752,4.937827149747809,scr2099,stInflow,reservoir
SE,h0753,4.937827149747809,scr2099,stInflow,reservoir
SE,h0754,4.937827149747809,scr2099,stInflow,reservoir
SE,h0755,4.937827149747809,scr2099,stInflow,reservoir
SE,h0756,4.937827149747809,scr2099,stInflow,reservoir
SE,h0757,4.937827149747809,scr2099,stInflow,reservoir
SE,h0758,4.937827149747809,scr2099,stInflow,reservoir
SE,h0759,4.937827149747809,scr2099,stInflow,reservoir
SE,h0760,4.937827149747809,scr2099,stInflow,reservoir
SE,h0761,4.937827149747809,scr2099,stInflow,reservoir
SE,h0762,4.937827149747809,scr2099,stInflow,reservoir
SE,h0763,4.937827149747809,scr2099,stInflow,reservoir
SE,h0764,4.937827149747809,scr2099,stInflow,reservoir
SE,h0765,4.937827149747809,scr2099,stInflow,reservoir
SE,h0766,4.937827149747809,scr2099,stInflow,reservoir
SE,h0767,4.937827149747809,scr2099,stInflow,reservoir
SE,h0768,4.937827149747809,scr2099,stInflow,reservoir
SE,h0769,4.786091735048106,scr2099,stInflow,reservoir
SE,h0770,4.634356801513789,scr2099,stInflow,reservoir
SE,h0771,4.482622364903943,scr2099,stInflow,reservoir
SE,h0772,4.482622364903943,scr2099,stInflow,reservoir
SE,h0773,4.482622364903943,scr2099,stInflow,reservoir
SE,h0774,4.482622364903943,scr2099,stInflow,reservoir
SE,h0775,4.482622364903943,scr2099,stInflow,reservoir
SE,h0776,4.482622364903943,scr2099,stInflow,reservoir
SE,h0777,4.482622364903943,scr2099,stInflow,reservoir
SE,h0778,4.482622364903943,scr2099,stInflow,reservoir
SE,h0779,4.482622364903943,scr2099,stInflow,reservoir
SE,h0780,4.482622364903943,scr2099,stInflow,reservoir
SE,h0781,4.482622364903943,scr2099,stInflow,reservoir
SE,h0782,4.482622364903943,scr2099,stInflow,reservoir
SE,h0783,4.482622364903943,scr2099,stInflow,reservoir
SE,h0784,4.482622364903943,scr2099,stInflow,reservoir
SE,h0785,4.482622364903943,scr2099,stInflow,reservoir
SE,h0786,4.482622364903943,scr2099,stInflow,reservoir
SE,h0787,4.482622364903943,scr2099,stInflow,reservoir
SE,h0788,4.482622364903943,scr2099,stInflow,reservoir
SE,h0789,4.482622364903943,scr2099,stInflow,reservoir
SE,h0790,4.482622364903943,scr2099,stInflow,reservoir
SE,h0791,4.482622364903943,scr2099,stInflow,reservoir
SE,h0792,4.482622364903943,scr2099,stInflow,reservoir
SE,h0793,4.482622364903943,scr2099,stInflow,reservoir
SE,h0794,4.482622364903943,scr2099,stInflow,reservoir
SE,h0795,4.482622364903943,scr2099,stInflow,reservoir
SE,h0796,4.482622364903943,scr2099,stInflow,reservoir
SE,h0797,4.482622364903943,scr2099,stInflow,reservoir
SE,h0798,4.482622364903943,scr2099,stInflow,reservoir
SE,h0799,4.482622364903943,scr2099,stInflow,reservoir
SE,h0800,4.482622364903943,scr2099,stInflow,reservoir
SE,h0801,4.482622364903943,scr2099,stInflow,reservoir
SE,h0802,4.482622364903943,scr2099,stInflow,reservoir
SE,h0803,4.482622364903943,scr2099,stInflow,reservoir
SE,h0804,4.482622364903943,scr2099,stInflow,reservoir
SE,h0805,4.482622364903943,scr2099,stInflow,reservoir
SE,h0806,4.482622364903943,scr2099,stInflow,reservoir
SE,h0807,4.482622364903943,scr2099,stInflow,reservoir
SE,h0808,4.482622364903943,scr2099,stInflow,reservoir
SE,h0809,4.482622364903943,scr2099,stInflow,reservoir
SE,h0810,4.482622364903943,scr2099,stInflow,reservoir
SE,h0811,4.482622364903943,scr2099,stInflow,reservoir
SE,h0812,4.482622364903943,scr2099,stInflow,reservoir
SE,h0813,4.482622364903943,scr2099,stInflow,reservoir
SE,h0814,4.482622364903943,scr2099,stInflow,reservoir
SE,h0815,4.482622364903943,scr2099,stInflow,reservoir
SE,h0816,4.482622364903943,scr2099,stInflow,reservoir
SE,h0817,4.482622364903943,scr2099,stInflow,reservoir
SE,h0818,4.482622364903943,scr2099,stInflow,reservoir
SE,h0819,4.482622364903943,scr2099,stInflow,reservoir
SE,h0820,4.482622364903943,scr2099,stInflow,reservoir
SE,h0821,4.482622364903943,scr2099,stInflow,reservoir
SE,h0822,4.482622364903943,scr2099,stInflow,reservoir
SE,h0823,4.482622364903943,scr2099,stInflow,reservoir
SE,h0824,4.482622364903943,scr2099,stInflow,reservoir
SE,h0825,4.482622364903943,scr2099,stInflow,reservoir
SE,h0826,4.482622364903943,scr2099,stInflow,reservoir
SE,h0827,4.482622364903943,scr2099,stInflow,reservoir
SE,h0828,4.482622364903943,scr2099,stInflow,reservoir
SE,h0829,4.482622364903943,scr2099,stInflow,reservoir
SE,h0830,4.482622364903943,scr2099,stInflow,reservoir
SE,h0831,4.482622364903943,scr2099,stInflow,reservoir
SE,h0832,4.482622364903943,scr2099,stInflow,reservoir
SE,h0833,4.482622364903943,scr2099,stInflow,reservoir
SE,h0834,4.482622364903943,scr2099,stInflow,reservoir
SE,h0835,4.482622364903943,scr2099,stInflow,reservoir
SE,h0836,4.482622364903943,scr2099,stInflow,reservoir
SE,h0837,4.482622364903943,scr2099,stInflow,reservoir
SE,h0838,4.482622364903943,scr2099,stInflow,reservoir
SE,h0839,4.482622364903943,scr2099,stInflow,reservoir
SE,h0840,4.482622364903943,scr2099,stInflow,reservoir
SE,h0841,4.482622364903943,scr2099,stInflow,reservoir
SE,h0842,4.482622364903943,scr2099,stInflow,reservoir
SE,h0843,4.482622364903943,scr2099,stInflow,reservoir
SE,h0844,4.482622364903943,scr2099,stInflow,reservoir
SE,h0845,4.482622364903943,scr2099,stInflow,reservoir
SE,h0846,4.482622364903943,scr2099,stInflow,reservoir
SE,h0847,4.482622364903943,scr2099,stInflow,reservoir
SE,h0848,4.482622364903943,scr2099,stInflow,reservoir
SE,h0849,4.482622364903943,scr2099,stInflow,reservoir
SE,h0850,4.482622364903943,scr2099,stInflow,reservoir
SE,h0851,4.482622364903943,scr2099,stInflow,reservoir
SE,h0852,4.482622364903943,scr2099,stInflow,reservoir
SE,h0853,4.482622364903943,scr2099,stInflow,reservoir
SE,h0854,4.482622364903943,scr2099,stInflow,reservoir
SE,h0855,4.482622364903943,scr2099,stInflow,reservoir
SE,h0856,4.482622364903943,scr2099,stInflow,reservoir
SE,h0857,4.482622364903943,scr2099,stInflow,reservoir
SE,h0858,4.482622364903943,scr2099,stInflow,reservoir
SE,h0859,4.482622364903943,scr2099,stInflow,reservoir
SE,h0860,4.482622364903943,scr2099,stInflow,reservoir
SE,h0861,4.482622364903943,scr2099,stInflow,reservoir
SE,h0862,4.482622364903943,scr2099,stInflow,reservoir
SE,h0863,4.482622364903943,scr2099,stInflow,reservoir
SE,h0864,4.482622364903943,scr2099,stInflow,reservoir
SE,h0865,4.482622364903943,scr2099,stInflow,reservoir
SE,h0866,4.482622364903943,scr2099,stInflow,reservoir
SE,h0867,4.482622364903943,scr2099,stInflow,reservoir
SE,h0868,4.482622364903943,scr2099,stInflow,reservoir
SE,h0869,4.482622364903943,scr2099,stInflow,reservoir
SE,h0870,4.482622364903943,scr2099,stInflow,reservoir
SE,h0871,4.482622364903943,scr2099,stInflow,reservoir
SE,h0872,4.482622364903943,scr2099,stInflow,reservoir
SE,h0873,4.482622364903943,scr2099,stInflow,reservoir
SE,h0874,4.482622364903943,scr2099,stInflow,reservoir
SE,h0875,4.482622364903943,scr2099,stInflow,reservoir
SE,h0876,4.482622364903943,scr2099,stInflow,reservoir
SE,h0877,4.482622364903943,scr2099,stInflow,reservoir
SE,h0878,4.482622364903943,scr2099,stInflow,reservoir
SE,h0879,4.482622364903943,scr2099,stInflow,reservoir
SE,h0880,4.482622364903943,scr2099,stInflow,reservoir
SE,h0881,4.482622364903943,scr2099,stInflow,reservoir
SE,h0882,4.482622364903943,scr2099,stInflow,reservoir
SE,h0883,4.482622364903943,scr2099,stInflow,reservoir
SE,h0884,4.482622364903943,scr2099,stInflow,reservoir
SE,h0885,4.482622364903943,scr2099,stInflow,reservoir
SE,h0886,4.482622364903943,scr2099,stInflow,reservoir
SE,h0887,4.482622364903943,scr2099,stInflow,reservoir
SE,h0888,4.482622364903943,scr2099,stInflow,reservoir
SE,h0889,4.482622364903943,scr2099,stInflow,reservoir
SE,h0890,4.482622364903943,scr2099,stInflow,reservoir
SE,h0891,4.482622364903943,scr2099,stInflow,reservoir
SE,h0892,4.482622364903943,scr2099,stInflow,reservoir
SE,h0893,4.482622364903943,scr2099,stInflow,reservoir
SE,h0894,4.482622364903943,scr2099,stInflow,reservoir
SE,h0895,4.482622364903943,scr2099,stInflow,reservoir
SE,h0896,4.482622364903943,scr2099,stInflow,reservoir
SE,h0897,4.482622364903943,scr2099,stInflow,reservoir
SE,h0898,4.482622364903943,scr2099,stInflow,reservoir
SE,h0899,4.482622364903943,scr2099,stInflow,reservoir
SE,h0900,4.482622364903943,scr2099,stInflow,reservoir
SE,h0901,4.482622364903943,scr2099,stInflow,reservoir
SE,h0902,4.482622364903943,scr2099,stInflow,reservoir
SE,h0903,4.482622364903943,scr2099,stInflow,reservoir
SE,h0904,4.482622364903943,scr2099,stInflow,reservoir
SE,h0905,4.482622364903943,scr2099,stInflow,reservoir
SE,h0906,4.482622364903943,scr2099,stInflow,reservoir
SE,h0907,4.482622364903943,scr2099,stInflow,reservoir
SE,h0908,4.482622364903943,scr2099,stInflow,reservoir
SE,h0909,4.482622364903943,scr2099,stInflow,reservoir
SE,h0910,4.482622364903943,scr2099,stInflow,reservoir
SE,h0911,4.482622364903943,scr2099,stInflow,reservoir
SE,h0912,4.482622364903943,scr2099,stInflow,reservoir
SE,h0913,4.482622364903943,scr2099,stInflow,reservoir
SE,h0914,4.482622364903943,scr2099,stInflow,reservoir
SE,h0915,4.482622364903943,scr2099,stInflow,reservoir
SE,h0916,4.482622364903943,scr2099,stInflow,reservoir
SE,h0917,4.482622364903943,scr2099,stInflow,reservoir
SE,h0918,4.482622364903943,scr2099,stInflow,reservoir
SE,h0919,4.482622364903943,scr2099,stInflow,reservoir
SE,h0920,4.482622364903943,scr2099,stInflow,reservoir
SE,h0921,4.482622364903943,scr2099,stInflow,reservoir
SE,h0922,4.482622364903943,scr2099,stInflow,reservoir
SE,h0923,4.482622364903943,scr2099,stInflow,reservoir
SE,h0924,4.482622364903943,scr2099,stInflow,reservoir
SE,h0925,4.482622364903943,scr2099,stInflow,reservoir
SE,h0926,4.482622364903943,scr2099,stInflow,reservoir
SE,h0927,4.482622364903943,scr2099,stInflow,reservoir
SE,h0928,4.482622364903943,scr2099,stInflow,reservoir
SE,h0929,4.482622364903943,scr2099,stInflow,reservoir
SE,h0930,4.482622364903943,scr2099,stInflow,reservoir
SE,h0931,4.482622364903943,scr2099,stInflow,reservoir
SE,h0932,4.482622364903943,scr2099,stInflow,reservoir
SE,h0933,4.482622364903943,scr2099,stInflow,reservoir
SE,h0934,4.482622364903943,scr2099,stInflow,reservoir
SE,h0935,4.482622364903943,scr2099,stInflow,reservoir
SE,h0936,4.482622364903943,scr2099,stInflow,reservoir
SE,h0937,4.393648428851518,scr2099,stInflow,reservoir
SE,h0938,4.304674673003646,scr2099,stInflow,reservoir
SE,h0939,4.215701101085465,scr2099,stInflow,reservoir
SE,h0940,4.215701101085465,scr2099,stInflow,reservoir
SE,h0941,4.215701101085465,scr2099,stInflow,reservoir
SE,h0942,4.215701101085465,scr2099,stInflow,reservoir
SE,h0943,4.215701101085465,scr2099,stInflow,reservoir
SE,h0944,4.215701101085465,scr2099,stInflow,reservoir
SE,h0945,4.215701101085465,scr2099,stInflow,reservoir
SE,h0946,4.215701101085465,scr2099,stInflow,reservoir
SE,h0947,4.215701101085465,scr2099,stInflow,reservoir
SE,h0948,4.215701101085465,scr2099,stInflow,reservoir
SE,h0949,4.215701101085465,scr2099,stInflow,reservoir
SE,h0950,4.215701101085465,scr2099,stInflow,reservoir
SE,h0951,4.215701101085465,scr2099,stInflow,reservoir
SE,h0952,4.215701101085465,scr2099,stInflow,reservoir
SE,h0953,4.215701101085465,scr2099,stInflow,reservoir
SE,h0954,4.215701101085465,scr2099,stInflow,reservoir
SE,h0955,4.215701101085465,scr2099,stInflow,reservoir
SE,h0956,4.215701101085465,scr2099,stInflow,reservoir
SE,h0957,4.215701101085465,scr2099,stInflow,reservoir
SE,h0958,4.215701101085465,scr2099,stInflow,reservoir
SE,h0959,4.215701101085465,scr2099,stInflow,reservoir
SE,h0960,4.215701101085465,scr2099,stInflow,reservoir
SE,h0961,4.215701101085465,scr2099,stInflow,reservoir
SE,h0962,4.215701101085465,scr2099,stInflow,reservoir
SE,h0963,4.215701101085465,scr2099,stInflow,reservoir
SE,h0964,4.215701101085465,scr2099,stInflow,reservoir
SE,h0965,4.215701101085465,scr2099,stInflow,reservoir
SE,h0966,4.215701101085465,scr2099,stInflow,reservoir
SE,h0967,4.215701101085465,scr2099,stInflow,reservoir
SE,h0968,4.215701101085465,scr2099,stInflow,reservoir
SE,h0969,4.215701101085465,scr2099,stInflow,reservoir
SE,h0970,4.215701101085465,scr2099,stInflow,reservoir
SE,h0971,4.215701101085465,scr2099,stInflow,reservoir
SE,h0972,4.215701101085465,scr2099,stInflow,reservoir
SE,h0973,4.215701101085465,scr2099,stInflow,reservoir
SE,h0974,4.215701101085465,scr2099,stInflow,reservoir
SE,h0975,4.215701101085465,scr2099,stInflow,reservoir
SE,h0976,4.215701101085465,scr2099,stInflow,reservoir
SE,h0977,4.215701101085465,scr2099,stInflow,reservoir
SE,h0978,4.215701101085465,scr2099,stInflow,reservoir
SE,h0979,4.215701101085465,scr2099,stInflow,reservoir
SE,h0980,4.215701101085465,scr2099,stInflow,reservoir
SE,h0981,4.215701101085465,scr2099,stInflow,reservoir
SE,h0982,4.215701101085465,scr2099,stInflow,reservoir
SE,h0983,4.215701101085465,scr2099,stInflow,reservoir
SE,h0984,4.215701101085465,scr2099,stInflow,reservoir
SE,h0985,4.215701101085465,scr2099,stInflow,reservoir
SE,h0986,4.215701101085465,scr2099,stInflow,reservoir
SE,h0987,4.215701101085465,scr2099,stInflow,reservoir
SE,h0988,4.215701101085465,scr2099,stInflow,reservoir
SE,h0989,4.215701101085465,scr2099,stInflow,reservoir
SE,h0990,4.215701101085465,scr2099,stInflow,reservoir
SE,h0991,4.215701101085465,scr2099,stInflow,reservoir
SE,h0992,4.215701101085465,scr2099,stInflow,reservoir
SE,h0993,4.215701101085465,scr2099,stInflow,reservoir
SE,h0994,4.215701101085465,scr2099,stInflow,reservoir
SE,h0995,4.215701101085465,scr2099,stInflow,reservoir
SE,h0996,4.215701101085465,scr2099,stInflow,reservoir
SE,h0997,4.215701101085465,scr2099,stInflow,reservoir
SE,h0998,4.215701101085465,scr2099,stInflow,reservoir
SE,h0999,4.215701101085465,scr2099,stInflow,reservoir
SE,h1000,4.215701101085465,scr2099,stInflow,reservoir
SE,h1001,4.215701101085465,scr2099,stInflow,reservoir
SE,h1002,4.215701101085465,scr2099,stInflow,reservoir
SE,h1003,4.215701101085465,scr2099,stInflow,reservoir
SE,h1004,4.215701101085465,scr2099,stInflow,reservoir
SE,h1005,4.215701101085465,scr2099,stInflow,reservoir
SE,h1006,4.215701101085465,scr2099,stInflow,reservoir
SE,h1007,4.215701101085465,scr2099,stInflow,reservoir
SE,h1008,4.215701101085465,scr2099,stInflow,reservoir
SE,h1009,4.215701101085465,scr2099,stInflow,reservoir
SE,h1010,4.215701101085465,scr2099,stInflow,reservoir
SE,h1011,4.215701101085465,scr2099,stInflow,reservoir
SE,h1012,4.215701101085465,scr2099,stInflow,reservoir
SE,h1013,4.215701101085465,scr2099,stInflow,reservoir
SE,h1014,4.215701101085465,scr2099,stInflow,reservoir
SE,h1015,4.215701101085465,scr2099,stInflow,reservoir
SE,h1016,4.215701101085465,scr2099,stInflow,reservoir
SE,h1017,4.215701101085465,scr2099,stInflow,reservoir
SE,h1018,4.215701101085465,scr2099,stInflow,reservoir
SE,h1019,4.215701101085465,scr2099,stInflow,reservoir
SE,h1020,4.215701101085465,scr2099,stInflow,reservoir
SE,h1021,4.215701101085465,scr2099,stInflow,reservoir
SE,h1022,4.215701101085465,scr2099,stInflow,reservoir
SE,h1023,4.215701101085465,scr2099,stInflow,reservoir
SE,h1024,4.215701101085465,scr2099,stInflow,reservoir
SE,h1025,4.215701101085465,scr2099,stInflow,reservoir
SE,h1026,4.215701101085465,scr2099,stInflow,reservoir
SE,h1027,4.215701101085465,scr2099,stInflow,reservoir
SE,h1028,4.215701101085465,scr2099,stInflow,reservoir
SE,h1029,4.215701101085465,scr2099,stInflow,reservoir
SE,h1030,4.215701101085465,scr2099,stInflow,reservoir
SE,h1031,4.215701101085465,scr2099,stInflow,reservoir
SE,h1032,4.215701101085465,scr2099,stInflow,reservoir
SE,h1033,4.215701101085465,scr2099,stInflow,reservoir
SE,h1034,4.215701101085465,scr2099,stInflow,reservoir
SE,h1035,4.215701101085465,scr2099,stInflow,reservoir
SE,h1036,4.215701101085465,scr2099,stInflow,reservoir
SE,h1037,4.215701101085465,scr2099,stInflow,reservoir
SE,h1038,4.215701101085465,scr2099,stInflow,reservoir
SE,h1039,4.215701101085465,scr2099,stInflow,reservoir
SE,h1040,4.215701101085465,scr2099,stInflow,reservoir
SE,h1041,4.215701101085465,scr2099,stInflow,reservoir
SE,h1042,4.215701101085465,scr2099,stInflow,reservoir
SE,h1043,4.215701101085465,scr2099,stInflow,reservoir
SE,h1044,4.215701101085465,scr2099,stInflow,reservoir
SE,h1045,4.215701101085465,scr2099,stInflow,reservoir
SE,h1046,4.215701101085465,scr2099,stInflow,reservoir
SE,h1047,4.215701101085465,scr2099,stInflow,reservoir
SE,h1048,4.215701101085465,scr2099,stInflow,reservoir
SE,h1049,4.215701101085465,scr2099,stInflow,reservoir
SE,h1050,4.215701101085465,scr2099,stInflow,reservoir
SE,h1051,4.215701101085465,scr2099,stInflow,reservoir
SE,h1052,4.215701101085465,scr2099,stInflow,reservoir
SE,h1053,4.215701101085465,scr2099,stInflow,reservoir
SE,h1054,4.215701101085465,scr2099,stInflow,reservoir
SE,h1055,4.215701101085465,scr2099,stInflow,reservoir
SE,h1056,4.215701101085465,scr2099,stInflow,reservoir
SE,h1057,4.215701101085465,scr2099,stInflow,reservoir
SE,h1058,4.215701101085465,scr2099,stInflow,reservoir
SE,h1059,4.215701101085465,scr2099,stInflow,reservoir
SE,h1060,4.215701101085465,scr2099,stInflow,reservoir
SE,h1061,4.215701101085465,scr2099,stInflow,reservoir
SE,h1062,4.215701101085465,scr2099,stInflow,reservoir
SE,h1063,4.215701101085465,scr2099,stInflow,reservoir
SE,h1064,4.215701101085465,scr2099,stInflow,reservoir
SE,h1065,4.215701101085465,scr2099,stInflow,reservoir
SE,h1066,4.215701101085465,scr2099,stInflow,reservoir
SE,h1067,4.215701101085465,scr2099,stInflow,reservoir
SE,h1068,4.215701101085465,scr2099,stInflow,reservoir
SE,h1069,4.215701101085465,scr2099,stInflow,reservoir
SE,h1070,4.215701101085465,scr2099,stInflow,reservoir
SE,h1071,4.215701101085465,scr2099,stInflow,reservoir
SE,h1072,4.215701101085465,scr2099,stInflow,reservoir
SE,h1073,4.215701101085465,scr2099,stInflow,reservoir
SE,h1074,4.215701101085465,scr2099,stInflow,reservoir
SE,h1075,4.215701101085465,scr2099,stInflow,reservoir
SE,h1076,4.215701101085465,scr2099,stInflow,reservoir
SE,h1077,4.215701101085465,scr2099,stInflow,reservoir
SE,h1078,4.215701101085465,scr2099,stInflow,reservoir
SE,h1079,4.215701101085465,scr2099,stInflow,reservoir
SE,h1080,4.215701101085465,scr2099,stInflow,reservoir
SE,h1081,4.215701101085465,scr2099,stInflow,reservoir
SE,h1082,4.215701101085465,scr2099,stInflow,reservoir
SE,h1083,4.215701101085465,scr2099,stInflow,reservoir
SE,h1084,4.215701101085465,scr2099,stInflow,reservoir
SE,h1085,4.215701101085465,scr2099,stInflow,reservoir
SE,h1086,4.215701101085465,scr2099,stInflow,reservoir
SE,h1087,4.215701101085465,scr2099,stInflow,reservoir
SE,h1088,4.215701101085465,scr2099,stInflow,reservoir
SE,h1089,4.215701101085465,scr2099,stInflow,reservoir
SE,h1090,4.215701101085465,scr2099,stInflow,reservoir
SE,h1091,4.215701101085465,scr2099,stInflow,reservoir
SE,h1092,4.215701101085465,scr2099,stInflow,reservoir
SE,h1093,4.215701101085465,scr2099,stInflow,reservoir
SE,h1094,4.215701101085465,scr2099,stInflow,reservoir
SE,h1095,4.215701101085465,scr2099,stInflow,reservoir
SE,h1096,4.215701101085465,scr2099,stInflow,reservoir
SE,h1097,4.215701101085465,scr2099,stInflow,reservoir
SE,h1098,4.215701101085465,scr2099,stInflow,reservoir
SE,h1099,4.215701101085465,scr2099,stInflow,reservoir
SE,h1100,4.215701101085465,scr2099,stInflow,reservoir
SE,h1101,4.215701101085465,scr2099,stInflow,reservoir
SE,h1102,4.215701101085465,scr2099,stInflow,reservoir
SE,h1103,4.215701101085465,scr2099,stInflow,reservoir
SE,h1104,4.215701101085465,scr2099,stInflow,reservoir
SE,h1105,4.2442073397499325,scr2099,stInflow,reservoir
SE,h1106,4.272713597562526,scr2099,stInflow,reservoir
SE,h1107,4.301219874395493,scr2099,stInflow,reservoir
SE,h1108,4.301219874395493,scr2099,stInflow,reservoir
SE,h1109,4.301219874395493,scr2099,stInflow,reservoir
SE,h1110,4.301219874395493,scr2099,stInflow,reservoir
SE,h1111,4.301219874395493,scr2099,stInflow,reservoir
SE,h1112,4.301219874395493,scr2099,stInflow,reservoir
SE,h1113,4.301219874395493,scr2099,stInflow,reservoir
SE,h1114,4.301219874395493,scr2099,stInflow,reservoir
SE,h1115,4.301219874395493,scr2099,stInflow,reservoir
SE,h1116,4.301219874395493,scr2099,stInflow,reservoir
SE,h1117,4.301219874395493,scr2099,stInflow,reservoir
SE,h1118,4.301219874395493,scr2099,stInflow,reservoir
SE,h1119,4.301219874395493,scr2099,stInflow,reservoir
SE,h1120,4.301219874395493,scr2099,stInflow,reservoir
SE,h1121,4.301219874395493,scr2099,stInflow,reservoir
SE,h1122,4.301219874395493,scr2099,stInflow,reservoir
SE,h1123,4.301219874395493,scr2099,stInflow,reservoir
SE,h1124,4.301219874395493,scr2099,stInflow,reservoir
SE,h1125,4.301219874395493,scr2099,stInflow,reservoir
SE,h1126,4.301219874395493,scr2099,stInflow,reservoir
SE,h1127,4.301219874395493,scr2099,stInflow,reservoir
SE,h1128,4.301219874395493,scr2099,stInflow,reservoir
SE,h1129,4.301219874395493,scr2099,stInflow,reservoir
SE,h1130,4.301219874395493,scr2099,stInflow,reservoir
SE,h1131,4.301219874395493,scr2099,stInflow,reservoir
SE,h1132,4.301219874395493,scr2099,stInflow,reservoir
SE,h1133,4.301219874395493,scr2099,stInflow,reservoir
SE,h1134,4.301219874395493,scr2099,stInflow,reservoir
SE,h1135,4.301219874395493,scr2099,stInflow,reservoir
SE,h1136,4.301219874395493,scr2099,stInflow,reservoir
SE,h1137,4.301219874395493,scr2099,stInflow,reservoir
SE,h1138,4.301219874395493,scr2099,stInflow,reservoir
SE,h1139,4.301219874395493,scr2099,stInflow,reservoir
SE,h1140,4.301219874395493,scr2099,stInflow,reservoir
SE,h1141,4.301219874395493,scr2099,stInflow,reservoir
SE,h1142,4.301219874395493,scr2099,stInflow,reservoir
SE,h1143,4.301219874395493,scr2099,stInflow,reservoir
SE,h1144,4.301219874395493,scr2099,stInflow,reservoir
SE,h1145,4.301219874395493,scr2099,stInflow,reservoir
SE,h1146,4.301219874395493,scr2099,stInflow,reservoir
SE,h1147,4.301219874395493,scr2099,stInflow,reservoir
SE,h1148,4.301219874395493,scr2099,stInflow,reservoir
SE,h1149,4.301219874395493,scr2099,stInflow,reservoir
SE,h1150,4.301219874395493,scr2099,stInflow,reservoir
SE,h1151,4.301219874395493,scr2099,stInflow,reservoir
SE,h1152,4.301219874395493,scr2099,stInflow,reservoir
SE,h1153,4.301219874395493,scr2099,stInflow,reservoir
SE,h1154,4.301219874395493,scr2099,stInflow,reservoir
SE,h1155,4.301219874395493,scr2099,stInflow,reservoir
SE,h1156,4.301219874395493,scr2099,stInflow,reservoir
SE,h1157,4.301219874395493,scr2099,stInflow,reservoir
SE,h1158,4.301219874395493,scr2099,stInflow,reservoir
SE,h1159,4.301219874395493,scr2099,stInflow,reservoir
SE,h1160,4.301219874395493,scr2099,stInflow,reservoir
SE,h1161,4.301219874395493,scr2099,stInflow,reservoir
SE,h1162,4.301219874395493,scr2099,stInflow,reservoir
SE,h1163,4.301219874395493,scr2099,stInflow,reservoir
SE,h1164,4.301219874395493,scr2099,stInflow,reservoir
SE,h1165,4.301219874395493,scr2099,stInflow,reservoir
SE,h1166,4.301219874395493,scr2099,stInflow,reservoir
SE,h1167,4.301219874395493,scr2099,stInflow,reservoir
SE,h1168,4.301219874395493,scr2099,stInflow,reservoir
SE,h1169,4.301219874395493,scr2099,stInflow,reservoir
SE,h1170,4.301219874395493,scr2099,stInflow,reservoir
SE,h1171,4.301219874395493,scr2099,stInflow,reservoir
SE,h1172,4.301219874395493,scr2099,stInflow,reservoir
SE,h1173,4.301219874395493,scr2099,stInflow,reservoir
SE,h1174,4.301219874395493,scr2099,stInflow,reservoir
SE,h1175,4.301219874395493,scr2099,stInflow,reservoir
SE,h1176,4.301219874395493,scr2099,stInflow,reservoir
SE,h1177,4.301219874395493,scr2099,stInflow,reservoir
SE,h1178,4.301219874395493,scr2099,stInflow,reservoir
SE,h1179,4.301219874395493,scr2099,stInflow,reservoir
SE,h1180,4.301219874395493,scr2099,stInflow,reservoir
SE,h1181,4.301219874395493,scr2099,stInflow,reservoir
SE,h1182,4.301219874395493,scr2099,stInflow,reservoir
SE,h1183,4.301219874395493,scr2099,stInflow,reservoir
SE,h1184,4.301219874395493,scr2099,stInflow,reservoir
SE,h1185,4.301219874395493,scr2099,stInflow,reservoir
SE,h1186,4.301219874395493,scr2099,stInflow,reservoir
SE,h1187,4.301219874395493,scr2099,stInflow,reservoir
SE,h1188,4.301219874395493,scr2099,stInflow,reservoir
SE,h1189,4.301219874395493,scr2099,stInflow,reservoir
SE,h1190,4.301219874395493,scr2099,stInflow,reservoir
SE,h1191,4.301219874395493,scr2099,stInflow,reservoir
SE,h1192,4.301219874395493,scr2099,stInflow,reservoir
SE,h1193,4.301219874395493,scr2099,stInflow,reservoir
SE,h1194,4.301219874395493,scr2099,stInflow,reservoir
SE,h1195,4.301219874395493,scr2099,stInflow,reservoir
SE,h1196,4.301219874395493,scr2099,stInflow,reservoir
SE,h1197,4.301219874395493,scr2099,stInflow,reservoir
SE,h1198,4.301219874395493,scr2099,stInflow,reservoir
SE,h1199,4.301219874395493,scr2099,stInflow,reservoir
SE,h1200,4.301219874395493,scr2099,stInflow,reservoir
SE,h1201,4.301219874395493,scr2099,stInflow,reservoir
SE,h1202,4.301219874395493,scr2099,stInflow,reservoir
SE,h1203,4.301219874395493,scr2099,stInflow,reservoir
SE,h1204,4.301219874395493,scr2099,stInflow,reservoir
SE,h1205,4.301219874395493,scr2099,stInflow,reservoir
SE,h1206,4.301219874395493,scr2099,stInflow,reservoir
SE,h1207,4.301219874395493,scr2099,stInflow,reservoir
SE,h1208,4.301219874395493,scr2099,stInflow,reservoir
SE,h1209,4.301219874395493,scr2099,stInflow,reservoir
SE,h1210,4.301219874395493,scr2099,stInflow,reservoir
SE,h1211,4.301219874395493,scr2099,stInflow,reservoir
SE,h1212,4.301219874395493,scr2099,stInflow,reservoir
SE,h1213,4.301219874395493,scr2099,stInflow,reservoir
SE,h1214,4.301219874395493,scr2099,stInflow,reservoir
SE,h1215,4.301219874395493,scr2099,stInflow,reservoir
SE,h1216,4.301219874395493,scr2099,stInflow,reservoir
SE,h1217,4.301219874395493,scr2099,stInflow,reservoir
SE,h1218,4.301219874395493,scr2099,stInflow,reservoir
SE,h1219,4.301219874395493,scr2099,stInflow,reservoir
SE,h1220,4.301219874395493,scr2099,stInflow,reservoir
SE,h1221,4.301219874395493,scr2099,stInflow,reservoir
SE,h1222,4.301219874395493,scr2099,stInflow,reservoir
SE,h1223,4.301219874395493,scr2099,stInflow,reservoir
SE,h1224,4.301219874395493,scr2099,stInflow,reservoir
SE,h1225,4.301219874395493,scr2099,stInflow,reservoir
SE,h1226,4.301219874395493,scr2099,stInflow,reservoir
SE,h1227,4.301219874395493,scr2099,stInflow,reservoir
SE,h1228,4.301219874395493,scr2099,stInflow,reservoir
SE,h1229,4.301219874395493,scr2099,stInflow,reservoir
SE,h1230,4.301219874395493,scr2099,stInflow,reservoir
SE,h1231,4.301219874395493,scr2099,stInflow,reservoir
SE,h1232,4.301219874395493,scr2099,stInflow,reservoir
SE,h1233,4.301219874395493,scr2099,stInflow,reservoir
SE,h1234,4.301219874395493,scr2099,stInflow,reservoir
SE,h1235,4.301219874395493,scr2099,stInflow,reservoir
SE,h1236,4.301219874395493,scr2099,stInflow,reservoir
SE,h1237,4.301219874395493,scr2099,stInflow,reservoir
SE,h1238,4.301219874395493,scr2099,stInflow,reservoir
SE,h1239,4.301219874395493,scr2099,stInflow,reservoir
SE,h1240,4.301219874395493,scr2099,stInflow,reservoir
SE,h1241,4.301219874395493,scr2099,stInflow,reservoir
SE,h1242,4.301219874395493,scr2099,stInflow,reservoir
SE,h1243,4.301219874395493,scr2099,stInflow,reservoir
SE,h1244,4.301219874395493,scr2099,stInflow,reservoir
SE,h1245,4.301219874395493,scr2099,stInflow,reservoir
SE,h1246,4.301219874395493,scr2099,stInflow,reservoir
SE,h1247,4.301219874395493,scr2099,stInflow,reservoir
SE,h1248,4.301219874395493,scr2099,stInflow,reservoir
SE,h1249,4.301219874395493,scr2099,stInflow,reservoir
SE,h1250,4.301219874395493,scr2099,stInflow,reservoir
SE,h1251,4.301219874395493,scr2099,stInflow,reservoir
SE,h1252,4.301219874395493,scr2099,stInflow,reservoir
SE,h1253,4.301219874395493,scr2099,stInflow,reservoir
SE,h1254,4.301219874395493,scr2099,stInflow,reservoir
SE,h1255,4.301219874395493,scr2099,stInflow,reservoir
SE,h1256,4.301219874395493,scr2099,stInflow,reservoir
SE,h1257,4.301219874395493,scr2099,stInflow,reservoir
SE,h1258,4.301219874395493,scr2099,stInflow,reservoir
SE,h1259,4.301219874395493,scr2099,stInflow,reservoir
SE,h1260,4.301219874395493,scr2099,stInflow,reservoir
SE,h1261,4.301219874395493,scr2099,stInflow,reservoir
SE,h1262,4.301219874395493,scr2099,stInflow,reservoir
SE,h1263,4.301219874395493,scr2099,stInflow,reservoir
SE,h1264,4.301219874395493,scr2099,stInflow,reservoir
SE,h1265,4.301219874395493,scr2099,stInflow,reservoir
SE,h1266,4.301219874395493,scr2099,stInflow,reservoir
SE,h1267,4.301219874395493,scr2099,stInflow,reservoir
SE,h1268,4.301219874395493,scr2099,stInflow,reservoir
SE,h1269,4.301219874395493,scr2099,stInflow,reservoir
SE,h1270,4.301219874395493,scr2099,stInflow,reservoir
SE,h1271,4.301219874395493,scr2099,stInflow,reservoir
SE,h1272,4.301219874395493,scr2099,stInflow,reservoir
SE,h1273,4.404664160720949,scr2099,stInflow,reservoir
SE,h1274,4.508108690030367,scr2099,stInflow,reservoir
SE,h1275,4.61155345674727,scr2099,stInflow,reservoir
SE,h1276,4.61155345674727,scr2099,stInflow,reservoir
SE,h1277,4.61155345674727,scr2099,stInflow,reservoir
SE,h1278,4.61155345674727,scr2099,stInflow,reservoir
SE,h1279,4.61155345674727,scr2099,stInflow,reservoir
SE,h1280,4.61155345674727,scr2099,stInflow,reservoir
SE,h1281,4.61155345674727,scr2099,stInflow,reservoir
SE,h1282,4.61155345674727,scr2099,stInflow,reservoir
SE,h1283,4.61155345674727,scr2099,stInflow,reservoir
SE,h1284,4.61155345674727,scr2099,stInflow,reservoir
SE,h1285,4.61155345674727,scr2099,stInflow,reservoir
SE,h1286,4.61155345674727,scr2099,stInflow,reservoir
SE,h1287,4.61155345674727,scr2099,stInflow,reservoir
SE,h1288,4.61155345674727,scr2099,stInflow,reservoir
SE,h1289,4.61155345674727,scr2099,stInflow,reservoir
SE,h1290,4.61155345674727,scr2099,stInflow,reservoir
SE,h1291,4.61155345674727,scr2099,stInflow,reservoir
SE,h1292,4.61155345674727,scr2099,stInflow,reservoir
SE,h1293,4.61155345674727,scr2099,stInflow,reservoir
SE,h1294,4.61155345674727,scr2099,stInflow,reservoir
SE,h1295,4.61155345674727,scr2099,stInflow,reservoir
SE,h1296,4.61155345674727,scr2099,stInflow,reservoir
SE,h1297,4.61155345674727,scr2099,stInflow,reservoir
SE,h1298,4.61155345674727,scr2099,stInflow,reservoir
SE,h1299,4.61155345674727,scr2099,stInflow,reservoir
SE,h1300,4.61155345674727,scr2099,stInflow,reservoir
SE,h1301,4.61155345674727,scr2099,stInflow,reservoir
SE,h1302,4.61155345674727,scr2099,stInflow,reservoir
SE,h1303,4.61155345674727,scr2099,stInflow,reservoir
SE,h1304,4.61155345674727,scr2099,stInflow,reservoir
SE,h1305,4.61155345674727,scr2099,stInflow,reservoir
SE,h1306,4.61155345674727,scr2099,stInflow,reservoir
SE,h1307,4.61155345674727,scr2099,stInflow,reservoir
SE,h1308,4.61155345674727,scr2099,stInflow,reservoir
SE,h1309,4.61155345674727,scr2099,stInflow,reservoir
SE,h1310,4.61155345674727,scr2099,stInflow,reservoir
SE,h1311,4.61155345674727,scr2099,stInflow,reservoir
SE,h1312,4.61155345674727,scr2099,stInflow,reservoir
SE,h1313,4.61155345674727,scr2099,stInflow,reservoir
SE,h1314,4.61155345674727,scr2099,stInflow,reservoir
SE,h1315,4.61155345674727,scr2099,stInflow,reservoir
SE,h1316,4.61155345674727,scr2099,stInflow,reservoir
SE,h1317,4.61155345674727,scr2099,stInflow,reservoir
SE,h1318,4.61155345674727,scr2099,stInflow,reservoir
SE,h1319,4.61155345674727,scr2099,stInflow,reservoir
SE,h1320,4.61155345674727,scr2099,stInflow,reservoir
SE,h1321,4.61155345674727,scr2099,stInflow,reservoir
SE,h1322,4.61155345674727,scr2099,stInflow,reservoir
SE,h1323,4.61155345674727,scr2099,stInflow,reservoir
SE,h1324,4.61155345674727,scr2099,stInflow,reservoir
SE,h1325,4.61155345674727,scr2099,stInflow,reservoir
SE,h1326,4.61155345674727,scr2099,stInflow,reservoir
SE,h1327,4.61155345674727,scr2099,stInflow,reservoir
SE,h1328,4.61155345674727,scr2099,stInflow,reservoir
SE,h1329,4.61155345674727,scr2099,stInflow,reservoir
SE,h1330,4.61155345674727,scr2099,stInflow,reservoir
SE,h1331,4.61155345674727,scr2099,stInflow,reservoir
SE,h1332,4.61155345674727,scr2099,stInflow,reservoir
SE,h1333,4.61155345674727,scr2099,stInflow,reservoir
SE,h1334,4.61155345674727,scr2099,stInflow,reservoir
SE,h1335,4.61155345674727,scr2099,stInflow,reservoir
SE,h1336,4.61155345674727,scr2099,stInflow,reservoir
SE,h1337,4.61155345674727,scr2099,stInflow,reservoir
SE,h1338,4.61155345674727,scr2099,stInflow,reservoir
SE,h1339,4.61155345674727,scr2099,stInflow,reservoir
SE,h1340,4.61155345674727,scr2099,stInflow,reservoir
SE,h1341,4.61155345674727,scr2099,stInflow,reservoir
SE,h1342,4.61155345674727,scr2099,stInflow,reservoir
SE,h1343,4.61155345674727,scr2099,stInflow,reservoir
SE,h1344,4.61155345674727,scr2099,stInflow,reservoir
SE,h1345,4.61155345674727,scr2099,stInflow,reservoir
SE,h1346,4.61155345674727,scr2099,stInflow,reservoir
SE,h1347,4.61155345674727,scr2099,stInflow,reservoir
SE,h1348,4.61155345674727,scr2099,stInflow,reservoir
SE,h1349,4.61155345674727,scr2099,stInflow,reservoir
SE,h1350,4.61155345674727,scr2099,stInflow,reservoir
SE,h1351,4.61155345674727,scr2099,stInflow,reservoir
SE,h1352,4.61155345674727,scr2099,stInflow,reservoir
SE,h1353,4.61155345674727,scr2099,stInflow,reservoir
SE,h1354,4.61155345674727,scr2099,stInflow,reservoir
SE,h1355,4.61155345674727,scr2099,stInflow,reservoir
SE,h1356,4.61155345674727,scr2099,stInflow,reservoir
SE,h1357,4.61155345674727,scr2099,stInflow,reservoir
SE,h1358,4.61155345674727,scr2099,stInflow,reservoir
SE,h1359,4.61155345674727,scr2099,stInflow,reservoir
SE,h1360,4.61155345674727,scr2099,stInflow,reservoir
SE,h1361,4.61155345674727,scr2099,stInflow,reservoir
SE,h1362,4.61155345674727,scr2099,stInflow,reservoir
SE,h1363,4.61155345674727,scr2099,stInflow,reservoir
SE,h1364,4.61155345674727,scr2099,stInflow,reservoir
SE,h1365,4.61155345674727,scr2099,stInflow,reservoir
SE,h1366,4.61155345674727,scr2099,stInflow,reservoir
SE,h1367,4.61155345674727,scr2099,stInflow,reservoir
SE,h1368,4.61155345674727,scr2099,stInflow,reservoir
SE,h1369,4.61155345674727,scr2099,stInflow,reservoir
SE,h1370,4.61155345674727,scr2099,stInflow,reservoir
SE,h1371,4.61155345674727,scr2099,stInflow,reservoir
SE,h1372,4.61155345674727,scr2099,stInflow,reservoir
SE,h1373,4.61155345674727,scr2099,stInflow,reservoir
SE,h1374,4.61155345674727,scr2099,stInflow,reservoir
SE,h1375,4.61155345674727,scr2099,stInflow,reservoir
SE,h1376,4.61155345674727,scr2099,stInflow,reservoir
SE,h1377,4.61155345674727,scr2099,stInflow,reservoir
SE,h1378,4.61155345674727,scr2099,stInflow,reservoir
SE,h1379,4.61155345674727,scr2099,stInflow,reservoir
SE,h1380,4.61155345674727,scr2099,stInflow,reservoir
SE,h1381,4.61155345674727,scr2099,stInflow,reservoir
SE,h1382,4.61155345674727,scr2099,stInflow,reservoir
SE,h1383,4.61155345674727,scr2099,stInflow,reservoir
SE,h1384,4.61155345674727,scr2099,stInflow,reservoir
SE,h1385,4.61155345674727,scr2099,stInflow,reservoir
SE,h1386,4.61155345674727,scr2099,stInflow,reservoir
SE,h1387,4.61155345674727,scr2099,stInflow,reservoir
SE,h1388,4.61155345674727,scr2099,stInflow,reservoir
SE,h1389,4.61155345674727,scr2099,stInflow,reservoir
SE,h1390,4.61155345674727,scr2099,stInflow,reservoir
SE,h1391,4.61155345674727,scr2099,stInflow,reservoir
SE,h1392,4.61155345674727,scr2099,stInflow,reservoir
SE,h1393,4.61155345674727,scr2099,stInflow,reservoir
SE,h1394,4.61155345674727,scr2099,stInflow,reservoir
SE,h1395,4.61155345674727,scr2099,stInflow,reservoir
SE,h1396,4.61155345674727,scr2099,stInflow,reservoir
SE,h1397,4.61155345674727,scr2099,stInflow,reservoir
SE,h1398,4.61155345674727,scr2099,stInflow,reservoir
SE,h1399,4.61155345674727,scr2099,stInflow,reservoir
SE,h1400,4.61155345674727,scr2099,stInflow,reservoir
SE,h1401,4.61155345674727,scr2099,stInflow,reservoir
SE,h1402,4.61155345674727,scr2099,stInflow,reservoir
SE,h1403,4.61155345674727,scr2099,stInflow,reservoir
SE,h1404,4.61155345674727,scr2099,stInflow,reservoir
SE,h1405,4.61155345674727,scr2099,stInflow,reservoir
SE,h1406,4.61155345674727,scr2099,stInflow,reservoir
SE,h1407,4.61155345674727,scr2099,stInflow,reservoir
SE,h1408,4.61155345674727,scr2099,stInflow,reservoir
SE,h1409,4.61155345674727,scr2099,stInflow,reservoir
SE,h1410,4.61155345674727,scr2099,stInflow,reservoir
SE,h1411,4.61155345674727,scr2099,stInflow,reservoir
SE,h1412,4.61155345674727,scr2099,stInflow,reservoir
SE,h1413,4.61155345674727,scr2099,stInflow,reservoir
SE,h1414,4.61155345674727,scr2099,stInflow,reservoir
SE,h1415,4.61155345674727,scr2099,stInflow,reservoir
SE,h1416,4.61155345674727,scr2099,stInflow,reservoir
SE,h1417,4.61155345674727,scr2099,stInflow,reservoir
SE,h1418,4.61155345674727,scr2099,stInflow,reservoir
SE,h1419,4.61155345674727,scr2099,stInflow,reservoir
SE,h1420,4.61155345674727,scr2099,stInflow,reservoir
SE,h1421,4.61155345674727,scr2099,stInflow,reservoir
SE,h1422,4.61155345674727,scr2099,stInflow,reservoir
SE,h1423,4.61155345674727,scr2099,stInflow,reservoir
SE,h1424,4.61155345674727,scr2099,stInflow,reservoir
SE,h1425,4.61155345674727,scr2099,stInflow,reservoir
SE,h1426,4.61155345674727,scr2099,stInflow,reservoir
SE,h1427,4.61155345674727,scr2099,stInflow,reservoir
SE,h1428,4.61155345674727,scr2099,stInflow,reservoir
SE,h1429,4.61155345674727,scr2099,stInflow,reservoir
SE,h1430,4.61155345674727,scr2099,stInflow,reservoir
SE,h1431,4.61155345674727,scr2099,stInflow,reservoir
SE,h1432,4.61155345674727,scr2099,stInflow,reservoir
SE,h1433,4.61155345674727,scr2099,stInflow,reservoir
SE,h1434,4.61155345674727,scr2099,stInflow,reservoir
SE,h1435,4.61155345674727,scr2099,stInflow,reservoir
SE,h1436,4.61155345674727,scr2099,stInflow,reservoir
SE,h1437,4.61155345674727,scr2099,stInflow,reservoir
SE,h1438,4.61155345674727,scr2099,stInflow,reservoir
SE,h1439,4.61155345674727,scr2099,stInflow,reservoir
SE,h1440,4.61155345674727,scr2099,stInflow,reservoir
