scenario_1,parameter,value
s2016,scrProp,0.333333333333333
s2014,scrProp,0.205128205128205
s2009,scrProp,0.17948717948718
s2018,scrProp,0.282051282051282
