region_3,category,timestep_6,value,scenario_1,parameter,technology_3
al,1,h0481,0.728987439535291,scr1996,avaConv,onshore_a
al,1,h0482,0.512101864618768,scr1996,avaConv,onshore_a
al,1,h0483,0.0988713292229047,scr1996,avaConv,onshore_a
al,1,h0484,0.11340787276018732,scr1996,avaConv,onshore_a
al,1,h0485,0.11576923764685601,scr1996,avaConv,onshore_a
al,1,h0486,0.11216547461028387,scr1996,avaConv,onshore_a
al,1,h0487,0.406499061894011,scr1996,avaConv,onshore_a
al,1,h0488,0.5864704575579753,scr1996,avaConv,onshore_a
al,1,h0489,0.7209583687901724,scr1996,avaConv,onshore_a
al,1,h0490,0.7178205375359284,scr1996,avaConv,onshore_a
al,1,h0491,0.7116821460699326,scr1996,avaConv,onshore_a
al,1,h0492,0.7248138839211525,scr1996,avaConv,onshore_a
al,1,h0493,0.7348970119983864,scr1996,avaConv,onshore_a
al,1,h0494,0.7555159018231613,scr1996,avaConv,onshore_a
al,1,h0495,0.7628598679574731,scr1996,avaConv,onshore_a
al,1,h0496,0.7555615758525875,scr1996,avaConv,onshore_a
al,1,h0497,0.7212416269314916,scr1996,avaConv,onshore_a
al,1,h0498,0.723434656814371,scr1996,avaConv,onshore_a
al,1,h0499,0.691955468838894,scr1996,avaConv,onshore_a
al,1,h0500,0.6718083957042649,scr1996,avaConv,onshore_a
al,1,h0501,0.6328539620480224,scr1996,avaConv,onshore_a
al,1,h0502,0.6929756499513383,scr1996,avaConv,onshore_a
al,1,h0503,0.7616483474574032,scr1996,avaConv,onshore_a
al,1,h0504,0.8051136924554425,scr1996,avaConv,onshore_a
al,1,h0505,0.7878139564736016,scr1996,avaConv,onshore_a
al,1,h0506,0.7533206039100405,scr1996,avaConv,onshore_a
al,1,h0507,0.7187079892231588,scr1996,avaConv,onshore_a
al,1,h0508,0.7197685914584065,scr1996,avaConv,onshore_a
al,1,h0509,0.7242278414190829,scr1996,avaConv,onshore_a
al,1,h0510,0.7284925059532933,scr1996,avaConv,onshore_a
al,1,h0511,0.7621491607264639,scr1996,avaConv,onshore_a
al,1,h0512,0.7967693274574231,scr1996,avaConv,onshore_a
al,1,h0513,0.8234985497955869,scr1996,avaConv,onshore_a
al,1,h0514,0.7980714714526378,scr1996,avaConv,onshore_a
al,1,h0515,0.7519525275505352,scr1996,avaConv,onshore_a
al,1,h0516,0.6985607532447861,scr1996,avaConv,onshore_a
al,1,h0517,0.6855545717830608,scr1996,avaConv,onshore_a
al,1,h0518,0.6826323651363138,scr1996,avaConv,onshore_a
al,1,h0519,0.6850625915318342,scr1996,avaConv,onshore_a
al,1,h0520,0.6524172518672905,scr1996,avaConv,onshore_a
al,1,h0521,0.6216416174347292,scr1996,avaConv,onshore_a
al,1,h0522,0.5969264923941943,scr1996,avaConv,onshore_a
al,1,h0523,0.6275079096146801,scr1996,avaConv,onshore_a
al,1,h0524,0.6500856407424601,scr1996,avaConv,onshore_a
al,1,h0525,0.6768162414255691,scr1996,avaConv,onshore_a
al,1,h0526,0.666785909575198,scr1996,avaConv,onshore_a
al,1,h0527,0.672406446196341,scr1996,avaConv,onshore_a
al,1,h0528,0.6577385021394847,scr1996,avaConv,onshore_a
al,1,h0529,0.5461355213254825,scr1996,avaConv,onshore_a
al,1,h0530,0.39826971507367914,scr1996,avaConv,onshore_a
al,1,h0531,0.21385497834981237,scr1996,avaConv,onshore_a
al,1,h0532,0.20411077735112956,scr1996,avaConv,onshore_a
al,1,h0533,0.20344598684881346,scr1996,avaConv,onshore_a
al,1,h0534,0.20679816254862607,scr1996,avaConv,onshore_a
al,1,h0535,0.5107229479177745,scr1996,avaConv,onshore_a
al,1,h0536,0.7072658664656378,scr1996,avaConv,onshore_a
al,1,h0537,0.8627896160080223,scr1996,avaConv,onshore_a
al,1,h0538,0.8614071961326056,scr1996,avaConv,onshore_a
al,1,h0539,0.8497548236255796,scr1996,avaConv,onshore_a
al,1,h0540,0.8497552017608547,scr1996,avaConv,onshore_a
al,1,h0541,0.7359546616779344,scr1996,avaConv,onshore_a
al,1,h0542,0.6007766834648073,scr1996,avaConv,onshore_a
al,1,h0543,0.4366811800696012,scr1996,avaConv,onshore_a
al,1,h0544,0.4481208927246318,scr1996,avaConv,onshore_a
al,1,h0545,0.4416964984521542,scr1996,avaConv,onshore_a
al,1,h0546,0.3886847250980049,scr1996,avaConv,onshore_a
al,1,h0547,0.41997638590219716,scr1996,avaConv,onshore_a
al,1,h0548,0.4588178321290637,scr1996,avaConv,onshore_a
al,1,h0549,0.5017587932026578,scr1996,avaConv,onshore_a
al,1,h0550,0.4649092643167421,scr1996,avaConv,onshore_a
al,1,h0551,0.456066239126132,scr1996,avaConv,onshore_a
al,1,h0552,0.4508955215688042,scr1996,avaConv,onshore_a
at,1,h0481,0.5781446923133674,scr1996,avaConv,onshore_a
at,1,h0482,0.5140012243884505,scr1996,avaConv,onshore_a
at,1,h0483,0.44853214158846666,scr1996,avaConv,onshore_a
at,1,h0484,0.4208726865223472,scr1996,avaConv,onshore_a
at,1,h0485,0.3912505778807689,scr1996,avaConv,onshore_a
at,1,h0486,0.36301371582062675,scr1996,avaConv,onshore_a
at,1,h0487,0.37300902461843455,scr1996,avaConv,onshore_a
at,1,h0488,0.3899566899740825,scr1996,avaConv,onshore_a
at,1,h0489,0.4006971420504964,scr1996,avaConv,onshore_a
at,1,h0490,0.3745393959913854,scr1996,avaConv,onshore_a
at,1,h0491,0.3310560284329936,scr1996,avaConv,onshore_a
at,1,h0492,0.3006692521489176,scr1996,avaConv,onshore_a
at,1,h0493,0.4253560083874545,scr1996,avaConv,onshore_a
at,1,h0494,0.563381715861525,scr1996,avaConv,onshore_a
at,1,h0495,0.6972258243251694,scr1996,avaConv,onshore_a
at,1,h0496,0.7163165318335569,scr1996,avaConv,onshore_a
at,1,h0497,0.733765563606193,scr1996,avaConv,onshore_a
at,1,h0498,0.747996429591116,scr1996,avaConv,onshore_a
at,1,h0499,0.582689710583692,scr1996,avaConv,onshore_a
at,1,h0500,0.3925460946341269,scr1996,avaConv,onshore_a
at,1,h0501,0.1639462854117123,scr1996,avaConv,onshore_a
at,1,h0502,0.15094997151478454,scr1996,avaConv,onshore_a
at,1,h0503,0.1639359558553087,scr1996,avaConv,onshore_a
at,1,h0504,0.18898004895159987,scr1996,avaConv,onshore_a
at,1,h0505,0.2768513909155355,scr1996,avaConv,onshore_a
at,1,h0506,0.3283853165566263,scr1996,avaConv,onshore_a
at,1,h0507,0.35871823926332624,scr1996,avaConv,onshore_a
at,1,h0508,0.3221980256828913,scr1996,avaConv,onshore_a
at,1,h0509,0.29297086188500965,scr1996,avaConv,onshore_a
at,1,h0510,0.27395742922928334,scr1996,avaConv,onshore_a
at,1,h0511,0.38523522602196086,scr1996,avaConv,onshore_a
at,1,h0512,0.4947418818256603,scr1996,avaConv,onshore_a
at,1,h0513,0.6034957439296265,scr1996,avaConv,onshore_a
at,1,h0514,0.6006836441185861,scr1996,avaConv,onshore_a
at,1,h0515,0.5919589342481454,scr1996,avaConv,onshore_a
at,1,h0516,0.5714126643424603,scr1996,avaConv,onshore_a
at,1,h0517,0.43222695604071243,scr1996,avaConv,onshore_a
at,1,h0518,0.2858481454634343,scr1996,avaConv,onshore_a
at,1,h0519,0.12472418427224884,scr1996,avaConv,onshore_a
at,1,h0520,0.11719854115349926,scr1996,avaConv,onshore_a
at,1,h0521,0.11161843749964274,scr1996,avaConv,onshore_a
at,1,h0522,0.11130629658479058,scr1996,avaConv,onshore_a
at,1,h0523,0.08961166749523336,scr1996,avaConv,onshore_a
at,1,h0524,0.06556147185584807,scr1996,avaConv,onshore_a
at,1,h0525,0.03672242341230475,scr1996,avaConv,onshore_a
at,1,h0526,0.04282962975803831,scr1996,avaConv,onshore_a
at,1,h0527,0.06294397448940446,scr1996,avaConv,onshore_a
at,1,h0528,0.08244160028364717,scr1996,avaConv,onshore_a
at,1,h0529,0.23935690050602534,scr1996,avaConv,onshore_a
at,1,h0530,0.35104357582644247,scr1996,avaConv,onshore_a
at,1,h0531,0.4507011859418448,scr1996,avaConv,onshore_a
at,1,h0532,0.44088855512209013,scr1996,avaConv,onshore_a
at,1,h0533,0.4446667994723774,scr1996,avaConv,onshore_a
at,1,h0534,0.45534448180596443,scr1996,avaConv,onshore_a
at,1,h0535,0.5511478280588304,scr1996,avaConv,onshore_a
at,1,h0536,0.6312368715182749,scr1996,avaConv,onshore_a
at,1,h0537,0.6875346644042655,scr1996,avaConv,onshore_a
at,1,h0538,0.6505080418491522,scr1996,avaConv,onshore_a
at,1,h0539,0.6039470923929752,scr1996,avaConv,onshore_a
at,1,h0540,0.6030570828281094,scr1996,avaConv,onshore_a
at,1,h0541,0.6127965586075504,scr1996,avaConv,onshore_a
at,1,h0542,0.6459255939896584,scr1996,avaConv,onshore_a
at,1,h0543,0.649045092302731,scr1996,avaConv,onshore_a
at,1,h0544,0.6652880940248052,scr1996,avaConv,onshore_a
at,1,h0545,0.681268064839902,scr1996,avaConv,onshore_a
at,1,h0546,0.7055177656630718,scr1996,avaConv,onshore_a
at,1,h0547,0.7466955086525161,scr1996,avaConv,onshore_a
at,1,h0548,0.7777901372060272,scr1996,avaConv,onshore_a
at,1,h0549,0.798949282743947,scr1996,avaConv,onshore_a
at,1,h0550,0.7919201518820419,scr1996,avaConv,onshore_a
at,1,h0551,0.7860736444068279,scr1996,avaConv,onshore_a
at,1,h0552,0.7838946267347838,scr1996,avaConv,onshore_a
ba,1,h0481,0.3957984880448525,scr1996,avaConv,onshore_a
ba,1,h0482,0.38149556274497465,scr1996,avaConv,onshore_a
ba,1,h0483,0.36001056451739144,scr1996,avaConv,onshore_a
ba,1,h0484,0.34025856011301947,scr1996,avaConv,onshore_a
ba,1,h0485,0.3112439738532756,scr1996,avaConv,onshore_a
ba,1,h0486,0.28259936927320134,scr1996,avaConv,onshore_a
ba,1,h0487,0.2433427951664313,scr1996,avaConv,onshore_a
ba,1,h0488,0.2109733165835228,scr1996,avaConv,onshore_a
ba,1,h0489,0.1789104551056831,scr1996,avaConv,onshore_a
ba,1,h0490,0.18231719988984935,scr1996,avaConv,onshore_a
ba,1,h0491,0.18564626508688867,scr1996,avaConv,onshore_a
ba,1,h0492,0.20761167797969995,scr1996,avaConv,onshore_a
ba,1,h0493,0.4724189306776353,scr1996,avaConv,onshore_a
ba,1,h0494,0.6559968155895153,scr1996,avaConv,onshore_a
ba,1,h0495,0.8038642329137923,scr1996,avaConv,onshore_a
ba,1,h0496,0.7832990141758494,scr1996,avaConv,onshore_a
ba,1,h0497,0.7587838909896928,scr1996,avaConv,onshore_a
ba,1,h0498,0.713914967375879,scr1996,avaConv,onshore_a
ba,1,h0499,0.6254660182761737,scr1996,avaConv,onshore_a
ba,1,h0500,0.5480968412541296,scr1996,avaConv,onshore_a
ba,1,h0501,0.49798529488564586,scr1996,avaConv,onshore_a
ba,1,h0502,0.5369752703737364,scr1996,avaConv,onshore_a
ba,1,h0503,0.5697301178348679,scr1996,avaConv,onshore_a
ba,1,h0504,0.6048206334328075,scr1996,avaConv,onshore_a
ba,1,h0505,0.5062440476991039,scr1996,avaConv,onshore_a
ba,1,h0506,0.38110443676546013,scr1996,avaConv,onshore_a
ba,1,h0507,0.18823607242357118,scr1996,avaConv,onshore_a
ba,1,h0508,0.16594893026344673,scr1996,avaConv,onshore_a
ba,1,h0509,0.14572606904378552,scr1996,avaConv,onshore_a
ba,1,h0510,0.12497146886662941,scr1996,avaConv,onshore_a
ba,1,h0511,0.2678503664199114,scr1996,avaConv,onshore_a
ba,1,h0512,0.3588538924244032,scr1996,avaConv,onshore_a
ba,1,h0513,0.4383815847177191,scr1996,avaConv,onshore_a
ba,1,h0514,0.4306883457184659,scr1996,avaConv,onshore_a
ba,1,h0515,0.4424294402989482,scr1996,avaConv,onshore_a
ba,1,h0516,0.4587847143583905,scr1996,avaConv,onshore_a
ba,1,h0517,0.38533126628405856,scr1996,avaConv,onshore_a
ba,1,h0518,0.313748167611352,scr1996,avaConv,onshore_a
ba,1,h0519,0.2594210809064696,scr1996,avaConv,onshore_a
ba,1,h0520,0.3087857959776588,scr1996,avaConv,onshore_a
ba,1,h0521,0.32875461412214674,scr1996,avaConv,onshore_a
ba,1,h0522,0.3130734985616362,scr1996,avaConv,onshore_a
ba,1,h0523,0.3343695831074471,scr1996,avaConv,onshore_a
ba,1,h0524,0.36296921565004125,scr1996,avaConv,onshore_a
ba,1,h0525,0.38790529060083917,scr1996,avaConv,onshore_a
ba,1,h0526,0.37462418082235965,scr1996,avaConv,onshore_a
ba,1,h0527,0.35708640037466927,scr1996,avaConv,onshore_a
ba,1,h0528,0.3467923242739192,scr1996,avaConv,onshore_a
ba,1,h0529,0.28190090917868826,scr1996,avaConv,onshore_a
ba,1,h0530,0.20199199864754752,scr1996,avaConv,onshore_a
ba,1,h0531,0.08609246869566928,scr1996,avaConv,onshore_a
ba,1,h0532,0.0608317919164987,scr1996,avaConv,onshore_a
ba,1,h0533,0.04737929893533817,scr1996,avaConv,onshore_a
ba,1,h0534,0.04615249547188244,scr1996,avaConv,onshore_a
ba,1,h0535,0.48744008043095294,scr1996,avaConv,onshore_a
ba,1,h0536,0.7380107281988966,scr1996,avaConv,onshore_a
ba,1,h0537,0.9396396883948389,scr1996,avaConv,onshore_a
ba,1,h0538,0.9354661087192652,scr1996,avaConv,onshore_a
ba,1,h0539,0.9114189973134607,scr1996,avaConv,onshore_a
ba,1,h0540,0.8909871768296467,scr1996,avaConv,onshore_a
ba,1,h0541,0.7101344860580471,scr1996,avaConv,onshore_a
ba,1,h0542,0.5168783152314086,scr1996,avaConv,onshore_a
ba,1,h0543,0.23922889254529478,scr1996,avaConv,onshore_a
ba,1,h0544,0.2167865693699006,scr1996,avaConv,onshore_a
ba,1,h0545,0.20212655776408928,scr1996,avaConv,onshore_a
ba,1,h0546,0.205146084442299,scr1996,avaConv,onshore_a
ba,1,h0547,0.43762077839418984,scr1996,avaConv,onshore_a
ba,1,h0548,0.6100586098464734,scr1996,avaConv,onshore_a
ba,1,h0549,0.757623935139995,scr1996,avaConv,onshore_a
ba,1,h0550,0.7770812472840453,scr1996,avaConv,onshore_a
ba,1,h0551,0.7855738231872499,scr1996,avaConv,onshore_a
ba,1,h0552,0.7795757394150737,scr1996,avaConv,onshore_a
be,1,h0481,0.3665548797107631,scr1996,avaConv,onshore_a
be,1,h0482,0.37260869181446626,scr1996,avaConv,onshore_a
be,1,h0483,0.37477536876404227,scr1996,avaConv,onshore_a
be,1,h0484,0.3302241819118708,scr1996,avaConv,onshore_a
be,1,h0485,0.2987692662352863,scr1996,avaConv,onshore_a
be,1,h0486,0.2901534636274311,scr1996,avaConv,onshore_a
be,1,h0487,0.2996145108016632,scr1996,avaConv,onshore_a
be,1,h0488,0.3003606416193027,scr1996,avaConv,onshore_a
be,1,h0489,0.2665048984706139,scr1996,avaConv,onshore_a
be,1,h0490,0.209828432018067,scr1996,avaConv,onshore_a
be,1,h0491,0.14556872520469805,scr1996,avaConv,onshore_a
be,1,h0492,0.101906521910599,scr1996,avaConv,onshore_a
be,1,h0493,0.055673838505311914,scr1996,avaConv,onshore_a
be,1,h0494,0.026349427305365363,scr1996,avaConv,onshore_a
be,1,h0495,0.0015417021318467445,scr1996,avaConv,onshore_a
be,1,h0496,0.0020226419672600793,scr1996,avaConv,onshore_a
be,1,h0497,0.0028737850077194776,scr1996,avaConv,onshore_a
be,1,h0498,0.004003960265278416,scr1996,avaConv,onshore_a
be,1,h0499,0.1666103481480334,scr1996,avaConv,onshore_a
be,1,h0500,0.32968846274386016,scr1996,avaConv,onshore_a
be,1,h0501,0.5055658414793313,scr1996,avaConv,onshore_a
be,1,h0502,0.5595291650503257,scr1996,avaConv,onshore_a
be,1,h0503,0.6063342159208395,scr1996,avaConv,onshore_a
be,1,h0504,0.6564433447378537,scr1996,avaConv,onshore_a
be,1,h0505,0.7276288207550906,scr1996,avaConv,onshore_a
be,1,h0506,0.7860766969613997,scr1996,avaConv,onshore_a
be,1,h0507,0.8150992037242935,scr1996,avaConv,onshore_a
be,1,h0508,0.7924730251850977,scr1996,avaConv,onshore_a
be,1,h0509,0.7669650720634371,scr1996,avaConv,onshore_a
be,1,h0510,0.732338953890789,scr1996,avaConv,onshore_a
be,1,h0511,0.5593317712783853,scr1996,avaConv,onshore_a
be,1,h0512,0.40190283751687766,scr1996,avaConv,onshore_a
be,1,h0513,0.2583738527961211,scr1996,avaConv,onshore_a
be,1,h0514,0.25051135255946366,scr1996,avaConv,onshore_a
be,1,h0515,0.22986246180099962,scr1996,avaConv,onshore_a
be,1,h0516,0.2451531487978883,scr1996,avaConv,onshore_a
be,1,h0517,0.18190680492705288,scr1996,avaConv,onshore_a
be,1,h0518,0.11839886768293124,scr1996,avaConv,onshore_a
be,1,h0519,0.010297210789225797,scr1996,avaConv,onshore_a
be,1,h0520,0.012351613519051598,scr1996,avaConv,onshore_a
be,1,h0521,0.012854570402546691,scr1996,avaConv,onshore_a
be,1,h0522,0.012160333658065871,scr1996,avaConv,onshore_a
be,1,h0523,0.009975011182418317,scr1996,avaConv,onshore_a
be,1,h0524,0.010896041831050708,scr1996,avaConv,onshore_a
be,1,h0525,0.015340834478851212,scr1996,avaConv,onshore_a
be,1,h0526,0.0232994129280342,scr1996,avaConv,onshore_a
be,1,h0527,0.026578662397572252,scr1996,avaConv,onshore_a
be,1,h0528,0.028287690055420044,scr1996,avaConv,onshore_a
be,1,h0529,0.13565532239357542,scr1996,avaConv,onshore_a
be,1,h0530,0.24211276161265696,scr1996,avaConv,onshore_a
be,1,h0531,0.3491453862293612,scr1996,avaConv,onshore_a
be,1,h0532,0.36514201442990074,scr1996,avaConv,onshore_a
be,1,h0533,0.380544879381506,scr1996,avaConv,onshore_a
be,1,h0534,0.3963143071937063,scr1996,avaConv,onshore_a
be,1,h0535,0.3044445122454302,scr1996,avaConv,onshore_a
be,1,h0536,0.20407415288643382,scr1996,avaConv,onshore_a
be,1,h0537,0.08700349448224329,scr1996,avaConv,onshore_a
be,1,h0538,0.0705896795846179,scr1996,avaConv,onshore_a
be,1,h0539,0.06093867872006117,scr1996,avaConv,onshore_a
be,1,h0540,0.057396136213001755,scr1996,avaConv,onshore_a
be,1,h0541,0.17104139031992802,scr1996,avaConv,onshore_a
be,1,h0542,0.2885541821179108,scr1996,avaConv,onshore_a
be,1,h0543,0.39868796574972004,scr1996,avaConv,onshore_a
be,1,h0544,0.3851988537127693,scr1996,avaConv,onshore_a
be,1,h0545,0.33743533340023385,scr1996,avaConv,onshore_a
be,1,h0546,0.29278782545662585,scr1996,avaConv,onshore_a
be,1,h0547,0.21463321743232666,scr1996,avaConv,onshore_a
be,1,h0548,0.1665704343520694,scr1996,avaConv,onshore_a
be,1,h0549,0.12360468591475382,scr1996,avaConv,onshore_a
be,1,h0550,0.14505608926773894,scr1996,avaConv,onshore_a
be,1,h0551,0.1472918349168835,scr1996,avaConv,onshore_a
be,1,h0552,0.1499996456125329,scr1996,avaConv,onshore_a
bg,1,h0481,0.43971510973564115,scr1996,avaConv,onshore_a
bg,1,h0482,0.5845534924905073,scr1996,avaConv,onshore_a
bg,1,h0483,0.7087880398617658,scr1996,avaConv,onshore_a
bg,1,h0484,0.7053541082963859,scr1996,avaConv,onshore_a
bg,1,h0485,0.692308045365146,scr1996,avaConv,onshore_a
bg,1,h0486,0.6718195792726753,scr1996,avaConv,onshore_a
bg,1,h0487,0.542999389819712,scr1996,avaConv,onshore_a
bg,1,h0488,0.43294449494517684,scr1996,avaConv,onshore_a
bg,1,h0489,0.3315321082004617,scr1996,avaConv,onshore_a
bg,1,h0490,0.34788823906453215,scr1996,avaConv,onshore_a
bg,1,h0491,0.3297620310195826,scr1996,avaConv,onshore_a
bg,1,h0492,0.3117960303269842,scr1996,avaConv,onshore_a
bg,1,h0493,0.48848035098077436,scr1996,avaConv,onshore_a
bg,1,h0494,0.6734035646535014,scr1996,avaConv,onshore_a
bg,1,h0495,0.8455639218340547,scr1996,avaConv,onshore_a
bg,1,h0496,0.8479471526687296,scr1996,avaConv,onshore_a
bg,1,h0497,0.8427831778709517,scr1996,avaConv,onshore_a
bg,1,h0498,0.8398939615392836,scr1996,avaConv,onshore_a
bg,1,h0499,0.6056173252570419,scr1996,avaConv,onshore_a
bg,1,h0500,0.36129463991467986,scr1996,avaConv,onshore_a
bg,1,h0501,0.08076586342596312,scr1996,avaConv,onshore_a
bg,1,h0502,0.07752532569453763,scr1996,avaConv,onshore_a
bg,1,h0503,0.06631309116105633,scr1996,avaConv,onshore_a
bg,1,h0504,0.05995820289319966,scr1996,avaConv,onshore_a
bg,1,h0505,0.1104400800983397,scr1996,avaConv,onshore_a
bg,1,h0506,0.168007210598313,scr1996,avaConv,onshore_a
bg,1,h0507,0.22759253100725094,scr1996,avaConv,onshore_a
bg,1,h0508,0.2519793203876154,scr1996,avaConv,onshore_a
bg,1,h0509,0.28731872394493474,scr1996,avaConv,onshore_a
bg,1,h0510,0.3167151685600718,scr1996,avaConv,onshore_a
bg,1,h0511,0.2464050683669471,scr1996,avaConv,onshore_a
bg,1,h0512,0.15184056796423734,scr1996,avaConv,onshore_a
bg,1,h0513,0.03824561622263611,scr1996,avaConv,onshore_a
bg,1,h0514,0.02416878501162895,scr1996,avaConv,onshore_a
bg,1,h0515,0.014155016648085324,scr1996,avaConv,onshore_a
bg,1,h0516,0.009615738927252766,scr1996,avaConv,onshore_a
bg,1,h0517,0.07477219748742855,scr1996,avaConv,onshore_a
bg,1,h0518,0.1214243069043726,scr1996,avaConv,onshore_a
bg,1,h0519,0.15707687068047363,scr1996,avaConv,onshore_a
bg,1,h0520,0.1349337653784731,scr1996,avaConv,onshore_a
bg,1,h0521,0.12746836027656364,scr1996,avaConv,onshore_a
bg,1,h0522,0.13626575241665292,scr1996,avaConv,onshore_a
bg,1,h0523,0.16665168631650745,scr1996,avaConv,onshore_a
bg,1,h0524,0.18327578954344803,scr1996,avaConv,onshore_a
bg,1,h0525,0.18497042368597647,scr1996,avaConv,onshore_a
bg,1,h0526,0.1720376121334956,scr1996,avaConv,onshore_a
bg,1,h0527,0.14700169435819085,scr1996,avaConv,onshore_a
bg,1,h0528,0.12483395446339893,scr1996,avaConv,onshore_a
bg,1,h0529,0.16826130228959096,scr1996,avaConv,onshore_a
bg,1,h0530,0.24886090561901217,scr1996,avaConv,onshore_a
bg,1,h0531,0.34142033397002536,scr1996,avaConv,onshore_a
bg,1,h0532,0.3760981630003987,scr1996,avaConv,onshore_a
bg,1,h0533,0.39636280539397495,scr1996,avaConv,onshore_a
bg,1,h0534,0.41070390806108675,scr1996,avaConv,onshore_a
bg,1,h0535,0.3919130721751347,scr1996,avaConv,onshore_a
bg,1,h0536,0.36584369593762334,scr1996,avaConv,onshore_a
bg,1,h0537,0.3323091865075323,scr1996,avaConv,onshore_a
bg,1,h0538,0.325706632158548,scr1996,avaConv,onshore_a
bg,1,h0539,0.30789581363797014,scr1996,avaConv,onshore_a
bg,1,h0540,0.2951283181814874,scr1996,avaConv,onshore_a
bg,1,h0541,0.22323820374334336,scr1996,avaConv,onshore_a
bg,1,h0542,0.1698860668503341,scr1996,avaConv,onshore_a
bg,1,h0543,0.11698454900622342,scr1996,avaConv,onshore_a
bg,1,h0544,0.13115515108593026,scr1996,avaConv,onshore_a
bg,1,h0545,0.15511583296312928,scr1996,avaConv,onshore_a
bg,1,h0546,0.18585533940937982,scr1996,avaConv,onshore_a
bg,1,h0547,0.39977537054081125,scr1996,avaConv,onshore_a
bg,1,h0548,0.5705084990858235,scr1996,avaConv,onshore_a
bg,1,h0549,0.7141686497287989,scr1996,avaConv,onshore_a
bg,1,h0550,0.6870537130269707,scr1996,avaConv,onshore_a
bg,1,h0551,0.6644603979786062,scr1996,avaConv,onshore_a
bg,1,h0552,0.645057856129459,scr1996,avaConv,onshore_a
ch,1,h0481,0.5847534056363737,scr1996,avaConv,onshore_a
ch,1,h0482,0.4782196003036389,scr1996,avaConv,onshore_a
ch,1,h0483,0.35937890787671156,scr1996,avaConv,onshore_a
ch,1,h0484,0.28580875453193205,scr1996,avaConv,onshore_a
ch,1,h0485,0.2206278206072856,scr1996,avaConv,onshore_a
ch,1,h0486,0.16891784114959815,scr1996,avaConv,onshore_a
ch,1,h0487,0.1506932401627448,scr1996,avaConv,onshore_a
ch,1,h0488,0.15886414085516412,scr1996,avaConv,onshore_a
ch,1,h0489,0.15939784989329625,scr1996,avaConv,onshore_a
ch,1,h0490,0.13624224886554118,scr1996,avaConv,onshore_a
ch,1,h0491,0.10101527236765687,scr1996,avaConv,onshore_a
ch,1,h0492,0.08566232243145018,scr1996,avaConv,onshore_a
ch,1,h0493,0.1570921528485721,scr1996,avaConv,onshore_a
ch,1,h0494,0.22523052587122286,scr1996,avaConv,onshore_a
ch,1,h0495,0.28508469279318144,scr1996,avaConv,onshore_a
ch,1,h0496,0.2749398287815654,scr1996,avaConv,onshore_a
ch,1,h0497,0.2648294100149379,scr1996,avaConv,onshore_a
ch,1,h0498,0.2526876222130081,scr1996,avaConv,onshore_a
ch,1,h0499,0.1859094612597242,scr1996,avaConv,onshore_a
ch,1,h0500,0.11193628261296189,scr1996,avaConv,onshore_a
ch,1,h0501,0.02953749826372214,scr1996,avaConv,onshore_a
ch,1,h0502,0.023277498914512872,scr1996,avaConv,onshore_a
ch,1,h0503,0.0481309538067104,scr1996,avaConv,onshore_a
ch,1,h0504,0.07872691809669473,scr1996,avaConv,onshore_a
ch,1,h0505,0.22903508592488622,scr1996,avaConv,onshore_a
ch,1,h0506,0.33898803066138605,scr1996,avaConv,onshore_a
ch,1,h0507,0.4303502802813369,scr1996,avaConv,onshore_a
ch,1,h0508,0.41133955674767353,scr1996,avaConv,onshore_a
ch,1,h0509,0.3913152687362434,scr1996,avaConv,onshore_a
ch,1,h0510,0.3723945132083763,scr1996,avaConv,onshore_a
ch,1,h0511,0.3440473665996652,scr1996,avaConv,onshore_a
ch,1,h0512,0.3130775195834699,scr1996,avaConv,onshore_a
ch,1,h0513,0.28459602809638873,scr1996,avaConv,onshore_a
ch,1,h0514,0.2832501815709098,scr1996,avaConv,onshore_a
ch,1,h0515,0.2715314379800911,scr1996,avaConv,onshore_a
ch,1,h0516,0.2683098230818915,scr1996,avaConv,onshore_a
ch,1,h0517,0.39938337416922925,scr1996,avaConv,onshore_a
ch,1,h0518,0.5255561009354245,scr1996,avaConv,onshore_a
ch,1,h0519,0.652479859003927,scr1996,avaConv,onshore_a
ch,1,h0520,0.6507594678560823,scr1996,avaConv,onshore_a
ch,1,h0521,0.6553929347489834,scr1996,avaConv,onshore_a
ch,1,h0522,0.636713243633995,scr1996,avaConv,onshore_a
ch,1,h0523,0.472826621619935,scr1996,avaConv,onshore_a
ch,1,h0524,0.29729140603399234,scr1996,avaConv,onshore_a
ch,1,h0525,0.10574603907680141,scr1996,avaConv,onshore_a
ch,1,h0526,0.0898876541895904,scr1996,avaConv,onshore_a
ch,1,h0527,0.08504476016931105,scr1996,avaConv,onshore_a
ch,1,h0528,0.0890591496808999,scr1996,avaConv,onshore_a
ch,1,h0529,0.1058284349238363,scr1996,avaConv,onshore_a
ch,1,h0530,0.11532589661340067,scr1996,avaConv,onshore_a
ch,1,h0531,0.12161974079351476,scr1996,avaConv,onshore_a
ch,1,h0532,0.12043324180237114,scr1996,avaConv,onshore_a
ch,1,h0533,0.12203025495331801,scr1996,avaConv,onshore_a
ch,1,h0534,0.12640766552102015,scr1996,avaConv,onshore_a
ch,1,h0535,0.26942386661001877,scr1996,avaConv,onshore_a
ch,1,h0536,0.396675726823467,scr1996,avaConv,onshore_a
ch,1,h0537,0.512553052272399,scr1996,avaConv,onshore_a
ch,1,h0538,0.5122958705843668,scr1996,avaConv,onshore_a
ch,1,h0539,0.49405920056730684,scr1996,avaConv,onshore_a
ch,1,h0540,0.47603514638776634,scr1996,avaConv,onshore_a
ch,1,h0541,0.49034649679778075,scr1996,avaConv,onshore_a
ch,1,h0542,0.5351883210259945,scr1996,avaConv,onshore_a
ch,1,h0543,0.5680436241619111,scr1996,avaConv,onshore_a
ch,1,h0544,0.5655872580740274,scr1996,avaConv,onshore_a
ch,1,h0545,0.5646068983510092,scr1996,avaConv,onshore_a
ch,1,h0546,0.5813604413676321,scr1996,avaConv,onshore_a
ch,1,h0547,0.5174670477315859,scr1996,avaConv,onshore_a
ch,1,h0548,0.42655020667314375,scr1996,avaConv,onshore_a
ch,1,h0549,0.3144655098341777,scr1996,avaConv,onshore_a
ch,1,h0550,0.290053870202359,scr1996,avaConv,onshore_a
ch,1,h0551,0.2699163388898378,scr1996,avaConv,onshore_a
ch,1,h0552,0.2618172529914141,scr1996,avaConv,onshore_a
cz,1,h0481,0.2906358732399912,scr1996,avaConv,onshore_a
cz,1,h0482,0.28610538781391565,scr1996,avaConv,onshore_a
cz,1,h0483,0.27087821891857056,scr1996,avaConv,onshore_a
cz,1,h0484,0.26272823213566326,scr1996,avaConv,onshore_a
cz,1,h0485,0.25023639712610873,scr1996,avaConv,onshore_a
cz,1,h0486,0.23747358082904393,scr1996,avaConv,onshore_a
cz,1,h0487,0.33404535157922793,scr1996,avaConv,onshore_a
cz,1,h0488,0.415032014226264,scr1996,avaConv,onshore_a
cz,1,h0489,0.4962519389535752,scr1996,avaConv,onshore_a
cz,1,h0490,0.4968755218130565,scr1996,avaConv,onshore_a
cz,1,h0491,0.5117627214938667,scr1996,avaConv,onshore_a
cz,1,h0492,0.5408355840729671,scr1996,avaConv,onshore_a
cz,1,h0493,0.5205665719263479,scr1996,avaConv,onshore_a
cz,1,h0494,0.5041524675771022,scr1996,avaConv,onshore_a
cz,1,h0495,0.473153549870058,scr1996,avaConv,onshore_a
cz,1,h0496,0.4784800408648368,scr1996,avaConv,onshore_a
cz,1,h0497,0.4842864747588391,scr1996,avaConv,onshore_a
cz,1,h0498,0.49325910782829196,scr1996,avaConv,onshore_a
cz,1,h0499,0.3700534044605299,scr1996,avaConv,onshore_a
cz,1,h0500,0.23229548736345876,scr1996,avaConv,onshore_a
cz,1,h0501,0.06491950025826604,scr1996,avaConv,onshore_a
cz,1,h0502,0.06500789519688693,scr1996,avaConv,onshore_a
cz,1,h0503,0.07851729451940198,scr1996,avaConv,onshore_a
cz,1,h0504,0.09672706775090414,scr1996,avaConv,onshore_a
cz,1,h0505,0.3436643278854291,scr1996,avaConv,onshore_a
cz,1,h0506,0.551299189981001,scr1996,avaConv,onshore_a
cz,1,h0507,0.7410632925683873,scr1996,avaConv,onshore_a
cz,1,h0508,0.7459597654762385,scr1996,avaConv,onshore_a
cz,1,h0509,0.74829490150721,scr1996,avaConv,onshore_a
cz,1,h0510,0.7516869951207608,scr1996,avaConv,onshore_a
cz,1,h0511,0.589464182286071,scr1996,avaConv,onshore_a
cz,1,h0512,0.4155405594870593,scr1996,avaConv,onshore_a
cz,1,h0513,0.22421712754695525,scr1996,avaConv,onshore_a
cz,1,h0514,0.22133878391676437,scr1996,avaConv,onshore_a
cz,1,h0515,0.21867179979098106,scr1996,avaConv,onshore_a
cz,1,h0516,0.20688981791631214,scr1996,avaConv,onshore_a
cz,1,h0517,0.1682782619421002,scr1996,avaConv,onshore_a
cz,1,h0518,0.13710810015958722,scr1996,avaConv,onshore_a
cz,1,h0519,0.12493270812067174,scr1996,avaConv,onshore_a
cz,1,h0520,0.15369200627821436,scr1996,avaConv,onshore_a
cz,1,h0521,0.1786978827461794,scr1996,avaConv,onshore_a
cz,1,h0522,0.1942815236368731,scr1996,avaConv,onshore_a
cz,1,h0523,0.15733688678022398,scr1996,avaConv,onshore_a
cz,1,h0524,0.10977507565278767,scr1996,avaConv,onshore_a
cz,1,h0525,0.05175600622168091,scr1996,avaConv,onshore_a
cz,1,h0526,0.04633682970416954,scr1996,avaConv,onshore_a
cz,1,h0527,0.04942646034277901,scr1996,avaConv,onshore_a
cz,1,h0528,0.06019429945716192,scr1996,avaConv,onshore_a
cz,1,h0529,0.1673804319946716,scr1996,avaConv,onshore_a
cz,1,h0530,0.2502817296461437,scr1996,avaConv,onshore_a
cz,1,h0531,0.3185927948890107,scr1996,avaConv,onshore_a
cz,1,h0532,0.30181578974246964,scr1996,avaConv,onshore_a
cz,1,h0533,0.28717639093461095,scr1996,avaConv,onshore_a
cz,1,h0534,0.27616633395793205,scr1996,avaConv,onshore_a
cz,1,h0535,0.38601759189182905,scr1996,avaConv,onshore_a
cz,1,h0536,0.4982588085648299,scr1996,avaConv,onshore_a
cz,1,h0537,0.603291954185945,scr1996,avaConv,onshore_a
cz,1,h0538,0.6090163052682921,scr1996,avaConv,onshore_a
cz,1,h0539,0.5843983178381427,scr1996,avaConv,onshore_a
cz,1,h0540,0.5789477757323667,scr1996,avaConv,onshore_a
cz,1,h0541,0.5150967991637273,scr1996,avaConv,onshore_a
cz,1,h0542,0.4908134839903025,scr1996,avaConv,onshore_a
cz,1,h0543,0.4712676704453116,scr1996,avaConv,onshore_a
cz,1,h0544,0.5036670923146845,scr1996,avaConv,onshore_a
cz,1,h0545,0.5024599024584638,scr1996,avaConv,onshore_a
cz,1,h0546,0.4783566453558225,scr1996,avaConv,onshore_a
cz,1,h0547,0.5173766378573693,scr1996,avaConv,onshore_a
cz,1,h0548,0.5659603738252369,scr1996,avaConv,onshore_a
cz,1,h0549,0.6113488530948187,scr1996,avaConv,onshore_a
cz,1,h0550,0.5841935131287251,scr1996,avaConv,onshore_a
cz,1,h0551,0.5615642186468495,scr1996,avaConv,onshore_a
cz,1,h0552,0.5331968800503787,scr1996,avaConv,onshore_a
de,1,h0481,0.3223329184176745,scr1996,avaConv,onshore_a
de,1,h0482,0.24239174042446063,scr1996,avaConv,onshore_a
de,1,h0483,0.16610996166014344,scr1996,avaConv,onshore_a
de,1,h0484,0.1588723150683226,scr1996,avaConv,onshore_a
de,1,h0485,0.15785554379111172,scr1996,avaConv,onshore_a
de,1,h0486,0.1655720882551702,scr1996,avaConv,onshore_a
de,1,h0487,0.2984030607546607,scr1996,avaConv,onshore_a
de,1,h0488,0.42138351617080505,scr1996,avaConv,onshore_a
de,1,h0489,0.534319255928044,scr1996,avaConv,onshore_a
de,1,h0490,0.52531123609237,scr1996,avaConv,onshore_a
de,1,h0491,0.4953065613418783,scr1996,avaConv,onshore_a
de,1,h0492,0.49063697296018854,scr1996,avaConv,onshore_a
de,1,h0493,0.3866994637753176,scr1996,avaConv,onshore_a
de,1,h0494,0.30790595936743004,scr1996,avaConv,onshore_a
de,1,h0495,0.20115793931683382,scr1996,avaConv,onshore_a
de,1,h0496,0.18550104637683815,scr1996,avaConv,onshore_a
de,1,h0497,0.16484269596055515,scr1996,avaConv,onshore_a
de,1,h0498,0.1473701944979802,scr1996,avaConv,onshore_a
de,1,h0499,0.13278679995038845,scr1996,avaConv,onshore_a
de,1,h0500,0.14316828148600566,scr1996,avaConv,onshore_a
de,1,h0501,0.170986761516393,scr1996,avaConv,onshore_a
de,1,h0502,0.21474322733545362,scr1996,avaConv,onshore_a
de,1,h0503,0.26471423998653076,scr1996,avaConv,onshore_a
de,1,h0504,0.30307611460335854,scr1996,avaConv,onshore_a
de,1,h0505,0.5032441897249074,scr1996,avaConv,onshore_a
de,1,h0506,0.6827432977714476,scr1996,avaConv,onshore_a
de,1,h0507,0.8629400319959974,scr1996,avaConv,onshore_a
de,1,h0508,0.8708850486163042,scr1996,avaConv,onshore_a
de,1,h0509,0.8715955607716015,scr1996,avaConv,onshore_a
de,1,h0510,0.8609462022100486,scr1996,avaConv,onshore_a
de,1,h0511,0.6232448358590917,scr1996,avaConv,onshore_a
de,1,h0512,0.38612987109796787,scr1996,avaConv,onshore_a
de,1,h0513,0.14877581877324203,scr1996,avaConv,onshore_a
de,1,h0514,0.13892360095840425,scr1996,avaConv,onshore_a
de,1,h0515,0.1377474473911068,scr1996,avaConv,onshore_a
de,1,h0516,0.16038718915178787,scr1996,avaConv,onshore_a
de,1,h0517,0.12898995903365,scr1996,avaConv,onshore_a
de,1,h0518,0.09317639541603383,scr1996,avaConv,onshore_a
de,1,h0519,0.03956386335175574,scr1996,avaConv,onshore_a
de,1,h0520,0.04288487321534128,scr1996,avaConv,onshore_a
de,1,h0521,0.043798136869553625,scr1996,avaConv,onshore_a
de,1,h0522,0.04557468615687485,scr1996,avaConv,onshore_a
de,1,h0523,0.0570791997924424,scr1996,avaConv,onshore_a
de,1,h0524,0.07011613213569072,scr1996,avaConv,onshore_a
de,1,h0525,0.0811580541766106,scr1996,avaConv,onshore_a
de,1,h0526,0.08341878328497195,scr1996,avaConv,onshore_a
de,1,h0527,0.08569237953654958,scr1996,avaConv,onshore_a
de,1,h0528,0.08788570852659461,scr1996,avaConv,onshore_a
de,1,h0529,0.1220248506273932,scr1996,avaConv,onshore_a
de,1,h0530,0.1511542220775412,scr1996,avaConv,onshore_a
de,1,h0531,0.17582674113859448,scr1996,avaConv,onshore_a
de,1,h0532,0.16520687685602722,scr1996,avaConv,onshore_a
de,1,h0533,0.15460604788843998,scr1996,avaConv,onshore_a
de,1,h0534,0.14619067098743235,scr1996,avaConv,onshore_a
de,1,h0535,0.15258373588312343,scr1996,avaConv,onshore_a
de,1,h0536,0.16263145168757337,scr1996,avaConv,onshore_a
de,1,h0537,0.17474779206196192,scr1996,avaConv,onshore_a
de,1,h0538,0.1748427946486576,scr1996,avaConv,onshore_a
de,1,h0539,0.18324357408812178,scr1996,avaConv,onshore_a
de,1,h0540,0.19266624695348297,scr1996,avaConv,onshore_a
de,1,h0541,0.24853698991336248,scr1996,avaConv,onshore_a
de,1,h0542,0.31655114960564346,scr1996,avaConv,onshore_a
de,1,h0543,0.39201438513594145,scr1996,avaConv,onshore_a
de,1,h0544,0.4246058158996107,scr1996,avaConv,onshore_a
de,1,h0545,0.43699260007438223,scr1996,avaConv,onshore_a
de,1,h0546,0.44596647841628106,scr1996,avaConv,onshore_a
de,1,h0547,0.3388380574069236,scr1996,avaConv,onshore_a
de,1,h0548,0.22614918189885455,scr1996,avaConv,onshore_a
de,1,h0549,0.1046199802328879,scr1996,avaConv,onshore_a
de,1,h0550,0.09728526334892952,scr1996,avaConv,onshore_a
de,1,h0551,0.09435342419271041,scr1996,avaConv,onshore_a
de,1,h0552,0.08996422909995042,scr1996,avaConv,onshore_a
dk_e,1,h0481,0.28128050222845025,scr1996,avaConv,onshore_a
dk_e,1,h0482,0.22942154158471834,scr1996,avaConv,onshore_a
dk_e,1,h0483,0.19534991729758663,scr1996,avaConv,onshore_a
dk_e,1,h0484,0.19745633621691266,scr1996,avaConv,onshore_a
dk_e,1,h0485,0.21041130624099555,scr1996,avaConv,onshore_a
dk_e,1,h0486,0.24707817308822633,scr1996,avaConv,onshore_a
dk_e,1,h0487,0.3101524613691301,scr1996,avaConv,onshore_a
dk_e,1,h0488,0.36977031461850407,scr1996,avaConv,onshore_a
dk_e,1,h0489,0.43434021324169364,scr1996,avaConv,onshore_a
dk_e,1,h0490,0.4929062936958771,scr1996,avaConv,onshore_a
dk_e,1,h0491,0.5554145665871277,scr1996,avaConv,onshore_a
dk_e,1,h0492,0.5983970580869205,scr1996,avaConv,onshore_a
dk_e,1,h0493,0.5591573643055662,scr1996,avaConv,onshore_a
dk_e,1,h0494,0.5139103415627589,scr1996,avaConv,onshore_a
dk_e,1,h0495,0.46310461895473765,scr1996,avaConv,onshore_a
dk_e,1,h0496,0.4707431739714582,scr1996,avaConv,onshore_a
dk_e,1,h0497,0.46212928129569514,scr1996,avaConv,onshore_a
dk_e,1,h0498,0.4537255073973627,scr1996,avaConv,onshore_a
dk_e,1,h0499,0.33980431589338733,scr1996,avaConv,onshore_a
dk_e,1,h0500,0.24558297442114177,scr1996,avaConv,onshore_a
dk_e,1,h0501,0.1610329653359039,scr1996,avaConv,onshore_a
dk_e,1,h0502,0.20435014935053877,scr1996,avaConv,onshore_a
dk_e,1,h0503,0.26829977087028684,scr1996,avaConv,onshore_a
dk_e,1,h0504,0.32303784071843106,scr1996,avaConv,onshore_a
dk_e,1,h0505,0.35600658200882623,scr1996,avaConv,onshore_a
dk_e,1,h0506,0.3198455336090194,scr1996,avaConv,onshore_a
dk_e,1,h0507,0.269484420090499,scr1996,avaConv,onshore_a
dk_e,1,h0508,0.2568112329509197,scr1996,avaConv,onshore_a
dk_e,1,h0509,0.33755181557761316,scr1996,avaConv,onshore_a
dk_e,1,h0510,0.49842338263217767,scr1996,avaConv,onshore_a
dk_e,1,h0511,0.450644184902978,scr1996,avaConv,onshore_a
dk_e,1,h0512,0.3430722352702756,scr1996,avaConv,onshore_a
dk_e,1,h0513,0.15371291983555618,scr1996,avaConv,onshore_a
dk_e,1,h0514,0.16062648129039467,scr1996,avaConv,onshore_a
dk_e,1,h0515,0.1911197899662417,scr1996,avaConv,onshore_a
dk_e,1,h0516,0.22651767654172256,scr1996,avaConv,onshore_a
dk_e,1,h0517,0.189781177599404,scr1996,avaConv,onshore_a
dk_e,1,h0518,0.12915307282178384,scr1996,avaConv,onshore_a
dk_e,1,h0519,0.06169584359103428,scr1996,avaConv,onshore_a
dk_e,1,h0520,0.05879001140448448,scr1996,avaConv,onshore_a
dk_e,1,h0521,0.06170713954622132,scr1996,avaConv,onshore_a
dk_e,1,h0522,0.06966787361075577,scr1996,avaConv,onshore_a
dk_e,1,h0523,0.1290791476995645,scr1996,avaConv,onshore_a
dk_e,1,h0524,0.17005778791662143,scr1996,avaConv,onshore_a
dk_e,1,h0525,0.20840676396435703,scr1996,avaConv,onshore_a
dk_e,1,h0526,0.2210862236906363,scr1996,avaConv,onshore_a
dk_e,1,h0527,0.2962750212133546,scr1996,avaConv,onshore_a
dk_e,1,h0528,0.36181628684252437,scr1996,avaConv,onshore_a
dk_e,1,h0529,0.30418350523624854,scr1996,avaConv,onshore_a
dk_e,1,h0530,0.18946153443722824,scr1996,avaConv,onshore_a
dk_e,1,h0531,0.07603118541726603,scr1996,avaConv,onshore_a
dk_e,1,h0532,0.07019079231282976,scr1996,avaConv,onshore_a
dk_e,1,h0533,0.07208896088634205,scr1996,avaConv,onshore_a
dk_e,1,h0534,0.07432838760653632,scr1996,avaConv,onshore_a
dk_e,1,h0535,0.06076672600509355,scr1996,avaConv,onshore_a
dk_e,1,h0536,0.04924455071635018,scr1996,avaConv,onshore_a
dk_e,1,h0537,0.045559260232875064,scr1996,avaConv,onshore_a
dk_e,1,h0538,0.05537284486659132,scr1996,avaConv,onshore_a
dk_e,1,h0539,0.06247931003717859,scr1996,avaConv,onshore_a
dk_e,1,h0540,0.06090119895275982,scr1996,avaConv,onshore_a
dk_e,1,h0541,0.09779390542662104,scr1996,avaConv,onshore_a
dk_e,1,h0542,0.13428111636960394,scr1996,avaConv,onshore_a
dk_e,1,h0543,0.18267715016418654,scr1996,avaConv,onshore_a
dk_e,1,h0544,0.20333717112869137,scr1996,avaConv,onshore_a
dk_e,1,h0545,0.2421179280478594,scr1996,avaConv,onshore_a
dk_e,1,h0546,0.29276669143195916,scr1996,avaConv,onshore_a
dk_e,1,h0547,0.2615843782426016,scr1996,avaConv,onshore_a
dk_e,1,h0548,0.20531006653190378,scr1996,avaConv,onshore_a
dk_e,1,h0549,0.12632507809690155,scr1996,avaConv,onshore_a
dk_e,1,h0550,0.12799352881125114,scr1996,avaConv,onshore_a
dk_e,1,h0551,0.13261365845988363,scr1996,avaConv,onshore_a
dk_e,1,h0552,0.1290469906403854,scr1996,avaConv,onshore_a
dk_w,1,h0481,0.1289392445842681,scr1996,avaConv,onshore_a
dk_w,1,h0482,0.1467436378963814,scr1996,avaConv,onshore_a
dk_w,1,h0483,0.17417528553775502,scr1996,avaConv,onshore_a
dk_w,1,h0484,0.17038658443310448,scr1996,avaConv,onshore_a
dk_w,1,h0485,0.16646377951188449,scr1996,avaConv,onshore_a
dk_w,1,h0486,0.1715417831558838,scr1996,avaConv,onshore_a
dk_w,1,h0487,0.22768168926903135,scr1996,avaConv,onshore_a
dk_w,1,h0488,0.29210168026680555,scr1996,avaConv,onshore_a
dk_w,1,h0489,0.3778961452373743,scr1996,avaConv,onshore_a
dk_w,1,h0490,0.44768421493417004,scr1996,avaConv,onshore_a
dk_w,1,h0491,0.4944225168727694,scr1996,avaConv,onshore_a
dk_w,1,h0492,0.5247847482785978,scr1996,avaConv,onshore_a
dk_w,1,h0493,0.4217422617838492,scr1996,avaConv,onshore_a
dk_w,1,h0494,0.3288871951036589,scr1996,avaConv,onshore_a
dk_w,1,h0495,0.21955541516555122,scr1996,avaConv,onshore_a
dk_w,1,h0496,0.20959958752043129,scr1996,avaConv,onshore_a
dk_w,1,h0497,0.19404586416004727,scr1996,avaConv,onshore_a
dk_w,1,h0498,0.18391633715736674,scr1996,avaConv,onshore_a
dk_w,1,h0499,0.21781084770786693,scr1996,avaConv,onshore_a
dk_w,1,h0500,0.29008620572506744,scr1996,avaConv,onshore_a
dk_w,1,h0501,0.38302609765523565,scr1996,avaConv,onshore_a
dk_w,1,h0502,0.45718510261124706,scr1996,avaConv,onshore_a
dk_w,1,h0503,0.5263795470011002,scr1996,avaConv,onshore_a
dk_w,1,h0504,0.5881176855729014,scr1996,avaConv,onshore_a
dk_w,1,h0505,0.4520462192303048,scr1996,avaConv,onshore_a
dk_w,1,h0506,0.2946418568836964,scr1996,avaConv,onshore_a
dk_w,1,h0507,0.14240917398294806,scr1996,avaConv,onshore_a
dk_w,1,h0508,0.21948418867354855,scr1996,avaConv,onshore_a
dk_w,1,h0509,0.3279856731611055,scr1996,avaConv,onshore_a
dk_w,1,h0510,0.4376415577687046,scr1996,avaConv,onshore_a
dk_w,1,h0511,0.37881387967957486,scr1996,avaConv,onshore_a
dk_w,1,h0512,0.2807130227375112,scr1996,avaConv,onshore_a
dk_w,1,h0513,0.1567256838845886,scr1996,avaConv,onshore_a
dk_w,1,h0514,0.16037960191392936,scr1996,avaConv,onshore_a
dk_w,1,h0515,0.18880946671969676,scr1996,avaConv,onshore_a
dk_w,1,h0516,0.26363476461257473,scr1996,avaConv,onshore_a
dk_w,1,h0517,0.3098326816851061,scr1996,avaConv,onshore_a
dk_w,1,h0518,0.33895109876777924,scr1996,avaConv,onshore_a
dk_w,1,h0519,0.31508770221862986,scr1996,avaConv,onshore_a
dk_w,1,h0520,0.303918010447839,scr1996,avaConv,onshore_a
dk_w,1,h0521,0.28188802350995557,scr1996,avaConv,onshore_a
dk_w,1,h0522,0.2644803586609053,scr1996,avaConv,onshore_a
dk_w,1,h0523,0.2837415312063789,scr1996,avaConv,onshore_a
dk_w,1,h0524,0.31420954576073906,scr1996,avaConv,onshore_a
dk_w,1,h0525,0.35277014143175706,scr1996,avaConv,onshore_a
dk_w,1,h0526,0.3708941602384446,scr1996,avaConv,onshore_a
dk_w,1,h0527,0.3955766973636368,scr1996,avaConv,onshore_a
dk_w,1,h0528,0.40344163980173053,scr1996,avaConv,onshore_a
dk_w,1,h0529,0.35548508067550894,scr1996,avaConv,onshore_a
dk_w,1,h0530,0.28836837381571484,scr1996,avaConv,onshore_a
dk_w,1,h0531,0.22243865449194347,scr1996,avaConv,onshore_a
dk_w,1,h0532,0.20380997322440592,scr1996,avaConv,onshore_a
dk_w,1,h0533,0.18698210622192607,scr1996,avaConv,onshore_a
dk_w,1,h0534,0.17426796169898096,scr1996,avaConv,onshore_a
dk_w,1,h0535,0.1294685150531304,scr1996,avaConv,onshore_a
dk_w,1,h0536,0.09073281579773203,scr1996,avaConv,onshore_a
dk_w,1,h0537,0.0555457549716148,scr1996,avaConv,onshore_a
dk_w,1,h0538,0.054648676558554155,scr1996,avaConv,onshore_a
dk_w,1,h0539,0.046417662499503874,scr1996,avaConv,onshore_a
dk_w,1,h0540,0.03642606287471045,scr1996,avaConv,onshore_a
dk_w,1,h0541,0.12321673241002215,scr1996,avaConv,onshore_a
dk_w,1,h0542,0.22428355221190083,scr1996,avaConv,onshore_a
dk_w,1,h0543,0.3481469978496004,scr1996,avaConv,onshore_a
dk_w,1,h0544,0.3935267516782329,scr1996,avaConv,onshore_a
dk_w,1,h0545,0.4163358585996308,scr1996,avaConv,onshore_a
dk_w,1,h0546,0.4129889234540604,scr1996,avaConv,onshore_a
dk_w,1,h0547,0.29176824045124555,scr1996,avaConv,onshore_a
dk_w,1,h0548,0.18013991463953566,scr1996,avaConv,onshore_a
dk_w,1,h0549,0.06710177830718822,scr1996,avaConv,onshore_a
dk_w,1,h0550,0.05794715381129608,scr1996,avaConv,onshore_a
dk_w,1,h0551,0.04631144936234606,scr1996,avaConv,onshore_a
dk_w,1,h0552,0.03379642227187955,scr1996,avaConv,onshore_a
ee,1,h0481,0.24625437458777266,scr1996,avaConv,onshore_a
ee,1,h0482,0.4250641278690222,scr1996,avaConv,onshore_a
ee,1,h0483,0.5854058147564778,scr1996,avaConv,onshore_a
ee,1,h0484,0.5477370260601241,scr1996,avaConv,onshore_a
ee,1,h0485,0.5224690611695677,scr1996,avaConv,onshore_a
ee,1,h0486,0.5026767098525652,scr1996,avaConv,onshore_a
ee,1,h0487,0.3911125040631784,scr1996,avaConv,onshore_a
ee,1,h0488,0.28546459902834376,scr1996,avaConv,onshore_a
ee,1,h0489,0.1792511497539275,scr1996,avaConv,onshore_a
ee,1,h0490,0.17638280595029937,scr1996,avaConv,onshore_a
ee,1,h0491,0.1604587084778591,scr1996,avaConv,onshore_a
ee,1,h0492,0.14643483293481757,scr1996,avaConv,onshore_a
ee,1,h0493,0.11670279467121925,scr1996,avaConv,onshore_a
ee,1,h0494,0.08701535353277877,scr1996,avaConv,onshore_a
ee,1,h0495,0.056898863174835654,scr1996,avaConv,onshore_a
ee,1,h0496,0.046258239999496145,scr1996,avaConv,onshore_a
ee,1,h0497,0.04406501368155215,scr1996,avaConv,onshore_a
ee,1,h0498,0.049087472396693754,scr1996,avaConv,onshore_a
ee,1,h0499,0.11931053242030469,scr1996,avaConv,onshore_a
ee,1,h0500,0.18406887651299564,scr1996,avaConv,onshore_a
ee,1,h0501,0.23747022044350094,scr1996,avaConv,onshore_a
ee,1,h0502,0.22551398610821016,scr1996,avaConv,onshore_a
ee,1,h0503,0.20829277792348763,scr1996,avaConv,onshore_a
ee,1,h0504,0.1900275908920793,scr1996,avaConv,onshore_a
ee,1,h0505,0.4048563480959313,scr1996,avaConv,onshore_a
ee,1,h0506,0.6224141723531889,scr1996,avaConv,onshore_a
ee,1,h0507,0.8505505833784335,scr1996,avaConv,onshore_a
ee,1,h0508,0.8777744871661934,scr1996,avaConv,onshore_a
ee,1,h0509,0.8998845401862582,scr1996,avaConv,onshore_a
ee,1,h0510,0.9132950489218202,scr1996,avaConv,onshore_a
ee,1,h0511,0.6521025655134615,scr1996,avaConv,onshore_a
ee,1,h0512,0.37511646736638626,scr1996,avaConv,onshore_a
ee,1,h0513,0.06737431542428414,scr1996,avaConv,onshore_a
ee,1,h0514,0.05785500339798512,scr1996,avaConv,onshore_a
ee,1,h0515,0.05289317519092282,scr1996,avaConv,onshore_a
ee,1,h0516,0.061356388387409935,scr1996,avaConv,onshore_a
ee,1,h0517,0.2506260535290818,scr1996,avaConv,onshore_a
ee,1,h0518,0.40757591783008307,scr1996,avaConv,onshore_a
ee,1,h0519,0.542350620453978,scr1996,avaConv,onshore_a
ee,1,h0520,0.5307353697268553,scr1996,avaConv,onshore_a
ee,1,h0521,0.5456461948683424,scr1996,avaConv,onshore_a
ee,1,h0522,0.5766430632496395,scr1996,avaConv,onshore_a
ee,1,h0523,0.5897717021281766,scr1996,avaConv,onshore_a
ee,1,h0524,0.6082254923607967,scr1996,avaConv,onshore_a
ee,1,h0525,0.631449613344675,scr1996,avaConv,onshore_a
ee,1,h0526,0.6588103339946464,scr1996,avaConv,onshore_a
ee,1,h0527,0.6741781211894662,scr1996,avaConv,onshore_a
ee,1,h0528,0.6611389227515551,scr1996,avaConv,onshore_a
ee,1,h0529,0.7167750972817509,scr1996,avaConv,onshore_a
ee,1,h0530,0.7698098529612892,scr1996,avaConv,onshore_a
ee,1,h0531,0.8366382985376642,scr1996,avaConv,onshore_a
ee,1,h0532,0.8280356245999203,scr1996,avaConv,onshore_a
ee,1,h0533,0.8179774635987254,scr1996,avaConv,onshore_a
ee,1,h0534,0.8088030393919589,scr1996,avaConv,onshore_a
ee,1,h0535,0.6514936324797,scr1996,avaConv,onshore_a
ee,1,h0536,0.4833827649844212,scr1996,avaConv,onshore_a
ee,1,h0537,0.2926731345874455,scr1996,avaConv,onshore_a
ee,1,h0538,0.2541687179880771,scr1996,avaConv,onshore_a
ee,1,h0539,0.22173707734308118,scr1996,avaConv,onshore_a
ee,1,h0540,0.2174423266037838,scr1996,avaConv,onshore_a
ee,1,h0541,0.1739210110694436,scr1996,avaConv,onshore_a
ee,1,h0542,0.12712594845347355,scr1996,avaConv,onshore_a
ee,1,h0543,0.070726335568713,scr1996,avaConv,onshore_a
ee,1,h0544,0.06869431687082155,scr1996,avaConv,onshore_a
ee,1,h0545,0.07564794523594529,scr1996,avaConv,onshore_a
ee,1,h0546,0.08174570874772824,scr1996,avaConv,onshore_a
ee,1,h0547,0.09572947492913735,scr1996,avaConv,onshore_a
ee,1,h0548,0.10224440416891456,scr1996,avaConv,onshore_a
ee,1,h0549,0.10411505664809148,scr1996,avaConv,onshore_a
ee,1,h0550,0.08882709979806143,scr1996,avaConv,onshore_a
ee,1,h0551,0.0701406458528448,scr1996,avaConv,onshore_a
ee,1,h0552,0.056648180409791325,scr1996,avaConv,onshore_a
es,1,h0481,0.33956085163483696,scr1996,avaConv,onshore_a
es,1,h0482,0.34313425274547166,scr1996,avaConv,onshore_a
es,1,h0483,0.35409632709516564,scr1996,avaConv,onshore_a
es,1,h0484,0.3463501170484239,scr1996,avaConv,onshore_a
es,1,h0485,0.3414683505400955,scr1996,avaConv,onshore_a
es,1,h0486,0.3414310691759967,scr1996,avaConv,onshore_a
es,1,h0487,0.3840518291608066,scr1996,avaConv,onshore_a
es,1,h0488,0.4393570921213332,scr1996,avaConv,onshore_a
es,1,h0489,0.5001011183298366,scr1996,avaConv,onshore_a
es,1,h0490,0.5316376466342562,scr1996,avaConv,onshore_a
es,1,h0491,0.5684529546074973,scr1996,avaConv,onshore_a
es,1,h0492,0.6131128477728278,scr1996,avaConv,onshore_a
es,1,h0493,0.5815167163608509,scr1996,avaConv,onshore_a
es,1,h0494,0.5358013873931464,scr1996,avaConv,onshore_a
es,1,h0495,0.4734347822456006,scr1996,avaConv,onshore_a
es,1,h0496,0.4792112594750103,scr1996,avaConv,onshore_a
es,1,h0497,0.4688486019266829,scr1996,avaConv,onshore_a
es,1,h0498,0.43232045604098507,scr1996,avaConv,onshore_a
es,1,h0499,0.3423221809871232,scr1996,avaConv,onshore_a
es,1,h0500,0.25926726915419385,scr1996,avaConv,onshore_a
es,1,h0501,0.1944262389605672,scr1996,avaConv,onshore_a
es,1,h0502,0.18935231875662206,scr1996,avaConv,onshore_a
es,1,h0503,0.1970308165473202,scr1996,avaConv,onshore_a
es,1,h0504,0.20744211267248522,scr1996,avaConv,onshore_a
es,1,h0505,0.17853645556606612,scr1996,avaConv,onshore_a
es,1,h0506,0.13417248917850852,scr1996,avaConv,onshore_a
es,1,h0507,0.08520031823562148,scr1996,avaConv,onshore_a
es,1,h0508,0.08400035506913164,scr1996,avaConv,onshore_a
es,1,h0509,0.0847254162345406,scr1996,avaConv,onshore_a
es,1,h0510,0.09013789276528007,scr1996,avaConv,onshore_a
es,1,h0511,0.19530256331546067,scr1996,avaConv,onshore_a
es,1,h0512,0.28134713684179347,scr1996,avaConv,onshore_a
es,1,h0513,0.3480316342113986,scr1996,avaConv,onshore_a
es,1,h0514,0.32655791639204096,scr1996,avaConv,onshore_a
es,1,h0515,0.29973575826593385,scr1996,avaConv,onshore_a
es,1,h0516,0.27214435707068846,scr1996,avaConv,onshore_a
es,1,h0517,0.4477886305045166,scr1996,avaConv,onshore_a
es,1,h0518,0.6076963021405405,scr1996,avaConv,onshore_a
es,1,h0519,0.7628036165402688,scr1996,avaConv,onshore_a
es,1,h0520,0.7593434106143445,scr1996,avaConv,onshore_a
es,1,h0521,0.7612970066358342,scr1996,avaConv,onshore_a
es,1,h0522,0.7568590415531127,scr1996,avaConv,onshore_a
es,1,h0523,0.6075316621540566,scr1996,avaConv,onshore_a
es,1,h0524,0.45968483040205466,scr1996,avaConv,onshore_a
es,1,h0525,0.3156358386885166,scr1996,avaConv,onshore_a
es,1,h0526,0.3370612774356255,scr1996,avaConv,onshore_a
es,1,h0527,0.33643038951281706,scr1996,avaConv,onshore_a
es,1,h0528,0.3273543348376329,scr1996,avaConv,onshore_a
es,1,h0529,0.4098482612693098,scr1996,avaConv,onshore_a
es,1,h0530,0.4957428946375142,scr1996,avaConv,onshore_a
es,1,h0531,0.5805931315739455,scr1996,avaConv,onshore_a
es,1,h0532,0.5819893639213649,scr1996,avaConv,onshore_a
es,1,h0533,0.5844465967533525,scr1996,avaConv,onshore_a
es,1,h0534,0.5877204551933903,scr1996,avaConv,onshore_a
es,1,h0535,0.5154905135058724,scr1996,avaConv,onshore_a
es,1,h0536,0.4360264183931815,scr1996,avaConv,onshore_a
es,1,h0537,0.3444141260516004,scr1996,avaConv,onshore_a
es,1,h0538,0.33552384730461304,scr1996,avaConv,onshore_a
es,1,h0539,0.36096861726066237,scr1996,avaConv,onshore_a
es,1,h0540,0.4073647200143326,scr1996,avaConv,onshore_a
es,1,h0541,0.34982478208234885,scr1996,avaConv,onshore_a
es,1,h0542,0.25898568515181525,scr1996,avaConv,onshore_a
es,1,h0543,0.13849213874533728,scr1996,avaConv,onshore_a
es,1,h0544,0.1370178047007835,scr1996,avaConv,onshore_a
es,1,h0545,0.13179410209820897,scr1996,avaConv,onshore_a
es,1,h0546,0.1250100222849698,scr1996,avaConv,onshore_a
es,1,h0547,0.11599138839653528,scr1996,avaConv,onshore_a
es,1,h0548,0.11008344896918061,scr1996,avaConv,onshore_a
es,1,h0549,0.1064298073067241,scr1996,avaConv,onshore_a
es,1,h0550,0.10652250807094174,scr1996,avaConv,onshore_a
es,1,h0551,0.10671006892267355,scr1996,avaConv,onshore_a
es,1,h0552,0.11043705353749718,scr1996,avaConv,onshore_a
fi,1,h0481,0.24062854269256762,scr1996,avaConv,onshore_a
fi,1,h0482,0.24300759151332849,scr1996,avaConv,onshore_a
fi,1,h0483,0.25353932450315525,scr1996,avaConv,onshore_a
fi,1,h0484,0.23793317661015514,scr1996,avaConv,onshore_a
fi,1,h0485,0.23397583414776094,scr1996,avaConv,onshore_a
fi,1,h0486,0.2368367590843483,scr1996,avaConv,onshore_a
fi,1,h0487,0.20560257727685818,scr1996,avaConv,onshore_a
fi,1,h0488,0.15171502395697492,scr1996,avaConv,onshore_a
fi,1,h0489,0.08136502632445904,scr1996,avaConv,onshore_a
fi,1,h0490,0.047436175633826363,scr1996,avaConv,onshore_a
fi,1,h0491,0.035437760297780334,scr1996,avaConv,onshore_a
fi,1,h0492,0.03559038870088809,scr1996,avaConv,onshore_a
fi,1,h0493,0.2653298311897361,scr1996,avaConv,onshore_a
fi,1,h0494,0.44355301759602145,scr1996,avaConv,onshore_a
fi,1,h0495,0.5986724031733851,scr1996,avaConv,onshore_a
fi,1,h0496,0.6128973829242498,scr1996,avaConv,onshore_a
fi,1,h0497,0.6430686079951222,scr1996,avaConv,onshore_a
fi,1,h0498,0.6865387939711062,scr1996,avaConv,onshore_a
fi,1,h0499,0.574167475095298,scr1996,avaConv,onshore_a
fi,1,h0500,0.4436296606635453,scr1996,avaConv,onshore_a
fi,1,h0501,0.29058022303197906,scr1996,avaConv,onshore_a
fi,1,h0502,0.3178856102569441,scr1996,avaConv,onshore_a
fi,1,h0503,0.33266428744549315,scr1996,avaConv,onshore_a
fi,1,h0504,0.33362474168884776,scr1996,avaConv,onshore_a
fi,1,h0505,0.539377155268154,scr1996,avaConv,onshore_a
fi,1,h0506,0.7224005300599922,scr1996,avaConv,onshore_a
fi,1,h0507,0.8957359365851678,scr1996,avaConv,onshore_a
fi,1,h0508,0.9011650815513031,scr1996,avaConv,onshore_a
fi,1,h0509,0.9046356111519271,scr1996,avaConv,onshore_a
fi,1,h0510,0.908268387330539,scr1996,avaConv,onshore_a
fi,1,h0511,0.6786359848299005,scr1996,avaConv,onshore_a
fi,1,h0512,0.4142285314501258,scr1996,avaConv,onshore_a
fi,1,h0513,0.05460543513676518,scr1996,avaConv,onshore_a
fi,1,h0514,0.045133012548180584,scr1996,avaConv,onshore_a
fi,1,h0515,0.04418763148629849,scr1996,avaConv,onshore_a
fi,1,h0516,0.05444676592650906,scr1996,avaConv,onshore_a
fi,1,h0517,0.41471551662482536,scr1996,avaConv,onshore_a
fi,1,h0518,0.6726685800225941,scr1996,avaConv,onshore_a
fi,1,h0519,0.8905872238341548,scr1996,avaConv,onshore_a
fi,1,h0520,0.8692469425350915,scr1996,avaConv,onshore_a
fi,1,h0521,0.8561295541785908,scr1996,avaConv,onshore_a
fi,1,h0522,0.8510573661157009,scr1996,avaConv,onshore_a
fi,1,h0523,0.8636191823827554,scr1996,avaConv,onshore_a
fi,1,h0524,0.8718532411679063,scr1996,avaConv,onshore_a
fi,1,h0525,0.8742399654910769,scr1996,avaConv,onshore_a
fi,1,h0526,0.8594138582834453,scr1996,avaConv,onshore_a
fi,1,h0527,0.8503932006065017,scr1996,avaConv,onshore_a
fi,1,h0528,0.8372228019484252,scr1996,avaConv,onshore_a
fi,1,h0529,0.8417784570042696,scr1996,avaConv,onshore_a
fi,1,h0530,0.8324270248362091,scr1996,avaConv,onshore_a
fi,1,h0531,0.8289117608619393,scr1996,avaConv,onshore_a
fi,1,h0532,0.8110709752076728,scr1996,avaConv,onshore_a
fi,1,h0533,0.8083913528018002,scr1996,avaConv,onshore_a
fi,1,h0534,0.8144096964508758,scr1996,avaConv,onshore_a
fi,1,h0535,0.682664529644404,scr1996,avaConv,onshore_a
fi,1,h0536,0.535583676388978,scr1996,avaConv,onshore_a
fi,1,h0537,0.35220616976542135,scr1996,avaConv,onshore_a
fi,1,h0538,0.3094235831298294,scr1996,avaConv,onshore_a
fi,1,h0539,0.25989586162510664,scr1996,avaConv,onshore_a
fi,1,h0540,0.21886084072665,scr1996,avaConv,onshore_a
fi,1,h0541,0.27659983071422517,scr1996,avaConv,onshore_a
fi,1,h0542,0.3276410592535415,scr1996,avaConv,onshore_a
fi,1,h0543,0.37118198841098543,scr1996,avaConv,onshore_a
fi,1,h0544,0.3443054949215059,scr1996,avaConv,onshore_a
fi,1,h0545,0.31931907365927487,scr1996,avaConv,onshore_a
fi,1,h0546,0.2955906620657521,scr1996,avaConv,onshore_a
fi,1,h0547,0.22616729966699387,scr1996,avaConv,onshore_a
fi,1,h0548,0.15425526055652286,scr1996,avaConv,onshore_a
fi,1,h0549,0.07562050085840218,scr1996,avaConv,onshore_a
fi,1,h0550,0.05455838367293536,scr1996,avaConv,onshore_a
fi,1,h0551,0.03640643066371712,scr1996,avaConv,onshore_a
fi,1,h0552,0.02297843105012492,scr1996,avaConv,onshore_a
fr,1,h0481,0.39542071419515656,scr1996,avaConv,onshore_a
fr,1,h0482,0.46454114225137455,scr1996,avaConv,onshore_a
fr,1,h0483,0.5443691188961485,scr1996,avaConv,onshore_a
fr,1,h0484,0.5310402415982107,scr1996,avaConv,onshore_a
fr,1,h0485,0.5201009598020996,scr1996,avaConv,onshore_a
fr,1,h0486,0.5077803966167684,scr1996,avaConv,onshore_a
fr,1,h0487,0.3787734254446702,scr1996,avaConv,onshore_a
fr,1,h0488,0.24849483442140055,scr1996,avaConv,onshore_a
fr,1,h0489,0.10826441601078247,scr1996,avaConv,onshore_a
fr,1,h0490,0.09698877277900521,scr1996,avaConv,onshore_a
fr,1,h0491,0.0821255674371837,scr1996,avaConv,onshore_a
fr,1,h0492,0.07301264825617068,scr1996,avaConv,onshore_a
fr,1,h0493,0.10851369593518898,scr1996,avaConv,onshore_a
fr,1,h0494,0.14574257167081103,scr1996,avaConv,onshore_a
fr,1,h0495,0.18346075093242084,scr1996,avaConv,onshore_a
fr,1,h0496,0.1826403694102973,scr1996,avaConv,onshore_a
fr,1,h0497,0.17625921273097067,scr1996,avaConv,onshore_a
fr,1,h0498,0.15932962815555196,scr1996,avaConv,onshore_a
fr,1,h0499,0.2298959869448952,scr1996,avaConv,onshore_a
fr,1,h0500,0.3197871078310537,scr1996,avaConv,onshore_a
fr,1,h0501,0.43145936763355264,scr1996,avaConv,onshore_a
fr,1,h0502,0.47009768076408176,scr1996,avaConv,onshore_a
fr,1,h0503,0.5112880128855964,scr1996,avaConv,onshore_a
fr,1,h0504,0.5403832134069094,scr1996,avaConv,onshore_a
fr,1,h0505,0.5420218843460817,scr1996,avaConv,onshore_a
fr,1,h0506,0.5204436772677548,scr1996,avaConv,onshore_a
fr,1,h0507,0.48801861542018254,scr1996,avaConv,onshore_a
fr,1,h0508,0.4623445870109013,scr1996,avaConv,onshore_a
fr,1,h0509,0.43244589048579385,scr1996,avaConv,onshore_a
fr,1,h0510,0.4011677321817013,scr1996,avaConv,onshore_a
fr,1,h0511,0.3177389406499419,scr1996,avaConv,onshore_a
fr,1,h0512,0.24368249630402955,scr1996,avaConv,onshore_a
fr,1,h0513,0.17158740957304294,scr1996,avaConv,onshore_a
fr,1,h0514,0.16483842506987978,scr1996,avaConv,onshore_a
fr,1,h0515,0.1541132022546246,scr1996,avaConv,onshore_a
fr,1,h0516,0.16135268253792734,scr1996,avaConv,onshore_a
fr,1,h0517,0.23502323829634542,scr1996,avaConv,onshore_a
fr,1,h0518,0.3107889002951818,scr1996,avaConv,onshore_a
fr,1,h0519,0.3723124661494218,scr1996,avaConv,onshore_a
fr,1,h0520,0.36724463542963204,scr1996,avaConv,onshore_a
fr,1,h0521,0.34605802924965945,scr1996,avaConv,onshore_a
fr,1,h0522,0.3161757856823316,scr1996,avaConv,onshore_a
fr,1,h0523,0.2612541059004101,scr1996,avaConv,onshore_a
fr,1,h0524,0.2209188420185657,scr1996,avaConv,onshore_a
fr,1,h0525,0.18782310314661035,scr1996,avaConv,onshore_a
fr,1,h0526,0.18456340702051918,scr1996,avaConv,onshore_a
fr,1,h0527,0.17363492797840305,scr1996,avaConv,onshore_a
fr,1,h0528,0.1617178773992737,scr1996,avaConv,onshore_a
fr,1,h0529,0.3374864665065559,scr1996,avaConv,onshore_a
fr,1,h0530,0.5097396371545505,scr1996,avaConv,onshore_a
fr,1,h0531,0.6781486516380505,scr1996,avaConv,onshore_a
fr,1,h0532,0.679184311478559,scr1996,avaConv,onshore_a
fr,1,h0533,0.6849714573122317,scr1996,avaConv,onshore_a
fr,1,h0534,0.6968575603795091,scr1996,avaConv,onshore_a
fr,1,h0535,0.5846552460156982,scr1996,avaConv,onshore_a
fr,1,h0536,0.4645231413970343,scr1996,avaConv,onshore_a
fr,1,h0537,0.32800472623956267,scr1996,avaConv,onshore_a
fr,1,h0538,0.3093246520517967,scr1996,avaConv,onshore_a
fr,1,h0539,0.29673159493380274,scr1996,avaConv,onshore_a
fr,1,h0540,0.28957467617857435,scr1996,avaConv,onshore_a
fr,1,h0541,0.3190879844987362,scr1996,avaConv,onshore_a
fr,1,h0542,0.3474596028363437,scr1996,avaConv,onshore_a
fr,1,h0543,0.3797245487029143,scr1996,avaConv,onshore_a
fr,1,h0544,0.37232079998771106,scr1996,avaConv,onshore_a
fr,1,h0545,0.34272447614224666,scr1996,avaConv,onshore_a
fr,1,h0546,0.31068017441468054,scr1996,avaConv,onshore_a
fr,1,h0547,0.29129163075235,scr1996,avaConv,onshore_a
fr,1,h0548,0.30605537583382136,scr1996,avaConv,onshore_a
fr,1,h0549,0.32486778365018165,scr1996,avaConv,onshore_a
fr,1,h0550,0.3464137867566617,scr1996,avaConv,onshore_a
fr,1,h0551,0.3481148845290065,scr1996,avaConv,onshore_a
fr,1,h0552,0.3461028258168688,scr1996,avaConv,onshore_a
fr_co,1,h0481,0.35252488115764485,scr1996,avaConv,onshore_a
fr_co,1,h0482,0.20429154421992637,scr1996,avaConv,onshore_a
fr_co,1,h0483,0.0,scr1996,avaConv,onshore_a
fr_co,1,h0484,0.0,scr1996,avaConv,onshore_a
fr_co,1,h0485,0.0,scr1996,avaConv,onshore_a
fr_co,1,h0486,0.0,scr1996,avaConv,onshore_a
fr_co,1,h0487,0.09293180749221869,scr1996,avaConv,onshore_a
fr_co,1,h0488,0.13549310672533285,scr1996,avaConv,onshore_a
fr_co,1,h0489,0.19004608414031118,scr1996,avaConv,onshore_a
fr_co,1,h0490,0.22444868002914675,scr1996,avaConv,onshore_a
fr_co,1,h0491,0.292383318602419,scr1996,avaConv,onshore_a
fr_co,1,h0492,0.36461528595078574,scr1996,avaConv,onshore_a
fr_co,1,h0493,0.6171321959788686,scr1996,avaConv,onshore_a
fr_co,1,h0494,0.8007213936896354,scr1996,avaConv,onshore_a
fr_co,1,h0495,0.9477572594637317,scr1996,avaConv,onshore_a
fr_co,1,h0496,0.9490752017389296,scr1996,avaConv,onshore_a
fr_co,1,h0497,0.9493812104172538,scr1996,avaConv,onshore_a
fr_co,1,h0498,0.9468705875789419,scr1996,avaConv,onshore_a
fr_co,1,h0499,0.742849971739226,scr1996,avaConv,onshore_a
fr_co,1,h0500,0.49834565098431577,scr1996,avaConv,onshore_a
fr_co,1,h0501,0.13249373181336985,scr1996,avaConv,onshore_a
fr_co,1,h0502,0.15149518174189602,scr1996,avaConv,onshore_a
fr_co,1,h0503,0.15662415906988464,scr1996,avaConv,onshore_a
fr_co,1,h0504,0.14344839124295114,scr1996,avaConv,onshore_a
fr_co,1,h0505,0.10319182976952054,scr1996,avaConv,onshore_a
fr_co,1,h0506,0.06133638783826623,scr1996,avaConv,onshore_a
fr_co,1,h0507,0.0,scr1996,avaConv,onshore_a
fr_co,1,h0508,0.0,scr1996,avaConv,onshore_a
fr_co,1,h0509,0.0,scr1996,avaConv,onshore_a
fr_co,1,h0510,0.0062985071046167615,scr1996,avaConv,onshore_a
fr_co,1,h0511,0.07195611516137813,scr1996,avaConv,onshore_a
fr_co,1,h0512,0.13290791330777743,scr1996,avaConv,onshore_a
fr_co,1,h0513,0.2025762162551709,scr1996,avaConv,onshore_a
fr_co,1,h0514,0.2628493251753323,scr1996,avaConv,onshore_a
fr_co,1,h0515,0.29582097087179826,scr1996,avaConv,onshore_a
fr_co,1,h0516,0.3330710491310534,scr1996,avaConv,onshore_a
fr_co,1,h0517,0.3158497374035594,scr1996,avaConv,onshore_a
fr_co,1,h0518,0.34587971530924694,scr1996,avaConv,onshore_a
fr_co,1,h0519,0.38183226519294033,scr1996,avaConv,onshore_a
fr_co,1,h0520,0.4422937226197354,scr1996,avaConv,onshore_a
fr_co,1,h0521,0.46354222620140717,scr1996,avaConv,onshore_a
fr_co,1,h0522,0.4698921056079982,scr1996,avaConv,onshore_a
fr_co,1,h0523,0.39480866868727754,scr1996,avaConv,onshore_a
fr_co,1,h0524,0.30376481806394867,scr1996,avaConv,onshore_a
fr_co,1,h0525,0.16811021121644684,scr1996,avaConv,onshore_a
fr_co,1,h0526,0.14332820174489955,scr1996,avaConv,onshore_a
fr_co,1,h0527,0.13903222006309268,scr1996,avaConv,onshore_a
fr_co,1,h0528,0.134177709196626,scr1996,avaConv,onshore_a
fr_co,1,h0529,0.2430455650299597,scr1996,avaConv,onshore_a
fr_co,1,h0530,0.3325101556839763,scr1996,avaConv,onshore_a
fr_co,1,h0531,0.42385355642723366,scr1996,avaConv,onshore_a
fr_co,1,h0532,0.45864308408559523,scr1996,avaConv,onshore_a
fr_co,1,h0533,0.5048157265090948,scr1996,avaConv,onshore_a
fr_co,1,h0534,0.5392597487227114,scr1996,avaConv,onshore_a
fr_co,1,h0535,0.46916431553412674,scr1996,avaConv,onshore_a
fr_co,1,h0536,0.3639281610836299,scr1996,avaConv,onshore_a
fr_co,1,h0537,0.2303213331002713,scr1996,avaConv,onshore_a
fr_co,1,h0538,0.23423940518040956,scr1996,avaConv,onshore_a
fr_co,1,h0539,0.2954607401944925,scr1996,avaConv,onshore_a
fr_co,1,h0540,0.40214961351915707,scr1996,avaConv,onshore_a
fr_co,1,h0541,0.5829214896125677,scr1996,avaConv,onshore_a
fr_co,1,h0542,0.6923923390911552,scr1996,avaConv,onshore_a
fr_co,1,h0543,0.7563696564646666,scr1996,avaConv,onshore_a
fr_co,1,h0544,0.711737091210819,scr1996,avaConv,onshore_a
fr_co,1,h0545,0.6360922533132504,scr1996,avaConv,onshore_a
fr_co,1,h0546,0.512816911686461,scr1996,avaConv,onshore_a
fr_co,1,h0547,0.34123139143834186,scr1996,avaConv,onshore_a
fr_co,1,h0548,0.18526692704616587,scr1996,avaConv,onshore_a
fr_co,1,h0549,0.039314013656895595,scr1996,avaConv,onshore_a
fr_co,1,h0550,0.04768565266397378,scr1996,avaConv,onshore_a
fr_co,1,h0551,0.07150822048167749,scr1996,avaConv,onshore_a
fr_co,1,h0552,0.09622461692068826,scr1996,avaConv,onshore_a
gr,1,h0481,0.5709018460833306,scr1996,avaConv,onshore_a
gr,1,h0482,0.42162007304574367,scr1996,avaConv,onshore_a
gr,1,h0483,0.17336236432098598,scr1996,avaConv,onshore_a
gr,1,h0484,0.16356088397223364,scr1996,avaConv,onshore_a
gr,1,h0485,0.15635518527341088,scr1996,avaConv,onshore_a
gr,1,h0486,0.1493298285382721,scr1996,avaConv,onshore_a
gr,1,h0487,0.1390354728149041,scr1996,avaConv,onshore_a
gr,1,h0488,0.12260658842757446,scr1996,avaConv,onshore_a
gr,1,h0489,0.11042629092417658,scr1996,avaConv,onshore_a
gr,1,h0490,0.14214399961486285,scr1996,avaConv,onshore_a
gr,1,h0491,0.2060995886415142,scr1996,avaConv,onshore_a
gr,1,h0492,0.28389683807974897,scr1996,avaConv,onshore_a
gr,1,h0493,0.4775103128929806,scr1996,avaConv,onshore_a
gr,1,h0494,0.6023714952685124,scr1996,avaConv,onshore_a
gr,1,h0495,0.6868914371319185,scr1996,avaConv,onshore_a
gr,1,h0496,0.6810918823393396,scr1996,avaConv,onshore_a
gr,1,h0497,0.6664167120824617,scr1996,avaConv,onshore_a
gr,1,h0498,0.6557215364225826,scr1996,avaConv,onshore_a
gr,1,h0499,0.5599412407945625,scr1996,avaConv,onshore_a
gr,1,h0500,0.4665286665590024,scr1996,avaConv,onshore_a
gr,1,h0501,0.36422396811537006,scr1996,avaConv,onshore_a
gr,1,h0502,0.38398513114328314,scr1996,avaConv,onshore_a
gr,1,h0503,0.3783317713056862,scr1996,avaConv,onshore_a
gr,1,h0504,0.37606618207592557,scr1996,avaConv,onshore_a
gr,1,h0505,0.49150963682049686,scr1996,avaConv,onshore_a
gr,1,h0506,0.6015287639147472,scr1996,avaConv,onshore_a
gr,1,h0507,0.6909842112744972,scr1996,avaConv,onshore_a
gr,1,h0508,0.7024606408529959,scr1996,avaConv,onshore_a
gr,1,h0509,0.7102226774493442,scr1996,avaConv,onshore_a
gr,1,h0510,0.7128773321715591,scr1996,avaConv,onshore_a
gr,1,h0511,0.5936505030714829,scr1996,avaConv,onshore_a
gr,1,h0512,0.4366048940538664,scr1996,avaConv,onshore_a
gr,1,h0513,0.20597518967337794,scr1996,avaConv,onshore_a
gr,1,h0514,0.22431685232301216,scr1996,avaConv,onshore_a
gr,1,h0515,0.23804648115561447,scr1996,avaConv,onshore_a
gr,1,h0516,0.23954615837509244,scr1996,avaConv,onshore_a
gr,1,h0517,0.2549876841600096,scr1996,avaConv,onshore_a
gr,1,h0518,0.2772893254639557,scr1996,avaConv,onshore_a
gr,1,h0519,0.28499002589687306,scr1996,avaConv,onshore_a
gr,1,h0520,0.26805052927651785,scr1996,avaConv,onshore_a
gr,1,h0521,0.24228870536579003,scr1996,avaConv,onshore_a
gr,1,h0522,0.22029798092073402,scr1996,avaConv,onshore_a
gr,1,h0523,0.25401369992388734,scr1996,avaConv,onshore_a
gr,1,h0524,0.27764322999588087,scr1996,avaConv,onshore_a
gr,1,h0525,0.29625447004931715,scr1996,avaConv,onshore_a
gr,1,h0526,0.2778084064892433,scr1996,avaConv,onshore_a
gr,1,h0527,0.268572060559376,scr1996,avaConv,onshore_a
gr,1,h0528,0.25362657198861105,scr1996,avaConv,onshore_a
gr,1,h0529,0.28238882327588377,scr1996,avaConv,onshore_a
gr,1,h0530,0.31275055427824616,scr1996,avaConv,onshore_a
gr,1,h0531,0.3524642501505385,scr1996,avaConv,onshore_a
gr,1,h0532,0.3589391975730102,scr1996,avaConv,onshore_a
gr,1,h0533,0.3710778376143411,scr1996,avaConv,onshore_a
gr,1,h0534,0.3867810301014215,scr1996,avaConv,onshore_a
gr,1,h0535,0.37430712610534744,scr1996,avaConv,onshore_a
gr,1,h0536,0.3535021887373654,scr1996,avaConv,onshore_a
gr,1,h0537,0.3226575941401397,scr1996,avaConv,onshore_a
gr,1,h0538,0.3250142475885276,scr1996,avaConv,onshore_a
gr,1,h0539,0.33472189458659884,scr1996,avaConv,onshore_a
gr,1,h0540,0.3580005338512646,scr1996,avaConv,onshore_a
gr,1,h0541,0.43703407595261856,scr1996,avaConv,onshore_a
gr,1,h0542,0.48962521358496636,scr1996,avaConv,onshore_a
gr,1,h0543,0.515213086303995,scr1996,avaConv,onshore_a
gr,1,h0544,0.4733035666039328,scr1996,avaConv,onshore_a
gr,1,h0545,0.43063959141879904,scr1996,avaConv,onshore_a
gr,1,h0546,0.3901382384696498,scr1996,avaConv,onshore_a
gr,1,h0547,0.3859686128658696,scr1996,avaConv,onshore_a
gr,1,h0548,0.38957260399783467,scr1996,avaConv,onshore_a
gr,1,h0549,0.39889081655685377,scr1996,avaConv,onshore_a
gr,1,h0550,0.3850487120644839,scr1996,avaConv,onshore_a
gr,1,h0551,0.38063767020896655,scr1996,avaConv,onshore_a
gr,1,h0552,0.3822466073876789,scr1996,avaConv,onshore_a
hr,1,h0481,0.27893439497302225,scr1996,avaConv,onshore_a
hr,1,h0482,0.2540486998759998,scr1996,avaConv,onshore_a
hr,1,h0483,0.23252525750689276,scr1996,avaConv,onshore_a
hr,1,h0484,0.23312121155653973,scr1996,avaConv,onshore_a
hr,1,h0485,0.23186094760397655,scr1996,avaConv,onshore_a
hr,1,h0486,0.23469247704473795,scr1996,avaConv,onshore_a
hr,1,h0487,0.21113956161097988,scr1996,avaConv,onshore_a
hr,1,h0488,0.17629031732630093,scr1996,avaConv,onshore_a
hr,1,h0489,0.12512759654273334,scr1996,avaConv,onshore_a
hr,1,h0490,0.09464674236707227,scr1996,avaConv,onshore_a
hr,1,h0491,0.0682910375734237,scr1996,avaConv,onshore_a
hr,1,h0492,0.05607005461304138,scr1996,avaConv,onshore_a
hr,1,h0493,0.11880913107607188,scr1996,avaConv,onshore_a
hr,1,h0494,0.1731979114563251,scr1996,avaConv,onshore_a
hr,1,h0495,0.2118486584138541,scr1996,avaConv,onshore_a
hr,1,h0496,0.19635513795950008,scr1996,avaConv,onshore_a
hr,1,h0497,0.17658297799403375,scr1996,avaConv,onshore_a
hr,1,h0498,0.16537570979011404,scr1996,avaConv,onshore_a
hr,1,h0499,0.3282536270746564,scr1996,avaConv,onshore_a
hr,1,h0500,0.4954764800077165,scr1996,avaConv,onshore_a
hr,1,h0501,0.6487743414879956,scr1996,avaConv,onshore_a
hr,1,h0502,0.6464409769167977,scr1996,avaConv,onshore_a
hr,1,h0503,0.6265709373356442,scr1996,avaConv,onshore_a
hr,1,h0504,0.629505101629664,scr1996,avaConv,onshore_a
hr,1,h0505,0.4627556504437163,scr1996,avaConv,onshore_a
hr,1,h0506,0.2877836821103733,scr1996,avaConv,onshore_a
hr,1,h0507,0.053626396492399024,scr1996,avaConv,onshore_a
hr,1,h0508,0.04496426067360368,scr1996,avaConv,onshore_a
hr,1,h0509,0.035656392234581925,scr1996,avaConv,onshore_a
hr,1,h0510,0.02910757572916889,scr1996,avaConv,onshore_a
hr,1,h0511,0.2317592321231613,scr1996,avaConv,onshore_a
hr,1,h0512,0.3863543134120169,scr1996,avaConv,onshore_a
hr,1,h0513,0.533972709720887,scr1996,avaConv,onshore_a
hr,1,h0514,0.5397101870558854,scr1996,avaConv,onshore_a
hr,1,h0515,0.5453385842078544,scr1996,avaConv,onshore_a
hr,1,h0516,0.5436553207439853,scr1996,avaConv,onshore_a
hr,1,h0517,0.41570658365581875,scr1996,avaConv,onshore_a
hr,1,h0518,0.29435275473556227,scr1996,avaConv,onshore_a
hr,1,h0519,0.1686752116867706,scr1996,avaConv,onshore_a
hr,1,h0520,0.16883704452969128,scr1996,avaConv,onshore_a
hr,1,h0521,0.1802502836455671,scr1996,avaConv,onshore_a
hr,1,h0522,0.20623593871806775,scr1996,avaConv,onshore_a
hr,1,h0523,0.27827654478550423,scr1996,avaConv,onshore_a
hr,1,h0524,0.33734944218699986,scr1996,avaConv,onshore_a
hr,1,h0525,0.38734930292634434,scr1996,avaConv,onshore_a
hr,1,h0526,0.3973405641651432,scr1996,avaConv,onshore_a
hr,1,h0527,0.3995232081329963,scr1996,avaConv,onshore_a
hr,1,h0528,0.4011803500417545,scr1996,avaConv,onshore_a
hr,1,h0529,0.28718237343350655,scr1996,avaConv,onshore_a
hr,1,h0530,0.1696292306565263,scr1996,avaConv,onshore_a
hr,1,h0531,0.01102467712386721,scr1996,avaConv,onshore_a
hr,1,h0532,0.013279862792851132,scr1996,avaConv,onshore_a
hr,1,h0533,0.017626506863777907,scr1996,avaConv,onshore_a
hr,1,h0534,0.02391710685847794,scr1996,avaConv,onshore_a
hr,1,h0535,0.3593486719756572,scr1996,avaConv,onshore_a
hr,1,h0536,0.6284713174961652,scr1996,avaConv,onshore_a
hr,1,h0537,0.8752868230373618,scr1996,avaConv,onshore_a
hr,1,h0538,0.8830711080687996,scr1996,avaConv,onshore_a
hr,1,h0539,0.8813382083781083,scr1996,avaConv,onshore_a
hr,1,h0540,0.8746576169266254,scr1996,avaConv,onshore_a
hr,1,h0541,0.6392824371660211,scr1996,avaConv,onshore_a
hr,1,h0542,0.39943873864017676,scr1996,avaConv,onshore_a
hr,1,h0543,0.12323907010070949,scr1996,avaConv,onshore_a
hr,1,h0544,0.10480690167588361,scr1996,avaConv,onshore_a
hr,1,h0545,0.069698685055224,scr1996,avaConv,onshore_a
hr,1,h0546,0.030248095860839073,scr1996,avaConv,onshore_a
hr,1,h0547,0.1860581221446168,scr1996,avaConv,onshore_a
hr,1,h0548,0.3363034400309598,scr1996,avaConv,onshore_a
hr,1,h0549,0.4796977155805965,scr1996,avaConv,onshore_a
hr,1,h0550,0.5100748336748858,scr1996,avaConv,onshore_a
hr,1,h0551,0.48004045356687836,scr1996,avaConv,onshore_a
hr,1,h0552,0.4555945665582691,scr1996,avaConv,onshore_a
hu,1,h0481,0.35886326967426974,scr1996,avaConv,onshore_a
hu,1,h0482,0.37033409144909507,scr1996,avaConv,onshore_a
hu,1,h0483,0.372022688219321,scr1996,avaConv,onshore_a
hu,1,h0484,0.33990942088904197,scr1996,avaConv,onshore_a
hu,1,h0485,0.31704152029535876,scr1996,avaConv,onshore_a
hu,1,h0486,0.29322251898192253,scr1996,avaConv,onshore_a
hu,1,h0487,0.22497851589381557,scr1996,avaConv,onshore_a
hu,1,h0488,0.16530640579538766,scr1996,avaConv,onshore_a
hu,1,h0489,0.1071873811459844,scr1996,avaConv,onshore_a
hu,1,h0490,0.09441201863784277,scr1996,avaConv,onshore_a
hu,1,h0491,0.0730625885652916,scr1996,avaConv,onshore_a
hu,1,h0492,0.05625843243958811,scr1996,avaConv,onshore_a
hu,1,h0493,0.25337407374253096,scr1996,avaConv,onshore_a
hu,1,h0494,0.4557242446101096,scr1996,avaConv,onshore_a
hu,1,h0495,0.6653670840537564,scr1996,avaConv,onshore_a
hu,1,h0496,0.6767372613382249,scr1996,avaConv,onshore_a
hu,1,h0497,0.6855572136318733,scr1996,avaConv,onshore_a
hu,1,h0498,0.6808997208433035,scr1996,avaConv,onshore_a
hu,1,h0499,0.4876415921078484,scr1996,avaConv,onshore_a
hu,1,h0500,0.29425614222569607,scr1996,avaConv,onshore_a
hu,1,h0501,0.10159763591896927,scr1996,avaConv,onshore_a
hu,1,h0502,0.09987575976536009,scr1996,avaConv,onshore_a
hu,1,h0503,0.10526977104996073,scr1996,avaConv,onshore_a
hu,1,h0504,0.11264797094076684,scr1996,avaConv,onshore_a
hu,1,h0505,0.20949049704933598,scr1996,avaConv,onshore_a
hu,1,h0506,0.2806795478152605,scr1996,avaConv,onshore_a
hu,1,h0507,0.3349013380474252,scr1996,avaConv,onshore_a
hu,1,h0508,0.29829850744021547,scr1996,avaConv,onshore_a
hu,1,h0509,0.2730401692334613,scr1996,avaConv,onshore_a
hu,1,h0510,0.25931668294665255,scr1996,avaConv,onshore_a
hu,1,h0511,0.4077752172788348,scr1996,avaConv,onshore_a
hu,1,h0512,0.5501979396760545,scr1996,avaConv,onshore_a
hu,1,h0513,0.710796785234017,scr1996,avaConv,onshore_a
hu,1,h0514,0.7236559140206632,scr1996,avaConv,onshore_a
hu,1,h0515,0.7547917409066871,scr1996,avaConv,onshore_a
hu,1,h0516,0.7461747409208637,scr1996,avaConv,onshore_a
hu,1,h0517,0.5345377082743079,scr1996,avaConv,onshore_a
hu,1,h0518,0.31261796406866715,scr1996,avaConv,onshore_a
hu,1,h0519,0.11437144097753318,scr1996,avaConv,onshore_a
hu,1,h0520,0.11144631595416449,scr1996,avaConv,onshore_a
hu,1,h0521,0.10732250910463689,scr1996,avaConv,onshore_a
hu,1,h0522,0.106521367278058,scr1996,avaConv,onshore_a
hu,1,h0523,0.07531266779065374,scr1996,avaConv,onshore_a
hu,1,h0524,0.04481560677554317,scr1996,avaConv,onshore_a
hu,1,h0525,0.00908709170841295,scr1996,avaConv,onshore_a
hu,1,h0526,0.009867222386544831,scr1996,avaConv,onshore_a
hu,1,h0527,0.008530982438488415,scr1996,avaConv,onshore_a
hu,1,h0528,0.0059449880454840185,scr1996,avaConv,onshore_a
hu,1,h0529,0.09227192228507818,scr1996,avaConv,onshore_a
hu,1,h0530,0.16784063370874416,scr1996,avaConv,onshore_a
hu,1,h0531,0.2458182128660715,scr1996,avaConv,onshore_a
hu,1,h0532,0.2428468863229891,scr1996,avaConv,onshore_a
hu,1,h0533,0.2553247476704267,scr1996,avaConv,onshore_a
hu,1,h0534,0.2713738228698015,scr1996,avaConv,onshore_a
hu,1,h0535,0.35031710379657677,scr1996,avaConv,onshore_a
hu,1,h0536,0.40993459959459283,scr1996,avaConv,onshore_a
hu,1,h0537,0.43687512278479856,scr1996,avaConv,onshore_a
hu,1,h0538,0.38774176072239214,scr1996,avaConv,onshore_a
hu,1,h0539,0.33295646928144834,scr1996,avaConv,onshore_a
hu,1,h0540,0.30781814682405856,scr1996,avaConv,onshore_a
hu,1,h0541,0.34477020841553324,scr1996,avaConv,onshore_a
hu,1,h0542,0.41349800690802335,scr1996,avaConv,onshore_a
hu,1,h0543,0.4623762327019923,scr1996,avaConv,onshore_a
hu,1,h0544,0.4369852426077269,scr1996,avaConv,onshore_a
hu,1,h0545,0.40042884622533903,scr1996,avaConv,onshore_a
hu,1,h0546,0.389932814041266,scr1996,avaConv,onshore_a
hu,1,h0547,0.5185193288844918,scr1996,avaConv,onshore_a
hu,1,h0548,0.6371976827310322,scr1996,avaConv,onshore_a
hu,1,h0549,0.7395352646486594,scr1996,avaConv,onshore_a
hu,1,h0550,0.7195455765741122,scr1996,avaConv,onshore_a
hu,1,h0551,0.6741805695824289,scr1996,avaConv,onshore_a
hu,1,h0552,0.6429376902394149,scr1996,avaConv,onshore_a
ie,1,h0481,0.27961329688494047,scr1996,avaConv,onshore_a
ie,1,h0482,0.5175750924381846,scr1996,avaConv,onshore_a
ie,1,h0483,0.742406667453969,scr1996,avaConv,onshore_a
ie,1,h0484,0.7197348379235531,scr1996,avaConv,onshore_a
ie,1,h0485,0.6928073758660569,scr1996,avaConv,onshore_a
ie,1,h0486,0.6650423859617445,scr1996,avaConv,onshore_a
ie,1,h0487,0.5601272153043928,scr1996,avaConv,onshore_a
ie,1,h0488,0.4644818630746164,scr1996,avaConv,onshore_a
ie,1,h0489,0.3726249644794956,scr1996,avaConv,onshore_a
ie,1,h0490,0.3474913002883305,scr1996,avaConv,onshore_a
ie,1,h0491,0.356364233812755,scr1996,avaConv,onshore_a
ie,1,h0492,0.3708161734110975,scr1996,avaConv,onshore_a
ie,1,h0493,0.3653183323885174,scr1996,avaConv,onshore_a
ie,1,h0494,0.3178724743284082,scr1996,avaConv,onshore_a
ie,1,h0495,0.2607713154890557,scr1996,avaConv,onshore_a
ie,1,h0496,0.23478267028353086,scr1996,avaConv,onshore_a
ie,1,h0497,0.20456923392766244,scr1996,avaConv,onshore_a
ie,1,h0498,0.17573731143878352,scr1996,avaConv,onshore_a
ie,1,h0499,0.3633668357787204,scr1996,avaConv,onshore_a
ie,1,h0500,0.542990679986695,scr1996,avaConv,onshore_a
ie,1,h0501,0.719987622280491,scr1996,avaConv,onshore_a
ie,1,h0502,0.6783667181024042,scr1996,avaConv,onshore_a
ie,1,h0503,0.6467625032356369,scr1996,avaConv,onshore_a
ie,1,h0504,0.605038943166345,scr1996,avaConv,onshore_a
ie,1,h0505,0.5559193583231924,scr1996,avaConv,onshore_a
ie,1,h0506,0.509375893294729,scr1996,avaConv,onshore_a
ie,1,h0507,0.47064032721320787,scr1996,avaConv,onshore_a
ie,1,h0508,0.4393416140405098,scr1996,avaConv,onshore_a
ie,1,h0509,0.410832400361922,scr1996,avaConv,onshore_a
ie,1,h0510,0.38472562943025723,scr1996,avaConv,onshore_a
ie,1,h0511,0.5387126728897188,scr1996,avaConv,onshore_a
ie,1,h0512,0.6902782640944225,scr1996,avaConv,onshore_a
ie,1,h0513,0.8366259346179016,scr1996,avaConv,onshore_a
ie,1,h0514,0.8050749124662957,scr1996,avaConv,onshore_a
ie,1,h0515,0.7643344936215843,scr1996,avaConv,onshore_a
ie,1,h0516,0.7463300859795402,scr1996,avaConv,onshore_a
ie,1,h0517,0.6857674289186283,scr1996,avaConv,onshore_a
ie,1,h0518,0.6203016773071531,scr1996,avaConv,onshore_a
ie,1,h0519,0.5471283657072301,scr1996,avaConv,onshore_a
ie,1,h0520,0.5181932899830716,scr1996,avaConv,onshore_a
ie,1,h0521,0.4770076164942522,scr1996,avaConv,onshore_a
ie,1,h0522,0.41511280354342317,scr1996,avaConv,onshore_a
ie,1,h0523,0.27063951138190045,scr1996,avaConv,onshore_a
ie,1,h0524,0.15390984334149801,scr1996,avaConv,onshore_a
ie,1,h0525,0.05632606726487817,scr1996,avaConv,onshore_a
ie,1,h0526,0.04883759238841797,scr1996,avaConv,onshore_a
ie,1,h0527,0.04503495805426253,scr1996,avaConv,onshore_a
ie,1,h0528,0.03919866181459341,scr1996,avaConv,onshore_a
ie,1,h0529,0.300648858650233,scr1996,avaConv,onshore_a
ie,1,h0530,0.5540652263867049,scr1996,avaConv,onshore_a
ie,1,h0531,0.8101677584706362,scr1996,avaConv,onshore_a
ie,1,h0532,0.813663322939634,scr1996,avaConv,onshore_a
ie,1,h0533,0.8219200391962574,scr1996,avaConv,onshore_a
ie,1,h0534,0.832136690789385,scr1996,avaConv,onshore_a
ie,1,h0535,0.8067748061891759,scr1996,avaConv,onshore_a
ie,1,h0536,0.7667915232607437,scr1996,avaConv,onshore_a
ie,1,h0537,0.702966946893243,scr1996,avaConv,onshore_a
ie,1,h0538,0.649012976821429,scr1996,avaConv,onshore_a
ie,1,h0539,0.5884934226949379,scr1996,avaConv,onshore_a
ie,1,h0540,0.5467448285228546,scr1996,avaConv,onshore_a
ie,1,h0541,0.419105630207219,scr1996,avaConv,onshore_a
ie,1,h0542,0.32300870927358494,scr1996,avaConv,onshore_a
ie,1,h0543,0.23426755363933288,scr1996,avaConv,onshore_a
ie,1,h0544,0.2833299182276644,scr1996,avaConv,onshore_a
ie,1,h0545,0.3377456237593722,scr1996,avaConv,onshore_a
ie,1,h0546,0.40263654615492644,scr1996,avaConv,onshore_a
ie,1,h0547,0.5641410200854121,scr1996,avaConv,onshore_a
ie,1,h0548,0.7161001411937125,scr1996,avaConv,onshore_a
ie,1,h0549,0.854679501918653,scr1996,avaConv,onshore_a
ie,1,h0550,0.8636036820105376,scr1996,avaConv,onshore_a
ie,1,h0551,0.8547554354395277,scr1996,avaConv,onshore_a
ie,1,h0552,0.8353608940128291,scr1996,avaConv,onshore_a
it_s,1,h0481,0.4554370829611328,scr1996,avaConv,onshore_a
it_s,1,h0482,0.2594270449906522,scr1996,avaConv,onshore_a
it_s,1,h0483,0.06232849867861812,scr1996,avaConv,onshore_a
it_s,1,h0484,0.06903915066826238,scr1996,avaConv,onshore_a
it_s,1,h0485,0.06868872851998654,scr1996,avaConv,onshore_a
it_s,1,h0486,0.059889261589410055,scr1996,avaConv,onshore_a
it_s,1,h0487,0.0725793593598443,scr1996,avaConv,onshore_a
it_s,1,h0488,0.09673466232792789,scr1996,avaConv,onshore_a
it_s,1,h0489,0.15083014295186808,scr1996,avaConv,onshore_a
it_s,1,h0490,0.20914568342549722,scr1996,avaConv,onshore_a
it_s,1,h0491,0.30470837532125766,scr1996,avaConv,onshore_a
it_s,1,h0492,0.4095506434906167,scr1996,avaConv,onshore_a
it_s,1,h0493,0.5766504950050201,scr1996,avaConv,onshore_a
it_s,1,h0494,0.6963746888603687,scr1996,avaConv,onshore_a
it_s,1,h0495,0.7793299749131553,scr1996,avaConv,onshore_a
it_s,1,h0496,0.7688691760214392,scr1996,avaConv,onshore_a
it_s,1,h0497,0.7507469276334111,scr1996,avaConv,onshore_a
it_s,1,h0498,0.7512103859745202,scr1996,avaConv,onshore_a
it_s,1,h0499,0.598562553916762,scr1996,avaConv,onshore_a
it_s,1,h0500,0.4762602245787336,scr1996,avaConv,onshore_a
it_s,1,h0501,0.3696394271713516,scr1996,avaConv,onshore_a
it_s,1,h0502,0.4593989157170179,scr1996,avaConv,onshore_a
it_s,1,h0503,0.5715916199112143,scr1996,avaConv,onshore_a
it_s,1,h0504,0.6557281236450967,scr1996,avaConv,onshore_a
it_s,1,h0505,0.5415768638739286,scr1996,avaConv,onshore_a
it_s,1,h0506,0.36886458584179715,scr1996,avaConv,onshore_a
it_s,1,h0507,0.17717390095412983,scr1996,avaConv,onshore_a
it_s,1,h0508,0.169156716231631,scr1996,avaConv,onshore_a
it_s,1,h0509,0.16613954598779568,scr1996,avaConv,onshore_a
it_s,1,h0510,0.1625650816198677,scr1996,avaConv,onshore_a
it_s,1,h0511,0.1562226775314707,scr1996,avaConv,onshore_a
it_s,1,h0512,0.13668760198212307,scr1996,avaConv,onshore_a
it_s,1,h0513,0.11060065157265554,scr1996,avaConv,onshore_a
it_s,1,h0514,0.08628326013914356,scr1996,avaConv,onshore_a
it_s,1,h0515,0.06913124171585153,scr1996,avaConv,onshore_a
it_s,1,h0516,0.06268242341229456,scr1996,avaConv,onshore_a
it_s,1,h0517,0.06369184486105325,scr1996,avaConv,onshore_a
it_s,1,h0518,0.0709662223299231,scr1996,avaConv,onshore_a
it_s,1,h0519,0.07038363398641122,scr1996,avaConv,onshore_a
it_s,1,h0520,0.056046958030107896,scr1996,avaConv,onshore_a
it_s,1,h0521,0.043058284549978426,scr1996,avaConv,onshore_a
it_s,1,h0522,0.03513736985675237,scr1996,avaConv,onshore_a
it_s,1,h0523,0.08310151680368055,scr1996,avaConv,onshore_a
it_s,1,h0524,0.13371686461050108,scr1996,avaConv,onshore_a
it_s,1,h0525,0.1895199171340029,scr1996,avaConv,onshore_a
it_s,1,h0526,0.2031207191818313,scr1996,avaConv,onshore_a
it_s,1,h0527,0.22603610242240865,scr1996,avaConv,onshore_a
it_s,1,h0528,0.2398708905837467,scr1996,avaConv,onshore_a
it_s,1,h0529,0.17478248129778937,scr1996,avaConv,onshore_a
it_s,1,h0530,0.09239559858138142,scr1996,avaConv,onshore_a
it_s,1,h0531,0.005404962572038814,scr1996,avaConv,onshore_a
it_s,1,h0532,0.006092942670445666,scr1996,avaConv,onshore_a
it_s,1,h0533,0.009815037797979721,scr1996,avaConv,onshore_a
it_s,1,h0534,0.013586036109228181,scr1996,avaConv,onshore_a
it_s,1,h0535,0.166035687174588,scr1996,avaConv,onshore_a
it_s,1,h0536,0.29174372205543836,scr1996,avaConv,onshore_a
it_s,1,h0537,0.413705638166265,scr1996,avaConv,onshore_a
it_s,1,h0538,0.4301173398068518,scr1996,avaConv,onshore_a
it_s,1,h0539,0.4936185619168949,scr1996,avaConv,onshore_a
it_s,1,h0540,0.5900141391116539,scr1996,avaConv,onshore_a
it_s,1,h0541,0.5173500086303877,scr1996,avaConv,onshore_a
it_s,1,h0542,0.42606240069052276,scr1996,avaConv,onshore_a
it_s,1,h0543,0.30243929522058877,scr1996,avaConv,onshore_a
it_s,1,h0544,0.3237496549967105,scr1996,avaConv,onshore_a
it_s,1,h0545,0.31014669063038347,scr1996,avaConv,onshore_a
it_s,1,h0546,0.26779871600337607,scr1996,avaConv,onshore_a
it_s,1,h0547,0.2384163839154747,scr1996,avaConv,onshore_a
it_s,1,h0548,0.2238719910537116,scr1996,avaConv,onshore_a
it_s,1,h0549,0.23335652769518,scr1996,avaConv,onshore_a
it_s,1,h0550,0.23723772097064977,scr1996,avaConv,onshore_a
it_s,1,h0551,0.26114597530477185,scr1996,avaConv,onshore_a
it_s,1,h0552,0.2829964121884237,scr1996,avaConv,onshore_a
it_cn,1,h0481,0.14753078820990678,scr1996,avaConv,onshore_a
it_cn,1,h0482,0.08118923378314875,scr1996,avaConv,onshore_a
it_cn,1,h0483,0.03472458365561332,scr1996,avaConv,onshore_a
it_cn,1,h0484,0.03522489619274751,scr1996,avaConv,onshore_a
it_cn,1,h0485,0.036695315512339025,scr1996,avaConv,onshore_a
it_cn,1,h0486,0.0455853102405425,scr1996,avaConv,onshore_a
it_cn,1,h0487,0.05729774075465164,scr1996,avaConv,onshore_a
it_cn,1,h0488,0.05770410682550763,scr1996,avaConv,onshore_a
it_cn,1,h0489,0.04474823725325448,scr1996,avaConv,onshore_a
it_cn,1,h0490,0.027825714018417852,scr1996,avaConv,onshore_a
it_cn,1,h0491,0.01956339215629814,scr1996,avaConv,onshore_a
it_cn,1,h0492,0.02665853459992619,scr1996,avaConv,onshore_a
it_cn,1,h0493,0.213834817560734,scr1996,avaConv,onshore_a
it_cn,1,h0494,0.36122419056079,scr1996,avaConv,onshore_a
it_cn,1,h0495,0.490141372562411,scr1996,avaConv,onshore_a
it_cn,1,h0496,0.45033603007823325,scr1996,avaConv,onshore_a
it_cn,1,h0497,0.4147490443496565,scr1996,avaConv,onshore_a
it_cn,1,h0498,0.37611817554271637,scr1996,avaConv,onshore_a
it_cn,1,h0499,0.3462326819892212,scr1996,avaConv,onshore_a
it_cn,1,h0500,0.3205412067042765,scr1996,avaConv,onshore_a
it_cn,1,h0501,0.29521495561448685,scr1996,avaConv,onshore_a
it_cn,1,h0502,0.284911748600433,scr1996,avaConv,onshore_a
it_cn,1,h0503,0.27813924172047166,scr1996,avaConv,onshore_a
it_cn,1,h0504,0.27384415331928097,scr1996,avaConv,onshore_a
it_cn,1,h0505,0.19340622445731342,scr1996,avaConv,onshore_a
it_cn,1,h0506,0.10664259382192369,scr1996,avaConv,onshore_a
it_cn,1,h0507,0.010938757793735418,scr1996,avaConv,onshore_a
it_cn,1,h0508,0.013082243236507071,scr1996,avaConv,onshore_a
it_cn,1,h0509,0.014415223770912896,scr1996,avaConv,onshore_a
it_cn,1,h0510,0.012737387138440767,scr1996,avaConv,onshore_a
it_cn,1,h0511,0.1465714347010899,scr1996,avaConv,onshore_a
it_cn,1,h0512,0.2521560768105983,scr1996,avaConv,onshore_a
it_cn,1,h0513,0.3774461933112501,scr1996,avaConv,onshore_a
it_cn,1,h0514,0.41327810048045294,scr1996,avaConv,onshore_a
it_cn,1,h0515,0.44007718068950685,scr1996,avaConv,onshore_a
it_cn,1,h0516,0.4633850753594938,scr1996,avaConv,onshore_a
it_cn,1,h0517,0.3561181010594181,scr1996,avaConv,onshore_a
it_cn,1,h0518,0.26275310182275496,scr1996,avaConv,onshore_a
it_cn,1,h0519,0.14147760052611322,scr1996,avaConv,onshore_a
it_cn,1,h0520,0.1395116689121032,scr1996,avaConv,onshore_a
it_cn,1,h0521,0.14519977318941232,scr1996,avaConv,onshore_a
it_cn,1,h0522,0.16142980535127743,scr1996,avaConv,onshore_a
it_cn,1,h0523,0.3288362999945498,scr1996,avaConv,onshore_a
it_cn,1,h0524,0.4610169369152526,scr1996,avaConv,onshore_a
it_cn,1,h0525,0.5668295214130993,scr1996,avaConv,onshore_a
it_cn,1,h0526,0.5312451854760736,scr1996,avaConv,onshore_a
it_cn,1,h0527,0.5027213693164402,scr1996,avaConv,onshore_a
it_cn,1,h0528,0.475726846463608,scr1996,avaConv,onshore_a
it_cn,1,h0529,0.33624306515835745,scr1996,avaConv,onshore_a
it_cn,1,h0530,0.19925263001044138,scr1996,avaConv,onshore_a
it_cn,1,h0531,0.06099065068154883,scr1996,avaConv,onshore_a
it_cn,1,h0532,0.07770398921796438,scr1996,avaConv,onshore_a
it_cn,1,h0533,0.09686580769481323,scr1996,avaConv,onshore_a
it_cn,1,h0534,0.11333797052078626,scr1996,avaConv,onshore_a
it_cn,1,h0535,0.1941628201324916,scr1996,avaConv,onshore_a
it_cn,1,h0536,0.24343861070604336,scr1996,avaConv,onshore_a
it_cn,1,h0537,0.2775636209992812,scr1996,avaConv,onshore_a
it_cn,1,h0538,0.2624834726212887,scr1996,avaConv,onshore_a
it_cn,1,h0539,0.2597054691449523,scr1996,avaConv,onshore_a
it_cn,1,h0540,0.27154224489321727,scr1996,avaConv,onshore_a
it_cn,1,h0541,0.22051904040533735,scr1996,avaConv,onshore_a
it_cn,1,h0542,0.16327397731071042,scr1996,avaConv,onshore_a
it_cn,1,h0543,0.08520613258708008,scr1996,avaConv,onshore_a
it_cn,1,h0544,0.052246721922010665,scr1996,avaConv,onshore_a
it_cn,1,h0545,0.027644279214429753,scr1996,avaConv,onshore_a
it_cn,1,h0546,0.01573764012672564,scr1996,avaConv,onshore_a
it_cn,1,h0547,0.016273234447462037,scr1996,avaConv,onshore_a
it_cn,1,h0548,0.016423839087558553,scr1996,avaConv,onshore_a
it_cn,1,h0549,0.016007304464719263,scr1996,avaConv,onshore_a
it_cn,1,h0550,0.014922104009332303,scr1996,avaConv,onshore_a
it_cn,1,h0551,0.02435044548228317,scr1996,avaConv,onshore_a
it_cn,1,h0552,0.03597402803318889,scr1996,avaConv,onshore_a
it_cs,1,h0481,0.49054593316113665,scr1996,avaConv,onshore_a
it_cs,1,h0482,0.2962551289204375,scr1996,avaConv,onshore_a
it_cs,1,h0483,0.027046854216431795,scr1996,avaConv,onshore_a
it_cs,1,h0484,0.02353116892632192,scr1996,avaConv,onshore_a
it_cs,1,h0485,0.02770590375112096,scr1996,avaConv,onshore_a
it_cs,1,h0486,0.0338267598023555,scr1996,avaConv,onshore_a
it_cs,1,h0487,0.11561333997952727,scr1996,avaConv,onshore_a
it_cs,1,h0488,0.1725177400266391,scr1996,avaConv,onshore_a
it_cs,1,h0489,0.24258613445232038,scr1996,avaConv,onshore_a
it_cs,1,h0490,0.27722969430425426,scr1996,avaConv,onshore_a
it_cs,1,h0491,0.3560020504322081,scr1996,avaConv,onshore_a
it_cs,1,h0492,0.4416829351470994,scr1996,avaConv,onshore_a
it_cs,1,h0493,0.5676446116196923,scr1996,avaConv,onshore_a
it_cs,1,h0494,0.6402503238329993,scr1996,avaConv,onshore_a
it_cs,1,h0495,0.6823458926274372,scr1996,avaConv,onshore_a
it_cs,1,h0496,0.6617640750261291,scr1996,avaConv,onshore_a
it_cs,1,h0497,0.649390476673484,scr1996,avaConv,onshore_a
it_cs,1,h0498,0.6441423202918145,scr1996,avaConv,onshore_a
it_cs,1,h0499,0.5537423925978314,scr1996,avaConv,onshore_a
it_cs,1,h0500,0.4728721646501533,scr1996,avaConv,onshore_a
it_cs,1,h0501,0.40795230173429886,scr1996,avaConv,onshore_a
it_cs,1,h0502,0.4636621094729543,scr1996,avaConv,onshore_a
it_cs,1,h0503,0.5275301071150588,scr1996,avaConv,onshore_a
it_cs,1,h0504,0.5563073475365311,scr1996,avaConv,onshore_a
it_cs,1,h0505,0.446971429268195,scr1996,avaConv,onshore_a
it_cs,1,h0506,0.29176878605272094,scr1996,avaConv,onshore_a
it_cs,1,h0507,0.1091407295258739,scr1996,avaConv,onshore_a
it_cs,1,h0508,0.10581143116723872,scr1996,avaConv,onshore_a
it_cs,1,h0509,0.10633491244175874,scr1996,avaConv,onshore_a
it_cs,1,h0510,0.09924303848066338,scr1996,avaConv,onshore_a
it_cs,1,h0511,0.11677913829532384,scr1996,avaConv,onshore_a
it_cs,1,h0512,0.11548185787036219,scr1996,avaConv,onshore_a
it_cs,1,h0513,0.102646773594895,scr1996,avaConv,onshore_a
it_cs,1,h0514,0.060009377164206915,scr1996,avaConv,onshore_a
it_cs,1,h0515,0.04778280287490649,scr1996,avaConv,onshore_a
it_cs,1,h0516,0.06659103094076717,scr1996,avaConv,onshore_a
it_cs,1,h0517,0.11146611277626166,scr1996,avaConv,onshore_a
it_cs,1,h0518,0.14225203644002793,scr1996,avaConv,onshore_a
it_cs,1,h0519,0.15346049853423976,scr1996,avaConv,onshore_a
it_cs,1,h0520,0.12419117865678098,scr1996,avaConv,onshore_a
it_cs,1,h0521,0.07862528208689845,scr1996,avaConv,onshore_a
it_cs,1,h0522,0.03802366056752892,scr1996,avaConv,onshore_a
it_cs,1,h0523,0.23539723514864427,scr1996,avaConv,onshore_a
it_cs,1,h0524,0.38487561468754206,scr1996,avaConv,onshore_a
it_cs,1,h0525,0.5199816660300899,scr1996,avaConv,onshore_a
it_cs,1,h0526,0.5299278447399215,scr1996,avaConv,onshore_a
it_cs,1,h0527,0.557636682036772,scr1996,avaConv,onshore_a
it_cs,1,h0528,0.5855013923252466,scr1996,avaConv,onshore_a
it_cs,1,h0529,0.46021919445152815,scr1996,avaConv,onshore_a
it_cs,1,h0530,0.2957416309828611,scr1996,avaConv,onshore_a
it_cs,1,h0531,0.06346650737409448,scr1996,avaConv,onshore_a
it_cs,1,h0532,0.07408413304409352,scr1996,avaConv,onshore_a
it_cs,1,h0533,0.08920006240598494,scr1996,avaConv,onshore_a
it_cs,1,h0534,0.09642802494395426,scr1996,avaConv,onshore_a
it_cs,1,h0535,0.34233510674459894,scr1996,avaConv,onshore_a
it_cs,1,h0536,0.5143026871658081,scr1996,avaConv,onshore_a
it_cs,1,h0537,0.6650008471077767,scr1996,avaConv,onshore_a
it_cs,1,h0538,0.6736357135657532,scr1996,avaConv,onshore_a
it_cs,1,h0539,0.7030215929196788,scr1996,avaConv,onshore_a
it_cs,1,h0540,0.7254929424930584,scr1996,avaConv,onshore_a
it_cs,1,h0541,0.642665758838568,scr1996,avaConv,onshore_a
it_cs,1,h0542,0.5513980884895031,scr1996,avaConv,onshore_a
it_cs,1,h0543,0.4542541625984979,scr1996,avaConv,onshore_a
it_cs,1,h0544,0.4344325582624956,scr1996,avaConv,onshore_a
it_cs,1,h0545,0.36880748077687414,scr1996,avaConv,onshore_a
it_cs,1,h0546,0.28848874492587856,scr1996,avaConv,onshore_a
it_cs,1,h0547,0.20913945752000657,scr1996,avaConv,onshore_a
it_cs,1,h0548,0.16111149630980923,scr1996,avaConv,onshore_a
it_cs,1,h0549,0.13255734708057756,scr1996,avaConv,onshore_a
it_cs,1,h0550,0.12291147682803233,scr1996,avaConv,onshore_a
it_cs,1,h0551,0.1487433210090237,scr1996,avaConv,onshore_a
it_cs,1,h0552,0.18763448543254807,scr1996,avaConv,onshore_a
it_n,1,h0481,0.32935672655575704,scr1996,avaConv,onshore_a
it_n,1,h0482,0.1883922911979026,scr1996,avaConv,onshore_a
it_n,1,h0483,0.0178569937015833,scr1996,avaConv,onshore_a
it_n,1,h0484,0.01873339741609091,scr1996,avaConv,onshore_a
it_n,1,h0485,0.016778643259932217,scr1996,avaConv,onshore_a
it_n,1,h0486,0.01422344124129739,scr1996,avaConv,onshore_a
it_n,1,h0487,0.16198024856427487,scr1996,avaConv,onshore_a
it_n,1,h0488,0.23996032833022973,scr1996,avaConv,onshore_a
it_n,1,h0489,0.2905262507469302,scr1996,avaConv,onshore_a
it_n,1,h0490,0.20775744559534298,scr1996,avaConv,onshore_a
it_n,1,h0491,0.14074034758558038,scr1996,avaConv,onshore_a
it_n,1,h0492,0.09026369231750703,scr1996,avaConv,onshore_a
it_n,1,h0493,0.0766077761055125,scr1996,avaConv,onshore_a
it_n,1,h0494,0.08205305941076896,scr1996,avaConv,onshore_a
it_n,1,h0495,0.08987009303681436,scr1996,avaConv,onshore_a
it_n,1,h0496,0.07931777629778168,scr1996,avaConv,onshore_a
it_n,1,h0497,0.07305435095055857,scr1996,avaConv,onshore_a
it_n,1,h0498,0.07063616712126784,scr1996,avaConv,onshore_a
it_n,1,h0499,0.06324363571574555,scr1996,avaConv,onshore_a
it_n,1,h0500,0.05088793655173131,scr1996,avaConv,onshore_a
it_n,1,h0501,0.04304460299276907,scr1996,avaConv,onshore_a
it_n,1,h0502,0.044895026829050055,scr1996,avaConv,onshore_a
it_n,1,h0503,0.045796813057452604,scr1996,avaConv,onshore_a
it_n,1,h0504,0.0358874409916434,scr1996,avaConv,onshore_a
it_n,1,h0505,0.02203356893786354,scr1996,avaConv,onshore_a
it_n,1,h0506,0.010828963458214382,scr1996,avaConv,onshore_a
it_n,1,h0507,0.002238961581132539,scr1996,avaConv,onshore_a
it_n,1,h0508,0.004011587833122075,scr1996,avaConv,onshore_a
it_n,1,h0509,0.0033003520871931723,scr1996,avaConv,onshore_a
it_n,1,h0510,0.0002708184564343191,scr1996,avaConv,onshore_a
it_n,1,h0511,0.25423394200766103,scr1996,avaConv,onshore_a
it_n,1,h0512,0.4323775993452385,scr1996,avaConv,onshore_a
it_n,1,h0513,0.5700864011318446,scr1996,avaConv,onshore_a
it_n,1,h0514,0.5503370995341309,scr1996,avaConv,onshore_a
it_n,1,h0515,0.5404684763180447,scr1996,avaConv,onshore_a
it_n,1,h0516,0.5740412174061851,scr1996,avaConv,onshore_a
it_n,1,h0517,0.6150017120986139,scr1996,avaConv,onshore_a
it_n,1,h0518,0.6592362934557463,scr1996,avaConv,onshore_a
it_n,1,h0519,0.690290712717733,scr1996,avaConv,onshore_a
it_n,1,h0520,0.6979252057883588,scr1996,avaConv,onshore_a
it_n,1,h0521,0.6938565906245173,scr1996,avaConv,onshore_a
it_n,1,h0522,0.6758678051233756,scr1996,avaConv,onshore_a
it_n,1,h0523,0.5196206297468489,scr1996,avaConv,onshore_a
it_n,1,h0524,0.348119302383525,scr1996,avaConv,onshore_a
it_n,1,h0525,0.15560572510288762,scr1996,avaConv,onshore_a
it_n,1,h0526,0.1427370127325776,scr1996,avaConv,onshore_a
it_n,1,h0527,0.14728922133483202,scr1996,avaConv,onshore_a
it_n,1,h0528,0.15862989171966693,scr1996,avaConv,onshore_a
it_n,1,h0529,0.15779595218724954,scr1996,avaConv,onshore_a
it_n,1,h0530,0.16582362217072133,scr1996,avaConv,onshore_a
it_n,1,h0531,0.17071701189173014,scr1996,avaConv,onshore_a
it_n,1,h0532,0.17609920168105017,scr1996,avaConv,onshore_a
it_n,1,h0533,0.1660134713852255,scr1996,avaConv,onshore_a
it_n,1,h0534,0.1535384421728097,scr1996,avaConv,onshore_a
it_n,1,h0535,0.24398583202241061,scr1996,avaConv,onshore_a
it_n,1,h0536,0.3287217540233613,scr1996,avaConv,onshore_a
it_n,1,h0537,0.41004948013260467,scr1996,avaConv,onshore_a
it_n,1,h0538,0.40211252341821857,scr1996,avaConv,onshore_a
it_n,1,h0539,0.38711028035721035,scr1996,avaConv,onshore_a
it_n,1,h0540,0.3654041886649799,scr1996,avaConv,onshore_a
it_n,1,h0541,0.276743156711637,scr1996,avaConv,onshore_a
it_n,1,h0542,0.19304995918045859,scr1996,avaConv,onshore_a
it_n,1,h0543,0.11434556625930865,scr1996,avaConv,onshore_a
it_n,1,h0544,0.11627442147046217,scr1996,avaConv,onshore_a
it_n,1,h0545,0.10382763961216358,scr1996,avaConv,onshore_a
it_n,1,h0546,0.08127150441919548,scr1996,avaConv,onshore_a
it_n,1,h0547,0.07102086830211289,scr1996,avaConv,onshore_a
it_n,1,h0548,0.06599444830154653,scr1996,avaConv,onshore_a
it_n,1,h0549,0.06348314080292941,scr1996,avaConv,onshore_a
it_n,1,h0550,0.061902349274934494,scr1996,avaConv,onshore_a
it_n,1,h0551,0.09937080854222947,scr1996,avaConv,onshore_a
it_n,1,h0552,0.1278876498560876,scr1996,avaConv,onshore_a
it_sar,1,h0481,0.6219676499671193,scr1996,avaConv,onshore_a
it_sar,1,h0482,0.3482912855504033,scr1996,avaConv,onshore_a
it_sar,1,h0483,0.021568828036382257,scr1996,avaConv,onshore_a
it_sar,1,h0484,0.013892092066609069,scr1996,avaConv,onshore_a
it_sar,1,h0485,0.009827091314273634,scr1996,avaConv,onshore_a
it_sar,1,h0486,0.006285190087930508,scr1996,avaConv,onshore_a
it_sar,1,h0487,0.1435023549793631,scr1996,avaConv,onshore_a
it_sar,1,h0488,0.25111202527339704,scr1996,avaConv,onshore_a
it_sar,1,h0489,0.40705748571932165,scr1996,avaConv,onshore_a
it_sar,1,h0490,0.4516909041199051,scr1996,avaConv,onshore_a
it_sar,1,h0491,0.49579606695174916,scr1996,avaConv,onshore_a
it_sar,1,h0492,0.47598396547421506,scr1996,avaConv,onshore_a
it_sar,1,h0493,0.6084460345922164,scr1996,avaConv,onshore_a
it_sar,1,h0494,0.7440765110921778,scr1996,avaConv,onshore_a
it_sar,1,h0495,0.8848573130999429,scr1996,avaConv,onshore_a
it_sar,1,h0496,0.8831243284851134,scr1996,avaConv,onshore_a
it_sar,1,h0497,0.8776122046645483,scr1996,avaConv,onshore_a
it_sar,1,h0498,0.8730209332366252,scr1996,avaConv,onshore_a
it_sar,1,h0499,0.6841539212170319,scr1996,avaConv,onshore_a
it_sar,1,h0500,0.4724575428433818,scr1996,avaConv,onshore_a
it_sar,1,h0501,0.2355486491020367,scr1996,avaConv,onshore_a
it_sar,1,h0502,0.2053077142323626,scr1996,avaConv,onshore_a
it_sar,1,h0503,0.1788655554960845,scr1996,avaConv,onshore_a
it_sar,1,h0504,0.15318148512016927,scr1996,avaConv,onshore_a
it_sar,1,h0505,0.09815420331709722,scr1996,avaConv,onshore_a
it_sar,1,h0506,0.051881449913302936,scr1996,avaConv,onshore_a
it_sar,1,h0507,0.0028499009055036892,scr1996,avaConv,onshore_a
it_sar,1,h0508,0.0030989898062890424,scr1996,avaConv,onshore_a
it_sar,1,h0509,0.0029891744641991885,scr1996,avaConv,onshore_a
it_sar,1,h0510,0.0024261524809191526,scr1996,avaConv,onshore_a
it_sar,1,h0511,0.029881704368801772,scr1996,avaConv,onshore_a
it_sar,1,h0512,0.041213123359475,scr1996,avaConv,onshore_a
it_sar,1,h0513,0.043672981194344304,scr1996,avaConv,onshore_a
it_sar,1,h0514,0.019684956618026012,scr1996,avaConv,onshore_a
it_sar,1,h0515,0.006502303979152361,scr1996,avaConv,onshore_a
it_sar,1,h0516,0.00904631499278322,scr1996,avaConv,onshore_a
it_sar,1,h0517,0.17422020792628365,scr1996,avaConv,onshore_a
it_sar,1,h0518,0.35108265595079013,scr1996,avaConv,onshore_a
it_sar,1,h0519,0.5392440869356894,scr1996,avaConv,onshore_a
it_sar,1,h0520,0.6160264515494741,scr1996,avaConv,onshore_a
it_sar,1,h0521,0.6394076763664515,scr1996,avaConv,onshore_a
it_sar,1,h0522,0.6280191221517818,scr1996,avaConv,onshore_a
it_sar,1,h0523,0.5145279564801782,scr1996,avaConv,onshore_a
it_sar,1,h0524,0.40573320279403163,scr1996,avaConv,onshore_a
it_sar,1,h0525,0.28948619763532646,scr1996,avaConv,onshore_a
it_sar,1,h0526,0.2628493214625318,scr1996,avaConv,onshore_a
it_sar,1,h0527,0.2458452063712894,scr1996,avaConv,onshore_a
it_sar,1,h0528,0.22469608125243992,scr1996,avaConv,onshore_a
it_sar,1,h0529,0.22889936460937443,scr1996,avaConv,onshore_a
it_sar,1,h0530,0.22911998833285144,scr1996,avaConv,onshore_a
it_sar,1,h0531,0.2576993308112243,scr1996,avaConv,onshore_a
it_sar,1,h0532,0.2874604713539484,scr1996,avaConv,onshore_a
it_sar,1,h0533,0.33248893188074946,scr1996,avaConv,onshore_a
it_sar,1,h0534,0.3767984624450281,scr1996,avaConv,onshore_a
it_sar,1,h0535,0.5450841815118929,scr1996,avaConv,onshore_a
it_sar,1,h0536,0.7005123485473365,scr1996,avaConv,onshore_a
it_sar,1,h0537,0.8478778184067415,scr1996,avaConv,onshore_a
it_sar,1,h0538,0.8675742082274475,scr1996,avaConv,onshore_a
it_sar,1,h0539,0.8817504288121962,scr1996,avaConv,onshore_a
it_sar,1,h0540,0.8863652775469459,scr1996,avaConv,onshore_a
it_sar,1,h0541,0.8847940066389672,scr1996,avaConv,onshore_a
it_sar,1,h0542,0.8804434059579775,scr1996,avaConv,onshore_a
it_sar,1,h0543,0.8745355395071096,scr1996,avaConv,onshore_a
it_sar,1,h0544,0.8639606565632765,scr1996,avaConv,onshore_a
it_sar,1,h0545,0.8560343388314577,scr1996,avaConv,onshore_a
it_sar,1,h0546,0.8470231343194383,scr1996,avaConv,onshore_a
it_sar,1,h0547,0.601016802435827,scr1996,avaConv,onshore_a
it_sar,1,h0548,0.3329816979135151,scr1996,avaConv,onshore_a
it_sar,1,h0549,0.008812233423232198,scr1996,avaConv,onshore_a
it_sar,1,h0550,0.005621948361374197,scr1996,avaConv,onshore_a
it_sar,1,h0551,0.007845448206163563,scr1996,avaConv,onshore_a
it_sar,1,h0552,0.01622082141360479,scr1996,avaConv,onshore_a
it_sic,1,h0481,0.4988083496691002,scr1996,avaConv,onshore_a
it_sic,1,h0482,0.3115549925401076,scr1996,avaConv,onshore_a
it_sic,1,h0483,0.0588690893125706,scr1996,avaConv,onshore_a
it_sic,1,h0484,0.04766723074199008,scr1996,avaConv,onshore_a
it_sic,1,h0485,0.038647115854688996,scr1996,avaConv,onshore_a
it_sic,1,h0486,0.028586998630471847,scr1996,avaConv,onshore_a
it_sic,1,h0487,0.09972709162011138,scr1996,avaConv,onshore_a
it_sic,1,h0488,0.1535738964274054,scr1996,avaConv,onshore_a
it_sic,1,h0489,0.23632516074910473,scr1996,avaConv,onshore_a
it_sic,1,h0490,0.29778807852764505,scr1996,avaConv,onshore_a
it_sic,1,h0491,0.3497953099406759,scr1996,avaConv,onshore_a
it_sic,1,h0492,0.3961595222194956,scr1996,avaConv,onshore_a
it_sic,1,h0493,0.5782620281568062,scr1996,avaConv,onshore_a
it_sic,1,h0494,0.7396635571890724,scr1996,avaConv,onshore_a
it_sic,1,h0495,0.8663374143830543,scr1996,avaConv,onshore_a
it_sic,1,h0496,0.8516043628964336,scr1996,avaConv,onshore_a
it_sic,1,h0497,0.8267587479122283,scr1996,avaConv,onshore_a
it_sic,1,h0498,0.7963393172699622,scr1996,avaConv,onshore_a
it_sic,1,h0499,0.7526726544643147,scr1996,avaConv,onshore_a
it_sic,1,h0500,0.7308290597766659,scr1996,avaConv,onshore_a
it_sic,1,h0501,0.7201378285409145,scr1996,avaConv,onshore_a
it_sic,1,h0502,0.7186882002086629,scr1996,avaConv,onshore_a
it_sic,1,h0503,0.6731248923108234,scr1996,avaConv,onshore_a
it_sic,1,h0504,0.6184088518044639,scr1996,avaConv,onshore_a
it_sic,1,h0505,0.47995297315164165,scr1996,avaConv,onshore_a
it_sic,1,h0506,0.36372493062002714,scr1996,avaConv,onshore_a
it_sic,1,h0507,0.23953123651513006,scr1996,avaConv,onshore_a
it_sic,1,h0508,0.22981736982322243,scr1996,avaConv,onshore_a
it_sic,1,h0509,0.2283380728463775,scr1996,avaConv,onshore_a
it_sic,1,h0510,0.22825364398808015,scr1996,avaConv,onshore_a
it_sic,1,h0511,0.1723169645271166,scr1996,avaConv,onshore_a
it_sic,1,h0512,0.10762190701199255,scr1996,avaConv,onshore_a
it_sic,1,h0513,0.00956086455776279,scr1996,avaConv,onshore_a
it_sic,1,h0514,0.014794391511033365,scr1996,avaConv,onshore_a
it_sic,1,h0515,0.04904297782375341,scr1996,avaConv,onshore_a
it_sic,1,h0516,0.08465355002273256,scr1996,avaConv,onshore_a
it_sic,1,h0517,0.15507694127869573,scr1996,avaConv,onshore_a
it_sic,1,h0518,0.1997744841481929,scr1996,avaConv,onshore_a
it_sic,1,h0519,0.23570972174709223,scr1996,avaConv,onshore_a
it_sic,1,h0520,0.24342736766984968,scr1996,avaConv,onshore_a
it_sic,1,h0521,0.243755442876893,scr1996,avaConv,onshore_a
it_sic,1,h0522,0.24438764648361774,scr1996,avaConv,onshore_a
it_sic,1,h0523,0.47697605274281046,scr1996,avaConv,onshore_a
it_sic,1,h0524,0.6706419404196197,scr1996,avaConv,onshore_a
it_sic,1,h0525,0.8399435185519847,scr1996,avaConv,onshore_a
it_sic,1,h0526,0.8295164139161597,scr1996,avaConv,onshore_a
it_sic,1,h0527,0.8316079952562436,scr1996,avaConv,onshore_a
it_sic,1,h0528,0.8344365746282172,scr1996,avaConv,onshore_a
it_sic,1,h0529,0.6513264838820839,scr1996,avaConv,onshore_a
it_sic,1,h0530,0.4371670417527507,scr1996,avaConv,onshore_a
it_sic,1,h0531,0.17087268962585872,scr1996,avaConv,onshore_a
it_sic,1,h0532,0.19152161372908943,scr1996,avaConv,onshore_a
it_sic,1,h0533,0.221784300456924,scr1996,avaConv,onshore_a
it_sic,1,h0534,0.26413253096275924,scr1996,avaConv,onshore_a
it_sic,1,h0535,0.3038553559460017,scr1996,avaConv,onshore_a
it_sic,1,h0536,0.3568393997414581,scr1996,avaConv,onshore_a
it_sic,1,h0537,0.41550431434032853,scr1996,avaConv,onshore_a
it_sic,1,h0538,0.5026672872515938,scr1996,avaConv,onshore_a
it_sic,1,h0539,0.6040924459333195,scr1996,avaConv,onshore_a
it_sic,1,h0540,0.686773964607343,scr1996,avaConv,onshore_a
it_sic,1,h0541,0.7021423474139259,scr1996,avaConv,onshore_a
it_sic,1,h0542,0.6938591795275827,scr1996,avaConv,onshore_a
it_sic,1,h0543,0.6674716695124385,scr1996,avaConv,onshore_a
it_sic,1,h0544,0.6587759711013509,scr1996,avaConv,onshore_a
it_sic,1,h0545,0.6169898363837998,scr1996,avaConv,onshore_a
it_sic,1,h0546,0.5664313995613972,scr1996,avaConv,onshore_a
it_sic,1,h0547,0.4241023059447187,scr1996,avaConv,onshore_a
it_sic,1,h0548,0.27763987482514874,scr1996,avaConv,onshore_a
it_sic,1,h0549,0.11671264052417021,scr1996,avaConv,onshore_a
it_sic,1,h0550,0.10496950719778556,scr1996,avaConv,onshore_a
it_sic,1,h0551,0.0907829375702906,scr1996,avaConv,onshore_a
it_sic,1,h0552,0.08663457509883406,scr1996,avaConv,onshore_a
lt,1,h0481,0.6984395408657096,scr1996,avaConv,onshore_a
lt,1,h0482,0.7121010201828525,scr1996,avaConv,onshore_a
lt,1,h0483,0.7418790617904532,scr1996,avaConv,onshore_a
lt,1,h0484,0.7352068327355642,scr1996,avaConv,onshore_a
lt,1,h0485,0.7301955508017686,scr1996,avaConv,onshore_a
lt,1,h0486,0.7166481255636273,scr1996,avaConv,onshore_a
lt,1,h0487,0.6204577787589333,scr1996,avaConv,onshore_a
lt,1,h0488,0.5155412318078798,scr1996,avaConv,onshore_a
lt,1,h0489,0.4190924307956322,scr1996,avaConv,onshore_a
lt,1,h0490,0.4087749605578898,scr1996,avaConv,onshore_a
lt,1,h0491,0.40347590796667765,scr1996,avaConv,onshore_a
lt,1,h0492,0.37898507082457045,scr1996,avaConv,onshore_a
lt,1,h0493,0.31183795249874374,scr1996,avaConv,onshore_a
lt,1,h0494,0.2545879401391344,scr1996,avaConv,onshore_a
lt,1,h0495,0.23246399967314016,scr1996,avaConv,onshore_a
lt,1,h0496,0.2637017367495662,scr1996,avaConv,onshore_a
lt,1,h0497,0.3132981810083784,scr1996,avaConv,onshore_a
lt,1,h0498,0.3762618562717535,scr1996,avaConv,onshore_a
lt,1,h0499,0.32466993320073934,scr1996,avaConv,onshore_a
lt,1,h0500,0.24588033194801762,scr1996,avaConv,onshore_a
lt,1,h0501,0.12608488789269467,scr1996,avaConv,onshore_a
lt,1,h0502,0.12392436548546677,scr1996,avaConv,onshore_a
lt,1,h0503,0.10478010219208855,scr1996,avaConv,onshore_a
lt,1,h0504,0.084779304618352,scr1996,avaConv,onshore_a
lt,1,h0505,0.38875436179029915,scr1996,avaConv,onshore_a
lt,1,h0506,0.6677554409106675,scr1996,avaConv,onshore_a
lt,1,h0507,0.9303637464647118,scr1996,avaConv,onshore_a
lt,1,h0508,0.9320393445434202,scr1996,avaConv,onshore_a
lt,1,h0509,0.9331282425097904,scr1996,avaConv,onshore_a
lt,1,h0510,0.9326025368536149,scr1996,avaConv,onshore_a
lt,1,h0511,0.811925157308143,scr1996,avaConv,onshore_a
lt,1,h0512,0.6992679602134136,scr1996,avaConv,onshore_a
lt,1,h0513,0.5899852020621039,scr1996,avaConv,onshore_a
lt,1,h0514,0.5929689751943503,scr1996,avaConv,onshore_a
lt,1,h0515,0.5716703806399799,scr1996,avaConv,onshore_a
lt,1,h0516,0.5497765866700167,scr1996,avaConv,onshore_a
lt,1,h0517,0.3933031774162245,scr1996,avaConv,onshore_a
lt,1,h0518,0.2404947793634985,scr1996,avaConv,onshore_a
lt,1,h0519,0.05839789253320849,scr1996,avaConv,onshore_a
lt,1,h0520,0.056298780054058896,scr1996,avaConv,onshore_a
lt,1,h0521,0.0613293022882298,scr1996,avaConv,onshore_a
lt,1,h0522,0.07634115403590333,scr1996,avaConv,onshore_a
lt,1,h0523,0.2765362122542366,scr1996,avaConv,onshore_a
lt,1,h0524,0.45859552409146614,scr1996,avaConv,onshore_a
lt,1,h0525,0.6244400672802669,scr1996,avaConv,onshore_a
lt,1,h0526,0.6297173793600215,scr1996,avaConv,onshore_a
lt,1,h0527,0.6261621793999759,scr1996,avaConv,onshore_a
lt,1,h0528,0.602513488739546,scr1996,avaConv,onshore_a
lt,1,h0529,0.6261148045221709,scr1996,avaConv,onshore_a
lt,1,h0530,0.6336953354196052,scr1996,avaConv,onshore_a
lt,1,h0531,0.654689983763874,scr1996,avaConv,onshore_a
lt,1,h0532,0.6336901024236503,scr1996,avaConv,onshore_a
lt,1,h0533,0.6398160571357323,scr1996,avaConv,onshore_a
lt,1,h0534,0.6566121401202366,scr1996,avaConv,onshore_a
lt,1,h0535,0.5846677397016209,scr1996,avaConv,onshore_a
lt,1,h0536,0.48622941669380865,scr1996,avaConv,onshore_a
lt,1,h0537,0.357473104067067,scr1996,avaConv,onshore_a
lt,1,h0538,0.29806552127931923,scr1996,avaConv,onshore_a
lt,1,h0539,0.25165858105733624,scr1996,avaConv,onshore_a
lt,1,h0540,0.23281420752936344,scr1996,avaConv,onshore_a
lt,1,h0541,0.19122222739081382,scr1996,avaConv,onshore_a
lt,1,h0542,0.15705962413991617,scr1996,avaConv,onshore_a
lt,1,h0543,0.12486858134128194,scr1996,avaConv,onshore_a
lt,1,h0544,0.15293529406945125,scr1996,avaConv,onshore_a
lt,1,h0545,0.17360042926744645,scr1996,avaConv,onshore_a
lt,1,h0546,0.18171568937081614,scr1996,avaConv,onshore_a
lt,1,h0547,0.22379248865531493,scr1996,avaConv,onshore_a
lt,1,h0548,0.2658169352590633,scr1996,avaConv,onshore_a
lt,1,h0549,0.31264953696658665,scr1996,avaConv,onshore_a
lt,1,h0550,0.3137289239903177,scr1996,avaConv,onshore_a
lt,1,h0551,0.3157773436483349,scr1996,avaConv,onshore_a
lt,1,h0552,0.318582030298397,scr1996,avaConv,onshore_a
lu,1,h0481,0.6396462388644629,scr1996,avaConv,onshore_a
lu,1,h0482,0.6016216824392339,scr1996,avaConv,onshore_a
lu,1,h0483,0.5829055744785986,scr1996,avaConv,onshore_a
lu,1,h0484,0.520101978183452,scr1996,avaConv,onshore_a
lu,1,h0485,0.4670101391258404,scr1996,avaConv,onshore_a
lu,1,h0486,0.4475192066716055,scr1996,avaConv,onshore_a
lu,1,h0487,0.3491617068083302,scr1996,avaConv,onshore_a
lu,1,h0488,0.24135603198551253,scr1996,avaConv,onshore_a
lu,1,h0489,0.10174774660171114,scr1996,avaConv,onshore_a
lu,1,h0490,0.0633486668299751,scr1996,avaConv,onshore_a
lu,1,h0491,0.03125789809813874,scr1996,avaConv,onshore_a
lu,1,h0492,0.016891195955042626,scr1996,avaConv,onshore_a
lu,1,h0493,0.009268443861172933,scr1996,avaConv,onshore_a
lu,1,h0494,0.005656672994033467,scr1996,avaConv,onshore_a
lu,1,h0495,0.0,scr1996,avaConv,onshore_a
lu,1,h0496,0.0,scr1996,avaConv,onshore_a
lu,1,h0497,0.0028735691707181014,scr1996,avaConv,onshore_a
lu,1,h0498,0.0075878939607737245,scr1996,avaConv,onshore_a
lu,1,h0499,0.1175329658877744,scr1996,avaConv,onshore_a
lu,1,h0500,0.21881251249192626,scr1996,avaConv,onshore_a
lu,1,h0501,0.3230376439996896,scr1996,avaConv,onshore_a
lu,1,h0502,0.35910638560990266,scr1996,avaConv,onshore_a
lu,1,h0503,0.41814153702596907,scr1996,avaConv,onshore_a
lu,1,h0504,0.5286350216488788,scr1996,avaConv,onshore_a
lu,1,h0505,0.703741072468514,scr1996,avaConv,onshore_a
lu,1,h0506,0.8440649440282582,scr1996,avaConv,onshore_a
lu,1,h0507,0.9196562976731132,scr1996,avaConv,onshore_a
lu,1,h0508,0.9035645288960045,scr1996,avaConv,onshore_a
lu,1,h0509,0.8806400781223003,scr1996,avaConv,onshore_a
lu,1,h0510,0.8442104974934057,scr1996,avaConv,onshore_a
lu,1,h0511,0.5773934162598496,scr1996,avaConv,onshore_a
lu,1,h0512,0.30374453940054347,scr1996,avaConv,onshore_a
lu,1,h0513,0.00775523945437496,scr1996,avaConv,onshore_a
lu,1,h0514,0.010069636677416938,scr1996,avaConv,onshore_a
lu,1,h0515,0.011014052949151726,scr1996,avaConv,onshore_a
lu,1,h0516,0.01992136999760565,scr1996,avaConv,onshore_a
lu,1,h0517,0.03872989107555591,scr1996,avaConv,onshore_a
lu,1,h0518,0.05695892145332553,scr1996,avaConv,onshore_a
lu,1,h0519,0.07966969826136897,scr1996,avaConv,onshore_a
lu,1,h0520,0.09094451357219441,scr1996,avaConv,onshore_a
lu,1,h0521,0.09895018088796792,scr1996,avaConv,onshore_a
lu,1,h0522,0.09910067007558986,scr1996,avaConv,onshore_a
lu,1,h0523,0.07196998799872403,scr1996,avaConv,onshore_a
lu,1,h0524,0.04532246430842446,scr1996,avaConv,onshore_a
lu,1,h0525,0.010152692120023355,scr1996,avaConv,onshore_a
lu,1,h0526,0.007067716558418861,scr1996,avaConv,onshore_a
lu,1,h0527,0.0071759111260390465,scr1996,avaConv,onshore_a
lu,1,h0528,0.0060323599569172565,scr1996,avaConv,onshore_a
lu,1,h0529,0.12855986853054593,scr1996,avaConv,onshore_a
lu,1,h0530,0.23352666247876336,scr1996,avaConv,onshore_a
lu,1,h0531,0.33326431932646083,scr1996,avaConv,onshore_a
lu,1,h0532,0.32746238048316256,scr1996,avaConv,onshore_a
lu,1,h0533,0.314375047336814,scr1996,avaConv,onshore_a
lu,1,h0534,0.30865100861600464,scr1996,avaConv,onshore_a
lu,1,h0535,0.3017505279565068,scr1996,avaConv,onshore_a
lu,1,h0536,0.29288808536210537,scr1996,avaConv,onshore_a
lu,1,h0537,0.26748356909188514,scr1996,avaConv,onshore_a
lu,1,h0538,0.22136100767559705,scr1996,avaConv,onshore_a
lu,1,h0539,0.18427693908893222,scr1996,avaConv,onshore_a
lu,1,h0540,0.14432729644134507,scr1996,avaConv,onshore_a
lu,1,h0541,0.26114525118148785,scr1996,avaConv,onshore_a
lu,1,h0542,0.3719479603123875,scr1996,avaConv,onshore_a
lu,1,h0543,0.48833697336540705,scr1996,avaConv,onshore_a
lu,1,h0544,0.4920229987867108,scr1996,avaConv,onshore_a
lu,1,h0545,0.48586501251569825,scr1996,avaConv,onshore_a
lu,1,h0546,0.46211043363237014,scr1996,avaConv,onshore_a
lu,1,h0547,0.3171499292066372,scr1996,avaConv,onshore_a
lu,1,h0548,0.18310471937065728,scr1996,avaConv,onshore_a
lu,1,h0549,0.06783768590226409,scr1996,avaConv,onshore_a
lu,1,h0550,0.09941847824090563,scr1996,avaConv,onshore_a
lu,1,h0551,0.1167964148760269,scr1996,avaConv,onshore_a
lu,1,h0552,0.1493829023438826,scr1996,avaConv,onshore_a
lv,1,h0481,0.3917252223335492,scr1996,avaConv,onshore_a
lv,1,h0482,0.5029365686524451,scr1996,avaConv,onshore_a
lv,1,h0483,0.6107824318542172,scr1996,avaConv,onshore_a
lv,1,h0484,0.5770095999397439,scr1996,avaConv,onshore_a
lv,1,h0485,0.5501937467085577,scr1996,avaConv,onshore_a
lv,1,h0486,0.5293416604097851,scr1996,avaConv,onshore_a
lv,1,h0487,0.4165234744226403,scr1996,avaConv,onshore_a
lv,1,h0488,0.3166147443977591,scr1996,avaConv,onshore_a
lv,1,h0489,0.2256126383425337,scr1996,avaConv,onshore_a
lv,1,h0490,0.23894698455896024,scr1996,avaConv,onshore_a
lv,1,h0491,0.24712936913790629,scr1996,avaConv,onshore_a
lv,1,h0492,0.2318026783941258,scr1996,avaConv,onshore_a
lv,1,h0493,0.16089144771555522,scr1996,avaConv,onshore_a
lv,1,h0494,0.08505948741120022,scr1996,avaConv,onshore_a
lv,1,h0495,0.01519878490837864,scr1996,avaConv,onshore_a
lv,1,h0496,0.023682030338868742,scr1996,avaConv,onshore_a
lv,1,h0497,0.044932952876578454,scr1996,avaConv,onshore_a
lv,1,h0498,0.07796427435930668,scr1996,avaConv,onshore_a
lv,1,h0499,0.123900559287856,scr1996,avaConv,onshore_a
lv,1,h0500,0.15410631208900594,scr1996,avaConv,onshore_a
lv,1,h0501,0.16330244167910052,scr1996,avaConv,onshore_a
lv,1,h0502,0.1475579307438102,scr1996,avaConv,onshore_a
lv,1,h0503,0.11788299666397244,scr1996,avaConv,onshore_a
lv,1,h0504,0.09062288631723427,scr1996,avaConv,onshore_a
lv,1,h0505,0.37194122936787166,scr1996,avaConv,onshore_a
lv,1,h0506,0.6431300424418662,scr1996,avaConv,onshore_a
lv,1,h0507,0.9065998255091956,scr1996,avaConv,onshore_a
lv,1,h0508,0.9249373516586411,scr1996,avaConv,onshore_a
lv,1,h0509,0.9365943462471685,scr1996,avaConv,onshore_a
lv,1,h0510,0.9393712141995978,scr1996,avaConv,onshore_a
lv,1,h0511,0.7167406515034915,scr1996,avaConv,onshore_a
lv,1,h0512,0.48126421073102615,scr1996,avaConv,onshore_a
lv,1,h0513,0.22707548153047807,scr1996,avaConv,onshore_a
lv,1,h0514,0.22230196375216837,scr1996,avaConv,onshore_a
lv,1,h0515,0.2179611020597242,scr1996,avaConv,onshore_a
lv,1,h0516,0.22374489628464397,scr1996,avaConv,onshore_a
lv,1,h0517,0.19665677807994247,scr1996,avaConv,onshore_a
lv,1,h0518,0.16894129117624443,scr1996,avaConv,onshore_a
lv,1,h0519,0.1282972965325221,scr1996,avaConv,onshore_a
lv,1,h0520,0.12690432147519834,scr1996,avaConv,onshore_a
lv,1,h0521,0.13552903950975687,scr1996,avaConv,onshore_a
lv,1,h0522,0.15559367671309948,scr1996,avaConv,onshore_a
lv,1,h0523,0.2438625334460023,scr1996,avaConv,onshore_a
lv,1,h0524,0.3339967721159274,scr1996,avaConv,onshore_a
lv,1,h0525,0.42116513433424363,scr1996,avaConv,onshore_a
lv,1,h0526,0.44345601272193125,scr1996,avaConv,onshore_a
lv,1,h0527,0.45390075668496255,scr1996,avaConv,onshore_a
lv,1,h0528,0.4493456092048805,scr1996,avaConv,onshore_a
lv,1,h0529,0.48473462389751043,scr1996,avaConv,onshore_a
lv,1,h0530,0.5117263371207016,scr1996,avaConv,onshore_a
lv,1,h0531,0.5462356929416977,scr1996,avaConv,onshore_a
lv,1,h0532,0.5376510333410232,scr1996,avaConv,onshore_a
lv,1,h0533,0.5366532734482824,scr1996,avaConv,onshore_a
lv,1,h0534,0.5362892617769485,scr1996,avaConv,onshore_a
lv,1,h0535,0.4344219847312753,scr1996,avaConv,onshore_a
lv,1,h0536,0.31812386729419573,scr1996,avaConv,onshore_a
lv,1,h0537,0.18855642826961205,scr1996,avaConv,onshore_a
lv,1,h0538,0.15859666638733297,scr1996,avaConv,onshore_a
lv,1,h0539,0.1382406354746323,scr1996,avaConv,onshore_a
lv,1,h0540,0.1288087449852192,scr1996,avaConv,onshore_a
lv,1,h0541,0.10980875194568411,scr1996,avaConv,onshore_a
lv,1,h0542,0.09741870948905865,scr1996,avaConv,onshore_a
lv,1,h0543,0.0864630963687903,scr1996,avaConv,onshore_a
lv,1,h0544,0.10617337269217632,scr1996,avaConv,onshore_a
lv,1,h0545,0.12293338785622238,scr1996,avaConv,onshore_a
lv,1,h0546,0.12980662602242238,scr1996,avaConv,onshore_a
lv,1,h0547,0.14519477226453412,scr1996,avaConv,onshore_a
lv,1,h0548,0.15391436008142095,scr1996,avaConv,onshore_a
lv,1,h0549,0.16316849389745874,scr1996,avaConv,onshore_a
lv,1,h0550,0.1574764368986376,scr1996,avaConv,onshore_a
lv,1,h0551,0.15561525993407677,scr1996,avaConv,onshore_a
lv,1,h0552,0.1621626270101374,scr1996,avaConv,onshore_a
me,1,h0481,0.646130931579672,scr1996,avaConv,onshore_a
me,1,h0482,0.4766683601783122,scr1996,avaConv,onshore_a
me,1,h0483,0.2151066625378787,scr1996,avaConv,onshore_a
me,1,h0484,0.22891823843948333,scr1996,avaConv,onshore_a
me,1,h0485,0.22221327490583034,scr1996,avaConv,onshore_a
me,1,h0486,0.20422377921380658,scr1996,avaConv,onshore_a
me,1,h0487,0.2762192251648294,scr1996,avaConv,onshore_a
me,1,h0488,0.34533056753075536,scr1996,avaConv,onshore_a
me,1,h0489,0.4012823401909853,scr1996,avaConv,onshore_a
me,1,h0490,0.3947995113928024,scr1996,avaConv,onshore_a
me,1,h0491,0.4144386314454588,scr1996,avaConv,onshore_a
me,1,h0492,0.4746316253940631,scr1996,avaConv,onshore_a
me,1,h0493,0.5566062754332598,scr1996,avaConv,onshore_a
me,1,h0494,0.5556334403163176,scr1996,avaConv,onshore_a
me,1,h0495,0.5224829582782471,scr1996,avaConv,onshore_a
me,1,h0496,0.43309731386860706,scr1996,avaConv,onshore_a
me,1,h0497,0.402875030705973,scr1996,avaConv,onshore_a
me,1,h0498,0.41127304976906004,scr1996,avaConv,onshore_a
me,1,h0499,0.3469337635360861,scr1996,avaConv,onshore_a
me,1,h0500,0.2851103084723042,scr1996,avaConv,onshore_a
me,1,h0501,0.17783238087826242,scr1996,avaConv,onshore_a
me,1,h0502,0.27695390385244767,scr1996,avaConv,onshore_a
me,1,h0503,0.43524831412878273,scr1996,avaConv,onshore_a
me,1,h0504,0.5271077591510843,scr1996,avaConv,onshore_a
me,1,h0505,0.4997710832234673,scr1996,avaConv,onshore_a
me,1,h0506,0.3988066180830853,scr1996,avaConv,onshore_a
me,1,h0507,0.3300890630262072,scr1996,avaConv,onshore_a
me,1,h0508,0.33515170715542836,scr1996,avaConv,onshore_a
me,1,h0509,0.32919442360828444,scr1996,avaConv,onshore_a
me,1,h0510,0.3158258125378444,scr1996,avaConv,onshore_a
me,1,h0511,0.4893457752303681,scr1996,avaConv,onshore_a
me,1,h0512,0.6441358411572774,scr1996,avaConv,onshore_a
me,1,h0513,0.7790048483085455,scr1996,avaConv,onshore_a
me,1,h0514,0.7615719415704386,scr1996,avaConv,onshore_a
me,1,h0515,0.7388603050434417,scr1996,avaConv,onshore_a
me,1,h0516,0.7281346950602507,scr1996,avaConv,onshore_a
me,1,h0517,0.5921857934162829,scr1996,avaConv,onshore_a
me,1,h0518,0.4345231419472561,scr1996,avaConv,onshore_a
me,1,h0519,0.250049587256793,scr1996,avaConv,onshore_a
me,1,h0520,0.21974687743025775,scr1996,avaConv,onshore_a
me,1,h0521,0.19094486413531392,scr1996,avaConv,onshore_a
me,1,h0522,0.12894368684358695,scr1996,avaConv,onshore_a
me,1,h0523,0.09955630928779623,scr1996,avaConv,onshore_a
me,1,h0524,0.07938791207146667,scr1996,avaConv,onshore_a
me,1,h0525,0.06532021840010994,scr1996,avaConv,onshore_a
me,1,h0526,0.08117995297320878,scr1996,avaConv,onshore_a
me,1,h0527,0.10172540184857244,scr1996,avaConv,onshore_a
me,1,h0528,0.12502885234715566,scr1996,avaConv,onshore_a
me,1,h0529,0.10122748212638533,scr1996,avaConv,onshore_a
me,1,h0530,0.06787843233483831,scr1996,avaConv,onshore_a
me,1,h0531,0.008723979277312464,scr1996,avaConv,onshore_a
me,1,h0532,0.011341288660563775,scr1996,avaConv,onshore_a
me,1,h0533,0.017145115293489534,scr1996,avaConv,onshore_a
me,1,h0534,0.02083608372274368,scr1996,avaConv,onshore_a
me,1,h0535,0.4344601732207855,scr1996,avaConv,onshore_a
me,1,h0536,0.6881677924205635,scr1996,avaConv,onshore_a
me,1,h0537,0.9022036489214738,scr1996,avaConv,onshore_a
me,1,h0538,0.9051135309224234,scr1996,avaConv,onshore_a
me,1,h0539,0.9036215672113348,scr1996,avaConv,onshore_a
me,1,h0540,0.8997219793357454,scr1996,avaConv,onshore_a
me,1,h0541,0.6968269943009204,scr1996,avaConv,onshore_a
me,1,h0542,0.46571617244036745,scr1996,avaConv,onshore_a
me,1,h0543,0.16158736687625738,scr1996,avaConv,onshore_a
me,1,h0544,0.15475989391142733,scr1996,avaConv,onshore_a
me,1,h0545,0.12947812218213595,scr1996,avaConv,onshore_a
me,1,h0546,0.08300479743241408,scr1996,avaConv,onshore_a
me,1,h0547,0.26896517154436067,scr1996,avaConv,onshore_a
me,1,h0548,0.4541571795900522,scr1996,avaConv,onshore_a
me,1,h0549,0.6264053771297211,scr1996,avaConv,onshore_a
me,1,h0550,0.6761683795586151,scr1996,avaConv,onshore_a
me,1,h0551,0.6603472426900289,scr1996,avaConv,onshore_a
me,1,h0552,0.6122942125503127,scr1996,avaConv,onshore_a
mk,1,h0481,0.23888578461709087,scr1996,avaConv,onshore_a
mk,1,h0482,0.20174979960553327,scr1996,avaConv,onshore_a
mk,1,h0483,0.1504017101922504,scr1996,avaConv,onshore_a
mk,1,h0484,0.15075560034636426,scr1996,avaConv,onshore_a
mk,1,h0485,0.14083336285724213,scr1996,avaConv,onshore_a
mk,1,h0486,0.11985058783963058,scr1996,avaConv,onshore_a
mk,1,h0487,0.13872282984465437,scr1996,avaConv,onshore_a
mk,1,h0488,0.157643915327731,scr1996,avaConv,onshore_a
mk,1,h0489,0.1985511390502096,scr1996,avaConv,onshore_a
mk,1,h0490,0.21129202667773253,scr1996,avaConv,onshore_a
mk,1,h0491,0.22327508177004945,scr1996,avaConv,onshore_a
mk,1,h0492,0.2112146485559107,scr1996,avaConv,onshore_a
mk,1,h0493,0.35546985941216247,scr1996,avaConv,onshore_a
mk,1,h0494,0.47950412007143917,scr1996,avaConv,onshore_a
mk,1,h0495,0.5481196636184459,scr1996,avaConv,onshore_a
mk,1,h0496,0.41546290680078646,scr1996,avaConv,onshore_a
mk,1,h0497,0.25628563320781694,scr1996,avaConv,onshore_a
mk,1,h0498,0.14858964962867943,scr1996,avaConv,onshore_a
mk,1,h0499,0.09693344697392957,scr1996,avaConv,onshore_a
mk,1,h0500,0.0776638015370598,scr1996,avaConv,onshore_a
mk,1,h0501,0.05536162019835319,scr1996,avaConv,onshore_a
mk,1,h0502,0.05543080551686871,scr1996,avaConv,onshore_a
mk,1,h0503,0.06173720102621275,scr1996,avaConv,onshore_a
mk,1,h0504,0.07728194327265121,scr1996,avaConv,onshore_a
mk,1,h0505,0.08503397840409131,scr1996,avaConv,onshore_a
mk,1,h0506,0.08635146292032812,scr1996,avaConv,onshore_a
mk,1,h0507,0.0807551248463781,scr1996,avaConv,onshore_a
mk,1,h0508,0.08143468836386548,scr1996,avaConv,onshore_a
mk,1,h0509,0.08331880023705059,scr1996,avaConv,onshore_a
mk,1,h0510,0.07904676283453257,scr1996,avaConv,onshore_a
mk,1,h0511,0.055791235719618325,scr1996,avaConv,onshore_a
mk,1,h0512,0.03089953213876687,scr1996,avaConv,onshore_a
mk,1,h0513,0.007870343115550254,scr1996,avaConv,onshore_a
mk,1,h0514,0.0100458687393078,scr1996,avaConv,onshore_a
mk,1,h0515,0.015290067522986554,scr1996,avaConv,onshore_a
mk,1,h0516,0.02274212784689356,scr1996,avaConv,onshore_a
mk,1,h0517,0.06446839373330397,scr1996,avaConv,onshore_a
mk,1,h0518,0.08382348190640947,scr1996,avaConv,onshore_a
mk,1,h0519,0.09049544341166507,scr1996,avaConv,onshore_a
mk,1,h0520,0.056541719309962504,scr1996,avaConv,onshore_a
mk,1,h0521,0.03312854667948186,scr1996,avaConv,onshore_a
mk,1,h0522,0.017540949656118403,scr1996,avaConv,onshore_a
mk,1,h0523,0.03109421250285453,scr1996,avaConv,onshore_a
mk,1,h0524,0.0413858335091567,scr1996,avaConv,onshore_a
mk,1,h0525,0.050422844915920036,scr1996,avaConv,onshore_a
mk,1,h0526,0.04231347596123206,scr1996,avaConv,onshore_a
mk,1,h0527,0.037834400332459994,scr1996,avaConv,onshore_a
mk,1,h0528,0.02939206564286592,scr1996,avaConv,onshore_a
mk,1,h0529,0.0193640158982094,scr1996,avaConv,onshore_a
mk,1,h0530,0.009068413920164121,scr1996,avaConv,onshore_a
mk,1,h0531,0.00498114445298768,scr1996,avaConv,onshore_a
mk,1,h0532,0.002410142196553185,scr1996,avaConv,onshore_a
mk,1,h0533,0.0,scr1996,avaConv,onshore_a
mk,1,h0534,0.0,scr1996,avaConv,onshore_a
mk,1,h0535,0.12312117085301623,scr1996,avaConv,onshore_a
mk,1,h0536,0.20829664136984924,scr1996,avaConv,onshore_a
mk,1,h0537,0.2959891623867285,scr1996,avaConv,onshore_a
mk,1,h0538,0.32765818225782556,scr1996,avaConv,onshore_a
mk,1,h0539,0.36190887496719887,scr1996,avaConv,onshore_a
mk,1,h0540,0.41066878804450163,scr1996,avaConv,onshore_a
mk,1,h0541,0.3304666217903379,scr1996,avaConv,onshore_a
mk,1,h0542,0.24821160731790584,scr1996,avaConv,onshore_a
mk,1,h0543,0.1192228723663385,scr1996,avaConv,onshore_a
mk,1,h0544,0.09726700158218993,scr1996,avaConv,onshore_a
mk,1,h0545,0.06856333806985605,scr1996,avaConv,onshore_a
mk,1,h0546,0.04055177631516798,scr1996,avaConv,onshore_a
mk,1,h0547,0.11093117128114378,scr1996,avaConv,onshore_a
mk,1,h0548,0.15526116224548495,scr1996,avaConv,onshore_a
mk,1,h0549,0.19574060018103312,scr1996,avaConv,onshore_a
mk,1,h0550,0.1659096603537925,scr1996,avaConv,onshore_a
mk,1,h0551,0.15142295074733125,scr1996,avaConv,onshore_a
mk,1,h0552,0.13326539437208473,scr1996,avaConv,onshore_a
nl,1,h0481,0.32604869233233064,scr1996,avaConv,onshore_a
nl,1,h0482,0.25978551164172137,scr1996,avaConv,onshore_a
nl,1,h0483,0.1965151386979289,scr1996,avaConv,onshore_a
nl,1,h0484,0.17985738533728637,scr1996,avaConv,onshore_a
nl,1,h0485,0.16613715227717488,scr1996,avaConv,onshore_a
nl,1,h0486,0.16443885179718787,scr1996,avaConv,onshore_a
nl,1,h0487,0.3685239617486565,scr1996,avaConv,onshore_a
nl,1,h0488,0.5614398725189963,scr1996,avaConv,onshore_a
nl,1,h0489,0.7454688579770834,scr1996,avaConv,onshore_a
nl,1,h0490,0.7285993889874576,scr1996,avaConv,onshore_a
nl,1,h0491,0.6905766729497611,scr1996,avaConv,onshore_a
nl,1,h0492,0.6648585916260986,scr1996,avaConv,onshore_a
nl,1,h0493,0.4760134012548655,scr1996,avaConv,onshore_a
nl,1,h0494,0.29575465717854843,scr1996,avaConv,onshore_a
nl,1,h0495,0.07848424703813614,scr1996,avaConv,onshore_a
nl,1,h0496,0.06429022262971167,scr1996,avaConv,onshore_a
nl,1,h0497,0.053190790680377485,scr1996,avaConv,onshore_a
nl,1,h0498,0.045192352428609986,scr1996,avaConv,onshore_a
nl,1,h0499,0.16409338421817513,scr1996,avaConv,onshore_a
nl,1,h0500,0.2992786201842893,scr1996,avaConv,onshore_a
nl,1,h0501,0.4442168475016247,scr1996,avaConv,onshore_a
nl,1,h0502,0.49837052965876577,scr1996,avaConv,onshore_a
nl,1,h0503,0.5336931518463721,scr1996,avaConv,onshore_a
nl,1,h0504,0.5540181091751111,scr1996,avaConv,onshore_a
nl,1,h0505,0.6842997307097654,scr1996,avaConv,onshore_a
nl,1,h0506,0.8040027886826511,scr1996,avaConv,onshore_a
nl,1,h0507,0.9134588955479804,scr1996,avaConv,onshore_a
nl,1,h0508,0.8813681747093798,scr1996,avaConv,onshore_a
nl,1,h0509,0.8128491381011492,scr1996,avaConv,onshore_a
nl,1,h0510,0.6965240291003784,scr1996,avaConv,onshore_a
nl,1,h0511,0.5253364621788954,scr1996,avaConv,onshore_a
nl,1,h0512,0.40603566720237916,scr1996,avaConv,onshore_a
nl,1,h0513,0.3563083314352949,scr1996,avaConv,onshore_a
nl,1,h0514,0.3758585351544824,scr1996,avaConv,onshore_a
nl,1,h0515,0.4207709554222963,scr1996,avaConv,onshore_a
nl,1,h0516,0.4945643456984436,scr1996,avaConv,onshore_a
nl,1,h0517,0.3913613628311119,scr1996,avaConv,onshore_a
nl,1,h0518,0.248607614519208,scr1996,avaConv,onshore_a
nl,1,h0519,0.0468115236430371,scr1996,avaConv,onshore_a
nl,1,h0520,0.05398733121232127,scr1996,avaConv,onshore_a
nl,1,h0521,0.05420259069259665,scr1996,avaConv,onshore_a
nl,1,h0522,0.05350233468395645,scr1996,avaConv,onshore_a
nl,1,h0523,0.03822829757337419,scr1996,avaConv,onshore_a
nl,1,h0524,0.02704006129747202,scr1996,avaConv,onshore_a
nl,1,h0525,0.018517597953033774,scr1996,avaConv,onshore_a
nl,1,h0526,0.03199655696204719,scr1996,avaConv,onshore_a
nl,1,h0527,0.044412871281353114,scr1996,avaConv,onshore_a
nl,1,h0528,0.05755192889180592,scr1996,avaConv,onshore_a
nl,1,h0529,0.10556769755279652,scr1996,avaConv,onshore_a
nl,1,h0530,0.14570342672923145,scr1996,avaConv,onshore_a
nl,1,h0531,0.17701122265015992,scr1996,avaConv,onshore_a
nl,1,h0532,0.16888994542594057,scr1996,avaConv,onshore_a
nl,1,h0533,0.1641390033789447,scr1996,avaConv,onshore_a
nl,1,h0534,0.16421477499272755,scr1996,avaConv,onshore_a
nl,1,h0535,0.1296252907565349,scr1996,avaConv,onshore_a
nl,1,h0536,0.09242088240990343,scr1996,avaConv,onshore_a
nl,1,h0537,0.04869350989987764,scr1996,avaConv,onshore_a
nl,1,h0538,0.03886247236590278,scr1996,avaConv,onshore_a
nl,1,h0539,0.029733059093003472,scr1996,avaConv,onshore_a
nl,1,h0540,0.02455962144608345,scr1996,avaConv,onshore_a
nl,1,h0541,0.22568134116396651,scr1996,avaConv,onshore_a
nl,1,h0542,0.405404361105639,scr1996,avaConv,onshore_a
nl,1,h0543,0.5662536353443813,scr1996,avaConv,onshore_a
nl,1,h0544,0.5566559168442085,scr1996,avaConv,onshore_a
nl,1,h0545,0.5230510091201916,scr1996,avaConv,onshore_a
nl,1,h0546,0.4941589368430385,scr1996,avaConv,onshore_a
nl,1,h0547,0.3356222600261712,scr1996,avaConv,onshore_a
nl,1,h0548,0.19825294299708224,scr1996,avaConv,onshore_a
nl,1,h0549,0.059316597518750694,scr1996,avaConv,onshore_a
nl,1,h0550,0.07532471584956732,scr1996,avaConv,onshore_a
nl,1,h0551,0.08320470490301453,scr1996,avaConv,onshore_a
nl,1,h0552,0.08265200496958543,scr1996,avaConv,onshore_a
no_m,1,h0481,0.04337836014770045,scr1996,avaConv,onshore_a
no_m,1,h0482,0.03506543621312187,scr1996,avaConv,onshore_a
no_m,1,h0483,0.028826914044854855,scr1996,avaConv,onshore_a
no_m,1,h0484,0.03054000866038179,scr1996,avaConv,onshore_a
no_m,1,h0485,0.03298486234039283,scr1996,avaConv,onshore_a
no_m,1,h0486,0.038956725094406265,scr1996,avaConv,onshore_a
no_m,1,h0487,0.06990891927226521,scr1996,avaConv,onshore_a
no_m,1,h0488,0.09511203844487055,scr1996,avaConv,onshore_a
no_m,1,h0489,0.10804305249034965,scr1996,avaConv,onshore_a
no_m,1,h0490,0.0920526518206057,scr1996,avaConv,onshore_a
no_m,1,h0491,0.07373620070684671,scr1996,avaConv,onshore_a
no_m,1,h0492,0.06590135641250669,scr1996,avaConv,onshore_a
no_m,1,h0493,0.12614008180440744,scr1996,avaConv,onshore_a
no_m,1,h0494,0.1779339265784108,scr1996,avaConv,onshore_a
no_m,1,h0495,0.21509695888212985,scr1996,avaConv,onshore_a
no_m,1,h0496,0.18938036292714466,scr1996,avaConv,onshore_a
no_m,1,h0497,0.16239205530334563,scr1996,avaConv,onshore_a
no_m,1,h0498,0.14167585780156797,scr1996,avaConv,onshore_a
no_m,1,h0499,0.2887680682367653,scr1996,avaConv,onshore_a
no_m,1,h0500,0.4370029285634372,scr1996,avaConv,onshore_a
no_m,1,h0501,0.5876283329540316,scr1996,avaConv,onshore_a
no_m,1,h0502,0.6082660985602544,scr1996,avaConv,onshore_a
no_m,1,h0503,0.6271104269579653,scr1996,avaConv,onshore_a
no_m,1,h0504,0.6445820871875092,scr1996,avaConv,onshore_a
no_m,1,h0505,0.5098079763632493,scr1996,avaConv,onshore_a
no_m,1,h0506,0.3558062295774804,scr1996,avaConv,onshore_a
no_m,1,h0507,0.17601864956318775,scr1996,avaConv,onshore_a
no_m,1,h0508,0.15950965876717085,scr1996,avaConv,onshore_a
no_m,1,h0509,0.14957263734847864,scr1996,avaConv,onshore_a
no_m,1,h0510,0.1444812429339019,scr1996,avaConv,onshore_a
no_m,1,h0511,0.1903464367189878,scr1996,avaConv,onshore_a
no_m,1,h0512,0.26674628718336835,scr1996,avaConv,onshore_a
no_m,1,h0513,0.35940972905278235,scr1996,avaConv,onshore_a
no_m,1,h0514,0.42071835616865344,scr1996,avaConv,onshore_a
no_m,1,h0515,0.4520869701306069,scr1996,avaConv,onshore_a
no_m,1,h0516,0.4634141071413602,scr1996,avaConv,onshore_a
no_m,1,h0517,0.5745521958419147,scr1996,avaConv,onshore_a
no_m,1,h0518,0.6818866281757273,scr1996,avaConv,onshore_a
no_m,1,h0519,0.7811427638217865,scr1996,avaConv,onshore_a
no_m,1,h0520,0.771532025019028,scr1996,avaConv,onshore_a
no_m,1,h0521,0.7512233275760871,scr1996,avaConv,onshore_a
no_m,1,h0522,0.7132299342415418,scr1996,avaConv,onshore_a
no_m,1,h0523,0.7333858049747063,scr1996,avaConv,onshore_a
no_m,1,h0524,0.7640046698357585,scr1996,avaConv,onshore_a
no_m,1,h0525,0.812479433240398,scr1996,avaConv,onshore_a
no_m,1,h0526,0.799684160862742,scr1996,avaConv,onshore_a
no_m,1,h0527,0.7947032080182086,scr1996,avaConv,onshore_a
no_m,1,h0528,0.774027877120125,scr1996,avaConv,onshore_a
no_m,1,h0529,0.6955563452954223,scr1996,avaConv,onshore_a
no_m,1,h0530,0.6063533515549275,scr1996,avaConv,onshore_a
no_m,1,h0531,0.5179233234749322,scr1996,avaConv,onshore_a
no_m,1,h0532,0.471767376115112,scr1996,avaConv,onshore_a
no_m,1,h0533,0.4067616293770725,scr1996,avaConv,onshore_a
no_m,1,h0534,0.34440086163410555,scr1996,avaConv,onshore_a
no_m,1,h0535,0.3920565845351011,scr1996,avaConv,onshore_a
no_m,1,h0536,0.4575781698494331,scr1996,avaConv,onshore_a
no_m,1,h0537,0.5339736837063432,scr1996,avaConv,onshore_a
no_m,1,h0538,0.5299317664303179,scr1996,avaConv,onshore_a
no_m,1,h0539,0.50977632520301,scr1996,avaConv,onshore_a
no_m,1,h0540,0.4838007513484688,scr1996,avaConv,onshore_a
no_m,1,h0541,0.41836790142789054,scr1996,avaConv,onshore_a
no_m,1,h0542,0.3624055194016267,scr1996,avaConv,onshore_a
no_m,1,h0543,0.30991891919213926,scr1996,avaConv,onshore_a
no_m,1,h0544,0.2958109717870278,scr1996,avaConv,onshore_a
no_m,1,h0545,0.28770830703546707,scr1996,avaConv,onshore_a
no_m,1,h0546,0.2841243299563079,scr1996,avaConv,onshore_a
no_m,1,h0547,0.2787914023886706,scr1996,avaConv,onshore_a
no_m,1,h0548,0.2662370617420356,scr1996,avaConv,onshore_a
no_m,1,h0549,0.24536611038895162,scr1996,avaConv,onshore_a
no_m,1,h0550,0.22000112679667383,scr1996,avaConv,onshore_a
no_m,1,h0551,0.21589949814618,scr1996,avaConv,onshore_a
no_m,1,h0552,0.209660269632185,scr1996,avaConv,onshore_a
no_n,1,h0481,0.2709804314020378,scr1996,avaConv,onshore_a
no_n,1,h0482,0.32970342530409513,scr1996,avaConv,onshore_a
no_n,1,h0483,0.38035594460737443,scr1996,avaConv,onshore_a
no_n,1,h0484,0.38857338635812644,scr1996,avaConv,onshore_a
no_n,1,h0485,0.4064259566328481,scr1996,avaConv,onshore_a
no_n,1,h0486,0.43012153921061413,scr1996,avaConv,onshore_a
no_n,1,h0487,0.38590930978293747,scr1996,avaConv,onshore_a
no_n,1,h0488,0.3342591247004295,scr1996,avaConv,onshore_a
no_n,1,h0489,0.2747177316466545,scr1996,avaConv,onshore_a
no_n,1,h0490,0.29975307689293346,scr1996,avaConv,onshore_a
no_n,1,h0491,0.3283830165110357,scr1996,avaConv,onshore_a
no_n,1,h0492,0.3597581785335238,scr1996,avaConv,onshore_a
no_n,1,h0493,0.4364555127581452,scr1996,avaConv,onshore_a
no_n,1,h0494,0.4879285519687354,scr1996,avaConv,onshore_a
no_n,1,h0495,0.520657191250589,scr1996,avaConv,onshore_a
no_n,1,h0496,0.497124993111545,scr1996,avaConv,onshore_a
no_n,1,h0497,0.4852243411009459,scr1996,avaConv,onshore_a
no_n,1,h0498,0.4814741796628942,scr1996,avaConv,onshore_a
no_n,1,h0499,0.5073603591294786,scr1996,avaConv,onshore_a
no_n,1,h0500,0.5415288447522421,scr1996,avaConv,onshore_a
no_n,1,h0501,0.5824513133246454,scr1996,avaConv,onshore_a
no_n,1,h0502,0.607316880440741,scr1996,avaConv,onshore_a
no_n,1,h0503,0.6221275088681723,scr1996,avaConv,onshore_a
no_n,1,h0504,0.6378851148066056,scr1996,avaConv,onshore_a
no_n,1,h0505,0.6576337186552468,scr1996,avaConv,onshore_a
no_n,1,h0506,0.6717965529636668,scr1996,avaConv,onshore_a
no_n,1,h0507,0.6726249625151028,scr1996,avaConv,onshore_a
no_n,1,h0508,0.6583408415870482,scr1996,avaConv,onshore_a
no_n,1,h0509,0.6450804725767169,scr1996,avaConv,onshore_a
no_n,1,h0510,0.631244411598434,scr1996,avaConv,onshore_a
no_n,1,h0511,0.47745784531840674,scr1996,avaConv,onshore_a
no_n,1,h0512,0.30398136518463303,scr1996,avaConv,onshore_a
no_n,1,h0513,0.06852044639528379,scr1996,avaConv,onshore_a
no_n,1,h0514,0.10542628653902107,scr1996,avaConv,onshore_a
no_n,1,h0515,0.13870090092099835,scr1996,avaConv,onshore_a
no_n,1,h0516,0.17635106405885992,scr1996,avaConv,onshore_a
no_n,1,h0517,0.36178889135136705,scr1996,avaConv,onshore_a
no_n,1,h0518,0.5052850976745806,scr1996,avaConv,onshore_a
no_n,1,h0519,0.6166757661925298,scr1996,avaConv,onshore_a
no_n,1,h0520,0.6169986971022116,scr1996,avaConv,onshore_a
no_n,1,h0521,0.6029038519215001,scr1996,avaConv,onshore_a
no_n,1,h0522,0.585776686919742,scr1996,avaConv,onshore_a
no_n,1,h0523,0.6864883816671487,scr1996,avaConv,onshore_a
no_n,1,h0524,0.7865862825334076,scr1996,avaConv,onshore_a
no_n,1,h0525,0.88456752528434,scr1996,avaConv,onshore_a
no_n,1,h0526,0.8834418571451422,scr1996,avaConv,onshore_a
no_n,1,h0527,0.8782388291868688,scr1996,avaConv,onshore_a
no_n,1,h0528,0.8721564799969601,scr1996,avaConv,onshore_a
no_n,1,h0529,0.8518023841087287,scr1996,avaConv,onshore_a
no_n,1,h0530,0.8366328086801746,scr1996,avaConv,onshore_a
no_n,1,h0531,0.8195649179657281,scr1996,avaConv,onshore_a
no_n,1,h0532,0.8163575822664921,scr1996,avaConv,onshore_a
no_n,1,h0533,0.8059773307065715,scr1996,avaConv,onshore_a
no_n,1,h0534,0.7868547095360934,scr1996,avaConv,onshore_a
no_n,1,h0535,0.6976161500094142,scr1996,avaConv,onshore_a
no_n,1,h0536,0.6099002021595314,scr1996,avaConv,onshore_a
no_n,1,h0537,0.5293853675857272,scr1996,avaConv,onshore_a
no_n,1,h0538,0.5313062048349686,scr1996,avaConv,onshore_a
no_n,1,h0539,0.5206530292459943,scr1996,avaConv,onshore_a
no_n,1,h0540,0.5042028747179537,scr1996,avaConv,onshore_a
no_n,1,h0541,0.471971449144163,scr1996,avaConv,onshore_a
no_n,1,h0542,0.4434532000965774,scr1996,avaConv,onshore_a
no_n,1,h0543,0.40877138621919196,scr1996,avaConv,onshore_a
no_n,1,h0544,0.3772014598632005,scr1996,avaConv,onshore_a
no_n,1,h0545,0.3346687409579299,scr1996,avaConv,onshore_a
no_n,1,h0546,0.28723297031481326,scr1996,avaConv,onshore_a
no_n,1,h0547,0.2975562313128106,scr1996,avaConv,onshore_a
no_n,1,h0548,0.318468324824281,scr1996,avaConv,onshore_a
no_n,1,h0549,0.34466516855881496,scr1996,avaConv,onshore_a
no_n,1,h0550,0.3230340535851423,scr1996,avaConv,onshore_a
no_n,1,h0551,0.31573760052988714,scr1996,avaConv,onshore_a
no_n,1,h0552,0.3059646718506651,scr1996,avaConv,onshore_a
no_s,1,h0481,0.07182918846904486,scr1996,avaConv,onshore_a
no_s,1,h0482,0.0796853806926238,scr1996,avaConv,onshore_a
no_s,1,h0483,0.09834317871330762,scr1996,avaConv,onshore_a
no_s,1,h0484,0.13419731345809746,scr1996,avaConv,onshore_a
no_s,1,h0485,0.1729948017750869,scr1996,avaConv,onshore_a
no_s,1,h0486,0.2120524910379538,scr1996,avaConv,onshore_a
no_s,1,h0487,0.3232499956254874,scr1996,avaConv,onshore_a
no_s,1,h0488,0.40953772562757457,scr1996,avaConv,onshore_a
no_s,1,h0489,0.4683338270132798,scr1996,avaConv,onshore_a
no_s,1,h0490,0.4479495347478336,scr1996,avaConv,onshore_a
no_s,1,h0491,0.4001507181757808,scr1996,avaConv,onshore_a
no_s,1,h0492,0.35784041498369035,scr1996,avaConv,onshore_a
no_s,1,h0493,0.3006032556075285,scr1996,avaConv,onshore_a
no_s,1,h0494,0.2686335778404469,scr1996,avaConv,onshore_a
no_s,1,h0495,0.23801641495796344,scr1996,avaConv,onshore_a
no_s,1,h0496,0.2257147788669617,scr1996,avaConv,onshore_a
no_s,1,h0497,0.21487420110099478,scr1996,avaConv,onshore_a
no_s,1,h0498,0.21113311480059463,scr1996,avaConv,onshore_a
no_s,1,h0499,0.4633848342402932,scr1996,avaConv,onshore_a
no_s,1,h0500,0.6763783564601477,scr1996,avaConv,onshore_a
no_s,1,h0501,0.8671159562801191,scr1996,avaConv,onshore_a
no_s,1,h0502,0.8825610487730245,scr1996,avaConv,onshore_a
no_s,1,h0503,0.8910197639687176,scr1996,avaConv,onshore_a
no_s,1,h0504,0.8961403566395318,scr1996,avaConv,onshore_a
no_s,1,h0505,0.7407650556941948,scr1996,avaConv,onshore_a
no_s,1,h0506,0.5797643165294376,scr1996,avaConv,onshore_a
no_s,1,h0507,0.40718183114405393,scr1996,avaConv,onshore_a
no_s,1,h0508,0.4736341577539129,scr1996,avaConv,onshore_a
no_s,1,h0509,0.5376680666484801,scr1996,avaConv,onshore_a
no_s,1,h0510,0.5829365080835472,scr1996,avaConv,onshore_a
no_s,1,h0511,0.49731914196148863,scr1996,avaConv,onshore_a
no_s,1,h0512,0.4293460849678347,scr1996,avaConv,onshore_a
no_s,1,h0513,0.4051760833777668,scr1996,avaConv,onshore_a
no_s,1,h0514,0.5220659936252696,scr1996,avaConv,onshore_a
no_s,1,h0515,0.6268998889883279,scr1996,avaConv,onshore_a
no_s,1,h0516,0.7138985675505761,scr1996,avaConv,onshore_a
no_s,1,h0517,0.724316599478356,scr1996,avaConv,onshore_a
no_s,1,h0518,0.6929447940230556,scr1996,avaConv,onshore_a
no_s,1,h0519,0.6190727625198678,scr1996,avaConv,onshore_a
no_s,1,h0520,0.5800046545646285,scr1996,avaConv,onshore_a
no_s,1,h0521,0.5446822269880455,scr1996,avaConv,onshore_a
no_s,1,h0522,0.5252402708438368,scr1996,avaConv,onshore_a
no_s,1,h0523,0.583332222255583,scr1996,avaConv,onshore_a
no_s,1,h0524,0.6626340912371089,scr1996,avaConv,onshore_a
no_s,1,h0525,0.7597885510344308,scr1996,avaConv,onshore_a
no_s,1,h0526,0.804254689991214,scr1996,avaConv,onshore_a
no_s,1,h0527,0.8451743465380952,scr1996,avaConv,onshore_a
no_s,1,h0528,0.8608167707775725,scr1996,avaConv,onshore_a
no_s,1,h0529,0.7219933958810202,scr1996,avaConv,onshore_a
no_s,1,h0530,0.5403173755424786,scr1996,avaConv,onshore_a
no_s,1,h0531,0.3129816473683269,scr1996,avaConv,onshore_a
no_s,1,h0532,0.24233107852759853,scr1996,avaConv,onshore_a
no_s,1,h0533,0.17886042814719036,scr1996,avaConv,onshore_a
no_s,1,h0534,0.13822138377520024,scr1996,avaConv,onshore_a
no_s,1,h0535,0.3591442603044136,scr1996,avaConv,onshore_a
no_s,1,h0536,0.5452762822973861,scr1996,avaConv,onshore_a
no_s,1,h0537,0.71251264577627,scr1996,avaConv,onshore_a
no_s,1,h0538,0.7197667258786353,scr1996,avaConv,onshore_a
no_s,1,h0539,0.7300512888776499,scr1996,avaConv,onshore_a
no_s,1,h0540,0.7279445395045983,scr1996,avaConv,onshore_a
no_s,1,h0541,0.6732966058014643,scr1996,avaConv,onshore_a
no_s,1,h0542,0.6096184048929144,scr1996,avaConv,onshore_a
no_s,1,h0543,0.5440242204629533,scr1996,avaConv,onshore_a
no_s,1,h0544,0.5338110284244231,scr1996,avaConv,onshore_a
no_s,1,h0545,0.5455487595946764,scr1996,avaConv,onshore_a
no_s,1,h0546,0.5687886051553906,scr1996,avaConv,onshore_a
no_s,1,h0547,0.44867824429689135,scr1996,avaConv,onshore_a
no_s,1,h0548,0.2817847783368357,scr1996,avaConv,onshore_a
no_s,1,h0549,0.03743404971272681,scr1996,avaConv,onshore_a
no_s,1,h0550,0.042384860510038994,scr1996,avaConv,onshore_a
no_s,1,h0551,0.06026648617191949,scr1996,avaConv,onshore_a
no_s,1,h0552,0.092658588097282,scr1996,avaConv,onshore_a
pl,1,h0481,0.4638517949851701,scr1996,avaConv,onshore_a
pl,1,h0482,0.4202497244707931,scr1996,avaConv,onshore_a
pl,1,h0483,0.3730695353032741,scr1996,avaConv,onshore_a
pl,1,h0484,0.36159216688600465,scr1996,avaConv,onshore_a
pl,1,h0485,0.3617220131435624,scr1996,avaConv,onshore_a
pl,1,h0486,0.3679471897537563,scr1996,avaConv,onshore_a
pl,1,h0487,0.30133712713881783,scr1996,avaConv,onshore_a
pl,1,h0488,0.22608379892353855,scr1996,avaConv,onshore_a
pl,1,h0489,0.15190413036880873,scr1996,avaConv,onshore_a
pl,1,h0490,0.16043306901829718,scr1996,avaConv,onshore_a
pl,1,h0491,0.18827419950976304,scr1996,avaConv,onshore_a
pl,1,h0492,0.21375895815324686,scr1996,avaConv,onshore_a
pl,1,h0493,0.32895229306861745,scr1996,avaConv,onshore_a
pl,1,h0494,0.43453193535890144,scr1996,avaConv,onshore_a
pl,1,h0495,0.5403767968327977,scr1996,avaConv,onshore_a
pl,1,h0496,0.549341914827519,scr1996,avaConv,onshore_a
pl,1,h0497,0.5576512296611654,scr1996,avaConv,onshore_a
pl,1,h0498,0.5670878598664835,scr1996,avaConv,onshore_a
pl,1,h0499,0.4148172177413731,scr1996,avaConv,onshore_a
pl,1,h0500,0.24632331581105132,scr1996,avaConv,onshore_a
pl,1,h0501,0.053838043095251274,scr1996,avaConv,onshore_a
pl,1,h0502,0.03862400636977622,scr1996,avaConv,onshore_a
pl,1,h0503,0.028202858250057264,scr1996,avaConv,onshore_a
pl,1,h0504,0.022689954045067493,scr1996,avaConv,onshore_a
pl,1,h0505,0.35595389175924,scr1996,avaConv,onshore_a
pl,1,h0506,0.6668693042736371,scr1996,avaConv,onshore_a
pl,1,h0507,0.9683109321003812,scr1996,avaConv,onshore_a
pl,1,h0508,0.9711234096471276,scr1996,avaConv,onshore_a
pl,1,h0509,0.9671250771723849,scr1996,avaConv,onshore_a
pl,1,h0510,0.9598541627324482,scr1996,avaConv,onshore_a
pl,1,h0511,0.7500195524371966,scr1996,avaConv,onshore_a
pl,1,h0512,0.5345812199436738,scr1996,avaConv,onshore_a
pl,1,h0513,0.3171291466152166,scr1996,avaConv,onshore_a
pl,1,h0514,0.31804020810582784,scr1996,avaConv,onshore_a
pl,1,h0515,0.3248870061485644,scr1996,avaConv,onshore_a
pl,1,h0516,0.33106172866408273,scr1996,avaConv,onshore_a
pl,1,h0517,0.2316349386115018,scr1996,avaConv,onshore_a
pl,1,h0518,0.13090655675313523,scr1996,avaConv,onshore_a
pl,1,h0519,0.02444562656275079,scr1996,avaConv,onshore_a
pl,1,h0520,0.03374344312877091,scr1996,avaConv,onshore_a
pl,1,h0521,0.04280688315074857,scr1996,avaConv,onshore_a
pl,1,h0522,0.049526408590012734,scr1996,avaConv,onshore_a
pl,1,h0523,0.05532552895526017,scr1996,avaConv,onshore_a
pl,1,h0524,0.06306140702746543,scr1996,avaConv,onshore_a
pl,1,h0525,0.0763837734400409,scr1996,avaConv,onshore_a
pl,1,h0526,0.09553491185755712,scr1996,avaConv,onshore_a
pl,1,h0527,0.1304687408354723,scr1996,avaConv,onshore_a
pl,1,h0528,0.1601611763788711,scr1996,avaConv,onshore_a
pl,1,h0529,0.24078489031105063,scr1996,avaConv,onshore_a
pl,1,h0530,0.2894988197123291,scr1996,avaConv,onshore_a
pl,1,h0531,0.3272190028586012,scr1996,avaConv,onshore_a
pl,1,h0532,0.3027468633052692,scr1996,avaConv,onshore_a
pl,1,h0533,0.28713642901639364,scr1996,avaConv,onshore_a
pl,1,h0534,0.2813276342920325,scr1996,avaConv,onshore_a
pl,1,h0535,0.2709532071268215,scr1996,avaConv,onshore_a
pl,1,h0536,0.26034544988273833,scr1996,avaConv,onshore_a
pl,1,h0537,0.23810776513732393,scr1996,avaConv,onshore_a
pl,1,h0538,0.21063489889630715,scr1996,avaConv,onshore_a
pl,1,h0539,0.18350153394709715,scr1996,avaConv,onshore_a
pl,1,h0540,0.17096794707835625,scr1996,avaConv,onshore_a
pl,1,h0541,0.188374958978002,scr1996,avaConv,onshore_a
pl,1,h0542,0.2140119889692762,scr1996,avaConv,onshore_a
pl,1,h0543,0.23474222752567786,scr1996,avaConv,onshore_a
pl,1,h0544,0.24095710118264163,scr1996,avaConv,onshore_a
pl,1,h0545,0.24181654816870815,scr1996,avaConv,onshore_a
pl,1,h0546,0.2456676291911044,scr1996,avaConv,onshore_a
pl,1,h0547,0.23083227226372854,scr1996,avaConv,onshore_a
pl,1,h0548,0.21060796303529025,scr1996,avaConv,onshore_a
pl,1,h0549,0.18374291004014373,scr1996,avaConv,onshore_a
pl,1,h0550,0.17175076420313662,scr1996,avaConv,onshore_a
pl,1,h0551,0.1615789400040882,scr1996,avaConv,onshore_a
pl,1,h0552,0.15625431092678665,scr1996,avaConv,onshore_a
pt,1,h0481,0.13311502635074765,scr1996,avaConv,onshore_a
pt,1,h0482,0.16945513205985932,scr1996,avaConv,onshore_a
pt,1,h0483,0.20756372462064418,scr1996,avaConv,onshore_a
pt,1,h0484,0.1847204951840825,scr1996,avaConv,onshore_a
pt,1,h0485,0.1850853357126941,scr1996,avaConv,onshore_a
pt,1,h0486,0.18678625965417844,scr1996,avaConv,onshore_a
pt,1,h0487,0.3465516936859974,scr1996,avaConv,onshore_a
pt,1,h0488,0.49295258220257687,scr1996,avaConv,onshore_a
pt,1,h0489,0.6438112301149815,scr1996,avaConv,onshore_a
pt,1,h0490,0.6619082728310886,scr1996,avaConv,onshore_a
pt,1,h0491,0.7075606135807824,scr1996,avaConv,onshore_a
pt,1,h0492,0.7630368565822503,scr1996,avaConv,onshore_a
pt,1,h0493,0.6022481374100516,scr1996,avaConv,onshore_a
pt,1,h0494,0.42585226226454115,scr1996,avaConv,onshore_a
pt,1,h0495,0.24661986672517985,scr1996,avaConv,onshore_a
pt,1,h0496,0.2852422228742201,scr1996,avaConv,onshore_a
pt,1,h0497,0.30294796267349794,scr1996,avaConv,onshore_a
pt,1,h0498,0.30301069359430477,scr1996,avaConv,onshore_a
pt,1,h0499,0.2622172546521186,scr1996,avaConv,onshore_a
pt,1,h0500,0.21995480867951786,scr1996,avaConv,onshore_a
pt,1,h0501,0.17272940025983177,scr1996,avaConv,onshore_a
pt,1,h0502,0.15397616269982656,scr1996,avaConv,onshore_a
pt,1,h0503,0.1371188070544238,scr1996,avaConv,onshore_a
pt,1,h0504,0.12356254593326692,scr1996,avaConv,onshore_a
pt,1,h0505,0.08103528603520413,scr1996,avaConv,onshore_a
pt,1,h0506,0.042243048475611535,scr1996,avaConv,onshore_a
pt,1,h0507,0.0010410227745667653,scr1996,avaConv,onshore_a
pt,1,h0508,0.0033189917115298948,scr1996,avaConv,onshore_a
pt,1,h0509,0.006205886960063215,scr1996,avaConv,onshore_a
pt,1,h0510,0.010868891147696172,scr1996,avaConv,onshore_a
pt,1,h0511,0.12077573713218626,scr1996,avaConv,onshore_a
pt,1,h0512,0.2123144007347338,scr1996,avaConv,onshore_a
pt,1,h0513,0.2915348637058091,scr1996,avaConv,onshore_a
pt,1,h0514,0.24435645075084733,scr1996,avaConv,onshore_a
pt,1,h0515,0.19234906921660144,scr1996,avaConv,onshore_a
pt,1,h0516,0.1331475866475955,scr1996,avaConv,onshore_a
pt,1,h0517,0.2636113306306652,scr1996,avaConv,onshore_a
pt,1,h0518,0.4016150131831708,scr1996,avaConv,onshore_a
pt,1,h0519,0.5362517487647255,scr1996,avaConv,onshore_a
pt,1,h0520,0.5228552709108482,scr1996,avaConv,onshore_a
pt,1,h0521,0.517263111877069,scr1996,avaConv,onshore_a
pt,1,h0522,0.539852569554765,scr1996,avaConv,onshore_a
pt,1,h0523,0.4424736720558951,scr1996,avaConv,onshore_a
pt,1,h0524,0.342941411702352,scr1996,avaConv,onshore_a
pt,1,h0525,0.2286909715913452,scr1996,avaConv,onshore_a
pt,1,h0526,0.2454815515725935,scr1996,avaConv,onshore_a
pt,1,h0527,0.24199595003075836,scr1996,avaConv,onshore_a
pt,1,h0528,0.23923407500632346,scr1996,avaConv,onshore_a
pt,1,h0529,0.41490823951211475,scr1996,avaConv,onshore_a
pt,1,h0530,0.6095323303901733,scr1996,avaConv,onshore_a
pt,1,h0531,0.8100780531525845,scr1996,avaConv,onshore_a
pt,1,h0532,0.8500091101757619,scr1996,avaConv,onshore_a
pt,1,h0533,0.8816422319327627,scr1996,avaConv,onshore_a
pt,1,h0534,0.897710576781098,scr1996,avaConv,onshore_a
pt,1,h0535,0.6437521874397093,scr1996,avaConv,onshore_a
pt,1,h0536,0.37585120591485255,scr1996,avaConv,onshore_a
pt,1,h0537,0.08513290443555094,scr1996,avaConv,onshore_a
pt,1,h0538,0.08002410905286919,scr1996,avaConv,onshore_a
pt,1,h0539,0.06700952557783853,scr1996,avaConv,onshore_a
pt,1,h0540,0.062251714555808385,scr1996,avaConv,onshore_a
pt,1,h0541,0.04989522687065017,scr1996,avaConv,onshore_a
pt,1,h0542,0.04459608908524315,scr1996,avaConv,onshore_a
pt,1,h0543,0.03303034159424621,scr1996,avaConv,onshore_a
pt,1,h0544,0.02761160988511551,scr1996,avaConv,onshore_a
pt,1,h0545,0.022133727215770584,scr1996,avaConv,onshore_a
pt,1,h0546,0.01677666027499553,scr1996,avaConv,onshore_a
pt,1,h0547,0.07380506951282804,scr1996,avaConv,onshore_a
pt,1,h0548,0.11300128567506317,scr1996,avaConv,onshore_a
pt,1,h0549,0.142903111903876,scr1996,avaConv,onshore_a
pt,1,h0550,0.11187568361871825,scr1996,avaConv,onshore_a
pt,1,h0551,0.09313355653439201,scr1996,avaConv,onshore_a
pt,1,h0552,0.08715478592199959,scr1996,avaConv,onshore_a
ro,1,h0481,0.4560250178662579,scr1996,avaConv,onshore_a
ro,1,h0482,0.6086949214350279,scr1996,avaConv,onshore_a
ro,1,h0483,0.7530423363735711,scr1996,avaConv,onshore_a
ro,1,h0484,0.7205799493352688,scr1996,avaConv,onshore_a
ro,1,h0485,0.6843722240159249,scr1996,avaConv,onshore_a
ro,1,h0486,0.6488193245050475,scr1996,avaConv,onshore_a
ro,1,h0487,0.49206005649635703,scr1996,avaConv,onshore_a
ro,1,h0488,0.3398965827376481,scr1996,avaConv,onshore_a
ro,1,h0489,0.18976933301202714,scr1996,avaConv,onshore_a
ro,1,h0490,0.1966079479613676,scr1996,avaConv,onshore_a
ro,1,h0491,0.19282338009299807,scr1996,avaConv,onshore_a
ro,1,h0492,0.18438308072282072,scr1996,avaConv,onshore_a
ro,1,h0493,0.4534736448268518,scr1996,avaConv,onshore_a
ro,1,h0494,0.7003921965117942,scr1996,avaConv,onshore_a
ro,1,h0495,0.9342114593892649,scr1996,avaConv,onshore_a
ro,1,h0496,0.9367180962110347,scr1996,avaConv,onshore_a
ro,1,h0497,0.937183226682319,scr1996,avaConv,onshore_a
ro,1,h0498,0.93765897716452,scr1996,avaConv,onshore_a
ro,1,h0499,0.6906718961881075,scr1996,avaConv,onshore_a
ro,1,h0500,0.4194725199189501,scr1996,avaConv,onshore_a
ro,1,h0501,0.09442126386428114,scr1996,avaConv,onshore_a
ro,1,h0502,0.07272673464439651,scr1996,avaConv,onshore_a
ro,1,h0503,0.0499834324249581,scr1996,avaConv,onshore_a
ro,1,h0504,0.040240850463062146,scr1996,avaConv,onshore_a
ro,1,h0505,0.06317529594836124,scr1996,avaConv,onshore_a
ro,1,h0506,0.1003665064384581,scr1996,avaConv,onshore_a
ro,1,h0507,0.14019492544634948,scr1996,avaConv,onshore_a
ro,1,h0508,0.16456503438222675,scr1996,avaConv,onshore_a
ro,1,h0509,0.19048099303060806,scr1996,avaConv,onshore_a
ro,1,h0510,0.2085982122654477,scr1996,avaConv,onshore_a
ro,1,h0511,0.16644828401960524,scr1996,avaConv,onshore_a
ro,1,h0512,0.10322359855813762,scr1996,avaConv,onshore_a
ro,1,h0513,0.029274816989232885,scr1996,avaConv,onshore_a
ro,1,h0514,0.01473326935121464,scr1996,avaConv,onshore_a
ro,1,h0515,0.00935307902090003,scr1996,avaConv,onshore_a
ro,1,h0516,0.0035207000521056877,scr1996,avaConv,onshore_a
ro,1,h0517,0.06256673917257555,scr1996,avaConv,onshore_a
ro,1,h0518,0.10918843113385854,scr1996,avaConv,onshore_a
ro,1,h0519,0.14913974759411378,scr1996,avaConv,onshore_a
ro,1,h0520,0.14052785730170414,scr1996,avaConv,onshore_a
ro,1,h0521,0.1417137530842112,scr1996,avaConv,onshore_a
ro,1,h0522,0.15556649384542715,scr1996,avaConv,onshore_a
ro,1,h0523,0.1849388190320718,scr1996,avaConv,onshore_a
ro,1,h0524,0.2061776338563875,scr1996,avaConv,onshore_a
ro,1,h0525,0.2110697592100986,scr1996,avaConv,onshore_a
ro,1,h0526,0.1927068968641845,scr1996,avaConv,onshore_a
ro,1,h0527,0.15902243531802282,scr1996,avaConv,onshore_a
ro,1,h0528,0.144712507552105,scr1996,avaConv,onshore_a
ro,1,h0529,0.22610481052143055,scr1996,avaConv,onshore_a
ro,1,h0530,0.32086718762931193,scr1996,avaConv,onshore_a
ro,1,h0531,0.39679728741841236,scr1996,avaConv,onshore_a
ro,1,h0532,0.39489509700916764,scr1996,avaConv,onshore_a
ro,1,h0533,0.39282112076470255,scr1996,avaConv,onshore_a
ro,1,h0534,0.395177869321135,scr1996,avaConv,onshore_a
ro,1,h0535,0.39238500982952434,scr1996,avaConv,onshore_a
ro,1,h0536,0.3680188053810567,scr1996,avaConv,onshore_a
ro,1,h0537,0.35466718710238515,scr1996,avaConv,onshore_a
ro,1,h0538,0.3583509598326943,scr1996,avaConv,onshore_a
ro,1,h0539,0.38077290575119954,scr1996,avaConv,onshore_a
ro,1,h0540,0.4008451486431226,scr1996,avaConv,onshore_a
ro,1,h0541,0.4146544363425734,scr1996,avaConv,onshore_a
ro,1,h0542,0.42989117341736405,scr1996,avaConv,onshore_a
ro,1,h0543,0.4303298281683972,scr1996,avaConv,onshore_a
ro,1,h0544,0.43771457523596763,scr1996,avaConv,onshore_a
ro,1,h0545,0.4537015592142767,scr1996,avaConv,onshore_a
ro,1,h0546,0.47513206003159236,scr1996,avaConv,onshore_a
ro,1,h0547,0.6101215585221805,scr1996,avaConv,onshore_a
ro,1,h0548,0.7230743834939041,scr1996,avaConv,onshore_a
ro,1,h0549,0.825313819964577,scr1996,avaConv,onshore_a
ro,1,h0550,0.8051729598286088,scr1996,avaConv,onshore_a
ro,1,h0551,0.7865357401457852,scr1996,avaConv,onshore_a
ro,1,h0552,0.7716120653301473,scr1996,avaConv,onshore_a
rs,1,h0481,0.5121093660322454,scr1996,avaConv,onshore_a
rs,1,h0482,0.5305815981713177,scr1996,avaConv,onshore_a
rs,1,h0483,0.5781221772561721,scr1996,avaConv,onshore_a
rs,1,h0484,0.5315676045214122,scr1996,avaConv,onshore_a
rs,1,h0485,0.4815574479100733,scr1996,avaConv,onshore_a
rs,1,h0486,0.4386526951567018,scr1996,avaConv,onshore_a
rs,1,h0487,0.40591677218111966,scr1996,avaConv,onshore_a
rs,1,h0488,0.37003338992553025,scr1996,avaConv,onshore_a
rs,1,h0489,0.32390343480801326,scr1996,avaConv,onshore_a
rs,1,h0490,0.2771160800144838,scr1996,avaConv,onshore_a
rs,1,h0491,0.2216697507638715,scr1996,avaConv,onshore_a
rs,1,h0492,0.17018266027356038,scr1996,avaConv,onshore_a
rs,1,h0493,0.36793482771438724,scr1996,avaConv,onshore_a
rs,1,h0494,0.5382939375490128,scr1996,avaConv,onshore_a
rs,1,h0495,0.6616957273438286,scr1996,avaConv,onshore_a
rs,1,h0496,0.5437250290815103,scr1996,avaConv,onshore_a
rs,1,h0497,0.45744398811254744,scr1996,avaConv,onshore_a
rs,1,h0498,0.41865539805388646,scr1996,avaConv,onshore_a
rs,1,h0499,0.3547633497539578,scr1996,avaConv,onshore_a
rs,1,h0500,0.3222965641720621,scr1996,avaConv,onshore_a
rs,1,h0501,0.32293308190352943,scr1996,avaConv,onshore_a
rs,1,h0502,0.38641450922755793,scr1996,avaConv,onshore_a
rs,1,h0503,0.43099087089264815,scr1996,avaConv,onshore_a
rs,1,h0504,0.4660607784823057,scr1996,avaConv,onshore_a
rs,1,h0505,0.3459016631801069,scr1996,avaConv,onshore_a
rs,1,h0506,0.22220620328598784,scr1996,avaConv,onshore_a
rs,1,h0507,0.07654426086560408,scr1996,avaConv,onshore_a
rs,1,h0508,0.07156913009217818,scr1996,avaConv,onshore_a
rs,1,h0509,0.0662349271779665,scr1996,avaConv,onshore_a
rs,1,h0510,0.06395493516238837,scr1996,avaConv,onshore_a
rs,1,h0511,0.08352853257575127,scr1996,avaConv,onshore_a
rs,1,h0512,0.10128588911516077,scr1996,avaConv,onshore_a
rs,1,h0513,0.11183399583954874,scr1996,avaConv,onshore_a
rs,1,h0514,0.10331445148126422,scr1996,avaConv,onshore_a
rs,1,h0515,0.10472870594777571,scr1996,avaConv,onshore_a
rs,1,h0516,0.11600227378627706,scr1996,avaConv,onshore_a
rs,1,h0517,0.2206145616766341,scr1996,avaConv,onshore_a
rs,1,h0518,0.30695345787290623,scr1996,avaConv,onshore_a
rs,1,h0519,0.3770133275591982,scr1996,avaConv,onshore_a
rs,1,h0520,0.34662126411066674,scr1996,avaConv,onshore_a
rs,1,h0521,0.32832022621286616,scr1996,avaConv,onshore_a
rs,1,h0522,0.3273899089693941,scr1996,avaConv,onshore_a
rs,1,h0523,0.3150127798224164,scr1996,avaConv,onshore_a
rs,1,h0524,0.29500820556740276,scr1996,avaConv,onshore_a
rs,1,h0525,0.2604283719710447,scr1996,avaConv,onshore_a
rs,1,h0526,0.23992126952968584,scr1996,avaConv,onshore_a
rs,1,h0527,0.22003783343391736,scr1996,avaConv,onshore_a
rs,1,h0528,0.19251911151548148,scr1996,avaConv,onshore_a
rs,1,h0529,0.17694794219254414,scr1996,avaConv,onshore_a
rs,1,h0530,0.1594476026246831,scr1996,avaConv,onshore_a
rs,1,h0531,0.15751075947964183,scr1996,avaConv,onshore_a
rs,1,h0532,0.1566893565159857,scr1996,avaConv,onshore_a
rs,1,h0533,0.1682156618627147,scr1996,avaConv,onshore_a
rs,1,h0534,0.18663137447171407,scr1996,avaConv,onshore_a
rs,1,h0535,0.4277190302507365,scr1996,avaConv,onshore_a
rs,1,h0536,0.6495546025383204,scr1996,avaConv,onshore_a
rs,1,h0537,0.8565366854444821,scr1996,avaConv,onshore_a
rs,1,h0538,0.8482706816478761,scr1996,avaConv,onshore_a
rs,1,h0539,0.8368087486770701,scr1996,avaConv,onshore_a
rs,1,h0540,0.8305699617236095,scr1996,avaConv,onshore_a
rs,1,h0541,0.6478272503053611,scr1996,avaConv,onshore_a
rs,1,h0542,0.46010643183827316,scr1996,avaConv,onshore_a
rs,1,h0543,0.2509303982971115,scr1996,avaConv,onshore_a
rs,1,h0544,0.21364708452443756,scr1996,avaConv,onshore_a
rs,1,h0545,0.19274035008867738,scr1996,avaConv,onshore_a
rs,1,h0546,0.19738951540146624,scr1996,avaConv,onshore_a
rs,1,h0547,0.33549379460128154,scr1996,avaConv,onshore_a
rs,1,h0548,0.4626690976229382,scr1996,avaConv,onshore_a
rs,1,h0549,0.5640193071161553,scr1996,avaConv,onshore_a
rs,1,h0550,0.5338376745469631,scr1996,avaConv,onshore_a
rs,1,h0551,0.49671330644517986,scr1996,avaConv,onshore_a
rs,1,h0552,0.45855663445820827,scr1996,avaConv,onshore_a
se_1,1,h0481,0.08917183049522776,scr1996,avaConv,onshore_a
se_1,1,h0482,0.07457881367336881,scr1996,avaConv,onshore_a
se_1,1,h0483,0.07656053667380462,scr1996,avaConv,onshore_a
se_1,1,h0484,0.10972417002275153,scr1996,avaConv,onshore_a
se_1,1,h0485,0.1392183731243265,scr1996,avaConv,onshore_a
se_1,1,h0486,0.15650237381269697,scr1996,avaConv,onshore_a
se_1,1,h0487,0.14575433185493003,scr1996,avaConv,onshore_a
se_1,1,h0488,0.1200418848848944,scr1996,avaConv,onshore_a
se_1,1,h0489,0.08517634655722296,scr1996,avaConv,onshore_a
se_1,1,h0490,0.07056493391396772,scr1996,avaConv,onshore_a
se_1,1,h0491,0.07115976365815926,scr1996,avaConv,onshore_a
se_1,1,h0492,0.08489974035946769,scr1996,avaConv,onshore_a
se_1,1,h0493,0.22855440825165707,scr1996,avaConv,onshore_a
se_1,1,h0494,0.356345171216436,scr1996,avaConv,onshore_a
se_1,1,h0495,0.47699119287951597,scr1996,avaConv,onshore_a
se_1,1,h0496,0.5135715101049568,scr1996,avaConv,onshore_a
se_1,1,h0497,0.5610802050677087,scr1996,avaConv,onshore_a
se_1,1,h0498,0.6185796625997453,scr1996,avaConv,onshore_a
se_1,1,h0499,0.575858437284673,scr1996,avaConv,onshore_a
se_1,1,h0500,0.5173350832582578,scr1996,avaConv,onshore_a
se_1,1,h0501,0.44393126763912416,scr1996,avaConv,onshore_a
se_1,1,h0502,0.4671244992274602,scr1996,avaConv,onshore_a
se_1,1,h0503,0.47100777065977206,scr1996,avaConv,onshore_a
se_1,1,h0504,0.46313939855333347,scr1996,avaConv,onshore_a
se_1,1,h0505,0.5817475769309631,scr1996,avaConv,onshore_a
se_1,1,h0506,0.7095963165197613,scr1996,avaConv,onshore_a
se_1,1,h0507,0.8357815279358639,scr1996,avaConv,onshore_a
se_1,1,h0508,0.8472628096558951,scr1996,avaConv,onshore_a
se_1,1,h0509,0.8618767044385708,scr1996,avaConv,onshore_a
se_1,1,h0510,0.8777411784810746,scr1996,avaConv,onshore_a
se_1,1,h0511,0.6749152588445324,scr1996,avaConv,onshore_a
se_1,1,h0512,0.4275666809850475,scr1996,avaConv,onshore_a
se_1,1,h0513,0.09188385550192148,scr1996,avaConv,onshore_a
se_1,1,h0514,0.05304504082114361,scr1996,avaConv,onshore_a
se_1,1,h0515,0.020911172706801404,scr1996,avaConv,onshore_a
se_1,1,h0516,0.0003395074122745914,scr1996,avaConv,onshore_a
se_1,1,h0517,0.2941865779978392,scr1996,avaConv,onshore_a
se_1,1,h0518,0.47700073045780966,scr1996,avaConv,onshore_a
se_1,1,h0519,0.6344850982115836,scr1996,avaConv,onshore_a
se_1,1,h0520,0.6059866665780691,scr1996,avaConv,onshore_a
se_1,1,h0521,0.6154958933278614,scr1996,avaConv,onshore_a
se_1,1,h0522,0.6465502649516678,scr1996,avaConv,onshore_a
se_1,1,h0523,0.720473994286115,scr1996,avaConv,onshore_a
se_1,1,h0524,0.7754671562462241,scr1996,avaConv,onshore_a
se_1,1,h0525,0.8112557746418071,scr1996,avaConv,onshore_a
se_1,1,h0526,0.8024417591301575,scr1996,avaConv,onshore_a
se_1,1,h0527,0.8014305429102632,scr1996,avaConv,onshore_a
se_1,1,h0528,0.7991502648936464,scr1996,avaConv,onshore_a
se_1,1,h0529,0.8454481344030792,scr1996,avaConv,onshore_a
se_1,1,h0530,0.8859090585171111,scr1996,avaConv,onshore_a
se_1,1,h0531,0.9301496249757553,scr1996,avaConv,onshore_a
se_1,1,h0532,0.9277651967376731,scr1996,avaConv,onshore_a
se_1,1,h0533,0.9207742848590769,scr1996,avaConv,onshore_a
se_1,1,h0534,0.9079774716469503,scr1996,avaConv,onshore_a
se_1,1,h0535,0.6912173640197943,scr1996,avaConv,onshore_a
se_1,1,h0536,0.4541739788874326,scr1996,avaConv,onshore_a
se_1,1,h0537,0.17236331633729682,scr1996,avaConv,onshore_a
se_1,1,h0538,0.16546282701025725,scr1996,avaConv,onshore_a
se_1,1,h0539,0.15968406217183803,scr1996,avaConv,onshore_a
se_1,1,h0540,0.15366829472644244,scr1996,avaConv,onshore_a
se_1,1,h0541,0.15166375334845092,scr1996,avaConv,onshore_a
se_1,1,h0542,0.15133025965780197,scr1996,avaConv,onshore_a
se_1,1,h0543,0.15165051123002826,scr1996,avaConv,onshore_a
se_1,1,h0544,0.15304527798652245,scr1996,avaConv,onshore_a
se_1,1,h0545,0.15150065881057787,scr1996,avaConv,onshore_a
se_1,1,h0546,0.15273703885521187,scr1996,avaConv,onshore_a
se_1,1,h0547,0.11422283742172153,scr1996,avaConv,onshore_a
se_1,1,h0548,0.07339397843996892,scr1996,avaConv,onshore_a
se_1,1,h0549,0.022912232207347682,scr1996,avaConv,onshore_a
se_1,1,h0550,0.02796899222910388,scr1996,avaConv,onshore_a
se_1,1,h0551,0.04190019753210363,scr1996,avaConv,onshore_a
se_1,1,h0552,0.05155854565700224,scr1996,avaConv,onshore_a
se_2,1,h0481,0.14837440747587366,scr1996,avaConv,onshore_a
se_2,1,h0482,0.09614984777734428,scr1996,avaConv,onshore_a
se_2,1,h0483,0.038239890611751835,scr1996,avaConv,onshore_a
se_2,1,h0484,0.03895767878955181,scr1996,avaConv,onshore_a
se_2,1,h0485,0.045871164773238104,scr1996,avaConv,onshore_a
se_2,1,h0486,0.05662365525916143,scr1996,avaConv,onshore_a
se_2,1,h0487,0.061472986765361934,scr1996,avaConv,onshore_a
se_2,1,h0488,0.056259153577727754,scr1996,avaConv,onshore_a
se_2,1,h0489,0.045908513749488074,scr1996,avaConv,onshore_a
se_2,1,h0490,0.03854651362337525,scr1996,avaConv,onshore_a
se_2,1,h0491,0.037269490565562474,scr1996,avaConv,onshore_a
se_2,1,h0492,0.037760649834482116,scr1996,avaConv,onshore_a
se_2,1,h0493,0.1490334782310001,scr1996,avaConv,onshore_a
se_2,1,h0494,0.2505603315034191,scr1996,avaConv,onshore_a
se_2,1,h0495,0.34403728327006977,scr1996,avaConv,onshore_a
se_2,1,h0496,0.3255484120556966,scr1996,avaConv,onshore_a
se_2,1,h0497,0.310477275801488,scr1996,avaConv,onshore_a
se_2,1,h0498,0.30771159451548125,scr1996,avaConv,onshore_a
se_2,1,h0499,0.3759750734038766,scr1996,avaConv,onshore_a
se_2,1,h0500,0.44595339634259945,scr1996,avaConv,onshore_a
se_2,1,h0501,0.5119635055281816,scr1996,avaConv,onshore_a
se_2,1,h0502,0.5325049233909545,scr1996,avaConv,onshore_a
se_2,1,h0503,0.5357613367540575,scr1996,avaConv,onshore_a
se_2,1,h0504,0.5320684025852921,scr1996,avaConv,onshore_a
se_2,1,h0505,0.5642447993924781,scr1996,avaConv,onshore_a
se_2,1,h0506,0.5888676791102672,scr1996,avaConv,onshore_a
se_2,1,h0507,0.5974684467534519,scr1996,avaConv,onshore_a
se_2,1,h0508,0.5594552333000565,scr1996,avaConv,onshore_a
se_2,1,h0509,0.5385790695276301,scr1996,avaConv,onshore_a
se_2,1,h0510,0.5405924755990367,scr1996,avaConv,onshore_a
se_2,1,h0511,0.4487754062554189,scr1996,avaConv,onshore_a
se_2,1,h0512,0.3275004417276317,scr1996,avaConv,onshore_a
se_2,1,h0513,0.1654194101158442,scr1996,avaConv,onshore_a
se_2,1,h0514,0.09938756359463354,scr1996,avaConv,onshore_a
se_2,1,h0515,0.05365325494962694,scr1996,avaConv,onshore_a
se_2,1,h0516,0.046782466940639526,scr1996,avaConv,onshore_a
se_2,1,h0517,0.32357169668286284,scr1996,avaConv,onshore_a
se_2,1,h0518,0.5417351919823,scr1996,avaConv,onshore_a
se_2,1,h0519,0.7358021554795806,scr1996,avaConv,onshore_a
se_2,1,h0520,0.7070193317697109,scr1996,avaConv,onshore_a
se_2,1,h0521,0.7075165585070349,scr1996,avaConv,onshore_a
se_2,1,h0522,0.7177558287663942,scr1996,avaConv,onshore_a
se_2,1,h0523,0.6694689296811881,scr1996,avaConv,onshore_a
se_2,1,h0524,0.6100013058306095,scr1996,avaConv,onshore_a
se_2,1,h0525,0.5390104124320201,scr1996,avaConv,onshore_a
se_2,1,h0526,0.5368492622162256,scr1996,avaConv,onshore_a
se_2,1,h0527,0.5633463052214557,scr1996,avaConv,onshore_a
se_2,1,h0528,0.5892020307730472,scr1996,avaConv,onshore_a
se_2,1,h0529,0.6352432695400703,scr1996,avaConv,onshore_a
se_2,1,h0530,0.6487632474642858,scr1996,avaConv,onshore_a
se_2,1,h0531,0.6728733792968551,scr1996,avaConv,onshore_a
se_2,1,h0532,0.676489788934858,scr1996,avaConv,onshore_a
se_2,1,h0533,0.6947773255722482,scr1996,avaConv,onshore_a
se_2,1,h0534,0.7104458671856878,scr1996,avaConv,onshore_a
se_2,1,h0535,0.6021116774981462,scr1996,avaConv,onshore_a
se_2,1,h0536,0.4786578510928728,scr1996,avaConv,onshore_a
se_2,1,h0537,0.33558520911340806,scr1996,avaConv,onshore_a
se_2,1,h0538,0.30798292831522356,scr1996,avaConv,onshore_a
se_2,1,h0539,0.2793757150204925,scr1996,avaConv,onshore_a
se_2,1,h0540,0.2535740602152687,scr1996,avaConv,onshore_a
se_2,1,h0541,0.22923208831736072,scr1996,avaConv,onshore_a
se_2,1,h0542,0.2004319345267374,scr1996,avaConv,onshore_a
se_2,1,h0543,0.16782447540243411,scr1996,avaConv,onshore_a
se_2,1,h0544,0.14698212763254745,scr1996,avaConv,onshore_a
se_2,1,h0545,0.1440849528481928,scr1996,avaConv,onshore_a
se_2,1,h0546,0.15897149103493655,scr1996,avaConv,onshore_a
se_2,1,h0547,0.15154544527131927,scr1996,avaConv,onshore_a
se_2,1,h0548,0.14027831090020856,scr1996,avaConv,onshore_a
se_2,1,h0549,0.1282727588121754,scr1996,avaConv,onshore_a
se_2,1,h0550,0.14116608531868668,scr1996,avaConv,onshore_a
se_2,1,h0551,0.15921127536328483,scr1996,avaConv,onshore_a
se_2,1,h0552,0.16741330743758104,scr1996,avaConv,onshore_a
se_3,1,h0481,0.2823807420121045,scr1996,avaConv,onshore_a
se_3,1,h0482,0.3281702999891584,scr1996,avaConv,onshore_a
se_3,1,h0483,0.3813774106396996,scr1996,avaConv,onshore_a
se_3,1,h0484,0.38283992264911026,scr1996,avaConv,onshore_a
se_3,1,h0485,0.39556704266693055,scr1996,avaConv,onshore_a
se_3,1,h0486,0.4107800301126066,scr1996,avaConv,onshore_a
se_3,1,h0487,0.3771750866507447,scr1996,avaConv,onshore_a
se_3,1,h0488,0.3382800061000923,scr1996,avaConv,onshore_a
se_3,1,h0489,0.28826827296201935,scr1996,avaConv,onshore_a
se_3,1,h0490,0.2748042971819866,scr1996,avaConv,onshore_a
se_3,1,h0491,0.24513652877126227,scr1996,avaConv,onshore_a
se_3,1,h0492,0.2070879731597831,scr1996,avaConv,onshore_a
se_3,1,h0493,0.15162735799002952,scr1996,avaConv,onshore_a
se_3,1,h0494,0.10525402744042209,scr1996,avaConv,onshore_a
se_3,1,h0495,0.06688882366096131,scr1996,avaConv,onshore_a
se_3,1,h0496,0.05469178073816066,scr1996,avaConv,onshore_a
se_3,1,h0497,0.049541280342043754,scr1996,avaConv,onshore_a
se_3,1,h0498,0.05827295036855384,scr1996,avaConv,onshore_a
se_3,1,h0499,0.11101419918454172,scr1996,avaConv,onshore_a
se_3,1,h0500,0.17360929895565907,scr1996,avaConv,onshore_a
se_3,1,h0501,0.23769151333161903,scr1996,avaConv,onshore_a
se_3,1,h0502,0.27267193296091563,scr1996,avaConv,onshore_a
se_3,1,h0503,0.299579119620887,scr1996,avaConv,onshore_a
se_3,1,h0504,0.3059526348635674,scr1996,avaConv,onshore_a
se_3,1,h0505,0.443266753183325,scr1996,avaConv,onshore_a
se_3,1,h0506,0.5444055862562376,scr1996,avaConv,onshore_a
se_3,1,h0507,0.6419504814896015,scr1996,avaConv,onshore_a
se_3,1,h0508,0.61235587511229,scr1996,avaConv,onshore_a
se_3,1,h0509,0.597425495808515,scr1996,avaConv,onshore_a
se_3,1,h0510,0.5924122296641834,scr1996,avaConv,onshore_a
se_3,1,h0511,0.457650887966395,scr1996,avaConv,onshore_a
se_3,1,h0512,0.31238747576655757,scr1996,avaConv,onshore_a
se_3,1,h0513,0.14128038224100453,scr1996,avaConv,onshore_a
se_3,1,h0514,0.12372246856538885,scr1996,avaConv,onshore_a
se_3,1,h0515,0.13208498538457614,scr1996,avaConv,onshore_a
se_3,1,h0516,0.18022598633723877,scr1996,avaConv,onshore_a
se_3,1,h0517,0.4239405601808688,scr1996,avaConv,onshore_a
se_3,1,h0518,0.6344608715620226,scr1996,avaConv,onshore_a
se_3,1,h0519,0.8014069405749669,scr1996,avaConv,onshore_a
se_3,1,h0520,0.7744077158970019,scr1996,avaConv,onshore_a
se_3,1,h0521,0.7419603677907469,scr1996,avaConv,onshore_a
se_3,1,h0522,0.7192260223604564,scr1996,avaConv,onshore_a
se_3,1,h0523,0.6659054238331891,scr1996,avaConv,onshore_a
se_3,1,h0524,0.6167988686099889,scr1996,avaConv,onshore_a
se_3,1,h0525,0.5688641134097678,scr1996,avaConv,onshore_a
se_3,1,h0526,0.5816978491895388,scr1996,avaConv,onshore_a
se_3,1,h0527,0.6153922459585495,scr1996,avaConv,onshore_a
se_3,1,h0528,0.6461367563855138,scr1996,avaConv,onshore_a
se_3,1,h0529,0.6697754627151526,scr1996,avaConv,onshore_a
se_3,1,h0530,0.6567412775600286,scr1996,avaConv,onshore_a
se_3,1,h0531,0.6317642594721512,scr1996,avaConv,onshore_a
se_3,1,h0532,0.5834248506351452,scr1996,avaConv,onshore_a
se_3,1,h0533,0.5264780566452296,scr1996,avaConv,onshore_a
se_3,1,h0534,0.4597667356685581,scr1996,avaConv,onshore_a
se_3,1,h0535,0.41892420302465444,scr1996,avaConv,onshore_a
se_3,1,h0536,0.4043735317366033,scr1996,avaConv,onshore_a
se_3,1,h0537,0.40893573531190114,scr1996,avaConv,onshore_a
se_3,1,h0538,0.39858149342721794,scr1996,avaConv,onshore_a
se_3,1,h0539,0.3835009041131817,scr1996,avaConv,onshore_a
se_3,1,h0540,0.37160377738018163,scr1996,avaConv,onshore_a
se_3,1,h0541,0.2952944626118123,scr1996,avaConv,onshore_a
se_3,1,h0542,0.21598776879840975,scr1996,avaConv,onshore_a
se_3,1,h0543,0.12017569287747124,scr1996,avaConv,onshore_a
se_3,1,h0544,0.1066172298123674,scr1996,avaConv,onshore_a
se_3,1,h0545,0.10105894992003812,scr1996,avaConv,onshore_a
se_3,1,h0546,0.11229041405197213,scr1996,avaConv,onshore_a
se_3,1,h0547,0.09345975779821535,scr1996,avaConv,onshore_a
se_3,1,h0548,0.06625437759985695,scr1996,avaConv,onshore_a
se_3,1,h0549,0.026659553166615137,scr1996,avaConv,onshore_a
se_3,1,h0550,0.02702359350024199,scr1996,avaConv,onshore_a
se_3,1,h0551,0.03142413738112955,scr1996,avaConv,onshore_a
se_3,1,h0552,0.035358557152426674,scr1996,avaConv,onshore_a
se_4,1,h0481,0.3579152726068151,scr1996,avaConv,onshore_a
se_4,1,h0482,0.33157578478962657,scr1996,avaConv,onshore_a
se_4,1,h0483,0.32423654835809296,scr1996,avaConv,onshore_a
se_4,1,h0484,0.3407728702898307,scr1996,avaConv,onshore_a
se_4,1,h0485,0.38012399978560163,scr1996,avaConv,onshore_a
se_4,1,h0486,0.43063363896383144,scr1996,avaConv,onshore_a
se_4,1,h0487,0.4478632262437487,scr1996,avaConv,onshore_a
se_4,1,h0488,0.449523270989278,scr1996,avaConv,onshore_a
se_4,1,h0489,0.44769347789763175,scr1996,avaConv,onshore_a
se_4,1,h0490,0.48380007060560554,scr1996,avaConv,onshore_a
se_4,1,h0491,0.5033838487087885,scr1996,avaConv,onshore_a
se_4,1,h0492,0.5124161161934301,scr1996,avaConv,onshore_a
se_4,1,h0493,0.423761381947729,scr1996,avaConv,onshore_a
se_4,1,h0494,0.34451246272949854,scr1996,avaConv,onshore_a
se_4,1,h0495,0.2582834100555065,scr1996,avaConv,onshore_a
se_4,1,h0496,0.2539230133995213,scr1996,avaConv,onshore_a
se_4,1,h0497,0.2555606341568693,scr1996,avaConv,onshore_a
se_4,1,h0498,0.2774418309972673,scr1996,avaConv,onshore_a
se_4,1,h0499,0.2336826070261081,scr1996,avaConv,onshore_a
se_4,1,h0500,0.1954063384852925,scr1996,avaConv,onshore_a
se_4,1,h0501,0.14249342005363974,scr1996,avaConv,onshore_a
se_4,1,h0502,0.16497357481145206,scr1996,avaConv,onshore_a
se_4,1,h0503,0.19641089557143707,scr1996,avaConv,onshore_a
se_4,1,h0504,0.2127615283966742,scr1996,avaConv,onshore_a
se_4,1,h0505,0.2713077330895043,scr1996,avaConv,onshore_a
se_4,1,h0506,0.2978948062615265,scr1996,avaConv,onshore_a
se_4,1,h0507,0.31885788298324813,scr1996,avaConv,onshore_a
se_4,1,h0508,0.27839645610429076,scr1996,avaConv,onshore_a
se_4,1,h0509,0.24575695540397055,scr1996,avaConv,onshore_a
se_4,1,h0510,0.21555650052619793,scr1996,avaConv,onshore_a
se_4,1,h0511,0.2479939917119176,scr1996,avaConv,onshore_a
se_4,1,h0512,0.25841750528298457,scr1996,avaConv,onshore_a
se_4,1,h0513,0.2792695159886637,scr1996,avaConv,onshore_a
se_4,1,h0514,0.28259605980174785,scr1996,avaConv,onshore_a
se_4,1,h0515,0.3247676626617282,scr1996,avaConv,onshore_a
se_4,1,h0516,0.37880071199140347,scr1996,avaConv,onshore_a
se_4,1,h0517,0.36879525643171657,scr1996,avaConv,onshore_a
se_4,1,h0518,0.3458868366566064,scr1996,avaConv,onshore_a
se_4,1,h0519,0.2973035318721726,scr1996,avaConv,onshore_a
se_4,1,h0520,0.26602517785764207,scr1996,avaConv,onshore_a
se_4,1,h0521,0.23204435796406092,scr1996,avaConv,onshore_a
se_4,1,h0522,0.2196795203179997,scr1996,avaConv,onshore_a
se_4,1,h0523,0.2277216014705515,scr1996,avaConv,onshore_a
se_4,1,h0524,0.24418411974698967,scr1996,avaConv,onshore_a
se_4,1,h0525,0.25957384938583067,scr1996,avaConv,onshore_a
se_4,1,h0526,0.2942403299502192,scr1996,avaConv,onshore_a
se_4,1,h0527,0.3644862360291572,scr1996,avaConv,onshore_a
se_4,1,h0528,0.4457949988242182,scr1996,avaConv,onshore_a
se_4,1,h0529,0.4125311077413847,scr1996,avaConv,onshore_a
se_4,1,h0530,0.32607414022972464,scr1996,avaConv,onshore_a
se_4,1,h0531,0.21116320709011752,scr1996,avaConv,onshore_a
se_4,1,h0532,0.19405612019288965,scr1996,avaConv,onshore_a
se_4,1,h0533,0.1804620612162803,scr1996,avaConv,onshore_a
se_4,1,h0534,0.16442075016481153,scr1996,avaConv,onshore_a
se_4,1,h0535,0.21257842774337385,scr1996,avaConv,onshore_a
se_4,1,h0536,0.25844890144458255,scr1996,avaConv,onshore_a
se_4,1,h0537,0.30016400894472606,scr1996,avaConv,onshore_a
se_4,1,h0538,0.2833350874517899,scr1996,avaConv,onshore_a
se_4,1,h0539,0.2691779514195679,scr1996,avaConv,onshore_a
se_4,1,h0540,0.2668692079661054,scr1996,avaConv,onshore_a
se_4,1,h0541,0.23965521109218982,scr1996,avaConv,onshore_a
se_4,1,h0542,0.20573519215446018,scr1996,avaConv,onshore_a
se_4,1,h0543,0.15696415063447644,scr1996,avaConv,onshore_a
se_4,1,h0544,0.1337675845714889,scr1996,avaConv,onshore_a
se_4,1,h0545,0.1266382867769673,scr1996,avaConv,onshore_a
se_4,1,h0546,0.13881595212981723,scr1996,avaConv,onshore_a
se_4,1,h0547,0.13432517291544602,scr1996,avaConv,onshore_a
se_4,1,h0548,0.11973014870496825,scr1996,avaConv,onshore_a
se_4,1,h0549,0.09599809483661106,scr1996,avaConv,onshore_a
se_4,1,h0550,0.08977513145232661,scr1996,avaConv,onshore_a
se_4,1,h0551,0.0896151458050354,scr1996,avaConv,onshore_a
se_4,1,h0552,0.08706212723346424,scr1996,avaConv,onshore_a
si,1,h0481,0.10989432988617101,scr1996,avaConv,onshore_a
si,1,h0482,0.0738412535796352,scr1996,avaConv,onshore_a
si,1,h0483,0.039835630425944846,scr1996,avaConv,onshore_a
si,1,h0484,0.03979690951631044,scr1996,avaConv,onshore_a
si,1,h0485,0.035215675416282656,scr1996,avaConv,onshore_a
si,1,h0486,0.027264046196477192,scr1996,avaConv,onshore_a
si,1,h0487,0.03685116357615475,scr1996,avaConv,onshore_a
si,1,h0488,0.0445924582692476,scr1996,avaConv,onshore_a
si,1,h0489,0.04951251116393313,scr1996,avaConv,onshore_a
si,1,h0490,0.03511855785471186,scr1996,avaConv,onshore_a
si,1,h0491,0.020221871804976622,scr1996,avaConv,onshore_a
si,1,h0492,0.008658335578802946,scr1996,avaConv,onshore_a
si,1,h0493,0.18996414088211036,scr1996,avaConv,onshore_a
si,1,h0494,0.31789608029736327,scr1996,avaConv,onshore_a
si,1,h0495,0.4197242216819531,scr1996,avaConv,onshore_a
si,1,h0496,0.36724344237734813,scr1996,avaConv,onshore_a
si,1,h0497,0.32779696356768434,scr1996,avaConv,onshore_a
si,1,h0498,0.30565074419057947,scr1996,avaConv,onshore_a
si,1,h0499,0.24453985596950334,scr1996,avaConv,onshore_a
si,1,h0500,0.17531365372060403,scr1996,avaConv,onshore_a
si,1,h0501,0.09195682139573855,scr1996,avaConv,onshore_a
si,1,h0502,0.06359249608531173,scr1996,avaConv,onshore_a
si,1,h0503,0.04226767360125848,scr1996,avaConv,onshore_a
si,1,h0504,0.027826353893174872,scr1996,avaConv,onshore_a
si,1,h0505,0.06592706680226675,scr1996,avaConv,onshore_a
si,1,h0506,0.11005331199034482,scr1996,avaConv,onshore_a
si,1,h0507,0.1513461246940312,scr1996,avaConv,onshore_a
si,1,h0508,0.15179889446911374,scr1996,avaConv,onshore_a
si,1,h0509,0.1424739174309747,scr1996,avaConv,onshore_a
si,1,h0510,0.12861043511829906,scr1996,avaConv,onshore_a
si,1,h0511,0.29940277726775993,scr1996,avaConv,onshore_a
si,1,h0512,0.44942464291772805,scr1996,avaConv,onshore_a
si,1,h0513,0.5768961559077139,scr1996,avaConv,onshore_a
si,1,h0514,0.5251521267979734,scr1996,avaConv,onshore_a
si,1,h0515,0.49896288082133017,scr1996,avaConv,onshore_a
si,1,h0516,0.5322748787560606,scr1996,avaConv,onshore_a
si,1,h0517,0.5173915265213761,scr1996,avaConv,onshore_a
si,1,h0518,0.49048856804706265,scr1996,avaConv,onshore_a
si,1,h0519,0.39656572299203396,scr1996,avaConv,onshore_a
si,1,h0520,0.3651275848658916,scr1996,avaConv,onshore_a
si,1,h0521,0.3193342960181087,scr1996,avaConv,onshore_a
si,1,h0522,0.30022247242087047,scr1996,avaConv,onshore_a
si,1,h0523,0.30388749712512236,scr1996,avaConv,onshore_a
si,1,h0524,0.3113144708344233,scr1996,avaConv,onshore_a
si,1,h0525,0.3109732578243596,scr1996,avaConv,onshore_a
si,1,h0526,0.29162658882190895,scr1996,avaConv,onshore_a
si,1,h0527,0.25262251391320373,scr1996,avaConv,onshore_a
si,1,h0528,0.21107847626776385,scr1996,avaConv,onshore_a
si,1,h0529,0.1494864490493317,scr1996,avaConv,onshore_a
si,1,h0530,0.10748367070901862,scr1996,avaConv,onshore_a
si,1,h0531,0.06760825864514457,scr1996,avaConv,onshore_a
si,1,h0532,0.05966246612976813,scr1996,avaConv,onshore_a
si,1,h0533,0.05215688349530171,scr1996,avaConv,onshore_a
si,1,h0534,0.048568240171251435,scr1996,avaConv,onshore_a
si,1,h0535,0.09972932398180168,scr1996,avaConv,onshore_a
si,1,h0536,0.14264921396726574,scr1996,avaConv,onshore_a
si,1,h0537,0.16625035819310793,scr1996,avaConv,onshore_a
si,1,h0538,0.14265624272910327,scr1996,avaConv,onshore_a
si,1,h0539,0.14130164034857345,scr1996,avaConv,onshore_a
si,1,h0540,0.16294316287347194,scr1996,avaConv,onshore_a
si,1,h0541,0.13805272207650976,scr1996,avaConv,onshore_a
si,1,h0542,0.09348889430116775,scr1996,avaConv,onshore_a
si,1,h0543,0.0328978881782843,scr1996,avaConv,onshore_a
si,1,h0544,0.028808069699653105,scr1996,avaConv,onshore_a
si,1,h0545,0.02146158213996295,scr1996,avaConv,onshore_a
si,1,h0546,0.02081070337397187,scr1996,avaConv,onshore_a
si,1,h0547,0.11399613718870769,scr1996,avaConv,onshore_a
si,1,h0548,0.18789961638159863,scr1996,avaConv,onshore_a
si,1,h0549,0.2516163909674187,scr1996,avaConv,onshore_a
si,1,h0550,0.2377119466803238,scr1996,avaConv,onshore_a
si,1,h0551,0.20580764450639974,scr1996,avaConv,onshore_a
si,1,h0552,0.16841134452553463,scr1996,avaConv,onshore_a
sk,1,h0481,0.34510038293048745,scr1996,avaConv,onshore_a
sk,1,h0482,0.38213785183484794,scr1996,avaConv,onshore_a
sk,1,h0483,0.40041978914177584,scr1996,avaConv,onshore_a
sk,1,h0484,0.34760891108780884,scr1996,avaConv,onshore_a
sk,1,h0485,0.30581663607212844,scr1996,avaConv,onshore_a
sk,1,h0486,0.27292060445816974,scr1996,avaConv,onshore_a
sk,1,h0487,0.21866931579650492,scr1996,avaConv,onshore_a
sk,1,h0488,0.17005610231557358,scr1996,avaConv,onshore_a
sk,1,h0489,0.11972667232762951,scr1996,avaConv,onshore_a
sk,1,h0490,0.1107198815344411,scr1996,avaConv,onshore_a
sk,1,h0491,0.10476734776817699,scr1996,avaConv,onshore_a
sk,1,h0492,0.10674684468557456,scr1996,avaConv,onshore_a
sk,1,h0493,0.2869435154235687,scr1996,avaConv,onshore_a
sk,1,h0494,0.453322598898651,scr1996,avaConv,onshore_a
sk,1,h0495,0.6224207906241994,scr1996,avaConv,onshore_a
sk,1,h0496,0.6282121544117307,scr1996,avaConv,onshore_a
sk,1,h0497,0.6234137362263302,scr1996,avaConv,onshore_a
sk,1,h0498,0.5993447528107951,scr1996,avaConv,onshore_a
sk,1,h0499,0.4467190477505325,scr1996,avaConv,onshore_a
sk,1,h0500,0.2896801842534404,scr1996,avaConv,onshore_a
sk,1,h0501,0.12524518950328772,scr1996,avaConv,onshore_a
sk,1,h0502,0.11008476161777231,scr1996,avaConv,onshore_a
sk,1,h0503,0.09765473098152908,scr1996,avaConv,onshore_a
sk,1,h0504,0.09078569473410171,scr1996,avaConv,onshore_a
sk,1,h0505,0.180818352497949,scr1996,avaConv,onshore_a
sk,1,h0506,0.26081257615983294,scr1996,avaConv,onshore_a
sk,1,h0507,0.34263025445978623,scr1996,avaConv,onshore_a
sk,1,h0508,0.3401725078947412,scr1996,avaConv,onshore_a
sk,1,h0509,0.33897558187545046,scr1996,avaConv,onshore_a
sk,1,h0510,0.3314324149238496,scr1996,avaConv,onshore_a
sk,1,h0511,0.40726337086723063,scr1996,avaConv,onshore_a
sk,1,h0512,0.47992928192513906,scr1996,avaConv,onshore_a
sk,1,h0513,0.5468728879508266,scr1996,avaConv,onshore_a
sk,1,h0514,0.5401996072030303,scr1996,avaConv,onshore_a
sk,1,h0515,0.5427459699560089,scr1996,avaConv,onshore_a
sk,1,h0516,0.5348164565662722,scr1996,avaConv,onshore_a
sk,1,h0517,0.3734728848963334,scr1996,avaConv,onshore_a
sk,1,h0518,0.19577851150136127,scr1996,avaConv,onshore_a
sk,1,h0519,0.004147045073830318,scr1996,avaConv,onshore_a
sk,1,h0520,0.013605040328408818,scr1996,avaConv,onshore_a
sk,1,h0521,0.030532327912858186,scr1996,avaConv,onshore_a
sk,1,h0522,0.05056186050395458,scr1996,avaConv,onshore_a
sk,1,h0523,0.04607121601314449,scr1996,avaConv,onshore_a
sk,1,h0524,0.03378680439766205,scr1996,avaConv,onshore_a
sk,1,h0525,0.013880327926059222,scr1996,avaConv,onshore_a
sk,1,h0526,0.013500511343506908,scr1996,avaConv,onshore_a
sk,1,h0527,0.010229626984192495,scr1996,avaConv,onshore_a
sk,1,h0528,0.005981795755642824,scr1996,avaConv,onshore_a
sk,1,h0529,0.10207157365382347,scr1996,avaConv,onshore_a
sk,1,h0530,0.17351415833628017,scr1996,avaConv,onshore_a
sk,1,h0531,0.23889811805213462,scr1996,avaConv,onshore_a
sk,1,h0532,0.22900051209849157,scr1996,avaConv,onshore_a
sk,1,h0533,0.2350371405622576,scr1996,avaConv,onshore_a
sk,1,h0534,0.24780450678667607,scr1996,avaConv,onshore_a
sk,1,h0535,0.4022466280163741,scr1996,avaConv,onshore_a
sk,1,h0536,0.5356667217150319,scr1996,avaConv,onshore_a
sk,1,h0537,0.6409195952633352,scr1996,avaConv,onshore_a
sk,1,h0538,0.6202791576286907,scr1996,avaConv,onshore_a
sk,1,h0539,0.5922279958487393,scr1996,avaConv,onshore_a
sk,1,h0540,0.5946950626247859,scr1996,avaConv,onshore_a
sk,1,h0541,0.5723716063758519,scr1996,avaConv,onshore_a
sk,1,h0542,0.5626405851049505,scr1996,avaConv,onshore_a
sk,1,h0543,0.5291162147520979,scr1996,avaConv,onshore_a
sk,1,h0544,0.4870401906201599,scr1996,avaConv,onshore_a
sk,1,h0545,0.4380909145150237,scr1996,avaConv,onshore_a
sk,1,h0546,0.4004840736382453,scr1996,avaConv,onshore_a
sk,1,h0547,0.4071385753864609,scr1996,avaConv,onshore_a
sk,1,h0548,0.4142979941843474,scr1996,avaConv,onshore_a
sk,1,h0549,0.41529383312522894,scr1996,avaConv,onshore_a
sk,1,h0550,0.39524458433191045,scr1996,avaConv,onshore_a
sk,1,h0551,0.3603217728926089,scr1996,avaConv,onshore_a
sk,1,h0552,0.33968286136133286,scr1996,avaConv,onshore_a
uk,1,h0481,0.12027453501652403,scr1996,avaConv,onshore_a
uk,1,h0482,0.22494491781920264,scr1996,avaConv,onshore_a
uk,1,h0483,0.33622246422275615,scr1996,avaConv,onshore_a
uk,1,h0484,0.3409632491296192,scr1996,avaConv,onshore_a
uk,1,h0485,0.34578411123861474,scr1996,avaConv,onshore_a
uk,1,h0486,0.3507592248789128,scr1996,avaConv,onshore_a
uk,1,h0487,0.3829222067744588,scr1996,avaConv,onshore_a
uk,1,h0488,0.4233515932406776,scr1996,avaConv,onshore_a
uk,1,h0489,0.4866993262269403,scr1996,avaConv,onshore_a
uk,1,h0490,0.5537730085138237,scr1996,avaConv,onshore_a
uk,1,h0491,0.6031673424000865,scr1996,avaConv,onshore_a
uk,1,h0492,0.6295560052548104,scr1996,avaConv,onshore_a
uk,1,h0493,0.5415207377462354,scr1996,avaConv,onshore_a
uk,1,h0494,0.45214126589889014,scr1996,avaConv,onshore_a
uk,1,h0495,0.3556661413661309,scr1996,avaConv,onshore_a
uk,1,h0496,0.32783622922047106,scr1996,avaConv,onshore_a
uk,1,h0497,0.299292166460475,scr1996,avaConv,onshore_a
uk,1,h0498,0.2688055809005747,scr1996,avaConv,onshore_a
uk,1,h0499,0.4349278081509321,scr1996,avaConv,onshore_a
uk,1,h0500,0.6073475293198424,scr1996,avaConv,onshore_a
uk,1,h0501,0.7863642351900236,scr1996,avaConv,onshore_a
uk,1,h0502,0.7670422848984421,scr1996,avaConv,onshore_a
uk,1,h0503,0.7499127793633811,scr1996,avaConv,onshore_a
uk,1,h0504,0.7223895081443734,scr1996,avaConv,onshore_a
uk,1,h0505,0.722060199617481,scr1996,avaConv,onshore_a
uk,1,h0506,0.7312830989446352,scr1996,avaConv,onshore_a
uk,1,h0507,0.7548892151439255,scr1996,avaConv,onshore_a
uk,1,h0508,0.7502732154939105,scr1996,avaConv,onshore_a
uk,1,h0509,0.7407364473930756,scr1996,avaConv,onshore_a
uk,1,h0510,0.7284883838691204,scr1996,avaConv,onshore_a
uk,1,h0511,0.7183028697687162,scr1996,avaConv,onshore_a
uk,1,h0512,0.704493671548326,scr1996,avaConv,onshore_a
uk,1,h0513,0.6893140513948893,scr1996,avaConv,onshore_a
uk,1,h0514,0.6770805565776578,scr1996,avaConv,onshore_a
uk,1,h0515,0.653078020561528,scr1996,avaConv,onshore_a
uk,1,h0516,0.640989773995046,scr1996,avaConv,onshore_a
uk,1,h0517,0.6303162251032933,scr1996,avaConv,onshore_a
uk,1,h0518,0.6297020186528124,scr1996,avaConv,onshore_a
uk,1,h0519,0.6153521459898572,scr1996,avaConv,onshore_a
uk,1,h0520,0.5912089744342763,scr1996,avaConv,onshore_a
uk,1,h0521,0.5686082787060228,scr1996,avaConv,onshore_a
uk,1,h0522,0.558028249841246,scr1996,avaConv,onshore_a
uk,1,h0523,0.48278646160284244,scr1996,avaConv,onshore_a
uk,1,h0524,0.3999778532395471,scr1996,avaConv,onshore_a
uk,1,h0525,0.30174571697198943,scr1996,avaConv,onshore_a
uk,1,h0526,0.2638988962677325,scr1996,avaConv,onshore_a
uk,1,h0527,0.23567004278719253,scr1996,avaConv,onshore_a
uk,1,h0528,0.21193648529699657,scr1996,avaConv,onshore_a
uk,1,h0529,0.3053127563627032,scr1996,avaConv,onshore_a
uk,1,h0530,0.4119629795606479,scr1996,avaConv,onshore_a
uk,1,h0531,0.5358913169376815,scr1996,avaConv,onshore_a
uk,1,h0532,0.5564062248165315,scr1996,avaConv,onshore_a
uk,1,h0533,0.5802849796664504,scr1996,avaConv,onshore_a
uk,1,h0534,0.6066380394975236,scr1996,avaConv,onshore_a
uk,1,h0535,0.5811417619190139,scr1996,avaConv,onshore_a
uk,1,h0536,0.5458069100710977,scr1996,avaConv,onshore_a
uk,1,h0537,0.5080697594118466,scr1996,avaConv,onshore_a
uk,1,h0538,0.5200676697323905,scr1996,avaConv,onshore_a
uk,1,h0539,0.5446790176171917,scr1996,avaConv,onshore_a
uk,1,h0540,0.5565480591451223,scr1996,avaConv,onshore_a
uk,1,h0541,0.6282815964135874,scr1996,avaConv,onshore_a
uk,1,h0542,0.6787944510959197,scr1996,avaConv,onshore_a
uk,1,h0543,0.7233393854151327,scr1996,avaConv,onshore_a
uk,1,h0544,0.6744910627859289,scr1996,avaConv,onshore_a
uk,1,h0545,0.5972572066114809,scr1996,avaConv,onshore_a
uk,1,h0546,0.4959477096777465,scr1996,avaConv,onshore_a
uk,1,h0547,0.4867797473478799,scr1996,avaConv,onshore_a
uk,1,h0548,0.5176685565711656,scr1996,avaConv,onshore_a
uk,1,h0549,0.5885285503130934,scr1996,avaConv,onshore_a
uk,1,h0550,0.600836439742375,scr1996,avaConv,onshore_a
uk,1,h0551,0.6008217670369476,scr1996,avaConv,onshore_a
uk,1,h0552,0.6141279142977936,scr1996,avaConv,onshore_a
ni,1,h0481,0.3063715176672017,scr1996,avaConv,onshore_a
ni,1,h0482,0.5485077653603,scr1996,avaConv,onshore_a
ni,1,h0483,0.767142239708881,scr1996,avaConv,onshore_a
ni,1,h0484,0.7580723111247244,scr1996,avaConv,onshore_a
ni,1,h0485,0.7428010240784662,scr1996,avaConv,onshore_a
ni,1,h0486,0.7280813705978414,scr1996,avaConv,onshore_a
ni,1,h0487,0.6548823013081064,scr1996,avaConv,onshore_a
ni,1,h0488,0.5892453071688467,scr1996,avaConv,onshore_a
ni,1,h0489,0.5300676245643299,scr1996,avaConv,onshore_a
ni,1,h0490,0.5269151213104136,scr1996,avaConv,onshore_a
ni,1,h0491,0.5757194410830155,scr1996,avaConv,onshore_a
ni,1,h0492,0.6078349735407017,scr1996,avaConv,onshore_a
ni,1,h0493,0.6087835568797866,scr1996,avaConv,onshore_a
ni,1,h0494,0.5542910132127712,scr1996,avaConv,onshore_a
ni,1,h0495,0.5123052317896417,scr1996,avaConv,onshore_a
ni,1,h0496,0.49872737510697435,scr1996,avaConv,onshore_a
ni,1,h0497,0.4680898018736201,scr1996,avaConv,onshore_a
ni,1,h0498,0.42277965945016993,scr1996,avaConv,onshore_a
ni,1,h0499,0.5355627539977296,scr1996,avaConv,onshore_a
ni,1,h0500,0.651810171799579,scr1996,avaConv,onshore_a
ni,1,h0501,0.7722504469476158,scr1996,avaConv,onshore_a
ni,1,h0502,0.7530719084350159,scr1996,avaConv,onshore_a
ni,1,h0503,0.7489116451996972,scr1996,avaConv,onshore_a
ni,1,h0504,0.7460328478356579,scr1996,avaConv,onshore_a
ni,1,h0505,0.7312769839724786,scr1996,avaConv,onshore_a
ni,1,h0506,0.7198055827002581,scr1996,avaConv,onshore_a
ni,1,h0507,0.714676194939822,scr1996,avaConv,onshore_a
ni,1,h0508,0.7177983461413087,scr1996,avaConv,onshore_a
ni,1,h0509,0.6968516170716811,scr1996,avaConv,onshore_a
ni,1,h0510,0.6628453616453941,scr1996,avaConv,onshore_a
ni,1,h0511,0.724397675416521,scr1996,avaConv,onshore_a
ni,1,h0512,0.7987052159822977,scr1996,avaConv,onshore_a
ni,1,h0513,0.8622119777570162,scr1996,avaConv,onshore_a
ni,1,h0514,0.8047487292513531,scr1996,avaConv,onshore_a
ni,1,h0515,0.6857429125300636,scr1996,avaConv,onshore_a
ni,1,h0516,0.5971226489802962,scr1996,avaConv,onshore_a
ni,1,h0517,0.5933665801822289,scr1996,avaConv,onshore_a
ni,1,h0518,0.6431672119273675,scr1996,avaConv,onshore_a
ni,1,h0519,0.6744620473584026,scr1996,avaConv,onshore_a
ni,1,h0520,0.6541027790258805,scr1996,avaConv,onshore_a
ni,1,h0521,0.6180089922264355,scr1996,avaConv,onshore_a
ni,1,h0522,0.5703135097771045,scr1996,avaConv,onshore_a
ni,1,h0523,0.40939757948026134,scr1996,avaConv,onshore_a
ni,1,h0524,0.2654407186181078,scr1996,avaConv,onshore_a
ni,1,h0525,0.13087813416537555,scr1996,avaConv,onshore_a
ni,1,h0526,0.1267037708887133,scr1996,avaConv,onshore_a
ni,1,h0527,0.1306258332570063,scr1996,avaConv,onshore_a
ni,1,h0528,0.1277455396133157,scr1996,avaConv,onshore_a
ni,1,h0529,0.40926058340759874,scr1996,avaConv,onshore_a
ni,1,h0530,0.6568014992388049,scr1996,avaConv,onshore_a
ni,1,h0531,0.8917954253330481,scr1996,avaConv,onshore_a
ni,1,h0532,0.8910717140355393,scr1996,avaConv,onshore_a
ni,1,h0533,0.889877754647321,scr1996,avaConv,onshore_a
ni,1,h0534,0.8888717840308501,scr1996,avaConv,onshore_a
ni,1,h0535,0.6869293681537277,scr1996,avaConv,onshore_a
ni,1,h0536,0.47384495503351287,scr1996,avaConv,onshore_a
ni,1,h0537,0.30403088184181865,scr1996,avaConv,onshore_a
ni,1,h0538,0.38680559385486407,scr1996,avaConv,onshore_a
ni,1,h0539,0.46934663304447793,scr1996,avaConv,onshore_a
ni,1,h0540,0.5186590875506772,scr1996,avaConv,onshore_a
ni,1,h0541,0.5057143619901475,scr1996,avaConv,onshore_a
ni,1,h0542,0.4571975548171579,scr1996,avaConv,onshore_a
ni,1,h0543,0.35620423225939196,scr1996,avaConv,onshore_a
ni,1,h0544,0.26767734278633376,scr1996,avaConv,onshore_a
ni,1,h0545,0.21416611586827086,scr1996,avaConv,onshore_a
ni,1,h0546,0.19998233123066142,scr1996,avaConv,onshore_a
ni,1,h0547,0.4379418259031504,scr1996,avaConv,onshore_a
ni,1,h0548,0.6578600617714258,scr1996,avaConv,onshore_a
ni,1,h0549,0.8609082838812148,scr1996,avaConv,onshore_a
ni,1,h0550,0.8698166490087741,scr1996,avaConv,onshore_a
ni,1,h0551,0.8748826780943121,scr1996,avaConv,onshore_a
ni,1,h0552,0.8744514770426457,scr1996,avaConv,onshore_a
al,2,h0481,0.47514304009460473,scr1996,avaConv,onshore_b
al,2,h0482,0.18928836247902284,scr1996,avaConv,onshore_b
al,2,h0483,0.0032344320918512534,scr1996,avaConv,onshore_b
al,2,h0484,0.004422128298957683,scr1996,avaConv,onshore_b
al,2,h0485,0.004638103132490988,scr1996,avaConv,onshore_b
al,2,h0486,0.004311143583662126,scr1996,avaConv,onshore_b
al,2,h0487,0.10417796782704661,scr1996,avaConv,onshore_b
al,2,h0488,0.26928462150078936,scr1996,avaConv,onshore_b
al,2,h0489,0.46157449373012766,scr1996,avaConv,onshore_b
al,2,h0490,0.45633842783452244,scr1996,avaConv,onshore_b
al,2,h0491,0.4462030869440848,scr1996,avaConv,onshore_b
al,2,h0492,0.4680593664414007,scr1996,avaConv,onshore_b
al,2,h0493,0.48528725330360417,scr1996,avaConv,onshore_b
al,2,h0494,0.521737514838574,scr1996,avaConv,onshore_b
al,2,h0495,0.535120815721636,scr1996,avaConv,onshore_b
al,2,h0496,0.5218200949409133,scr1996,avaConv,onshore_b
al,2,h0497,0.4620490022973352,scr1996,avaConv,onshore_b
al,2,h0498,0.4657330451754464,scr1996,avaConv,onshore_b
al,2,h0499,0.414588373497123,scr1996,avaConv,onshore_b
al,2,h0500,0.38378489037512853,scr1996,avaConv,onshore_b
al,2,h0501,0.3283756283060858,scr1996,avaConv,onshore_b
al,2,h0502,0.41618784221354976,scr1996,avaConv,onshore_b
al,2,h0503,0.5328983927923817,scr1996,avaConv,onshore_b
al,2,h0504,0.6162929376440394,scr1996,avaConv,onshore_b
al,2,h0505,0.5821921617479493,scr1996,avaConv,onshore_b
al,2,h0506,0.517777973359657,scr1996,avaConv,onshore_b
al,2,h0507,0.4578155226637898,scr1996,avaConv,onshore_b
al,2,h0508,0.45958472907179343,scr1996,avaConv,onshore_b
al,2,h0509,0.4670700121981854,scr1996,avaConv,onshore_b
al,2,h0510,0.4742995236240694,scr1996,avaConv,onshore_b
al,2,h0511,0.5338163876754857,scr1996,avaConv,onshore_b
al,2,h0512,0.5996932676634966,scr1996,avaConv,onshore_b
al,2,h0513,0.6538723057218656,scr1996,avaConv,onshore_b
al,2,h0514,0.6022650167378916,scr1996,avaConv,onshore_b
al,2,h0515,0.5153199770603764,scr1996,avaConv,onshore_b
al,2,h0516,0.4250126916070924,scr1996,avaConv,onshore_b
al,2,h0517,0.40464053728961924,scr1996,avaConv,onshore_b
al,2,h0518,0.40014916206344087,scr1996,avaConv,onshore_b
al,2,h0519,0.40388217846537944,scr1996,avaConv,onshore_b
al,2,h0520,0.35552783339833205,scr1996,avaConv,onshore_b
al,2,h0521,0.31341738677050396,scr1996,avaConv,onshore_b
al,2,h0522,0.28196874178992326,scr1996,avaConv,onshore_b
al,2,h0523,0.32118914388370856,scr1996,avaConv,onshore_b
al,2,h0524,0.3522207962678953,scr1996,avaConv,onshore_b
al,2,h0525,0.3913029376623099,scr1996,avaConv,onshore_b
al,2,h0526,0.376336219289953,scr1996,avaConv,onshore_b
al,2,h0527,0.3846779247209391,scr1996,avaConv,onshore_b
al,2,h0528,0.3631477424548871,scr1996,avaConv,onshore_b
al,2,h0529,0.22371701692457122,scr1996,avaConv,onshore_b
al,2,h0530,0.09883345009954844,scr1996,avaConv,onshore_b
al,2,h0531,0.020409912387013448,scr1996,avaConv,onshore_b
al,2,h0532,0.018176383671800037,scr1996,avaConv,onshore_b
al,2,h0533,0.018029902757651706,scr1996,avaConv,onshore_b
al,2,h0534,0.018776152301032228,scr1996,avaConv,onshore_b
al,2,h0535,0.18796866774687299,scr1996,avaConv,onshore_b
al,2,h0536,0.43899901258124646,scr1996,avaConv,onshore_b
al,2,h0537,0.7389056564037478,scr1996,avaConv,onshore_b
al,2,h0538,0.7358030521855815,scr1996,avaConv,onshore_b
al,2,h0539,0.7099745549724107,scr1996,avaConv,onshore_b
al,2,h0540,0.7099753837961233,scr1996,avaConv,onshore_b
al,2,h0541,0.48711693617541385,scr1996,avaConv,onshore_b
al,2,h0542,0.28673162856876755,scr1996,avaConv,onshore_b
al,2,h0543,0.12531449458211152,scr1996,avaConv,onshore_b
al,2,h0544,0.13397231094819673,scr1996,avaConv,onshore_b
al,2,h0545,0.12906567047652825,scr1996,avaConv,onshore_b
al,2,h0546,0.09282890891218934,scr1996,avaConv,onshore_b
al,2,h0547,0.11331471523104966,scr1996,avaConv,onshore_b
al,2,h0548,0.14239791140016217,scr1996,avaConv,onshore_b
al,2,h0549,0.17952970889221076,scr1996,avaConv,onshore_b
al,2,h0550,0.1473403345349719,scr1996,avaConv,onshore_b
al,2,h0551,0.1401998340284365,scr1996,avaConv,onshore_b
al,2,h0552,0.13612695125895197,scr1996,avaConv,onshore_b
at,2,h0481,0.33468031655519026,scr1996,avaConv,onshore_b
at,2,h0482,0.25800647709163155,scr1996,avaConv,onshore_b
at,2,h0483,0.19092521751083436,scr1996,avaConv,onshore_b
at,2,h0484,0.16589650778064305,scr1996,avaConv,onshore_b
at,2,h0485,0.14122843764605966,scr1996,avaConv,onshore_b
at,2,h0486,0.11973888574262015,scr1996,avaConv,onshore_b
at,2,h0487,0.1271218802688886,scr1996,avaConv,onshore_b
at,2,h0488,0.14020077715762455,scr1996,avaConv,onshore_b
at,2,h0489,0.1488572244874506,scr1996,avaConv,onshore_b
at,2,h0490,0.1282738702515945,scr1996,avaConv,onshore_b
at,2,h0491,0.09775958232351416,scr1996,avaConv,onshore_b
at,2,h0492,0.07912226247876339,scr1996,avaConv,onshore_b
at,2,h0493,0.16982177766405085,scr1996,avaConv,onshore_b
at,2,h0494,0.31605731005844545,scr1996,avaConv,onshore_b
at,2,h0495,0.5067456078275886,scr1996,avaConv,onshore_b
at,2,h0496,0.5380123109119913,scr1996,avaConv,onshore_b
at,2,h0497,0.567495595734098,scr1996,avaConv,onshore_b
at,2,h0498,0.5921847394906817,scr1996,avaConv,onshore_b
at,2,h0499,0.34053229397249773,scr1996,avaConv,onshore_b
at,2,h0500,0.14226154890376683,scr1996,avaConv,onshore_b
at,2,h0501,0.02116555280946833,scr1996,avaConv,onshore_b
at,2,h0502,0.017737837155987004,scr1996,avaConv,onshore_b
at,2,h0503,0.021162692474416767,scr1996,avaConv,onshore_b
at,2,h0504,0.028743953733684203,scr1996,avaConv,onshore_b
at,2,h0505,0.0660240887956254,scr1996,avaConv,onshore_b
at,2,h0506,0.096033864145678,scr1996,avaConv,onshore_b
at,2,h0507,0.116640935357518,scr1996,avaConv,onshore_b
at,2,h0508,0.0921011003158368,scr1996,avaConv,onshore_b
at,2,h0509,0.074744898443478,scr1996,avaConv,onshore_b
at,2,h0510,0.0645217341574621,scr1996,avaConv,onshore_b
at,2,h0511,0.13648593645756893,scr1996,avaConv,onshore_b
at,2,h0512,0.2371150387026696,scr1996,avaConv,onshore_b
at,2,h0513,0.3680377566813807,scr1996,avaConv,onshore_b
at,2,h0514,0.3642512446583946,scr1996,avaConv,onshore_b
at,2,h0515,0.35264064131378625,scr1996,avaConv,onshore_b
at,2,h0516,0.3261151341271719,scr1996,avaConv,onshore_b
at,2,h0517,0.17593603203557148,scr1996,avaConv,onshore_b
at,2,h0518,0.07081746735060584,scr1996,avaConv,onshore_b
at,2,h0519,0.011843640075661079,scr1996,avaConv,onshore_b
at,2,h0520,0.010398577941255814,scr1996,avaConv,onshore_b
at,2,h0521,0.009396386937507944,scr1996,avaConv,onshore_b
at,2,h0522,0.009342054009050693,scr1996,avaConv,onshore_b
at,2,h0523,0.006005883876220349,scr1996,avaConv,onshore_b
at,2,h0524,0.0032859173499351054,scr1996,avaConv,onshore_b
at,2,h0525,0.0012849090374647378,scr1996,avaConv,onshore_b
at,2,h0526,0.001600536558301204,scr1996,avaConv,onshore_b
at,2,h0527,0.003049323436192046,scr1996,avaConv,onshore_b
at,2,h0528,0.005089958186612831,scr1996,avaConv,onshore_b
at,2,h0529,0.0480301768705652,scr1996,avaConv,onshore_b
at,2,h0530,0.11121743513806645,scr1996,avaConv,onshore_b
at,2,h0531,0.1929702830098787,scr1996,avaConv,onshore_b
at,2,h0532,0.18381428554434495,scr1996,avaConv,onshore_b
at,2,h0533,0.18731061056200776,scr1996,avaConv,onshore_b
at,2,h0534,0.19738865926006957,scr1996,avaConv,onshore_b
at,2,h0535,0.3010691257891561,scr1996,avaConv,onshore_b
at,2,h0536,0.4065529998883866,scr1996,avaConv,onshore_b
at,2,h0537,0.4912675722616472,scr1996,avaConv,onshore_b
at,2,h0538,0.4345578917140608,scr1996,avaConv,onshore_b
at,2,h0539,0.3686475124517783,scr1996,avaConv,onshore_b
at,2,h0540,0.36744567451163485,scr1996,avaConv,onshore_b
at,2,h0541,0.3807154207927113,scr1996,avaConv,onshore_b
at,2,h0542,0.42780539550772634,scr1996,avaConv,onshore_b
at,2,h0543,0.4323958154351159,scr1996,avaConv,onshore_b
at,2,h0544,0.4567352822825904,scr1996,avaConv,onshore_b
at,2,h0545,0.48139976507395627,scr1996,avaConv,onshore_b
at,2,h0546,0.5201993598347193,scr1996,avaConv,onshore_b
at,2,h0547,0.5899036853031214,scr1996,avaConv,onshore_b
at,2,h0548,0.6457578463611177,scr1996,avaConv,onshore_b
at,2,h0549,0.6853633516583175,scr1996,avaConv,onshore_b
at,2,h0550,0.6720620981021602,scr1996,avaConv,onshore_b
at,2,h0551,0.6611080959110754,scr1996,avaConv,onshore_b
at,2,h0552,0.6570508646832532,scr1996,avaConv,onshore_b
ba,2,h0481,0.1325070834845227,scr1996,avaConv,onshore_b
ba,2,h0482,0.12205472587975981,scr1996,avaConv,onshore_b
ba,2,h0483,0.10725519023825254,scr1996,avaConv,onshore_b
ba,2,h0484,0.09459109108675931,scr1996,avaConv,onshore_b
ba,2,h0485,0.07759401835552364,scr1996,avaConv,onshore_b
ba,2,h0486,0.06264728985227822,scr1996,avaConv,onshore_b
ba,2,h0487,0.045034432155636676,scr1996,avaConv,onshore_b
ba,2,h0488,0.0329228741636501,scr1996,avaConv,onshore_b
ba,2,h0489,0.02298755554428217,scr1996,avaConv,onshore_b
ba,2,h0490,0.023948406392296003,scr1996,avaConv,onshore_b
ba,2,h0491,0.024908860432841146,scr1996,avaConv,onshore_b
ba,2,h0492,0.031786408296583725,scr1996,avaConv,onshore_b
ba,2,h0493,0.19688132334589742,scr1996,avaConv,onshore_b
ba,2,h0494,0.41178708233130196,scr1996,avaConv,onshore_b
ba,2,h0495,0.6513908942416702,scr1996,avaConv,onshore_b
ba,2,h0496,0.6143600738654792,scr1996,avaConv,onshore_b
ba,2,h0497,0.5718017270254429,scr1996,avaConv,onshore_b
ba,2,h0498,0.4983250279740047,scr1996,avaConv,onshore_b
ba,2,h0499,0.36987084383698254,scr1996,avaConv,onshore_b
ba,2,h0500,0.2748166979501614,scr1996,avaConv,onshore_b
ba,2,h0501,0.22158313056083123,scr1996,avaConv,onshore_b
ba,2,h0502,0.2624450423887543,scr1996,avaConv,onshore_b
ba,2,h0503,0.2998034367020293,scr1996,avaConv,onshore_b
ba,2,h0504,0.34295204806917634,scr1996,avaConv,onshore_b
ba,2,h0505,0.22991468598180403,scr1996,avaConv,onshore_b
ba,2,h0506,0.12177566893523735,scr1996,avaConv,onshore_b
ba,2,h0507,0.025670807325519802,scr1996,avaConv,onshore_b
ba,2,h0508,0.019533358214088227,scr1996,avaConv,onshore_b
ba,2,h0509,0.01476916236069808,scr1996,avaConv,onshore_b
ba,2,h0510,0.010647451924986123,scr1996,avaConv,onshore_b
ba,2,h0511,0.055646240985529366,scr1996,avaConv,onshore_b
ba,2,h0512,0.10648886075953809,scr1996,avaConv,onshore_b
ba,2,h0513,0.16651859533676142,scr1996,avaConv,onshore_b
ba,2,h0514,0.16004987767129317,scr1996,avaConv,onshore_b
ba,2,h0515,0.1699801194872223,scr1996,avaConv,onshore_b
ba,2,h0516,0.18437568755810882,scr1996,avaConv,onshore_b
ba,2,h0517,0.1248104438184111,scr1996,avaConv,onshore_b
ba,2,h0518,0.07898662531577459,scr1996,avaConv,onshore_b
ba,2,h0519,0.051853616810153026,scr1996,avaConv,onshore_b
ba,2,h0520,0.076240544279609,scr1996,avaConv,onshore_b
ba,2,h0521,0.08762529743742822,scr1996,avaConv,onshore_b
ba,2,h0522,0.07861006306121954,scr1996,avaConv,onshore_b
ba,2,h0523,0.09098779076950403,scr1996,avaConv,onshore_b
ba,2,h0524,0.10922946212884181,scr1996,avaConv,onshore_b
ba,2,h0525,0.12667914600132268,scr1996,avaConv,onshore_b
ba,2,h0526,0.11720439635142263,scr1996,avaConv,onshore_b
ba,2,h0527,0.10532381187972963,scr1996,avaConv,onshore_b
ba,2,h0528,0.09868128853325832,scr1996,avaConv,onshore_b
ba,2,h0529,0.062305188839045664,scr1996,avaConv,onshore_b
ba,2,h0530,0.029936676569695855,scr1996,avaConv,onshore_b
ba,2,h0531,0.004908646680163135,scr1996,avaConv,onshore_b
ba,2,h0532,0.0024691755736446362,scr1996,avaConv,onshore_b
ba,2,h0533,0.0015506668345277033,scr1996,avaConv,onshore_b
ba,2,h0534,0.0014793497930034299,scr1996,avaConv,onshore_b
ba,2,h0535,0.2111955825688179,scr1996,avaConv,onshore_b
ba,2,h0536,0.5370778946025436,scr1996,avaConv,onshore_b
ba,2,h0537,0.9269516214163002,scr1996,avaConv,onshore_b
ba,2,h0538,0.9176638011827257,scr1996,avaConv,onshore_b
ba,2,h0539,0.8651709938988452,scr1996,avaConv,onshore_b
ba,2,h0540,0.8219309527435393,scr1996,avaConv,onshore_b
ba,2,h0541,0.4923926563745659,scr1996,avaConv,onshore_b
ba,2,h0542,0.24089801889991228,scr1996,avaConv,onshore_b
ba,2,h0543,0.04337621179249243,scr1996,avaConv,onshore_b
ba,2,h0544,0.03494144596880795,scr1996,avaConv,onshore_b
ba,2,h0545,0.02998023714975106,scr1996,avaConv,onshore_b
ba,2,h0546,0.030967151096323364,scr1996,avaConv,onshore_b
ba,2,h0547,0.16587245986756088,scr1996,avaConv,onshore_b
ba,2,h0548,0.34967351380360956,scr1996,avaConv,onshore_b
ba,2,h0549,0.5698305123127658,scr1996,avaConv,onshore_b
ba,2,h0550,0.6034033745844618,scr1996,avaConv,onshore_b
ba,2,h0551,0.6183963564925955,scr1996,avaConv,onshore_b
ba,2,h0552,0.6077857585204622,scr1996,avaConv,onshore_b
be,2,h0481,0.3046683667797907,scr1996,avaConv,onshore_b
be,2,h0482,0.31074774696451657,scr1996,avaConv,onshore_b
be,2,h0483,0.31292854520720054,scr1996,avaConv,onshore_b
be,2,h0484,0.26862830789602793,scr1996,avaConv,onshore_b
be,2,h0485,0.2380763483307592,scr1996,avaConv,onshore_b
be,2,h0486,0.22982015964160127,scr1996,avaConv,onshore_b
be,2,h0487,0.23888898372492068,scr1996,avaConv,onshore_b
be,2,h0488,0.2396067220401445,scr1996,avaConv,onshore_b
be,2,h0489,0.20742134394050643,scr1996,avaConv,onshore_b
be,2,h0490,0.15545485982946947,scr1996,avaConv,onshore_b
be,2,h0491,0.10001610231416132,scr1996,avaConv,onshore_b
be,2,h0492,0.06505429329708613,scr1996,avaConv,onshore_b
be,2,h0493,0.03137592521982608,scr1996,avaConv,onshore_b
be,2,h0494,0.012727347366929605,scr1996,avaConv,onshore_b
be,2,h0495,0.00041477623395886997,scr1996,avaConv,onshore_b
be,2,h0496,0.0005754969153367655,scr1996,avaConv,onshore_b
be,2,h0497,0.0008790743092827836,scr1996,avaConv,onshore_b
be,2,h0498,0.0013114630195148829,scr1996,avaConv,onshore_b
be,2,h0499,0.117704220421511,scr1996,avaConv,onshore_b
be,2,h0500,0.2681027580659486,scr1996,avaConv,onshore_b
be,2,h0501,0.4490085414433704,scr1996,avaConv,onshore_b
be,2,h0502,0.5074346464140991,scr1996,avaConv,onshore_b
be,2,h0503,0.559065126608511,scr1996,avaConv,onshore_b
be,2,h0504,0.615257884438677,scr1996,avaConv,onshore_b
be,2,h0505,0.6966072374743502,scr1996,avaConv,onshore_b
be,2,h0506,0.7646467746612678,scr1996,avaConv,onshore_b
be,2,h0507,0.7988267101060827,scr1996,avaConv,onshore_b
be,2,h0508,0.7721577528368079,scr1996,avaConv,onshore_b
be,2,h0509,0.7422800118117108,scr1996,avaConv,onshore_b
be,2,h0510,0.7020498441641861,scr1996,avaConv,onshore_b
be,2,h0511,0.5072187320611209,scr1996,avaConv,onshore_b
be,2,h0512,0.34044919130608575,scr1996,avaConv,onshore_b
be,2,h0513,0.19981244377141244,scr1996,avaConv,onshore_b
be,2,h0514,0.1925016338019222,scr1996,avaConv,onshore_b
be,2,h0515,0.17352933210178542,scr1996,avaConv,onshore_b
be,2,h0516,0.18754634900037287,scr1996,avaConv,onshore_b
be,2,h0517,0.13085898695275477,scr1996,avaConv,onshore_b
be,2,h0518,0.077956480660919,scr1996,avaConv,onshore_b
be,2,h0519,0.004097893307905256,scr1996,avaConv,onshore_b
be,2,h0520,0.005103317190921474,scr1996,avaConv,onshore_b
be,2,h0521,0.005355007227036108,scr1996,avaConv,onshore_b
be,2,h0522,0.005008145478544996,scr1996,avaConv,onshore_b
be,2,h0523,0.003943738289209949,scr1996,avaConv,onshore_b
be,2,h0524,0.0043870336566564075,scr1996,avaConv,onshore_b
be,2,h0525,0.006628009586960917,scr1996,avaConv,onshore_b
be,2,h0526,0.010972285995466315,scr1996,avaConv,onshore_b
be,2,h0527,0.012861020060736385,scr1996,avaConv,onshore_b
be,2,h0528,0.013864987607618763,scr1996,avaConv,onshore_b
be,2,h0529,0.09185940249091748,scr1996,avaConv,onshore_b
be,2,h0530,0.18474447175567277,scr1996,avaConv,onshore_b
be,2,h0531,0.28730147681864493,scr1996,avaConv,onshore_b
be,2,h0532,0.3032524986033449,scr1996,avaConv,onshore_b
be,2,h0533,0.31874831019460076,scr1996,avaConv,onshore_b
be,2,h0534,0.33474741652118656,scr1996,avaConv,onshore_b
be,2,h0535,0.24354168379525368,scr1996,avaConv,onshore_b
be,2,h0536,0.1503274400141034,scr1996,avaConv,onshore_b
be,2,h0537,0.05375939214669328,scr1996,avaConv,onshore_b
be,2,h0538,0.04177727172285784,scr1996,avaConv,onshore_b
be,2,h0539,0.03498877054513477,scr1996,avaConv,onshore_b
be,2,h0540,0.03255036741059139,scr1996,avaConv,onshore_b
be,2,h0541,0.12149024257317657,scr1996,avaConv,onshore_b
be,2,h0542,0.22829314019416178,scr1996,avaConv,onshore_b
be,2,h0543,0.3371671627916036,scr1996,avaConv,onshore_b
be,2,h0544,0.32345610867668756,scr1996,avaConv,onshore_b
be,2,h0545,0.27571959260453294,scr1996,avaConv,onshore_b
be,2,h0546,0.23233927211684557,scr1996,avaConv,onshore_b
be,2,h0547,0.159758522507605,scr1996,avaConv,onshore_b
be,2,h0548,0.11767021024816847,scr1996,avaConv,onshore_b
be,2,h0549,0.08210928744086472,scr1996,avaConv,onshore_b
be,2,h0550,0.09959142453398247,scr1996,avaConv,onshore_b
be,2,h0551,0.10144581642282886,scr1996,avaConv,onshore_b
be,2,h0552,0.10369952893226954,scr1996,avaConv,onshore_b
bg,2,h0481,0.22055971007461836,scr1996,avaConv,onshore_b
bg,2,h0482,0.3840547796691538,scr1996,avaConv,onshore_b
bg,2,h0483,0.5590098631740208,scr1996,avaConv,onshore_b
bg,2,h0484,0.5537464273774205,scr1996,avaConv,onshore_b
bg,2,h0485,0.5339707622777448,scr1996,avaConv,onshore_b
bg,2,h0486,0.5036204905499393,scr1996,avaConv,onshore_b
bg,2,h0487,0.33266791245276134,scr1996,avaConv,onshore_b
bg,2,h0488,0.21399260392010439,scr1996,avaConv,onshore_b
bg,2,h0489,0.1272391920817644,scr1996,avaConv,onshore_b
bg,2,h0490,0.13975269191793965,scr1996,avaConv,onshore_b
bg,2,h0491,0.12591923410139763,scr1996,avaConv,onshore_b
bg,2,h0492,0.11290127148294209,scr1996,avaConv,onshore_b
bg,2,h0493,0.2707068306857843,scr1996,avaConv,onshore_b
bg,2,h0494,0.5059360717845338,scr1996,avaConv,onshore_b
bg,2,h0495,0.7882961072046273,scr1996,avaConv,onshore_b
bg,2,h0496,0.7926298375148136,scr1996,avaConv,onshore_b
bg,2,h0497,0.783254145647133,scr1996,avaConv,onshore_b
bg,2,h0498,0.7780321835097121,scr1996,avaConv,onshore_b
bg,2,h0499,0.411472384303061,scr1996,avaConv,onshore_b
bg,2,h0500,0.1504349078956356,scr1996,avaConv,onshore_b
bg,2,h0501,0.00812756624604555,scr1996,avaConv,onshore_b
bg,2,h0502,0.007504436419643422,scr1996,avaConv,onshore_b
bg,2,h0503,0.005535567642567755,scr1996,avaConv,onshore_b
bg,2,h0504,0.004549241360938346,scr1996,avaConv,onshore_b
bg,2,h0505,0.014951399691964356,scr1996,avaConv,onshore_b
bg,2,h0506,0.03385297497021387,scr1996,avaConv,onshore_b
bg,2,h0507,0.061149437043743815,scr1996,avaConv,onshore_b
bg,2,h0508,0.07455973372295743,scr1996,avaConv,onshore_b
bg,2,h0509,0.09627962724559012,scr1996,avaConv,onshore_b
bg,2,h0510,0.11639689699478463,scr1996,avaConv,onshore_b
bg,2,h0511,0.07138051980571197,scr1996,avaConv,onshore_b
bg,2,h0512,0.027797430216708004,scr1996,avaConv,onshore_b
bg,2,h0513,0.0018948414044276454,scr1996,avaConv,onshore_b
bg,2,h0514,0.0007749940307679271,scr1996,avaConv,onshore_b
bg,2,h0515,0.0002733429854278352,scr1996,avaConv,onshore_b
bg,2,h0516,0.0001287053744867742,scr1996,avaConv,onshore_b
bg,2,h0517,0.006994052200943237,scr1996,avaConv,onshore_b
bg,2,h0518,0.017984379481405657,scr1996,avaConv,onshore_b
bg,2,h0519,0.029695235440776072,scr1996,avaConv,onshore_b
bg,2,h0520,0.022087157616373126,scr1996,avaConv,onshore_b
bg,2,h0521,0.019769261986024054,scr1996,avaConv,onshore_b
bg,2,h0522,0.022513854160893517,scr1996,avaConv,onshore_b
bg,2,h0523,0.03332296368028365,scr1996,avaConv,onshore_b
bg,2,h0524,0.04010366780545426,scr1996,avaConv,onshore_b
bg,2,h0525,0.04082915014574917,scr1996,avaConv,onshore_b
bg,2,h0526,0.03545289557883471,scr1996,avaConv,onshore_b
bg,2,h0527,0.026097932065561366,scr1996,avaConv,onshore_b
bg,2,h0528,0.01898118767090402,scr1996,avaConv,onshore_b
bg,2,h0529,0.03395277798500501,scr1996,avaConv,onshore_b
bg,2,h0530,0.07277287198007613,scr1996,avaConv,onshore_b
bg,2,h0531,0.13473606287497175,scr1996,avaConv,onshore_b
bg,2,h0532,0.16267465962639768,scr1996,avaConv,onshore_b
bg,2,h0533,0.18018410641386925,scr1996,avaConv,onshore_b
bg,2,h0534,0.1931010327552094,scr1996,avaConv,onshore_b
bg,2,h0535,0.1762647642672962,scr1996,avaConv,onshore_b
bg,2,h0536,0.15414654019555324,scr1996,avaConv,onshore_b
bg,2,h0537,0.12782077998121189,scr1996,avaConv,onshore_b
bg,2,h0538,0.12292035662600774,scr1996,avaConv,onshore_b
bg,2,h0539,0.11016658829896492,scr1996,avaConv,onshore_b
bg,2,h0540,0.1014429424439859,scr1996,avaConv,onshore_b
bg,2,h0541,0.05889119149086272,scr1996,avaConv,onshore_b
bg,2,h0542,0.03459433810652665,scr1996,avaConv,onshore_b
bg,2,h0543,0.01672567153047021,scr1996,avaConv,onshore_b
bg,2,h0544,0.020898329284668355,scr1996,avaConv,onshore_b
bg,2,h0545,0.02897734933950054,scr1996,avaConv,onshore_b
bg,2,h0546,0.041210502656866786,scr1996,avaConv,onshore_b
bg,2,h0547,0.18321831880732736,scr1996,avaConv,onshore_b
bg,2,h0548,0.3662847819818354,scr1996,avaConv,onshore_b
bg,2,h0549,0.5673058348909921,scr1996,avaConv,onshore_b
bg,2,h0550,0.526104952124727,scr1996,avaConv,onshore_b
bg,2,h0551,0.49293013315077266,scr1996,avaConv,onshore_b
bg,2,h0552,0.4652803160063168,scr1996,avaConv,onshore_b
ch,2,h0481,0.3620817338836733,scr1996,avaConv,onshore_b
ch,2,h0482,0.23298524508813725,scr1996,avaConv,onshore_b
ch,2,h0483,0.1248222336475151,scr1996,avaConv,onshore_b
ch,2,h0484,0.07588161482141834,scr1996,avaConv,onshore_b
ch,2,h0485,0.04341895138058748,scr1996,avaConv,onshore_b
ch,2,h0486,0.024576432869251916,scr1996,avaConv,onshore_b
ch,2,h0487,0.019326792104315524,scr1996,avaConv,onshore_b
ch,2,h0488,0.02159297403120698,scr1996,avaConv,onshore_b
ch,2,h0489,0.021745923062921224,scr1996,avaConv,onshore_b
ch,2,h0490,0.01566181087081337,scr1996,avaConv,onshore_b
ch,2,h0491,0.00851070407896161,scr1996,avaConv,onshore_b
ch,2,h0492,0.006155634285366153,scr1996,avaConv,onshore_b
ch,2,h0493,0.021089506464197837,scr1996,avaConv,onshore_b
ch,2,h0494,0.04538686302695716,scr1996,avaConv,onshore_b
ch,2,h0495,0.075465794130785,scr1996,avaConv,onshore_b
ch,2,h0496,0.06977202114693443,scr1996,avaConv,onshore_b
ch,2,h0497,0.06434201632668177,scr1996,avaConv,onshore_b
ch,2,h0498,0.05814079816608838,scr1996,avaConv,onshore_b
ch,2,h0499,0.03011531333328938,scr1996,avaConv,onshore_b
ch,2,h0500,0.010462999622503643,scr1996,avaConv,onshore_b
ch,2,h0501,0.0011606228164731196,scr1996,avaConv,onshore_b
ch,2,h0502,0.0009246435109932095,scr1996,avaConv,onshore_b
ch,2,h0503,0.0022207725606430955,scr1996,avaConv,onshore_b
ch,2,h0504,0.005237479851820227,scr1996,avaConv,onshore_b
ch,2,h0505,0.04705012362229611,scr1996,avaConv,onshore_b
ch,2,h0506,0.10991450420684803,scr1996,avaConv,onshore_b
ch,2,h0507,0.18497715329725345,scr1996,avaConv,onshore_b
ch,2,h0508,0.1675874056370473,scr1996,avaConv,onshore_b
ch,2,h0509,0.15028621867443517,scr1996,avaConv,onshore_b
ch,2,h0510,0.13488629199817953,scr1996,avaConv,onshore_b
ch,2,h0511,0.11351609865640855,scr1996,avaConv,onshore_b
ch,2,h0512,0.09246625284948808,scr1996,avaConv,onshore_b
ch,2,h0513,0.07518587218960618,scr1996,avaConv,onshore_b
ch,2,h0514,0.07441789841116966,scr1996,avaConv,onshore_b
ch,2,h0515,0.06791430514916479,scr1996,avaConv,onshore_b
ch,2,h0516,0.066183818748241,scr1996,avaConv,onshore_b
ch,2,h0517,0.15713246557347993,scr1996,avaConv,onshore_b
ch,2,h0518,0.2865051825298197,scr1996,avaConv,onshore_b
ch,2,h0519,0.46059620652317823,scr1996,avaConv,onshore_b
ch,2,h0520,0.4579322120081068,scr1996,avaConv,onshore_b
ch,2,h0521,0.46512640238762704,scr1996,avaConv,onshore_b
ch,2,h0522,0.4364987388620977,scr1996,avaConv,onshore_b
ch,2,h0523,0.22727171104924535,scr1996,avaConv,onshore_b
ch,2,h0524,0.08264509408267554,scr1996,avaConv,onshore_b
ch,2,h0525,0.009327736945952032,scr1996,avaConv,onshore_b
ch,2,h0526,0.006759082020907513,scr1996,avaConv,onshore_b
ch,2,h0527,0.0060702452435032975,scr1996,avaConv,onshore_b
ch,2,h0528,0.00663810616299589,scr1996,avaConv,onshore_b
ch,2,h0529,0.009342353858465068,scr1996,avaConv,onshore_b
ch,2,h0530,0.011116711479787857,scr1996,avaConv,onshore_b
ch,2,h0531,0.012391301744386487,scr1996,avaConv,onshore_b
ch,2,h0532,0.012144946173049315,scr1996,avaConv,onshore_b
ch,2,h0533,0.012477197333569275,scr1996,avaConv,onshore_b
ch,2,h0534,0.013414279250517247,scr1996,avaConv,onshore_b
ch,2,h0535,0.06677943455226706,scr1996,avaConv,onshore_b
ch,2,h0536,0.1548161618070994,scr1996,avaConv,onshore_b
ch,2,h0537,0.27119744677389257,scr1996,avaConv,onshore_b
ch,2,h0538,0.27089933388706133,scr1996,avaConv,onshore_b
ch,2,h0539,0.250218332360151,scr1996,avaConv,onshore_b
ch,2,h0540,0.23066155398911478,scr1996,avaConv,onshore_b
ch,2,h0541,0.2461183393935935,scr1996,avaConv,onshore_b
ch,2,h0542,0.2981429903217101,scr1996,avaConv,onshore_b
ch,2,h0543,0.33976362380362407,scr1996,avaConv,onshore_b
ch,2,h0544,0.336548466516372,scr1996,avaConv,onshore_b
ch,2,h0545,0.33526995179905156,scr1996,avaConv,onshore_b
ch,2,h0546,0.35748686193373846,scr1996,avaConv,onshore_b
ch,2,h0547,0.2769281453370998,scr1996,avaConv,onshore_b
ch,2,h0548,0.18142553723153682,scr1996,avaConv,onshore_b
ch,2,h0549,0.09335892348779211,scr1996,avaConv,onshore_b
ch,2,h0550,0.07834494548975217,scr1996,avaConv,onshore_b
ch,2,h0551,0.06704367167371278,scr1996,avaConv,onshore_b
ch,2,h0552,0.06277117288864,scr1996,avaConv,onshore_b
cz,2,h0481,0.19105848057318203,scr1996,avaConv,onshore_b
cz,2,h0482,0.187002389489148,scr1996,avaConv,onshore_b
cz,2,h0483,0.1735427704037344,scr1996,avaConv,onshore_b
cz,2,h0484,0.16645079388735884,scr1996,avaConv,onshore_b
cz,2,h0485,0.15573651523845866,scr1996,avaConv,onshore_b
cz,2,h0486,0.14499016413461935,scr1996,avaConv,onshore_b
cz,2,h0487,0.23106702041297628,scr1996,avaConv,onshore_b
cz,2,h0488,0.3108144518455193,scr1996,avaConv,onshore_b
cz,2,h0489,0.3967492797246538,scr1996,avaConv,onshore_b
cz,2,h0490,0.3974303593100796,scr1996,avaConv,onshore_b
cz,2,h0491,0.41378251869535904,scr1996,avaConv,onshore_b
cz,2,h0492,0.446217837412764,scr1996,avaConv,onshore_b
cz,2,h0493,0.4235352346955426,scr1996,avaConv,onshore_b
cz,2,h0494,0.4054013221461525,scr1996,avaConv,onshore_b
cz,2,h0495,0.3717438086785932,scr1996,avaConv,onshore_b
cz,2,h0496,0.3774712944327542,scr1996,avaConv,onshore_b
cz,2,h0497,0.3837414743341883,scr1996,avaConv,onshore_b
cz,2,h0498,0.39348485851083487,scr1996,avaConv,onshore_b
cz,2,h0499,0.2657421409114854,scr1996,avaConv,onshore_b
cz,2,h0500,0.14068946067624366,scr1996,avaConv,onshore_b
cz,2,h0501,0.024663804651573917,scr1996,avaConv,onshore_b
cz,2,h0502,0.0247096832774593,scr1996,avaConv,onshore_b
cz,2,h0503,0.03197882171752415,scr1996,avaConv,onshore_b
cz,2,h0504,0.0425188121728494,scr1996,avaConv,onshore_b
cz,2,h0505,0.24020224074576632,scr1996,avaConv,onshore_b
cz,2,h0506,0.4580504577027747,scr1996,avaConv,onshore_b
cz,2,h0507,0.6860819697725917,scr1996,avaConv,onshore_b
cz,2,h0508,0.6922809157357385,scr1996,avaConv,onshore_b
cz,2,h0509,0.6952424553788182,scr1996,avaConv,onshore_b
cz,2,h0510,0.6995505070509473,scr1996,avaConv,onshore_b
cz,2,h0511,0.5019003304524517,scr1996,avaConv,onshore_b
cz,2,h0512,0.31133473108733095,scr1996,avaConv,onshore_b
cz,2,h0513,0.13404985965292207,scr1996,avaConv,onshore_b
cz,2,h0514,0.1317050559361883,scr1996,avaConv,onshore_b
cz,2,h0515,0.12954236380403175,scr1996,avaConv,onshore_b
cz,2,h0516,0.12010445261433855,scr1996,avaConv,onshore_b
cz,2,h0517,0.09057969973607756,scr1996,avaConv,onshore_b
cz,2,h0518,0.06847338611643242,scr1996,avaConv,onshore_b
cz,2,h0519,0.060306056602635084,scr1996,avaConv,onshore_b
cz,2,h0520,0.0800294388652234,scr1996,avaConv,onshore_b
cz,2,h0521,0.09832562871526117,scr1996,avaConv,onshore_b
cz,2,h0522,0.11022043440235177,scr1996,avaConv,onshore_b
cz,2,h0523,0.08263284671560536,scr1996,avaConv,onshore_b
cz,2,h0524,0.050540571266022204,scr1996,avaConv,onshore_b
cz,2,h0525,0.01809859151418345,scr1996,avaConv,onshore_b
cz,2,h0526,0.015561050271990657,scr1996,avaConv,onshore_b
cz,2,h0527,0.016995224055475773,scr1996,avaConv,onshore_b
cz,2,h0528,0.022245106397874064,scr1996,avaConv,onshore_b
cz,2,h0529,0.08992027925535676,scr1996,avaConv,onshore_b
cz,2,h0530,0.15577505013622545,scr1996,avaConv,onshore_b
cz,2,h0531,0.2165927814077822,scr1996,avaConv,onshore_b
cz,2,h0532,0.20116650456417015,scr1996,avaConv,onshore_b
cz,2,h0533,0.18795914034293082,scr1996,avaConv,onshore_b
cz,2,h0534,0.17818647900938006,scr1996,avaConv,onshore_b
cz,2,h0535,0.28152245798682207,scr1996,avaConv,onshore_b
cz,2,h0536,0.398942306412555,scr1996,avaConv,onshore_b
cz,2,h0537,0.518049587290486,scr1996,avaConv,onshore_b
cz,2,h0538,0.5247748864033729,scr1996,avaConv,onshore_b
cz,2,h0539,0.49601840973602906,scr1996,avaConv,onshore_b
cz,2,h0540,0.48971064400208064,scr1996,avaConv,onshore_b
cz,2,h0541,0.41746877627198364,scr1996,avaConv,onshore_b
cz,2,h0542,0.390822674195111,scr1996,avaConv,onshore_b
cz,2,h0543,0.3697215879436289,scr1996,avaConv,onshore_b
cz,2,h0544,0.40486833787959514,scr1996,avaConv,onshore_b
cz,2,h0545,0.40354355327023655,scr1996,avaConv,onshore_b
cz,2,h0546,0.3773383442446637,scr1996,avaConv,onshore_b
cz,2,h0547,0.4199944681221378,scr1996,avaConv,onshore_b
cz,2,h0548,0.47476831633149136,scr1996,avaConv,onshore_b
cz,2,h0549,0.5275219489593794,scr1996,avaConv,onshore_b
cz,2,h0550,0.49578100415647164,scr1996,avaConv,onshore_b
cz,2,h0551,0.469738637761827,scr1996,avaConv,onshore_b
cz,2,h0552,0.43763235735015865,scr1996,avaConv,onshore_b
de,2,h0481,0.1947879627026563,scr1996,avaConv,onshore_b
de,2,h0482,0.12745923599258313,scr1996,avaConv,onshore_b
de,2,h0483,0.07315198650739646,scr1996,avaConv,onshore_b
de,2,h0484,0.0685658589698377,scr1996,avaConv,onshore_b
de,2,h0485,0.067930041806881,scr1996,avaConv,onshore_b
de,2,h0486,0.07280755855060278,scr1996,avaConv,onshore_b
de,2,h0487,0.17360520924270695,scr1996,avaConv,onshore_b
de,2,h0488,0.29102255753087697,scr1996,avaConv,onshore_b
de,2,h0489,0.4160354015933871,scr1996,avaConv,onshore_b
de,2,h0490,0.4055081527527485,scr1996,avaConv,onshore_b
de,2,h0491,0.3711217238420025,scr1996,avaConv,onshore_b
de,2,h0492,0.3658653551608314,scr1996,avaConv,onshore_b
de,2,h0493,0.2558174234746768,scr1996,avaConv,onshore_b
de,2,h0494,0.18191569969442023,scr1996,avaConv,onshore_b
de,2,h0495,0.09679595707653324,scr1996,avaConv,onshore_b
de,2,h0496,0.08594627529842705,scr1996,avaConv,onshore_b
de,2,h0497,0.07234141062977928,scr1996,avaConv,onshore_b
de,2,h0498,0.0614970838659997,scr1996,avaConv,onshore_b
de,2,h0499,0.052935757942266445,scr1996,avaConv,onshore_b
de,2,h0500,0.05898353830242545,scr1996,avaConv,onshore_b
de,2,h0501,0.07630096660103583,scr1996,avaConv,onshore_b
de,2,h0502,0.10657126496332782,scr1996,avaConv,onshore_b
de,2,h0503,0.1452542474606265,scr1996,avaConv,onshore_b
de,2,h0504,0.17767502210781302,scr1996,avaConv,onshore_b
de,2,h0505,0.38011600761812514,scr1996,avaConv,onshore_b
de,2,h0506,0.6023409005704959,scr1996,avaConv,onshore_b
de,2,h0507,0.8585211834740264,scr1996,avaConv,onshore_b
de,2,h0508,0.8705197554729794,scr1996,avaConv,onshore_b
de,2,h0509,0.8715955607716016,scr1996,avaConv,onshore_b
de,2,h0510,0.855519104573369,scr1996,avaConv,onshore_b
de,2,h0511,0.5248234017027289,scr1996,avaConv,onshore_b
de,2,h0512,0.25525246923942607,scr1996,avaConv,onshore_b
de,2,h0513,0.06234621957216801,scr1996,avaConv,onshore_b
de,2,h0514,0.05648258796235725,scr1996,avaConv,onshore_b
de,2,h0515,0.055796464130537134,scr1996,avaConv,onshore_b
de,2,h0516,0.06951704143243975,scr1996,avaConv,onshore_b
de,2,h0517,0.0507828229883662,scr1996,avaConv,onshore_b
de,2,h0518,0.03213009905760838,scr1996,avaConv,onshore_b
de,2,h0519,0.010745508770815915,scr1996,avaConv,onshore_b
de,2,h0520,0.011797191868228692,scr1996,avaConv,onshore_b
de,2,h0521,0.012093643678140352,scr1996,avaConv,onshore_b
de,2,h0522,0.012679088509394544,scr1996,avaConv,onshore_b
de,2,h0523,0.01673818783364872,scr1996,avaConv,onshore_b
de,2,h0524,0.02185896751845396,scr1996,avaConv,onshore_b
de,2,h0525,0.026593123241818242,scr1996,avaConv,onshore_b
de,2,h0526,0.027604851138500225,scr1996,avaConv,onshore_b
de,2,h0527,0.028636458364559428,scr1996,avaConv,onshore_b
de,2,h0528,0.029644901635488344,scr1996,avaConv,onshore_b
de,2,h0529,0.04691751511165087,scr1996,avaConv,onshore_b
de,2,h0530,0.06379241179468029,scr1996,avaConv,onshore_b
de,2,h0531,0.07947224318458783,scr1996,avaConv,onshore_b
de,2,h0532,0.07257402288919396,scr1996,avaConv,onshore_b
de,2,h0533,0.0659121669711005,scr1996,avaConv,onshore_b
de,2,h0534,0.06078773750338546,scr1996,avaConv,onshore_b
de,2,h0535,0.064667285947416,scr1996,avaConv,onshore_b
de,2,h0536,0.07093471400192393,scr1996,avaConv,onshore_b
de,2,h0537,0.07876134446066123,scr1996,avaConv,onshore_b
de,2,h0538,0.07882384929213847,scr1996,avaConv,onshore_b
de,2,h0539,0.084419631076911,scr1996,avaConv,onshore_b
de,2,h0540,0.09085522073136425,scr1996,avaConv,onshore_b
de,2,h0541,0.13227696004952702,scr1996,avaConv,onshore_b
de,2,h0542,0.18959259253414987,scr1996,avaConv,onshore_b
de,2,h0543,0.2611098572595778,scr1996,avaConv,onshore_b
de,2,h0544,0.2943723387355841,scr1996,avaConv,onshore_b
de,2,h0545,0.30737196607704914,scr1996,avaConv,onshore_b
de,2,h0546,0.31691048299960606,scr1996,avaConv,onshore_b
de,2,h0547,0.2098848683286506,scr1996,avaConv,onshore_b
de,2,h0548,0.11502968913740197,scr1996,avaConv,onshore_b
de,2,h0549,0.03775228381840978,scr1996,avaConv,onshore_b
de,2,h0550,0.03411052088875082,scr1996,avaConv,onshore_b
de,2,h0551,0.032692960394971944,scr1996,avaConv,onshore_b
de,2,h0552,0.030612432775676553,scr1996,avaConv,onshore_b
dk_e,2,h0481,0.24302617446070593,scr1996,avaConv,onshore_b
dk_e,2,h0482,0.19334435036235048,scr1996,avaConv,onshore_b
dk_e,2,h0483,0.16142760343520934,scr1996,avaConv,onshore_b
dk_e,2,h0484,0.16338224926803957,scr1996,avaConv,onshore_b
dk_e,2,h0485,0.17545897282876619,scr1996,avaConv,onshore_b
dk_e,2,h0486,0.2101197209409602,scr1996,avaConv,onshore_b
dk_e,2,h0487,0.27119061211337814,scr1996,avaConv,onshore_b
dk_e,2,h0488,0.3303413386391521,scr1996,avaConv,onshore_b
dk_e,2,h0489,0.39573372333358003,scr1996,avaConv,onshore_b
dk_e,2,h0490,0.4560902976114982,scr1996,avaConv,onshore_b
dk_e,2,h0491,0.5214835442460539,scr1996,avaConv,onshore_b
dk_e,2,h0492,0.5669815846233696,scr1996,avaConv,onshore_b
dk_e,2,h0493,0.5254287689889003,scr1996,avaConv,onshore_b
dk_e,2,h0494,0.4779567658839376,scr1996,avaConv,onshore_b
dk_e,2,h0495,0.42526097539505664,scr1996,avaConv,onshore_b
dk_e,2,h0496,0.4331404386763156,scr1996,avaConv,onshore_b
dk_e,2,h0497,0.42425601466133034,scr1996,avaConv,onshore_b
dk_e,2,h0498,0.41560778824801464,scr1996,avaConv,onshore_b
dk_e,2,h0499,0.3004514675698183,scr1996,avaConv,onshore_b
dk_e,2,h0500,0.2086933120450462,scr1996,avaConv,onshore_b
dk_e,2,h0501,0.12996494972951095,scr1996,avaConv,onshore_b
dk_e,2,h0502,0.169797049428427,scr1996,avaConv,onshore_b
dk_e,2,h0503,0.23047619977295342,scr1996,avaConv,onshore_b
dk_e,2,h0504,0.2838659114956556,scr1996,avaConv,onshore_b
dk_e,2,h0505,0.31657429030711215,scr1996,avaConv,onshore_b
dk_e,2,h0506,0.28071979331881863,scr1996,avaConv,onshore_b
dk_e,2,h0507,0.23161851553829058,scr1996,avaConv,onshore_b
dk_e,2,h0508,0.2194305370986741,scr1996,avaConv,onshore_b
dk_e,2,h0509,0.298217341788146,scr1996,avaConv,onshore_b
dk_e,2,h0510,0.4618230875276274,scr1996,avaConv,onshore_b
dk_e,2,h0511,0.41244171738829444,scr1996,avaConv,onshore_b
dk_e,2,h0512,0.30369594534154953,scr1996,avaConv,onshore_b
dk_e,2,h0513,0.12335383913043903,scr1996,avaConv,onshore_b
dk_e,2,h0514,0.12959685336717464,scr1996,avaConv,onshore_b
dk_e,2,h0515,0.1575100681872878,scr1996,avaConv,onshore_b
dk_e,2,h0516,0.19060018639636034,scr1996,avaConv,onshore_b
dk_e,2,h0517,0.1562725693147353,scr1996,avaConv,onshore_b
dk_e,2,h0518,0.10146292552831418,scr1996,avaConv,onshore_b
dk_e,2,h0519,0.04428412243106868,scr1996,avaConv,onshore_b
dk_e,2,h0520,0.04195030478985436,scr1996,avaConv,onshore_b
dk_e,2,h0521,0.04429322142896337,scr1996,avaConv,onshore_b
dk_e,2,h0522,0.05075448831845286,scr1996,avaConv,onshore_b
dk_e,2,h0523,0.10139775472034655,scr1996,avaConv,onshore_b
dk_e,2,h0524,0.13816628838411765,scr1996,avaConv,onshore_b
dk_e,2,h0525,0.1735842298188531,scr1996,avaConv,onshore_b
dk_e,2,h0526,0.18547901223685548,scr1996,avaConv,onshore_b
dk_e,2,h0527,0.25761130971300933,scr1996,avaConv,onshore_b
dk_e,2,h0528,0.3223776045865422,scr1996,avaConv,onshore_b
dk_e,2,h0529,0.2653405901874033,scr1996,avaConv,onshore_b
dk_e,2,h0530,0.15597722819104157,scr1996,avaConv,onshore_b
dk_e,2,h0531,0.05598511870038568,scr1996,avaConv,onshore_b
dk_e,2,h0532,0.05118219731621235,scr1996,avaConv,onshore_b
dk_e,2,h0533,0.052738014724812314,scr1996,avaConv,onshore_b
dk_e,2,h0534,0.05457998109872239,scr1996,avaConv,onshore_b
dk_e,2,h0535,0.0435364096152508,scr1996,avaConv,onshore_b
dk_e,2,h0536,0.03438637277399145,scr1996,avaConv,onshore_b
dk_e,2,h0537,0.031512035555646155,scr1996,avaConv,onshore_b
dk_e,2,h0538,0.039223845381042566,scr1996,avaConv,onshore_b
dk_e,2,h0539,0.044915692827610924,scr1996,avaConv,onshore_b
dk_e,2,h0540,0.04364454155408303,scr1996,avaConv,onshore_b
dk_e,2,h0541,0.07425957924051371,scr1996,avaConv,onshore_b
dk_e,2,h0542,0.10599470066480414,scr1996,avaConv,onshore_b
dk_e,2,h0543,0.14972315818271809,scr1996,avaConv,onshore_b
dk_e,2,h0544,0.16885277736897947,scr1996,avaConv,onshore_b
dk_e,2,h0545,0.20539177031279016,scr1996,avaConv,onshore_b
dk_e,2,h0546,0.2541905036150186,scr1996,avaConv,onshore_b
dk_e,2,h0547,0.22401250038382872,scr1996,avaConv,onshore_b
dk_e,2,h0548,0.17069238743823953,scr1996,avaConv,onshore_b
dk_e,2,h0549,0.09897309599822232,scr1996,avaConv,onshore_b
dk_e,2,h0550,0.10044122284052427,scr1996,avaConv,onshore_b
dk_e,2,h0551,0.10451876700296121,scr1996,avaConv,onshore_b
dk_e,2,h0552,0.10136940716761174,scr1996,avaConv,onshore_b
dk_w,2,h0481,0.11393237682672086,scr1996,avaConv,onshore_b
dk_w,2,h0482,0.130716929189178,scr1996,avaConv,onshore_b
dk_w,2,h0483,0.15682319775214595,scr1996,avaConv,onshore_b
dk_w,2,h0484,0.15320124248106384,scr1996,avaConv,onshore_b
dk_w,2,h0485,0.14945638698565228,scr1996,avaConv,onshore_b
dk_w,2,h0486,0.15430507114891687,scr1996,avaConv,onshore_b
dk_w,2,h0487,0.20845987356884868,scr1996,avaConv,onshore_b
dk_w,2,h0488,0.27163803973902967,scr1996,avaConv,onshore_b
dk_w,2,h0489,0.35712328419124556,scr1996,avaConv,onshore_b
dk_w,2,h0490,0.4275795885315945,scr1996,avaConv,onshore_b
dk_w,2,h0491,0.47515854888830183,scr1996,avaConv,onshore_b
dk_w,2,h0492,0.5062196832537785,scr1996,avaConv,onshore_b
dk_w,2,h0493,0.40130279423797693,scr1996,avaConv,onshore_b
dk_w,2,h0494,0.3081220077291358,scr1996,avaConv,onshore_b
dk_w,2,h0495,0.2005636034987939,scr1996,avaConv,onshore_b
dk_w,2,h0496,0.19091450138763472,scr1996,avaConv,onshore_b
dk_w,2,h0497,0.17589772626058375,scr1996,avaConv,onshore_b
dk_w,2,h0498,0.1661579174621372,scr1996,avaConv,onshore_b
dk_w,2,h0499,0.19887077132239098,scr1996,avaConv,onshore_b
dk_w,2,h0500,0.26964706256610516,scr1996,avaConv,onshore_b
dk_w,2,h0501,0.36227638598672,scr1996,avaConv,onshore_b
dk_w,2,h0502,0.43722724104683347,scr1996,avaConv,onshore_b
dk_w,2,h0503,0.5078543573417789,scr1996,avaConv,onshore_b
dk_w,2,h0504,0.5713660481286936,scr1996,avaConv,onshore_b
dk_w,2,h0505,0.43200740235068585,scr1996,avaConv,onshore_b
dk_w,2,h0506,0.2741485638637742,scr1996,avaConv,onshore_b
dk_w,2,h0507,0.12661838664169728,scr1996,avaConv,onshore_b
dk_w,2,h0508,0.20049447272768922,scr1996,avaConv,onshore_b
dk_w,2,h0509,0.30722470063309587,scr1996,avaConv,onshore_b
dk_w,2,h0510,0.41739570514732366,scr1996,avaConv,onshore_b
dk_w,2,h0511,0.35804484064191267,scr1996,avaConv,onshore_b
dk_w,2,h0512,0.2603992549610482,scr1996,avaConv,onshore_b
dk_w,2,h0513,0.14018412936947588,scr1996,avaConv,onshore_b
dk_w,2,h0514,0.143659152818517,scr1996,avaConv,onshore_b
dk_w,2,h0515,0.1708587161564775,scr1996,avaConv,onshore_b
dk_w,2,h0516,0.24359944249543167,scr1996,avaConv,onshore_b
dk_w,2,h0517,0.28918992930279763,scr1996,avaConv,onshore_b
dk_w,2,h0518,0.3181492069625112,scr1996,avaConv,onshore_b
dk_w,2,h0519,0.29440410339491424,scr1996,avaConv,onshore_b
dk_w,2,h0520,0.28332784400747296,scr1996,avaConv,onshore_b
dk_w,2,h0521,0.26155749435183834,scr1996,avaConv,onshore_b
dk_w,2,h0522,0.2444296856185838,scr1996,avaConv,onshore_b
dk_w,2,h0523,0.2633851747439688,scr1996,avaConv,onshore_b
dk_w,2,h0524,0.2935323919905978,scr1996,avaConv,onshore_b
dk_w,2,h0525,0.3319480933538016,scr1996,avaConv,onshore_b
dk_w,2,h0526,0.3500967660154785,scr1996,avaConv,onshore_b
dk_w,2,h0527,0.3749017052417927,scr1996,avaConv,onshore_b
dk_w,2,h0528,0.3828262916672772,scr1996,avaConv,onshore_b
dk_w,2,h0529,0.3346630876861299,scr1996,avaConv,onshore_b
dk_w,2,h0530,0.26795079232720087,scr1996,avaConv,onshore_b
dk_w,2,h0531,0.20336318029991055,scr1996,avaConv,onshore_b
dk_w,2,h0532,0.18531633093886377,scr1996,avaConv,onshore_b
dk_w,2,h0533,0.16910228097827562,scr1996,avaConv,onshore_b
dk_w,2,h0534,0.15691185725824813,scr1996,avaConv,onshore_b
dk_w,2,h0535,0.11442933702270361,scr1996,avaConv,onshore_b
dk_w,2,h0536,0.07843115720686432,scr1996,avaConv,onshore_b
dk_w,2,h0537,0.04656470978133827,scr1996,avaConv,onshore_b
dk_w,2,h0538,0.04576608574694525,scr1996,avaConv,onshore_b
dk_w,2,h0539,0.038478384054984875,scr1996,avaConv,onshore_b
dk_w,2,h0540,0.02974178550083616,scr1996,avaConv,onshore_b
dk_w,2,h0541,0.10856745000347309,scr1996,avaConv,onshore_b
dk_w,2,h0542,0.20515573692702962,scr1996,avaConv,onshore_b
dk_w,2,h0543,0.3273278653622888,scr1996,avaConv,onshore_b
dk_w,2,h0544,0.37283782304735025,scr1996,avaConv,onshore_b
dk_w,2,h0545,0.3958391165428134,scr1996,avaConv,onshore_b
dk_w,2,h0546,0.3924589423249867,scr1996,avaConv,onshore_b
dk_w,2,h0547,0.27130859333543583,scr1996,avaConv,onshore_b
dk_w,2,h0548,0.1625352618699767,scr1996,avaConv,onshore_b
dk_w,2,h0549,0.056920632752480195,scr1996,avaConv,onshore_b
dk_w,2,h0550,0.04870649113160798,scr1996,avaConv,onshore_b
dk_w,2,h0551,0.03838484198028467,scr1996,avaConv,onshore_b
dk_w,2,h0552,0.02746577764575256,scr1996,avaConv,onshore_b
ee,2,h0481,0.1965454212496317,scr1996,avaConv,onshore_b
ee,2,h0482,0.37266222246087033,scr1996,avaConv,onshore_b
ee,2,h0483,0.5422877533582745,scr1996,avaConv,onshore_b
ee,2,h0484,0.5016212751583893,scr1996,avaConv,onshore_b
ee,2,h0485,0.4746089699940972,scr1996,avaConv,onshore_b
ee,2,h0486,0.4536061818272977,scr1996,avaConv,onshore_b
ee,2,h0487,0.33802082314413645,scr1996,avaConv,onshore_b
ee,2,h0488,0.23370594290170282,scr1996,avaConv,onshore_b
ee,2,h0489,0.13546121322566612,scr1996,avaConv,onshore_b
ee,2,h0490,0.13292421540278931,scr1996,avaConv,onshore_b
ee,2,h0491,0.11897128571775405,scr1996,avaConv,onshore_b
ee,2,h0492,0.10687857013759483,scr1996,avaConv,onshore_b
ee,2,h0493,0.08191665669896193,scr1996,avaConv,onshore_b
ee,2,h0494,0.058070590668283524,scr1996,avaConv,onshore_b
ee,2,h0495,0.03529610199927125,scr1996,avaConv,onshore_b
ee,2,h0496,0.02769139062588947,scr1996,avaConv,onshore_b
ee,2,h0497,0.02615897239112837,scr1996,avaConv,onshore_b
ee,2,h0498,0.029686663669167196,scr1996,avaConv,onshore_b
ee,2,h0499,0.08406607221108137,scr1996,avaConv,onshore_b
ee,2,h0500,0.13973809604913043,scr1996,avaConv,onshore_b
ee,2,h0501,0.18835384054706128,scr1996,avaConv,onshore_b
ee,2,h0502,0.17728799157885317,scr1996,avaConv,onshore_b
ee,2,h0503,0.16152707569569713,scr1996,avaConv,onshore_b
ee,2,h0504,0.14505453312712552,scr1996,avaConv,onshore_b
ee,2,h0505,0.35198401971059057,scr1996,avaConv,onshore_b
ee,2,h0506,0.582682466968449,scr1996,avaConv,onshore_b
ee,2,h0507,0.8402000528790298,scr1996,avaConv,onshore_b
ee,2,h0508,0.8718048680299832,scr1996,avaConv,onshore_b
ee,2,h0509,0.8975975356642398,scr1996,avaConv,onshore_b
ee,2,h0510,0.9132950489218203,scr1996,avaConv,onshore_b
ee,2,h0511,0.6153887451436642,scr1996,avaConv,onshore_b
ee,2,h0512,0.3218756484066525,scr1996,avaConv,onshore_b
ee,2,h0513,0.043027145426366285,scr1996,avaConv,onshore_b
ee,2,h0514,0.035992256791887584,scr1996,avaConv,onshore_b
ee,2,h0515,0.032401785175655395,scr1996,avaConv,onshore_b
ee,2,h0516,0.03855829426332241,scr1996,avaConv,onshore_b
ee,2,h0517,0.20064107612535004,scr1996,avaConv,onshore_b
ee,2,h0518,0.35475676053584676,scr1996,avaConv,onshore_b
ee,2,h0519,0.49584469111229396,scr1996,avaConv,onshore_b
ee,2,h0520,0.48342172550890083,scr1996,avaConv,onshore_b
ee,2,h0521,0.4993778233269788,scr1996,avaConv,onshore_b
ee,2,h0522,0.5327863420796378,scr1996,avaConv,onshore_b
ee,2,h0523,0.5470308275076714,scr1996,avaConv,onshore_b
ee,2,h0524,0.5671452453085216,scr1996,avaConv,onshore_b
ee,2,h0525,0.592608559087694,scr1996,avaConv,onshore_b
ee,2,h0526,0.6228143423757988,scr1996,avaConv,onshore_b
ee,2,h0527,0.6398756054220097,scr1996,avaConv,onshore_b
ee,2,h0528,0.6253951734342086,scr1996,avaConv,onshore_b
ee,2,h0529,0.6875132608292691,scr1996,avaConv,onshore_b
ee,2,h0530,0.747505671546753,scr1996,avaConv,onshore_b
ee,2,h0531,0.8241157034986379,scr1996,avaConv,onshore_b
ee,2,h0532,0.8141928805249181,scr1996,avaConv,onshore_b
ee,2,h0533,0.8026136942350445,scr1996,avaConv,onshore_b
ee,2,h0534,0.7920732172801338,scr1996,avaConv,onshore_b
ee,2,h0535,0.6147152957317222,scr1996,avaConv,onshore_b
ee,2,h0536,0.4332687418699295,scr1996,avaConv,onshore_b
ee,2,h0537,0.24063759899704396,scr1996,avaConv,onshore_b
ee,2,h0538,0.20396909669026048,scr1996,avaConv,onshore_b
ee,2,h0539,0.1738130297137836,scr1996,avaConv,onshore_b
ee,2,h0540,0.16987398738648518,scr1996,avaConv,onshore_b
ee,2,h0541,0.13075245096220806,scr1996,avaConv,onshore_b
ee,2,h0542,0.09055582405531755,scr1996,avaConv,onshore_b
ee,2,h0543,0.045546684777156864,scr1996,avaConv,onshore_b
ee,2,h0544,0.044016806740723904,scr1996,avaConv,onshore_b
ee,2,h0545,0.0492831677216904,scr1996,avaConv,onshore_b
ee,2,h0546,0.053970710305501976,scr1996,avaConv,onshore_b
ee,2,h0547,0.06494360775188757,scr1996,avaConv,onshore_b
ee,2,h0548,0.07015346546797657,scr1996,avaConv,onshore_b
ee,2,h0549,0.07166013800543837,scr1996,avaConv,onshore_b
ee,2,h0550,0.05949019419777382,scr1996,avaConv,onshore_b
ee,2,h0551,0.04510494170135721,scr1996,avaConv,onshore_b
ee,2,h0552,0.0351139141031935,scr1996,avaConv,onshore_b
es,2,h0481,0.160391877103584,scr1996,avaConv,onshore_b
es,2,h0482,0.16334530260466718,scr1996,avaConv,onshore_b
es,2,h0483,0.17255752762708618,scr1996,avaConv,onshore_b
es,2,h0484,0.16602408446525535,scr1996,avaConv,onshore_b
es,2,h0485,0.16196539115397177,scr1996,avaConv,onshore_b
es,2,h0486,0.16193457070329118,scr1996,avaConv,onshore_b
es,2,h0487,0.19889210084384298,scr1996,avaConv,onshore_b
es,2,h0488,0.2519102477858789,scr1996,avaConv,onshore_b
es,2,h0489,0.31657986856961534,scr1996,avaConv,onshore_b
es,2,h0490,0.35276119501729736,scr1996,avaConv,onshore_b
es,2,h0491,0.3972183086403797,scr1996,avaConv,onshore_b
es,2,h0492,0.4543180969570864,scr1996,avaConv,onshore_b
es,2,h0493,0.4135632743511322,scr1996,avaConv,onshore_b
es,2,h0494,0.3576697823075975,scr1996,avaConv,onshore_b
es,2,h0495,0.28737032162104875,scr1996,avaConv,onshore_b
es,2,h0496,0.2935893927708277,scr1996,avaConv,onshore_b
es,2,h0497,0.2824755767904324,scr1996,avaConv,onshore_b
es,2,h0498,0.24485152468673643,scr1996,avaConv,onshore_b
es,2,h0499,0.16267197904721184,scr1996,avaConv,onshore_b
es,2,h0500,0.1005691485072108,scr1996,avaConv,onshore_b
es,2,h0501,0.061693476530609456,scr1996,avaConv,onshore_b
es,2,h0502,0.059020277246023455,scr1996,avaConv,onshore_b
es,2,h0503,0.0630868634411812,scr1996,avaConv,onshore_b
es,2,h0504,0.06879928377373494,scr1996,avaConv,onshore_b
es,2,h0505,0.053504836148595795,scr1996,avaConv,onshore_b
es,2,h0506,0.03354078749709273,scr1996,avaConv,onshore_b
es,2,h0507,0.01667996098671549,scr1996,avaConv,onshore_b
es,2,h0508,0.01633817372997498,scr1996,avaConv,onshore_b
es,2,h0509,0.016544274055589562,scr1996,avaConv,onshore_b
es,2,h0510,0.01812316481411775,scr1996,avaConv,onshore_b
es,2,h0511,0.062160689419535294,scr1996,avaConv,onshore_b
es,2,h0512,0.11575617918673059,scr1996,avaConv,onshore_b
es,2,h0513,0.16743262778361928,scr1996,avaConv,onshore_b
es,2,h0514,0.14985158753702849,scr1996,avaConv,onshore_b
es,2,h0515,0.1291417534575097,scr1996,avaConv,onshore_b
es,2,h0516,0.10930816400008703,scr1996,avaConv,onshore_b
es,2,h0517,0.26048738601293475,scr1996,avaConv,onshore_b
es,2,h0518,0.44720908904164447,scr1996,avaConv,onshore_b
es,2,h0519,0.6704775170223568,scr1996,avaConv,onshore_b
es,2,h0520,0.6650573791296612,scr1996,avaConv,onshore_b
es,2,h0521,0.6681150996826487,scr1996,avaConv,onshore_b
es,2,h0522,0.6611780221725359,scr1996,avaConv,onshore_b
es,2,h0523,0.44699379634162795,scr1996,avaConv,onshore_b
es,2,h0524,0.272809090741124,scr1996,avaConv,onshore_b
es,2,h0525,0.1412498687667973,scr1996,avaConv,onshore_b
es,2,h0526,0.15834050026816146,scr1996,avaConv,onshore_b
es,2,h0527,0.157824628926178,scr1996,avaConv,onshore_b
es,2,h0528,0.15048782318022455,scr1996,avaConv,onshore_b
es,2,h0529,0.22291776231437818,scr1996,avaConv,onshore_b
es,2,h0530,0.31171890177278005,scr1996,avaConv,onshore_b
es,2,h0531,0.41239796547998264,scr1996,avaConv,onshore_b
es,2,h0532,0.41416019796970915,scr1996,avaConv,onshore_b
es,2,h0533,0.4172697739133747,scr1996,avaConv,onshore_b
es,2,h0534,0.4214290453531791,scr1996,avaConv,onshore_b
es,2,h0535,0.33401534656599885,scr1996,avaConv,onshore_b
es,2,h0536,0.24855782604205978,scr1996,avaConv,onshore_b
es,2,h0537,0.16440905837801512,scr1996,avaConv,onshore_b
es,2,h0538,0.1570846940010552,scr1996,avaConv,onshore_b
es,2,h0539,0.17844933043223102,scr1996,avaConv,onshore_b
es,2,h0540,0.22055090455517337,scr1996,avaConv,onshore_b
es,2,h0541,0.16894061747567446,scr1996,avaConv,onshore_b
es,2,h0542,0.10038176411303328,scr1996,avaConv,onshore_b
es,2,h0543,0.03529326198956986,scr1996,avaConv,onshore_b
es,2,h0544,0.03469040931373841,scr1996,avaConv,onshore_b
es,2,h0545,0.03259383602246578,scr1996,avaConv,onshore_b
es,2,h0546,0.029963237761740077,scr1996,avaConv,onshore_b
es,2,h0547,0.026629084028868776,scr1996,avaConv,onshore_b
es,2,h0548,0.024546787847304994,scr1996,avaConv,onshore_b
es,2,h0549,0.023299755208729154,scr1996,avaConv,onshore_b
es,2,h0550,0.02333100846578242,scr1996,avaConv,onshore_b
es,2,h0551,0.023394304656893447,scr1996,avaConv,onshore_b
es,2,h0552,0.02466913374495757,scr1996,avaConv,onshore_b
fi,2,h0481,0.1419488944903877,scr1996,avaConv,onshore_b
fi,2,h0482,0.14385926538112112,scr1996,avaConv,onshore_b
fi,2,h0483,0.15240810258190646,scr1996,avaConv,onshore_b
fi,2,h0484,0.13979387522538722,scr1996,avaConv,onshore_b
fi,2,h0485,0.13664800392538914,scr1996,avaConv,onshore_b
fi,2,h0486,0.13892011619444974,scr1996,avaConv,onshore_b
fi,2,h0487,0.11474307568879079,scr1996,avaConv,onshore_b
fi,2,h0488,0.07654185124319142,scr1996,avaConv,onshore_b
fi,2,h0489,0.0346716676099649,scr1996,avaConv,onshore_b
fi,2,h0490,0.018650734373323888,scr1996,avaConv,onshore_b
fi,2,h0491,0.013839171494047744,scr1996,avaConv,onshore_b
fi,2,h0492,0.01389710250122899,scr1996,avaConv,onshore_b
fi,2,h0493,0.16215329664612757,scr1996,avaConv,onshore_b
fi,2,h0494,0.3292930643749286,scr1996,avaConv,onshore_b
fi,2,h0495,0.5002995267895902,scr1996,avaConv,onshore_b
fi,2,h0496,0.5170117486051289,scr1996,avaConv,onshore_b
fi,2,h0497,0.5529940862830235,scr1996,avaConv,onshore_b
fi,2,h0498,0.6060836937118084,scr1996,avaConv,onshore_b
fi,2,h0499,0.4718977464742102,scr1996,avaConv,onshore_b
fi,2,h0500,0.32937215080790144,scr1996,avaConv,onshore_b
fi,2,h0501,0.18362316514158752,scr1996,avaConv,onshore_b
fi,2,h0502,0.2077217475921706,scr1996,avaConv,onshore_b
fi,2,h0503,0.2211309606106471,scr1996,avaConv,onshore_b
fi,2,h0504,0.22201108926503157,scr1996,avaConv,onshore_b
fi,2,h0505,0.43243859422169,scr1996,avaConv,onshore_b
fi,2,h0506,0.6509550566018295,scr1996,avaConv,onshore_b
fi,2,h0507,0.8806603031916586,scr1996,avaConv,onshore_b
fi,2,h0508,0.8881810046836084,scr1996,avaConv,onshore_b
fi,2,h0509,0.8929984965827417,scr1996,avaConv,onshore_b
fi,2,h0510,0.8980494999083495,scr1996,avaConv,onshore_b
fi,2,h0511,0.5963246914928012,scr1996,avaConv,onshore_b
fi,2,h0512,0.29945583279706844,scr1996,avaConv,onshore_b
fi,2,h0513,0.021756991344359516,scr1996,avaConv,onshore_b
fi,2,h0514,0.017688223346634738,scr1996,avaConv,onshore_b
fi,2,h0515,0.017298309587274432,scr1996,avaConv,onshore_b
fi,2,h0516,0.021686495828877744,scr1996,avaConv,onshore_b
fi,2,h0517,0.2999443688715291,scr1996,avaConv,onshore_b
fi,2,h0518,0.5889870352867295,scr1996,avaConv,onshore_b
fi,2,h0519,0.8735456748414768,scr1996,avaConv,onshore_b
fi,2,h0520,0.8442411004843642,scr1996,avaConv,onshore_b
fi,2,h0521,0.8263766378903411,scr1996,avaConv,onshore_b
fi,2,h0522,0.8194994229115533,scr1996,avaConv,onshore_b
fi,2,h0523,0.8365627798927415,scr1996,avaConv,onshore_b
fi,2,h0524,0.8478041068887879,scr1996,avaConv,onshore_b
fi,2,h0525,0.8510708516258565,scr1996,avaConv,onshore_b
fi,2,h0526,0.8308388286235563,scr1996,avaConv,onshore_b
fi,2,h0527,0.8186001695985964,scr1996,avaConv,onshore_b
fi,2,h0528,0.8008288395610751,scr1996,avaConv,onshore_b
fi,2,h0529,0.806962825745338,scr1996,avaConv,onshore_b
fi,2,h0530,0.7943866121407152,scr1996,avaConv,onshore_b
fi,2,h0531,0.7896743618308228,scr1996,avaConv,onshore_b
fi,2,h0532,0.7658877985416981,scr1996,avaConv,onshore_b
fi,2,h0533,0.7623338935062233,scr1996,avaConv,onshore_b
fi,2,h0534,0.7703227228790762,scr1996,avaConv,onshore_b
fi,2,h0535,0.6012935547292356,scr1996,avaConv,onshore_b
fi,2,h0536,0.42819863392571056,scr1996,avaConv,onshore_b
fi,2,h0537,0.23924286513410534,scr1996,avaConv,onshore_b
fi,2,h0538,0.2001583188372504,scr1996,avaConv,onshore_b
fi,2,h0539,0.15763933561456148,scr1996,avaConv,onshore_b
fi,2,h0540,0.12483448323327519,scr1996,avaConv,onshore_b
fi,2,h0541,0.17163652414239075,scr1996,avaConv,onshore_b
fi,2,h0542,0.21654499115052003,scr1996,avaConv,onshore_b
fi,2,h0543,0.25723317819606456,scr1996,avaConv,onshore_b
fi,2,h0544,0.2318688649314764,scr1996,avaConv,onshore_b
fi,2,h0545,0.20901131009865412,scr1996,avaConv,onshore_b
fi,2,h0546,0.18797789572096177,scr1996,avaConv,onshore_b
fi,2,h0547,0.13050466025383253,scr1996,avaConv,onshore_b
fi,2,h0548,0.07823424337513037,scr1996,avaConv,onshore_b
fi,2,h0549,0.03173682250008393,scr1996,avaConv,onshore_b
fi,2,h0550,0.021736078675778647,scr1996,avaConv,onshore_b
fi,2,h0551,0.014208336368985493,scr1996,avaConv,onshore_b
fi,2,h0552,0.009429276313010672,scr1996,avaConv,onshore_b
fr,2,h0481,0.24478099749141588,scr1996,avaConv,onshore_b
fr,2,h0482,0.31593456989486784,scr1996,avaConv,onshore_b
fr,2,h0483,0.4066561800417986,scr1996,avaConv,onshore_b
fr,2,h0484,0.3908933112340853,scr1996,avaConv,onshore_b
fr,2,h0485,0.378138164533448,scr1996,avaConv,onshore_b
fr,2,h0486,0.36397035832902364,scr1996,avaConv,onshore_b
fr,2,h0487,0.2287185481701579,scr1996,avaConv,onshore_b
fr,2,h0488,0.11851342967389797,scr1996,avaConv,onshore_b
fr,2,h0489,0.03497456556378857,scr1996,avaConv,onshore_b
fr,2,h0490,0.0301408238455719,scr1996,avaConv,onshore_b
fr,2,h0491,0.024268770969418527,scr1996,avaConv,onshore_b
fr,2,h0492,0.020962992911654432,scr1996,avaConv,onshore_b
fr,2,h0493,0.03508500671326327,scr1996,avaConv,onshore_b
fr,2,h0494,0.053229849218251774,scr1996,avaConv,onshore_b
fr,2,h0495,0.07474114709664917,scr1996,avaConv,onshore_b
fr,2,h0496,0.07424170051272705,scr1996,avaConv,onshore_b
fr,2,h0497,0.0704037557206715,scr1996,avaConv,onshore_b
fr,2,h0498,0.06063098616881636,scr1996,avaConv,onshore_b
fr,2,h0499,0.10517528614140383,scr1996,avaConv,onshore_b
fr,2,h0500,0.17532038046021098,scr1996,avaConv,onshore_b
fr,2,h0501,0.28099646129973005,scr1996,avaConv,onshore_b
fr,2,h0502,0.3219586447059434,scr1996,avaConv,onshore_b
fr,2,h0503,0.36798242823462524,scr1996,avaConv,onshore_b
fr,2,h0504,0.4019170297748051,scr1996,avaConv,onshore_b
fr,2,h0505,0.40386275751863066,scr1996,avaConv,onshore_b
fr,2,h0506,0.37853527093103084,scr1996,avaConv,onshore_b
fr,2,h0507,0.341688093075004,scr1996,avaConv,onshore_b
fr,2,h0508,0.31356544320052476,scr1996,avaConv,onshore_b
fr,2,h0509,0.2820151339030321,scr1996,avaConv,onshore_b
fr,2,h0510,0.2504248315021578,scr1996,avaConv,onshore_b
fr,2,h0511,0.17356748441119305,scr1996,avaConv,onshore_b
fr,2,h0512,0.11500132674676287,scr1996,avaConv,onshore_b
fr,2,h0513,0.06764702040542177,scr1996,avaConv,onshore_b
fr,2,h0514,0.06374487160053,scr1996,avaConv,onshore_b
fr,2,h0515,0.05774214200807887,scr1996,avaConv,onshore_b
fr,2,h0516,0.061767038613567256,scr1996,avaConv,onshore_b
fr,2,h0517,0.1087885616668719,scr1996,avaConv,onshore_b
fr,2,h0518,0.16767132474334545,scr1996,avaConv,onshore_b
fr,2,h0519,0.22260014864252506,scr1996,avaConv,onshore_b
fr,2,h0520,0.21784666120704615,scr1996,avaConv,onshore_b
fr,2,h0521,0.1984136164368409,scr1996,avaConv,onshore_b
fr,2,h0522,0.1722343578546865,scr1996,avaConv,onshore_b
fr,2,h0523,0.12802802983937728,scr1996,avaConv,onshore_b
fr,2,h0524,0.09896743927562401,scr1996,avaConv,onshore_b
fr,2,h0525,0.07741982967182848,scr1996,avaConv,onshore_b
fr,2,h0526,0.0754145934435009,scr1996,avaConv,onshore_b
fr,2,h0527,0.06884965698519177,scr1996,avaConv,onshore_b
fr,2,h0528,0.06197304383237645,scr1996,avaConv,onshore_b
fr,2,h0529,0.19075545492804485,scr1996,avaConv,onshore_b
fr,2,h0530,0.36620926004790816,scr1996,avaConv,onshore_b
fr,2,h0531,0.5778841330210084,scr1996,avaConv,onshore_b
fr,2,h0532,0.5792993031401439,scr1996,avaConv,onshore_b
fr,2,h0533,0.5872317661375842,scr1996,avaConv,onshore_b
fr,2,h0534,0.6036548355196113,scr1996,avaConv,onshore_b
fr,2,h0535,0.45575625816439447,scr1996,avaConv,onshore_b
fr,2,h0536,0.31591512655971005,scr1996,avaConv,onshore_b
fr,2,h0537,0.18242291415036158,scr1996,avaConv,onshore_b
fr,2,h0538,0.16643938455938626,scr1996,avaConv,onshore_b
fr,2,h0539,0.1559931290197522,scr1996,avaConv,onshore_b
fr,2,h0540,0.1501761902044743,scr1996,avaConv,onshore_b
fr,2,h0541,0.17472126449845174,scr1996,avaConv,onshore_b
fr,2,h0542,0.19967709077238002,scr1996,avaConv,onshore_b
fr,2,h0543,0.2296247281473556,scr1996,avaConv,onshore_b
fr,2,h0544,0.2226079986783118,scr1996,avaConv,onshore_b
fr,2,h0545,0.19542120932222506,scr1996,avaConv,onshore_b
fr,2,h0546,0.16757972535428978,scr1996,avaConv,onshore_b
fr,2,h0547,0.1515636991449385,scr1996,avaConv,onshore_b
fr,2,h0548,0.16370175533627646,scr1996,avaConv,onshore_b
fr,2,h0549,0.17969852433830527,scr1996,avaConv,onshore_b
fr,2,h0550,0.19873402198009457,scr1996,avaConv,onshore_b
fr,2,h0551,0.20026888764784806,scr1996,avaConv,onshore_b
fr,2,h0552,0.1984539503405634,scr1996,avaConv,onshore_b
fr_co,2,h0481,0.06970611888872486,scr1996,avaConv,onshore_b
fr_co,2,h0482,0.016545618608066158,scr1996,avaConv,onshore_b
fr_co,2,h0483,0.0,scr1996,avaConv,onshore_b
fr_co,2,h0484,0.0,scr1996,avaConv,onshore_b
fr_co,2,h0485,0.0,scr1996,avaConv,onshore_b
fr_co,2,h0486,0.0,scr1996,avaConv,onshore_b
fr_co,2,h0487,0.0020745392626995516,scr1996,avaConv,onshore_b
fr_co,2,h0488,0.005605120054637049,scr1996,avaConv,onshore_b
fr_co,2,h0489,0.013675179272090231,scr1996,avaConv,onshore_b
fr_co,2,h0490,0.021203631152085806,scr1996,avaConv,onshore_b
fr_co,2,h0491,0.042572025232263215,scr1996,avaConv,onshore_b
fr_co,2,h0492,0.07618620613146908,scr1996,avaConv,onshore_b
fr_co,2,h0493,0.30502237224103007,scr1996,avaConv,onshore_b
fr_co,2,h0494,0.6060092972380602,scr1996,avaConv,onshore_b
fr_co,2,h0495,0.9451063561509097,scr1996,avaConv,onshore_b
fr_co,2,h0496,0.9485747639715345,scr1996,avaConv,onshore_b
fr_co,2,h0497,0.9493812104172539,scr1996,avaConv,onshore_b
fr_co,2,h0498,0.942777351375399,scr1996,avaConv,onshore_b
fr_co,2,h0499,0.4972736019920848,scr1996,avaConv,onshore_b
fr_co,2,h0500,0.1736118868331724,scr1996,avaConv,onshore_b
fr_co,2,h0501,0.0052839345685722055,scr1996,avaConv,onshore_b
fr_co,2,h0502,0.0075229067124263855,scr1996,avaConv,onshore_b
fr_co,2,h0503,0.00821302251500149,scr1996,avaConv,onshore_b
fr_co,2,h0504,0.0065148232127212775,scr1996,avaConv,onshore_b
fr_co,2,h0505,0.002734087425660088,scr1996,avaConv,onshore_b
fr_co,2,h0506,0.0006938307886434793,scr1996,avaConv,onshore_b
fr_co,2,h0507,0.0,scr1996,avaConv,onshore_b
fr_co,2,h0508,0.0,scr1996,avaConv,onshore_b
fr_co,2,h0509,0.0,scr1996,avaConv,onshore_b
fr_co,2,h0510,1.7200987104757958e-6,scr1996,avaConv,onshore_b
fr_co,2,h0511,0.0010569719684375021,scr1996,avaConv,onshore_b
fr_co,2,h0512,0.005327588061054801,scr1996,avaConv,onshore_b
fr_co,2,h0513,0.016181914537247752,scr1996,avaConv,onshore_b
fr_co,2,h0514,0.032152705333421926,scr1996,avaConv,onshore_b
fr_co,2,h0515,0.04390418807254014,scr1996,avaConv,onshore_b
fr_co,2,h0516,0.06001837791462143,scr1996,avaConv,onshore_b
fr_co,2,h0517,0.052180249384542556,scr1996,avaConv,onshore_b
fr_co,2,h0518,0.06629559214152553,scr1996,avaConv,onshore_b
fr_co,2,h0519,0.08603936326741117,scr1996,avaConv,onshore_b
fr_co,2,h0520,0.1267589927826956,scr1996,avaConv,onshore_b
fr_co,2,h0521,0.1434491318461823,scr1996,avaConv,onshore_b
fr_co,2,h0522,0.14868735463869032,scr1996,avaConv,onshore_b
fr_co,2,h0523,0.0939630703436726,scr1996,avaConv,onshore_b
fr_co,2,h0524,0.0470807265124468,scr1996,avaConv,onshore_b
fr_co,2,h0525,0.009897452075370228,scr1996,avaConv,onshore_b
fr_co,2,h0526,0.006500444100632154,scr1996,avaConv,onshore_b
fr_co,2,h0527,0.005999350907191601,scr1996,avaConv,onshore_b
fr_co,2,h0528,0.005462813328633249,scr1996,avaConv,onshore_b
fr_co,2,h0529,0.02615415833858597,scr1996,avaConv,onshore_b
fr_co,2,h0530,0.05975231424784685,scr1996,avaConv,onshore_b
fr_co,2,h0531,0.11329868869250696,scr1996,avaConv,onshore_b
fr_co,2,h0532,0.13948706001467434,scr1996,avaConv,onshore_b
fr_co,2,h0533,0.1796169162925685,scr1996,avaConv,onshore_b
fr_co,2,h0534,0.21375211118159515,scr1996,avaConv,onshore_b
fr_co,2,h0535,0.14808105417573714,scr1996,avaConv,onshore_b
fr_co,2,h0536,0.07580831761695546,scr1996,avaConv,onshore_b
fr_co,2,h0537,0.02269756585069317,scr1996,avaConv,onshore_b
fr_co,2,h0538,0.02372960748283148,scr1996,avaConv,onshore_b
fr_co,2,h0539,0.04376339500536351,scr1996,avaConv,onshore_b
fr_co,2,h0540,0.09863891835390189,scr1996,avaConv,onshore_b
fr_co,2,h0541,0.2624467765856114,scr1996,avaConv,onshore_b
fr_co,2,h0542,0.4131108450146495,scr1996,avaConv,onshore_b
fr_co,2,h0543,0.5214872277172743,scr1996,avaConv,onshore_b
fr_co,2,h0544,0.444235549641801,scr1996,avaConv,onshore_b
fr_co,2,h0545,0.33035023363349414,scr1996,avaConv,onshore_b
fr_co,2,h0546,0.18721909957119573,scr1996,avaConv,onshore_b
fr_co,2,h0547,0.06397272110913496,scr1996,avaConv,onshore_b
fr_co,2,h0548,0.01278719912714847,scr1996,avaConv,onshore_b
fr_co,2,h0549,0.00021480407932213786,scr1996,avaConv,onshore_b
fr_co,2,h0550,0.00035731498252484205,scr1996,avaConv,onshore_b
fr_co,2,h0551,0.0010397170115447705,scr1996,avaConv,onshore_b
fr_co,2,h0552,0.002273964821065609,scr1996,avaConv,onshore_b
gr,2,h0481,0.3350940328888447,scr1996,avaConv,onshore_b
gr,2,h0482,0.15854251465322883,scr1996,avaConv,onshore_b
gr,2,h0483,0.02222943222967249,scr1996,avaConv,onshore_b
gr,2,h0484,0.019886807690148688,scr1996,avaConv,onshore_b
gr,2,h0485,0.018278361117351406,scr1996,avaConv,onshore_b
gr,2,h0486,0.016800365440147493,scr1996,avaConv,onshore_b
gr,2,h0487,0.014790676548157118,scr1996,avaConv,onshore_b
gr,2,h0488,0.011951139754026858,scr1996,avaConv,onshore_b
gr,2,h0489,0.010122529150070038,scr1996,avaConv,onshore_b
gr,2,h0490,0.015378332733836956,scr1996,avaConv,onshore_b
gr,2,h0491,0.03142114701549777,scr1996,avaConv,onshore_b
gr,2,h0492,0.0627891135809795,scr1996,avaConv,onshore_b
gr,2,h0493,0.21485952479596104,scr1996,avaConv,onshore_b
gr,2,h0494,0.3835971920123514,scr1996,avaConv,onshore_b
gr,2,h0495,0.5355552789360687,scr1996,avaConv,onshore_b
gr,2,h0496,0.5240757821098708,scr1996,avaConv,onshore_b
gr,2,h0497,0.49573689536545235,scr1996,avaConv,onshore_b
gr,2,h0498,0.4757167132162625,scr1996,avaConv,onshore_b
gr,2,h0499,0.3191795088969042,scr1996,avaConv,onshore_b
gr,2,h0500,0.20291553598651046,scr1996,avaConv,onshore_b
gr,2,h0501,0.11168498381172359,scr1996,avaConv,onshore_b
gr,2,h0502,0.12662619048205317,scr1996,avaConv,onshore_b
gr,2,h0503,0.12222716915204954,scr1996,avaConv,onshore_b
gr,2,h0504,0.1204924790872489,scr1996,avaConv,onshore_b
gr,2,h0505,0.23073052615515285,scr1996,avaConv,onshore_b
gr,2,h0506,0.3822430803473464,scr1996,avaConv,onshore_b
gr,2,h0507,0.5437527479695996,scr1996,avaConv,onshore_b
gr,2,h0508,0.5671673322335987,scr1996,avaConv,onshore_b
gr,2,h0509,0.5833645186364662,scr1996,avaConv,onshore_b
gr,2,h0510,0.5889713531831261,scr1996,avaConv,onshore_b
gr,2,h0511,0.36973256381078673,scr1996,avaConv,onshore_b
gr,2,h0512,0.17256644697971887,scr1996,avaConv,onshore_b
gr,2,h0513,0.03138205310656026,scr1996,avaConv,onshore_b
gr,2,h0514,0.037507115541537406,scr1996,avaConv,onshore_b
gr,2,h0515,0.04258226204749431,scr1996,avaConv,onshore_b
gr,2,h0516,0.04316283220141137,scr1996,avaConv,onshore_b
gr,2,h0517,0.04944915107921989,scr1996,avaConv,onshore_b
gr,2,h0518,0.059554007103844314,scr1996,avaConv,onshore_b
gr,2,h0519,0.0633352322097078,scr1996,avaConv,onshore_b
gr,2,h0520,0.05521739821174924,scr1996,avaConv,onshore_b
gr,2,h0521,0.044238122529243404,scr1996,avaConv,onshore_b
gr,2,h0522,0.03610201070831095,scr1996,avaConv,onshore_b
gr,2,h0523,0.04903579538217503,scr1996,avaConv,onshore_b
gr,2,h0524,0.059724437454890464,scr1996,avaConv,onshore_b
gr,2,h0525,0.06914510812066071,scr1996,avaConv,onshore_b
gr,2,h0526,0.05980409145265536,scr1996,avaConv,onshore_b
gr,2,h0527,0.05545646860427308,scr1996,avaConv,onshore_b
gr,2,h0528,0.048872136843760815,scr1996,avaConv,onshore_b
gr,2,h0529,0.06204085248180657,scr1996,avaConv,onshore_b
gr,2,h0530,0.078266808322834,scr1996,avaConv,onshore_b
gr,2,h0531,0.10336356625467684,scr1996,avaConv,onshore_b
gr,2,h0532,0.10789356090146378,scr1996,avaConv,onshore_b
gr,2,h0533,0.11672954508678571,scr1996,avaConv,onshore_b
gr,2,h0534,0.12883914589683587,scr1996,avaConv,onshore_b
gr,2,h0535,0.11915669789074082,scr1996,avaConv,onshore_b
gr,2,h0536,0.10408124012986945,scr1996,avaConv,onshore_b
gr,2,h0537,0.08410504637088338,scr1996,avaConv,onshore_b
gr,2,h0538,0.08553441023946286,scr1996,avaConv,onshore_b
gr,2,h0539,0.09158925035315761,scr1996,avaConv,onshore_b
gr,2,h0540,0.10722901627340006,scr1996,avaConv,onshore_b
gr,2,h0541,0.17297947077120096,scr1996,avaConv,onshore_b
gr,2,h0542,0.22855159140265857,scr1996,avaConv,onshore_b
gr,2,h0543,0.25928973010084894,scr1996,avaConv,onshore_b
gr,2,h0544,0.21023204095835868,scr1996,avaConv,onshore_b
gr,2,h0545,0.16689156200242797,scr1996,avaConv,onshore_b
gr,2,h0546,0.13152930600717175,scr1996,avaConv,onshore_b
gr,2,h0547,0.12819355487975742,scr1996,avaConv,onshore_b
gr,2,h0548,0.13107353303918895,scr1996,avaConv,onshore_b
gr,2,h0549,0.1387132426082454,scr1996,avaConv,onshore_b
gr,2,h0550,0.12746508712151342,scr1996,avaConv,onshore_b
gr,2,h0551,0.12400927202407871,scr1996,avaConv,onshore_b
gr,2,h0552,0.1252626561205794,scr1996,avaConv,onshore_b
hr,2,h0481,0.06707831766864455,scr1996,avaConv,onshore_b
hr,2,h0482,0.054658809631662135,scr1996,avaConv,onshore_b
hr,2,h0483,0.04502182402108194,scr1996,avaConv,onshore_b
hr,2,h0484,0.045275028165909566,scr1996,avaConv,onshore_b
hr,2,h0485,0.044740486954117066,scr1996,avaConv,onshore_b
hr,2,h0486,0.04594631719961813,scr1996,avaConv,onshore_b
hr,2,h0487,0.036443408957711254,scr1996,avaConv,onshore_b
hr,2,h0488,0.0245455867503695,scr1996,avaConv,onshore_b
hr,2,h0489,0.011582100108116826,scr1996,avaConv,onshore_b
hr,2,h0490,0.006282522176627764,scr1996,avaConv,onshore_b
hr,2,h0491,0.0030731036577995906,scr1996,avaConv,onshore_b
hr,2,h0492,0.0019950591682190485,scr1996,avaConv,onshore_b
hr,2,h0493,0.010339096561074915,scr1996,avaConv,onshore_b
hr,2,h0494,0.023612055798646336,scr1996,avaConv,onshore_b
hr,2,h0495,0.03671210757363008,scr1996,avaConv,onshore_b
hr,2,h0496,0.031084403545786985,scr1996,avaConv,onshore_b
hr,2,h0497,0.024634954563769365,scr1996,avaConv,onshore_b
hr,2,h0498,0.021338228810144143,scr1996,avaConv,onshore_b
hr,2,h0499,0.0958301810631444,scr1996,avaConv,onshore_b
hr,2,h0500,0.23620166018202562,scr1996,avaConv,onshore_b
hr,2,h0501,0.42636822684884534,scr1996,avaConv,onshore_b
hr,2,h0502,0.42301559807582906,scr1996,avaConv,onshore_b
hr,2,h0503,0.3950475775401012,scr1996,avaConv,onshore_b
hr,2,h0504,0.3991121605750351,scr1996,avaConv,onshore_b
hr,2,h0505,0.20336352413959405,scr1996,avaConv,onshore_b
hr,2,h0506,0.07182921372421883,scr1996,avaConv,onshore_b
hr,2,h0507,0.0018094839053304872,scr1996,avaConv,onshore_b
hr,2,h0508,0.0012300384185674465,scr1996,avaConv,onshore_b
hr,2,h0509,0.0007399783014718311,scr1996,avaConv,onshore_b
hr,2,h0510,0.00047437637623586065,scr1996,avaConv,onshore_b
hr,2,h0511,0.04469749478780449,scr1996,avaConv,onshore_b
hr,2,h0512,0.13695349695660564,scr1996,avaConv,onshore_b
hr,2,h0513,0.2782798524481737,scr1996,avaConv,onshore_b
hr,2,h0514,0.2848730824974489,scr1996,avaConv,onshore_b
hr,2,h0515,0.29142259039504936,scr1996,avaConv,onshore_b
hr,2,h0516,0.2894553706598214,scr1996,avaConv,onshore_b
hr,2,h0517,0.1607864549804431,scr1996,avaConv,onshore_b
hr,2,h0518,0.07547049093896294,scr1996,avaConv,onshore_b
hr,2,h0519,0.022282101957797652,scr1996,avaConv,onshore_b
hr,2,h0520,0.022328968430914305,scr1996,avaConv,onshore_b
hr,2,h0521,0.025769802938061224,scr1996,avaConv,onshore_b
hr,2,h0522,0.034614593799489335,scr1996,avaConv,onshore_b
hr,2,h0523,0.06673218750177906,scr1996,avaConv,onshore_b
hr,2,h0524,0.10174439845177431,scr1996,avaConv,onshore_b
hr,2,h0525,0.137727449161416,scr1996,avaConv,onshore_b
hr,2,h0526,0.14563080604157738,scr1996,avaConv,onshore_b
hr,2,h0527,0.14738927502697605,scr1996,avaConv,onshore_b
hr,2,h0528,0.1487320334498006,scr1996,avaConv,onshore_b
hr,2,h0529,0.07150079008026437,scr1996,avaConv,onshore_b
hr,2,h0530,0.022559156559155986,scr1996,avaConv,onshore_b
hr,2,h0531,5.653389549754183e-5,scr1996,avaConv,onshore_b
hr,2,h0532,8.499679078236457e-5,scr1996,avaConv,onshore_b
hr,2,h0533,0.00015806503194465388,scr1996,avaConv,onshore_b
hr,2,h0534,0.0003084866356578426,scr1996,avaConv,onshore_b
hr,2,h0535,0.11684844184184096,scr1996,avaConv,onshore_b
hr,2,h0536,0.39767751926927686,scr1996,avaConv,onshore_b
hr,2,h0537,0.8217491997018052,scr1996,avaConv,onshore_b
hr,2,h0538,0.8378462214357374,scr1996,avaConv,onshore_b
hr,2,h0539,0.8342480905218037,scr1996,avaConv,onshore_b
hr,2,h0540,0.8204554849599157,scr1996,avaConv,onshore_b
hr,2,h0541,0.4128197534478055,scr1996,avaConv,onshore_b
hr,2,h0542,0.1473210078860741,scr1996,avaConv,onshore_b
hr,2,h0543,0.011202538105304952,scr1996,avaConv,onshore_b
hr,2,h0544,0.007855264209775965,scr1996,avaConv,onshore_b
hr,2,h0545,0.003213596865991096,scr1996,avaConv,onshore_b
hr,2,h0546,0.0005160541293214327,scr1996,avaConv,onshore_b
hr,2,h0547,0.02762403083392933,scr1996,avaConv,onshore_b
hr,2,h0548,0.10105447127726704,scr1996,avaConv,onshore_b
hr,2,h0549,0.22003286843400524,scr1996,avaConv,onshore_b
hr,2,h0550,0.25171746040732795,scr1996,avaConv,onshore_b
hr,2,h0551,0.22037746388697305,scr1996,avaConv,onshore_b
hr,2,h0552,0.19653186773675577,scr1996,avaConv,onshore_b
hu,2,h0481,0.25827668504816614,scr1996,avaConv,onshore_b
hu,2,h0482,0.2694332614628189,scr1996,avaConv,onshore_b
hu,2,h0483,0.27108575114540445,scr1996,avaConv,onshore_b
hu,2,h0484,0.24011074880473068,scr1996,avaConv,onshore_b
hu,2,h0485,0.21865432439632068,scr1996,avaConv,onshore_b
hu,2,h0486,0.1968654535923653,scr1996,avaConv,onshore_b
hu,2,h0487,0.13788856132795474,scr1996,avaConv,onshore_b
hu,2,h0488,0.09112246182699002,scr1996,avaConv,onshore_b
hu,2,h0489,0.050903537595809435,scr1996,avaConv,onshore_b
hu,2,h0490,0.04292090322498086,scr1996,avaConv,onshore_b
hu,2,h0491,0.03041115251657021,scr1996,avaConv,onshore_b
hu,2,h0492,0.02140293493283242,scr1996,avaConv,onshore_b
hu,2,h0493,0.16177431337860276,scr1996,avaConv,onshore_b
hu,2,h0494,0.3560913055900397,scr1996,avaConv,onshore_b
hu,2,h0495,0.5921996741236366,scr1996,avaConv,onshore_b
hu,2,h0496,0.6058410846463103,scr1996,avaConv,onshore_b
hu,2,h0497,0.6164773662072837,scr1996,avaConv,onshore_b
hu,2,h0498,0.6108548317666125,scr1996,avaConv,onshore_b
hu,2,h0499,0.39000891893431655,scr1996,avaConv,onshore_b
hu,2,h0500,0.19779873505725892,scr1996,avaConv,onshore_b
hu,2,h0501,0.04736802826314244,scr1996,avaConv,onshore_b
hu,2,h0502,0.04629219252775448,scr1996,avaConv,onshore_b
hu,2,h0503,0.049683324139442576,scr1996,avaConv,onshore_b
hu,2,h0504,0.05441920059329673,scr1996,avaConv,onshore_b
hu,2,h0505,0.1252835380487246,scr1996,avaConv,onshore_b
hu,2,h0506,0.1856310644047853,scr1996,avaConv,onshore_b
hu,2,h0507,0.23536800892632903,scr1996,avaConv,onshore_b
hu,2,h0508,0.20145949025128118,scr1996,avaConv,onshore_b
hu,2,h0509,0.17887237385832908,scr1996,avaConv,onshore_b
hu,2,h0510,0.1668944259329702,scr1996,avaConv,onshore_b
hu,2,h0511,0.3066683296503862,scr1996,avaConv,onshore_b
hu,2,h0512,0.45869836842574097,scr1996,avaConv,onshore_b
hu,2,h0513,0.6471739950148372,scr1996,avaConv,onshore_b
hu,2,h0514,0.6629590626666808,scr1996,avaConv,onshore_b
hu,2,h0515,0.7015782561488431,scr1996,avaConv,onshore_b
hu,2,h0516,0.6908342984075864,scr1996,avaConv,onshore_b
hu,2,h0517,0.44123707554923247,scr1996,avaConv,onshore_b
hu,2,h0518,0.21456377404452828,scr1996,avaConv,onshore_b
hu,2,h0519,0.055541181236590395,scr1996,avaConv,onshore_b
hu,2,h0520,0.053640403834228176,scr1996,avaConv,onshore_b
hu,2,h0521,0.05098980739347544,scr1996,avaConv,onshore_b
hu,2,h0522,0.05047888127078078,scr1996,avaConv,onshore_b
hu,2,h0523,0.031676559555911,scr1996,avaConv,onshore_b
hu,2,h0524,0.015766571773428748,scr1996,avaConv,onshore_b
hu,2,h0525,0.001846313406433036,scr1996,avaConv,onshore_b
hu,2,h0526,0.002062443519320997,scr1996,avaConv,onshore_b
hu,2,h0527,0.0016960697896225725,scr1996,avaConv,onshore_b
hu,2,h0528,0.001043835909315414,scr1996,avaConv,onshore_b
hu,2,h0529,0.04161838230372836,scr1996,avaConv,onshore_b
hu,2,h0530,0.09300496865266254,scr1996,avaConv,onshore_b
hu,2,h0531,0.1553237442795371,scr1996,avaConv,onshore_b
hu,2,h0532,0.15280558674739098,scr1996,avaConv,onshore_b
hu,2,h0533,0.1634504947439556,scr1996,avaConv,onshore_b
hu,2,h0534,0.17740668995255135,scr1996,avaConv,onshore_b
hu,2,h0535,0.2500438312129363,scr1996,avaConv,onshore_b
hu,2,h0536,0.30885300917819913,scr1996,avaConv,onshore_b
hu,2,h0537,0.3364379936467616,scr1996,avaConv,onshore_b
hu,2,h0538,0.286591620050122,scr1996,avaConv,onshore_b
hu,2,h0539,0.2335327331381598,scr1996,avaConv,onshore_b
hu,2,h0540,0.21014776636111085,scr1996,avaConv,onshore_b
hu,2,h0541,0.24473704980227864,scr1996,avaConv,onshore_b
hu,2,h0542,0.31246682109813034,scr1996,avaConv,onshore_b
hu,2,h0543,0.3630947468144307,scr1996,avaConv,onshore_b
hu,2,h0544,0.3365519785052486,scr1996,avaConv,onshore_b
hu,2,h0545,0.2992657569827228,scr1996,avaConv,onshore_b
hu,2,h0546,0.288770385145544,scr1996,avaConv,onshore_b
hu,2,h0547,0.4235576635414548,scr1996,avaConv,onshore_b
hu,2,h0548,0.5587497573246237,scr1996,avaConv,onshore_b
hu,2,h0549,0.682585024812327,scr1996,avaConv,onshore_b
hu,2,h0550,0.6579028876030613,scr1996,avaConv,onshore_b
hu,2,h0551,0.6027667613297601,scr1996,avaConv,onshore_b
hu,2,h0552,0.5655252657275122,scr1996,avaConv,onshore_b
ie,2,h0481,0.24081983670600937,scr1996,avaConv,onshore_b
ie,2,h0482,0.4816283834674283,scr1996,avaConv,onshore_b
ie,2,h0483,0.7229515442320951,scr1996,avaConv,onshore_b
ie,2,h0484,0.6981405661087584,scr1996,avaConv,onshore_b
ie,2,h0485,0.6688006392518742,scr1996,avaConv,onshore_b
ie,2,h0486,0.6386986653494943,scr1996,avaConv,onshore_b
ie,2,h0487,0.526434471626292,scr1996,avaConv,onshore_b
ie,2,h0488,0.4263764761103005,scr1996,avaConv,onshore_b
ie,2,h0489,0.3327089381649825,scr1996,avaConv,onshore_b
ie,2,h0490,0.30755738955169326,scr1996,avaConv,onshore_b
ie,2,h0491,0.3164112400560569,scr1996,avaConv,onshore_b
ie,2,h0492,0.3308915193648391,scr1996,avaConv,onshore_b
ie,2,h0493,0.32537434402725424,scr1996,avaConv,onshore_b
ie,2,h0494,0.278212373083574,scr1996,avaConv,onshore_b
ie,2,h0495,0.2226357650097539,scr1996,avaConv,onshore_b
ie,2,h0496,0.1978280109170427,scr1996,avaConv,onshore_b
ie,2,h0497,0.16942343670633686,scr1996,avaConv,onshore_b
ie,2,h0498,0.14280752504208472,scr1996,avaConv,onshore_b
ie,2,h0499,0.3234184962354759,scr1996,avaConv,onshore_b
ie,2,h0500,0.5083365932896616,scr1996,avaConv,onshore_b
ie,2,h0501,0.6984166633016339,scr1996,avaConv,onshore_b
ie,2,h0502,0.6531251020807042,scr1996,avaConv,onshore_b
ie,2,h0503,0.6189662325560283,scr1996,avaConv,onshore_b
ie,2,h0504,0.5741935116544743,scr1996,avaConv,onshore_b
ie,2,h0505,0.5219839958405845,scr1996,avaConv,onshore_b
ie,2,h0506,0.47304706936060437,scr1996,avaConv,onshore_b
ie,2,h0507,0.4327461606698528,scr1996,avaConv,onshore_b
ie,2,h0508,0.4004858625227911,scr1996,avaConv,onshore_b
ie,2,h0509,0.37135190737579105,scr1996,avaConv,onshore_b
ie,2,h0510,0.34489575674355544,scr1996,avaConv,onshore_b
ie,2,h0511,0.5038297459030587,scr1996,avaConv,onshore_b
ie,2,h0512,0.6660522469986829,scr1996,avaConv,onshore_b
ie,2,h0513,0.8270606259467375,scr1996,avaConv,onshore_b
ie,2,h0514,0.7920239876072974,scr1996,avaConv,onshore_b
ie,2,h0515,0.7470395606307733,scr1996,avaConv,onshore_b
ie,2,h0516,0.7272549513663501,scr1996,avaConv,onshore_b
ie,2,h0517,0.661153469409355,scr1996,avaConv,onshore_b
ie,2,h0518,0.5905278067308084,scr1996,avaConv,onshore_b
ie,2,h0519,0.5126998812888388,scr1996,avaConv,onshore_b
ie,2,h0520,0.4822760910785441,scr1996,avaConv,onshore_b
ie,2,h0521,0.43934290674203313,scr1996,avaConv,onshore_b
ie,2,h0522,0.37571025768023997,scr1996,avaConv,onshore_b
ie,2,h0523,0.23213942976104232,scr1996,avaConv,onshore_b
ie,2,h0524,0.12301754279910114,scr1996,avaConv,onshore_b
ie,2,h0525,0.0397700028637907,scr1996,avaConv,onshore_b
ie,2,h0526,0.03389189146987869,scr1996,avaConv,onshore_b
ie,2,h0527,0.030949233441273854,scr1996,avaConv,onshore_b
ie,2,h0528,0.026494323186059838,scr1996,avaConv,onshore_b
ie,2,h0529,0.2613041690084133,scr1996,avaConv,onshore_b
ie,2,h0530,0.5200243052662659,scr1996,avaConv,onshore_b
ie,2,h0531,0.7976679135825958,scr1996,avaConv,onshore_b
ie,2,h0532,0.8015443170012446,scr1996,avaConv,onshore_b
ie,2,h0533,0.8107089346591793,scr1996,avaConv,onshore_b
ie,2,h0534,0.8220650935307272,scr1996,avaConv,onshore_b
ie,2,h0535,0.7939073213065244,scr1996,avaConv,onshore_b
ie,2,h0536,0.7497441293181077,scr1996,avaConv,onshore_b
ie,2,h0537,0.679853800899815,scr1996,avaConv,onshore_b
ie,2,h0538,0.6213917722998267,scr1996,avaConv,onshore_b
ie,2,h0539,0.5565450950409699,scr1996,avaConv,onshore_b
ie,2,h0540,0.5122952564797479,scr1996,avaConv,onshore_b
ie,2,h0541,0.3797809146619079,scr1996,avaConv,onshore_b
ie,2,h0542,0.28327727436908523,scr1996,avaConv,onshore_b
ie,2,h0543,0.19733967613531755,scr1996,avaConv,onshore_b
ie,2,h0544,0.24442533000691502,scr1996,avaConv,onshore_b
ie,2,h0545,0.29786554250661623,scr1996,avaConv,onshore_b
ie,2,h0546,0.36302283927181256,scr1996,avaConv,onshore_b
ie,2,h0547,0.5306836430913491,scr1996,avaConv,onshore_b
ie,2,h0548,0.6941720181128942,scr1996,avaConv,onshore_b
ie,2,h0549,0.8471842731343274,scr1996,avaConv,onshore_b
ie,2,h0550,0.8571516439049164,scr1996,avaConv,onshore_b
ie,2,h0551,0.847269027657671,scr1996,avaConv,onshore_b
ie,2,h0552,0.825652573051009,scr1996,avaConv,onshore_b
it_s,2,h0481,0.2409735669914549,scr1996,avaConv,onshore_b
it_s,2,h0482,0.07967251835232812,scr1996,avaConv,onshore_b
it_s,2,h0483,0.005150109142707804,scr1996,avaConv,onshore_b
it_s,2,h0484,0.006217618749838492,scr1996,avaConv,onshore_b
it_s,2,h0485,0.006159273519451294,scr1996,avaConv,onshore_b
it_s,2,h0486,0.004788158686675811,scr1996,avaConv,onshore_b
it_s,2,h0487,0.006823118929086965,scr1996,avaConv,onshore_b
it_s,2,h0488,0.011732120658328267,scr1996,avaConv,onshore_b
it_s,2,h0489,0.027612676239966032,scr1996,avaConv,onshore_b
it_s,2,h0490,0.05223639909015859,scr1996,avaConv,onshore_b
it_s,2,h0491,0.10927120408138591,scr1996,avaConv,onshore_b
it_s,2,h0492,0.19549523477527558,scr1996,avaConv,onshore_b
it_s,2,h0493,0.38366394743156396,scr1996,avaConv,onshore_b
it_s,2,h0494,0.5565851432940987,scr1996,avaConv,onshore_b
it_s,2,h0495,0.6949650134030736,scr1996,avaConv,onshore_b
it_s,2,h0496,0.6766795424574917,scr1996,avaConv,onshore_b
it_s,2,h0497,0.6455722450938921,scr1996,avaConv,onshore_b
it_s,2,h0498,0.6463587684714025,scr1996,avaConv,onshore_b
it_s,2,h0499,0.4129404517024392,scr1996,avaConv,onshore_b
it_s,2,h0500,0.2631609576531093,scr1996,avaConv,onshore_b
it_s,2,h0501,0.1597661385967568,scr1996,avaConv,onshore_b
it_s,2,h0502,0.24512051632228418,scr1996,avaConv,onshore_b
it_s,2,h0503,0.3770560631325678,scr1996,avaConv,onshore_b
it_s,2,h0504,0.494323810219837,scr1996,avaConv,onshore_b
it_s,2,h0505,0.3390186668879358,scr1996,avaConv,onshore_b
it_s,2,h0506,0.15910778434136622,scr1996,avaConv,onshore_b
it_s,2,h0507,0.037776069670499374,scr1996,avaConv,onshore_b
it_s,2,h0508,0.034515235150198234,scr1996,avaConv,onshore_b
it_s,2,h0509,0.033326056810901034,scr1996,avaConv,onshore_b
it_s,2,h0510,0.031944137852450816,scr1996,avaConv,onshore_b
it_s,2,h0511,0.02956398873379891,scr1996,avaConv,onshore_b
it_s,2,h0512,0.022811537091462622,scr1996,avaConv,onshore_b
it_s,2,h0513,0.015160526760933844,scr1996,avaConv,onshore_b
it_s,2,h0514,0.009441921592109262,scr1996,avaConv,onshore_b
it_s,2,h0515,0.006232999416934599,scr1996,avaConv,onshore_b
it_s,2,h0516,0.005203782773735393,scr1996,avaConv,onshore_b
it_s,2,h0517,0.0053584725778856165,scr1996,avaConv,onshore_b
it_s,2,h0518,0.0065435929484377745,scr1996,avaConv,onshore_b
it_s,2,h0519,0.006444132034522491,scr1996,avaConv,onshore_b
it_s,2,h0520,0.004246256948087069,scr1996,avaConv,onshore_b
it_s,2,h0521,0.002670930675660109,scr1996,avaConv,onshore_b
it_s,2,h0522,0.0019053887989938618,scr1996,avaConv,onshore_b
it_s,2,h0523,0.00879499574769657,scr1996,avaConv,onshore_b
it_s,2,h0524,0.021861320010703556,scr1996,avaConv,onshore_b
it_s,2,h0525,0.043084200142003815,scr1996,avaConv,onshore_b
it_s,2,h0526,0.049333574942545214,scr1996,avaConv,onshore_b
it_s,2,h0527,0.06081363544150861,scr1996,avaConv,onshore_b
it_s,2,h0528,0.06832114580871579,scr1996,avaConv,onshore_b
it_s,2,h0529,0.03678805747382366,scr1996,avaConv,onshore_b
it_s,2,h0530,0.01075058863465474,scr1996,avaConv,onshore_b
it_s,2,h0531,0.0003670419892365025,scr1996,avaConv,onshore_b
it_s,2,h0532,0.00037845867946364634,scr1996,avaConv,onshore_b
it_s,2,h0533,0.0004603937585325764,scr1996,avaConv,onshore_b
it_s,2,h0534,0.0005778818338462929,scr1996,avaConv,onshore_b
it_s,2,h0535,0.03328549235818047,scr1996,avaConv,onshore_b
it_s,2,h0536,0.1003243267589856,scr1996,avaConv,onshore_b
it_s,2,h0537,0.19941964697322292,scr1996,avaConv,onshore_b
it_s,2,h0538,0.21529767887765802,scr1996,avaConv,onshore_b
it_s,2,h0539,0.28239473499278706,scr1996,avaConv,onshore_b
it_s,2,h0540,0.4013924021145999,scr1996,avaConv,onshore_b
it_s,2,h0541,0.30977517723787307,scr1996,avaConv,onshore_b
it_s,2,h0542,0.21131863475759327,scr1996,avaConv,onshore_b
it_s,2,h0543,0.10767798708311946,scr1996,avaConv,onshore_b
it_s,2,h0544,0.12309746551478887,scr1996,avaConv,onshore_b
it_s,2,h0545,0.11313685395694277,scr1996,avaConv,onshore_b
it_s,2,h0546,0.08479614599451266,scr1996,avaConv,onshore_b
it_s,2,h0547,0.06751145447875094,scr1996,avaConv,onshore_b
it_s,2,h0548,0.059678507994283814,scr1996,avaConv,onshore_b
it_s,2,h0549,0.0647320720962791,scr1996,avaConv,onshore_b
it_s,2,h0550,0.06685883331149924,scr1996,avaConv,onshore_b
it_s,2,h0551,0.08071161930621323,scr1996,avaConv,onshore_b
it_s,2,h0552,0.0945018154636902,scr1996,avaConv,onshore_b
it_cn,2,h0481,0.031546572671679395,scr1996,avaConv,onshore_b
it_cn,2,h0482,0.010393172005803026,scr1996,avaConv,onshore_b
it_cn,2,h0483,0.0021430004481705653,scr1996,avaConv,onshore_b
it_cn,2,h0484,0.002200755697452705,scr1996,avaConv,onshore_b
it_cn,2,h0485,0.0023745972399060013,scr1996,avaConv,onshore_b
it_cn,2,h0486,0.00355416445153739,scr1996,avaConv,onshore_b
it_cn,2,h0487,0.005437045678259539,scr1996,avaConv,onshore_b
it_cn,2,h0488,0.005508949296622806,scr1996,avaConv,onshore_b
it_cn,2,h0489,0.003433793597903262,scr1996,avaConv,onshore_b
it_cn,2,h0490,0.001419712578740286,scr1996,avaConv,onshore_b
it_cn,2,h0491,0.0007375037420303931,scr1996,avaConv,onshore_b
it_cn,2,h0492,0.0013110031223670196,scr1996,avaConv,onshore_b
it_cn,2,h0493,0.06289564385557245,scr1996,avaConv,onshore_b
it_cn,2,h0494,0.16669387105515562,scr1996,avaConv,onshore_b
it_cn,2,h0495,0.2939844930447416,scr1996,avaConv,onshore_b
it_cn,2,h0496,0.25115421870219606,scr1996,avaConv,onshore_b
it_cn,2,h0497,0.21551504608550695,scr1996,avaConv,onshore_b
it_cn,2,h0498,0.17969707973154778,scr1996,avaConv,onshore_b
it_cn,2,h0499,0.15406256000407587,scr1996,avaConv,onshore_b
it_cn,2,h0500,0.13349003904627216,scr1996,avaConv,onshore_b
it_cn,2,h0501,0.11455043409817509,scr1996,avaConv,onshore_b
it_cn,2,h0502,0.10722981812396136,scr1996,avaConv,onshore_b
it_cn,2,h0503,0.10253974003794897,scr1996,avaConv,onshore_b
it_cn,2,h0504,0.09961560706161202,scr1996,avaConv,onshore_b
it_cn,2,h0505,0.05218574222443866,scr1996,avaConv,onshore_b
it_cn,2,h0506,0.017255108714676413,scr1996,avaConv,onshore_b
it_cn,2,h0507,0.000250266366612598,scr1996,avaConv,onshore_b
it_cn,2,h0508,0.000349040521401514,scr1996,avaConv,onshore_b
it_cn,2,h0509,0.00041803629852216103,scr1996,avaConv,onshore_b
it_cn,2,h0510,0.00033212959602449616,scr1996,avaConv,onshore_b
it_cn,2,h0511,0.03116627782723418,scr1996,avaConv,onshore_b
it_cn,2,h0512,0.08544973107611228,scr1996,avaConv,onshore_b
it_cn,2,h0513,0.18087839530406372,scr1996,avaConv,onshore_b
it_cn,2,h0514,0.2140962713826431,scr1996,avaConv,onshore_b
it_cn,2,h0515,0.24062212255313778,scr1996,avaConv,onshore_b
it_cn,2,h0516,0.2648515010155829,scr1996,avaConv,onshore_b
it_cn,2,h0517,0.16234003625433888,scr1996,avaConv,onshore_b
it_cn,2,h0518,0.09224594331464135,scr1996,avaConv,onshore_b
it_cn,2,h0519,0.029182809676662726,scr1996,avaConv,onshore_b
it_cn,2,h0520,0.028433444331897293,scr1996,avaConv,onshore_b
it_cn,2,h0521,0.03062624531259824,scr1996,avaConv,onshore_b
it_cn,2,h0522,0.037294293231400065,scr1996,avaConv,onshore_b
it_cn,2,h0523,0.13998338387525408,scr1996,avaConv,onshore_b
it_cn,2,h0524,0.2623407697810006,scr1996,avaConv,onshore_b
it_cn,2,h0525,0.3852008860477421,scr1996,avaConv,onshore_b
it_cn,2,h0526,0.3414613989526097,scr1996,avaConv,onshore_b
it_cn,2,h0527,0.30816614120237407,scr1996,avaConv,onshore_b
it_cn,2,h0528,0.2781150305961879,scr1996,avaConv,onshore_b
it_cn,2,h0529,0.14590158399037975,scr1996,avaConv,onshore_b
it_cn,2,h0530,0.0551563977643976,scr1996,avaConv,onshore_b
it_cn,2,h0531,0.006106476723915993,scr1996,avaConv,onshore_b
it_cn,2,h0532,0.009579084105552136,scr1996,avaConv,onshore_b
it_cn,2,h0533,0.01443058970801698,scr1996,avaConv,onshore_b
it_cn,2,h0534,0.019323213581430184,scr1996,avaConv,onshore_b
it_cn,2,h0535,0.052565897977683594,scr1996,avaConv,onshore_b
it_cn,2,h0536,0.08003956185088952,scr1996,avaConv,onshore_b
it_cn,2,h0537,0.10214558468556105,scr1996,avaConv,onshore_b
it_cn,2,h0538,0.09207004478918913,scr1996,avaConv,onshore_b
it_cn,2,h0539,0.0902667912846348,scr1996,avaConv,onshore_b
it_cn,2,h0540,0.09806454990450547,scr1996,avaConv,onshore_b
it_cn,2,h0541,0.0665995854760167,scr1996,avaConv,onshore_b
it_cn,2,h0542,0.0380902180360923,scr1996,avaConv,onshore_b
it_cn,2,h0543,0.01136937361562751,scr1996,avaConv,onshore_b
it_cn,2,h0544,0.004579897736587534,scr1996,avaConv,onshore_b
it_cn,2,h0545,0.00140255153669241,scr1996,avaConv,onshore_b
it_cn,2,h0546,0.0004921268510679822,scr1996,avaConv,onshore_b
it_cn,2,h0547,0.0005237171127238429,scr1996,avaConv,onshore_b
it_cn,2,h0548,0.0005327634075511183,scr1996,avaConv,onshore_b
it_cn,2,h0549,0.0005079186042202758,scr1996,avaConv,onshore_b
it_cn,2,h0550,0.00044577491781206747,scr1996,avaConv,onshore_b
it_cn,2,h0551,0.0011078707780310026,scr1996,avaConv,onshore_b
it_cn,2,h0552,0.0022885594088679264,scr1996,avaConv,onshore_b
it_cs,2,h0481,0.2237030347043124,scr1996,avaConv,onshore_b
it_cs,2,h0482,0.07121794659627347,scr1996,avaConv,onshore_b
it_cs,2,h0483,0.0003113059768106501,scr1996,avaConv,onshore_b
it_cs,2,h0484,0.00022695248791500513,scr1996,avaConv,onshore_b
it_cs,2,h0485,0.00032878940600928464,scr1996,avaConv,onshore_b
it_cs,2,h0486,0.0005172119175789004,scr1996,avaConv,onshore_b
it_cs,2,h0487,0.008415562887820775,scr1996,avaConv,onshore_b
it_cs,2,h0488,0.020873974160487252,scr1996,avaConv,onshore_b
it_cs,2,h0489,0.045246494431534195,scr1996,avaConv,onshore_b
it_cs,2,h0490,0.06125823978975016,scr1996,avaConv,onshore_b
it_cs,2,h0491,0.10806282943306347,scr1996,avaConv,onshore_b
it_cs,2,h0492,0.1762976517398146,scr1996,avaConv,onshore_b
it_cs,2,h0493,0.3115730339751006,scr1996,avaConv,onshore_b
it_cs,2,h0494,0.40945048806945056,scr1996,avaConv,onshore_b
it_cs,2,h0495,0.473116145686948,scr1996,avaConv,onshore_b
it_cs,2,h0496,0.4413451875308262,scr1996,avaConv,onshore_b
it_cs,2,h0497,0.42283754422129266,scr1996,avaConv,onshore_b
it_cs,2,h0498,0.41512142179216693,scr1996,avaConv,onshore_b
it_cs,2,h0499,0.29452264199739076,scr1996,avaConv,onshore_b
it_cs,2,h0500,0.2058273379825471,scr1996,avaConv,onshore_b
it_cs,2,h0501,0.14721130395457693,scr1996,avaConv,onshore_b
it_cs,2,h0502,0.1968409574599274,scr1996,avaConv,onshore_b
it_cs,2,h0503,0.2638267876330653,scr1996,avaConv,onshore_b
it_cs,2,h0504,0.2976280830084549,scr1996,avaConv,onshore_b
it_cs,2,h0505,0.18112509276834193,scr1996,avaConv,onshore_b
it_cs,2,h0506,0.06879366275458984,scr1996,avaConv,onshore_b
it_cs,2,h0507,0.0073840443636215515,scr1996,avaConv,onshore_b
it_cs,2,h0508,0.0068826861365317935,scr1996,avaConv,onshore_b
it_cs,2,h0509,0.006960211870600842,scr1996,avaConv,onshore_b
it_cs,2,h0510,0.005950975130174816,scr1996,avaConv,onshore_b
it_cs,2,h0511,0.008609396570303527,scr1996,avaConv,onshore_b
it_cs,2,h0512,0.008393856618382352,scr1996,avaConv,onshore_b
it_cs,2,h0513,0.006424326109360076,scr1996,avaConv,onshore_b
it_cs,2,h0514,0.0018998316875399443,scr1996,avaConv,onshore_b
it_cs,2,h0515,0.001132765343593283,scr1996,avaConv,onshore_b
it_cs,2,h0516,0.0024059974920182634,scr1996,avaConv,onshore_b
it_cs,2,h0517,0.0077459578046593725,scr1996,avaConv,onshore_b
it_cs,2,h0518,0.013473035814241698,scr1996,avaConv,onshore_b
it_cs,2,h0519,0.016003799914488265,scr1996,avaConv,onshore_b
it_cs,2,h0520,0.00989987999603538,scr1996,avaConv,onshore_b
it_cs,2,h0521,0.0035078554102125703,scr1996,avaConv,onshore_b
it_cs,2,h0522,0.0006744527437963588,scr1996,avaConv,onshore_b
it_cs,2,h0523,0.04226033776886562,scr1996,avaConv,onshore_b
it_cs,2,h0524,0.12898649974897824,scr1996,avaConv,onshore_b
it_cs,2,h0525,0.2553363913287976,scr1996,avaConv,onshore_b
it_cs,2,h0526,0.26655628097846173,scr1996,avaConv,onshore_b
it_cs,2,h0527,0.2992447060237749,scr1996,avaConv,onshore_b
it_cs,2,h0528,0.3342640906557329,scr1996,avaConv,onshore_b
it_cs,2,h0529,0.19353919039969775,scr1996,avaConv,onshore_b
it_cs,2,h0530,0.07093808639362031,scr1996,avaConv,onshore_b
it_cs,2,h0531,0.002157372821779022,scr1996,avaConv,onshore_b
it_cs,2,h0532,0.00306479175857358,scr1996,avaConv,onshore_b
it_cs,2,h0533,0.004671158653303086,scr1996,avaConv,onshore_b
it_cs,2,h0534,0.005574744206513636,scr1996,avaConv,onshore_b
it_cs,2,h0535,0.0988758093997199,scr1996,avaConv,onshore_b
it_cs,2,h0536,0.24905098560704897,scr1996,avaConv,onshore_b
it_cs,2,h0537,0.4462598221298014,scr1996,avaConv,onshore_b
it_cs,2,h0538,0.4595199429218887,scr1996,avaConv,onshore_b
it_cs,2,h0539,0.5062809267181784,scr1996,avaConv,onshore_b
it_cs,2,h0540,0.543757326294585,scr1996,avaConv,onshore_b
it_cs,2,h0541,0.4129648225217429,scr1996,avaConv,onshore_b
it_cs,2,h0542,0.2917002750572436,scr1996,avaConv,onshore_b
it_cs,2,h0543,0.1878925529881183,scr1996,avaConv,onshore_b
it_cs,2,h0544,0.16979769076601722,scr1996,avaConv,onshore_b
it_cs,2,h0545,0.11708708664059778,scr1996,avaConv,onshore_b
it_cs,2,h0546,0.06705089913348614,scr1996,avaConv,onshore_b
it_cs,2,h0547,0.032311123208199524,scr1996,avaConv,onshore_b
it_cs,2,h0548,0.017872299503646414,scr1996,avaConv,onshore_b
it_cs,2,h0549,0.01147863813407613,scr1996,avaConv,onshore_b
it_cs,2,h0550,0.00966986437025432,scr1996,avaConv,onshore_b
it_cs,2,h0551,0.014909008785177615,scr1996,avaConv,onshore_b
it_cs,2,h0552,0.025258008397185748,scr1996,avaConv,onshore_b
it_n,2,h0481,0.08518525665567142,scr1996,avaConv,onshore_b
it_n,2,h0482,0.021611992870588435,scr1996,avaConv,onshore_b
it_n,2,h0483,0.0003787452384537125,scr1996,avaConv,onshore_b
it_n,2,h0484,0.00038914296972771575,scr1996,avaConv,onshore_b
it_n,2,h0485,0.00036670583285083283,scr1996,avaConv,onshore_b
it_n,2,h0486,0.0003413888584230201,scr1996,avaConv,onshore_b
it_n,2,h0487,0.01502211798467789,scr1996,avaConv,onshore_b
it_n,2,h0488,0.03898388803436679,scr1996,avaConv,onshore_b
it_n,2,h0489,0.062434637657921975,scr1996,avaConv,onshore_b
it_n,2,h0490,0.02740863627202104,scr1996,avaConv,onshore_b
it_n,2,h0491,0.010753283030206144,scr1996,avaConv,onshore_b
it_n,2,h0492,0.0038892647748549345,scr1996,avaConv,onshore_b
it_n,2,h0493,0.0027323130721966277,scr1996,avaConv,onshore_b
it_n,2,h0494,0.0031614667261321396,scr1996,avaConv,onshore_b
it_n,2,h0495,0.0038521027403502013,scr1996,avaConv,onshore_b
it_n,2,h0496,0.002940676217935145,scr1996,avaConv,onshore_b
it_n,2,h0497,0.002474469421561198,scr1996,avaConv,onshore_b
it_n,2,h0498,0.0023087827190636343,scr1996,avaConv,onshore_b
it_n,2,h0499,0.0018498982393214383,scr1996,avaConv,onshore_b
it_n,2,h0500,0.0012344732192978167,scr1996,avaConv,onshore_b
it_n,2,h0501,0.0009347958823096672,scr1996,avaConv,onshore_b
it_n,2,h0502,0.000999489155626236,scr1996,avaConv,onshore_b
it_n,2,h0503,0.001032338083828904,scr1996,avaConv,onshore_b
it_n,2,h0504,0.0007176770452949571,scr1996,avaConv,onshore_b
it_n,2,h0505,0.00043341386905642974,scr1996,avaConv,onshore_b
it_n,2,h0506,0.0003143487560021865,scr1996,avaConv,onshore_b
it_n,2,h0507,0.0002749741992748942,scr1996,avaConv,onshore_b
it_n,2,h0508,0.0002800996481532238,scr1996,avaConv,onshore_b
it_n,2,h0509,0.00027787646084183646,scr1996,avaConv,onshore_b
it_n,2,h0510,0.000270818456434319,scr1996,avaConv,onshore_b
it_n,2,h0511,0.04492899096736143,scr1996,avaConv,onshore_b
it_n,2,h0512,0.1677582736808583,scr1996,avaConv,onshore_b
it_n,2,h0513,0.33522684705770145,scr1996,avaConv,onshore_b
it_n,2,h0514,0.30684988677717767,scr1996,avaConv,onshore_b
it_n,2,h0515,0.2932373515133235,scr1996,avaConv,onshore_b
it_n,2,h0516,0.3410932657267483,scr1996,avaConv,onshore_b
it_n,2,h0517,0.4055346293080742,scr1996,avaConv,onshore_b
it_n,2,h0518,0.48287160053860995,scr1996,avaConv,onshore_b
it_n,2,h0519,0.5421299404052232,scr1996,avaConv,onshore_b
it_n,2,h0520,0.5573394552802556,scr1996,avaConv,onshore_b
it_n,2,h0521,0.5492021335135919,scr1996,avaConv,onshore_b
it_n,2,h0522,0.5140902129950086,scr1996,avaConv,onshore_b
it_n,2,h0523,0.2657028449710343,scr1996,avaConv,onshore_b
it_n,2,h0524,0.09775060845205126,scr1996,avaConv,onshore_b
it_n,2,h0525,0.013647837911719184,scr1996,avaConv,onshore_b
it_n,2,h0526,0.01111737422662894,scr1996,avaConv,onshore_b
it_n,2,h0527,0.011975839669523243,scr1996,avaConv,onshore_b
it_n,2,h0528,0.014289659354416053,scr1996,avaConv,onshore_b
it_n,2,h0529,0.014110849002342723,scr1996,avaConv,onshore_b
it_n,2,h0530,0.01589038410530854,scr1996,avaConv,onshore_b
it_n,2,h0531,0.017039751326062558,scr1996,avaConv,onshore_b
it_n,2,h0532,0.018361535735556652,scr1996,avaConv,onshore_b
it_n,2,h0533,0.015934055623439834,scr1996,avaConv,onshore_b
it_n,2,h0534,0.013219550634289295,scr1996,avaConv,onshore_b
it_n,2,h0535,0.040608530250123426,scr1996,avaConv,onshore_b
it_n,2,h0536,0.08477831137383983,scr1996,avaConv,onshore_b
it_n,2,h0537,0.1469604908672476,scr1996,avaConv,onshore_b
it_n,2,h0538,0.13996711191356673,scr1996,avaConv,onshore_b
it_n,2,h0539,0.12730968099686918,scr1996,avaConv,onshore_b
it_n,2,h0540,0.1102697186269974,scr1996,avaConv,onshore_b
it_n,2,h0541,0.05537243408163761,scr1996,avaConv,onshore_b
it_n,2,h0542,0.022929459390223658,scr1996,avaConv,onshore_b
it_n,2,h0543,0.006624529346050562,scr1996,avaConv,onshore_b
it_n,2,h0544,0.006884650449810964,scr1996,avaConv,onshore_b
it_n,2,h0545,0.0053155013979813955,scr1996,avaConv,onshore_b
it_n,2,h0546,0.0030972948383753843,scr1996,avaConv,onshore_b
it_n,2,h0547,0.00233461806842166,scr1996,avaConv,onshore_b
it_n,2,h0548,0.002012408469946685,scr1996,avaConv,onshore_b
it_n,2,h0549,0.00186366604063215,scr1996,avaConv,onshore_b
it_n,2,h0550,0.0017741260006018875,scr1996,avaConv,onshore_b
it_n,2,h0551,0.0048151327788230275,scr1996,avaConv,onshore_b
it_n,2,h0552,0.008586952043284107,scr1996,avaConv,onshore_b
it_sar,2,h0481,0.47679406561866916,scr1996,avaConv,onshore_b
it_sar,2,h0482,0.17646403737378677,scr1996,avaConv,onshore_b
it_sar,2,h0483,0.0014987298852869972,scr1996,avaConv,onshore_b
it_sar,2,h0484,0.0007050393001022629,scr1996,avaConv,onshore_b
it_sar,2,h0485,0.00038949186239476915,scr1996,avaConv,onshore_b
it_sar,2,h0486,0.00018103563281577967,scr1996,avaConv,onshore_b
it_sar,2,h0487,0.03859688179561455,scr1996,avaConv,onshore_b
it_sar,2,h0488,0.10071946185212072,scr1996,avaConv,onshore_b
it_sar,2,h0489,0.2305308051331996,scr1996,avaConv,onshore_b
it_sar,2,h0490,0.2755404633419691,scr1996,avaConv,onshore_b
it_sar,2,h0491,0.32325423673731996,scr1996,avaConv,onshore_b
it_sar,2,h0492,0.3014287963302595,scr1996,avaConv,onshore_b
it_sar,2,h0493,0.45916386622546224,scr1996,avaConv,onshore_b
it_sar,2,h0494,0.6483054849354108,scr1996,avaConv,onshore_b
it_sar,2,h0495,0.8725326815214269,scr1996,avaConv,onshore_b
it_sar,2,h0496,0.8696054529741107,scr1996,avaConv,onshore_b
it_sar,2,h0497,0.8603220521734144,scr1996,avaConv,onshore_b
it_sar,2,h0498,0.8526212451895913,scr1996,avaConv,onshore_b
it_sar,2,h0499,0.5614021718181454,scr1996,avaConv,onshore_b
it_sar,2,h0500,0.29761082350210094,scr1996,avaConv,onshore_b
it_sar,2,h0501,0.09025713798796176,scr1996,avaConv,onshore_b
it_sar,2,h0502,0.07131601154074049,scr1996,avaConv,onshore_b
it_sar,2,h0503,0.05630464299363694,scr1996,avaConv,onshore_b
it_sar,2,h0504,0.04316627858165566,scr1996,avaConv,onshore_b
it_sar,2,h0505,0.020127850814068125,scr1996,avaConv,onshore_b
it_sar,2,h0506,0.006747539426908274,scr1996,avaConv,onshore_b
it_sar,2,h0507,4.6661791690779326e-5,scr1996,avaConv,onshore_b
it_sar,2,h0508,5.3869286169671485e-5,scr1996,avaConv,onshore_b
it_sar,2,h0509,5.0638621542733905e-5,scr1996,avaConv,onshore_b
it_sar,2,h0510,3.540951443031485e-5,scr1996,avaConv,onshore_b
it_sar,2,h0511,0.002620688879586809,scr1996,avaConv,onshore_b
it_sar,2,h0512,0.0045474424935811305,scr1996,avaConv,onshore_b
it_sar,2,h0513,0.005022567119458051,scr1996,avaConv,onshore_b
it_sar,2,h0514,0.0012813974081213517,scr1996,avaConv,onshore_b
it_sar,2,h0515,0.00019188733245583135,scr1996,avaConv,onshore_b
it_sar,2,h0516,0.000337961985157267,scr1996,avaConv,onshore_b
it_sar,2,h0517,0.053821301522699365,scr1996,avaConv,onshore_b
it_sar,2,h0518,0.1788952817796764,scr1996,avaConv,onshore_b
it_sar,2,h0519,0.37332030650369075,scr1996,avaConv,onshore_b
it_sar,2,h0520,0.4690135357082836,scr1996,avaConv,onshore_b
it_sar,2,h0521,0.4999404444079661,scr1996,avaConv,onshore_b
it_sar,2,h0522,0.4847737613032408,scr1996,avaConv,onshore_b
it_sar,2,h0523,0.3444710238799832,scr1996,avaConv,onshore_b
it_sar,2,h0524,0.22924668286795458,scr1996,avaConv,onshore_b
it_sar,2,h0525,0.12852333406046243,scr1996,avaConv,onshore_b
it_sar,2,h0526,0.10892352458437403,scr1996,avaConv,onshore_b
it_sar,2,h0527,0.09712544519223287,scr1996,avaConv,onshore_b
it_sar,2,h0528,0.08324656079504678,scr1996,avaConv,onshore_b
it_sar,2,h0529,0.08593378028711543,scr1996,avaConv,onshore_b
it_sar,2,h0530,0.08607580971403923,scr1996,avaConv,onshore_b
it_sar,2,h0531,0.10529087367639217,scr1996,avaConv,onshore_b
it_sar,2,h0532,0.12698551606570088,scr1996,avaConv,onshore_b
it_sar,2,h0533,0.162962990244956,scr1996,avaConv,onshore_b
it_sar,2,h0534,0.20194071599495775,scr1996,avaConv,onshore_b
it_sar,2,h0535,0.3802777241307917,scr1996,avaConv,onshore_b
it_sar,2,h0536,0.5846083288609966,scr1996,avaConv,onshore_b
it_sar,2,h0537,0.8109625278202364,scr1996,avaConv,onshore_b
it_sar,2,h0538,0.8435230533551628,scr1996,avaConv,onshore_b
it_sar,2,h0539,0.8672876772272613,scr1996,avaConv,onshore_b
it_sar,2,h0540,0.8750831566121018,scr1996,avaConv,onshore_b
it_sar,2,h0541,0.8724256768453478,scr1996,avaConv,onshore_b
it_sar,2,h0542,0.8650851156326581,scr1996,avaConv,onshore_b
it_sar,2,h0543,0.8551584616919355,scr1996,avaConv,onshore_b
it_sar,2,h0544,0.8375094431708852,scr1996,avaConv,onshore_b
it_sar,2,h0545,0.8243814542381975,scr1996,avaConv,onshore_b
it_sar,2,h0546,0.8095617343173535,scr1996,avaConv,onshore_b
it_sar,2,h0547,0.44959529762368916,scr1996,avaConv,onshore_b
it_sar,2,h0548,0.1633772184450923,scr1996,avaConv,onshore_b
it_sar,2,h0549,0.0003231101852902037,scr1996,avaConv,onshore_b
it_sar,2,h0550,0.00014953521043524083,scr1996,avaConv,onshore_b
it_sar,2,h0551,0.0002647517423307737,scr1996,avaConv,onshore_b
it_sar,2,h0552,0.0009195742145363763,scr1996,avaConv,onshore_b
it_sic,2,h0481,0.34052037698098275,scr1996,avaConv,onshore_b
it_sic,2,h0482,0.15643557044175144,scr1996,avaConv,onshore_b
it_sic,2,h0483,0.00996260179347411,scr1996,avaConv,onshore_b
it_sic,2,h0484,0.007028703891066567,scr1996,avaConv,onshore_b
it_sic,2,h0485,0.004969477953374369,scr1996,avaConv,onshore_b
it_sic,2,h0486,0.0030192134769638232,scr1996,avaConv,onshore_b
it_sic,2,h0487,0.023807596560559155,scr1996,avaConv,onshore_b
it_sic,2,h0488,0.04859609962870007,scr1996,avaConv,onshore_b
it_sic,2,h0489,0.09907683984747029,scr1996,avaConv,onshore_b
it_sic,2,h0490,0.14517690929215493,scr1996,avaConv,onshore_b
it_sic,2,h0491,0.18942243176136886,scr1996,avaConv,onshore_b
it_sic,2,h0492,0.2326854656073466,scr1996,avaConv,onshore_b
it_sic,2,h0493,0.43474107960867475,scr1996,avaConv,onshore_b
it_sic,2,h0494,0.6530083146073532,scr1996,avaConv,onshore_b
it_sic,2,h0495,0.8479698101612424,scr1996,avaConv,onshore_b
it_sic,2,h0496,0.824269452932275,scr1996,avaConv,onshore_b
it_sic,2,h0497,0.7849051367238938,scr1996,avaConv,onshore_b
it_sic,2,h0498,0.7377519506561699,scr1996,avaConv,onshore_b
it_sic,2,h0499,0.6720981799266805,scr1996,avaConv,onshore_b
it_sic,2,h0500,0.6401685072127606,scr1996,avaConv,onshore_b
it_sic,2,h0501,0.6247651633587292,scr1996,avaConv,onshore_b
it_sic,2,h0502,0.6226880364404215,scr1996,avaConv,onshore_b
it_sic,2,h0503,0.5588047157040741,scr1996,avaConv,onshore_b
it_sic,2,h0504,0.48574484330310286,scr1996,avaConv,onshore_b
it_sic,2,h0505,0.31951065070257906,scr1996,avaConv,onshore_b
it_sic,2,h0506,0.20205028778922834,scr1996,avaConv,onshore_b
it_sic,2,h0507,0.10130805846204667,scr1996,avaConv,onshore_b
it_sic,2,h0508,0.09460842749257915,scr1996,avaConv,onshore_b
it_sic,2,h0509,0.09360409142819892,scr1996,avaConv,onshore_b
it_sic,2,h0510,0.09354689806293079,scr1996,avaConv,onshore_b
it_sic,2,h0511,0.05878321597330505,scr1996,avaConv,onshore_b
it_sic,2,h0512,0.02700218376786995,scr1996,avaConv,onshore_b
it_sic,2,h0513,0.0004940351281491728,scr1996,avaConv,onshore_b
it_sic,2,h0514,0.0010164996022119603,scr1996,avaConv,onshore_b
it_sic,2,h0515,0.007367113379382453,scr1996,avaConv,onshore_b
it_sic,2,h0516,0.018159218435772343,scr1996,avaConv,onshore_b
it_sic,2,h0517,0.04938465091156639,scr1996,avaConv,onshore_b
it_sic,2,h0518,0.07505431380394109,scr1996,avaConv,onshore_b
it_sic,2,h0519,0.09865078208411265,scr1996,avaConv,onshore_b
it_sic,2,h0520,0.10404585376538454,scr1996,avaConv,onshore_b
it_sic,2,h0521,0.10427770551240477,scr1996,avaConv,onshore_b
it_sic,2,h0522,0.10472506029116721,scr1996,avaConv,onshore_b
it_sic,2,h0523,0.3162420345888904,scr1996,avaConv,onshore_b
it_sic,2,h0524,0.5554022008800448,scr1996,avaConv,onshore_b
it_sic,2,h0525,0.8056997974051734,scr1996,avaConv,onshore_b
it_sic,2,h0526,0.7892366832392527,scr1996,avaConv,onshore_b
it_sic,2,h0527,0.7925282661074515,scr1996,avaConv,onshore_b
it_sic,2,h0528,0.7969882853325827,scr1996,avaConv,onshore_b
it_sic,2,h0529,0.5292145029766767,scr1996,avaConv,onshore_b
it_sic,2,h0530,0.2738210124963974,scr1996,avaConv,onshore_b
it_sic,2,h0531,0.057971180269772396,scr1996,avaConv,onshore_b
it_sic,2,h0532,0.06999947010239763,scr1996,avaConv,onshore_b
it_sic,2,h0533,0.08920566198814217,scr1996,avaConv,onshore_b
it_sic,2,h0534,0.11907392027243414,scr1996,avaConv,onshore_b
it_sic,2,h0535,0.1500978271643381,scr1996,avaConv,onshore_b
it_sic,2,h0536,0.1957680093277563,scr1996,avaConv,onshore_b
it_sic,2,h0537,0.25176123941134393,scr1996,avaConv,onshore_b
it_sic,2,h0538,0.34488515229000705,scr1996,avaConv,onshore_b
it_sic,2,h0539,0.46730086198116266,scr1996,avaConv,onshore_b
it_sic,2,h0540,0.577654914478202,scr1996,avaConv,onshore_b
it_sic,2,h0541,0.5991740791325608,scr1996,avaConv,onshore_b
it_sic,2,h0542,0.587537175127545,scr1996,avaConv,onshore_b
it_sic,2,h0543,0.551069756098777,scr1996,avaConv,onshore_b
it_sic,2,h0544,0.5392552468842338,scr1996,avaConv,onshore_b
it_sic,2,h0545,0.4839041355684935,scr1996,avaConv,onshore_b
it_sic,2,h0546,0.42013989290271425,scr1996,avaConv,onshore_b
it_sic,2,h0547,0.2604292012696125,scr1996,avaConv,onshore_b
it_sic,2,h0548,0.12930453827195676,scr1996,avaConv,onshore_b
it_sic,2,h0549,0.030874641292245195,scr1996,avaConv,onshore_b
it_sic,2,h0550,0.025911219336748004,scr1996,avaConv,onshore_b
it_sic,2,h0551,0.020383144074156395,scr1996,avaConv,onshore_b
it_sic,2,h0552,0.018866883621265422,scr1996,avaConv,onshore_b
lt,2,h0481,0.6424148135828509,scr1996,avaConv,onshore_b
lt,2,h0482,0.6586527667888713,scr1996,avaConv,onshore_b
lt,2,h0483,0.694357594112489,scr1996,avaConv,onshore_b
lt,2,h0484,0.6863207782603647,scr1996,avaConv,onshore_b
lt,2,h0485,0.6802984199253673,scr1996,avaConv,onshore_b
lt,2,h0486,0.6640774902712127,scr1996,avaConv,onshore_b
lt,2,h0487,0.5515166037957704,scr1996,avaConv,onshore_b
lt,2,h0488,0.43439999774243454,scr1996,avaConv,onshore_b
lt,2,h0489,0.3326388106038676,scr1996,avaConv,onshore_b
lt,2,h0490,0.3221237999389653,scr1996,avaConv,onshore_b
lt,2,h0491,0.3167528728475614,scr1996,avaConv,onshore_b
lt,2,h0492,0.2921969090643539,scr1996,avaConv,onshore_b
lt,2,h0493,0.22726758836192848,scr1996,avaConv,onshore_b
lt,2,h0494,0.17499297337901756,scr1996,avaConv,onshore_b
lt,2,h0495,0.15564771983961406,scr1996,avaConv,onshore_b
lt,2,h0496,0.18310687221591926,scr1996,avaConv,onshore_b
lt,2,h0497,0.2286398934365137,scr1996,avaConv,onshore_b
lt,2,h0498,0.2894941193019352,scr1996,avaConv,onshore_b
lt,2,h0499,0.23938967328849362,scr1996,avaConv,onshore_b
lt,2,h0500,0.16731859500988577,scr1996,avaConv,onshore_b
lt,2,h0501,0.07075598944015542,scr1996,avaConv,onshore_b
lt,2,h0502,0.06919748698215329,scr1996,avaConv,onshore_b
lt,2,h0503,0.05574137652122539,scr1996,avaConv,onshore_b
lt,2,h0504,0.04242657195887257,scr1996,avaConv,onshore_b
lt,2,h0505,0.30193889934416535,scr1996,avaConv,onshore_b
lt,2,h0506,0.6062790939386343,scr1996,avaConv,onshore_b
lt,2,h0507,0.9295673540440567,scr1996,avaConv,onshore_b
lt,2,h0508,0.9317252922522267,scr1996,avaConv,onshore_b
lt,2,h0509,0.9331282425097905,scr1996,avaConv,onshore_b
lt,2,h0510,0.9324508574960904,scr1996,avaConv,onshore_b
lt,2,h0511,0.7799655682179575,scr1996,avaConv,onshore_b
lt,2,h0512,0.6433968769795719,scr1996,avaConv,onshore_b
lt,2,h0513,0.5168622527292005,scr1996,avaConv,onshore_b
lt,2,h0514,0.520233139959777,scr1996,avaConv,onshore_b
lt,2,h0515,0.4962796606419065,scr1996,avaConv,onshore_b
lt,2,h0516,0.4719239510471383,scr1996,avaConv,onshore_b
lt,2,h0517,0.3064992800616947,scr1996,avaConv,onshore_b
lt,2,h0518,0.16261102529069707,scr1996,avaConv,onshore_b
lt,2,h0519,0.026243283850778672,scr1996,avaConv,onshore_b
lt,2,h0520,0.025034060195020077,scr1996,avaConv,onshore_b
lt,2,h0521,0.027953000568776015,scr1996,avaConv,onshore_b
lt,2,h0522,0.03706509876124504,scr1996,avaConv,onshore_b
lt,2,h0523,0.19467075139212833,scr1996,avaConv,onshore_b
lt,2,h0524,0.3735804313132571,scr1996,avaConv,onshore_b
lt,2,h0525,0.5560823188437769,scr1996,avaConv,onshore_b
lt,2,h0526,0.5621457389393503,scr1996,avaConv,onshore_b
lt,2,h0527,0.5580593371925542,scr1996,avaConv,onshore_b
lt,2,h0528,0.531048772812192,scr1996,avaConv,onshore_b
lt,2,h0529,0.5580049288923818,scr1996,avaConv,onshore_b
lt,2,h0530,0.5667259619789784,scr1996,avaConv,onshore_b
lt,2,h0531,0.5910359619024707,scr1996,avaConv,onshore_b
lt,2,h0532,0.5667199312372472,scr1996,avaConv,onshore_b
lt,2,h0533,0.5737895774402976,scr1996,avaConv,onshore_b
lt,2,h0534,0.5932730290445175,scr1996,avaConv,onshore_b
lt,2,h0535,0.5108671047509848,scr1996,avaConv,onshore_b
lt,2,h0536,0.40283763355571806,scr1996,avaConv,onshore_b
lt,2,h0537,0.27100157979769957,scr1996,avaConv,onshore_b
lt,2,h0538,0.2144164759241972,scr1996,avaConv,onshore_b
lt,2,h0539,0.17240261468393622,scr1996,avaConv,onshore_b
lt,2,h0540,0.15594994844597215,scr1996,avaConv,onshore_b
lt,2,h0541,0.12101650315438373,scr1996,avaConv,onshore_b
lt,2,h0542,0.09390754113292707,scr1996,avaConv,onshore_b
lt,2,h0543,0.06987764461749704,scr1996,avaConv,onshore_b
lt,2,h0544,0.09074192521858256,scr1996,avaConv,onshore_b
lt,2,h0545,0.10684104950699619,scr1996,avaConv,onshore_b
lt,2,h0546,0.11332002653228032,scr1996,avaConv,onshore_b
lt,2,h0547,0.14820649044724463,scr1996,avaConv,onshore_b
lt,2,h0548,0.18500171212367053,scr1996,avaConv,onshore_b
lt,2,h0549,0.2280300772115475,scr1996,avaConv,onshore_b
lt,2,h0550,0.22904505359269792,scr1996,avaConv,onshore_b
lt,2,h0551,0.2309740079082337,scr1996,avaConv,onshore_b
lt,2,h0552,0.23362098321633296,scr1996,avaConv,onshore_b
lu,2,h0481,0.5657620048293438,scr1996,avaConv,onshore_b
lu,2,h0482,0.5221053020917134,scr1996,avaConv,onshore_b
lu,2,h0483,0.5009262089326237,scr1996,avaConv,onshore_b
lu,2,h0484,0.4314204600644403,scr1996,avaConv,onshore_b
lu,2,h0485,0.37465178297672413,scr1996,avaConv,onshore_b
lu,2,h0486,0.35429735815118996,scr1996,avaConv,onshore_b
lu,2,h0487,0.25593881079827907,scr1996,avaConv,onshore_b
lu,2,h0488,0.15776254293790734,scr1996,avaConv,onshore_b
lu,2,h0489,0.050870174039546204,scr1996,avaConv,onshore_b
lu,2,h0490,0.027341240365796323,scr1996,avaConv,onshore_b
lu,2,h0491,0.010835390592897025,scr1996,avaConv,onshore_b
lu,2,h0492,0.004837263633599912,scr1996,avaConv,onshore_b
lu,2,h0493,0.0022032459910000884,scr1996,avaConv,onshore_b
lu,2,h0494,0.001153646512536104,scr1996,avaConv,onshore_b
lu,2,h0495,0.0,scr1996,avaConv,onshore_b
lu,2,h0496,0.0,scr1996,avaConv,onshore_b
lu,2,h0497,0.00047496234945795535,scr1996,avaConv,onshore_b
lu,2,h0498,0.0016951808180510702,scr1996,avaConv,onshore_b
lu,2,h0499,0.061451756516939814,scr1996,avaConv,onshore_b
lu,2,h0500,0.1387404396621398,scr1996,avaConv,onshore_b
lu,2,h0501,0.23114391021428254,scr1996,avaConv,onshore_b
lu,2,h0502,0.26553230140897277,scr1996,avaConv,onshore_b
lu,2,h0503,0.32413731887915415,scr1996,avaConv,onshore_b
lu,2,h0504,0.440718468714009,scr1996,avaConv,onshore_b
lu,2,h0505,0.6411745749550979,scr1996,avaConv,onshore_b
lu,2,h0506,0.813658543128904,scr1996,avaConv,onshore_b
lu,2,h0507,0.9104388745036303,scr1996,avaConv,onshore_b
lu,2,h0508,0.889621911335566,scr1996,avaConv,onshore_b
lu,2,h0509,0.8601644074576799,scr1996,avaConv,onshore_b
lu,2,h0510,0.8138423976316183,scr1996,avaConv,onshore_b
lu,2,h0511,0.49472848906596195,scr1996,avaConv,onshore_b
lu,2,h0512,0.21322527801573457,scr1996,avaConv,onshore_b
lu,2,h0513,0.0017443347967299341,scr1996,avaConv,onshore_b
lu,2,h0514,0.0024560842532972012,scr1996,avaConv,onshore_b
lu,2,h0515,0.0027622182959590874,scr1996,avaConv,onshore_b
lu,2,h0516,0.0060047501440800444,scr1996,avaConv,onshore_b
lu,2,h0517,0.014348835968628385,scr1996,avaConv,onshore_b
lu,2,h0518,0.023785579717374702,scr1996,avaConv,onshore_b
lu,2,h0519,0.036920446880307004,scr1996,avaConv,onshore_b
lu,2,h0520,0.04391247197175222,scr1996,avaConv,onshore_b
lu,2,h0521,0.04904533763037294,scr1996,avaConv,onshore_b
lu,2,h0522,0.04914309795671703,scr1996,avaConv,onshore_b
lu,2,h0523,0.03231674564538361,scr1996,avaConv,onshore_b
lu,2,h0524,0.017630631198975278,scr1996,avaConv,onshore_b
lu,2,h0525,0.0024826624621499455,scr1996,avaConv,onshore_b
lu,2,h0526,0.001544554743873282,scr1996,avaConv,onshore_b
lu,2,h0527,0.0015756096418475672,scr1996,avaConv,onshore_b
lu,2,h0528,0.001255060555106165,scr1996,avaConv,onshore_b
lu,2,h0529,0.06911387452314406,scr1996,avaConv,onshore_b
lu,2,h0530,0.15109081481481174,scr1996,avaConv,onshore_b
lu,2,h0531,0.24077887855421734,scr1996,avaConv,onshore_b
lu,2,h0532,0.23530119338991182,scr1996,avaConv,onshore_b
lu,2,h0533,0.2230561332264554,scr1996,avaConv,onshore_b
lu,2,h0534,0.2177496275731922,scr1996,avaConv,onshore_b
lu,2,h0535,0.21139301259253754,scr1996,avaConv,onshore_b
lu,2,h0536,0.2032951081713623,scr1996,avaConv,onshore_b
lu,2,h0537,0.18050728163353996,scr1996,avaConv,onshore_b
lu,2,h0538,0.14086158543076124,scr1996,avaConv,onshore_b
lu,2,h0539,0.11077773448055032,scr1996,avaConv,onshore_b
lu,2,h0540,0.08042650152882552,scr1996,avaConv,onshore_b
lu,2,h0541,0.17492339051664837,scr1996,avaConv,onshore_b
lu,2,h0542,0.2780426617152668,scr1996,avaConv,onshore_b
lu,2,h0543,0.3972272368827629,scr1996,avaConv,onshore_b
lu,2,h0544,0.40116055390939903,scr1996,avaConv,onshore_b
lu,2,h0545,0.39459458671000647,scr1996,avaConv,onshore_b
lu,2,h0546,0.3695097364727433,scr1996,avaConv,onshore_b
lu,2,h0547,0.22563944923419724,scr1996,avaConv,onshore_b
lu,2,h0548,0.10985530151826116,scr1996,avaConv,onshore_b
lu,2,h0549,0.029907378664557536,scr1996,avaConv,onshore_b
lu,2,h0550,0.04934970287056516,scr1996,avaConv,onshore_b
lu,2,h0551,0.06094764325208749,scr1996,avaConv,onshore_b
lu,2,h0552,0.08413786085407567,scr1996,avaConv,onshore_b
lv,2,h0481,0.3448193912775768,scr1996,avaConv,onshore_b
lv,2,h0482,0.45914435320170155,scr1996,avaConv,onshore_b
lv,2,h0483,0.5736219098596466,scr1996,avaConv,onshore_b
lv,2,h0484,0.5374276602079516,scr1996,avaConv,onshore_b
lv,2,h0485,0.5089076108303234,scr1996,avaConv,onshore_b
lv,2,h0486,0.4868695400677142,scr1996,avaConv,onshore_b
lv,2,h0487,0.36994472557108443,scr1996,avaConv,onshore_b
lv,2,h0488,0.27018444044513457,scr1996,avaConv,onshore_b
lv,2,h0489,0.18324532393344692,scr1996,avaConv,onshore_b
lv,2,h0490,0.195707497147661,scr1996,avaConv,onshore_b
lv,2,h0491,0.20340542870867212,scr1996,avaConv,onshore_b
lv,2,h0492,0.1890175034191502,scr1996,avaConv,onshore_b
lv,2,h0493,0.12439183959638059,scr1996,avaConv,onshore_b
lv,2,h0494,0.05992633846979428,scr1996,avaConv,onshore_b
lv,2,h0495,0.008329989136385265,scr1996,avaConv,onshore_b
lv,2,h0496,0.013846516938052727,scr1996,avaConv,onshore_b
lv,2,h0497,0.028843323821746314,scr1996,avaConv,onshore_b
lv,2,h0498,0.05423438781872347,scr1996,avaConv,onshore_b
lv,2,h0499,0.0922120582591781,scr1996,avaConv,onshore_b
lv,2,h0500,0.11839973539424821,scr1996,avaConv,onshore_b
lv,2,h0501,0.1265300132494114,scr1996,avaConv,onshore_b
lv,2,h0502,0.11265307242543526,scr1996,avaConv,onshore_b
lv,2,h0503,0.08709891042262986,scr1996,avaConv,onshore_b
lv,2,h0504,0.06443844875048223,scr1996,avaConv,onshore_b
lv,2,h0505,0.3249394995152936,scr1996,avaConv,onshore_b
lv,2,h0506,0.6085637869068604,scr1996,avaConv,onshore_b
lv,2,h0507,0.9019176369966986,scr1996,avaConv,onshore_b
lv,2,h0508,0.9228512421093227,scr1996,avaConv,onshore_b
lv,2,h0509,0.9361901148517053,scr1996,avaConv,onshore_b
lv,2,h0510,0.9393712141995978,scr1996,avaConv,onshore_b
lv,2,h0511,0.6890203041720435,scr1996,avaConv,onshore_b
lv,2,h0512,0.4365461373360495,scr1996,avaConv,onshore_b
lv,2,h0513,0.18460735754376376,scr1996,avaConv,onshore_b
lv,2,h0514,0.18016756344895568,scr1996,avaConv,onshore_b
lv,2,h0515,0.17614222189849638,scr1996,avaConv,onshore_b
lv,2,h0516,0.18150816626090735,scr1996,avaConv,onshore_b
lv,2,h0517,0.1565595943351155,scr1996,avaConv,onshore_b
lv,2,h0518,0.1315486817079582,scr1996,avaConv,onshore_b
lv,2,h0519,0.09597105278897806,scr1996,avaConv,onshore_b
lv,2,h0520,0.0947780628119246,scr1996,avaConv,onshore_b
lv,2,h0521,0.10219455395338095,scr1996,avaConv,onshore_b
lv,2,h0522,0.11971002745911609,scr1996,avaConv,onshore_b
lv,2,h0523,0.20032748405152076,scr1996,avaConv,onshore_b
lv,2,h0524,0.28724737823009294,scr1996,avaConv,onshore_b
lv,2,h0525,0.3746722956039808,scr1996,avaConv,onshore_b
lv,2,h0526,0.3974804494707077,scr1996,avaConv,onshore_b
lv,2,h0527,0.40822575882729106,scr1996,avaConv,onshore_b
lv,2,h0528,0.4035350460544102,scr1996,avaConv,onshore_b
lv,2,h0529,0.44015500755127296,scr1996,avaConv,onshore_b
lv,2,h0530,0.4683505334033277,scr1996,avaConv,onshore_b
lv,2,h0531,0.5047149245865271,scr1996,avaConv,onshore_b
lv,2,h0532,0.4956366214036869,scr1996,avaConv,onshore_b
lv,2,h0533,0.49458285137030983,scr1996,avaConv,onshore_b
lv,2,h0534,0.4941984766717284,scr1996,avaConv,onshore_b
lv,2,h0535,0.38821614043326214,scr1996,avaConv,onshore_b
lv,2,h0536,0.2716605554553349,scr1996,avaConv,onshore_b
lv,2,h0537,0.14919297239460816,scr1996,avaConv,onshore_b
lv,2,h0538,0.1223610626283118,scr1996,avaConv,onshore_b
lv,2,h0539,0.10454075676525179,scr1996,avaConv,onshore_b
lv,2,h0540,0.0964095495432314,scr1996,avaConv,onshore_b
lv,2,h0541,0.08029809443915549,scr1996,avaConv,onshore_b
lv,2,h0542,0.07000497456131093,scr1996,avaConv,onshore_b
lv,2,h0543,0.06106076549450246,scr1996,avaConv,onshore_b
lv,2,h0544,0.07725949053033601,scr1996,avaConv,onshore_b
lv,2,h0545,0.09138775728746866,scr1996,avaConv,onshore_b
lv,2,h0546,0.09726582572248427,scr1996,avaConv,onshore_b
lv,2,h0547,0.11058826622677037,scr1996,avaConv,onshore_b
lv,2,h0548,0.11823076944128179,scr1996,avaConv,onshore_b
lv,2,h0549,0.12641110113085194,scr1996,avaConv,onshore_b
lv,2,h0550,0.1213712620186695,scr1996,avaConv,onshore_b
lv,2,h0551,0.11972905466122506,scr1996,avaConv,onshore_b
lv,2,h0552,0.12551859844272933,scr1996,avaConv,onshore_b
me,2,h0481,0.34632984643032644,scr1996,avaConv,onshore_b
me,2,h0482,0.15619097971583748,scr1996,avaConv,onshore_b
me,2,h0483,0.019454149135277897,scr1996,avaConv,onshore_b
me,2,h0484,0.022896266349662544,scr1996,avaConv,onshore_b
me,2,h0485,0.02118198732534001,scr1996,avaConv,onshore_b
me,2,h0486,0.016981860894434847,scr1996,avaConv,onshore_b
me,2,h0487,0.03743819884719128,scr1996,avaConv,onshore_b
me,2,h0488,0.06717390919490876,scr1996,avaConv,onshore_b
me,2,h0489,0.09952363556220868,scr1996,avaConv,onshore_b
me,2,h0490,0.0953693358693528,scr1996,avaConv,onshore_b
me,2,h0491,0.10829373146095689,scr1996,avaConv,onshore_b
me,2,h0492,0.15444988380140637,scr1996,avaConv,onshore_b
me,2,h0493,0.23438130382197017,scr1996,avaConv,onshore_b
me,2,h0494,0.2333103990275509,scr1996,avaConv,onshore_b
me,2,h0495,0.19860673249995547,scr1996,avaConv,onshore_b
me,2,h0496,0.12152653030474371,scr1996,avaConv,onshore_b
me,2,h0497,0.10056104901433165,scr1996,avaConv,onshore_b
me,2,h0498,0.10614164320621469,scr1996,avaConv,onshore_b
me,2,h0499,0.06799337856863825,scr1996,avaConv,onshore_b
me,2,h0500,0.040675650609386174,scr1996,avaConv,onshore_b
me,2,h0501,0.011821214594310707,scr1996,avaConv,onshore_b
me,2,h0502,0.03769944110382833,scr1996,avaConv,onshore_b
me,2,h0503,0.12311295771889359,scr1996,avaConv,onshore_b
me,2,h0504,0.20324195045876578,scr1996,avaConv,onshore_b
me,2,h0505,0.17679342211413293,scr1996,avaConv,onshore_b
me,2,h0506,0.09792422871568453,scr1996,avaConv,onshore_b
me,2,h0507,0.05968701333223642,scr1996,avaConv,onshore_b
me,2,h0508,0.06211333859009327,scr1996,avaConv,onshore_b
me,2,h0509,0.05926444684222208,scr1996,avaConv,onshore_b
me,2,h0510,0.05316913152800208,scr1996,avaConv,onshore_b
me,2,h0511,0.16730102630326568,scr1996,avaConv,onshore_b
me,2,h0512,0.34353731850641667,scr1996,avaConv,onshore_b
me,2,h0513,0.5650850053052708,scr1996,avaConv,onshore_b
me,2,h0514,0.532576470365544,scr1996,avaConv,onshore_b
me,2,h0515,0.49199469167145726,scr1996,avaConv,onshore_b
me,2,h0516,0.4735166283984183,scr1996,avaConv,onshore_b
me,2,h0517,0.2756576339346472,scr1996,avaConv,onshore_b
me,2,h0518,0.12257670034510976,scr1996,avaConv,onshore_b
me,2,h0519,0.02885024632912821,scr1996,avaConv,onshore_b
me,2,h0520,0.020572025313576048,scr1996,avaConv,onshore_b
me,2,h0521,0.014241224706802849,scr1996,avaConv,onshore_b
me,2,h0522,0.005095382811615433,scr1996,avaConv,onshore_b
me,2,h0523,0.002588845339090172,scr1996,avaConv,onshore_b
me,2,h0524,0.0014312978868732586,scr1996,avaConv,onshore_b
me,2,h0525,0.0008589685637494792,scr1996,avaConv,onshore_b
me,2,h0526,0.001517430889456746,scr1996,avaConv,onshore_b
me,2,h0527,0.0027391207184476935,scr1996,avaConv,onshore_b
me,2,h0528,0.004700279931257025,scr1996,avaConv,onshore_b
me,2,h0529,0.0027041607686549823,scr1996,avaConv,onshore_b
me,2,h0530,0.0009498489939544748,scr1996,avaConv,onshore_b
me,2,h0531,4.416433483754186e-6,scr1996,avaConv,onshore_b
me,2,h0532,8.777567504359897e-6,scr1996,avaConv,onshore_b
me,2,h0533,2.589568678862924e-5,scr1996,avaConv,onshore_b
me,2,h0534,4.314185962289582e-5,scr1996,avaConv,onshore_b
me,2,h0535,0.12253020387135623,scr1996,avaConv,onshore_b
me,2,h0536,0.40846183294305394,scr1996,avaConv,onshore_b
me,2,h0537,0.8299307724911574,scr1996,avaConv,onshore_b
me,2,h0538,0.8369565769883387,scr1996,avaConv,onshore_b
me,2,h0539,0.8333497123901327,scr1996,avaConv,onshore_b
me,2,h0540,0.8239677649662924,scr1996,avaConv,onshore_b
me,2,h0541,0.4220542170960062,scr1996,avaConv,onshore_b
me,2,h0542,0.14696988584640122,scr1996,avaConv,onshore_b
me,2,h0543,0.0091991769316263,scr1996,avaConv,onshore_b
me,2,h0544,0.008216110031955685,scr1996,avaConv,onshore_b
me,2,h0545,0.005150855323459074,scr1996,avaConv,onshore_b
me,2,h0546,0.001608359214513296,scr1996,avaConv,onshore_b
me,2,h0547,0.03491867676796204,scr1996,avaConv,onshore_b
me,2,h0548,0.1376111926541331,scr1996,avaConv,onshore_b
me,2,h0549,0.31933014564139495,scr1996,avaConv,onshore_b
me,2,h0550,0.3900786376936224,scr1996,avaConv,onshore_b
me,2,h0551,0.3666348694248687,scr1996,avaConv,onshore_b
me,2,h0552,0.3008396509457253,scr1996,avaConv,onshore_b
mk,2,h0481,0.06077720243563899,scr1996,avaConv,onshore_b
mk,2,h0482,0.04335078325855898,scr1996,avaConv,onshore_b
mk,2,h0483,0.024093215109416193,scr1996,avaConv,onshore_b
mk,2,h0484,0.02420672130243472,scr1996,avaConv,onshore_b
mk,2,h0485,0.021125375873185692,scr1996,avaConv,onshore_b
mk,2,h0486,0.015299732424959548,scr1996,avaConv,onshore_b
mk,2,h0487,0.020496994044125517,scr1996,avaConv,onshore_b
mk,2,h0488,0.026469191422383995,scr1996,avaConv,onshore_b
mk,2,h0489,0.04198715962069428,scr1996,avaConv,onshore_b
mk,2,h0490,0.04754819487666119,scr1996,avaConv,onshore_b
mk,2,h0491,0.05309392830088567,scr1996,avaConv,onshore_b
mk,2,h0492,0.04751337813544449,scr1996,avaConv,onshore_b
mk,2,h0493,0.13456764248824074,scr1996,avaConv,onshore_b
mk,2,h0494,0.24485046271167202,scr1996,avaConv,onshore_b
mk,2,h0495,0.3199326705976762,scr1996,avaConv,onshore_b
mk,2,h0496,0.1838187359779017,scr1996,avaConv,onshore_b
mk,2,h0497,0.06995265296838099,scr1996,avaConv,onshore_b
mk,2,h0498,0.02351619696635233,scr1996,avaConv,onshore_b
mk,2,h0499,0.010008388779640241,scr1996,avaConv,onshore_b
mk,2,h0500,0.006424925435106493,scr1996,avaConv,onshore_b
mk,2,h0501,0.0032648985269267687,scr1996,avaConv,onshore_b
mk,2,h0502,0.003273063309310881,scr1996,avaConv,onshore_b
mk,2,h0503,0.004060122314254569,scr1996,avaConv,onshore_b
mk,2,h0504,0.0063619050086075315,scr1996,avaConv,onshore_b
mk,2,h0505,0.00770211668032737,scr1996,avaConv,onshore_b
mk,2,h0506,0.007942615301111495,scr1996,avaConv,onshore_b
mk,2,h0507,0.006946539850428483,scr1996,avaConv,onshore_b
mk,2,h0508,0.007063935024297541,scr1996,avaConv,onshore_b
mk,2,h0509,0.007394560970105141,scr1996,avaConv,onshore_b
mk,2,h0510,0.006655763315227264,scr1996,avaConv,onshore_b
mk,2,h0511,0.003315763753432572,scr1996,avaConv,onshore_b
mk,2,h0512,0.0010171678169055031,scr1996,avaConv,onshore_b
mk,2,h0513,6.600277638008053e-5,scr1996,avaConv,onshore_b
mk,2,h0514,0.00010753120466717424,scr1996,avaConv,onshore_b
mk,2,h0515,0.0002490874720653673,scr1996,avaConv,onshore_b
mk,2,h0516,0.0005510237102301947,scr1996,avaConv,onshore_b
mk,2,h0517,0.0044272721583752785,scr1996,avaConv,onshore_b
mk,2,h0518,0.007484406935579563,scr1996,avaConv,onshore_b
mk,2,h0519,0.008723175374712492,scr1996,avaConv,onshore_b
mk,2,h0520,0.003405562053025813,scr1996,avaConv,onshore_b
mk,2,h0521,0.0011692010271794745,scr1996,avaConv,onshore_b
mk,2,h0522,0.00032781637225340804,scr1996,avaConv,onshore_b
mk,2,h0523,0.0010300244472731845,scr1996,avaConv,onshore_b
mk,2,h0524,0.0018246258668049998,scr1996,avaConv,onshore_b
mk,2,h0525,0.0027083991957888714,scr1996,avaConv,onshore_b
mk,2,h0526,0.0019073325748658152,scr1996,avaConv,onshore_b
mk,2,h0527,0.001524929516756113,scr1996,avaConv,onshore_b
mk,2,h0528,0.0009203482032104883,scr1996,avaConv,onshore_b
mk,2,h0529,0.00039949290822339985,scr1996,avaConv,onshore_b
mk,2,h0530,8.762511973428529e-5,scr1996,avaConv,onshore_b
mk,2,h0531,2.64400293225327e-5,scr1996,avaConv,onshore_b
mk,2,h0532,6.190627596880611e-6,scr1996,avaConv,onshore_b
mk,2,h0533,0.0,scr1996,avaConv,onshore_b
mk,2,h0534,0.0,scr1996,avaConv,onshore_b
mk,2,h0535,0.01614608661899209,scr1996,avaConv,onshore_b
mk,2,h0536,0.04620971069765495,scr1996,avaConv,onshore_b
mk,2,h0537,0.0933035617050161,scr1996,avaConv,onshore_b
mk,2,h0538,0.11433580172287514,scr1996,avaConv,onshore_b
mk,2,h0539,0.13948657672618606,scr1996,avaConv,onshore_b
mk,2,h0540,0.179601263730109,scr1996,avaConv,onshore_b
mk,2,h0541,0.11630405873152838,scr1996,avaConv,onshore_b
mk,2,h0542,0.06561480697360325,scr1996,avaConv,onshore_b
mk,2,h0543,0.01513989944453946,scr1996,avaConv,onshore_b
mk,2,h0544,0.010077381370225708,scr1996,avaConv,onshore_b
mk,2,h0545,0.005007518383332458,scr1996,avaConv,onshore_b
mk,2,h0546,0.001751827990911051,scr1996,avaConv,onshore_b
mk,2,h0547,0.013107370108522663,scr1996,avaConv,onshore_b
mk,2,h0548,0.02567514314204534,scr1996,avaConv,onshore_b
mk,2,h0549,0.040806980345480456,scr1996,avaConv,onshore_b
mk,2,h0550,0.029317462729084875,scr1996,avaConv,onshore_b
mk,2,h0551,0.02442149199367267,scr1996,avaConv,onshore_b
mk,2,h0552,0.018916099918444708,scr1996,avaConv,onshore_b
nl,2,h0481,0.2697280366108335,scr1996,avaConv,onshore_b
nl,2,h0482,0.20634983093526432,scr1996,avaConv,onshore_b
nl,2,h0483,0.1484894779458348,scr1996,avaConv,onshore_b
nl,2,h0484,0.13376576205674318,scr1996,avaConv,onshore_b
nl,2,h0485,0.12181963849789094,scr1996,avaConv,onshore_b
nl,2,h0486,0.12035289530315141,scr1996,avaConv,onshore_b
nl,2,h0487,0.311620029215923,scr1996,avaConv,onshore_b
nl,2,h0488,0.5118912835132269,scr1996,avaConv,onshore_b
nl,2,h0489,0.7150473272155744,scr1996,avaConv,onshore_b
nl,2,h0490,0.6960098878956935,scr1996,avaConv,onshore_b
nl,2,h0491,0.6533916944169191,scr1996,avaConv,onshore_b
nl,2,h0492,0.624801092004253,scr1996,avaConv,onshore_b
nl,2,h0493,0.4213736128053073,scr1996,avaConv,onshore_b
nl,2,h0494,0.2404348634191568,scr1996,avaConv,onshore_b
nl,2,h0495,0.05032210878473857,scr1996,avaConv,onshore_b
nl,2,h0496,0.03977583753579,scr1996,avaConv,onshore_b
nl,2,h0497,0.03181145352463048,scr1996,avaConv,onshore_b
nl,2,h0498,0.026251188795246485,scr1996,avaConv,onshore_b
nl,2,h0499,0.12005486172268748,scr1996,avaConv,onshore_b
nl,2,h0500,0.24381586887742576,scr1996,avaConv,onshore_b
nl,2,h0501,0.38839265123041256,scr1996,avaConv,onshore_b
nl,2,h0502,0.44480240091585466,scr1996,avaConv,onshore_b
nl,2,h0503,0.48220044301438764,scr1996,avaConv,onshore_b
nl,2,h0504,0.5039232110948154,scr1996,avaConv,onshore_b
nl,2,h0505,0.6463958018523015,scr1996,avaConv,onshore_b
nl,2,h0506,0.7816938804068094,scr1996,avaConv,onshore_b
nl,2,h0507,0.9086286683920076,scr1996,avaConv,onshore_b
nl,2,h0508,0.8711154890556363,scr1996,avaConv,onshore_b
nl,2,h0509,0.7918436629984524,scr1996,avaConv,onshore_b
nl,2,h0510,0.6600307580719026,scr1996,avaConv,onshore_b
nl,2,h0511,0.47331157842854743,scr1996,avaConv,onshore_b
nl,2,h0512,0.3493465284959482,scr1996,avaConv,onshore_b
nl,2,h0513,0.2994788386873104,scr1996,avaConv,onshore_b
nl,2,h0514,0.3189447387585132,scr1996,avaConv,onshore_b
nl,2,h0515,0.36434104178667426,scr1996,avaConv,onshore_b
nl,2,h0516,0.4408002398514268,scr1996,avaConv,onshore_b
nl,2,h0517,0.3345105357906397,scr1996,avaConv,onshore_b
nl,2,h0518,0.19592325737156646,scr1996,avaConv,onshore_b
nl,2,h0519,0.02736353694468981,scr1996,avaConv,onshore_b
nl,2,h0520,0.0323738227071265,scr1996,avaConv,onshore_b
nl,2,h0521,0.0325260549387238,scr1996,avaConv,onshore_b
nl,2,h0522,0.032031229942536446,scr1996,avaConv,onshore_b
nl,2,h0523,0.021550852804551286,scr1996,avaConv,onshore_b
nl,2,h0524,0.014327828916493328,scr1996,avaConv,onshore_b
nl,2,h0525,0.009169325625179171,scr1996,avaConv,onshore_b
nl,2,h0526,0.017472491888416215,scr1996,avaConv,onshore_b
nl,2,h0527,0.025718218190791807,scr1996,avaConv,onshore_b
nl,2,h0528,0.03490844475874906,scr1996,avaConv,onshore_b
nl,2,h0529,0.07137468025451744,scr1996,avaConv,onshore_b
nl,2,h0530,0.10435708061867117,scr1996,avaConv,onshore_b
nl,2,h0531,0.13127377417499408,scr1996,avaConv,onshore_b
nl,2,h0532,0.12420279200122172,scr1996,avaConv,onshore_b
nl,2,h0533,0.12009421077265757,scr1996,avaConv,onshore_b
nl,2,h0534,0.1201595723056893,scr1996,avaConv,onshore_b
nl,2,h0535,0.09091926244671006,scr1996,avaConv,onshore_b
nl,2,h0536,0.061016621453570535,scr1996,avaConv,onshore_b
nl,2,h0537,0.028665101818359004,scr1996,avaConv,onshore_b
nl,2,h0538,0.021972954533633723,scr1996,avaConv,onshore_b
nl,2,h0539,0.01602469885347486,scr1996,avaConv,onshore_b
nl,2,h0540,0.012791388086153413,scr1996,avaConv,onshore_b
nl,2,h0541,0.174802992435207,scr1996,avaConv,onshore_b
nl,2,h0542,0.3487062642213892,scr1996,avaConv,onshore_b
nl,2,h0543,0.5170694841703791,scr1996,avaConv,onshore_b
nl,2,h0544,0.5067530109496783,scr1996,avaConv,onshore_b
nl,2,h0545,0.4708849677647636,scr1996,avaConv,onshore_b
nl,2,h0546,0.4403742807812722,scr1996,avaConv,onshore_b
nl,2,h0547,0.27908931674732185,scr1996,avaConv,onshore_b
nl,2,h0548,0.15003876053311052,scr1996,avaConv,onshore_b
nl,2,h0549,0.03617376699392738,scr1996,avaConv,onshore_b
nl,2,h0550,0.04794252016287334,scr1996,avaConv,onshore_b
nl,2,h0551,0.053909190757127294,scr1996,avaConv,onshore_b
nl,2,h0552,0.053487267777781025,scr1996,avaConv,onshore_b
no_m,2,h0481,0.0036863995693589995,scr1996,avaConv,onshore_b
no_m,2,h0482,0.0025052119837912995,scr1996,avaConv,onshore_b
no_m,2,h0483,0.0017553521654419609,scr1996,avaConv,onshore_b
no_m,2,h0484,0.0019493293933426162,scr1996,avaConv,onshore_b
no_m,2,h0485,0.0022418763993084915,scr1996,avaConv,onshore_b
no_m,2,h0486,0.0030326825710583604,scr1996,avaConv,onshore_b
no_m,2,h0487,0.008768386905011073,scr1996,avaConv,onshore_b
no_m,2,h0488,0.015334925679903138,scr1996,avaConv,onshore_b
no_m,2,h0489,0.01932859567138525,scr1996,avaConv,onshore_b
no_m,2,h0490,0.014451085408397903,scr1996,avaConv,onshore_b
no_m,2,h0491,0.00965938375983389,scr1996,avaConv,onshore_b
no_m,2,h0492,0.007877144630125683,scr1996,avaConv,onshore_b
no_m,2,h0493,0.02560449984221219,scr1996,avaConv,onshore_b
no_m,2,h0494,0.04781778732559036,scr1996,avaConv,onshore_b
no_m,2,h0495,0.06747722508415731,scr1996,avaConv,onshore_b
no_m,2,h0496,0.053548981626867824,scr1996,avaConv,onshore_b
no_m,2,h0497,0.040505856293115594,scr1996,avaConv,onshore_b
no_m,2,h0498,0.0316158078783039,scr1996,avaConv,onshore_b
no_m,2,h0499,0.11518873528393944,scr1996,avaConv,onshore_b
no_m,2,h0500,0.24440782350229703,scr1996,avaConv,onshore_b
no_m,2,h0501,0.41845156847927073,scr1996,avaConv,onshore_b
no_m,2,h0502,0.4455165905714876,scr1996,avaConv,onshore_b
no_m,2,h0503,0.47089319466126034,scr1996,avaConv,onshore_b
no_m,2,h0504,0.4949839842521309,scr1996,avaConv,onshore_b
no_m,2,h0505,0.3233141336895172,scr1996,avaConv,onshore_b
no_m,2,h0506,0.16827814118511336,scr1996,avaConv,onshore_b
no_m,2,h0507,0.04688734358976208,scr1996,avaConv,onshore_b
no_m,2,h0508,0.039209907576239225,scr1996,avaConv,onshore_b
no_m,2,h0509,0.034887916825288044,scr1996,avaConv,onshore_b
no_m,2,h0510,0.03276166309090026,scr1996,avaConv,onshore_b
no_m,2,h0511,0.05404599574029811,scr1996,avaConv,onshore_b
no_m,2,h0512,0.09973746733938234,scr1996,avaConv,onshore_b
no_m,2,h0513,0.17138532890924466,scr1996,avaConv,onshore_b
no_m,2,h0514,0.22812309969826697,scr1996,avaConv,onshore_b
no_m,2,h0515,0.2599405170271706,scr1996,avaConv,onshore_b
no_m,2,h0516,0.2718864641990859,scr1996,avaConv,onshore_b
no_m,2,h0517,0.40169840293265374,scr1996,avaConv,onshore_b
no_m,2,h0518,0.5482206858974736,scr1996,avaConv,onshore_b
no_m,2,h0519,0.7016391009187708,scr1996,avaConv,onshore_b
no_m,2,h0520,0.686043805831447,scr1996,avaConv,onshore_b
no_m,2,h0521,0.653608009851058,scr1996,avaConv,onshore_b
no_m,2,h0522,0.5948299015774594,scr1996,avaConv,onshore_b
no_m,2,h0523,0.6257024846907104,scr1996,avaConv,onshore_b
no_m,2,h0524,0.6739392863845277,scr1996,avaConv,onshore_b
no_m,2,h0525,0.7535797110883742,scr1996,avaConv,onshore_b
no_m,2,h0526,0.7321702841157957,scr1996,avaConv,onshore_b
no_m,2,h0527,0.7239110306864494,scr1996,avaConv,onshore_b
no_m,2,h0528,0.69007867121035,scr1996,avaConv,onshore_b
no_m,2,h0529,0.5683382140086732,scr1996,avaConv,onshore_b
no_m,2,h0530,0.442976143338824,scr1996,avaConv,onshore_b
no_m,2,h0531,0.3327194340958107,scr1996,avaConv,onshore_b
no_m,2,h0532,0.28085026481508163,scr1996,avaConv,onshore_b
no_m,2,h0533,0.21456892663702606,scr1996,avaConv,onshore_b
no_m,2,h0534,0.1586123652857181,scr1996,avaConv,onshore_b
no_m,2,h0535,0.2006928243507095,scr1996,avaConv,onshore_b
no_m,2,h0536,0.2657015922371447,scr1996,avaConv,onshore_b
no_m,2,h0537,0.35167696178331903,scr1996,avaConv,onshore_b
no_m,2,h0538,0.34685850604757246,scr1996,avaConv,onshore_b
no_m,2,h0539,0.32327768880945523,scr1996,avaConv,onshore_b
no_m,2,h0540,0.2939922751461978,scr1996,avaConv,onshore_b
no_m,2,h0541,0.22581434121558627,scr1996,avaConv,onshore_b
no_m,2,h0542,0.1739879333953488,scr1996,avaConv,onshore_b
no_m,2,h0543,0.1309632648210449,scr1996,avaConv,onshore_b
no_m,2,h0544,0.12034036500735386,scr1996,avaConv,onshore_b
no_m,2,h0545,0.11442233083639587,scr1996,avaConv,onshore_b
no_m,2,h0546,0.11184749414822581,scr1996,avaConv,onshore_b
no_m,2,h0547,0.1080649664249596,scr1996,avaConv,onshore_b
no_m,2,h0548,0.09939202818230294,scr1996,avaConv,onshore_b
no_m,2,h0549,0.08569953771120414,scr1996,avaConv,onshore_b
no_m,2,h0550,0.0702965312666689,scr1996,avaConv,onshore_b
no_m,2,h0551,0.06793503928543651,scr1996,avaConv,onshore_b
no_m,2,h0552,0.0644125101478438,scr1996,avaConv,onshore_b
no_n,2,h0481,0.08652864209025035,scr1996,avaConv,onshore_b
no_n,2,h0482,0.12275581738865615,scr1996,avaConv,onshore_b
no_n,2,h0483,0.16032652933990604,scr1996,avaConv,onshore_b
no_n,2,h0484,0.1669862328072414,scr1996,avaConv,onshore_b
no_n,2,h0485,0.18200503114463545,scr1996,avaConv,onshore_b
no_n,2,h0486,0.20311331451655001,scr1996,avaConv,onshore_b
no_n,2,h0487,0.1648097344834119,scr1996,avaConv,onshore_b
no_n,2,h0488,0.12589228296695026,scr1996,avaConv,onshore_b
no_n,2,h0489,0.08860480052936334,scr1996,avaConv,onshore_b
no_n,2,h0490,0.10331152218192753,scr1996,avaConv,onshore_b
no_n,2,h0491,0.12185563158198405,scr1996,avaConv,onshore_b
no_n,2,h0492,0.14432975505367523,scr1996,avaConv,onshore_b
no_n,2,h0493,0.20898422753725776,scr1996,avaConv,onshore_b
no_n,2,h0494,0.260313673499876,scr1996,avaConv,onshore_b
no_n,2,h0495,0.2963467586276247,scr1996,avaConv,onshore_b
no_n,2,h0496,0.27016973468597977,scr1996,avaConv,onshore_b
no_n,2,h0497,0.25745529817422985,scr1996,avaConv,onshore_b
no_n,2,h0498,0.2535212117438569,scr1996,avaConv,onshore_b
no_n,2,h0499,0.28138592888550706,scr1996,avaConv,onshore_b
no_n,2,h0500,0.32072388435698795,scr1996,avaConv,onshore_b
no_n,2,h0501,0.37171776240608956,scr1996,avaConv,onshore_b
no_n,2,h0502,0.4047935723825479,scr1996,avaConv,onshore_b
no_n,2,h0503,0.425252410887307,scr1996,avaConv,onshore_b
no_n,2,h0504,0.44764448989062633,scr1996,avaConv,onshore_b
no_n,2,h0505,0.47662285001713817,scr1996,avaConv,onshore_b
no_n,2,h0506,0.49803481965135105,scr1996,avaConv,onshore_b
no_n,2,h0507,0.49930359160620114,scr1996,avaConv,onshore_b
no_n,2,h0508,0.4776794017604832,scr1996,avaConv,onshore_b
no_n,2,h0509,0.45808454263110016,scr1996,avaConv,onshore_b
no_n,2,h0510,0.43812905534150925,scr1996,avaConv,onshore_b
no_n,2,h0511,0.24934633332883072,scr1996,avaConv,onshore_b
no_n,2,h0512,0.10593364134153162,scr1996,avaConv,onshore_b
no_n,2,h0513,0.017493857092207632,scr1996,avaConv,onshore_b
no_n,2,h0514,0.024084945382334404,scr1996,avaConv,onshore_b
no_n,2,h0515,0.032194001151848485,scr1996,avaConv,onshore_b
no_n,2,h0516,0.043974113520626905,scr1996,avaConv,onshore_b
no_n,2,h0517,0.1458628308867123,scr1996,avaConv,onshore_b
no_n,2,h0518,0.2790907475564828,scr1996,avaConv,onshore_b
no_n,2,h0519,0.41765551810623064,scr1996,avaConv,onshore_b
no_n,2,h0520,0.41810336899840983,scr1996,avaConv,onshore_b
no_n,2,h0521,0.3988072582181676,scr1996,avaConv,onshore_b
no_n,2,h0522,0.37604911207384684,scr1996,avaConv,onshore_b
no_n,2,h0523,0.5208053628560904,scr1996,avaConv,onshore_b
no_n,2,h0524,0.6912829432874394,scr1996,avaConv,onshore_b
no_n,2,h0525,0.88456752528434,scr1996,avaConv,onshore_b
no_n,2,h0526,0.8821960895126127,scr1996,avaConv,onshore_b
no_n,2,h0527,0.8712808127371764,scr1996,avaConv,onshore_b
no_n,2,h0528,0.8586164217556076,scr1996,avaConv,onshore_b
no_n,2,h0529,0.8169835028440897,scr1996,avaConv,onshore_b
no_n,2,h0530,0.7867012329649986,scr1996,avaConv,onshore_b
no_n,2,h0531,0.7533879748045317,scr1996,avaConv,onshore_b
no_n,2,h0532,0.7472172544805837,scr1996,avaConv,onshore_b
no_n,2,h0533,0.7274396485089878,scr1996,avaConv,onshore_b
no_n,2,h0534,0.6917764544096716,scr1996,avaConv,onshore_b
no_n,2,h0535,0.5384323044320489,scr1996,avaConv,onshore_b
no_n,2,h0536,0.40832120673868283,scr1996,avaConv,onshore_b
no_n,2,h0537,0.30640768985169337,scr1996,avaConv,onshore_b
no_n,2,h0538,0.3086474987516641,scr1996,avaConv,onshore_b
no_n,2,h0539,0.29634200664732196,scr1996,avaConv,onshore_b
no_n,2,h0540,0.2778980913206126,scr1996,avaConv,onshore_b
no_n,2,h0541,0.2437074848304132,scr1996,avaConv,onshore_b
no_n,2,h0542,0.21558306686689943,scr1996,avaConv,onshore_b
no_n,2,h0543,0.18403445972135396,scr1996,avaConv,onshore_b
no_n,2,h0544,0.15781224083362594,scr1996,avaConv,onshore_b
no_n,2,h0545,0.1261766215922333,scr1996,avaConv,onshore_b
no_n,2,h0546,0.0957822896774414,scr1996,avaConv,onshore_b
no_n,2,h0547,0.10196502705062026,scr1996,avaConv,onshore_b
no_n,2,h0548,0.11522335972399865,scr1996,avaConv,onshore_b
no_n,2,h0549,0.13323523289348477,scr1996,avaConv,onshore_b
no_n,2,h0550,0.11824971266136487,scr1996,avaConv,onshore_b
no_n,2,h0551,0.11343596012175948,scr1996,avaConv,onshore_b
no_n,2,h0552,0.1071774229108632,scr1996,avaConv,onshore_b
no_s,2,h0481,0.0011654198599946662,scr1996,avaConv,onshore_b
no_s,2,h0482,0.0013957141711873557,scr1996,avaConv,onshore_b
no_s,2,h0483,0.0021234854808263983,scr1996,avaConv,onshore_b
no_s,2,h0484,0.004386945382017929,scr1996,avaConv,onshore_b
no_s,2,h0485,0.008446769015480119,scr1996,avaConv,onshore_b
no_s,2,h0486,0.014639203781404892,scr1996,avaConv,onshore_b
no_s,2,h0487,0.04755078573093641,scr1996,avaConv,onshore_b
no_s,2,h0488,0.0933299732238661,scr1996,avaConv,onshore_b
no_s,2,h0489,0.13714194736393495,scr1996,avaConv,onshore_b
no_s,2,h0490,0.1206844592179131,scr1996,avaConv,onshore_b
no_s,2,h0491,0.08733748409108356,scr1996,avaConv,onshore_b
no_s,2,h0492,0.0634804419044582,scr1996,avaConv,onshore_b
no_s,2,h0493,0.038716410336529214,scr1996,avaConv,onshore_b
no_s,2,h0494,0.02821520297249605,scr1996,avaConv,onshore_b
no_s,2,h0495,0.020131908773674073,scr1996,avaConv,onshore_b
no_s,2,h0496,0.017382065206522256,scr1996,avaConv,onshore_b
no_s,2,h0497,0.015179693306229928,scr1996,avaConv,onshore_b
no_s,2,h0498,0.014465964993105072,scr1996,avaConv,onshore_b
no_s,2,h0499,0.13301800065150912,scr1996,avaConv,onshore_b
no_s,2,h0500,0.39617261018358585,scr1996,avaConv,onshore_b
no_s,2,h0501,0.8143847389014268,scr1996,avaConv,onshore_b
no_s,2,h0502,0.8572481042455252,scr1996,avaConv,onshore_b
no_s,2,h0503,0.8813408237704224,scr1996,avaConv,onshore_b
no_s,2,h0504,0.8961403566395317,scr1996,avaConv,onshore_b
no_s,2,h0505,0.5156038257601175,scr1996,avaConv,onshore_b
no_s,2,h0506,0.2536828806093597,scr1996,avaConv,onshore_b
no_s,2,h0507,0.09180121392688194,scr1996,avaConv,onshore_b
no_s,2,h0508,0.1416514759089749,scr1996,avaConv,onshore_b
no_s,2,h0509,0.20408425922807163,scr1996,avaConv,onshore_b
no_s,2,h0510,0.25771274261180205,scr1996,avaConv,onshore_b
no_s,2,h0511,0.16300159984336163,scr1996,avaConv,onshore_b
no_s,2,h0512,0.10685553564310105,scr1996,avaConv,onshore_b
no_s,2,h0513,0.09051281531690528,scr1996,avaConv,onshore_b
no_s,2,h0514,0.18747365495597548,scr1996,avaConv,onshore_b
no_s,2,h0515,0.3179844881737736,scr1996,avaConv,onshore_b
no_s,2,h0516,0.46324205317251615,scr1996,avaConv,onshore_b
no_s,2,h0517,0.48310791003566406,scr1996,avaConv,onshore_b
no_s,2,h0518,0.4249338708950232,scr1996,avaConv,onshore_b
no_s,2,h0519,0.30663810043590045,scr1996,avaConv,onshore_b
no_s,2,h0520,0.2539867319315334,scr1996,avaConv,onshore_b
no_s,2,h0521,0.21185794032623556,scr1996,avaConv,onshore_b
no_s,2,h0522,0.1907778429167639,scr1996,avaConv,onshore_b
no_s,2,h0523,0.25821839180851447,scr1996,avaConv,onshore_b
no_s,2,h0524,0.37331041280496313,scr1996,avaConv,onshore_b
no_s,2,h0525,0.5549473559666456,scr1996,avaConv,onshore_b
no_s,2,h0526,0.6545189030695159,scr1996,avaConv,onshore_b
no_s,2,h0527,0.7559592001916392,scr1996,avaConv,onshore_b
no_s,2,h0528,0.797317401974733,scr1996,avaConv,onshore_b
no_s,2,h0529,0.4786301178164845,scr1996,avaConv,onshore_b
no_s,2,h0530,0.20699789715493705,scr1996,avaConv,onshore_b
no_s,2,h0531,0.04339527703006472,scr1996,avaConv,onshore_b
no_s,2,h0532,0.021161806103587536,scr1996,avaConv,onshore_b
no_s,2,h0533,0.009231601476140317,scr1996,avaConv,onshore_b
no_s,2,h0534,0.004723477895370815,scr1996,avaConv,onshore_b
no_s,2,h0535,0.0641416020291755,scr1996,avaConv,onshore_b
no_s,2,h0536,0.21252516008647895,scr1996,avaConv,onshore_b
no_s,2,h0537,0.4606406377433646,scr1996,avaConv,onshore_b
no_s,2,h0538,0.4743641691185815,scr1996,avaConv,onshore_b
no_s,2,h0539,0.4942791873012849,scr1996,avaConv,onshore_b
no_s,2,h0540,0.490155616187924,scr1996,avaConv,onshore_b
no_s,2,h0541,0.3909683015300895,scr1996,avaConv,onshore_b
no_s,2,h0542,0.29329332032563366,scr1996,avaConv,onshore_b
no_s,2,h0543,0.21112050982673206,scr1996,avaConv,onshore_b
no_s,2,h0544,0.19989102526150843,scr1996,avaConv,onshore_b
no_s,2,h0545,0.21283165970927181,scr1996,avaConv,onshore_b
no_s,2,h0546,0.24006108302264034,scr1996,avaConv,onshore_b
no_s,2,h0547,0.12124896585766408,scr1996,avaConv,onshore_b
no_s,2,h0548,0.03226760923008705,scr1996,avaConv,onshore_b
no_s,2,h0549,0.0005772417260648028,scr1996,avaConv,onshore_b
no_s,2,h0550,0.0006266831555804249,scr1996,avaConv,onshore_b
no_s,2,h0551,0.0008978697591878509,scr1996,avaConv,onshore_b
no_s,2,h0552,0.0018728829936787246,scr1996,avaConv,onshore_b
pl,2,h0481,0.37101278966250906,scr1996,avaConv,onshore_b
pl,2,h0482,0.3263770119841328,scr1996,avaConv,onshore_b
pl,2,h0483,0.27966376469146714,scr1996,avaConv,onshore_b
pl,2,h0484,0.2685640783144088,scr1996,avaConv,onshore_b
pl,2,h0485,0.26868905302830676,scr1996,avaConv,onshore_b
pl,2,h0486,0.27469680227149773,scr1996,avaConv,onshore_b
pl,2,h0487,0.21212034976911492,scr1996,avaConv,onshore_b
pl,2,h0488,0.14643992147609855,scr1996,avaConv,onshore_b
pl,2,h0489,0.08802880893710119,scr1996,avaConv,onshore_b
pl,2,h0490,0.09437167459855218,scr1996,avaConv,onshore_b
pl,2,h0491,0.11578352741433874,scr1996,avaConv,onshore_b
pl,2,h0492,0.13625933628826126,scr1996,avaConv,onshore_b
pl,2,h0493,0.2375960127703952,scr1996,avaConv,onshore_b
pl,2,h0494,0.34084796833786835,scr1996,avaConv,onshore_b
pl,2,h0495,0.4524752196682105,scr1996,avaConv,onshore_b
pl,2,h0496,0.4622638448458274,scr1996,avaConv,onshore_b
pl,2,h0497,0.4713804700391071,scr1996,avaConv,onshore_b
pl,2,h0498,0.48178475396138537,scr1996,avaConv,onshore_b
pl,2,h0499,0.3209120466384495,scr1996,avaConv,onshore_b
pl,2,h0500,0.1635282671833355,scr1996,avaConv,onshore_b
pl,2,h0501,0.024376502183505597,scr1996,avaConv,onshore_b
pl,2,h0502,0.016573059019642795,scr1996,avaConv,onshore_b
pl,2,h0503,0.011724107574121814,scr1996,avaConv,onshore_b
pl,2,h0504,0.009357712759196857,scr1996,avaConv,onshore_b
pl,2,h0505,0.26315069814884634,scr1996,avaConv,onshore_b
pl,2,h0506,0.5949567137648882,scr1996,avaConv,onshore_b
pl,2,h0507,0.9674558859056092,scr1996,avaConv,onshore_b
pl,2,h0508,0.9711234096471276,scr1996,avaConv,onshore_b
pl,2,h0509,0.9659104916895443,scr1996,avaConv,onshore_b
pl,2,h0510,0.9564478907837398,scr1996,avaConv,onshore_b
pl,2,h0511,0.6933783211803266,scr1996,avaConv,onshore_b
pl,2,h0512,0.4461737851580538,scr1996,avaConv,onshore_b
pl,2,h0513,0.22660495269993075,scr1996,avaConv,onshore_b
pl,2,h0514,0.2274474815267908,scr1996,avaConv,onshore_b
pl,2,h0515,0.2338028964974866,scr1996,avaConv,onshore_b
pl,2,h0516,0.23956992062724772,scr1996,avaConv,onshore_b
pl,2,h0517,0.1510818173709562,scr1996,avaConv,onshore_b
pl,2,h0518,0.07288354308443759,scr1996,avaConv,onshore_b
pl,2,h0519,0.010094679926195808,scr1996,avaConv,onshore_b
pl,2,h0520,0.014245787187342181,scr1996,avaConv,onshore_b
pl,2,h0521,0.018639698720766137,scr1996,avaConv,onshore_b
pl,2,h0522,0.02208733778632378,scr1996,avaConv,onshore_b
pl,2,h0523,0.025179438970690984,scr1996,avaConv,onshore_b
pl,2,h0524,0.02945847026607519,scr1996,avaConv,onshore_b
pl,2,h0525,0.03720169064712814,scr1996,avaConv,onshore_b
pl,2,h0526,0.04906355879743795,scr1996,avaConv,onshore_b
pl,2,h0527,0.07257522069790154,scr1996,avaConv,onshore_b
pl,2,h0528,0.09416784285000859,scr1996,avaConv,onshore_b
pl,2,h0529,0.15880763820430774,scr1996,avaConv,onshore_b
pl,2,h0530,0.2014135252840492,scr1996,avaConv,onshore_b
pl,2,h0531,0.23597699296513597,scr1996,avaConv,onshore_b
pl,2,h0532,0.21340408450107595,scr1996,avaConv,onshore_b
pl,2,h0533,0.19929281595840523,scr1996,avaConv,onshore_b
pl,2,h0534,0.1941011213871902,scr1996,avaConv,onshore_b
pl,2,h0535,0.18491084229805269,scr1996,avaConv,onshore_b
pl,2,h0536,0.17562505764385855,scr1996,avaConv,onshore_b
pl,2,h0537,0.156537695802763,scr1996,avaConv,onshore_b
pl,2,h0538,0.1337068994104969,scr1996,avaConv,onshore_b
pl,2,h0539,0.11203936139188737,scr1996,avaConv,onshore_b
pl,2,h0540,0.10234981010493407,scr1996,avaConv,onshore_b
pl,2,h0541,0.11586289029577812,scr1996,avaConv,onshore_b
pl,2,h0542,0.13646657295234887,scr1996,avaConv,onshore_b
pl,2,h0543,0.15369515547638557,scr1996,avaConv,onshore_b
pl,2,h0544,0.15895392275512854,scr1996,avaConv,onshore_b
pl,2,h0545,0.1596844598739222,scr1996,avaConv,onshore_b
pl,2,h0546,0.1629676811058356,scr1996,avaConv,onshore_b
pl,2,h0547,0.15040848908312843,scr1996,avaConv,onshore_b
pl,2,h0548,0.13368494236003475,scr1996,avaConv,onshore_b
pl,2,h0549,0.11222801160432488,scr1996,avaConv,onshore_b
pl,2,h0550,0.1029487984467662,scr1996,avaConv,onshore_b
pl,2,h0551,0.09523187018824662,scr1996,avaConv,onshore_b
pl,2,h0552,0.0912507221909392,scr1996,avaConv,onshore_b
pt,2,h0481,0.03576229409696481,scr1996,avaConv,onshore_b
pt,2,h0482,0.053147440163405085,scr1996,avaConv,onshore_b
pt,2,h0483,0.0744299843510845,scr1996,avaConv,onshore_b
pt,2,h0484,0.0613079267626463,scr1996,avaConv,onshore_b
pt,2,h0485,0.061508993172234565,scr1996,avaConv,onshore_b
pt,2,h0486,0.06245006924109056,scr1996,avaConv,onshore_b
pt,2,h0487,0.17614797045514752,scr1996,avaConv,onshore_b
pt,2,h0488,0.3202234200342524,scr1996,avaConv,onshore_b
pt,2,h0489,0.5045604779022751,scr1996,avaConv,onshore_b
pt,2,h0490,0.5289863376411217,scr1996,avaConv,onshore_b
pt,2,h0491,0.592735400094539,scr1996,avaConv,onshore_b
pt,2,h0492,0.6742457984995225,scr1996,avaConv,onshore_b
pt,2,h0493,0.4503057071075858,scr1996,avaConv,onshore_b
pt,2,h0494,0.24974662838063963,scr1996,avaConv,onshore_b
pt,2,h0495,0.09930647520640429,scr1996,avaConv,onshore_b
pt,2,h0496,0.12681582089539767,scr1996,avaConv,onshore_b
pt,2,h0497,0.14036158617360958,scr1996,avaConv,onshore_b
pt,2,h0498,0.14041060379355977,scr1996,avaConv,onshore_b
pt,2,h0499,0.11007474377235557,scr1996,avaConv,onshore_b
pt,2,h0500,0.08199382272061906,scr1996,avaConv,onshore_b
pt,2,h0501,0.05485598848157131,scr1996,avaConv,onshore_b
pt,2,h0502,0.045384544213843275,scr1996,avaConv,onshore_b
pt,2,h0503,0.037532764629223586,scr1996,avaConv,onshore_b
pt,2,h0504,0.03168756120290615,scr1996,avaConv,onshore_b
pt,2,h0505,0.016216206753477184,scr1996,avaConv,onshore_b
pt,2,h0506,0.006265676947485081,scr1996,avaConv,onshore_b
pt,2,h0507,0.0010410227745667653,scr1996,avaConv,onshore_b
pt,2,h0508,0.0011436836663899226,scr1996,avaConv,onshore_b
pt,2,h0509,0.0013133909501439793,scr1996,avaConv,onshore_b
pt,2,h0510,0.0016715403278098361,scr1996,avaConv,onshore_b
pt,2,h0511,0.03053894109235921,scr1996,avaConv,onshore_b
pt,2,h0512,0.07729330620215262,scr1996,avaConv,onshore_b
pt,2,h0513,0.13156369628108858,scr1996,avaConv,onshore_b
pt,2,h0514,0.09778281031089203,scr1996,avaConv,onshore_b
pt,2,h0515,0.06557002867565356,scr1996,avaConv,onshore_b
pt,2,h0516,0.0357765440929474,scr1996,avaConv,onshore_b
pt,2,h0517,0.11105987473575392,scr1996,avaConv,onshore_b
pt,2,h0518,0.22611499592366482,scr1996,avaConv,onshore_b
pt,2,h0519,0.36953713599459853,scr1996,avaConv,onshore_b
pt,2,h0520,0.3539642194756929,scr1996,avaConv,onshore_b
pt,2,h0521,0.34754682364883316,scr1996,avaConv,onshore_b
pt,2,h0522,0.3737707712954075,scr1996,avaConv,onshore_b
pt,2,h0523,0.2665186406884113,scr1996,avaConv,onshore_b
pt,2,h0524,0.17305603243767817,scr1996,avaConv,onshore_b
pt,2,h0525,0.0875114908792735,scr1996,avaConv,onshore_b
pt,2,h0526,0.0985389526454065,scr1996,avaConv,onshore_b
pt,2,h0527,0.09620439270814325,scr1996,avaConv,onshore_b
pt,2,h0528,0.09437136505669776,scr1996,avaConv,onshore_b
pt,2,h0529,0.23895409252532784,scr1996,avaConv,onshore_b
pt,2,h0530,0.4596271039234904,scr1996,avaConv,onshore_b
pt,2,h0531,0.7467732581137858,scr1996,avaConv,onshore_b
pt,2,h0532,0.8107529082201547,scr1996,avaConv,onshore_b
pt,2,h0533,0.8629900179740213,scr1996,avaConv,onshore_b
pt,2,h0534,0.8900451233794774,scr1996,avaConv,onshore_b
pt,2,h0535,0.504481579239713,scr1996,avaConv,onshore_b
pt,2,h0536,0.20208478098041377,scr1996,avaConv,onshore_b
pt,2,h0537,0.017509077521107506,scr1996,avaConv,onshore_b
pt,2,h0538,0.01590393509798945,scr1996,avaConv,onshore_b
pt,2,h0539,0.012129135591742777,scr1996,avaConv,onshore_b
pt,2,h0540,0.010865024860192541,scr1996,avaConv,onshore_b
pt,2,h0541,0.007884104393142263,scr1996,avaConv,onshore_b
pt,2,h0542,0.006744221104434728,scr1996,avaConv,onshore_b
pt,2,h0543,0.004561226749648045,scr1996,avaConv,onshore_b
pt,2,h0544,0.0036896887625614363,scr1996,avaConv,onshore_b
pt,2,h0545,0.002912798863783724,scr1996,avaConv,onshore_b
pt,2,h0546,0.002259979633364077,scr1996,avaConv,onshore_b
pt,2,h0547,0.014043077537441327,scr1996,avaConv,onshore_b
pt,2,h0548,0.02743186331412917,scr1996,avaConv,onshore_b
pt,2,h0549,0.04015503154991127,scr1996,avaConv,onshore_b
pt,2,h0550,0.02699398943733868,scr1996,avaConv,onshore_b
pt,2,h0551,0.020158565933125445,scr1996,avaConv,onshore_b
pt,2,h0552,0.01816311295796911,scr1996,avaConv,onshore_b
ro,2,h0481,0.22849317488138252,scr1996,avaConv,onshore_b
ro,2,h0482,0.40067966827795964,scr1996,avaConv,onshore_b
ro,2,h0483,0.6063086638097691,scr1996,avaConv,onshore_b
ro,2,h0484,0.5564614029982918,scr1996,avaConv,onshore_b
ro,2,h0485,0.5033252239177967,scr1996,avaConv,onshore_b
ro,2,h0486,0.45368269319934057,scr1996,avaConv,onshore_b
ro,2,h0487,0.26490462009210897,scr1996,avaConv,onshore_b
ro,2,h0488,0.12910478731748487,scr1996,avaConv,onshore_b
ro,2,h0489,0.041794292234453266,scr1996,avaConv,onshore_b
ro,2,h0490,0.04474699426749903,scr1996,avaConv,onshore_b
ro,2,h0491,0.04310072176907419,scr1996,avaConv,onshore_b
ro,2,h0492,0.03953830425853061,scr1996,avaConv,onshore_b
ro,2,h0493,0.22601474305377078,scr1996,avaConv,onshore_b
ro,2,h0494,0.5265144780585721,scr1996,avaConv,onshore_b
ro,2,h0495,0.922623702069293,scr1996,avaConv,onshore_b
ro,2,h0496,0.9274517708245601,scr1996,avaConv,onshore_b
ro,2,h0497,0.9283490163173169,scr1996,avaConv,onshore_b
ro,2,h0498,0.9292671855169591,scr1996,avaConv,onshore_b
ro,2,h0499,0.5123833793142987,scr1996,avaConv,onshore_b
ro,2,h0500,0.19424624404046814,scr1996,avaConv,onshore_b
ro,2,h0501,0.011022402592656418,scr1996,avaConv,onshore_b
ro,2,h0502,0.006771753401416137,scr1996,avaConv,onshore_b
ro,2,h0503,0.0034366835111926063,scr1996,avaConv,onshore_b
ro,2,h0504,0.002364042424876617,scr1996,avaConv,onshore_b
ro,2,h0505,0.005230341963717057,scr1996,avaConv,onshore_b
ro,2,h0506,0.012367638700585467,scr1996,avaConv,onshore_b
ro,2,h0507,0.02335904407416187,scr1996,avaConv,onshore_b
ro,2,h0508,0.031767385993246924,scr1996,avaConv,onshore_b
ro,2,h0509,0.042096956609972855,scr1996,avaConv,onshore_b
ro,2,h0510,0.050162264757088425,scr1996,avaConv,onshore_b
ro,2,h0511,0.03246993680547867,scr1996,avaConv,onshore_b
ro,2,h0512,0.01304157257964262,scr1996,avaConv,onshore_b
ro,2,h0513,0.0014159826184694372,scr1996,avaConv,onshore_b
ro,2,h0514,0.0005897339507564194,scr1996,avaConv,onshore_b
ro,2,h0515,0.00041132939441677587,scr1996,avaConv,onshore_b
ro,2,h0516,0.0002979890981551142,scr1996,avaConv,onshore_b
ro,2,h0517,0.0051390189658610235,scr1996,avaConv,onshore_b
ro,2,h0518,0.01450587722556703,scr1996,avaConv,onshore_b
ro,2,h0519,0.026297687588767178,scr1996,avaConv,onshore_b
ro,2,h0520,0.02346534774793069,scr1996,avaConv,onshore_b
ro,2,h0521,0.02384593208462688,scr1996,avaConv,onshore_b
ro,2,h0522,0.028514820700660155,scr1996,avaConv,onshore_b
ro,2,h0523,0.03976822913432299,scr1996,avaConv,onshore_b
ro,2,h0524,0.04904462517165531,scr1996,avaConv,onshore_b
ro,2,h0525,0.05131616552492621,scr1996,avaConv,onshore_b
ro,2,h0526,0.04305053205409617,scr1996,avaConv,onshore_b
ro,2,h0527,0.029743556776685946,scr1996,avaConv,onshore_b
ro,2,h0528,0.02482176966085495,scr1996,avaConv,onshore_b
ro,2,h0529,0.05861228531418494,scr1996,avaConv,onshore_b
ro,2,h0530,0.1154500952754197,scr1996,avaConv,onshore_b
ro,2,h0531,0.1743663889066163,scr1996,avaConv,onshore_b
ro,2,h0532,0.17274633437457398,scr1996,avaConv,onshore_b
ro,2,h0533,0.17098838533546623,scr1996,avaConv,onshore_b
ro,2,h0534,0.17298669839166372,scr1996,avaConv,onshore_b
ro,2,h0535,0.170619844697071,scr1996,avaConv,onshore_b
ro,2,h0536,0.1506461707120109,scr1996,avaConv,onshore_b
ro,2,h0537,0.14021669688003818,scr1996,avaConv,onshore_b
ro,2,h0538,0.14305774412767167,scr1996,avaConv,onshore_b
ro,2,h0539,0.16094972152727105,scr1996,avaConv,onshore_b
ro,2,h0540,0.17783842458159885,scr1996,avaConv,onshore_b
ro,2,h0541,0.1899345325844267,scr1996,avaConv,onshore_b
ro,2,h0542,0.2037313254660823,scr1996,avaConv,onshore_b
ro,2,h0543,0.2041355137740342,scr1996,avaConv,onshore_b
ro,2,h0544,0.21099868520380738,scr1996,avaConv,onshore_b
ro,2,h0545,0.22623560516606664,scr1996,avaConv,onshore_b
ro,2,h0546,0.24747284912820447,scr1996,avaConv,onshore_b
ro,2,h0547,0.4025091471280052,scr1996,avaConv,onshore_b
ro,2,h0548,0.5602177437445719,scr1996,avaConv,onshore_b
ro,2,h0549,0.7247566410719853,scr1996,avaConv,onshore_b
ro,2,h0550,0.6907125183211915,scr1996,avaConv,onshore_b
ro,2,h0551,0.6599216796893967,scr1996,avaConv,onshore_b
ro,2,h0552,0.6357597969298395,scr1996,avaConv,onshore_b
rs,2,h0481,0.30519673633833394,scr1996,avaConv,onshore_b
rs,2,h0482,0.3257747666936017,scr1996,avaConv,onshore_b
rs,2,h0483,0.3815401596345354,scr1996,avaConv,onshore_b
rs,2,h0484,0.3268904044908584,scr1996,avaConv,onshore_b
rs,2,h0485,0.2725138885206813,scr1996,avaConv,onshore_b
rs,2,h0486,0.229489729980857,scr1996,avaConv,onshore_b
rs,2,h0487,0.19894783402823427,scr1996,avaConv,onshore_b
rs,2,h0488,0.16777363924068223,scr1996,avaConv,onshore_b
rs,2,h0489,0.13129445106068055,scr1996,avaConv,onshore_b
rs,2,h0490,0.09851154514269787,scr1996,avaConv,onshore_b
rs,2,h0491,0.06530665687329963,scr1996,avaConv,onshore_b
rs,2,h0492,0.04014075842313959,scr1996,avaConv,onshore_b
rs,2,h0493,0.1660257823667747,scr1996,avaConv,onshore_b
rs,2,h0494,0.33454751820536793,scr1996,avaConv,onshore_b
rs,2,h0495,0.48923245811679217,scr1996,avaConv,onshore_b
rs,2,h0496,0.34078921688512276,scr1996,avaConv,onshore_b
rs,2,h0497,0.24791770898085871,scr1996,avaConv,onshore_b
rs,2,h0498,0.21059580835791716,scr1996,avaConv,onshore_b
rs,2,h0499,0.15524686226087872,scr1996,avaConv,onshore_b
rs,2,h0500,0.13009759181186664,scr1996,avaConv,onshore_b
rs,2,h0501,0.13057109577359532,scr1996,avaConv,onshore_b
rs,2,h0502,0.1817039402471831,scr1996,avaConv,onshore_b
rs,2,h0503,0.22216304341074875,scr1996,avaConv,onshore_b
rs,2,h0504,0.25658490410234525,scr1996,avaConv,onshore_b
rs,2,h0505,0.1481813214142449,scr1996,avaConv,onshore_b
rs,2,h0506,0.0655979720204588,scr1996,avaConv,onshore_b
rs,2,h0507,0.009217824774811853,scr1996,avaConv,onshore_b
rs,2,h0508,0.008144882869181073,scr1996,avaConv,onshore_b
rs,2,h0509,0.007062263292298677,scr1996,avaConv,onshore_b
rs,2,h0510,0.006621117306888673,scr1996,avaConv,onshore_b
rs,2,h0511,0.010825723595126112,scr1996,avaConv,onshore_b
rs,2,h0512,0.015438488706644183,scr1996,avaConv,onshore_b
rs,2,h0513,0.018528025723594063,scr1996,avaConv,onshore_b
rs,2,h0514,0.01601263565986689,scr1996,avaConv,onshore_b
rs,2,h0515,0.01641857409675339,scr1996,avaConv,onshore_b
rs,2,h0516,0.01981952606908275,scr1996,avaConv,onshore_b
rs,2,h0517,0.06473537633075925,scr1996,avaConv,onshore_b
rs,2,h0518,0.11892233925600512,scr1996,avaConv,onshore_b
rs,2,h0519,0.17364721410313727,scr1996,avaConv,onshore_b
rs,2,h0520,0.1487494560908545,scr1996,avaConv,onshore_b
rs,2,h0521,0.1346100272815604,scr1996,avaConv,onshore_b
rs,2,h0522,0.13390852083965105,scr1996,avaConv,onshore_b
rs,2,h0523,0.12473523319467075,scr1996,avaConv,onshore_b
rs,2,h0524,0.11054045966917235,scr1996,avaConv,onshore_b
rs,2,h0525,0.08786568765704723,scr1996,avaConv,onshore_b
rs,2,h0526,0.07554937530565407,scr1996,avaConv,onshore_b
rs,2,h0527,0.0644241046014834,scr1996,avaConv,onshore_b
rs,2,h0528,0.05037396909035453,scr1996,avaConv,onshore_b
rs,2,h0529,0.04312808707769336,scr1996,avaConv,onshore_b
rs,2,h0530,0.035602460071051695,scr1996,avaConv,onshore_b
rs,2,h0531,0.03481019784800714,scr1996,avaConv,onshore_b
rs,2,h0532,0.034476665962325716,scr1996,avaConv,onshore_b
rs,2,h0533,0.039290609415468115,scr1996,avaConv,onshore_b
rs,2,h0534,0.04757378414673639,scr1996,avaConv,onshore_b
rs,2,h0535,0.21906744186576427,scr1996,avaConv,onshore_b
rs,2,h0536,0.4728308589127119,scr1996,avaConv,onshore_b
rs,2,h0537,0.7868809778317074,scr1996,avaConv,onshore_b
rs,2,h0538,0.7729548639610079,scr1996,avaConv,onshore_b
rs,2,h0539,0.7538326153229153,scr1996,avaConv,onshore_b
rs,2,h0540,0.7435163387343994,scr1996,avaConv,onshore_b
rs,2,h0541,0.47051813516602475,scr1996,avaConv,onshore_b
rs,2,h0542,0.2505811966458711,scr1996,avaConv,onshore_b
rs,2,h0543,0.08205573097596304,scr1996,avaConv,onshore_b
rs,2,h0544,0.06102085041491128,scr1996,avaConv,onshore_b
rs,2,h0545,0.05048061444861156,scr1996,avaConv,onshore_b
rs,2,h0546,0.05274549392357794,scr1996,avaConv,onshore_b
rs,2,h0547,0.14007544029968524,scr1996,avaConv,onshore_b
rs,2,h0548,0.25315714490733165,scr1996,avaConv,onshore_b
rs,2,h0549,0.364577992420671,scr1996,avaConv,onshore_b
rs,2,h0550,0.3294655463682491,scr1996,avaConv,onshore_b
rs,2,h0551,0.28851546969987446,scr1996,avaConv,onshore_b
rs,2,h0552,0.24902920974149179,scr1996,avaConv,onshore_b
se_1,2,h0481,0.02463312250502192,scr1996,avaConv,onshore_b
se_1,2,h0482,0.018784997157951726,scr1996,avaConv,onshore_b
se_1,2,h0483,0.019544964880174296,scr1996,avaConv,onshore_b
se_1,2,h0484,0.0338057661984002,scr1996,avaConv,onshore_b
se_1,2,h0485,0.048716195434272906,scr1996,avaConv,onshore_b
se_1,2,h0486,0.05833761563603224,scr1996,avaConv,onshore_b
se_1,2,h0487,0.0522806491710581,scr1996,avaConv,onshore_b
se_1,2,h0488,0.03879668380727774,scr1996,avaConv,onshore_b
se_1,2,h0489,0.022974865742262436,scr1996,avaConv,onshore_b
se_1,2,h0490,0.017279805499461745,scr1996,avaConv,onshore_b
se_1,2,h0491,0.017499953677043587,scr1996,avaConv,onshore_b
se_1,2,h0492,0.022861629673905568,scr1996,avaConv,onshore_b
se_1,2,h0493,0.1047527957648862,scr1996,avaConv,onshore_b
se_1,2,h0494,0.20870365312842348,scr1996,avaConv,onshore_b
se_1,2,h0495,0.32850479600170795,scr1996,avaConv,onshore_b
se_1,2,h0496,0.3685581317202554,scr1996,avaConv,onshore_b
se_1,2,h0497,0.42300905232800023,scr1996,avaConv,onshore_b
se_1,2,h0498,0.49244870609259184,scr1996,avaConv,onshore_b
se_1,2,h0499,0.44049204840668355,scr1996,avaConv,onshore_b
se_1,2,h0500,0.37277258501168486,scr1996,avaConv,onshore_b
se_1,2,h0501,0.29375618686765537,scr1996,avaConv,onshore_b
se_1,2,h0502,0.3179879270447328,scr1996,avaConv,onshore_b
se_1,2,h0503,0.32211237262222414,scr1996,avaConv,onshore_b
se_1,2,h0504,0.31377527523514764,scr1996,avaConv,onshore_b
se_1,2,h0505,0.44752986599667055,scr1996,avaConv,onshore_b
se_1,2,h0506,0.6099187467307119,scr1996,avaConv,onshore_b
se_1,2,h0507,0.7872183799552646,scr1996,avaConv,onshore_b
se_1,2,h0508,0.8041468470624226,scr1996,avaConv,onshore_b
se_1,2,h0509,0.8258811180543545,scr1996,avaConv,onshore_b
se_1,2,h0510,0.8497106456447018,scr1996,avaConv,onshore_b
se_1,2,h0511,0.5640942203731137,scr1996,avaConv,onshore_b
se_1,2,h0512,0.2770790046728627,scr1996,avaConv,onshore_b
se_1,2,h0513,0.025782513169870562,scr1996,avaConv,onshore_b
se_1,2,h0514,0.011271428004207688,scr1996,avaConv,onshore_b
se_1,2,h0515,0.00300708830870018,scr1996,avaConv,onshore_b
se_1,2,h0516,0.0003395074122745914,scr1996,avaConv,onshore_b
se_1,2,h0517,0.15495277586856407,scr1996,avaConv,onshore_b
se_1,2,h0518,0.32851502162373075,scr1996,avaConv,onshore_b
se_1,2,h0519,0.5123207202675174,scr1996,avaConv,onshore_b
se_1,2,h0520,0.47691700853911995,scr1996,avaConv,onshore_b
se_1,2,h0521,0.4886287452278163,scr1996,avaConv,onshore_b
se_1,2,h0522,0.5275827436587737,scr1996,avaConv,onshore_b
se_1,2,h0523,0.6245555220852439,scr1996,avaConv,onshore_b
se_1,2,h0524,0.7004438005192192,scr1996,avaConv,onshore_b
se_1,2,h0525,0.7514933643117132,scr1996,avaConv,onshore_b
se_1,2,h0526,0.7388010672311155,scr1996,avaConv,onshore_b
se_1,2,h0527,0.7373498860309766,scr1996,avaConv,onshore_b
se_1,2,h0528,0.7340812661320837,scr1996,avaConv,onshore_b
se_1,2,h0529,0.8014625924541776,scr1996,avaConv,onshore_b
se_1,2,h0530,0.8620742890010955,scr1996,avaConv,onshore_b
se_1,2,h0531,0.9301496249757553,scr1996,avaConv,onshore_b
se_1,2,h0532,0.9264332315255616,scr1996,avaConv,onshore_b
se_1,2,h0533,0.9155680474833323,scr1996,avaConv,onshore_b
se_1,2,h0534,0.8957992866537188,scr1996,avaConv,onshore_b
se_1,2,h0535,0.5854738408726584,scr1996,avaConv,onshore_b
se_1,2,h0536,0.3043721780262259,scr1996,avaConv,onshore_b
se_1,2,h0537,0.06770621167286273,scr1996,avaConv,onshore_b
se_1,2,h0538,0.06356837182778222,scr1996,avaConv,onshore_b
se_1,2,h0539,0.060176338210498774,scr1996,avaConv,onshore_b
se_1,2,h0540,0.056717232004708254,scr1996,avaConv,onshore_b
se_1,2,h0541,0.05558113948839937,scr1996,avaConv,onshore_b
se_1,2,h0542,0.055392936922196816,scr1996,avaConv,onshore_b
se_1,2,h0543,0.05557366207788566,scr1996,avaConv,onshore_b
se_1,2,h0544,0.0563632408762264,scr1996,avaConv,onshore_b
se_1,2,h0545,0.0554890704728012,scr1996,avaConv,onshore_b
se_1,2,h0546,0.056188399565913774,scr1996,avaConv,onshore_b
se_1,2,h0547,0.03595119879657809,scr1996,avaConv,onshore_b
se_1,2,h0548,0.018335911204450567,scr1996,avaConv,onshore_b
se_1,2,h0549,0.0033984709050127082,scr1996,avaConv,onshore_b
se_1,2,h0550,0.004469092918230474,scr1996,avaConv,onshore_b
se_1,2,h0551,0.0079639326298329,scr1996,avaConv,onshore_b
se_1,2,h0552,0.01080597800578858,scr1996,avaConv,onshore_b
se_2,2,h0481,0.07017685926061974,scr1996,avaConv,onshore_b
se_2,2,h0482,0.03836969763851841,scr1996,avaConv,onshore_b
se_2,2,h0483,0.010820564661610936,scr1996,avaConv,onshore_b
se_2,2,h0484,0.011096219493797464,scr1996,avaConv,onshore_b
se_2,2,h0485,0.013852068228841177,scr1996,avaConv,onshore_b
se_2,2,h0486,0.018473737198734946,scr1996,avaConv,onshore_b
se_2,2,h0487,0.020680597986146368,scr1996,avaConv,onshore_b
se_2,2,h0488,0.01831082234867093,scr1996,avaConv,onshore_b
se_2,2,h0489,0.013867435283805627,scr1996,avaConv,onshore_b
se_2,2,h0490,0.010938068740559182,scr1996,avaConv,onshore_b
se_2,2,h0491,0.010451161180285988,scr1996,avaConv,onshore_b
se_2,2,h0492,0.010637659777660253,scr1996,avaConv,onshore_b
se_2,2,h0493,0.070612143639409,scr1996,avaConv,onshore_b
se_2,2,h0494,0.14599177203537167,scr1996,avaConv,onshore_b
se_2,2,h0495,0.22767261105416553,scr1996,avaConv,onshore_b
se_2,2,h0496,0.21070210917447668,scr1996,avaConv,onshore_b
se_2,2,h0497,0.19715448978731498,scr1996,avaConv,onshore_b
se_2,2,h0498,0.19469688932281232,scr1996,avaConv,onshore_b
se_2,2,h0499,0.25786371813177333,scr1996,avaConv,onshore_b
se_2,2,h0500,0.32765628523291807,scr1996,avaConv,onshore_b
se_2,2,h0501,0.39772580043975186,scr1996,avaConv,onshore_b
se_2,2,h0502,0.42031494479610865,scr1996,avaConv,onshore_b
se_2,2,h0503,0.4239289939333767,scr1996,avaConv,onshore_b
se_2,2,h0504,0.4198311646165317,scr1996,avaConv,onshore_b
se_2,2,h0505,0.4559184328154725,scr1996,avaConv,onshore_b
se_2,2,h0506,0.4841077012364007,scr1996,avaConv,onshore_b
se_2,2,h0507,0.49406877919667186,scr1996,avaConv,onshore_b
se_2,2,h0508,0.45049236497021655,scr1996,avaConv,onshore_b
se_2,2,h0509,0.42706340311061514,scr1996,avaConv,onshore_b
se_2,2,h0510,0.42930718017330355,scr1996,avaConv,onshore_b
se_2,2,h0511,0.33057043323810675,scr1996,avaConv,onshore_b
se_2,2,h0512,0.2124757767566261,scr1996,avaConv,onshore_b
se_2,2,h0513,0.0816800246049342,scr1996,avaConv,onshore_b
se_2,2,h0514,0.040174641070035294,scr1996,avaConv,onshore_b
se_2,2,h0515,0.017158510788939842,scr1996,avaConv,onshore_b
se_2,2,h0516,0.014228439016916486,scr1996,avaConv,onshore_b
se_2,2,h0517,0.20891040834749383,scr1996,avaConv,onshore_b
se_2,2,h0518,0.430582157817948,scr1996,avaConv,onshore_b
se_2,2,h0519,0.6620019554528821,scr1996,avaConv,onshore_b
se_2,2,h0520,0.6259047054210045,scr1996,avaConv,onshore_b
se_2,2,h0521,0.6265232970141915,scr1996,avaConv,onshore_b
se_2,2,h0522,0.6393010239128611,scr1996,avaConv,onshore_b
se_2,2,h0523,0.5797055598713435,scr1996,avaConv,onshore_b
se_2,2,h0524,0.5086884382802422,scr1996,avaConv,onshore_b
se_2,2,h0525,0.42754381301579397,scr1996,avaConv,onshore_b
se_2,2,h0526,0.42513839556106336,scr1996,avaConv,onshore_b
se_2,2,h0527,0.4548991020230493,scr1996,avaConv,onshore_b
se_2,2,h0528,0.48449383558801257,scr1996,avaConv,onshore_b
se_2,2,h0529,0.5385042334526755,scr1996,avaConv,onshore_b
se_2,2,h0530,0.5546745825465832,scr1996,avaConv,onshore_b
se_2,2,h0531,0.583851674444571,scr1996,avaConv,onshore_b
se_2,2,h0532,0.5882652808790679,scr1996,avaConv,onshore_b
se_2,2,h0533,0.6107306224952129,scr1996,avaConv,onshore_b
se_2,2,h0534,0.6301711898373744,scr1996,avaConv,onshore_b
se_2,2,h0535,0.49947073507586026,scr1996,avaConv,onshore_b
se_2,2,h0536,0.3618808923517336,scr1996,avaConv,onshore_b
se_2,2,h0537,0.21986742944267332,scr1996,avaConv,onshore_b
se_2,2,h0538,0.19493760273325636,scr1996,avaConv,onshore_b
se_2,2,h0539,0.17004207272411828,scr1996,avaConv,onshore_b
se_2,2,h0540,0.14845697461021845,scr1996,avaConv,onshore_b
se_2,2,h0541,0.12889367065141386,scr1996,avaConv,onshore_b
se_2,2,h0542,0.10681860051485483,scr1996,avaConv,onshore_b
se_2,2,h0543,0.08334334179688392,scr1996,avaConv,onshore_b
se_2,2,h0544,0.06925989899970492,scr1996,avaConv,onshore_b
se_2,2,h0545,0.06736308092194326,scr1996,avaConv,onshore_b
se_2,2,h0546,0.07726914226949316,scr1996,avaConv,onshore_b
se_2,2,h0547,0.07227831033927866,scr1996,avaConv,onshore_b
se_2,2,h0548,0.06489422313085949,scr1996,avaConv,onshore_b
se_2,2,h0549,0.05728655246198691,scr1996,avaConv,onshore_b
se_2,2,h0550,0.06546760810549039,scr1996,avaConv,onshore_b
se_2,2,h0551,0.07743189745208297,scr1996,avaConv,onshore_b
se_2,2,h0552,0.08305829391197592,scr1996,avaConv,onshore_b
se_3,2,h0481,0.1718824060072807,scr1996,avaConv,onshore_b
se_3,2,h0482,0.21218966333871317,scr1996,avaConv,onshore_b
se_3,2,h0483,0.26213780364781925,scr1996,avaConv,onshore_b
se_3,2,h0484,0.2635554171719459,scr1996,avaConv,onshore_b
se_3,2,h0485,0.27598934064838143,scr1996,avaConv,onshore_b
se_3,2,h0486,0.291078188307034,scr1996,avaConv,onshore_b
se_3,2,h0487,0.2580774602655306,scr1996,avaConv,onshore_b
se_3,2,h0488,0.2214308939306469,scr1996,avaConv,onshore_b
se_3,2,h0489,0.17691851119732885,scr1996,avaConv,onshore_b
se_3,2,h0490,0.16546745182538572,scr1996,avaConv,onshore_b
se_3,2,h0491,0.14108238934510614,scr1996,avaConv,onshore_b
se_3,2,h0492,0.11162105309170751,scr1996,avaConv,onshore_b
se_3,2,h0493,0.07273599874461997,scr1996,avaConv,onshore_b
se_3,2,h0494,0.04452125698641905,scr1996,avaConv,onshore_b
se_3,2,h0495,0.024805383307550985,scr1996,avaConv,onshore_b
se_3,2,h0496,0.01937165221800002,scr1996,avaConv,onshore_b
se_3,2,h0497,0.017217122496067813,scr1996,avaConv,onshore_b
se_3,2,h0498,0.02092003044965501,scr1996,avaConv,onshore_b
se_3,2,h0499,0.047784783097386645,scr1996,avaConv,onshore_b
se_3,2,h0500,0.08753154561793962,scr1996,avaConv,onshore_b
se_3,2,h0501,0.13515275116927367,scr1996,avaConv,onshore_b
se_3,2,h0502,0.16367548419239256,scr1996,avaConv,onshore_b
se_3,2,h0503,0.18671714022942504,scr1996,avaConv,onshore_b
se_3,2,h0504,0.19230903020590948,scr1996,avaConv,onshore_b
se_3,2,h0505,0.32410229313019007,scr1996,avaConv,onshore_b
se_3,2,h0506,0.43349100185692,scr1996,avaConv,onshore_b
se_3,2,h0507,0.5476506435808883,scr1996,avaConv,onshore_b
se_3,2,h0508,0.5121672767180535,scr1996,avaConv,onshore_b
se_3,2,h0509,0.4945416605530105,scr1996,avaConv,onshore_b
se_3,2,h0510,0.48866548937302023,scr1996,avaConv,onshore_b
se_3,2,h0511,0.3390640680866714,scr1996,avaConv,onshore_b
se_3,2,h0512,0.19800550180665855,scr1996,avaConv,onshore_b
se_3,2,h0513,0.06607311245526025,scr1996,avaConv,onshore_b
se_3,2,h0514,0.05523697766417972,scr1996,avaConv,onshore_b
se_3,2,h0515,0.060322269145974126,scr1996,avaConv,onshore_b
se_3,2,h0516,0.09214810298551898,scr1996,avaConv,onshore_b
se_3,2,h0517,0.3043263775828717,scr1996,avaConv,onshore_b
se_3,2,h0518,0.5386028707702926,scr1996,avaConv,onshore_b
se_3,2,h0519,0.7506345634231238,scr1996,avaConv,onshore_b
se_3,2,h0520,0.7149251556136261,scr1996,avaConv,onshore_b
se_3,2,h0521,0.6727143534111815,scr1996,avaConv,onshore_b
se_3,2,h0522,0.6436067584818415,scr1996,avaConv,onshore_b
se_3,2,h0523,0.5768932169806245,scr1996,avaConv,onshore_b
se_3,2,h0524,0.517448283078599,scr1996,avaConv,onshore_b
se_3,2,h0525,0.4613512574723968,scr1996,avaConv,onshore_b
se_3,2,h0526,0.4761785357316572,scr1996,avaConv,onshore_b
se_3,2,h0527,0.5157745765020686,scr1996,avaConv,onshore_b
se_3,2,h0528,0.5527276827955652,scr1996,avaConv,onshore_b
se_3,2,h0529,0.5816605122019353,scr1996,avaConv,onshore_b
se_3,2,h0530,0.5656519023482655,scr1996,avaConv,onshore_b
se_3,2,h0531,0.5353564425169738,scr1996,avaConv,onshore_b
se_3,2,h0532,0.4781846225517011,scr1996,avaConv,onshore_b
se_3,2,h0533,0.4134075623797876,scr1996,avaConv,onshore_b
se_3,2,h0534,0.34128211121086377,scr1996,avaConv,onshore_b
se_3,2,h0535,0.29925549430307524,scr1996,avaConv,onshore_b
se_3,2,h0536,0.2846942314561829,scr1996,avaConv,onshore_b
se_3,2,h0537,0.28923597548332686,scr1996,avaConv,onshore_b
se_3,2,h0538,0.2789597594456325,scr1996,avaConv,onshore_b
se_3,2,h0539,0.26419686919347646,scr1996,avaConv,onshore_b
se_3,2,h0540,0.25272422032296277,scr1996,avaConv,onshore_b
se_3,2,h0541,0.18298637139846768,scr1996,avaConv,onshore_b
se_3,2,h0542,0.1183210983815583,scr1996,avaConv,onshore_b
se_3,2,h0543,0.0531230579406616,scr1996,avaConv,onshore_b
se_3,2,h0544,0.045286980953862764,scr1996,avaConv,onshore_b
se_3,2,h0545,0.04219105289717607,scr1996,avaConv,onshore_b
se_3,2,h0546,0.04851767118201529,scr1996,avaConv,onshore_b
se_3,2,h0547,0.03807318653307194,scr1996,avaConv,onshore_b
se_3,2,h0548,0.02451182091567416,scr1996,avaConv,onshore_b
se_3,2,h0549,0.008813820312023934,scr1996,avaConv,onshore_b
se_3,2,h0550,0.008930574382253554,scr1996,avaConv,onshore_b
se_3,2,h0551,0.010389414477681835,scr1996,avaConv,onshore_b
se_3,2,h0552,0.011764421910448429,scr1996,avaConv,onshore_b
se_4,2,h0481,0.289245224593956,scr1996,avaConv,onshore_b
se_4,2,h0482,0.2635736324509498,scr1996,avaConv,onshore_b
se_4,2,h0483,0.2564971501513325,scr1996,avaConv,onshore_b
se_4,2,h0484,0.27248923695227995,scr1996,avaConv,onshore_b
se_4,2,h0485,0.31121145359388874,scr1996,avaConv,onshore_b
se_4,2,h0486,0.3621891476616303,scr1996,avaConv,onshore_b
se_4,2,h0487,0.37988400569023706,scr1996,avaConv,onshore_b
se_4,2,h0488,0.38159674513353736,scr1996,avaConv,onshore_b
se_4,2,h0489,0.37970894617193107,scr1996,avaConv,onshore_b
se_4,2,h0490,0.41726128891184566,scr1996,avaConv,onshore_b
se_4,2,h0491,0.4378868051649349,scr1996,avaConv,onshore_b
se_4,2,h0492,0.44745848461178733,scr1996,avaConv,onshore_b
se_4,2,h0493,0.35517350740643533,scr1996,avaConv,onshore_b
se_4,2,h0494,0.27612933956236024,scr1996,avaConv,onshore_b
se_4,2,h0495,0.1945338363607852,scr1996,avaConv,onshore_b
se_4,2,h0496,0.19054798300285639,scr1996,avaConv,onshore_b
se_4,2,h0497,0.1920432188188639,scr1996,avaConv,onshore_b
se_4,2,h0498,0.2122165682865685,scr1996,avaConv,onshore_b
se_4,2,h0499,0.17224257151964834,scr1996,avaConv,onshore_b
se_4,2,h0500,0.13857381541058214,scr1996,avaConv,onshore_b
se_4,2,h0501,0.09439089442498154,scr1996,avaConv,onshore_b
se_4,2,h0502,0.11279352260973964,scr1996,avaConv,onshore_b
se_4,2,h0503,0.13944047809895388,scr1996,avaConv,onshore_b
se_4,2,h0504,0.1536786459257744,scr1996,avaConv,onshore_b
se_4,2,h0505,0.20652533190103672,scr1996,avaConv,onshore_b
se_4,2,h0506,0.23138711140766335,scr1996,avaConv,onshore_b
se_4,2,h0507,0.2513329188211958,scr1996,avaConv,onshore_b
se_4,2,h0508,0.21310473331120042,scr1996,avaConv,onshore_b
se_4,2,h0509,0.18312319650420844,scr1996,avaConv,onshore_b
se_4,2,h0510,0.1561367685401204,scr1996,avaConv,onshore_b
se_4,2,h0511,0.18515194597213594,scr1996,avaConv,onshore_b
se_4,2,h0512,0.194656644920692,scr1996,avaConv,onshore_b
se_4,2,h0513,0.21391758748134942,scr1996,avaConv,onshore_b
se_4,2,h0514,0.21701975227735362,scr1996,avaConv,onshore_b
se_4,2,h0515,0.2570080992852631,scr1996,avaConv,onshore_b
se_4,2,h0516,0.3098946725749768,scr1996,avaConv,onshore_b
se_4,2,h0517,0.29997073878281716,scr1996,avaConv,onshore_b
se_4,2,h0518,0.2774692989871355,scr1996,avaConv,onshore_b
se_4,2,h0519,0.23082881537832717,scr1996,avaConv,onshore_b
se_4,2,h0520,0.20164635090034314,scr1996,avaConv,onshore_b
se_4,2,h0521,0.17077548067502135,scr1996,avaConv,onshore_b
se_4,2,h0522,0.15977544239192473,scr1996,avaConv,onshore_b
se_4,2,h0523,0.16691510884455704,scr1996,avaConv,onshore_b
se_4,2,h0524,0.18169918793655102,scr1996,avaConv,onshore_b
se_4,2,h0525,0.19571623091851645,scr1996,avaConv,onshore_b
se_4,2,h0526,0.22794030893033346,scr1996,avaConv,onshore_b
se_4,2,h0527,0.2957146106196106,scr1996,avaConv,onshore_b
se_4,2,h0528,0.3777520437979725,scr1996,avaConv,onshore_b
se_4,2,h0529,0.3437618421293591,scr1996,avaConv,onshore_b
se_4,2,h0530,0.2582657402521857,scr1996,avaConv,onshore_b
se_4,2,h0531,0.15227607816198982,scr1996,avaConv,onshore_b
se_4,2,h0532,0.13741045514223782,scr1996,avaConv,onshore_b
se_4,2,h0533,0.12579663949750125,scr1996,avaConv,onshore_b
se_4,2,h0534,0.1123341212687268,scr1996,avaConv,onshore_b
se_4,2,h0535,0.15351785471468266,scr1996,avaConv,onshore_b
se_4,2,h0536,0.19468540048522728,scr1996,avaConv,onshore_b
se_4,2,h0537,0.23353196724333608,scr1996,avaConv,onshore_b
se_4,2,h0538,0.21771000588477782,scr1996,avaConv,onshore_b
se_4,2,h0539,0.20455576984482868,scr1996,avaConv,onshore_b
se_4,2,h0540,0.20242450658222896,scr1996,avaConv,onshore_b
se_4,2,h0541,0.17760990764876097,scr1996,avaConv,onshore_b
se_4,2,h0542,0.14753003273844,scr1996,avaConv,onshore_b
se_4,2,h0543,0.10617056771653192,scr1996,avaConv,onshore_b
se_4,2,h0544,0.08741006768422795,scr1996,avaConv,onshore_b
se_4,2,h0545,0.08177877454618979,scr1996,avaConv,onshore_b
se_4,2,h0546,0.0914372601842543,scr1996,avaConv,onshore_b
se_4,2,h0547,0.0878532799297301,scr1996,avaConv,onshore_b
se_4,2,h0548,0.07638706455543834,scr1996,avaConv,onshore_b
se_4,2,h0549,0.05839380198382489,scr1996,avaConv,onshore_b
se_4,2,h0550,0.05382406949430454,scr1996,avaConv,onshore_b
se_4,2,h0551,0.05370746635088121,scr1996,avaConv,onshore_b
se_4,2,h0552,0.05185285936781446,scr1996,avaConv,onshore_b
si,2,h0481,0.021052337176490514,scr1996,avaConv,onshore_b
si,2,h0482,0.010431119489173132,scr1996,avaConv,onshore_b
si,2,h0483,0.0035071844237828907,scr1996,avaConv,onshore_b
si,2,h0484,0.003501165838392109,scr1996,avaConv,onshore_b
si,2,h0485,0.0028210281403662574,scr1996,avaConv,onshore_b
si,2,h0486,0.0017951848117123345,scr1996,avaConv,onshore_b
si,2,h0487,0.0030565188504695726,scr1996,avaConv,onshore_b
si,2,h0488,0.004280367195208725,scr1996,avaConv,onshore_b
si,2,h0489,0.005149417201129619,scr1996,avaConv,onshore_b
si,2,h0490,0.0028073024643305213,scr1996,avaConv,onshore_b
si,2,h0491,0.0010590580481621697,scr1996,avaConv,onshore_b
si,2,h0492,0.00023675489579085777,scr1996,avaConv,onshore_b
si,2,h0493,0.05534826013902313,scr1996,avaConv,onshore_b
si,2,h0494,0.1374154354614654,scr1996,avaConv,onshore_b
si,2,h0495,0.2244763476357847,scr1996,avaConv,onshore_b
si,2,h0496,0.1773034429326393,scr1996,avaConv,onshore_b
si,2,h0497,0.14506411444473627,scr1996,avaConv,onshore_b
si,2,h0498,0.12820523831325778,scr1996,avaConv,onshore_b
si,2,h0499,0.08645897659068191,scr1996,avaConv,onshore_b
si,2,h0500,0.048033451800452244,scr1996,avaConv,onshore_b
si,2,h0501,0.01536798152315887,scr1996,avaConv,onshore_b
si,2,h0502,0.008011629100537114,scr1996,avaConv,onshore_b
si,2,h0503,0.0038941527602608097,scr1996,avaConv,onshore_b
si,2,h0504,0.001861091403688624,scr1996,avaConv,onshore_b
si,2,h0505,0.00853836580254693,scr1996,avaConv,onshore_b
si,2,h0506,0.02110615641787027,scr1996,avaConv,onshore_b
si,2,h0507,0.03704980709427058,scr1996,avaConv,onshore_b
si,2,h0508,0.0372457876962691,scr1996,avaConv,onshore_b
si,2,h0509,0.03330042371938109,scr1996,avaConv,onshore_b
si,2,h0510,0.0277925833488068,scr1996,avaConv,onshore_b
si,2,h0511,0.12361301353151054,scr1996,avaConv,onshore_b
si,2,h0512,0.25328656058982396,scr1996,avaConv,onshore_b
si,2,h0513,0.39367070175983826,scr1996,avaConv,onshore_b
si,2,h0514,0.33346688336851915,scr1996,avaConv,onshore_b
si,2,h0515,0.3046594821272815,scr1996,avaConv,onshore_b
si,2,h0516,0.3414963619679024,scr1996,avaConv,onshore_b
si,2,h0517,0.32481285584186254,scr1996,avaConv,onshore_b
si,2,h0518,0.2955805211429041,scr1996,avaConv,onshore_b
si,2,h0519,0.2030660835763429,scr1996,avaConv,onshore_b
si,2,h0520,0.17550327399388135,scr1996,avaConv,onshore_b
si,2,h0521,0.1385153269386953,scr1996,avaConv,onshore_b
si,2,h0522,0.12421134188548538,scr1996,avaConv,onshore_b
si,2,h0523,0.1269019035499753,scr1996,avaConv,onshore_b
si,2,h0524,0.13243069604712,scr1996,avaConv,onshore_b
si,2,h0525,0.13217445054140992,scr1996,avaConv,onshore_b
si,2,h0526,0.11799933605116955,scr1996,avaConv,onshore_b
si,2,h0527,0.09156977478219626,scr1996,avaConv,onshore_b
si,2,h0528,0.06667208563054532,scr1996,avaConv,onshore_b
si,2,h0529,0.03624955916783676,scr1996,avaConv,onshore_b
si,2,h0530,0.020243588800919195,scr1996,avaConv,onshore_b
si,2,h0531,0.00892666414022782,scr1996,avaConv,onshore_b
si,2,h0532,0.007157983061530299,scr1996,avaConv,onshore_b
si,2,h0533,0.005645037746545251,scr1996,avaConv,onshore_b
si,2,h0534,0.004977240541134827,scr1996,avaConv,onshore_b
si,2,h0535,0.017735911025160887,scr1996,avaConv,onshore_b
si,2,h0536,0.033372819968929796,scr1996,avaConv,onshore_b
si,2,h0537,0.04373497037639163,scr1996,avaConv,onshore_b
si,2,h0538,0.033375724220715254,scr1996,avaConv,onshore_b
si,2,h0539,0.032818035718380704,scr1996,avaConv,onshore_b
si,2,h0540,0.042210136694408124,scr1996,avaConv,onshore_b
si,2,h0541,0.0314971087673448,scr1996,avaConv,onshore_b
si,2,h0542,0.015823069556575038,scr1996,avaConv,onshore_b
si,2,h0543,0.0025014184934828384,scr1996,avaConv,onshore_b
si,2,h0544,0.001978617731911983,scr1996,avaConv,onshore_b
si,2,h0545,0.0011764063200188082,scr1996,avaConv,onshore_b
si,2,h0546,0.0011141286591543553,scr1996,avaConv,onshore_b
si,2,h0547,0.022459913504685174,scr1996,avaConv,onshore_b
si,2,h0548,0.054290315972281344,scr1996,avaConv,onshore_b
si,2,h0549,0.09092665543873338,scr1996,avaConv,onshore_b
si,2,h0550,0.08224112353799858,scr1996,avaConv,onshore_b
si,2,h0551,0.06375989051011657,scr1996,avaConv,onshore_b
si,2,h0552,0.04474398371987446,scr1996,avaConv,onshore_b
sk,2,h0481,0.1668351331146517,scr1996,avaConv,onshore_b
sk,2,h0482,0.19879908042129912,scr1996,avaConv,onshore_b
sk,2,h0483,0.21543234399111158,scr1996,avaConv,onshore_b
sk,2,h0484,0.16892576451695634,scr1996,avaConv,onshore_b
sk,2,h0485,0.13553287905351247,scr1996,avaConv,onshore_b
sk,2,h0486,0.11144548643757221,scr1996,avaConv,onshore_b
sk,2,h0487,0.07613257098835885,scr1996,avaConv,onshore_b
sk,2,h0488,0.04941022904583883,scr1996,avaConv,onshore_b
sk,2,h0489,0.02702553678847345,scr1996,avaConv,onshore_b
sk,2,h0490,0.02362509491747178,scr1996,avaConv,onshore_b
sk,2,h0491,0.02148364438025668,scr1996,avaConv,onshore_b
sk,2,h0492,0.022186322571630536,scr1996,avaConv,onshore_b
sk,2,h0493,0.1214723170189893,scr1996,avaConv,onshore_b
sk,2,h0494,0.2666698091265173,scr1996,avaConv,onshore_b
sk,2,h0495,0.4599372368092693,scr1996,avaConv,onshore_b
sk,2,h0496,0.4673201593976856,scr1996,avaConv,onshore_b
sk,2,h0497,0.46119956461416267,scr1996,avaConv,onshore_b
sk,2,h0498,0.4310099691428115,scr1996,avaConv,onshore_b
sk,2,h0499,0.26002561458074536,scr1996,avaConv,onshore_b
sk,2,h0500,0.12347113066216484,scr1996,avaConv,onshore_b
sk,2,h0501,0.02920274728055666,scr1996,avaConv,onshore_b
sk,2,h0502,0.023392559426657054,scr1996,avaConv,onshore_b
sk,2,h0503,0.0190374751500136,scr1996,avaConv,onshore_b
sk,2,h0504,0.016793649685183914,scr1996,avaConv,onshore_b
sk,2,h0505,0.054908555990644835,scr1996,avaConv,onshore_b
sk,2,h0506,0.10308047671291537,scr1996,avaConv,onshore_b
sk,2,h0507,0.16478715960859386,scr1996,avaConv,onshore_b
sk,2,h0508,0.16275996681690466,scr1996,avaConv,onshore_b
sk,2,h0509,0.1617765251993499,scr1996,avaConv,onshore_b
sk,2,h0510,0.15563627293370766,scr1996,avaConv,onshore_b
sk,2,h0511,0.22180205188696353,scr1996,avaConv,onshore_b
sk,2,h0512,0.2941465675773369,scr1996,avaConv,onshore_b
sk,2,h0513,0.3681890560848629,scr1996,avaConv,onshore_b
sk,2,h0514,0.3604978529124816,scr1996,avaConv,onshore_b
sk,2,h0515,0.3634246137210401,scr1996,avaConv,onshore_b
sk,2,h0516,0.35434315085727147,scr1996,avaConv,onshore_b
sk,2,h0517,0.1911116736728375,scr1996,avaConv,onshore_b
sk,2,h0518,0.06295045568098136,scr1996,avaConv,onshore_b
sk,2,h0519,8.329849753647505e-5,scr1996,avaConv,onshore_b
sk,2,h0520,0.0006423818559482719,scr1996,avaConv,onshore_b
sk,2,h0521,0.0025787815966952007,scr1996,avaConv,onshore_b
sk,2,h0522,0.0061387092345069555,scr1996,avaConv,onshore_b
sk,2,h0523,0.005231469687162391,scr1996,avaConv,onshore_b
sk,2,h0524,0.003069355759638222,scr1996,avaConv,onshore_b
sk,2,h0525,0.000664893480831406,scr1996,avaConv,onshore_b
sk,2,h0526,0.0006339191261584019,scr1996,avaConv,onshore_b
sk,2,h0527,0.00039342293979433143,scr1996,avaConv,onshore_b
sk,2,h0528,0.00015638145951336476,scr1996,avaConv,onshore_b
sk,2,h0529,0.020541970966560304,scr1996,avaConv,onshore_b
sk,2,h0530,0.05115042828056739,scr1996,avaConv,onshore_b
sk,2,h0531,0.08864192501591973,scr1996,avaConv,onshore_b
sk,2,h0532,0.08242188870023355,scr1996,avaConv,onshore_b
sk,2,h0533,0.08619302636700603,scr1996,avaConv,onshore_b
sk,2,h0534,0.09439999292830055,scr1996,avaConv,onshore_b
sk,2,h0535,0.217125085176041,scr1996,avaConv,onshore_b
sk,2,h0536,0.3553123321344697,scr1996,avaConv,onshore_b
sk,2,h0537,0.4836917950701084,scr1996,avaConv,onshore_b
sk,2,h0538,0.4572195175171637,scr1996,avaConv,onshore_b
sk,2,h0539,0.42224773630775425,scr1996,avaConv,onshore_b
sk,2,h0540,0.42527668863370083,scr1996,avaConv,onshore_b
sk,2,h0541,0.39819993870661013,scr1996,avaConv,onshore_b
sk,2,h0542,0.3866309271975943,scr1996,avaConv,onshore_b
sk,2,h0543,0.3478743208898293,scr1996,avaConv,onshore_b
sk,2,h0544,0.3016801245775991,scr1996,avaConv,onshore_b
sk,2,h0545,0.25145033620383045,scr1996,avaConv,onshore_b
sk,2,h0546,0.21549181561544176,scr1996,avaConv,onshore_b
sk,2,h0547,0.22168520307715114,scr1996,avaConv,onshore_b
sk,2,h0548,0.22843031730737695,scr1996,avaConv,onshore_b
sk,2,h0549,0.22937522280616324,scr1996,avaConv,onshore_b
sk,2,h0550,0.21066715888447363,scr1996,avaConv,onshore_b
sk,2,h0551,0.1796876523630213,scr1996,avaConv,onshore_b
sk,2,h0552,0.16235735250254513,scr1996,avaConv,onshore_b
uk,2,h0481,0.08259052412677385,scr1996,avaConv,onshore_b
uk,2,h0482,0.17239578338892333,scr1996,avaConv,onshore_b
uk,2,h0483,0.27771521225289036,scr1996,avaConv,onshore_b
uk,2,h0484,0.2823783227402354,scr1996,avaConv,onshore_b
uk,2,h0485,0.28713347353039514,scr1996,avaConv,onshore_b
uk,2,h0486,0.29205465183499524,scr1996,avaConv,onshore_b
uk,2,h0487,0.3241986272259562,scr1996,avaConv,onshore_b
uk,2,h0488,0.36537104227893646,scr1996,avaConv,onshore_b
uk,2,h0489,0.43145624031008956,scr1996,avaConv,onshore_b
uk,2,h0490,0.5033251312073339,scr1996,avaConv,onshore_b
uk,2,h0491,0.5573870077501997,scr1996,avaConv,onshore_b
uk,2,h0492,0.5866385121001133,scr1996,avaConv,onshore_b
uk,2,h0493,0.49006025861373714,scr1996,avaConv,onshore_b
uk,2,h0494,0.39517669313891624,scr1996,avaConv,onshore_b
uk,2,h0495,0.2969220267021326,scr1996,avaConv,onshore_b
uk,2,h0496,0.269498535343896,scr1996,avaConv,onshore_b
uk,2,h0497,0.241850204184602,scr1996,avaConv,onshore_b
uk,2,h0498,0.21289706179169685,scr1996,avaConv,onshore_b
uk,2,h0499,0.3773086753591465,scr1996,avaConv,onshore_b
uk,2,h0500,0.562003959536404,scr1996,avaConv,onshore_b
uk,2,h0501,0.7652781925676262,scr1996,avaConv,onshore_b
uk,2,h0502,0.742847749255907,scr1996,avaConv,onshore_b
uk,2,h0503,0.7230565335581751,scr1996,avaConv,onshore_b
uk,2,h0504,0.6914458602010553,scr1996,avaConv,onshore_b
uk,2,h0505,0.6910690833115933,scr1996,avaConv,onshore_b
uk,2,h0506,0.7016343544291479,scr1996,avaConv,onshore_b
uk,2,h0507,0.7287970336287922,scr1996,avaConv,onshore_b
uk,2,h0508,0.7234720548681879,scr1996,avaConv,onshore_b
uk,2,h0509,0.7124912651367791,scr1996,avaConv,onshore_b
uk,2,h0510,0.6984300490271651,scr1996,avaConv,onshore_b
uk,2,h0511,0.6867725834325611,scr1996,avaConv,onshore_b
uk,2,h0512,0.6710204744472138,scr1996,avaConv,onshore_b
uk,2,h0513,0.6537761725215873,scr1996,avaConv,onshore_b
uk,2,h0514,0.6399337198388529,scr1996,avaConv,onshore_b
uk,2,h0515,0.6129199011403452,scr1996,avaConv,onshore_b
uk,2,h0516,0.5993895351641836,scr1996,avaConv,onshore_b
uk,2,h0517,0.5874848898537287,scr1996,avaConv,onshore_b
uk,2,h0518,0.5868010577922159,scr1996,avaConv,onshore_b
uk,2,h0519,0.5708626234490688,scr1996,avaConv,onshore_b
uk,2,h0520,0.5442145500954234,scr1996,avaConv,onshore_b
uk,2,h0521,0.519464973299852,scr1996,avaConv,onshore_b
uk,2,h0522,0.5079458418933389,scr1996,avaConv,onshore_b
uk,2,h0523,0.42732189718842334,scr1996,avaConv,onshore_b
uk,2,h0524,0.34146703825116886,scr1996,avaConv,onshore_b
uk,2,h0525,0.24420684456503486,scr1996,avaConv,onshore_b
uk,2,h0526,0.20829618258450622,scr1996,avaConv,onshore_b
uk,2,h0527,0.18216528896478043,scr1996,avaConv,onshore_b
uk,2,h0528,0.16067066215552786,scr1996,avaConv,onshore_b
uk,2,h0529,0.2476398048788404,scr1996,avaConv,onshore_b
uk,2,h0530,0.35369024287799006,scr1996,avaConv,onshore_b
uk,2,h0531,0.48398556501493356,scr1996,avaConv,onshore_b
uk,2,h0532,0.5061836736926535,scr1996,avaConv,onshore_b
uk,2,h0533,0.5322278583199491,scr1996,avaConv,onshore_b
uk,2,h0534,0.5612198907197845,scr1996,avaConv,onshore_b
uk,2,h0535,0.5331663729284376,scr1996,avaConv,onshore_b
uk,2,h0536,0.49469392313213906,scr1996,avaConv,onshore_b
uk,2,h0537,0.4541523407654502,scr1996,avaConv,onshore_b
uk,2,h0538,0.4669788084486006,scr1996,avaConv,onshore_b
uk,2,h0539,0.4934738826159814,scr1996,avaConv,onshore_b
uk,2,h0540,0.5063377216587788,scr1996,avaConv,onshore_b
uk,2,h0541,0.5852201286468943,scr1996,avaConv,onshore_b
uk,2,h0542,0.6418700404421388,scr1996,avaConv,onshore_b
uk,2,h0543,0.6925328501884602,scr1996,avaConv,onshore_b
uk,2,h0544,0.6370100229380252,scr1996,avaConv,onshore_b
uk,2,h0545,0.5508702558115397,scr1996,avaConv,onshore_b
uk,2,h0546,0.44125441948970356,scr1996,avaConv,onshore_b
uk,2,h0547,0.4315412832497494,scr1996,avaConv,onshore_b
uk,2,h0548,0.46440924580285653,scr1996,avaConv,onshore_b
uk,2,h0549,0.5412692450589249,scr1996,avaConv,onshore_b
uk,2,h0550,0.5548153318105891,scr1996,avaConv,onshore_b
uk,2,h0551,0.5547991497706689,scr1996,avaConv,onshore_b
uk,2,h0552,0.5695062749567549,scr1996,avaConv,onshore_b
ni,2,h0481,0.24239034204655324,scr1996,avaConv,onshore_b
ni,2,h0482,0.49237538984277496,scr1996,avaConv,onshore_b
ni,2,h0483,0.7405966522286418,scr1996,avaConv,onshore_b
ni,2,h0484,0.7299555924634467,scr1996,avaConv,onshore_b
ni,2,h0485,0.7121013771000799,scr1996,avaConv,onshore_b
ni,2,h0486,0.694967253111001,scr1996,avaConv,onshore_b
ni,2,h0487,0.6108989237717537,scr1996,avaConv,onshore_b
ni,2,h0488,0.5372251685713998,scr1996,avaConv,onshore_b
ni,2,h0489,0.47230703785853934,scr1996,avaConv,onshore_b
ni,2,h0490,0.46889116205745834,scr1996,avaConv,onshore_b
ni,2,h0491,0.5222569367197146,scr1996,avaConv,onshore_b
ni,2,h0492,0.5579187999969367,scr1996,avaConv,onshore_b
ni,2,h0493,0.5589784640633924,scr1996,avaConv,onshore_b
ni,2,h0494,0.4986997142501405,scr1996,avaConv,onshore_b
ni,2,h0495,0.45311885830588466,scr1996,avaConv,onshore_b
ni,2,h0496,0.4385478364519748,scr1996,avaConv,onshore_b
ni,2,h0497,0.4059872822409696,scr1996,avaConv,onshore_b
ni,2,h0498,0.35868207531213614,scr1996,avaConv,onshore_b
ni,2,h0499,0.4782717786076297,scr1996,avaConv,onshore_b
ni,2,h0500,0.6074134776964486,scr1996,avaConv,onshore_b
ni,2,h0501,0.7466017653776634,scr1996,avaConv,onshore_b
ni,2,h0502,0.7241007730640877,scr1996,avaConv,onshore_b
ni,2,h0503,0.719236065332065,scr1996,avaConv,onshore_b
ni,2,h0504,0.7158732369253984,scr1996,avaConv,onshore_b
ni,2,h0505,0.6986807151698456,scr1996,avaConv,onshore_b
ni,2,h0506,0.6853668252046384,scr1996,avaConv,onshore_b
ni,2,h0507,0.6794284031790417,scr1996,avaConv,onshore_b
ni,2,h0508,0.6830419001178009,scr1996,avaConv,onshore_b
ni,2,h0509,0.6588645793448483,scr1996,avaConv,onshore_b
ni,2,h0510,0.6199497960753664,scr1996,avaConv,onshore_b
ni,2,h0511,0.6906909995143528,scr1996,avaConv,onshore_b
ni,2,h0512,0.7778384303929516,scr1996,avaConv,onshore_b
ni,2,h0513,0.8537329236092288,scr1996,avaConv,onshore_b
ni,2,h0514,0.7850061622906823,scr1996,avaConv,onshore_b
ni,2,h0515,0.6461061033279111,scr1996,avaConv,onshore_b
ni,2,h0516,0.5459770355285214,scr1996,avaConv,onshore_b
ni,2,h0517,0.541800833009176,scr1996,avaConv,onshore_b
ni,2,h0518,0.5976268570557153,scr1996,avaConv,onshore_b
ni,2,h0519,0.6331956874273089,scr1996,avaConv,onshore_b
ni,2,h0520,0.6100141901567991,scr1996,avaConv,onshore_b
ni,2,h0521,0.5693028242572579,scr1996,avaConv,onshore_b
ni,2,h0522,0.5162957276830255,scr1996,avaConv,onshore_b
ni,2,h0523,0.34491481075306374,scr1996,avaConv,onshore_b
ni,2,h0524,0.20357732628725728,scr1996,avaConv,onshore_b
ni,2,h0525,0.08610668750227733,scr1996,avaConv,onshore_b
ni,2,h0526,0.08277643757531697,scr1996,avaConv,onshore_b
ni,2,h0527,0.08590474314046939,scr1996,avaConv,onshore_b
ni,2,h0528,0.08360534993115967,scr1996,avaConv,onshore_b
ni,2,h0529,0.3447743700841938,scr1996,avaConv,onshore_b
ni,2,h0530,0.613078126805837,scr1996,avaConv,onshore_b
ni,2,h0531,0.8895087035851422,scr1996,avaConv,onshore_b
ni,2,h0532,0.8886303971804622,scr1996,avaConv,onshore_b
ni,2,h0533,0.8871817290678715,scr1996,avaConv,onshore_b
ni,2,h0534,0.8859614806778336,scr1996,avaConv,onshore_b
ni,2,h0535,0.6474666373168483,scr1996,avaConv,onshore_b
ni,2,h0536,0.41206934348921437,scr1996,avaConv,onshore_b
ni,2,h0537,0.24013883077777906,scr1996,avaConv,onshore_b
ni,2,h0538,0.32189455645714615,scr1996,avaConv,onshore_b
ni,2,h0539,0.407314128094839,scr1996,avaConv,onshore_b
ni,2,h0540,0.45996642663422554,scr1996,avaConv,onshore_b
ni,2,h0541,0.44603529482242515,scr1996,avaConv,onshore_b
ni,2,h0542,0.3945207820990771,scr1996,avaConv,onshore_b
ni,2,h0543,0.2911779029103265,scr1996,avaConv,onshore_b
ni,2,h0544,0.20566654803113052,scr1996,avaConv,onshore_b
ni,2,h0545,0.15678314405596078,scr1996,avaConv,onshore_b
ni,2,h0546,0.14424050199007438,scr1996,avaConv,onshore_b
ni,2,h0547,0.37439513266539304,scr1996,avaConv,onshore_b
ni,2,h0548,0.614280690289859,scr1996,avaConv,onshore_b
ni,2,h0549,0.852162393269541,scr1996,avaConv,onshore_b
ni,2,h0550,0.8629043425218282,scr1996,avaConv,onshore_b
ni,2,h0551,0.8690237632867069,scr1996,avaConv,onshore_b
ni,2,h0552,0.8685026017068033,scr1996,avaConv,onshore_b
