region_1,timestep_6,value,scenario_1,parameter,technology_3
AT,h0505,0.027796272798854625,scr2090,stInflow,reservoir
AT,h0506,0.027796272798854625,scr2090,stInflow,reservoir
AT,h0507,0.027796272798854625,scr2090,stInflow,reservoir
AT,h0508,0.027796272798854625,scr2090,stInflow,reservoir
AT,h0509,0.027796272798854625,scr2090,stInflow,reservoir
AT,h0510,0.027796272798854625,scr2090,stInflow,reservoir
AT,h0511,0.08657626009504131,scr2090,stInflow,reservoir
AT,h0512,0.1444799680644241,scr2090,stInflow,reservoir
AT,h0513,0.20190270364803511,scr2090,stInflow,reservoir
AT,h0514,0.20190270364803511,scr2090,stInflow,reservoir
AT,h0515,0.20190270364803511,scr2090,stInflow,reservoir
AT,h0516,0.20190270364803511,scr2090,stInflow,reservoir
AT,h0517,0.20190270364803511,scr2090,stInflow,reservoir
AT,h0518,0.20190270364803511,scr2090,stInflow,reservoir
AT,h0519,0.20190270364803511,scr2090,stInflow,reservoir
AT,h0520,0.20190270364803511,scr2090,stInflow,reservoir
AT,h0521,0.20190270364803511,scr2090,stInflow,reservoir
AT,h0522,0.20190270364803511,scr2090,stInflow,reservoir
AT,h0523,0.21880486559913742,scr2090,stInflow,reservoir
AT,h0524,0.23568053192140784,scr2090,stInflow,reservoir
AT,h0525,0.2525316775971942,scr2090,stInflow,reservoir
AT,h0526,0.2525316775971942,scr2090,stInflow,reservoir
AT,h0527,0.2525316775971942,scr2090,stInflow,reservoir
AT,h0528,0.2525316775971942,scr2090,stInflow,reservoir
AT,h0529,0.2525316775971942,scr2090,stInflow,reservoir
AT,h0530,0.2525316775971942,scr2090,stInflow,reservoir
AT,h0531,0.2525316775971942,scr2090,stInflow,reservoir
AT,h0532,0.2525316775971942,scr2090,stInflow,reservoir
AT,h0533,0.2525316775971942,scr2090,stInflow,reservoir
AT,h0534,0.2525316775971942,scr2090,stInflow,reservoir
AT,h0535,0.30652067484565215,scr2090,stInflow,reservoir
AT,h0536,0.36031625073018697,scr2090,stInflow,reservoir
AT,h0537,0.4139486182586117,scr2090,stInflow,reservoir
AT,h0538,0.4139486182586117,scr2090,stInflow,reservoir
AT,h0539,0.4139486182586117,scr2090,stInflow,reservoir
AT,h0540,0.4139486182586117,scr2090,stInflow,reservoir
AT,h0541,0.4139486182586117,scr2090,stInflow,reservoir
AT,h0542,0.4139486182586117,scr2090,stInflow,reservoir
AT,h0543,0.4139486182586117,scr2090,stInflow,reservoir
AT,h0544,0.4139486182586117,scr2090,stInflow,reservoir
AT,h0545,0.4139486182586117,scr2090,stInflow,reservoir
AT,h0546,0.4139486182586117,scr2090,stInflow,reservoir
AT,h0547,0.4397627295052607,scr2090,stInflow,reservoir
AT,h0548,0.46554609266865193,scr2090,stInflow,reservoir
AT,h0549,0.4913004797553852,scr2090,stInflow,reservoir
AT,h0550,0.4913004797553852,scr2090,stInflow,reservoir
AT,h0551,0.4913004797553852,scr2090,stInflow,reservoir
AT,h0552,0.4913004797553852,scr2090,stInflow,reservoir
AT,h0553,0.4913004797553852,scr2090,stInflow,reservoir
AT,h0554,0.4913004797553852,scr2090,stInflow,reservoir
AT,h0555,0.4913004797553852,scr2090,stInflow,reservoir
AT,h0556,0.4913004797553852,scr2090,stInflow,reservoir
AT,h0557,0.4913004797553852,scr2090,stInflow,reservoir
AT,h0558,0.4913004797553852,scr2090,stInflow,reservoir
AT,h0559,0.5533253744583677,scr2090,stInflow,reservoir
AT,h0560,0.6152091182083348,scr2090,stInflow,reservoir
AT,h0561,0.6769665102137824,scr2090,stInflow,reservoir
AT,h0562,0.6769665102137824,scr2090,stInflow,reservoir
AT,h0563,0.6769665102137824,scr2090,stInflow,reservoir
AT,h0564,0.6769665102137824,scr2090,stInflow,reservoir
AT,h0565,0.6769665102137824,scr2090,stInflow,reservoir
AT,h0566,0.6769665102137824,scr2090,stInflow,reservoir
AT,h0567,0.6769665102137824,scr2090,stInflow,reservoir
AT,h0568,0.6769665102137824,scr2090,stInflow,reservoir
AT,h0569,0.6769665102137824,scr2090,stInflow,reservoir
AT,h0570,0.6769665102137824,scr2090,stInflow,reservoir
AT,h0571,0.6769665102137824,scr2090,stInflow,reservoir
AT,h0572,0.6769665102137824,scr2090,stInflow,reservoir
AT,h0573,0.6769665102137824,scr2090,stInflow,reservoir
AT,h0574,0.6769665102137824,scr2090,stInflow,reservoir
AT,h0575,0.6769665102137824,scr2090,stInflow,reservoir
AT,h0576,0.6769665102137824,scr2090,stInflow,reservoir
AT,h0577,0.6832278519314889,scr2090,stInflow,reservoir
AT,h0578,0.6894880287793639,scr2090,stInflow,reservoir
AT,h0579,0.6957470517615633,scr2090,stInflow,reservoir
AT,h0580,0.6957470517615633,scr2090,stInflow,reservoir
AT,h0581,0.6957470517615633,scr2090,stInflow,reservoir
AT,h0582,0.6957470517615633,scr2090,stInflow,reservoir
AT,h0583,0.6957470517615633,scr2090,stInflow,reservoir
AT,h0584,0.6957470517615633,scr2090,stInflow,reservoir
AT,h0585,0.6957470517615633,scr2090,stInflow,reservoir
AT,h0586,0.6957470517615633,scr2090,stInflow,reservoir
AT,h0587,0.6957470517615633,scr2090,stInflow,reservoir
AT,h0588,0.6957470517615633,scr2090,stInflow,reservoir
AT,h0589,0.6964657103185965,scr2090,stInflow,reservoir
AT,h0590,0.6971843538192994,scr2090,stInflow,reservoir
AT,h0591,0.6979029822798221,scr2090,stInflow,reservoir
AT,h0592,0.6979029822798221,scr2090,stInflow,reservoir
AT,h0593,0.6979029822798221,scr2090,stInflow,reservoir
AT,h0594,0.6979029822798221,scr2090,stInflow,reservoir
AT,h0595,0.6979029822798221,scr2090,stInflow,reservoir
AT,h0596,0.6979029822798221,scr2090,stInflow,reservoir
AT,h0597,0.6979029822798221,scr2090,stInflow,reservoir
AT,h0598,0.6979029822798221,scr2090,stInflow,reservoir
AT,h0599,0.6979029822798221,scr2090,stInflow,reservoir
AT,h0600,0.6979029822798221,scr2090,stInflow,reservoir
AT,h0601,0.7478767811500765,scr2090,stInflow,reservoir
AT,h0602,0.7977828187992572,scr2090,stInflow,reservoir
AT,h0603,0.8476255067590756,scr2090,stInflow,reservoir
AT,h0604,0.8476255067590756,scr2090,stInflow,reservoir
AT,h0605,0.8476255067590756,scr2090,stInflow,reservoir
AT,h0606,0.8476255067590756,scr2090,stInflow,reservoir
AT,h0607,0.8476255067590756,scr2090,stInflow,reservoir
AT,h0608,0.8476255067590756,scr2090,stInflow,reservoir
AT,h0609,0.8476255067590756,scr2090,stInflow,reservoir
AT,h0610,0.8476255067590756,scr2090,stInflow,reservoir
AT,h0611,0.8476255067590756,scr2090,stInflow,reservoir
AT,h0612,0.8476255067590756,scr2090,stInflow,reservoir
AT,h0613,0.9864151459823686,scr2090,stInflow,reservoir
AT,h0614,1.1248080724978309,scr2090,stInflow,reservoir
AT,h0615,1.2628552366366925,scr2090,stInflow,reservoir
AT,h0616,1.2628552366366925,scr2090,stInflow,reservoir
AT,h0617,1.2628552366366925,scr2090,stInflow,reservoir
AT,h0618,1.2628552366366925,scr2090,stInflow,reservoir
AT,h0619,1.2628552366366925,scr2090,stInflow,reservoir
AT,h0620,1.2628552366366925,scr2090,stInflow,reservoir
AT,h0621,1.2628552366366925,scr2090,stInflow,reservoir
AT,h0622,1.2628552366366925,scr2090,stInflow,reservoir
AT,h0623,1.2628552366366925,scr2090,stInflow,reservoir
AT,h0624,1.2628552366366925,scr2090,stInflow,reservoir
AT,h0625,1.3644728429804591,scr2090,stInflow,reservoir
AT,h0626,1.4659368770671186,scr2090,stInflow,reservoir
AT,h0627,1.567258403328835,scr2090,stInflow,reservoir
AT,h0628,1.567258403328835,scr2090,stInflow,reservoir
AT,h0629,1.567258403328835,scr2090,stInflow,reservoir
AT,h0630,1.567258403328835,scr2090,stInflow,reservoir
AT,h0631,1.567258403328835,scr2090,stInflow,reservoir
AT,h0632,1.567258403328835,scr2090,stInflow,reservoir
AT,h0633,1.567258403328835,scr2090,stInflow,reservoir
AT,h0634,1.567258403328835,scr2090,stInflow,reservoir
AT,h0635,1.567258403328835,scr2090,stInflow,reservoir
AT,h0636,1.567258403328835,scr2090,stInflow,reservoir
AT,h0637,1.6016554515655215,scr2090,stInflow,reservoir
AT,h0638,1.636037506372348,scr2090,stInflow,reservoir
AT,h0639,1.6704048955486612,scr2090,stInflow,reservoir
AT,h0640,1.6704048955486612,scr2090,stInflow,reservoir
AT,h0641,1.6704048955486612,scr2090,stInflow,reservoir
AT,h0642,1.6704048955486612,scr2090,stInflow,reservoir
AT,h0643,1.6704048955486612,scr2090,stInflow,reservoir
AT,h0644,1.6704048955486612,scr2090,stInflow,reservoir
AT,h0645,1.6704048955486612,scr2090,stInflow,reservoir
AT,h0646,1.6704048955486612,scr2090,stInflow,reservoir
AT,h0647,1.6704048955486612,scr2090,stInflow,reservoir
AT,h0648,1.6704048955486612,scr2090,stInflow,reservoir
AT,h0649,1.6285662674292167,scr2090,stInflow,reservoir
AT,h0650,1.586705801553289,scr2090,stInflow,reservoir
AT,h0651,1.54482289793895,scr2090,stInflow,reservoir
AT,h0652,1.54482289793895,scr2090,stInflow,reservoir
AT,h0653,1.54482289793895,scr2090,stInflow,reservoir
AT,h0654,1.54482289793895,scr2090,stInflow,reservoir
AT,h0655,1.54482289793895,scr2090,stInflow,reservoir
AT,h0656,1.54482289793895,scr2090,stInflow,reservoir
AT,h0657,1.54482289793895,scr2090,stInflow,reservoir
AT,h0658,1.54482289793895,scr2090,stInflow,reservoir
AT,h0659,1.54482289793895,scr2090,stInflow,reservoir
AT,h0660,1.54482289793895,scr2090,stInflow,reservoir
AT,h0661,1.54482289793895,scr2090,stInflow,reservoir
AT,h0662,1.54482289793895,scr2090,stInflow,reservoir
AT,h0663,1.54482289793895,scr2090,stInflow,reservoir
AT,h0664,1.54482289793895,scr2090,stInflow,reservoir
AT,h0665,1.54482289793895,scr2090,stInflow,reservoir
AT,h0666,1.54482289793895,scr2090,stInflow,reservoir
AT,h0667,1.658284377061227,scr2090,stInflow,reservoir
AT,h0668,1.7715883250302724,scr2090,stInflow,reservoir
AT,h0669,1.8847452277045182,scr2090,stInflow,reservoir
AT,h0670,1.8847452277045182,scr2090,stInflow,reservoir
AT,h0671,1.8847452277045182,scr2090,stInflow,reservoir
AT,h0672,1.8847452277045182,scr2090,stInflow,reservoir
BG,h0505,0.0908253064863399,scr2090,stInflow,reservoir
BG,h0506,0.0908253064863399,scr2090,stInflow,reservoir
BG,h0507,0.0908253064863399,scr2090,stInflow,reservoir
BG,h0508,0.0908253064863399,scr2090,stInflow,reservoir
BG,h0509,0.0908253064863399,scr2090,stInflow,reservoir
BG,h0510,0.0908253064863399,scr2090,stInflow,reservoir
BG,h0511,0.1644965617409636,scr2090,stInflow,reservoir
BG,h0512,0.2360463149859275,scr2090,stInflow,reservoir
BG,h0513,0.30621754009673835,scr2090,stInflow,reservoir
BG,h0514,0.30621754009673835,scr2090,stInflow,reservoir
BG,h0515,0.30621754009673835,scr2090,stInflow,reservoir
BG,h0516,0.30621754009673835,scr2090,stInflow,reservoir
BG,h0517,0.30621754009673835,scr2090,stInflow,reservoir
BG,h0518,0.30621754009673835,scr2090,stInflow,reservoir
BG,h0519,0.30621754009673835,scr2090,stInflow,reservoir
BG,h0520,0.30621754009673835,scr2090,stInflow,reservoir
BG,h0521,0.30621754009673835,scr2090,stInflow,reservoir
BG,h0522,0.30621754009673835,scr2090,stInflow,reservoir
BG,h0523,0.3341180886435729,scr2090,stInflow,reservoir
BG,h0524,0.36187078658316213,scr2090,stInflow,reservoir
BG,h0525,0.38948838422551585,scr2090,stInflow,reservoir
BG,h0526,0.38948838422551585,scr2090,stInflow,reservoir
BG,h0527,0.38948838422551585,scr2090,stInflow,reservoir
BG,h0528,0.38948838422551585,scr2090,stInflow,reservoir
BG,h0529,0.38948838422551585,scr2090,stInflow,reservoir
BG,h0530,0.38948838422551585,scr2090,stInflow,reservoir
BG,h0531,0.38948838422551585,scr2090,stInflow,reservoir
BG,h0532,0.38948838422551585,scr2090,stInflow,reservoir
BG,h0533,0.38948838422551585,scr2090,stInflow,reservoir
BG,h0534,0.38948838422551585,scr2090,stInflow,reservoir
BG,h0535,0.4495654767643273,scr2090,stInflow,reservoir
BG,h0536,0.5091337086710132,scr2090,stInflow,reservoir
BG,h0537,0.5682600636762241,scr2090,stInflow,reservoir
BG,h0538,0.5682600636762241,scr2090,stInflow,reservoir
BG,h0539,0.5682600636762241,scr2090,stInflow,reservoir
BG,h0540,0.5682600636762241,scr2090,stInflow,reservoir
BG,h0541,0.5682600636762241,scr2090,stInflow,reservoir
BG,h0542,0.5682600636762241,scr2090,stInflow,reservoir
BG,h0543,0.5682600636762241,scr2090,stInflow,reservoir
BG,h0544,0.5682600636762241,scr2090,stInflow,reservoir
BG,h0545,0.5682600636762241,scr2090,stInflow,reservoir
BG,h0546,0.5682600636762241,scr2090,stInflow,reservoir
BG,h0547,0.5289688010193252,scr2090,stInflow,reservoir
BG,h0548,0.48949050530907134,scr2090,stInflow,reservoir
BG,h0549,0.4498080423188676,scr2090,stInflow,reservoir
BG,h0550,0.4498080423188676,scr2090,stInflow,reservoir
BG,h0551,0.4498080423188676,scr2090,stInflow,reservoir
BG,h0552,0.4498080423188676,scr2090,stInflow,reservoir
BG,h0553,0.4498080423188676,scr2090,stInflow,reservoir
BG,h0554,0.4498080423188676,scr2090,stInflow,reservoir
BG,h0555,0.4498080423188676,scr2090,stInflow,reservoir
BG,h0556,0.4498080423188676,scr2090,stInflow,reservoir
BG,h0557,0.4498080423188676,scr2090,stInflow,reservoir
BG,h0558,0.4498080423188676,scr2090,stInflow,reservoir
BG,h0559,0.43042147417596355,scr2090,stInflow,reservoir
BG,h0560,0.4109790884430772,scr2090,stInflow,reservoir
BG,h0561,0.39147789662980664,scr2090,stInflow,reservoir
BG,h0562,0.39147789662980664,scr2090,stInflow,reservoir
BG,h0563,0.39147789662980664,scr2090,stInflow,reservoir
BG,h0564,0.39147789662980664,scr2090,stInflow,reservoir
BG,h0565,0.39147789662980664,scr2090,stInflow,reservoir
BG,h0566,0.39147789662980664,scr2090,stInflow,reservoir
BG,h0567,0.39147789662980664,scr2090,stInflow,reservoir
BG,h0568,0.39147789662980664,scr2090,stInflow,reservoir
BG,h0569,0.39147789662980664,scr2090,stInflow,reservoir
BG,h0570,0.39147789662980664,scr2090,stInflow,reservoir
BG,h0571,0.39147789662980664,scr2090,stInflow,reservoir
BG,h0572,0.39147789662980664,scr2090,stInflow,reservoir
BG,h0573,0.39147789662980664,scr2090,stInflow,reservoir
BG,h0574,0.39147789662980664,scr2090,stInflow,reservoir
BG,h0575,0.39147789662980664,scr2090,stInflow,reservoir
BG,h0576,0.39147789662980664,scr2090,stInflow,reservoir
BG,h0577,0.31649574500515165,scr2090,stInflow,reservoir
BG,h0578,0.24035188310717864,scr2090,stInflow,reservoir
BG,h0579,0.16260790052341872,scr2090,stInflow,reservoir
BG,h0580,0.16260790052341872,scr2090,stInflow,reservoir
BG,h0581,0.16260790052341872,scr2090,stInflow,reservoir
BG,h0582,0.16260790052341872,scr2090,stInflow,reservoir
BG,h0583,0.16260790052341872,scr2090,stInflow,reservoir
BG,h0584,0.16260790052341872,scr2090,stInflow,reservoir
BG,h0585,0.16260790052341872,scr2090,stInflow,reservoir
BG,h0586,0.16260790052341872,scr2090,stInflow,reservoir
BG,h0587,0.16260790052341872,scr2090,stInflow,reservoir
BG,h0588,0.16260790052341872,scr2090,stInflow,reservoir
BG,h0589,0.15422656792642814,scr2090,stInflow,reservoir
BG,h0590,0.1458160971343905,scr2090,stInflow,reservoir
BG,h0591,0.13737458407090977,scr2090,stInflow,reservoir
BG,h0592,0.13737458407090977,scr2090,stInflow,reservoir
BG,h0593,0.13737458407090977,scr2090,stInflow,reservoir
BG,h0594,0.13737458407090977,scr2090,stInflow,reservoir
BG,h0595,0.13737458407090977,scr2090,stInflow,reservoir
BG,h0596,0.13737458407090977,scr2090,stInflow,reservoir
BG,h0597,0.13737458407090977,scr2090,stInflow,reservoir
BG,h0598,0.13737458407090977,scr2090,stInflow,reservoir
BG,h0599,0.13737458407090977,scr2090,stInflow,reservoir
BG,h0600,0.13737458407090977,scr2090,stInflow,reservoir
BG,h0601,0.15715533626611725,scr2090,stInflow,reservoir
BG,h0602,0.1767782599032997,scr2090,stInflow,reservoir
BG,h0603,0.1962630625130793,scr2090,stInflow,reservoir
BG,h0604,0.1962630625130793,scr2090,stInflow,reservoir
BG,h0605,0.1962630625130793,scr2090,stInflow,reservoir
BG,h0606,0.1962630625130793,scr2090,stInflow,reservoir
BG,h0607,0.1962630625130793,scr2090,stInflow,reservoir
BG,h0608,0.1962630625130793,scr2090,stInflow,reservoir
BG,h0609,0.1962630625130793,scr2090,stInflow,reservoir
BG,h0610,0.1962630625130793,scr2090,stInflow,reservoir
BG,h0611,0.1962630625130793,scr2090,stInflow,reservoir
BG,h0612,0.1962630625130793,scr2090,stInflow,reservoir
BG,h0613,0.24990526521286213,scr2090,stInflow,reservoir
BG,h0614,0.3028176574646922,scr2090,stInflow,reservoir
BG,h0615,0.35514421469347984,scr2090,stInflow,reservoir
BG,h0616,0.35514421469347984,scr2090,stInflow,reservoir
BG,h0617,0.35514421469347984,scr2090,stInflow,reservoir
BG,h0618,0.35514421469347984,scr2090,stInflow,reservoir
BG,h0619,0.35514421469347984,scr2090,stInflow,reservoir
BG,h0620,0.35514421469347984,scr2090,stInflow,reservoir
BG,h0621,0.35514421469347984,scr2090,stInflow,reservoir
BG,h0622,0.35514421469347984,scr2090,stInflow,reservoir
BG,h0623,0.35514421469347984,scr2090,stInflow,reservoir
BG,h0624,0.35514421469347984,scr2090,stInflow,reservoir
BG,h0625,0.3925574811639064,scr2090,stInflow,reservoir
BG,h0626,0.4297445507487671,scr2090,stInflow,reservoir
BG,h0627,0.46672743325212324,scr2090,stInflow,reservoir
BG,h0628,0.46672743325212324,scr2090,stInflow,reservoir
BG,h0629,0.46672743325212324,scr2090,stInflow,reservoir
BG,h0630,0.46672743325212324,scr2090,stInflow,reservoir
BG,h0631,0.46672743325212324,scr2090,stInflow,reservoir
BG,h0632,0.46672743325212324,scr2090,stInflow,reservoir
BG,h0633,0.46672743325212324,scr2090,stInflow,reservoir
BG,h0634,0.46672743325212324,scr2090,stInflow,reservoir
BG,h0635,0.46672743325212324,scr2090,stInflow,reservoir
BG,h0636,0.46672743325212324,scr2090,stInflow,reservoir
BG,h0637,0.4804310313346195,scr2090,stInflow,reservoir
BG,h0638,0.49410976565830206,scr2090,stInflow,reservoir
BG,h0639,0.5077644111096206,scr2090,stInflow,reservoir
BG,h0640,0.5077644111096206,scr2090,stInflow,reservoir
BG,h0641,0.5077644111096206,scr2090,stInflow,reservoir
BG,h0642,0.5077644111096206,scr2090,stInflow,reservoir
BG,h0643,0.5077644111096206,scr2090,stInflow,reservoir
BG,h0644,0.5077644111096206,scr2090,stInflow,reservoir
BG,h0645,0.5077644111096206,scr2090,stInflow,reservoir
BG,h0646,0.5077644111096206,scr2090,stInflow,reservoir
BG,h0647,0.5077644111096206,scr2090,stInflow,reservoir
BG,h0648,0.5077644111096206,scr2090,stInflow,reservoir
BG,h0649,0.4911353722119888,scr2090,stInflow,reservoir
BG,h0650,0.47447037367764294,scr2090,stInflow,reservoir
BG,h0651,0.45776798770259863,scr2090,stInflow,reservoir
BG,h0652,0.45776798770259863,scr2090,stInflow,reservoir
BG,h0653,0.45776798770259863,scr2090,stInflow,reservoir
BG,h0654,0.45776798770259863,scr2090,stInflow,reservoir
BG,h0655,0.45776798770259863,scr2090,stInflow,reservoir
BG,h0656,0.45776798770259863,scr2090,stInflow,reservoir
BG,h0657,0.45776798770259863,scr2090,stInflow,reservoir
BG,h0658,0.45776798770259863,scr2090,stInflow,reservoir
BG,h0659,0.45776798770259863,scr2090,stInflow,reservoir
BG,h0660,0.45776798770259863,scr2090,stInflow,reservoir
BG,h0661,0.45776798770259863,scr2090,stInflow,reservoir
BG,h0662,0.45776798770259863,scr2090,stInflow,reservoir
BG,h0663,0.45776798770259863,scr2090,stInflow,reservoir
BG,h0664,0.45776798770259863,scr2090,stInflow,reservoir
BG,h0665,0.45776798770259863,scr2090,stInflow,reservoir
BG,h0666,0.45776798770259863,scr2090,stInflow,reservoir
BG,h0667,0.4755208629012103,scr2090,stInflow,reservoir
BG,h0668,0.4932315976665784,scr2090,stInflow,reservoir
BG,h0669,0.510901894907548,scr2090,stInflow,reservoir
BG,h0670,0.510901894907548,scr2090,stInflow,reservoir
BG,h0671,0.510901894907548,scr2090,stInflow,reservoir
BG,h0672,0.510901894907548,scr2090,stInflow,reservoir
CH,h0505,0.0,scr2090,stInflow,reservoir
CH,h0506,0.0,scr2090,stInflow,reservoir
CH,h0507,0.0,scr2090,stInflow,reservoir
CH,h0508,0.0,scr2090,stInflow,reservoir
CH,h0509,0.0,scr2090,stInflow,reservoir
CH,h0510,0.0,scr2090,stInflow,reservoir
CH,h0511,0.11290170015118986,scr2090,stInflow,reservoir
CH,h0512,0.2196440184822092,scr2090,stInflow,reservoir
CH,h0513,0.3241787912065726,scr2090,stInflow,reservoir
CH,h0514,0.3241787912065726,scr2090,stInflow,reservoir
CH,h0515,0.3241787912065726,scr2090,stInflow,reservoir
CH,h0516,0.3241787912065726,scr2090,stInflow,reservoir
CH,h0517,0.3241787912065726,scr2090,stInflow,reservoir
CH,h0518,0.3241787912065726,scr2090,stInflow,reservoir
CH,h0519,0.3241787912065726,scr2090,stInflow,reservoir
CH,h0520,0.3241787912065726,scr2090,stInflow,reservoir
CH,h0521,0.3241787912065726,scr2090,stInflow,reservoir
CH,h0522,0.3241787912065726,scr2090,stInflow,reservoir
CH,h0523,0.3687956589420244,scr2090,stInflow,reservoir
CH,h0524,0.41318875180343856,scr2090,stInflow,reservoir
CH,h0525,0.45738410773375865,scr2090,stInflow,reservoir
CH,h0526,0.45738410773375865,scr2090,stInflow,reservoir
CH,h0527,0.45738410773375865,scr2090,stInflow,reservoir
CH,h0528,0.45738410773375865,scr2090,stInflow,reservoir
CH,h0529,0.45738410773375865,scr2090,stInflow,reservoir
CH,h0530,0.45738410773375865,scr2090,stInflow,reservoir
CH,h0531,0.45738410773375865,scr2090,stInflow,reservoir
CH,h0532,0.45738410773375865,scr2090,stInflow,reservoir
CH,h0533,0.45738410773375865,scr2090,stInflow,reservoir
CH,h0534,0.45738410773375865,scr2090,stInflow,reservoir
CH,h0535,0.5691246886344696,scr2090,stInflow,reservoir
CH,h0536,0.6799547310878312,scr2090,stInflow,reservoir
CH,h0537,0.790035578918375,scr2090,stInflow,reservoir
CH,h0538,0.790035578918375,scr2090,stInflow,reservoir
CH,h0539,0.790035578918375,scr2090,stInflow,reservoir
CH,h0540,0.790035578918375,scr2090,stInflow,reservoir
CH,h0541,0.790035578918375,scr2090,stInflow,reservoir
CH,h0542,0.790035578918375,scr2090,stInflow,reservoir
CH,h0543,0.790035578918375,scr2090,stInflow,reservoir
CH,h0544,0.790035578918375,scr2090,stInflow,reservoir
CH,h0545,0.790035578918375,scr2090,stInflow,reservoir
CH,h0546,0.790035578918375,scr2090,stInflow,reservoir
CH,h0547,0.8152106605912653,scr2090,stInflow,reservoir
CH,h0548,0.8403534688754091,scr2090,stInflow,reservoir
CH,h0549,0.8654650486632758,scr2090,stInflow,reservoir
CH,h0550,0.8654650486632758,scr2090,stInflow,reservoir
CH,h0551,0.8654650486632758,scr2090,stInflow,reservoir
CH,h0552,0.8654650486632758,scr2090,stInflow,reservoir
CH,h0553,0.8654650486632758,scr2090,stInflow,reservoir
CH,h0554,0.8654650486632758,scr2090,stInflow,reservoir
CH,h0555,0.8654650486632758,scr2090,stInflow,reservoir
CH,h0556,0.8654650486632758,scr2090,stInflow,reservoir
CH,h0557,0.8654650486632758,scr2090,stInflow,reservoir
CH,h0558,0.8654650486632758,scr2090,stInflow,reservoir
CH,h0559,0.9572549762622219,scr2090,stInflow,reservoir
CH,h0560,1.0486799854416726,scr2090,stInflow,reservoir
CH,h0561,1.1397745071470382,scr2090,stInflow,reservoir
CH,h0562,1.1397745071470382,scr2090,stInflow,reservoir
CH,h0563,1.1397745071470382,scr2090,stInflow,reservoir
CH,h0564,1.1397745071470382,scr2090,stInflow,reservoir
CH,h0565,1.1397745071470382,scr2090,stInflow,reservoir
CH,h0566,1.1397745071470382,scr2090,stInflow,reservoir
CH,h0567,1.1397745071470382,scr2090,stInflow,reservoir
CH,h0568,1.1397745071470382,scr2090,stInflow,reservoir
CH,h0569,1.1397745071470382,scr2090,stInflow,reservoir
CH,h0570,1.1397745071470382,scr2090,stInflow,reservoir
CH,h0571,1.1397745071470382,scr2090,stInflow,reservoir
CH,h0572,1.1397745071470382,scr2090,stInflow,reservoir
CH,h0573,1.1397745071470382,scr2090,stInflow,reservoir
CH,h0574,1.1397745071470382,scr2090,stInflow,reservoir
CH,h0575,1.1397745071470382,scr2090,stInflow,reservoir
CH,h0576,1.1397745071470382,scr2090,stInflow,reservoir
CH,h0577,1.1216223894333681,scr2090,stInflow,reservoir
CH,h0578,1.1034580543777033,scr2090,stInflow,reservoir
CH,h0579,1.085281283981235,scr2090,stInflow,reservoir
CH,h0580,1.085281283981235,scr2090,stInflow,reservoir
CH,h0581,1.085281283981235,scr2090,stInflow,reservoir
CH,h0582,1.085281283981235,scr2090,stInflow,reservoir
CH,h0583,1.085281283981235,scr2090,stInflow,reservoir
CH,h0584,1.085281283981235,scr2090,stInflow,reservoir
CH,h0585,1.085281283981235,scr2090,stInflow,reservoir
CH,h0586,1.085281283981235,scr2090,stInflow,reservoir
CH,h0587,1.085281283981235,scr2090,stInflow,reservoir
CH,h0588,1.085281283981235,scr2090,stInflow,reservoir
CH,h0589,1.0835570110478667,scr2090,stInflow,reservoir
CH,h0590,1.0818326240775469,scr2090,stInflow,reservoir
CH,h0591,1.0801081228733853,scr2090,stInflow,reservoir
CH,h0592,1.0801081228733853,scr2090,stInflow,reservoir
CH,h0593,1.0801081228733853,scr2090,stInflow,reservoir
CH,h0594,1.0801081228733853,scr2090,stInflow,reservoir
CH,h0595,1.0801081228733853,scr2090,stInflow,reservoir
CH,h0596,1.0801081228733853,scr2090,stInflow,reservoir
CH,h0597,1.0801081228733853,scr2090,stInflow,reservoir
CH,h0598,1.0801081228733853,scr2090,stInflow,reservoir
CH,h0599,1.0801081228733853,scr2090,stInflow,reservoir
CH,h0600,1.0801081228733853,scr2090,stInflow,reservoir
CH,h0601,1.3408464687197041,scr2090,stInflow,reservoir
CH,h0602,1.5994805920295092,scr2090,stInflow,reservoir
CH,h0603,1.8563803393735714,scr2090,stInflow,reservoir
CH,h0604,1.8563803393735714,scr2090,stInflow,reservoir
CH,h0605,1.8563803393735714,scr2090,stInflow,reservoir
CH,h0606,1.8563803393735714,scr2090,stInflow,reservoir
CH,h0607,1.8563803393735714,scr2090,stInflow,reservoir
CH,h0608,1.8563803393735714,scr2090,stInflow,reservoir
CH,h0609,1.8563803393735714,scr2090,stInflow,reservoir
CH,h0610,1.8563803393735714,scr2090,stInflow,reservoir
CH,h0611,1.8563803393735714,scr2090,stInflow,reservoir
CH,h0612,1.8563803393735714,scr2090,stInflow,reservoir
CH,h0613,2.545123885162984,scr2090,stInflow,reservoir
CH,h0614,3.226107560763993,scr2090,stInflow,reservoir
CH,h0615,3.901122558865023,scr2090,stInflow,reservoir
CH,h0616,3.901122558865023,scr2090,stInflow,reservoir
CH,h0617,3.901122558865023,scr2090,stInflow,reservoir
CH,h0618,3.901122558865023,scr2090,stInflow,reservoir
CH,h0619,3.901122558865023,scr2090,stInflow,reservoir
CH,h0620,3.901122558865023,scr2090,stInflow,reservoir
CH,h0621,3.901122558865023,scr2090,stInflow,reservoir
CH,h0622,3.901122558865023,scr2090,stInflow,reservoir
CH,h0623,3.901122558865023,scr2090,stInflow,reservoir
CH,h0624,3.901122558865023,scr2090,stInflow,reservoir
CH,h0625,4.184911962035796,scr2090,stInflow,reservoir
CH,h0626,4.467903200166395,scr2090,stInflow,reservoir
CH,h0627,4.750150966477327,scr2090,stInflow,reservoir
CH,h0628,4.750150966477327,scr2090,stInflow,reservoir
CH,h0629,4.750150966477327,scr2090,stInflow,reservoir
CH,h0630,4.750150966477327,scr2090,stInflow,reservoir
CH,h0631,4.750150966477327,scr2090,stInflow,reservoir
CH,h0632,4.750150966477327,scr2090,stInflow,reservoir
CH,h0633,4.750150966477327,scr2090,stInflow,reservoir
CH,h0634,4.750150966477327,scr2090,stInflow,reservoir
CH,h0635,4.750150966477327,scr2090,stInflow,reservoir
CH,h0636,4.750150966477327,scr2090,stInflow,reservoir
CH,h0637,4.811649396822208,scr2090,stInflow,reservoir
CH,h0638,4.873115177973926,scr2090,stInflow,reservoir
CH,h0639,4.934548755764579,scr2090,stInflow,reservoir
CH,h0640,4.934548755764579,scr2090,stInflow,reservoir
CH,h0641,4.934548755764579,scr2090,stInflow,reservoir
CH,h0642,4.934548755764579,scr2090,stInflow,reservoir
CH,h0643,4.934548755764579,scr2090,stInflow,reservoir
CH,h0644,4.934548755764579,scr2090,stInflow,reservoir
CH,h0645,4.934548755764579,scr2090,stInflow,reservoir
CH,h0646,4.934548755764579,scr2090,stInflow,reservoir
CH,h0647,4.934548755764579,scr2090,stInflow,reservoir
CH,h0648,4.934548755764579,scr2090,stInflow,reservoir
CH,h0649,4.881691497962598,scr2090,stInflow,reservoir
CH,h0650,4.828810444385824,scr2090,stInflow,reservoir
CH,h0651,4.775905312643184,scr2090,stInflow,reservoir
CH,h0652,4.775905312643184,scr2090,stInflow,reservoir
CH,h0653,4.775905312643184,scr2090,stInflow,reservoir
CH,h0654,4.775905312643184,scr2090,stInflow,reservoir
CH,h0655,4.775905312643184,scr2090,stInflow,reservoir
CH,h0656,4.775905312643184,scr2090,stInflow,reservoir
CH,h0657,4.775905312643184,scr2090,stInflow,reservoir
CH,h0658,4.775905312643184,scr2090,stInflow,reservoir
CH,h0659,4.775905312643184,scr2090,stInflow,reservoir
CH,h0660,4.775905312643184,scr2090,stInflow,reservoir
CH,h0661,4.775905312643184,scr2090,stInflow,reservoir
CH,h0662,4.775905312643184,scr2090,stInflow,reservoir
CH,h0663,4.775905312643184,scr2090,stInflow,reservoir
CH,h0664,4.775905312643184,scr2090,stInflow,reservoir
CH,h0665,4.775905312643184,scr2090,stInflow,reservoir
CH,h0666,4.775905312643184,scr2090,stInflow,reservoir
CH,h0667,4.712188889836983,scr2090,stInflow,reservoir
CH,h0668,4.648436641329009,scr2090,stInflow,reservoir
CH,h0669,4.584648034600662,scr2090,stInflow,reservoir
CH,h0670,4.584648034600662,scr2090,stInflow,reservoir
CH,h0671,4.584648034600662,scr2090,stInflow,reservoir
CH,h0672,4.584648034600662,scr2090,stInflow,reservoir
ES,h0505,0.5778735219542974,scr2090,stInflow,reservoir
ES,h0506,0.5778735219542974,scr2090,stInflow,reservoir
ES,h0507,0.5778735219542974,scr2090,stInflow,reservoir
ES,h0508,0.5778735219542974,scr2090,stInflow,reservoir
ES,h0509,0.5778735219542974,scr2090,stInflow,reservoir
ES,h0510,0.5778735219542974,scr2090,stInflow,reservoir
ES,h0511,0.6144199621835761,scr2090,stInflow,reservoir
ES,h0512,0.650945029731112,scr2090,stInflow,reservoir
ES,h0513,0.6874499291198533,scr2090,stInflow,reservoir
ES,h0514,0.6874499291198533,scr2090,stInflow,reservoir
ES,h0515,0.6874499291198533,scr2090,stInflow,reservoir
ES,h0516,0.6874499291198533,scr2090,stInflow,reservoir
ES,h0517,0.6874499291198533,scr2090,stInflow,reservoir
ES,h0518,0.6874499291198533,scr2090,stInflow,reservoir
ES,h0519,0.6874499291198533,scr2090,stInflow,reservoir
ES,h0520,0.6874499291198533,scr2090,stInflow,reservoir
ES,h0521,0.6874499291198533,scr2090,stInflow,reservoir
ES,h0522,0.6874499291198533,scr2090,stInflow,reservoir
ES,h0523,0.7000043299341946,scr2090,stInflow,reservoir
ES,h0524,0.71255651274352,scr2090,stInflow,reservoir
ES,h0525,0.7251065168224928,scr2090,stInflow,reservoir
ES,h0526,0.7251065168224928,scr2090,stInflow,reservoir
ES,h0527,0.7251065168224928,scr2090,stInflow,reservoir
ES,h0528,0.7251065168224928,scr2090,stInflow,reservoir
ES,h0529,0.7251065168224928,scr2090,stInflow,reservoir
ES,h0530,0.7251065168224928,scr2090,stInflow,reservoir
ES,h0531,0.7251065168224928,scr2090,stInflow,reservoir
ES,h0532,0.7251065168224928,scr2090,stInflow,reservoir
ES,h0533,0.7251065168224928,scr2090,stInflow,reservoir
ES,h0534,0.7251065168224928,scr2090,stInflow,reservoir
ES,h0535,0.7552496128774413,scr2090,stInflow,reservoir
ES,h0536,0.785380845226059,scr2090,stInflow,reservoir
ES,h0537,0.8155006720842974,scr2090,stInflow,reservoir
ES,h0538,0.8155006720842974,scr2090,stInflow,reservoir
ES,h0539,0.8155006720842974,scr2090,stInflow,reservoir
ES,h0540,0.8155006720842974,scr2090,stInflow,reservoir
ES,h0541,0.8155006720842974,scr2090,stInflow,reservoir
ES,h0542,0.8155006720842974,scr2090,stInflow,reservoir
ES,h0543,0.8155006720842974,scr2090,stInflow,reservoir
ES,h0544,0.8155006720842974,scr2090,stInflow,reservoir
ES,h0545,0.8155006720842974,scr2090,stInflow,reservoir
ES,h0546,0.8155006720842974,scr2090,stInflow,reservoir
ES,h0547,0.975682419634244,scr2090,stInflow,reservoir
ES,h0548,1.1356032551411084,scr2090,stInflow,reservoir
ES,h0549,1.295300530580246,scr2090,stInflow,reservoir
ES,h0550,1.295300530580246,scr2090,stInflow,reservoir
ES,h0551,1.295300530580246,scr2090,stInflow,reservoir
ES,h0552,1.295300530580246,scr2090,stInflow,reservoir
ES,h0553,1.295300530580246,scr2090,stInflow,reservoir
ES,h0554,1.295300530580246,scr2090,stInflow,reservoir
ES,h0555,1.295300530580246,scr2090,stInflow,reservoir
ES,h0556,1.295300530580246,scr2090,stInflow,reservoir
ES,h0557,1.295300530580246,scr2090,stInflow,reservoir
ES,h0558,1.295300530580246,scr2090,stInflow,reservoir
ES,h0559,1.5328372227984204,scr2090,stInflow,reservoir
ES,h0560,1.7700074323236867,scr2090,stInflow,reservoir
ES,h0561,2.0068612129177654,scr2090,stInflow,reservoir
ES,h0562,2.0068612129177654,scr2090,stInflow,reservoir
ES,h0563,2.0068612129177654,scr2090,stInflow,reservoir
ES,h0564,2.0068612129177654,scr2090,stInflow,reservoir
ES,h0565,2.0068612129177654,scr2090,stInflow,reservoir
ES,h0566,2.0068612129177654,scr2090,stInflow,reservoir
ES,h0567,2.0068612129177654,scr2090,stInflow,reservoir
ES,h0568,2.0068612129177654,scr2090,stInflow,reservoir
ES,h0569,2.0068612129177654,scr2090,stInflow,reservoir
ES,h0570,2.0068612129177654,scr2090,stInflow,reservoir
ES,h0571,2.0068612129177654,scr2090,stInflow,reservoir
ES,h0572,2.0068612129177654,scr2090,stInflow,reservoir
ES,h0573,2.0068612129177654,scr2090,stInflow,reservoir
ES,h0574,2.0068612129177654,scr2090,stInflow,reservoir
ES,h0575,2.0068612129177654,scr2090,stInflow,reservoir
ES,h0576,2.0068612129177654,scr2090,stInflow,reservoir
ES,h0577,2.1803988313210936,scr2090,stInflow,reservoir
ES,h0578,2.3537989664866656,scr2090,stInflow,reservoir
ES,h0579,2.527071915436003,scr2090,stInflow,reservoir
ES,h0580,2.527071915436003,scr2090,stInflow,reservoir
ES,h0581,2.527071915436003,scr2090,stInflow,reservoir
ES,h0582,2.527071915436003,scr2090,stInflow,reservoir
ES,h0583,2.527071915436003,scr2090,stInflow,reservoir
ES,h0584,2.527071915436003,scr2090,stInflow,reservoir
ES,h0585,2.527071915436003,scr2090,stInflow,reservoir
ES,h0586,2.527071915436003,scr2090,stInflow,reservoir
ES,h0587,2.527071915436003,scr2090,stInflow,reservoir
ES,h0588,2.527071915436003,scr2090,stInflow,reservoir
ES,h0589,2.542894355535922,scr2090,stInflow,reservoir
ES,h0590,2.558715815309229,scr2090,stInflow,reservoir
ES,h0591,2.574536300913424,scr2090,stInflow,reservoir
ES,h0592,2.574536300913424,scr2090,stInflow,reservoir
ES,h0593,2.574536300913424,scr2090,stInflow,reservoir
ES,h0594,2.574536300913424,scr2090,stInflow,reservoir
ES,h0595,2.574536300913424,scr2090,stInflow,reservoir
ES,h0596,2.574536300913424,scr2090,stInflow,reservoir
ES,h0597,2.574536300913424,scr2090,stInflow,reservoir
ES,h0598,2.574536300913424,scr2090,stInflow,reservoir
ES,h0599,2.574536300913424,scr2090,stInflow,reservoir
ES,h0600,2.574536300913424,scr2090,stInflow,reservoir
ES,h0601,2.5212061426673995,scr2090,stInflow,reservoir
ES,h0602,2.467864748142893,scr2090,stInflow,reservoir
ES,h0603,2.414511870570211,scr2090,stInflow,reservoir
ES,h0604,2.414511870570211,scr2090,stInflow,reservoir
ES,h0605,2.414511870570211,scr2090,stInflow,reservoir
ES,h0606,2.414511870570211,scr2090,stInflow,reservoir
ES,h0607,2.414511870570211,scr2090,stInflow,reservoir
ES,h0608,2.414511870570211,scr2090,stInflow,reservoir
ES,h0609,2.414511870570211,scr2090,stInflow,reservoir
ES,h0610,2.414511870570211,scr2090,stInflow,reservoir
ES,h0611,2.414511870570211,scr2090,stInflow,reservoir
ES,h0612,2.414511870570211,scr2090,stInflow,reservoir
ES,h0613,2.3379294985774823,scr2090,stInflow,reservoir
ES,h0614,2.2613221423155423,scr2090,stInflow,reservoir
ES,h0615,2.1846889418129907,scr2090,stInflow,reservoir
ES,h0616,2.1846889418129907,scr2090,stInflow,reservoir
ES,h0617,2.1846889418129907,scr2090,stInflow,reservoir
ES,h0618,2.1846889418129907,scr2090,stInflow,reservoir
ES,h0619,2.1846889418129907,scr2090,stInflow,reservoir
ES,h0620,2.1846889418129907,scr2090,stInflow,reservoir
ES,h0621,2.1846889418129907,scr2090,stInflow,reservoir
ES,h0622,2.1846889418129907,scr2090,stInflow,reservoir
ES,h0623,2.1846889418129907,scr2090,stInflow,reservoir
ES,h0624,2.1846889418129907,scr2090,stInflow,reservoir
ES,h0625,2.0893181821490168,scr2090,stInflow,reservoir
ES,h0626,1.993904074807535,scr2090,stInflow,reservoir
ES,h0627,1.898444512434371,scr2090,stInflow,reservoir
ES,h0628,1.898444512434371,scr2090,stInflow,reservoir
ES,h0629,1.898444512434371,scr2090,stInflow,reservoir
ES,h0630,1.898444512434371,scr2090,stInflow,reservoir
ES,h0631,1.898444512434371,scr2090,stInflow,reservoir
ES,h0632,1.898444512434371,scr2090,stInflow,reservoir
ES,h0633,1.898444512434371,scr2090,stInflow,reservoir
ES,h0634,1.898444512434371,scr2090,stInflow,reservoir
ES,h0635,1.898444512434371,scr2090,stInflow,reservoir
ES,h0636,1.898444512434371,scr2090,stInflow,reservoir
ES,h0637,1.8034309946007636,scr2090,stInflow,reservoir
ES,h0638,1.7083676630029752,scr2090,stInflow,reservoir
ES,h0639,1.613251703068023,scr2090,stInflow,reservoir
ES,h0640,1.613251703068023,scr2090,stInflow,reservoir
ES,h0641,1.613251703068023,scr2090,stInflow,reservoir
ES,h0642,1.613251703068023,scr2090,stInflow,reservoir
ES,h0643,1.613251703068023,scr2090,stInflow,reservoir
ES,h0644,1.613251703068023,scr2090,stInflow,reservoir
ES,h0645,1.613251703068023,scr2090,stInflow,reservoir
ES,h0646,1.613251703068023,scr2090,stInflow,reservoir
ES,h0647,1.613251703068023,scr2090,stInflow,reservoir
ES,h0648,1.613251703068023,scr2090,stInflow,reservoir
ES,h0649,1.5801689792758342,scr2090,stInflow,reservoir
ES,h0650,1.5470793734534811,scr2090,stInflow,reservoir
ES,h0651,1.513982736413905,scr2090,stInflow,reservoir
ES,h0652,1.513982736413905,scr2090,stInflow,reservoir
ES,h0653,1.513982736413905,scr2090,stInflow,reservoir
ES,h0654,1.513982736413905,scr2090,stInflow,reservoir
ES,h0655,1.513982736413905,scr2090,stInflow,reservoir
ES,h0656,1.513982736413905,scr2090,stInflow,reservoir
ES,h0657,1.513982736413905,scr2090,stInflow,reservoir
ES,h0658,1.513982736413905,scr2090,stInflow,reservoir
ES,h0659,1.513982736413905,scr2090,stInflow,reservoir
ES,h0660,1.513982736413905,scr2090,stInflow,reservoir
ES,h0661,1.513982736413905,scr2090,stInflow,reservoir
ES,h0662,1.513982736413905,scr2090,stInflow,reservoir
ES,h0663,1.513982736413905,scr2090,stInflow,reservoir
ES,h0664,1.513982736413905,scr2090,stInflow,reservoir
ES,h0665,1.513982736413905,scr2090,stInflow,reservoir
ES,h0666,1.513982736413905,scr2090,stInflow,reservoir
ES,h0667,1.4951678333812493,scr2090,stInflow,reservoir
ES,h0668,1.4763505790208904,scr2090,stInflow,reservoir
ES,h0669,1.4575309429731993,scr2090,stInflow,reservoir
ES,h0670,1.4575309429731993,scr2090,stInflow,reservoir
ES,h0671,1.4575309429731993,scr2090,stInflow,reservoir
ES,h0672,1.4575309429731993,scr2090,stInflow,reservoir
FR,h0505,1.048730230789794,scr2090,stInflow,reservoir
FR,h0506,1.048730230789794,scr2090,stInflow,reservoir
FR,h0507,1.048730230789794,scr2090,stInflow,reservoir
FR,h0508,1.048730230789794,scr2090,stInflow,reservoir
FR,h0509,1.048730230789794,scr2090,stInflow,reservoir
FR,h0510,1.048730230789794,scr2090,stInflow,reservoir
FR,h0511,1.127297864247232,scr2090,stInflow,reservoir
FR,h0512,1.2056488862061063,scr2090,stInflow,reservoir
FR,h0513,1.283797865245884,scr2090,stInflow,reservoir
FR,h0514,1.283797865245884,scr2090,stInflow,reservoir
FR,h0515,1.283797865245884,scr2090,stInflow,reservoir
FR,h0516,1.283797865245884,scr2090,stInflow,reservoir
FR,h0517,1.283797865245884,scr2090,stInflow,reservoir
FR,h0518,1.283797865245884,scr2090,stInflow,reservoir
FR,h0519,1.283797865245884,scr2090,stInflow,reservoir
FR,h0520,1.283797865245884,scr2090,stInflow,reservoir
FR,h0521,1.283797865245884,scr2090,stInflow,reservoir
FR,h0522,1.283797865245884,scr2090,stInflow,reservoir
FR,h0523,1.314343054149504,scr2090,stInflow,reservoir
FR,h0524,1.3448599439528595,scr2090,stInflow,reservoir
FR,h0525,1.375349202521064,scr2090,stInflow,reservoir
FR,h0526,1.375349202521064,scr2090,stInflow,reservoir
FR,h0527,1.375349202521064,scr2090,stInflow,reservoir
FR,h0528,1.375349202521064,scr2090,stInflow,reservoir
FR,h0529,1.375349202521064,scr2090,stInflow,reservoir
FR,h0530,1.375349202521064,scr2090,stInflow,reservoir
FR,h0531,1.375349202521064,scr2090,stInflow,reservoir
FR,h0532,1.375349202521064,scr2090,stInflow,reservoir
FR,h0533,1.375349202521064,scr2090,stInflow,reservoir
FR,h0534,1.375349202521064,scr2090,stInflow,reservoir
FR,h0535,1.432671591866762,scr2090,stInflow,reservoir
FR,h0536,1.4899022925862346,scr2090,stInflow,reservoir
FR,h0537,1.5470449805526685,scr2090,stInflow,reservoir
FR,h0538,1.5470449805526685,scr2090,stInflow,reservoir
FR,h0539,1.5470449805526685,scr2090,stInflow,reservoir
FR,h0540,1.5470449805526685,scr2090,stInflow,reservoir
FR,h0541,1.5470449805526685,scr2090,stInflow,reservoir
FR,h0542,1.5470449805526685,scr2090,stInflow,reservoir
FR,h0543,1.5470449805526685,scr2090,stInflow,reservoir
FR,h0544,1.5470449805526685,scr2090,stInflow,reservoir
FR,h0545,1.5470449805526685,scr2090,stInflow,reservoir
FR,h0546,1.5470449805526685,scr2090,stInflow,reservoir
FR,h0547,1.5867769900190345,scr2090,stInflow,reservoir
FR,h0548,1.6264690674911115,scr2090,stInflow,reservoir
FR,h0549,1.6661222333422987,scr2090,stInflow,reservoir
FR,h0550,1.6661222333422987,scr2090,stInflow,reservoir
FR,h0551,1.6661222333422987,scr2090,stInflow,reservoir
FR,h0552,1.6661222333422987,scr2090,stInflow,reservoir
FR,h0553,1.6661222333422987,scr2090,stInflow,reservoir
FR,h0554,1.6661222333422987,scr2090,stInflow,reservoir
FR,h0555,1.6661222333422987,scr2090,stInflow,reservoir
FR,h0556,1.6661222333422987,scr2090,stInflow,reservoir
FR,h0557,1.6661222333422987,scr2090,stInflow,reservoir
FR,h0558,1.6661222333422987,scr2090,stInflow,reservoir
FR,h0559,1.7459675657596774,scr2090,stInflow,reservoir
FR,h0560,1.8256659777081055,scr2090,stInflow,reservoir
FR,h0561,1.9052242065744533,scr2090,stInflow,reservoir
FR,h0562,1.9052242065744533,scr2090,stInflow,reservoir
FR,h0563,1.9052242065744533,scr2090,stInflow,reservoir
FR,h0564,1.9052242065744533,scr2090,stInflow,reservoir
FR,h0565,1.9052242065744533,scr2090,stInflow,reservoir
FR,h0566,1.9052242065744533,scr2090,stInflow,reservoir
FR,h0567,1.9052242065744533,scr2090,stInflow,reservoir
FR,h0568,1.9052242065744533,scr2090,stInflow,reservoir
FR,h0569,1.9052242065744533,scr2090,stInflow,reservoir
FR,h0570,1.9052242065744533,scr2090,stInflow,reservoir
FR,h0571,1.9052242065744533,scr2090,stInflow,reservoir
FR,h0572,1.9052242065744533,scr2090,stInflow,reservoir
FR,h0573,1.9052242065744533,scr2090,stInflow,reservoir
FR,h0574,1.9052242065744533,scr2090,stInflow,reservoir
FR,h0575,1.9052242065744533,scr2090,stInflow,reservoir
FR,h0576,1.9052242065744533,scr2090,stInflow,reservoir
FR,h0577,1.9278903737119784,scr2090,stInflow,reservoir
FR,h0578,1.9505457764054153,scr2090,stInflow,reservoir
FR,h0579,1.9731905463272172,scr2090,stInflow,reservoir
FR,h0580,1.9731905463272172,scr2090,stInflow,reservoir
FR,h0581,1.9731905463272172,scr2090,stInflow,reservoir
FR,h0582,1.9731905463272172,scr2090,stInflow,reservoir
FR,h0583,1.9731905463272172,scr2090,stInflow,reservoir
FR,h0584,1.9731905463272172,scr2090,stInflow,reservoir
FR,h0585,1.9731905463272172,scr2090,stInflow,reservoir
FR,h0586,1.9731905463272172,scr2090,stInflow,reservoir
FR,h0587,1.9731905463272172,scr2090,stInflow,reservoir
FR,h0588,1.9731905463272172,scr2090,stInflow,reservoir
FR,h0589,1.9763507670025413,scr2090,stInflow,reservoir
FR,h0590,1.9795107833391687,scr2090,stInflow,reservoir
FR,h0591,1.982670595680893,scr2090,stInflow,reservoir
FR,h0592,1.982670595680893,scr2090,stInflow,reservoir
FR,h0593,1.982670595680893,scr2090,stInflow,reservoir
FR,h0594,1.982670595680893,scr2090,stInflow,reservoir
FR,h0595,1.982670595680893,scr2090,stInflow,reservoir
FR,h0596,1.982670595680893,scr2090,stInflow,reservoir
FR,h0597,1.982670595680893,scr2090,stInflow,reservoir
FR,h0598,1.982670595680893,scr2090,stInflow,reservoir
FR,h0599,1.982670595680893,scr2090,stInflow,reservoir
FR,h0600,1.982670595680893,scr2090,stInflow,reservoir
FR,h0601,2.0420870859994116,scr2090,stInflow,reservoir
FR,h0602,2.1014336767645148,scr2090,stInflow,reservoir
FR,h0603,2.1607124500631274,scr2090,stInflow,reservoir
FR,h0604,2.1607124500631274,scr2090,stInflow,reservoir
FR,h0605,2.1607124500631274,scr2090,stInflow,reservoir
FR,h0606,2.1607124500631274,scr2090,stInflow,reservoir
FR,h0607,2.1607124500631274,scr2090,stInflow,reservoir
FR,h0608,2.1607124500631274,scr2090,stInflow,reservoir
FR,h0609,2.1607124500631274,scr2090,stInflow,reservoir
FR,h0610,2.1607124500631274,scr2090,stInflow,reservoir
FR,h0611,2.1607124500631274,scr2090,stInflow,reservoir
FR,h0612,2.1607124500631274,scr2090,stInflow,reservoir
FR,h0613,2.3331180209182136,scr2090,stInflow,reservoir
FR,h0614,2.505007338370648,scr2090,stInflow,reservoir
FR,h0615,2.676417909355126,scr2090,stInflow,reservoir
FR,h0616,2.676417909355126,scr2090,stInflow,reservoir
FR,h0617,2.676417909355126,scr2090,stInflow,reservoir
FR,h0618,2.676417909355126,scr2090,stInflow,reservoir
FR,h0619,2.676417909355126,scr2090,stInflow,reservoir
FR,h0620,2.676417909355126,scr2090,stInflow,reservoir
FR,h0621,2.676417909355126,scr2090,stInflow,reservoir
FR,h0622,2.676417909355126,scr2090,stInflow,reservoir
FR,h0623,2.676417909355126,scr2090,stInflow,reservoir
FR,h0624,2.676417909355126,scr2090,stInflow,reservoir
FR,h0625,2.796609845270325,scr2090,stInflow,reservoir
FR,h0626,2.916591527018671,scr2090,stInflow,reservoir
FR,h0627,3.0363721405222313,scr2090,stInflow,reservoir
FR,h0628,3.0363721405222313,scr2090,stInflow,reservoir
FR,h0629,3.0363721405222313,scr2090,stInflow,reservoir
FR,h0630,3.0363721405222313,scr2090,stInflow,reservoir
FR,h0631,3.0363721405222313,scr2090,stInflow,reservoir
FR,h0632,3.0363721405222313,scr2090,stInflow,reservoir
FR,h0633,3.0363721405222313,scr2090,stInflow,reservoir
FR,h0634,3.0363721405222313,scr2090,stInflow,reservoir
FR,h0635,3.0363721405222313,scr2090,stInflow,reservoir
FR,h0636,3.0363721405222313,scr2090,stInflow,reservoir
FR,h0637,3.077711207002107,scr2090,stInflow,reservoir
FR,h0638,3.1190276124612106,scr2090,stInflow,reservoir
FR,h0639,3.1603216762767774,scr2090,stInflow,reservoir
FR,h0640,3.1603216762767774,scr2090,stInflow,reservoir
FR,h0641,3.1603216762767774,scr2090,stInflow,reservoir
FR,h0642,3.1603216762767774,scr2090,stInflow,reservoir
FR,h0643,3.1603216762767774,scr2090,stInflow,reservoir
FR,h0644,3.1603216762767774,scr2090,stInflow,reservoir
FR,h0645,3.1603216762767774,scr2090,stInflow,reservoir
FR,h0646,3.1603216762767774,scr2090,stInflow,reservoir
FR,h0647,3.1603216762767774,scr2090,stInflow,reservoir
FR,h0648,3.1603216762767774,scr2090,stInflow,reservoir
FR,h0649,3.1017071959170543,scr2090,stInflow,reservoir
FR,h0650,3.0430474424508205,scr2090,stInflow,reservoir
FR,h0651,2.984341486459071,scr2090,stInflow,reservoir
FR,h0652,2.984341486459071,scr2090,stInflow,reservoir
FR,h0653,2.984341486459071,scr2090,stInflow,reservoir
FR,h0654,2.984341486459071,scr2090,stInflow,reservoir
FR,h0655,2.984341486459071,scr2090,stInflow,reservoir
FR,h0656,2.984341486459071,scr2090,stInflow,reservoir
FR,h0657,2.984341486459071,scr2090,stInflow,reservoir
FR,h0658,2.984341486459071,scr2090,stInflow,reservoir
FR,h0659,2.984341486459071,scr2090,stInflow,reservoir
FR,h0660,2.984341486459071,scr2090,stInflow,reservoir
FR,h0661,2.984341486459071,scr2090,stInflow,reservoir
FR,h0662,2.984341486459071,scr2090,stInflow,reservoir
FR,h0663,2.984341486459071,scr2090,stInflow,reservoir
FR,h0664,2.984341486459071,scr2090,stInflow,reservoir
FR,h0665,2.984341486459071,scr2090,stInflow,reservoir
FR,h0666,2.984341486459071,scr2090,stInflow,reservoir
FR,h0667,2.920558934873804,scr2090,stInflow,reservoir
FR,h0668,2.8567195027811474,scr2090,stInflow,reservoir
FR,h0669,2.7928218378044987,scr2090,stInflow,reservoir
FR,h0670,2.7928218378044987,scr2090,stInflow,reservoir
FR,h0671,2.7928218378044987,scr2090,stInflow,reservoir
FR,h0672,2.7928218378044987,scr2090,stInflow,reservoir
IT,h0505,0.20021107715551062,scr2090,stInflow,reservoir
IT,h0506,0.20021107715551062,scr2090,stInflow,reservoir
IT,h0507,0.20021107715551062,scr2090,stInflow,reservoir
IT,h0508,0.20021107715551062,scr2090,stInflow,reservoir
IT,h0509,0.20021107715551062,scr2090,stInflow,reservoir
IT,h0510,0.20021107715551062,scr2090,stInflow,reservoir
IT,h0511,0.24279260738980796,scr2090,stInflow,reservoir
IT,h0512,0.28529957139783635,scr2090,stInflow,reservoir
IT,h0513,0.32774333002406525,scr2090,stInflow,reservoir
IT,h0514,0.32774333002406525,scr2090,stInflow,reservoir
IT,h0515,0.32774333002406525,scr2090,stInflow,reservoir
IT,h0516,0.32774333002406525,scr2090,stInflow,reservoir
IT,h0517,0.32774333002406525,scr2090,stInflow,reservoir
IT,h0518,0.32774333002406525,scr2090,stInflow,reservoir
IT,h0519,0.32774333002406525,scr2090,stInflow,reservoir
IT,h0520,0.32774333002406525,scr2090,stInflow,reservoir
IT,h0521,0.32774333002406525,scr2090,stInflow,reservoir
IT,h0522,0.32774333002406525,scr2090,stInflow,reservoir
IT,h0523,0.3392158168901273,scr2090,stInflow,reservoir
IT,h0524,0.3506844381585765,scr2090,stInflow,reservoir
IT,h0525,0.36214932234676583,scr2090,stInflow,reservoir
IT,h0526,0.36214932234676583,scr2090,stInflow,reservoir
IT,h0527,0.36214932234676583,scr2090,stInflow,reservoir
IT,h0528,0.36214932234676583,scr2090,stInflow,reservoir
IT,h0529,0.36214932234676583,scr2090,stInflow,reservoir
IT,h0530,0.36214932234676583,scr2090,stInflow,reservoir
IT,h0531,0.36214932234676583,scr2090,stInflow,reservoir
IT,h0532,0.36214932234676583,scr2090,stInflow,reservoir
IT,h0533,0.36214932234676583,scr2090,stInflow,reservoir
IT,h0534,0.36214932234676583,scr2090,stInflow,reservoir
IT,h0535,0.4030754100375364,scr2090,stInflow,reservoir
IT,h0536,0.4439600396669034,scr2090,stInflow,reservoir
IT,h0537,0.4848071032466307,scr2090,stInflow,reservoir
IT,h0538,0.4848071032466307,scr2090,stInflow,reservoir
IT,h0539,0.4848071032466307,scr2090,stInflow,reservoir
IT,h0540,0.4848071032466307,scr2090,stInflow,reservoir
IT,h0541,0.4848071032466307,scr2090,stInflow,reservoir
IT,h0542,0.4848071032466307,scr2090,stInflow,reservoir
IT,h0543,0.4848071032466307,scr2090,stInflow,reservoir
IT,h0544,0.4848071032466307,scr2090,stInflow,reservoir
IT,h0545,0.4848071032466307,scr2090,stInflow,reservoir
IT,h0546,0.4848071032466307,scr2090,stInflow,reservoir
IT,h0547,0.5072327359997397,scr2090,stInflow,reservoir
IT,h0548,0.5296484792262685,scr2090,stInflow,reservoir
IT,h0549,0.5520547589692958,scr2090,stInflow,reservoir
IT,h0550,0.5520547589692958,scr2090,stInflow,reservoir
IT,h0551,0.5520547589692958,scr2090,stInflow,reservoir
IT,h0552,0.5520547589692958,scr2090,stInflow,reservoir
IT,h0553,0.5520547589692958,scr2090,stInflow,reservoir
IT,h0554,0.5520547589692958,scr2090,stInflow,reservoir
IT,h0555,0.5520547589692958,scr2090,stInflow,reservoir
IT,h0556,0.5520547589692958,scr2090,stInflow,reservoir
IT,h0557,0.5520547589692958,scr2090,stInflow,reservoir
IT,h0558,0.5520547589692958,scr2090,stInflow,reservoir
IT,h0559,0.6034517872795586,scr2090,stInflow,reservoir
IT,h0560,0.6548051138030678,scr2090,stInflow,reservoir
IT,h0561,0.7061182329220076,scr2090,stInflow,reservoir
IT,h0562,0.7061182329220076,scr2090,stInflow,reservoir
IT,h0563,0.7061182329220076,scr2090,stInflow,reservoir
IT,h0564,0.7061182329220076,scr2090,stInflow,reservoir
IT,h0565,0.7061182329220076,scr2090,stInflow,reservoir
IT,h0566,0.7061182329220076,scr2090,stInflow,reservoir
IT,h0567,0.7061182329220076,scr2090,stInflow,reservoir
IT,h0568,0.7061182329220076,scr2090,stInflow,reservoir
IT,h0569,0.7061182329220076,scr2090,stInflow,reservoir
IT,h0570,0.7061182329220076,scr2090,stInflow,reservoir
IT,h0571,0.7061182329220076,scr2090,stInflow,reservoir
IT,h0572,0.7061182329220076,scr2090,stInflow,reservoir
IT,h0573,0.7061182329220076,scr2090,stInflow,reservoir
IT,h0574,0.7061182329220076,scr2090,stInflow,reservoir
IT,h0575,0.7061182329220076,scr2090,stInflow,reservoir
IT,h0576,0.7061182329220076,scr2090,stInflow,reservoir
IT,h0577,0.7152698636018201,scr2090,stInflow,reservoir
IT,h0578,0.7244203255353261,scr2090,stInflow,reservoir
IT,h0579,0.7335696337549957,scr2090,stInflow,reservoir
IT,h0580,0.7335696337549957,scr2090,stInflow,reservoir
IT,h0581,0.7335696337549957,scr2090,stInflow,reservoir
IT,h0582,0.7335696337549957,scr2090,stInflow,reservoir
IT,h0583,0.7335696337549957,scr2090,stInflow,reservoir
IT,h0584,0.7335696337549957,scr2090,stInflow,reservoir
IT,h0585,0.7335696337549957,scr2090,stInflow,reservoir
IT,h0586,0.7335696337549957,scr2090,stInflow,reservoir
IT,h0587,0.7335696337549957,scr2090,stInflow,reservoir
IT,h0588,0.7335696337549957,scr2090,stInflow,reservoir
IT,h0589,0.7346787516960777,scr2090,stInflow,reservoir
IT,h0590,0.7357878529221249,scr2090,stInflow,reservoir
IT,h0591,0.7368969374587954,scr2090,stInflow,reservoir
IT,h0592,0.7368969374587954,scr2090,stInflow,reservoir
IT,h0593,0.7368969374587954,scr2090,stInflow,reservoir
IT,h0594,0.7368969374587954,scr2090,stInflow,reservoir
IT,h0595,0.7368969374587954,scr2090,stInflow,reservoir
IT,h0596,0.7368969374587954,scr2090,stInflow,reservoir
IT,h0597,0.7368969374587954,scr2090,stInflow,reservoir
IT,h0598,0.7368969374587954,scr2090,stInflow,reservoir
IT,h0599,0.7368969374587954,scr2090,stInflow,reservoir
IT,h0600,0.7368969374587954,scr2090,stInflow,reservoir
IT,h0601,0.7632994527526034,scr2090,stInflow,reservoir
IT,h0602,0.7896928518172027,scr2090,stInflow,reservoir
IT,h0603,0.8160774449810411,scr2090,stInflow,reservoir
IT,h0604,0.8160774449810411,scr2090,stInflow,reservoir
IT,h0605,0.8160774449810411,scr2090,stInflow,reservoir
IT,h0606,0.8160774449810411,scr2090,stInflow,reservoir
IT,h0607,0.8160774449810411,scr2090,stInflow,reservoir
IT,h0608,0.8160774449810411,scr2090,stInflow,reservoir
IT,h0609,0.8160774449810411,scr2090,stInflow,reservoir
IT,h0610,0.8160774449810411,scr2090,stInflow,reservoir
IT,h0611,0.8160774449810411,scr2090,stInflow,reservoir
IT,h0612,0.8160774449810411,scr2090,stInflow,reservoir
IT,h0613,0.89752512640311,scr2090,stInflow,reservoir
IT,h0614,0.9788989657157651,scr2090,stInflow,reservoir
IT,h0615,1.0602052265460684,scr2090,stInflow,reservoir
IT,h0616,1.0602052265460684,scr2090,stInflow,reservoir
IT,h0617,1.0602052265460684,scr2090,stInflow,reservoir
IT,h0618,1.0602052265460684,scr2090,stInflow,reservoir
IT,h0619,1.0602052265460684,scr2090,stInflow,reservoir
IT,h0620,1.0602052265460684,scr2090,stInflow,reservoir
IT,h0621,1.0602052265460684,scr2090,stInflow,reservoir
IT,h0622,1.0602052265460684,scr2090,stInflow,reservoir
IT,h0623,1.0602052265460684,scr2090,stInflow,reservoir
IT,h0624,1.0602052265460684,scr2090,stInflow,reservoir
IT,h0625,1.1139737920089465,scr2090,stInflow,reservoir
IT,h0626,1.167716437327493,scr2090,stInflow,reservoir
IT,h0627,1.2214343783971562,scr2090,stInflow,reservoir
IT,h0628,1.2214343783971562,scr2090,stInflow,reservoir
IT,h0629,1.2214343783971562,scr2090,stInflow,reservoir
IT,h0630,1.2214343783971562,scr2090,stInflow,reservoir
IT,h0631,1.2214343783971562,scr2090,stInflow,reservoir
IT,h0632,1.2214343783971562,scr2090,stInflow,reservoir
IT,h0633,1.2214343783971562,scr2090,stInflow,reservoir
IT,h0634,1.2214343783971562,scr2090,stInflow,reservoir
IT,h0635,1.2214343783971562,scr2090,stInflow,reservoir
IT,h0636,1.2214343783971562,scr2090,stInflow,reservoir
IT,h0637,1.2352530882053583,scr2090,stInflow,reservoir
IT,h0638,1.2490702539005365,scr2090,stInflow,reservoir
IT,h0639,1.2628858928874662,scr2090,stInflow,reservoir
IT,h0640,1.2628858928874662,scr2090,stInflow,reservoir
IT,h0641,1.2628858928874662,scr2090,stInflow,reservoir
IT,h0642,1.2628858928874662,scr2090,stInflow,reservoir
IT,h0643,1.2628858928874662,scr2090,stInflow,reservoir
IT,h0644,1.2628858928874662,scr2090,stInflow,reservoir
IT,h0645,1.2628858928874662,scr2090,stInflow,reservoir
IT,h0646,1.2628858928874662,scr2090,stInflow,reservoir
IT,h0647,1.2628858928874662,scr2090,stInflow,reservoir
IT,h0648,1.2628858928874662,scr2090,stInflow,reservoir
IT,h0649,1.2302191655408823,scr2090,stInflow,reservoir
IT,h0650,1.1975437699046474,scr2090,stInflow,reservoir
IT,h0651,1.1648594648447246,scr2090,stInflow,reservoir
IT,h0652,1.1648594648447246,scr2090,stInflow,reservoir
IT,h0653,1.1648594648447246,scr2090,stInflow,reservoir
IT,h0654,1.1648594648447246,scr2090,stInflow,reservoir
IT,h0655,1.1648594648447246,scr2090,stInflow,reservoir
IT,h0656,1.1648594648447246,scr2090,stInflow,reservoir
IT,h0657,1.1648594648447246,scr2090,stInflow,reservoir
IT,h0658,1.1648594648447246,scr2090,stInflow,reservoir
IT,h0659,1.1648594648447246,scr2090,stInflow,reservoir
IT,h0660,1.1648594648447246,scr2090,stInflow,reservoir
IT,h0661,1.1648594648447246,scr2090,stInflow,reservoir
IT,h0662,1.1648594648447246,scr2090,stInflow,reservoir
IT,h0663,1.1648594648447246,scr2090,stInflow,reservoir
IT,h0664,1.1648594648447246,scr2090,stInflow,reservoir
IT,h0665,1.1648594648447246,scr2090,stInflow,reservoir
IT,h0666,1.1648594648447246,scr2090,stInflow,reservoir
IT,h0667,1.1329258939618356,scr2090,stInflow,reservoir
IT,h0668,1.1009833286036992,scr2090,stInflow,reservoir
IT,h0669,1.0690315027319328,scr2090,stInflow,reservoir
IT,h0670,1.0690315027319328,scr2090,stInflow,reservoir
IT,h0671,1.0690315027319328,scr2090,stInflow,reservoir
IT,h0672,1.0690315027319328,scr2090,stInflow,reservoir
ME,h0505,0.07596334289089338,scr2090,stInflow,reservoir
ME,h0506,0.07596334289089338,scr2090,stInflow,reservoir
ME,h0507,0.07596334289089338,scr2090,stInflow,reservoir
ME,h0508,0.07596334289089338,scr2090,stInflow,reservoir
ME,h0509,0.07596334289089338,scr2090,stInflow,reservoir
ME,h0510,0.07596334289089338,scr2090,stInflow,reservoir
ME,h0511,0.07554742288939857,scr2090,stInflow,reservoir
ME,h0512,0.07513143451728134,scr2090,stInflow,reservoir
ME,h0513,0.07471537738527291,scr2090,stInflow,reservoir
ME,h0514,0.07471537738527291,scr2090,stInflow,reservoir
ME,h0515,0.07471537738527291,scr2090,stInflow,reservoir
ME,h0516,0.07471537738527291,scr2090,stInflow,reservoir
ME,h0517,0.07471537738527291,scr2090,stInflow,reservoir
ME,h0518,0.07471537738527291,scr2090,stInflow,reservoir
ME,h0519,0.07471537738527291,scr2090,stInflow,reservoir
ME,h0520,0.07471537738527291,scr2090,stInflow,reservoir
ME,h0521,0.07471537738527291,scr2090,stInflow,reservoir
ME,h0522,0.07471537738527291,scr2090,stInflow,reservoir
ME,h0523,0.07173917757695952,scr2090,stInflow,reservoir
ME,h0524,0.06875929223856003,scr2090,stInflow,reservoir
ME,h0525,0.0657755573244575,scr2090,stInflow,reservoir
ME,h0526,0.0657755573244575,scr2090,stInflow,reservoir
ME,h0527,0.0657755573244575,scr2090,stInflow,reservoir
ME,h0528,0.0657755573244575,scr2090,stInflow,reservoir
ME,h0529,0.0657755573244575,scr2090,stInflow,reservoir
ME,h0530,0.0657755573244575,scr2090,stInflow,reservoir
ME,h0531,0.0657755573244575,scr2090,stInflow,reservoir
ME,h0532,0.0657755573244575,scr2090,stInflow,reservoir
ME,h0533,0.0657755573244575,scr2090,stInflow,reservoir
ME,h0534,0.0657755573244575,scr2090,stInflow,reservoir
ME,h0535,0.06834302564526291,scr2090,stInflow,reservoir
ME,h0536,0.07090762654924186,scr2090,stInflow,reservoir
ME,h0537,0.07346946639355532,scr2090,stInflow,reservoir
ME,h0538,0.07346946639355532,scr2090,stInflow,reservoir
ME,h0539,0.07346946639355532,scr2090,stInflow,reservoir
ME,h0540,0.07346946639355532,scr2090,stInflow,reservoir
ME,h0541,0.07346946639355532,scr2090,stInflow,reservoir
ME,h0542,0.07346946639355532,scr2090,stInflow,reservoir
ME,h0543,0.07346946639355532,scr2090,stInflow,reservoir
ME,h0544,0.07346946639355532,scr2090,stInflow,reservoir
ME,h0545,0.07346946639355532,scr2090,stInflow,reservoir
ME,h0546,0.07346946639355532,scr2090,stInflow,reservoir
ME,h0547,0.09031953479383813,scr2090,stInflow,reservoir
ME,h0548,0.1070752560739209,scr2090,stInflow,reservoir
ME,h0549,0.12375201950947458,scr2090,stInflow,reservoir
ME,h0550,0.12375201950947458,scr2090,stInflow,reservoir
ME,h0551,0.12375201950947458,scr2090,stInflow,reservoir
ME,h0552,0.12375201950947458,scr2090,stInflow,reservoir
ME,h0553,0.12375201950947458,scr2090,stInflow,reservoir
ME,h0554,0.12375201950947458,scr2090,stInflow,reservoir
ME,h0555,0.12375201950947458,scr2090,stInflow,reservoir
ME,h0556,0.12375201950947458,scr2090,stInflow,reservoir
ME,h0557,0.12375201950947458,scr2090,stInflow,reservoir
ME,h0558,0.12375201950947458,scr2090,stInflow,reservoir
ME,h0559,0.14578090765516447,scr2090,stInflow,reservoir
ME,h0560,0.16770896631410373,scr2090,stInflow,reservoir
ME,h0561,0.18955002188563597,scr2090,stInflow,reservoir
ME,h0562,0.18955002188563597,scr2090,stInflow,reservoir
ME,h0563,0.18955002188563597,scr2090,stInflow,reservoir
ME,h0564,0.18955002188563597,scr2090,stInflow,reservoir
ME,h0565,0.18955002188563597,scr2090,stInflow,reservoir
ME,h0566,0.18955002188563597,scr2090,stInflow,reservoir
ME,h0567,0.18955002188563597,scr2090,stInflow,reservoir
ME,h0568,0.18955002188563597,scr2090,stInflow,reservoir
ME,h0569,0.18955002188563597,scr2090,stInflow,reservoir
ME,h0570,0.18955002188563597,scr2090,stInflow,reservoir
ME,h0571,0.18955002188563597,scr2090,stInflow,reservoir
ME,h0572,0.18955002188563597,scr2090,stInflow,reservoir
ME,h0573,0.18955002188563597,scr2090,stInflow,reservoir
ME,h0574,0.18955002188563597,scr2090,stInflow,reservoir
ME,h0575,0.18955002188563597,scr2090,stInflow,reservoir
ME,h0576,0.18955002188563597,scr2090,stInflow,reservoir
ME,h0577,0.20753940183326636,scr2090,stInflow,reservoir
ME,h0578,0.2254813466992001,scr2090,stInflow,reservoir
ME,h0579,0.24337981992037594,scr2090,stInflow,reservoir
ME,h0580,0.24337981992037594,scr2090,stInflow,reservoir
ME,h0581,0.24337981992037594,scr2090,stInflow,reservoir
ME,h0582,0.24337981992037594,scr2090,stInflow,reservoir
ME,h0583,0.24337981992037594,scr2090,stInflow,reservoir
ME,h0584,0.24337981992037594,scr2090,stInflow,reservoir
ME,h0585,0.24337981992037594,scr2090,stInflow,reservoir
ME,h0586,0.24337981992037594,scr2090,stInflow,reservoir
ME,h0587,0.24337981992037594,scr2090,stInflow,reservoir
ME,h0588,0.24337981992037594,scr2090,stInflow,reservoir
ME,h0589,0.2456785247635409,scr2090,stInflow,reservoir
ME,h0590,0.24797657341983773,scr2090,stInflow,reservoir
ME,h0591,0.25027397228036474,scr2090,stInflow,reservoir
ME,h0592,0.25027397228036474,scr2090,stInflow,reservoir
ME,h0593,0.25027397228036474,scr2090,stInflow,reservoir
ME,h0594,0.25027397228036474,scr2090,stInflow,reservoir
ME,h0595,0.25027397228036474,scr2090,stInflow,reservoir
ME,h0596,0.25027397228036474,scr2090,stInflow,reservoir
ME,h0597,0.25027397228036474,scr2090,stInflow,reservoir
ME,h0598,0.25027397228036474,scr2090,stInflow,reservoir
ME,h0599,0.25027397228036474,scr2090,stInflow,reservoir
ME,h0600,0.25027397228036474,scr2090,stInflow,reservoir
ME,h0601,0.25297666800215346,scr2090,stInflow,reservoir
ME,h0602,0.2556784825731922,scr2090,stInflow,reservoir
ME,h0603,0.2583794257821935,scr2090,stInflow,reservoir
ME,h0604,0.2583794257821935,scr2090,stInflow,reservoir
ME,h0605,0.2583794257821935,scr2090,stInflow,reservoir
ME,h0606,0.2583794257821935,scr2090,stInflow,reservoir
ME,h0607,0.2583794257821935,scr2090,stInflow,reservoir
ME,h0608,0.2583794257821935,scr2090,stInflow,reservoir
ME,h0609,0.2583794257821935,scr2090,stInflow,reservoir
ME,h0610,0.2583794257821935,scr2090,stInflow,reservoir
ME,h0611,0.2583794257821935,scr2090,stInflow,reservoir
ME,h0612,0.2583794257821935,scr2090,stInflow,reservoir
ME,h0613,0.26723961057402,scr2090,stInflow,reservoir
ME,h0614,0.27609083101822085,scr2090,stInflow,reservoir
ME,h0615,0.28493338934814394,scr2090,stInflow,reservoir
ME,h0616,0.28493338934814394,scr2090,stInflow,reservoir
ME,h0617,0.28493338934814394,scr2090,stInflow,reservoir
ME,h0618,0.28493338934814394,scr2090,stInflow,reservoir
ME,h0619,0.28493338934814394,scr2090,stInflow,reservoir
ME,h0620,0.28493338934814394,scr2090,stInflow,reservoir
ME,h0621,0.28493338934814394,scr2090,stInflow,reservoir
ME,h0622,0.28493338934814394,scr2090,stInflow,reservoir
ME,h0623,0.28493338934814394,scr2090,stInflow,reservoir
ME,h0624,0.28493338934814394,scr2090,stInflow,reservoir
ME,h0625,0.29073692516824995,scr2090,stInflow,reservoir
ME,h0626,0.2965369221501047,scr2090,stInflow,reservoir
ME,h0627,0.30233345314098536,scr2090,stInflow,reservoir
ME,h0628,0.30233345314098536,scr2090,stInflow,reservoir
ME,h0629,0.30233345314098536,scr2090,stInflow,reservoir
ME,h0630,0.30233345314098536,scr2090,stInflow,reservoir
ME,h0631,0.30233345314098536,scr2090,stInflow,reservoir
ME,h0632,0.30233345314098536,scr2090,stInflow,reservoir
ME,h0633,0.30233345314098536,scr2090,stInflow,reservoir
ME,h0634,0.30233345314098536,scr2090,stInflow,reservoir
ME,h0635,0.30233345314098536,scr2090,stInflow,reservoir
ME,h0636,0.30233345314098536,scr2090,stInflow,reservoir
ME,h0637,0.30317479206957243,scr2090,stInflow,reservoir
ME,h0638,0.3040160596188577,scr2090,stInflow,reservoir
ME,h0639,0.30485725599684305,scr2090,stInflow,reservoir
ME,h0640,0.30485725599684305,scr2090,stInflow,reservoir
ME,h0641,0.30485725599684305,scr2090,stInflow,reservoir
ME,h0642,0.30485725599684305,scr2090,stInflow,reservoir
ME,h0643,0.30485725599684305,scr2090,stInflow,reservoir
ME,h0644,0.30485725599684305,scr2090,stInflow,reservoir
ME,h0645,0.30485725599684305,scr2090,stInflow,reservoir
ME,h0646,0.30485725599684305,scr2090,stInflow,reservoir
ME,h0647,0.30485725599684305,scr2090,stInflow,reservoir
ME,h0648,0.30485725599684305,scr2090,stInflow,reservoir
ME,h0649,0.3013200995087142,scr2090,stInflow,reservoir
ME,h0650,0.2977816730756727,scr2090,stInflow,reservoir
ME,h0651,0.2942419608014084,scr2090,stInflow,reservoir
ME,h0652,0.2942419608014084,scr2090,stInflow,reservoir
ME,h0653,0.2942419608014084,scr2090,stInflow,reservoir
ME,h0654,0.2942419608014084,scr2090,stInflow,reservoir
ME,h0655,0.2942419608014084,scr2090,stInflow,reservoir
ME,h0656,0.2942419608014084,scr2090,stInflow,reservoir
ME,h0657,0.2942419608014084,scr2090,stInflow,reservoir
ME,h0658,0.2942419608014084,scr2090,stInflow,reservoir
ME,h0659,0.2942419608014084,scr2090,stInflow,reservoir
ME,h0660,0.2942419608014084,scr2090,stInflow,reservoir
ME,h0661,0.2942419608014084,scr2090,stInflow,reservoir
ME,h0662,0.2942419608014084,scr2090,stInflow,reservoir
ME,h0663,0.2942419608014084,scr2090,stInflow,reservoir
ME,h0664,0.2942419608014084,scr2090,stInflow,reservoir
ME,h0665,0.2942419608014084,scr2090,stInflow,reservoir
ME,h0666,0.2942419608014084,scr2090,stInflow,reservoir
ME,h0667,0.303435026482495,scr2090,stInflow,reservoir
ME,h0668,0.3126195830580562,scr2090,stInflow,reservoir
ME,h0669,0.3217958937095397,scr2090,stInflow,reservoir
ME,h0670,0.3217958937095397,scr2090,stInflow,reservoir
ME,h0671,0.3217958937095397,scr2090,stInflow,reservoir
ME,h0672,0.3217958937095397,scr2090,stInflow,reservoir
NO,h0505,5.347230538836186,scr2090,stInflow,reservoir
NO,h0506,5.347230538836186,scr2090,stInflow,reservoir
NO,h0507,5.347230538836186,scr2090,stInflow,reservoir
NO,h0508,5.347230538836186,scr2090,stInflow,reservoir
NO,h0509,5.347230538836186,scr2090,stInflow,reservoir
NO,h0510,5.347230538836186,scr2090,stInflow,reservoir
NO,h0511,6.026749090424262,scr2090,stInflow,reservoir
NO,h0512,6.70704566493899,scr2090,stInflow,reservoir
NO,h0513,7.388041707477798,scr2090,stInflow,reservoir
NO,h0514,7.388041707477798,scr2090,stInflow,reservoir
NO,h0515,7.388041707477798,scr2090,stInflow,reservoir
NO,h0516,7.388041707477798,scr2090,stInflow,reservoir
NO,h0517,7.388041707477798,scr2090,stInflow,reservoir
NO,h0518,7.388041707477798,scr2090,stInflow,reservoir
NO,h0519,7.388041707477798,scr2090,stInflow,reservoir
NO,h0520,7.388041707477798,scr2090,stInflow,reservoir
NO,h0521,7.388041707477798,scr2090,stInflow,reservoir
NO,h0522,7.388041707477798,scr2090,stInflow,reservoir
NO,h0523,7.524483871505128,scr2090,stInflow,reservoir
NO,h0524,7.660951022240049,scr2090,stInflow,reservoir
NO,h0525,7.797442719169775,scr2090,stInflow,reservoir
NO,h0526,7.797442719169775,scr2090,stInflow,reservoir
NO,h0527,7.797442719169775,scr2090,stInflow,reservoir
NO,h0528,7.797442719169775,scr2090,stInflow,reservoir
NO,h0529,7.797442719169775,scr2090,stInflow,reservoir
NO,h0530,7.797442719169775,scr2090,stInflow,reservoir
NO,h0531,7.797442719169775,scr2090,stInflow,reservoir
NO,h0532,7.797442719169775,scr2090,stInflow,reservoir
NO,h0533,7.797442719169775,scr2090,stInflow,reservoir
NO,h0534,7.797442719169775,scr2090,stInflow,reservoir
NO,h0535,8.599092406842498,scr2090,stInflow,reservoir
NO,h0536,9.401497556909767,scr2090,stInflow,reservoir
NO,h0537,10.204594269424444,scr2090,stInflow,reservoir
NO,h0538,10.204594269424444,scr2090,stInflow,reservoir
NO,h0539,10.204594269424444,scr2090,stInflow,reservoir
NO,h0540,10.204594269424444,scr2090,stInflow,reservoir
NO,h0541,10.204594269424444,scr2090,stInflow,reservoir
NO,h0542,10.204594269424444,scr2090,stInflow,reservoir
NO,h0543,10.204594269424444,scr2090,stInflow,reservoir
NO,h0544,10.204594269424444,scr2090,stInflow,reservoir
NO,h0545,10.204594269424444,scr2090,stInflow,reservoir
NO,h0546,10.204594269424444,scr2090,stInflow,reservoir
NO,h0547,10.480993219863432,scr2090,stInflow,reservoir
NO,h0548,10.757465591972464,scr2090,stInflow,reservoir
NO,h0549,11.034009522998595,scr2090,stInflow,reservoir
NO,h0550,11.034009522998595,scr2090,stInflow,reservoir
NO,h0551,11.034009522998595,scr2090,stInflow,reservoir
NO,h0552,11.034009522998595,scr2090,stInflow,reservoir
NO,h0553,11.034009522998595,scr2090,stInflow,reservoir
NO,h0554,11.034009522998595,scr2090,stInflow,reservoir
NO,h0555,11.034009522998595,scr2090,stInflow,reservoir
NO,h0556,11.034009522998595,scr2090,stInflow,reservoir
NO,h0557,11.034009522998595,scr2090,stInflow,reservoir
NO,h0558,11.034009522998595,scr2090,stInflow,reservoir
NO,h0559,11.84180548119798,scr2090,stInflow,reservoir
NO,h0560,12.650156651988482,scr2090,stInflow,reservoir
NO,h0561,13.459027993242687,scr2090,stInflow,reservoir
NO,h0562,13.459027993242687,scr2090,stInflow,reservoir
NO,h0563,13.459027993242687,scr2090,stInflow,reservoir
NO,h0564,13.459027993242687,scr2090,stInflow,reservoir
NO,h0565,13.459027993242687,scr2090,stInflow,reservoir
NO,h0566,13.459027993242687,scr2090,stInflow,reservoir
NO,h0567,13.459027993242687,scr2090,stInflow,reservoir
NO,h0568,13.459027993242687,scr2090,stInflow,reservoir
NO,h0569,13.459027993242687,scr2090,stInflow,reservoir
NO,h0570,13.459027993242687,scr2090,stInflow,reservoir
NO,h0571,13.459027993242687,scr2090,stInflow,reservoir
NO,h0572,13.459027993242687,scr2090,stInflow,reservoir
NO,h0573,13.459027993242687,scr2090,stInflow,reservoir
NO,h0574,13.459027993242687,scr2090,stInflow,reservoir
NO,h0575,13.459027993242687,scr2090,stInflow,reservoir
NO,h0576,13.459027993242687,scr2090,stInflow,reservoir
NO,h0577,13.40344568518123,scr2090,stInflow,reservoir
NO,h0578,13.347865694329581,scr2090,stInflow,reservoir
NO,h0579,13.292288030195131,scr2090,stInflow,reservoir
NO,h0580,13.292288030195131,scr2090,stInflow,reservoir
NO,h0581,13.292288030195131,scr2090,stInflow,reservoir
NO,h0582,13.292288030195131,scr2090,stInflow,reservoir
NO,h0583,13.292288030195131,scr2090,stInflow,reservoir
NO,h0584,13.292288030195131,scr2090,stInflow,reservoir
NO,h0585,13.292288030195131,scr2090,stInflow,reservoir
NO,h0586,13.292288030195131,scr2090,stInflow,reservoir
NO,h0587,13.292288030195131,scr2090,stInflow,reservoir
NO,h0588,13.292288030195131,scr2090,stInflow,reservoir
NO,h0589,13.289877415252883,scr2090,stInflow,reservoir
NO,h0590,13.287466804706861,scr2090,stInflow,reservoir
NO,h0591,13.28505619855785,scr2090,stInflow,reservoir
NO,h0592,13.28505619855785,scr2090,stInflow,reservoir
NO,h0593,13.28505619855785,scr2090,stInflow,reservoir
NO,h0594,13.28505619855785,scr2090,stInflow,reservoir
NO,h0595,13.28505619855785,scr2090,stInflow,reservoir
NO,h0596,13.28505619855785,scr2090,stInflow,reservoir
NO,h0597,13.28505619855785,scr2090,stInflow,reservoir
NO,h0598,13.28505619855785,scr2090,stInflow,reservoir
NO,h0599,13.28505619855785,scr2090,stInflow,reservoir
NO,h0600,13.28505619855785,scr2090,stInflow,reservoir
NO,h0601,13.23315506571846,scr2090,stInflow,reservoir
NO,h0602,13.18125597946672,scr2090,stInflow,reservoir
NO,h0603,13.129358947743237,scr2090,stInflow,reservoir
NO,h0604,13.129358947743237,scr2090,stInflow,reservoir
NO,h0605,13.129358947743237,scr2090,stInflow,reservoir
NO,h0606,13.129358947743237,scr2090,stInflow,reservoir
NO,h0607,13.129358947743237,scr2090,stInflow,reservoir
NO,h0608,13.129358947743237,scr2090,stInflow,reservoir
NO,h0609,13.129358947743237,scr2090,stInflow,reservoir
NO,h0610,13.129358947743237,scr2090,stInflow,reservoir
NO,h0611,13.129358947743237,scr2090,stInflow,reservoir
NO,h0612,13.129358947743237,scr2090,stInflow,reservoir
NO,h0613,13.306499065380596,scr2090,stInflow,reservoir
NO,h0614,13.48366289587007,scr2090,stInflow,reservoir
NO,h0615,13.660850132157668,scr2090,stInflow,reservoir
NO,h0616,13.660850132157668,scr2090,stInflow,reservoir
NO,h0617,13.660850132157668,scr2090,stInflow,reservoir
NO,h0618,13.660850132157668,scr2090,stInflow,reservoir
NO,h0619,13.660850132157668,scr2090,stInflow,reservoir
NO,h0620,13.660850132157668,scr2090,stInflow,reservoir
NO,h0621,13.660850132157668,scr2090,stInflow,reservoir
NO,h0622,13.660850132157668,scr2090,stInflow,reservoir
NO,h0623,13.660850132157668,scr2090,stInflow,reservoir
NO,h0624,13.660850132157668,scr2090,stInflow,reservoir
NO,h0625,13.557854150552991,scr2090,stInflow,reservoir
NO,h0626,13.45486603431688,scr2090,stInflow,reservoir
NO,h0627,13.351885842767569,scr2090,stInflow,reservoir
NO,h0628,13.351885842767569,scr2090,stInflow,reservoir
NO,h0629,13.351885842767569,scr2090,stInflow,reservoir
NO,h0630,13.351885842767569,scr2090,stInflow,reservoir
NO,h0631,13.351885842767569,scr2090,stInflow,reservoir
NO,h0632,13.351885842767569,scr2090,stInflow,reservoir
NO,h0633,13.351885842767569,scr2090,stInflow,reservoir
NO,h0634,13.351885842767569,scr2090,stInflow,reservoir
NO,h0635,13.351885842767569,scr2090,stInflow,reservoir
NO,h0636,13.351885842767569,scr2090,stInflow,reservoir
NO,h0637,13.058570131233882,scr2090,stInflow,reservoir
NO,h0638,12.76532065684066,scr2090,stInflow,reservoir
NO,h0639,12.472138919259788,scr2090,stInflow,reservoir
NO,h0640,12.472138919259788,scr2090,stInflow,reservoir
NO,h0641,12.472138919259788,scr2090,stInflow,reservoir
NO,h0642,12.472138919259788,scr2090,stInflow,reservoir
NO,h0643,12.472138919259788,scr2090,stInflow,reservoir
NO,h0644,12.472138919259788,scr2090,stInflow,reservoir
NO,h0645,12.472138919259788,scr2090,stInflow,reservoir
NO,h0646,12.472138919259788,scr2090,stInflow,reservoir
NO,h0647,12.472138919259788,scr2090,stInflow,reservoir
NO,h0648,12.472138919259788,scr2090,stInflow,reservoir
NO,h0649,12.117157847031422,scr2090,stInflow,reservoir
NO,h0650,11.762281372300558,scr2090,stInflow,reservoir
NO,h0651,11.407512607010077,scr2090,stInflow,reservoir
NO,h0652,11.407512607010077,scr2090,stInflow,reservoir
NO,h0653,11.407512607010077,scr2090,stInflow,reservoir
NO,h0654,11.407512607010077,scr2090,stInflow,reservoir
NO,h0655,11.407512607010077,scr2090,stInflow,reservoir
NO,h0656,11.407512607010077,scr2090,stInflow,reservoir
NO,h0657,11.407512607010077,scr2090,stInflow,reservoir
NO,h0658,11.407512607010077,scr2090,stInflow,reservoir
NO,h0659,11.407512607010077,scr2090,stInflow,reservoir
NO,h0660,11.407512607010077,scr2090,stInflow,reservoir
NO,h0661,11.407512607010077,scr2090,stInflow,reservoir
NO,h0662,11.407512607010077,scr2090,stInflow,reservoir
NO,h0663,11.407512607010077,scr2090,stInflow,reservoir
NO,h0664,11.407512607010077,scr2090,stInflow,reservoir
NO,h0665,11.407512607010077,scr2090,stInflow,reservoir
NO,h0666,11.407512607010077,scr2090,stInflow,reservoir
NO,h0667,10.93939156939453,scr2090,stInflow,reservoir
NO,h0668,10.47147214974013,scr2090,stInflow,reservoir
NO,h0669,10.003763240893772,scr2090,stInflow,reservoir
NO,h0670,10.003763240893772,scr2090,stInflow,reservoir
NO,h0671,10.003763240893772,scr2090,stInflow,reservoir
NO,h0672,10.003763240893772,scr2090,stInflow,reservoir
PT,h0505,0.009230405784843474,scr2090,stInflow,reservoir
PT,h0506,0.009230405784843474,scr2090,stInflow,reservoir
PT,h0507,0.009230405784843474,scr2090,stInflow,reservoir
PT,h0508,0.009230405784843474,scr2090,stInflow,reservoir
PT,h0509,0.009230405784843474,scr2090,stInflow,reservoir
PT,h0510,0.009230405784843474,scr2090,stInflow,reservoir
PT,h0511,0.034683533807090924,scr2090,stInflow,reservoir
PT,h0512,0.059929413084619035,scr2090,stInflow,reservoir
PT,h0513,0.08506599628741145,scr2090,stInflow,reservoir
PT,h0514,0.08506599628741145,scr2090,stInflow,reservoir
PT,h0515,0.08506599628741145,scr2090,stInflow,reservoir
PT,h0516,0.08506599628741145,scr2090,stInflow,reservoir
PT,h0517,0.08506599628741145,scr2090,stInflow,reservoir
PT,h0518,0.08506599628741145,scr2090,stInflow,reservoir
PT,h0519,0.08506599628741145,scr2090,stInflow,reservoir
PT,h0520,0.08506599628741145,scr2090,stInflow,reservoir
PT,h0521,0.08506599628741145,scr2090,stInflow,reservoir
PT,h0522,0.08506599628741145,scr2090,stInflow,reservoir
PT,h0523,0.09826001357103907,scr2090,stInflow,reservoir
PT,h0524,0.11143628570919156,scr2090,stInflow,reservoir
PT,h0525,0.12459696121437885,scr2090,stInflow,reservoir
PT,h0526,0.12459696121437885,scr2090,stInflow,reservoir
PT,h0527,0.12459696121437885,scr2090,stInflow,reservoir
PT,h0528,0.12459696121437885,scr2090,stInflow,reservoir
PT,h0529,0.12459696121437885,scr2090,stInflow,reservoir
PT,h0530,0.12459696121437885,scr2090,stInflow,reservoir
PT,h0531,0.12459696121437885,scr2090,stInflow,reservoir
PT,h0532,0.12459696121437885,scr2090,stInflow,reservoir
PT,h0533,0.12459696121437885,scr2090,stInflow,reservoir
PT,h0534,0.12459696121437885,scr2090,stInflow,reservoir
PT,h0535,0.1397978192965825,scr2090,stInflow,reservoir
PT,h0536,0.15498213529902288,scr2090,stInflow,reservoir
PT,h0537,0.1701515664067821,scr2090,stInflow,reservoir
PT,h0538,0.1701515664067821,scr2090,stInflow,reservoir
PT,h0539,0.1701515664067821,scr2090,stInflow,reservoir
PT,h0540,0.1701515664067821,scr2090,stInflow,reservoir
PT,h0541,0.1701515664067821,scr2090,stInflow,reservoir
PT,h0542,0.1701515664067821,scr2090,stInflow,reservoir
PT,h0543,0.1701515664067821,scr2090,stInflow,reservoir
PT,h0544,0.1701515664067821,scr2090,stInflow,reservoir
PT,h0545,0.1701515664067821,scr2090,stInflow,reservoir
PT,h0546,0.1701515664067821,scr2090,stInflow,reservoir
PT,h0547,0.22576280571416504,scr2090,stInflow,reservoir
PT,h0548,0.28123597944529793,scr2090,stInflow,reservoir
PT,h0549,0.33659923259379404,scr2090,stInflow,reservoir
PT,h0550,0.33659923259379404,scr2090,stInflow,reservoir
PT,h0551,0.33659923259379404,scr2090,stInflow,reservoir
PT,h0552,0.33659923259379404,scr2090,stInflow,reservoir
PT,h0553,0.33659923259379404,scr2090,stInflow,reservoir
PT,h0554,0.33659923259379404,scr2090,stInflow,reservoir
PT,h0555,0.33659923259379404,scr2090,stInflow,reservoir
PT,h0556,0.33659923259379404,scr2090,stInflow,reservoir
PT,h0557,0.33659923259379404,scr2090,stInflow,reservoir
PT,h0558,0.33659923259379404,scr2090,stInflow,reservoir
PT,h0559,0.4182052702365887,scr2090,stInflow,reservoir
PT,h0560,0.49965135723348036,scr2090,stInflow,reservoir
PT,h0561,0.58096431149066,scr2090,stInflow,reservoir
PT,h0562,0.58096431149066,scr2090,stInflow,reservoir
PT,h0563,0.58096431149066,scr2090,stInflow,reservoir
PT,h0564,0.58096431149066,scr2090,stInflow,reservoir
PT,h0565,0.58096431149066,scr2090,stInflow,reservoir
PT,h0566,0.58096431149066,scr2090,stInflow,reservoir
PT,h0567,0.58096431149066,scr2090,stInflow,reservoir
PT,h0568,0.58096431149066,scr2090,stInflow,reservoir
PT,h0569,0.58096431149066,scr2090,stInflow,reservoir
PT,h0570,0.58096431149066,scr2090,stInflow,reservoir
PT,h0571,0.58096431149066,scr2090,stInflow,reservoir
PT,h0572,0.58096431149066,scr2090,stInflow,reservoir
PT,h0573,0.58096431149066,scr2090,stInflow,reservoir
PT,h0574,0.58096431149066,scr2090,stInflow,reservoir
PT,h0575,0.58096431149066,scr2090,stInflow,reservoir
PT,h0576,0.58096431149066,scr2090,stInflow,reservoir
PT,h0577,0.6389978270379735,scr2090,stInflow,reservoir
PT,h0578,0.6969786163427862,scr2090,stInflow,reservoir
PT,h0579,0.7549111606193046,scr2090,stInflow,reservoir
PT,h0580,0.7549111606193046,scr2090,stInflow,reservoir
PT,h0581,0.7549111606193046,scr2090,stInflow,reservoir
PT,h0582,0.7549111606193046,scr2090,stInflow,reservoir
PT,h0583,0.7549111606193046,scr2090,stInflow,reservoir
PT,h0584,0.7549111606193046,scr2090,stInflow,reservoir
PT,h0585,0.7549111606193046,scr2090,stInflow,reservoir
PT,h0586,0.7549111606193046,scr2090,stInflow,reservoir
PT,h0587,0.7549111606193046,scr2090,stInflow,reservoir
PT,h0588,0.7549111606193046,scr2090,stInflow,reservoir
PT,h0589,0.7609456854175796,scr2090,stInflow,reservoir
PT,h0590,0.7669797317413387,scr2090,stInflow,reservoir
PT,h0591,0.7730133034299328,scr2090,stInflow,reservoir
PT,h0592,0.7730133034299328,scr2090,stInflow,reservoir
PT,h0593,0.7730133034299328,scr2090,stInflow,reservoir
PT,h0594,0.7730133034299328,scr2090,stInflow,reservoir
PT,h0595,0.7730133034299328,scr2090,stInflow,reservoir
PT,h0596,0.7730133034299328,scr2090,stInflow,reservoir
PT,h0597,0.7730133034299328,scr2090,stInflow,reservoir
PT,h0598,0.7730133034299328,scr2090,stInflow,reservoir
PT,h0599,0.7730133034299328,scr2090,stInflow,reservoir
PT,h0600,0.7730133034299328,scr2090,stInflow,reservoir
PT,h0601,0.7497996360489515,scr2090,stInflow,reservoir
PT,h0602,0.7265787790903596,scr2090,stInflow,reservoir
PT,h0603,0.7033504980314453,scr2090,stInflow,reservoir
PT,h0604,0.7033504980314453,scr2090,stInflow,reservoir
PT,h0605,0.7033504980314453,scr2090,stInflow,reservoir
PT,h0606,0.7033504980314453,scr2090,stInflow,reservoir
PT,h0607,0.7033504980314453,scr2090,stInflow,reservoir
PT,h0608,0.7033504980314453,scr2090,stInflow,reservoir
PT,h0609,0.7033504980314453,scr2090,stInflow,reservoir
PT,h0610,0.7033504980314453,scr2090,stInflow,reservoir
PT,h0611,0.7033504980314453,scr2090,stInflow,reservoir
PT,h0612,0.7033504980314453,scr2090,stInflow,reservoir
PT,h0613,0.6612878802346452,scr2090,stInflow,reservoir
PT,h0614,0.6191984749188824,scr2090,stInflow,reservoir
PT,h0615,0.5770804207293015,scr2090,stInflow,reservoir
PT,h0616,0.5770804207293015,scr2090,stInflow,reservoir
PT,h0617,0.5770804207293015,scr2090,stInflow,reservoir
PT,h0618,0.5770804207293015,scr2090,stInflow,reservoir
PT,h0619,0.5770804207293015,scr2090,stInflow,reservoir
PT,h0620,0.5770804207293015,scr2090,stInflow,reservoir
PT,h0621,0.5770804207293015,scr2090,stInflow,reservoir
PT,h0622,0.5770804207293015,scr2090,stInflow,reservoir
PT,h0623,0.5770804207293015,scr2090,stInflow,reservoir
PT,h0624,0.5770804207293015,scr2090,stInflow,reservoir
PT,h0625,0.5316756997427395,scr2090,stInflow,reservoir
PT,h0626,0.48623212613158273,scr2090,stInflow,reservoir
PT,h0627,0.4407459820683178,scr2090,stInflow,reservoir
PT,h0628,0.4407459820683178,scr2090,stInflow,reservoir
PT,h0629,0.4407459820683178,scr2090,stInflow,reservoir
PT,h0630,0.4407459820683178,scr2090,stInflow,reservoir
PT,h0631,0.4407459820683178,scr2090,stInflow,reservoir
PT,h0632,0.4407459820683178,scr2090,stInflow,reservoir
PT,h0633,0.4407459820683178,scr2090,stInflow,reservoir
PT,h0634,0.4407459820683178,scr2090,stInflow,reservoir
PT,h0635,0.4407459820683178,scr2090,stInflow,reservoir
PT,h0636,0.4407459820683178,scr2090,stInflow,reservoir
PT,h0637,0.40394216144558653,scr2090,stInflow,reservoir
PT,h0638,0.3671047337060118,scr2090,stInflow,reservoir
PT,h0639,0.33023024434450005,scr2090,stInflow,reservoir
PT,h0640,0.33023024434450005,scr2090,stInflow,reservoir
PT,h0641,0.33023024434450005,scr2090,stInflow,reservoir
PT,h0642,0.33023024434450005,scr2090,stInflow,reservoir
PT,h0643,0.33023024434450005,scr2090,stInflow,reservoir
PT,h0644,0.33023024434450005,scr2090,stInflow,reservoir
PT,h0645,0.33023024434450005,scr2090,stInflow,reservoir
PT,h0646,0.33023024434450005,scr2090,stInflow,reservoir
PT,h0647,0.33023024434450005,scr2090,stInflow,reservoir
PT,h0648,0.33023024434450005,scr2090,stInflow,reservoir
PT,h0649,0.3234188913538506,scr2090,stInflow,reservoir
PT,h0650,0.3166061035954835,scr2090,stInflow,reservoir
PT,h0651,0.3097918495667342,scr2090,stInflow,reservoir
PT,h0652,0.3097918495667342,scr2090,stInflow,reservoir
PT,h0653,0.3097918495667342,scr2090,stInflow,reservoir
PT,h0654,0.3097918495667342,scr2090,stInflow,reservoir
PT,h0655,0.3097918495667342,scr2090,stInflow,reservoir
PT,h0656,0.3097918495667342,scr2090,stInflow,reservoir
PT,h0657,0.3097918495667342,scr2090,stInflow,reservoir
PT,h0658,0.3097918495667342,scr2090,stInflow,reservoir
PT,h0659,0.3097918495667342,scr2090,stInflow,reservoir
PT,h0660,0.3097918495667342,scr2090,stInflow,reservoir
PT,h0661,0.3097918495667342,scr2090,stInflow,reservoir
PT,h0662,0.3097918495667342,scr2090,stInflow,reservoir
PT,h0663,0.3097918495667342,scr2090,stInflow,reservoir
PT,h0664,0.3097918495667342,scr2090,stInflow,reservoir
PT,h0665,0.3097918495667342,scr2090,stInflow,reservoir
PT,h0666,0.3097918495667342,scr2090,stInflow,reservoir
PT,h0667,0.305793136074669,scr2090,stInflow,reservoir
PT,h0668,0.30179389965889436,scr2090,stInflow,reservoir
PT,h0669,0.2977941332499306,scr2090,stInflow,reservoir
PT,h0670,0.2977941332499306,scr2090,stInflow,reservoir
PT,h0671,0.2977941332499306,scr2090,stInflow,reservoir
PT,h0672,0.2977941332499306,scr2090,stInflow,reservoir
RO,h0505,0.2888878444037834,scr2090,stInflow,reservoir
RO,h0506,0.2888878444037834,scr2090,stInflow,reservoir
RO,h0507,0.2888878444037834,scr2090,stInflow,reservoir
RO,h0508,0.2888878444037834,scr2090,stInflow,reservoir
RO,h0509,0.2888878444037834,scr2090,stInflow,reservoir
RO,h0510,0.2888878444037834,scr2090,stInflow,reservoir
RO,h0511,0.2754140820058078,scr2090,stInflow,reservoir
RO,h0512,0.26191425114588407,scr2090,stInflow,reservoir
RO,h0513,0.24838696974876162,scr2090,stInflow,reservoir
RO,h0514,0.24838696974876162,scr2090,stInflow,reservoir
RO,h0515,0.24838696974876162,scr2090,stInflow,reservoir
RO,h0516,0.24838696974876162,scr2090,stInflow,reservoir
RO,h0517,0.24838696974876162,scr2090,stInflow,reservoir
RO,h0518,0.24838696974876162,scr2090,stInflow,reservoir
RO,h0519,0.24838696974876162,scr2090,stInflow,reservoir
RO,h0520,0.24838696974876162,scr2090,stInflow,reservoir
RO,h0521,0.24838696974876162,scr2090,stInflow,reservoir
RO,h0522,0.24838696974876162,scr2090,stInflow,reservoir
RO,h0523,0.22125355944955843,scr2090,stInflow,reservoir
RO,h0524,0.19398953027058569,scr2090,stInflow,reservoir
RO,h0525,0.16657618801677185,scr2090,stInflow,reservoir
RO,h0526,0.16657618801677185,scr2090,stInflow,reservoir
RO,h0527,0.16657618801677185,scr2090,stInflow,reservoir
RO,h0528,0.16657618801677185,scr2090,stInflow,reservoir
RO,h0529,0.16657618801677185,scr2090,stInflow,reservoir
RO,h0530,0.16657618801677185,scr2090,stInflow,reservoir
RO,h0531,0.16657618801677185,scr2090,stInflow,reservoir
RO,h0532,0.16657618801677185,scr2090,stInflow,reservoir
RO,h0533,0.16657618801677185,scr2090,stInflow,reservoir
RO,h0534,0.16657618801677185,scr2090,stInflow,reservoir
RO,h0535,0.17226191653896827,scr2090,stInflow,reservoir
RO,h0536,0.1779404660209149,scr2090,stInflow,reservoir
RO,h0537,0.18361206549756037,scr2090,stInflow,reservoir
RO,h0538,0.18361206549756037,scr2090,stInflow,reservoir
RO,h0539,0.18361206549756037,scr2090,stInflow,reservoir
RO,h0540,0.18361206549756037,scr2090,stInflow,reservoir
RO,h0541,0.18361206549756037,scr2090,stInflow,reservoir
RO,h0542,0.18361206549756037,scr2090,stInflow,reservoir
RO,h0543,0.18361206549756037,scr2090,stInflow,reservoir
RO,h0544,0.18361206549756037,scr2090,stInflow,reservoir
RO,h0545,0.18361206549756037,scr2090,stInflow,reservoir
RO,h0546,0.18361206549756037,scr2090,stInflow,reservoir
RO,h0547,0.1968867222674216,scr2090,stInflow,reservoir
RO,h0548,0.2101268292083647,scr2090,stInflow,reservoir
RO,h0549,0.22333458777598422,scr2090,stInflow,reservoir
RO,h0550,0.22333458777598422,scr2090,stInflow,reservoir
RO,h0551,0.22333458777598422,scr2090,stInflow,reservoir
RO,h0552,0.22333458777598422,scr2090,stInflow,reservoir
RO,h0553,0.22333458777598422,scr2090,stInflow,reservoir
RO,h0554,0.22333458777598422,scr2090,stInflow,reservoir
RO,h0555,0.22333458777598422,scr2090,stInflow,reservoir
RO,h0556,0.22333458777598422,scr2090,stInflow,reservoir
RO,h0557,0.22333458777598422,scr2090,stInflow,reservoir
RO,h0558,0.22333458777598422,scr2090,stInflow,reservoir
RO,h0559,0.24391012844548787,scr2090,stInflow,reservoir
RO,h0560,0.26441777780293957,scr2090,stInflow,reservoir
RO,h0561,0.2848629334817175,scr2090,stInflow,reservoir
RO,h0562,0.2848629334817175,scr2090,stInflow,reservoir
RO,h0563,0.2848629334817175,scr2090,stInflow,reservoir
RO,h0564,0.2848629334817175,scr2090,stInflow,reservoir
RO,h0565,0.2848629334817175,scr2090,stInflow,reservoir
RO,h0566,0.2848629334817175,scr2090,stInflow,reservoir
RO,h0567,0.2848629334817175,scr2090,stInflow,reservoir
RO,h0568,0.2848629334817175,scr2090,stInflow,reservoir
RO,h0569,0.2848629334817175,scr2090,stInflow,reservoir
RO,h0570,0.2848629334817175,scr2090,stInflow,reservoir
RO,h0571,0.2848629334817175,scr2090,stInflow,reservoir
RO,h0572,0.2848629334817175,scr2090,stInflow,reservoir
RO,h0573,0.2848629334817175,scr2090,stInflow,reservoir
RO,h0574,0.2848629334817175,scr2090,stInflow,reservoir
RO,h0575,0.2848629334817175,scr2090,stInflow,reservoir
RO,h0576,0.2848629334817175,scr2090,stInflow,reservoir
RO,h0577,0.2959289104286189,scr2090,stInflow,reservoir
RO,h0578,0.30697852334959636,scr2090,stInflow,reservoir
RO,h0579,0.3180123805129684,scr2090,stInflow,reservoir
RO,h0580,0.3180123805129684,scr2090,stInflow,reservoir
RO,h0581,0.3180123805129684,scr2090,stInflow,reservoir
RO,h0582,0.3180123805129684,scr2090,stInflow,reservoir
RO,h0583,0.3180123805129684,scr2090,stInflow,reservoir
RO,h0584,0.3180123805129684,scr2090,stInflow,reservoir
RO,h0585,0.3180123805129684,scr2090,stInflow,reservoir
RO,h0586,0.3180123805129684,scr2090,stInflow,reservoir
RO,h0587,0.3180123805129684,scr2090,stInflow,reservoir
RO,h0588,0.3180123805129684,scr2090,stInflow,reservoir
RO,h0589,0.3192856609604976,scr2090,stInflow,reservoir
RO,h0590,0.320558739688764,scr2090,stInflow,reservoir
RO,h0591,0.32183161752736916,scr2090,stInflow,reservoir
RO,h0592,0.32183161752736916,scr2090,stInflow,reservoir
RO,h0593,0.32183161752736916,scr2090,stInflow,reservoir
RO,h0594,0.32183161752736916,scr2090,stInflow,reservoir
RO,h0595,0.32183161752736916,scr2090,stInflow,reservoir
RO,h0596,0.32183161752736916,scr2090,stInflow,reservoir
RO,h0597,0.32183161752736916,scr2090,stInflow,reservoir
RO,h0598,0.32183161752736916,scr2090,stInflow,reservoir
RO,h0599,0.32183161752736916,scr2090,stInflow,reservoir
RO,h0600,0.32183161752736916,scr2090,stInflow,reservoir
RO,h0601,0.33722463625645754,scr2090,stInflow,reservoir
RO,h0602,0.35258971354785035,scr2090,stInflow,reservoir
RO,h0603,0.3679281141533762,scr2090,stInflow,reservoir
RO,h0604,0.3679281141533762,scr2090,stInflow,reservoir
RO,h0605,0.3679281141533762,scr2090,stInflow,reservoir
RO,h0606,0.3679281141533762,scr2090,stInflow,reservoir
RO,h0607,0.3679281141533762,scr2090,stInflow,reservoir
RO,h0608,0.3679281141533762,scr2090,stInflow,reservoir
RO,h0609,0.3679281141533762,scr2090,stInflow,reservoir
RO,h0610,0.3679281141533762,scr2090,stInflow,reservoir
RO,h0611,0.3679281141533762,scr2090,stInflow,reservoir
RO,h0612,0.3679281141533762,scr2090,stInflow,reservoir
RO,h0613,0.41008185573570216,scr2090,stInflow,reservoir
RO,h0614,0.4520621532006477,scr2090,stInflow,reservoir
RO,h0615,0.49388589149213846,scr2090,stInflow,reservoir
RO,h0616,0.49388589149213846,scr2090,stInflow,reservoir
RO,h0617,0.49388589149213846,scr2090,stInflow,reservoir
RO,h0618,0.49388589149213846,scr2090,stInflow,reservoir
RO,h0619,0.49388589149213846,scr2090,stInflow,reservoir
RO,h0620,0.49388589149213846,scr2090,stInflow,reservoir
RO,h0621,0.49388589149213846,scr2090,stInflow,reservoir
RO,h0622,0.49388589149213846,scr2090,stInflow,reservoir
RO,h0623,0.49388589149213846,scr2090,stInflow,reservoir
RO,h0624,0.49388589149213846,scr2090,stInflow,reservoir
RO,h0625,0.5270132469804157,scr2090,stInflow,reservoir
RO,h0626,0.5600565658675531,scr2090,stInflow,reservoir
RO,h0627,0.5930210751613073,scr2090,stInflow,reservoir
RO,h0628,0.5930210751613073,scr2090,stInflow,reservoir
RO,h0629,0.5930210751613073,scr2090,stInflow,reservoir
RO,h0630,0.5930210751613073,scr2090,stInflow,reservoir
RO,h0631,0.5930210751613073,scr2090,stInflow,reservoir
RO,h0632,0.5930210751613073,scr2090,stInflow,reservoir
RO,h0633,0.5930210751613073,scr2090,stInflow,reservoir
RO,h0634,0.5930210751613073,scr2090,stInflow,reservoir
RO,h0635,0.5930210751613073,scr2090,stInflow,reservoir
RO,h0636,0.5930210751613073,scr2090,stInflow,reservoir
RO,h0637,0.6053343779490873,scr2090,stInflow,reservoir
RO,h0638,0.6176375256784497,scr2090,stInflow,reservoir
RO,h0639,0.6299307322208538,scr2090,stInflow,reservoir
RO,h0640,0.6299307322208538,scr2090,stInflow,reservoir
RO,h0641,0.6299307322208538,scr2090,stInflow,reservoir
RO,h0642,0.6299307322208538,scr2090,stInflow,reservoir
RO,h0643,0.6299307322208538,scr2090,stInflow,reservoir
RO,h0644,0.6299307322208538,scr2090,stInflow,reservoir
RO,h0645,0.6299307322208538,scr2090,stInflow,reservoir
RO,h0646,0.6299307322208538,scr2090,stInflow,reservoir
RO,h0647,0.6299307322208538,scr2090,stInflow,reservoir
RO,h0648,0.6299307322208538,scr2090,stInflow,reservoir
RO,h0649,0.6197974471928382,scr2090,stInflow,reservoir
RO,h0650,0.6096574315421359,scr2090,stInflow,reservoir
RO,h0651,0.5995105667765555,scr2090,stInflow,reservoir
RO,h0652,0.5995105667765555,scr2090,stInflow,reservoir
RO,h0653,0.5995105667765555,scr2090,stInflow,reservoir
RO,h0654,0.5995105667765555,scr2090,stInflow,reservoir
RO,h0655,0.5995105667765555,scr2090,stInflow,reservoir
RO,h0656,0.5995105667765555,scr2090,stInflow,reservoir
RO,h0657,0.5995105667765555,scr2090,stInflow,reservoir
RO,h0658,0.5995105667765555,scr2090,stInflow,reservoir
RO,h0659,0.5995105667765555,scr2090,stInflow,reservoir
RO,h0660,0.5995105667765555,scr2090,stInflow,reservoir
RO,h0661,0.5995105667765555,scr2090,stInflow,reservoir
RO,h0662,0.5995105667765555,scr2090,stInflow,reservoir
RO,h0663,0.5995105667765555,scr2090,stInflow,reservoir
RO,h0664,0.5995105667765555,scr2090,stInflow,reservoir
RO,h0665,0.5995105667765555,scr2090,stInflow,reservoir
RO,h0666,0.5995105667765555,scr2090,stInflow,reservoir
RO,h0667,0.6231737367027965,scr2090,stInflow,reservoir
RO,h0668,0.6468004711744408,scr2090,stInflow,reservoir
RO,h0669,0.6703921783380163,scr2090,stInflow,reservoir
RO,h0670,0.6703921783380163,scr2090,stInflow,reservoir
RO,h0671,0.6703921783380163,scr2090,stInflow,reservoir
RO,h0672,0.6703921783380163,scr2090,stInflow,reservoir
SE,h0505,6.455293605912695,scr2090,stInflow,reservoir
SE,h0506,6.455293605912695,scr2090,stInflow,reservoir
SE,h0507,6.455293605912695,scr2090,stInflow,reservoir
SE,h0508,6.455293605912695,scr2090,stInflow,reservoir
SE,h0509,6.455293605912695,scr2090,stInflow,reservoir
SE,h0510,6.455293605912695,scr2090,stInflow,reservoir
SE,h0511,6.670418841771947,scr2090,stInflow,reservoir
SE,h0512,6.885683778495427,scr2090,stInflow,reservoir
SE,h0513,7.101084131043782,scr2090,stInflow,reservoir
SE,h0514,7.101084131043782,scr2090,stInflow,reservoir
SE,h0515,7.101084131043782,scr2090,stInflow,reservoir
SE,h0516,7.101084131043782,scr2090,stInflow,reservoir
SE,h0517,7.101084131043782,scr2090,stInflow,reservoir
SE,h0518,7.101084131043782,scr2090,stInflow,reservoir
SE,h0519,7.101084131043782,scr2090,stInflow,reservoir
SE,h0520,7.101084131043782,scr2090,stInflow,reservoir
SE,h0521,7.101084131043782,scr2090,stInflow,reservoir
SE,h0522,7.101084131043782,scr2090,stInflow,reservoir
SE,h0523,6.797353337353125,scr2090,stInflow,reservoir
SE,h0524,6.493895337187777,scr2090,stInflow,reservoir
SE,h0525,6.190722638259243,scr2090,stInflow,reservoir
SE,h0526,6.190722638259243,scr2090,stInflow,reservoir
SE,h0527,6.190722638259243,scr2090,stInflow,reservoir
SE,h0528,6.190722638259243,scr2090,stInflow,reservoir
SE,h0529,6.190722638259243,scr2090,stInflow,reservoir
SE,h0530,6.190722638259243,scr2090,stInflow,reservoir
SE,h0531,6.190722638259243,scr2090,stInflow,reservoir
SE,h0532,6.190722638259243,scr2090,stInflow,reservoir
SE,h0533,6.190722638259243,scr2090,stInflow,reservoir
SE,h0534,6.190722638259243,scr2090,stInflow,reservoir
SE,h0535,6.756631149162055,scr2090,stInflow,reservoir
SE,h0536,7.323495764815809,scr2090,stInflow,reservoir
SE,h0537,7.8912437676335285,scr2090,stInflow,reservoir
SE,h0538,7.8912437676335285,scr2090,stInflow,reservoir
SE,h0539,7.8912437676335285,scr2090,stInflow,reservoir
SE,h0540,7.8912437676335285,scr2090,stInflow,reservoir
SE,h0541,7.8912437676335285,scr2090,stInflow,reservoir
SE,h0542,7.8912437676335285,scr2090,stInflow,reservoir
SE,h0543,7.8912437676335285,scr2090,stInflow,reservoir
SE,h0544,7.8912437676335285,scr2090,stInflow,reservoir
SE,h0545,7.8912437676335285,scr2090,stInflow,reservoir
SE,h0546,7.8912437676335285,scr2090,stInflow,reservoir
SE,h0547,7.814652547446091,scr2090,stInflow,reservoir
SE,h0548,7.738076380951888,scr2090,stInflow,reservoir
SE,h0549,7.661515413820064,scr2090,stInflow,reservoir
SE,h0550,7.661515413820064,scr2090,stInflow,reservoir
SE,h0551,7.661515413820064,scr2090,stInflow,reservoir
SE,h0552,7.661515413820064,scr2090,stInflow,reservoir
SE,h0553,7.661515413820064,scr2090,stInflow,reservoir
SE,h0554,7.661515413820064,scr2090,stInflow,reservoir
SE,h0555,7.661515413820064,scr2090,stInflow,reservoir
SE,h0556,7.661515413820064,scr2090,stInflow,reservoir
SE,h0557,7.661515413820064,scr2090,stInflow,reservoir
SE,h0558,7.661515413820064,scr2090,stInflow,reservoir
SE,h0559,7.887272962059476,scr2090,stInflow,reservoir
SE,h0560,8.113160188859439,scr2090,stInflow,reservoir
SE,h0561,8.339173563209068,scr2090,stInflow,reservoir
SE,h0562,8.339173563209068,scr2090,stInflow,reservoir
SE,h0563,8.339173563209068,scr2090,stInflow,reservoir
SE,h0564,8.339173563209068,scr2090,stInflow,reservoir
SE,h0565,8.339173563209068,scr2090,stInflow,reservoir
SE,h0566,8.339173563209068,scr2090,stInflow,reservoir
SE,h0567,8.339173563209068,scr2090,stInflow,reservoir
SE,h0568,8.339173563209068,scr2090,stInflow,reservoir
SE,h0569,8.339173563209068,scr2090,stInflow,reservoir
SE,h0570,8.339173563209068,scr2090,stInflow,reservoir
SE,h0571,8.339173563209068,scr2090,stInflow,reservoir
SE,h0572,8.339173563209068,scr2090,stInflow,reservoir
SE,h0573,8.339173563209068,scr2090,stInflow,reservoir
SE,h0574,8.339173563209068,scr2090,stInflow,reservoir
SE,h0575,8.339173563209068,scr2090,stInflow,reservoir
SE,h0576,8.339173563209068,scr2090,stInflow,reservoir
SE,h0577,8.004455329654796,scr2090,stInflow,reservoir
SE,h0578,7.670017561015525,scr2090,stInflow,reservoir
SE,h0579,7.33587221628284,scr2090,stInflow,reservoir
SE,h0580,7.33587221628284,scr2090,stInflow,reservoir
SE,h0581,7.33587221628284,scr2090,stInflow,reservoir
SE,h0582,7.33587221628284,scr2090,stInflow,reservoir
SE,h0583,7.33587221628284,scr2090,stInflow,reservoir
SE,h0584,7.33587221628284,scr2090,stInflow,reservoir
SE,h0585,7.33587221628284,scr2090,stInflow,reservoir
SE,h0586,7.33587221628284,scr2090,stInflow,reservoir
SE,h0587,7.33587221628284,scr2090,stInflow,reservoir
SE,h0588,7.33587221628284,scr2090,stInflow,reservoir
SE,h0589,7.297584865804444,scr2090,stInflow,reservoir
SE,h0590,7.259301549114185,scr2090,stInflow,reservoir
SE,h0591,7.221022287039749,scr2090,stInflow,reservoir
SE,h0592,7.221022287039749,scr2090,stInflow,reservoir
SE,h0593,7.221022287039749,scr2090,stInflow,reservoir
SE,h0594,7.221022287039749,scr2090,stInflow,reservoir
SE,h0595,7.221022287039749,scr2090,stInflow,reservoir
SE,h0596,7.221022287039749,scr2090,stInflow,reservoir
SE,h0597,7.221022287039749,scr2090,stInflow,reservoir
SE,h0598,7.221022287039749,scr2090,stInflow,reservoir
SE,h0599,7.221022287039749,scr2090,stInflow,reservoir
SE,h0600,7.221022287039749,scr2090,stInflow,reservoir
SE,h0601,7.1442944749253,scr2090,stInflow,reservoir
SE,h0602,7.067583215386863,scr2090,stInflow,reservoir
SE,h0603,6.9908886844027265,scr2090,stInflow,reservoir
SE,h0604,6.9908886844027265,scr2090,stInflow,reservoir
SE,h0605,6.9908886844027265,scr2090,stInflow,reservoir
SE,h0606,6.9908886844027265,scr2090,stInflow,reservoir
SE,h0607,6.9908886844027265,scr2090,stInflow,reservoir
SE,h0608,6.9908886844027265,scr2090,stInflow,reservoir
SE,h0609,6.9908886844027265,scr2090,stInflow,reservoir
SE,h0610,6.9908886844027265,scr2090,stInflow,reservoir
SE,h0611,6.9908886844027265,scr2090,stInflow,reservoir
SE,h0612,6.9908886844027265,scr2090,stInflow,reservoir
SE,h0613,6.902276459795095,scr2090,stInflow,reservoir
SE,h0614,6.8136871016413885,scr2090,stInflow,reservoir
SE,h0615,6.725120901357878,scr2090,stInflow,reservoir
SE,h0616,6.725120901357878,scr2090,stInflow,reservoir
SE,h0617,6.725120901357878,scr2090,stInflow,reservoir
SE,h0618,6.725120901357878,scr2090,stInflow,reservoir
SE,h0619,6.725120901357878,scr2090,stInflow,reservoir
SE,h0620,6.725120901357878,scr2090,stInflow,reservoir
SE,h0621,6.725120901357878,scr2090,stInflow,reservoir
SE,h0622,6.725120901357878,scr2090,stInflow,reservoir
SE,h0623,6.725120901357878,scr2090,stInflow,reservoir
SE,h0624,6.725120901357878,scr2090,stInflow,reservoir
SE,h0625,6.577051341856823,scr2090,stInflow,reservoir
SE,h0626,6.4290488451997705,scr2090,stInflow,reservoir
SE,h0627,6.281114926414614,scr2090,stInflow,reservoir
SE,h0628,6.281114926414614,scr2090,stInflow,reservoir
SE,h0629,6.281114926414614,scr2090,stInflow,reservoir
SE,h0630,6.281114926414614,scr2090,stInflow,reservoir
SE,h0631,6.281114926414614,scr2090,stInflow,reservoir
SE,h0632,6.281114926414614,scr2090,stInflow,reservoir
SE,h0633,6.281114926414614,scr2090,stInflow,reservoir
SE,h0634,6.281114926414614,scr2090,stInflow,reservoir
SE,h0635,6.281114926414614,scr2090,stInflow,reservoir
SE,h0636,6.281114926414614,scr2090,stInflow,reservoir
SE,h0637,6.114592128540765,scr2090,stInflow,reservoir
SE,h0638,5.948160708352411,scr2090,stInflow,reservoir
SE,h0639,5.781823179305134,scr2090,stInflow,reservoir
SE,h0640,5.781823179305134,scr2090,stInflow,reservoir
SE,h0641,5.781823179305134,scr2090,stInflow,reservoir
SE,h0642,5.781823179305134,scr2090,stInflow,reservoir
SE,h0643,5.781823179305134,scr2090,stInflow,reservoir
SE,h0644,5.781823179305134,scr2090,stInflow,reservoir
SE,h0645,5.781823179305134,scr2090,stInflow,reservoir
SE,h0646,5.781823179305134,scr2090,stInflow,reservoir
SE,h0647,5.781823179305134,scr2090,stInflow,reservoir
SE,h0648,5.781823179305134,scr2090,stInflow,reservoir
SE,h0649,5.699214909685851,scr2090,stInflow,reservoir
SE,h0650,5.61663081104818,scr2090,stInflow,reservoir
SE,h0651,5.534071233285112,scr2090,stInflow,reservoir
SE,h0652,5.534071233285112,scr2090,stInflow,reservoir
SE,h0653,5.534071233285112,scr2090,stInflow,reservoir
SE,h0654,5.534071233285112,scr2090,stInflow,reservoir
SE,h0655,5.534071233285112,scr2090,stInflow,reservoir
SE,h0656,5.534071233285112,scr2090,stInflow,reservoir
SE,h0657,5.534071233285112,scr2090,stInflow,reservoir
SE,h0658,5.534071233285112,scr2090,stInflow,reservoir
SE,h0659,5.534071233285112,scr2090,stInflow,reservoir
SE,h0660,5.534071233285112,scr2090,stInflow,reservoir
SE,h0661,5.534071233285112,scr2090,stInflow,reservoir
SE,h0662,5.534071233285112,scr2090,stInflow,reservoir
SE,h0663,5.534071233285112,scr2090,stInflow,reservoir
SE,h0664,5.534071233285112,scr2090,stInflow,reservoir
SE,h0665,5.534071233285112,scr2090,stInflow,reservoir
SE,h0666,5.534071233285112,scr2090,stInflow,reservoir
SE,h0667,5.406587569173144,scr2090,stInflow,reservoir
SE,h0668,5.279164659232971,scr2090,stInflow,reservoir
SE,h0669,5.151803949395399,scr2090,stInflow,reservoir
SE,h0670,5.151803949395399,scr2090,stInflow,reservoir
SE,h0671,5.151803949395399,scr2090,stInflow,reservoir
SE,h0672,5.151803949395399,scr2090,stInflow,reservoir
