region_3,timestep_6,value,scenario_1,parameter,carrier_1
at,h0409,5.417672360767281,scr2011,dem,electricity
at,h0410,5.265498531548911,scr2011,dem,electricity
at,h0411,5.216520421043497,scr2011,dem,electricity
at,h0412,5.034247913881304,scr2011,dem,electricity
at,h0413,5.043721841054393,scr2011,dem,electricity
at,h0414,5.361764177352837,scr2011,dem,electricity
at,h0415,5.551469403288819,scr2011,dem,electricity
at,h0416,5.873325369713533,scr2011,dem,electricity
at,h0417,6.117214118689067,scr2011,dem,electricity
at,h0418,6.6097831708256285,scr2011,dem,electricity
at,h0419,6.954353729401302,scr2011,dem,electricity
at,h0420,7.1582692230577,scr2011,dem,electricity
at,h0421,7.747301488157961,scr2011,dem,electricity
at,h0422,8.215578929054189,scr2011,dem,electricity
at,h0423,8.626854263993664,scr2011,dem,electricity
at,h0424,8.525140080656683,scr2011,dem,electricity
at,h0425,8.42473047519146,scr2011,dem,electricity
at,h0426,8.349399264070765,scr2011,dem,electricity
at,h0427,8.146311475346668,scr2011,dem,electricity
at,h0428,7.866926479346307,scr2011,dem,electricity
at,h0429,7.569658811153791,scr2011,dem,electricity
at,h0430,7.236429577644659,scr2011,dem,electricity
at,h0431,6.899928304193357,scr2011,dem,electricity
at,h0432,6.392863923027613,scr2011,dem,electricity
at,h0433,6.039602335487191,scr2011,dem,electricity
at,h0434,5.691219999973847,scr2011,dem,electricity
at,h0435,5.490736865726162,scr2011,dem,electricity
at,h0436,5.308886980984959,scr2011,dem,electricity
at,h0437,5.334274479617189,scr2011,dem,electricity
at,h0438,5.724672722485379,scr2011,dem,electricity
at,h0439,6.526638839120687,scr2011,dem,electricity
at,h0440,7.5083441763668,scr2011,dem,electricity
at,h0441,8.277274552047917,scr2011,dem,electricity
at,h0442,8.741894659080689,scr2011,dem,electricity
at,h0443,8.98558346163325,scr2011,dem,electricity
at,h0444,9.134190167779508,scr2011,dem,electricity
at,h0445,9.129373426434118,scr2011,dem,electricity
at,h0446,9.03402494682349,scr2011,dem,electricity
at,h0447,8.894507071009567,scr2011,dem,electricity
at,h0448,8.806462950651404,scr2011,dem,electricity
at,h0449,8.689236561548555,scr2011,dem,electricity
at,h0450,8.610799240168344,scr2011,dem,electricity
at,h0451,8.562936870112438,scr2011,dem,electricity
at,h0452,8.54540650356466,scr2011,dem,electricity
at,h0453,8.406273603227355,scr2011,dem,electricity
at,h0454,7.99960626619474,scr2011,dem,electricity
at,h0455,7.484581453778362,scr2011,dem,electricity
at,h0456,6.884341413339187,scr2011,dem,electricity
at,h0457,6.175844632262495,scr2011,dem,electricity
at,h0458,5.506609493345764,scr2011,dem,electricity
at,h0459,4.992513776599486,scr2011,dem,electricity
at,h0460,4.851744737501844,scr2011,dem,electricity
at,h0461,4.927564962494183,scr2011,dem,electricity
at,h0462,5.438897397282796,scr2011,dem,electricity
at,h0463,6.543017168047055,scr2011,dem,electricity
at,h0464,7.744729488291184,scr2011,dem,electricity
at,h0465,8.643060094762248,scr2011,dem,electricity
at,h0466,9.014029514110668,scr2011,dem,electricity
at,h0467,9.20342902355917,scr2011,dem,electricity
at,h0468,9.322672263685362,scr2011,dem,electricity
at,h0469,8.349610371424724,scr2011,dem,electricity
at,h0470,7.226698689285748,scr2011,dem,electricity
at,h0471,5.98354153565102,scr2011,dem,electricity
at,h0472,5.848657935435372,scr2011,dem,electricity
at,h0473,5.818508239137695,scr2011,dem,electricity
at,h0474,5.942472641443223,scr2011,dem,electricity
at,h0475,6.8985162098251545,scr2011,dem,electricity
at,h0476,7.825893271162257,scr2011,dem,electricity
at,h0477,8.439862804028458,scr2011,dem,electricity
at,h0478,8.038922045145217,scr2011,dem,electricity
at,h0479,7.451685552925119,scr2011,dem,electricity
at,h0480,6.8758369182160495,scr2011,dem,electricity
be,h0409,7.038846104991014,scr2011,dem,electricity
be,h0410,6.889962897181808,scr2011,dem,electricity
be,h0411,6.768456501001413,scr2011,dem,electricity
be,h0412,6.533558661134685,scr2011,dem,electricity
be,h0413,6.439620978957659,scr2011,dem,electricity
be,h0414,6.534413525919476,scr2011,dem,electricity
be,h0415,6.461726619504602,scr2011,dem,electricity
be,h0416,6.468672121574646,scr2011,dem,electricity
be,h0417,6.570503902065343,scr2011,dem,electricity
be,h0418,7.070272579723199,scr2011,dem,electricity
be,h0419,7.570039882599577,scr2011,dem,electricity
be,h0420,7.920957907767665,scr2011,dem,electricity
be,h0421,8.559312341533456,scr2011,dem,electricity
be,h0422,9.08104745917456,scr2011,dem,electricity
be,h0423,9.514032397142358,scr2011,dem,electricity
be,h0424,9.42073065873035,scr2011,dem,electricity
be,h0425,9.323247256942874,scr2011,dem,electricity
be,h0426,9.234770469966458,scr2011,dem,electricity
be,h0427,9.06218041050679,scr2011,dem,electricity
be,h0428,8.831671560399423,scr2011,dem,electricity
be,h0429,8.53723172851488,scr2011,dem,electricity
be,h0430,8.38997604824618,scr2011,dem,electricity
be,h0431,8.328460896192176,scr2011,dem,electricity
be,h0432,8.209499807200066,scr2011,dem,electricity
be,h0433,7.9049642174221155,scr2011,dem,electricity
be,h0434,7.482310882136466,scr2011,dem,electricity
be,h0435,7.118934818657508,scr2011,dem,electricity
be,h0436,6.8868594147262865,scr2011,dem,electricity
be,h0437,6.797994704468163,scr2011,dem,electricity
be,h0438,6.926800349501628,scr2011,dem,electricity
be,h0439,7.378412693552588,scr2011,dem,electricity
be,h0440,8.032391776837304,scr2011,dem,electricity
be,h0441,8.77069013541833,scr2011,dem,electricity
be,h0442,9.365297872439815,scr2011,dem,electricity
be,h0443,9.783764324865594,scr2011,dem,electricity
be,h0444,10.044508406666315,scr2011,dem,electricity
be,h0445,10.075608567618733,scr2011,dem,electricity
be,h0446,10.038130561432867,scr2011,dem,electricity
be,h0447,9.91024529069568,scr2011,dem,electricity
be,h0448,9.840210517642218,scr2011,dem,electricity
be,h0449,9.748693032500558,scr2011,dem,electricity
be,h0450,9.697320429903689,scr2011,dem,electricity
be,h0451,9.637295389441013,scr2011,dem,electricity
be,h0452,9.479744608811314,scr2011,dem,electricity
be,h0453,9.302255773563497,scr2011,dem,electricity
be,h0454,9.14695186925414,scr2011,dem,electricity
be,h0455,9.047673743806362,scr2011,dem,electricity
be,h0456,8.791247282744509,scr2011,dem,electricity
be,h0457,8.00652144659342,scr2011,dem,electricity
be,h0458,7.226138293284024,scr2011,dem,electricity
be,h0459,6.553381712336457,scr2011,dem,electricity
be,h0460,6.391362859846017,scr2011,dem,electricity
be,h0461,6.360641109958506,scr2011,dem,electricity
be,h0462,6.5706217715128235,scr2011,dem,electricity
be,h0463,7.3031494609024525,scr2011,dem,electricity
be,h0464,8.266267154363137,scr2011,dem,electricity
be,h0465,9.194314966349209,scr2011,dem,electricity
be,h0466,9.708740977504021,scr2011,dem,electricity
be,h0467,9.983407776613864,scr2011,dem,electricity
be,h0468,10.193643156621437,scr2011,dem,electricity
be,h0469,9.509234338072504,scr2011,dem,electricity
be,h0470,8.678888814121729,scr2011,dem,electricity
be,h0471,7.707438950468784,scr2011,dem,electricity
be,h0472,7.449999110732591,scr2011,dem,electricity
be,h0473,7.3070412286117055,scr2011,dem,electricity
be,h0474,7.306598974253347,scr2011,dem,electricity
be,h0475,8.101430984904281,scr2011,dem,electricity
be,h0476,8.810601971219056,scr2011,dem,electricity
be,h0477,9.53051661355588,scr2011,dem,electricity
be,h0478,9.381817841908093,scr2011,dem,electricity
be,h0479,9.218637251737908,scr2011,dem,electricity
be,h0480,8.793350889730053,scr2011,dem,electricity
bg,h0409,2.7260736842436017,scr2011,dem,electricity
bg,h0410,2.6301885879438487,scr2011,dem,electricity
bg,h0411,2.5553228223943734,scr2011,dem,electricity
bg,h0412,2.393557006471383,scr2011,dem,electricity
bg,h0413,2.3394153684275807,scr2011,dem,electricity
bg,h0414,2.402804544297396,scr2011,dem,electricity
bg,h0415,2.4670382786061964,scr2011,dem,electricity
bg,h0416,2.5999365492607467,scr2011,dem,electricity
bg,h0417,2.751096584419429,scr2011,dem,electricity
bg,h0418,2.967407083240687,scr2011,dem,electricity
bg,h0419,3.1167006092582596,scr2011,dem,electricity
bg,h0420,3.2223404389151256,scr2011,dem,electricity
bg,h0421,3.4197212462313473,scr2011,dem,electricity
bg,h0422,3.5637124308996135,scr2011,dem,electricity
bg,h0423,3.6749192825882346,scr2011,dem,electricity
bg,h0424,3.6476070844073547,scr2011,dem,electricity
bg,h0425,3.6145362531387946,scr2011,dem,electricity
bg,h0426,3.569505750783719,scr2011,dem,electricity
bg,h0427,3.465774537784455,scr2011,dem,electricity
bg,h0428,3.3818004265558557,scr2011,dem,electricity
bg,h0429,3.369170676363865,scr2011,dem,electricity
bg,h0430,3.363822664578038,scr2011,dem,electricity
bg,h0431,3.2917849078367,scr2011,dem,electricity
bg,h0432,3.1164927847494255,scr2011,dem,electricity
bg,h0433,2.9551642404476297,scr2011,dem,electricity
bg,h0434,2.7974759197677486,scr2011,dem,electricity
bg,h0435,2.6252126856416,scr2011,dem,electricity
bg,h0436,2.4742165288334945,scr2011,dem,electricity
bg,h0437,2.4283993200733676,scr2011,dem,electricity
bg,h0438,2.5214861457934603,scr2011,dem,electricity
bg,h0439,2.8081520661871764,scr2011,dem,electricity
bg,h0440,3.1523151488800067,scr2011,dem,electricity
bg,h0441,3.438957487254811,scr2011,dem,electricity
bg,h0442,3.5870520536482218,scr2011,dem,electricity
bg,h0443,3.651410556587507,scr2011,dem,electricity
bg,h0444,3.708449086130713,scr2011,dem,electricity
bg,h0445,3.7597444340208312,scr2011,dem,electricity
bg,h0446,3.7835597620578483,scr2011,dem,electricity
bg,h0447,3.782619814031932,scr2011,dem,electricity
bg,h0448,3.763877590492484,scr2011,dem,electricity
bg,h0449,3.7360461619100533,scr2011,dem,electricity
bg,h0450,3.7003674879379105,scr2011,dem,electricity
bg,h0451,3.678505691786995,scr2011,dem,electricity
bg,h0452,3.7246572564690723,scr2011,dem,electricity
bg,h0453,3.8032164101168746,scr2011,dem,electricity
bg,h0454,3.7810492930511828,scr2011,dem,electricity
bg,h0455,3.632807165507984,scr2011,dem,electricity
bg,h0456,3.405985249992227,scr2011,dem,electricity
bg,h0457,3.0216431317458046,scr2011,dem,electricity
bg,h0458,2.659357492979325,scr2011,dem,electricity
bg,h0459,2.2804208864909015,scr2011,dem,electricity
bg,h0460,2.1738191875556367,scr2011,dem,electricity
bg,h0461,2.1615458622400183,scr2011,dem,electricity
bg,h0462,2.3368448488254216,scr2011,dem,electricity
bg,h0463,2.8321923561234144,scr2011,dem,electricity
bg,h0464,3.3244339605007553,scr2011,dem,electricity
bg,h0465,3.677063030670979,scr2011,dem,electricity
bg,h0466,3.7850570198424975,scr2011,dem,electricity
bg,h0467,3.8202696930384263,scr2011,dem,electricity
bg,h0468,3.8529903821618063,scr2011,dem,electricity
bg,h0469,3.6557437633164227,scr2011,dem,electricity
bg,h0470,3.4072803523449693,scr2011,dem,electricity
bg,h0471,3.1161260098888306,scr2011,dem,electricity
bg,h0472,3.0549015716460417,scr2011,dem,electricity
bg,h0473,3.0218334610399324,scr2011,dem,electricity
bg,h0474,3.011439579859143,scr2011,dem,electricity
bg,h0475,3.296063061883615,scr2011,dem,electricity
bg,h0476,3.658462933708506,scr2011,dem,electricity
bg,h0477,3.9539931957697263,scr2011,dem,electricity
bg,h0478,3.913965007661318,scr2011,dem,electricity
bg,h0479,3.7034777495864546,scr2011,dem,electricity
bg,h0480,3.4676543362875236,scr2011,dem,electricity
ch,h0409,3.2916832883639184,scr2011,dem,electricity
ch,h0410,3.4636000537172444,scr2011,dem,electricity
ch,h0411,3.665508685273763,scr2011,dem,electricity
ch,h0412,3.7250117101629123,scr2011,dem,electricity
ch,h0413,3.6848069257863143,scr2011,dem,electricity
ch,h0414,3.590816214846577,scr2011,dem,electricity
ch,h0415,3.468727673267138,scr2011,dem,electricity
ch,h0416,3.376342669275085,scr2011,dem,electricity
ch,h0417,3.368769710119021,scr2011,dem,electricity
ch,h0418,3.4269222379638715,scr2011,dem,electricity
ch,h0419,3.5574743487639595,scr2011,dem,electricity
ch,h0420,3.7081533935253614,scr2011,dem,electricity
ch,h0421,3.998429006317105,scr2011,dem,electricity
ch,h0422,4.262721007277635,scr2011,dem,electricity
ch,h0423,4.457414351243907,scr2011,dem,electricity
ch,h0424,4.467161151989988,scr2011,dem,electricity
ch,h0425,4.440475257092123,scr2011,dem,electricity
ch,h0426,4.367632023039244,scr2011,dem,electricity
ch,h0427,4.2275366582045475,scr2011,dem,electricity
ch,h0428,4.049251678705991,scr2011,dem,electricity
ch,h0429,3.895884982908535,scr2011,dem,electricity
ch,h0430,3.811656060631135,scr2011,dem,electricity
ch,h0431,3.760639319949837,scr2011,dem,electricity
ch,h0432,3.7044565151298614,scr2011,dem,electricity
ch,h0433,3.6393600403232997,scr2011,dem,electricity
ch,h0434,3.610925134160962,scr2011,dem,electricity
ch,h0435,3.6465745711023514,scr2011,dem,electricity
ch,h0436,3.691629363070268,scr2011,dem,electricity
ch,h0437,3.6690249812347506,scr2011,dem,electricity
ch,h0438,3.6135467324148656,scr2011,dem,electricity
ch,h0439,3.6445015362526654,scr2011,dem,electricity
ch,h0440,3.881460181114632,scr2011,dem,electricity
ch,h0441,4.219402877864736,scr2011,dem,electricity
ch,h0442,4.474348541247412,scr2011,dem,electricity
ch,h0443,4.622228667726322,scr2011,dem,electricity
ch,h0444,4.731328941142708,scr2011,dem,electricity
ch,h0445,4.717638983130646,scr2011,dem,electricity
ch,h0446,4.680100202056389,scr2011,dem,electricity
ch,h0447,4.572666701112462,scr2011,dem,electricity
ch,h0448,4.579085409686503,scr2011,dem,electricity
ch,h0449,4.526661030284918,scr2011,dem,electricity
ch,h0450,4.410576993720783,scr2011,dem,electricity
ch,h0451,4.235054095189177,scr2011,dem,electricity
ch,h0452,4.055453658792263,scr2011,dem,electricity
ch,h0453,3.9720022598415348,scr2011,dem,electricity
ch,h0454,3.9247976548688097,scr2011,dem,electricity
ch,h0455,3.8797356799522493,scr2011,dem,electricity
ch,h0456,3.7495014721076787,scr2011,dem,electricity
ch,h0457,3.6302235934019627,scr2011,dem,electricity
ch,h0458,3.5674990700759537,scr2011,dem,electricity
ch,h0459,3.5907006915894337,scr2011,dem,electricity
ch,h0460,3.645605339783477,scr2011,dem,electricity
ch,h0461,3.655824457823668,scr2011,dem,electricity
ch,h0462,3.6471534352831507,scr2011,dem,electricity
ch,h0463,3.730601999437109,scr2011,dem,electricity
ch,h0464,3.9695911306710627,scr2011,dem,electricity
ch,h0465,4.283115893715252,scr2011,dem,electricity
ch,h0466,4.505401497558914,scr2011,dem,electricity
ch,h0467,4.6338200196898995,scr2011,dem,electricity
ch,h0468,4.744116784949902,scr2011,dem,electricity
ch,h0469,4.470013758051822,scr2011,dem,electricity
ch,h0470,4.1486681824640925,scr2011,dem,electricity
ch,h0471,3.7383547149076213,scr2011,dem,electricity
ch,h0472,3.6872201959054727,scr2011,dem,electricity
ch,h0473,3.6633263925452377,scr2011,dem,electricity
ch,h0474,3.6683782710238644,scr2011,dem,electricity
ch,h0475,3.825001080350711,scr2011,dem,electricity
ch,h0476,3.948349315688714,scr2011,dem,electricity
ch,h0477,4.093486603645541,scr2011,dem,electricity
ch,h0478,4.0417400355587105,scr2011,dem,electricity
ch,h0479,3.9645243369809293,scr2011,dem,electricity
ch,h0480,3.822006354379109,scr2011,dem,electricity
cz,h0409,4.40824622035143,scr2011,dem,electricity
cz,h0410,4.486951549857622,scr2011,dem,electricity
cz,h0411,4.660601857598522,scr2011,dem,electricity
cz,h0412,4.519384891274967,scr2011,dem,electricity
cz,h0413,4.5149927942838985,scr2011,dem,electricity
cz,h0414,4.885394008888397,scr2011,dem,electricity
cz,h0415,4.930187789577758,scr2011,dem,electricity
cz,h0416,5.094007284002146,scr2011,dem,electricity
cz,h0417,5.134112149695284,scr2011,dem,electricity
cz,h0418,5.613293665257515,scr2011,dem,electricity
cz,h0419,5.947072569251759,scr2011,dem,electricity
cz,h0420,6.054646042553941,scr2011,dem,electricity
cz,h0421,6.545965280165547,scr2011,dem,electricity
cz,h0422,6.9167429294175236,scr2011,dem,electricity
cz,h0423,7.296116332800011,scr2011,dem,electricity
cz,h0424,7.175873832922662,scr2011,dem,electricity
cz,h0425,7.058955490865628,scr2011,dem,electricity
cz,h0426,6.9279417610378005,scr2011,dem,electricity
cz,h0427,6.765260017695255,scr2011,dem,electricity
cz,h0428,6.614987028267933,scr2011,dem,electricity
cz,h0429,6.47050850726373,scr2011,dem,electricity
cz,h0430,6.236331585008884,scr2011,dem,electricity
cz,h0431,5.857651191559853,scr2011,dem,electricity
cz,h0432,5.325163367422647,scr2011,dem,electricity
cz,h0433,5.098447385345935,scr2011,dem,electricity
cz,h0434,4.994832027252414,scr2011,dem,electricity
cz,h0435,5.017275035206694,scr2011,dem,electricity
cz,h0436,4.88409001135733,scr2011,dem,electricity
cz,h0437,4.928169792314293,scr2011,dem,electricity
cz,h0438,5.389361732144607,scr2011,dem,electricity
cz,h0439,6.091565854323562,scr2011,dem,electricity
cz,h0440,6.785541080695111,scr2011,dem,electricity
cz,h0441,7.2297562782187015,scr2011,dem,electricity
cz,h0442,7.466726679340354,scr2011,dem,electricity
cz,h0443,7.567295895103598,scr2011,dem,electricity
cz,h0444,7.5433448285621125,scr2011,dem,electricity
cz,h0445,7.504657530284021,scr2011,dem,electricity
cz,h0446,7.421845543241943,scr2011,dem,electricity
cz,h0447,7.366650701063918,scr2011,dem,electricity
cz,h0448,7.254245131727657,scr2011,dem,electricity
cz,h0449,7.124958004817017,scr2011,dem,electricity
cz,h0450,6.963820146178477,scr2011,dem,electricity
cz,h0451,6.9414673099672655,scr2011,dem,electricity
cz,h0452,7.012287302684854,scr2011,dem,electricity
cz,h0453,7.073361434580875,scr2011,dem,electricity
cz,h0454,6.848370774750947,scr2011,dem,electricity
cz,h0455,6.406684838264482,scr2011,dem,electricity
cz,h0456,5.862867057832773,scr2011,dem,electricity
cz,h0457,5.376710075084702,scr2011,dem,electricity
cz,h0458,5.044821190473158,scr2011,dem,electricity
cz,h0459,4.807272402089438,scr2011,dem,electricity
cz,h0460,4.712008430869901,scr2011,dem,electricity
cz,h0461,4.809333845914807,scr2011,dem,electricity
cz,h0462,5.423686038921005,scr2011,dem,electricity
cz,h0463,6.386921014083782,scr2011,dem,electricity
cz,h0464,7.215410571821849,scr2011,dem,electricity
cz,h0465,7.674279730897979,scr2011,dem,electricity
cz,h0466,7.800364083610475,scr2011,dem,electricity
cz,h0467,7.827202096756082,scr2011,dem,electricity
cz,h0468,7.767862837572466,scr2011,dem,electricity
cz,h0469,7.133425124877249,scr2011,dem,electricity
cz,h0470,6.412166296475334,scr2011,dem,electricity
cz,h0471,5.68648937328544,scr2011,dem,electricity
cz,h0472,5.561658905004151,scr2011,dem,electricity
cz,h0473,5.460404151599505,scr2011,dem,electricity
cz,h0474,5.393148925912101,scr2011,dem,electricity
cz,h0475,6.1431792905932525,scr2011,dem,electricity
cz,h0476,6.871566985049867,scr2011,dem,electricity
cz,h0477,7.397681409172947,scr2011,dem,electricity
cz,h0478,7.094356365632848,scr2011,dem,electricity
cz,h0479,6.5752319807506865,scr2011,dem,electricity
cz,h0480,6.00702441460453,scr2011,dem,electricity
de,h0409,41.71433560499128,scr2011,dem,electricity
de,h0410,41.10545375062006,scr2011,dem,electricity
de,h0411,41.38767778106667,scr2011,dem,electricity
de,h0412,40.37388341728034,scr2011,dem,electricity
de,h0413,40.54758593577152,scr2011,dem,electricity
de,h0414,42.43220600555183,scr2011,dem,electricity
de,h0415,42.48599236410229,scr2011,dem,electricity
de,h0416,43.12248730485024,scr2011,dem,electricity
de,h0417,43.94232294059675,scr2011,dem,electricity
de,h0418,47.67146735907066,scr2011,dem,electricity
de,h0419,51.00020923243994,scr2011,dem,electricity
de,h0420,53.23464057159795,scr2011,dem,electricity
de,h0421,58.304587134277,scr2011,dem,electricity
de,h0422,62.191564907370804,scr2011,dem,electricity
de,h0423,65.22089057217765,scr2011,dem,electricity
de,h0424,64.04667243718347,scr2011,dem,electricity
de,h0425,62.75880144199,scr2011,dem,electricity
de,h0426,61.784081205852786,scr2011,dem,electricity
de,h0427,60.90264710961003,scr2011,dem,electricity
de,h0428,60.044568597699964,scr2011,dem,electricity
de,h0429,58.63660766770285,scr2011,dem,electricity
de,h0430,57.04722070698328,scr2011,dem,electricity
de,h0431,54.382967170836025,scr2011,dem,electricity
de,h0432,50.802286395889595,scr2011,dem,electricity
de,h0433,47.01051985716214,scr2011,dem,electricity
de,h0434,44.10301169475622,scr2011,dem,electricity
de,h0435,42.35502422811567,scr2011,dem,electricity
de,h0436,41.294763396930804,scr2011,dem,electricity
de,h0437,41.39151767452701,scr2011,dem,electricity
de,h0438,43.45537335917915,scr2011,dem,electricity
de,h0439,48.47117491177252,scr2011,dem,electricity
de,h0440,54.770526477339345,scr2011,dem,electricity
de,h0441,60.5439077198764,scr2011,dem,electricity
de,h0442,63.884471203753904,scr2011,dem,electricity
de,h0443,65.9522394995981,scr2011,dem,electricity
de,h0444,67.35802695659729,scr2011,dem,electricity
de,h0445,68.09381429304057,scr2011,dem,electricity
de,h0446,68.04304562568146,scr2011,dem,electricity
de,h0447,67.25019059992763,scr2011,dem,electricity
de,h0448,66.29593178832364,scr2011,dem,electricity
de,h0449,65.04918674123297,scr2011,dem,electricity
de,h0450,64.00097579918855,scr2011,dem,electricity
de,h0451,63.33578744650603,scr2011,dem,electricity
de,h0452,63.022444088423185,scr2011,dem,electricity
de,h0453,62.876014576001,scr2011,dem,electricity
de,h0454,61.741122767525454,scr2011,dem,electricity
de,h0455,58.967862568790025,scr2011,dem,electricity
de,h0456,54.36903393413054,scr2011,dem,electricity
de,h0457,47.56631636517257,scr2011,dem,electricity
de,h0458,41.94828039951585,scr2011,dem,electricity
de,h0459,37.79242416781325,scr2011,dem,electricity
de,h0460,37.114163757189985,scr2011,dem,electricity
de,h0461,37.633176675866835,scr2011,dem,electricity
de,h0462,40.38836315459328,scr2011,dem,electricity
de,h0463,47.9146152664745,scr2011,dem,electricity
de,h0464,56.434394657236126,scr2011,dem,electricity
de,h0465,63.75872106487722,scr2011,dem,electricity
de,h0466,66.85464380142903,scr2011,dem,electricity
de,h0467,68.54686745131028,scr2011,dem,electricity
de,h0468,69.80565139441055,scr2011,dem,electricity
de,h0469,63.85550037632666,scr2011,dem,electricity
de,h0470,56.4496742473693,scr2011,dem,electricity
de,h0471,47.494021959562176,scr2011,dem,electricity
de,h0472,45.78134361192319,scr2011,dem,electricity
de,h0473,44.81081190026056,scr2011,dem,electricity
de,h0474,44.864611767198056,scr2011,dem,electricity
de,h0475,52.20186818179258,scr2011,dem,electricity
de,h0476,59.406980986796796,scr2011,dem,electricity
de,h0477,65.80912686416933,scr2011,dem,electricity
de,h0478,64.44837524517146,scr2011,dem,electricity
de,h0479,61.023413472383865,scr2011,dem,electricity
de,h0480,55.83393277207817,scr2011,dem,electricity
gr,h0409,5.21349011685498,scr2011,dem,electricity
gr,h0410,4.637597967463313,scr2011,dem,electricity
gr,h0411,4.276760338557899,scr2011,dem,electricity
gr,h0412,4.11633154751673,scr2011,dem,electricity
gr,h0413,4.074640246670761,scr2011,dem,electricity
gr,h0414,4.089618090512272,scr2011,dem,electricity
gr,h0415,4.0976545230738495,scr2011,dem,electricity
gr,h0416,4.256584081328866,scr2011,dem,electricity
gr,h0417,4.58103863859414,scr2011,dem,electricity
gr,h0418,5.048847750847134,scr2011,dem,electricity
gr,h0419,5.377210299828262,scr2011,dem,electricity
gr,h0420,5.549169050387901,scr2011,dem,electricity
gr,h0421,5.8177911184822095,scr2011,dem,electricity
gr,h0422,6.022315293539928,scr2011,dem,electricity
gr,h0423,6.1173352726018155,scr2011,dem,electricity
gr,h0424,5.910832765566261,scr2011,dem,electricity
gr,h0425,5.7220878025969295,scr2011,dem,electricity
gr,h0426,5.65391960924586,scr2011,dem,electricity
gr,h0427,5.761716127279621,scr2011,dem,electricity
gr,h0428,6.008891504660778,scr2011,dem,electricity
gr,h0429,6.472420135760175,scr2011,dem,electricity
gr,h0430,6.73915453158286,scr2011,dem,electricity
gr,h0431,6.716361041377566,scr2011,dem,electricity
gr,h0432,6.167888376051612,scr2011,dem,electricity
gr,h0433,5.400805853202289,scr2011,dem,electricity
gr,h0434,4.696049124801939,scr2011,dem,electricity
gr,h0435,4.203292256000942,scr2011,dem,electricity
gr,h0436,4.029594966904435,scr2011,dem,electricity
gr,h0437,3.977584401366543,scr2011,dem,electricity
gr,h0438,4.027634053848501,scr2011,dem,electricity
gr,h0439,4.223497581640345,scr2011,dem,electricity
gr,h0440,4.682323642864034,scr2011,dem,electricity
gr,h0441,5.287938582368735,scr2011,dem,electricity
gr,h0442,5.8424335892610815,scr2011,dem,electricity
gr,h0443,6.112818570742335,scr2011,dem,electricity
gr,h0444,6.237350016210777,scr2011,dem,electricity
gr,h0445,6.260326168987864,scr2011,dem,electricity
gr,h0446,6.246295103710575,scr2011,dem,electricity
gr,h0447,6.105906919675536,scr2011,dem,electricity
gr,h0448,5.9080129511502575,scr2011,dem,electricity
gr,h0449,5.739743767376509,scr2011,dem,electricity
gr,h0450,5.672451375970224,scr2011,dem,electricity
gr,h0451,5.738084156059389,scr2011,dem,electricity
gr,h0452,6.011343943762602,scr2011,dem,electricity
gr,h0453,6.4739905413948575,scr2011,dem,electricity
gr,h0454,6.695090615479384,scr2011,dem,electricity
gr,h0455,6.564837518002176,scr2011,dem,electricity
gr,h0456,5.932914334170467,scr2011,dem,electricity
gr,h0457,5.087547538361898,scr2011,dem,electricity
gr,h0458,4.343339904313841,scr2011,dem,electricity
gr,h0459,3.8323308689752364,scr2011,dem,electricity
gr,h0460,3.7023778350604504,scr2011,dem,electricity
gr,h0461,3.6616360807298296,scr2011,dem,electricity
gr,h0462,3.7458316352259198,scr2011,dem,electricity
gr,h0463,4.138466459689651,scr2011,dem,electricity
gr,h0464,4.768869276426611,scr2011,dem,electricity
gr,h0465,5.476338476041414,scr2011,dem,electricity
gr,h0466,5.94127949471966,scr2011,dem,electricity
gr,h0467,6.117045051192252,scr2011,dem,electricity
gr,h0468,6.1922637245906555,scr2011,dem,electricity
gr,h0469,5.873529186366853,scr2011,dem,electricity
gr,h0470,5.450810408631451,scr2011,dem,electricity
gr,h0471,4.853576494654117,scr2011,dem,electricity
gr,h0472,4.536853690514429,scr2011,dem,electricity
gr,h0473,4.327330954443864,scr2011,dem,electricity
gr,h0474,4.293226510418661,scr2011,dem,electricity
gr,h0475,4.804224216735172,scr2011,dem,electricity
gr,h0476,5.663797767026381,scr2011,dem,electricity
gr,h0477,6.519878756914289,scr2011,dem,electricity
gr,h0478,6.705474631052758,scr2011,dem,electricity
gr,h0479,6.3907856248435175,scr2011,dem,electricity
gr,h0480,5.7307157225685685,scr2011,dem,electricity
es,h0409,25.303595141912275,scr2011,dem,electricity
es,h0410,23.98425669158481,scr2011,dem,electricity
es,h0411,22.893651874429636,scr2011,dem,electricity
es,h0412,21.541195200223385,scr2011,dem,electricity
es,h0413,20.79062423520633,scr2011,dem,electricity
es,h0414,20.64620424708159,scr2011,dem,electricity
es,h0415,20.48542750227101,scr2011,dem,electricity
es,h0416,20.38727507964777,scr2011,dem,electricity
es,h0417,20.59334122883832,scr2011,dem,electricity
es,h0418,21.732130757063047,scr2011,dem,electricity
es,h0419,23.385883692292552,scr2011,dem,electricity
es,h0420,24.645777367952704,scr2011,dem,electricity
es,h0421,26.635001818331958,scr2011,dem,electricity
es,h0422,28.313543795381058,scr2011,dem,electricity
es,h0423,29.52241755384857,scr2011,dem,electricity
es,h0424,28.968791705584202,scr2011,dem,electricity
es,h0425,27.904642535369717,scr2011,dem,electricity
es,h0426,27.181799856361792,scr2011,dem,electricity
es,h0427,26.721377040293056,scr2011,dem,electricity
es,h0428,26.666242935743085,scr2011,dem,electricity
es,h0429,26.827150158140427,scr2011,dem,electricity
es,h0430,28.034029237607996,scr2011,dem,electricity
es,h0431,28.742890861634073,scr2011,dem,electricity
es,h0432,28.49111570614979,scr2011,dem,electricity
es,h0433,26.862180705534257,scr2011,dem,electricity
es,h0434,24.920143309479272,scr2011,dem,electricity
es,h0435,23.305758639032945,scr2011,dem,electricity
es,h0436,21.95583752681128,scr2011,dem,electricity
es,h0437,21.19602692002063,scr2011,dem,electricity
es,h0438,21.024498590504656,scr2011,dem,electricity
es,h0439,21.977279920278356,scr2011,dem,electricity
es,h0440,23.753830970847332,scr2011,dem,electricity
es,h0441,26.062327506472442,scr2011,dem,electricity
es,h0442,28.24553553983396,scr2011,dem,electricity
es,h0443,30.074135801846005,scr2011,dem,electricity
es,h0444,31.34922752152606,scr2011,dem,electricity
es,h0445,32.217979133652804,scr2011,dem,electricity
es,h0446,32.73903027898315,scr2011,dem,electricity
es,h0447,32.61525904192746,scr2011,dem,electricity
es,h0448,31.73735735474007,scr2011,dem,electricity
es,h0449,30.56630968627657,scr2011,dem,electricity
es,h0450,29.928593888474914,scr2011,dem,electricity
es,h0451,29.96955008333188,scr2011,dem,electricity
es,h0452,30.255206082180287,scr2011,dem,electricity
es,h0453,30.803908998375192,scr2011,dem,electricity
es,h0454,31.9225419052449,scr2011,dem,electricity
es,h0455,32.14300762451032,scr2011,dem,electricity
es,h0456,31.088483132048907,scr2011,dem,electricity
es,h0457,27.54314592792298,scr2011,dem,electricity
es,h0458,24.18989336961613,scr2011,dem,electricity
es,h0459,21.409845613249622,scr2011,dem,electricity
es,h0460,20.231938480791165,scr2011,dem,electricity
es,h0461,19.65116459708903,scr2011,dem,electricity
es,h0462,19.7434252570487,scr2011,dem,electricity
es,h0463,21.713446662210004,scr2011,dem,electricity
es,h0464,24.768903990874037,scr2011,dem,electricity
es,h0465,28.140608539476517,scr2011,dem,electricity
es,h0466,30.38425311691954,scr2011,dem,electricity
es,h0467,31.875323429987503,scr2011,dem,electricity
es,h0468,32.84271949288721,scr2011,dem,electricity
es,h0469,29.88992086601374,scr2011,dem,electricity
es,h0470,26.72447873476341,scr2011,dem,electricity
es,h0471,23.229357655574425,scr2011,dem,electricity
es,h0472,22.93705201737105,scr2011,dem,electricity
es,h0473,22.042286902873357,scr2011,dem,electricity
es,h0474,20.967697670889848,scr2011,dem,electricity
es,h0475,24.324694425290026,scr2011,dem,electricity
es,h0476,27.86034220541292,scr2011,dem,electricity
es,h0477,32.01618270949979,scr2011,dem,electricity
es,h0478,33.10552997063573,scr2011,dem,electricity
es,h0479,32.98056723899914,scr2011,dem,electricity
es,h0480,31.161556996384803,scr2011,dem,electricity
dk_w,h0409,2.556106955094159,scr2011,dem,electricity
dk_e,h0409,2.556106955094159,scr2011,dem,electricity
dk_w,h0410,2.518796828293647,scr2011,dem,electricity
dk_e,h0410,2.518796828293647,scr2011,dem,electricity
dk_w,h0411,2.5360905187222738,scr2011,dem,electricity
dk_e,h0411,2.5360905187222738,scr2011,dem,electricity
dk_w,h0412,2.473968785858622,scr2011,dem,electricity
dk_e,h0412,2.473968785858622,scr2011,dem,electricity
dk_w,h0413,2.4846126621471027,scr2011,dem,electricity
dk_e,h0413,2.4846126621471027,scr2011,dem,electricity
dk_w,h0414,2.600095514883086,scr2011,dem,electricity
dk_e,h0414,2.600095514883086,scr2011,dem,electricity
dk_w,h0415,2.6033913525693544,scr2011,dem,electricity
dk_e,h0415,2.6033913525693544,scr2011,dem,electricity
dk_w,h0416,2.6423935112604626,scr2011,dem,electricity
dk_e,h0416,2.6423935112604626,scr2011,dem,electricity
dk_w,h0417,2.6926301396198893,scr2011,dem,electricity
dk_e,h0417,2.6926301396198893,scr2011,dem,electricity
dk_w,h0418,2.92113892079297,scr2011,dem,electricity
dk_e,h0418,2.92113892079297,scr2011,dem,electricity
dk_w,h0419,3.125112449961917,scr2011,dem,electricity
dk_e,h0419,3.125112449961917,scr2011,dem,electricity
dk_w,h0420,3.262030499756805,scr2011,dem,electricity
dk_e,h0420,3.262030499756805,scr2011,dem,electricity
dk_w,h0421,3.5726988941963196,scr2011,dem,electricity
dk_e,h0421,3.5726988941963196,scr2011,dem,electricity
dk_w,h0422,3.810879144692981,scr2011,dem,electricity
dk_e,h0422,3.810879144692981,scr2011,dem,electricity
dk_w,h0423,3.996505507881033,scr2011,dem,electricity
dk_e,h0423,3.996505507881033,scr2011,dem,electricity
dk_w,h0424,3.9245535733887387,scr2011,dem,electricity
dk_e,h0424,3.9245535733887387,scr2011,dem,electricity
dk_w,h0425,3.8456373939393114,scr2011,dem,electricity
dk_e,h0425,3.8456373939393114,scr2011,dem,electricity
dk_w,h0426,3.7859099845702433,scr2011,dem,electricity
dk_e,h0426,3.7859099845702433,scr2011,dem,electricity
dk_w,h0427,3.731898820503779,scr2011,dem,electricity
dk_e,h0427,3.731898820503779,scr2011,dem,electricity
dk_w,h0428,3.6793188040872327,scr2011,dem,electricity
dk_e,h0428,3.6793188040872327,scr2011,dem,electricity
dk_w,h0429,3.59304393790514,scr2011,dem,electricity
dk_e,h0429,3.59304393790514,scr2011,dem,electricity
dk_w,h0430,3.495651926000604,scr2011,dem,electricity
dk_e,h0430,3.495651926000604,scr2011,dem,electricity
dk_w,h0431,3.332395892122765,scr2011,dem,electricity
dk_e,h0431,3.332395892122765,scr2011,dem,electricity
dk_w,h0432,3.1129844383665635,scr2011,dem,electricity
dk_e,h0432,3.1129844383665635,scr2011,dem,electricity
dk_w,h0433,2.8806383954267005,scr2011,dem,electricity
dk_e,h0433,2.8806383954267005,scr2011,dem,electricity
dk_w,h0434,2.702476577850434,scr2011,dem,electricity
dk_e,h0434,2.702476577850434,scr2011,dem,electricity
dk_w,h0435,2.595366088036897,scr2011,dem,electricity
dk_e,h0435,2.595366088036897,scr2011,dem,electricity
dk_w,h0436,2.5303970541722585,scr2011,dem,electricity
dk_e,h0436,2.5303970541722585,scr2011,dem,electricity
dk_w,h0437,2.5363258140591096,scr2011,dem,electricity
dk_e,h0437,2.5363258140591096,scr2011,dem,electricity
dk_w,h0438,2.662791591151369,scr2011,dem,electricity
dk_e,h0438,2.662791591151369,scr2011,dem,electricity
dk_w,h0439,2.970142170783882,scr2011,dem,electricity
dk_e,h0439,2.970142170783882,scr2011,dem,electricity
dk_w,h0440,3.3561441560558887,scr2011,dem,electricity
dk_e,h0440,3.3561441560558887,scr2011,dem,electricity
dk_w,h0441,3.7099165393764375,scr2011,dem,electricity
dk_e,h0441,3.7099165393764375,scr2011,dem,electricity
dk_w,h0442,3.914614454948042,scr2011,dem,electricity
dk_e,h0442,3.914614454948042,scr2011,dem,electricity
dk_w,h0443,4.04131998327598,scr2011,dem,electricity
dk_e,h0443,4.04131998327598,scr2011,dem,electricity
dk_w,h0444,4.127461667249665,scr2011,dem,electricity
dk_e,h0444,4.127461667249665,scr2011,dem,electricity
dk_w,h0445,4.172548113095993,scr2011,dem,electricity
dk_e,h0445,4.172548113095993,scr2011,dem,electricity
dk_w,h0446,4.169437188606059,scr2011,dem,electricity
dk_e,h0446,4.169437188606059,scr2011,dem,electricity
dk_w,h0447,4.120853836664296,scr2011,dem,electricity
dk_e,h0447,4.120853836664296,scr2011,dem,electricity
dk_w,h0448,4.0623802318810975,scr2011,dem,electricity
dk_e,h0448,4.0623802318810975,scr2011,dem,electricity
dk_w,h0449,3.9859841045217177,scr2011,dem,electricity
dk_e,h0449,3.9859841045217177,scr2011,dem,electricity
dk_w,h0450,3.9217534453882426,scr2011,dem,electricity
dk_e,h0450,3.9217534453882426,scr2011,dem,electricity
dk_w,h0451,3.88099305579572,scr2011,dem,electricity
dk_e,h0451,3.88099305579572,scr2011,dem,electricity
dk_w,h0452,3.861792483236999,scr2011,dem,electricity
dk_e,h0452,3.861792483236999,scr2011,dem,electricity
dk_w,h0453,3.852819800291342,scr2011,dem,electricity
dk_e,h0453,3.852819800291342,scr2011,dem,electricity
dk_w,h0454,3.783277643771771,scr2011,dem,electricity
dk_e,h0454,3.783277643771771,scr2011,dem,electricity
dk_w,h0455,3.6133420671541536,scr2011,dem,electricity
dk_e,h0455,3.6133420671541536,scr2011,dem,electricity
dk_w,h0456,3.3315421134534624,scr2011,dem,electricity
dk_e,h0456,3.3315421134534624,scr2011,dem,electricity
dk_w,h0457,2.914695639716773,scr2011,dem,electricity
dk_e,h0457,2.914695639716773,scr2011,dem,electricity
dk_w,h0458,2.5704422646623764,scr2011,dem,electricity
dk_e,h0458,2.5704422646623764,scr2011,dem,electricity
dk_w,h0459,2.3157860925085387,scr2011,dem,electricity
dk_e,h0459,2.3157860925085387,scr2011,dem,electricity
dk_w,h0460,2.274224693628378,scr2011,dem,electricity
dk_e,h0460,2.274224693628378,scr2011,dem,electricity
dk_w,h0461,2.3060279697242683,scr2011,dem,electricity
dk_e,h0461,2.3060279697242683,scr2011,dem,electricity
dk_w,h0462,2.474856052869388,scr2011,dem,electricity
dk_e,h0462,2.474856052869388,scr2011,dem,electricity
dk_w,h0463,2.9360381644472406,scr2011,dem,electricity
dk_e,h0463,2.9360381644472406,scr2011,dem,electricity
dk_w,h0464,3.4581001135215903,scr2011,dem,electricity
dk_e,h0464,3.4581001135215903,scr2011,dem,electricity
dk_w,h0465,3.9069089319246375,scr2011,dem,electricity
dk_e,h0465,3.9069089319246375,scr2011,dem,electricity
dk_w,h0466,4.096616127934205,scr2011,dem,electricity
dk_e,h0466,4.096616127934205,scr2011,dem,electricity
dk_w,h0467,4.200309608439208,scr2011,dem,electricity
dk_e,h0467,4.200309608439208,scr2011,dem,electricity
dk_w,h0468,4.277443436586379,scr2011,dem,electricity
dk_e,h0468,4.277443436586379,scr2011,dem,electricity
dk_w,h0469,3.91283922589417,scr2011,dem,electricity
dk_e,h0469,3.91283922589417,scr2011,dem,electricity
dk_w,h0470,3.4590363928208676,scr2011,dem,electricity
dk_e,h0470,3.4590363928208676,scr2011,dem,electricity
dk_w,h0471,2.9102656941054885,scr2011,dem,electricity
dk_e,h0471,2.9102656941054885,scr2011,dem,electricity
dk_w,h0472,2.805318822121677,scr2011,dem,electricity
dk_e,h0472,2.805318822121677,scr2011,dem,electricity
dk_w,h0473,2.7458480713302285,scr2011,dem,electricity
dk_e,h0473,2.7458480713302285,scr2011,dem,electricity
dk_w,h0474,2.7491447367917896,scr2011,dem,electricity
dk_e,h0474,2.7491447367917896,scr2011,dem,electricity
dk_w,h0475,3.198745860286599,scr2011,dem,electricity
dk_e,h0475,3.198745860286599,scr2011,dem,electricity
dk_w,h0476,3.640249690553895,scr2011,dem,electricity
dk_e,h0476,3.640249690553895,scr2011,dem,electricity
dk_w,h0477,4.032550547768765,scr2011,dem,electricity
dk_e,h0477,4.032550547768765,scr2011,dem,electricity
dk_w,h0478,3.949168500791127,scr2011,dem,electricity
dk_e,h0478,3.949168500791127,scr2011,dem,electricity
dk_w,h0479,3.7392989567033244,scr2011,dem,electricity
dk_e,h0479,3.7392989567033244,scr2011,dem,electricity
dk_w,h0480,3.4213059329463498,scr2011,dem,electricity
dk_e,h0480,3.4213059329463498,scr2011,dem,electricity
ee,h0409,0.5940624801778378,scr2011,dem,electricity
ee,h0410,0.5524212214170465,scr2011,dem,electricity
ee,h0411,0.5363011693090176,scr2011,dem,electricity
ee,h0412,0.525903270260677,scr2011,dem,electricity
ee,h0413,0.5249564664604776,scr2011,dem,electricity
ee,h0414,0.5548760329507583,scr2011,dem,electricity
ee,h0415,0.5877049475393328,scr2011,dem,electricity
ee,h0416,0.6520079077013201,scr2011,dem,electricity
ee,h0417,0.7087513136397021,scr2011,dem,electricity
ee,h0418,0.7728288594282042,scr2011,dem,electricity
ee,h0419,0.7992137496069509,scr2011,dem,electricity
ee,h0420,0.799968726398115,scr2011,dem,electricity
ee,h0421,0.8572612255073915,scr2011,dem,electricity
ee,h0422,0.9168684887883907,scr2011,dem,electricity
ee,h0423,0.9756776298644398,scr2011,dem,electricity
ee,h0424,0.9574196642858219,scr2011,dem,electricity
ee,h0425,0.933888646705328,scr2011,dem,electricity
ee,h0426,0.9135192709410385,scr2011,dem,electricity
ee,h0427,0.8912718320427762,scr2011,dem,electricity
ee,h0428,0.8786357615619977,scr2011,dem,electricity
ee,h0429,0.8722633320707365,scr2011,dem,electricity
ee,h0430,0.8564527950909815,scr2011,dem,electricity
ee,h0431,0.8020045231047379,scr2011,dem,electricity
ee,h0432,0.715802031335069,scr2011,dem,electricity
ee,h0433,0.6316928930084373,scr2011,dem,electricity
ee,h0434,0.5766336077345493,scr2011,dem,electricity
ee,h0435,0.5455765807454542,scr2011,dem,electricity
ee,h0436,0.5364305802146108,scr2011,dem,electricity
ee,h0437,0.5405093087023944,scr2011,dem,electricity
ee,h0438,0.5736166406409122,scr2011,dem,electricity
ee,h0439,0.6564288937001217,scr2011,dem,electricity
ee,h0440,0.7765254326971287,scr2011,dem,electricity
ee,h0441,0.897601267727357,scr2011,dem,electricity
ee,h0442,0.9738324435334276,scr2011,dem,electricity
ee,h0443,1.0015833151603115,scr2011,dem,electricity
ee,h0444,0.9979041866464926,scr2011,dem,electricity
ee,h0445,0.98745767808962,scr2011,dem,electricity
ee,h0446,0.981026725301438,scr2011,dem,electricity
ee,h0447,0.9747041521859336,scr2011,dem,electricity
ee,h0448,0.9618643956104973,scr2011,dem,electricity
ee,h0449,0.9401215714093585,scr2011,dem,electricity
ee,h0450,0.92267274410911,scr2011,dem,electricity
ee,h0451,0.908778767672823,scr2011,dem,electricity
ee,h0452,0.9231477809768311,scr2011,dem,electricity
ee,h0453,0.933707362187441,scr2011,dem,electricity
ee,h0454,0.912671037932705,scr2011,dem,electricity
ee,h0455,0.8298777857595669,scr2011,dem,electricity
ee,h0456,0.7204342298895601,scr2011,dem,electricity
ee,h0457,0.6185892634643679,scr2011,dem,electricity
ee,h0458,0.5545468118975516,scr2011,dem,electricity
ee,h0459,0.5197147806829712,scr2011,dem,electricity
ee,h0460,0.5126319325240172,scr2011,dem,electricity
ee,h0461,0.5236311747365265,scr2011,dem,electricity
ee,h0462,0.5698815197379781,scr2011,dem,electricity
ee,h0463,0.6745573098137618,scr2011,dem,electricity
ee,h0464,0.808426573543493,scr2011,dem,electricity
ee,h0465,0.9322735969185636,scr2011,dem,electricity
ee,h0466,0.999904684693405,scr2011,dem,electricity
ee,h0467,1.0159730991556717,scr2011,dem,electricity
ee,h0468,1.0005733760994378,scr2011,dem,electricity
ee,h0469,0.9133408384153623,scr2011,dem,electricity
ee,h0470,0.8339345680164452,scr2011,dem,electricity
ee,h0471,0.7605030347527744,scr2011,dem,electricity
ee,h0472,0.7551710268251319,scr2011,dem,electricity
ee,h0473,0.7515686568285187,scr2011,dem,electricity
ee,h0474,0.7578068603865644,scr2011,dem,electricity
ee,h0475,0.8227088496705992,scr2011,dem,electricity
ee,h0476,0.9020877404994041,scr2011,dem,electricity
ee,h0477,0.9606576389560737,scr2011,dem,electricity
ee,h0478,0.9201933233051693,scr2011,dem,electricity
ee,h0479,0.8263679906775327,scr2011,dem,electricity
ee,h0480,0.7148185195699017,scr2011,dem,electricity
fi,h0409,6.155021256158965,scr2011,dem,electricity
fi,h0410,6.017950170984736,scr2011,dem,electricity
fi,h0411,5.892092296852561,scr2011,dem,electricity
fi,h0412,5.760253467603743,scr2011,dem,electricity
fi,h0413,5.711253039372958,scr2011,dem,electricity
fi,h0414,5.744593069690743,scr2011,dem,electricity
fi,h0415,5.730410855006935,scr2011,dem,electricity
fi,h0416,5.793945700387876,scr2011,dem,electricity
fi,h0417,5.941142797355784,scr2011,dem,electricity
fi,h0418,6.260929876205659,scr2011,dem,electricity
fi,h0419,6.580938943941336,scr2011,dem,electricity
fi,h0420,6.782198371413929,scr2011,dem,electricity
fi,h0421,7.1092644536240295,scr2011,dem,electricity
fi,h0422,7.348970004112242,scr2011,dem,electricity
fi,h0423,7.576104392434879,scr2011,dem,electricity
fi,h0424,7.534124576868982,scr2011,dem,electricity
fi,h0425,7.473306996563479,scr2011,dem,electricity
fi,h0426,7.403597227184444,scr2011,dem,electricity
fi,h0427,7.251551024508573,scr2011,dem,electricity
fi,h0428,7.120958079267326,scr2011,dem,electricity
fi,h0429,6.972095317892566,scr2011,dem,electricity
fi,h0430,6.938480218900964,scr2011,dem,electricity
fi,h0431,6.847883375551487,scr2011,dem,electricity
fi,h0432,6.686664149629288,scr2011,dem,electricity
fi,h0433,6.419511169138146,scr2011,dem,electricity
fi,h0434,6.138233970553732,scr2011,dem,electricity
fi,h0435,5.926850622199286,scr2011,dem,electricity
fi,h0436,5.817272178609086,scr2011,dem,electricity
fi,h0437,5.790945133224141,scr2011,dem,electricity
fi,h0438,5.861315663672505,scr2011,dem,electricity
fi,h0439,6.13510930671086,scr2011,dem,electricity
fi,h0440,6.6896364106998965,scr2011,dem,electricity
fi,h0441,7.274512457230268,scr2011,dem,electricity
fi,h0442,7.655707279899345,scr2011,dem,electricity
fi,h0443,7.7477481125127,scr2011,dem,electricity
fi,h0444,7.722554867801853,scr2011,dem,electricity
fi,h0445,7.718132007736737,scr2011,dem,electricity
fi,h0446,7.735452527154107,scr2011,dem,electricity
fi,h0447,7.781003990887846,scr2011,dem,electricity
fi,h0448,7.779071410950881,scr2011,dem,electricity
fi,h0449,7.741117180045509,scr2011,dem,electricity
fi,h0450,7.655638078185478,scr2011,dem,electricity
fi,h0451,7.5361365850852335,scr2011,dem,electricity
fi,h0452,7.4256710226100475,scr2011,dem,electricity
fi,h0453,7.39188361172448,scr2011,dem,electricity
fi,h0454,7.453920260685243,scr2011,dem,electricity
fi,h0455,7.396175084867898,scr2011,dem,electricity
fi,h0456,7.129895450370502,scr2011,dem,electricity
fi,h0457,6.629655890061403,scr2011,dem,electricity
fi,h0458,6.192842595972993,scr2011,dem,electricity
fi,h0459,5.8981519031856955,scr2011,dem,electricity
fi,h0460,5.805673361596434,scr2011,dem,electricity
fi,h0461,5.79049924571113,scr2011,dem,electricity
fi,h0462,5.877652128728145,scr2011,dem,electricity
fi,h0463,6.243798531450294,scr2011,dem,electricity
fi,h0464,6.856705048147995,scr2011,dem,electricity
fi,h0465,7.469763790925639,scr2011,dem,electricity
fi,h0466,7.779485541497881,scr2011,dem,electricity
fi,h0467,7.830878989399387,scr2011,dem,electricity
fi,h0468,7.795794845560027,scr2011,dem,electricity
fi,h0469,7.48939853955491,scr2011,dem,electricity
fi,h0470,7.1794036516912785,scr2011,dem,electricity
fi,h0471,6.86612584046176,scr2011,dem,electricity
fi,h0472,6.854246806926718,scr2011,dem,electricity
fi,h0473,6.834167115281834,scr2011,dem,electricity
fi,h0474,6.836539588024444,scr2011,dem,electricity
fi,h0475,7.067529806167449,scr2011,dem,electricity
fi,h0476,7.341167427730187,scr2011,dem,electricity
fi,h0477,7.6660633082789955,scr2011,dem,electricity
fi,h0478,7.71727963847423,scr2011,dem,electricity
fi,h0479,7.59530176458293,scr2011,dem,electricity
fi,h0480,7.233071056302987,scr2011,dem,electricity
fr,h0409,36.83825860845394,scr2011,dem,electricity
fr_co,h0409,36.83825860845394,scr2011,dem,electricity
fr,h0410,34.05549614940861,scr2011,dem,electricity
fr_co,h0410,34.05549614940861,scr2011,dem,electricity
fr,h0411,30.642265175629234,scr2011,dem,electricity
fr_co,h0411,30.642265175629234,scr2011,dem,electricity
fr,h0412,28.232384827547975,scr2011,dem,electricity
fr_co,h0412,28.232384827547975,scr2011,dem,electricity
fr,h0413,26.354302038465022,scr2011,dem,electricity
fr_co,h0413,26.354302038465022,scr2011,dem,electricity
fr,h0414,26.515546299544667,scr2011,dem,electricity
fr_co,h0414,26.515546299544667,scr2011,dem,electricity
fr,h0415,26.377293962229714,scr2011,dem,electricity
fr_co,h0415,26.377293962229714,scr2011,dem,electricity
fr,h0416,27.16792686789293,scr2011,dem,electricity
fr_co,h0416,27.16792686789293,scr2011,dem,electricity
fr,h0417,28.56325864276897,scr2011,dem,electricity
fr_co,h0417,28.56325864276897,scr2011,dem,electricity
fr,h0418,32.074785587910355,scr2011,dem,electricity
fr_co,h0418,32.074785587910355,scr2011,dem,electricity
fr,h0419,35.20106950361577,scr2011,dem,electricity
fr_co,h0419,35.20106950361577,scr2011,dem,electricity
fr,h0420,37.304179685727206,scr2011,dem,electricity
fr_co,h0420,37.304179685727206,scr2011,dem,electricity
fr,h0421,41.01011206856728,scr2011,dem,electricity
fr_co,h0421,41.01011206856728,scr2011,dem,electricity
fr,h0422,43.292006370317324,scr2011,dem,electricity
fr_co,h0422,43.292006370317324,scr2011,dem,electricity
fr,h0423,44.63551675217224,scr2011,dem,electricity
fr_co,h0423,44.63551675217224,scr2011,dem,electricity
fr,h0424,42.83817047531457,scr2011,dem,electricity
fr_co,h0424,42.83817047531457,scr2011,dem,electricity
fr,h0425,41.30278656407529,scr2011,dem,electricity
fr_co,h0425,41.30278656407529,scr2011,dem,electricity
fr,h0426,40.23351498363229,scr2011,dem,electricity
fr_co,h0426,40.23351498363229,scr2011,dem,electricity
fr,h0427,40.10957802778967,scr2011,dem,electricity
fr_co,h0427,40.10957802778967,scr2011,dem,electricity
fr,h0428,40.15752943581154,scr2011,dem,electricity
fr_co,h0428,40.15752943581154,scr2011,dem,electricity
fr,h0429,39.811047675610325,scr2011,dem,electricity
fr_co,h0429,39.811047675610325,scr2011,dem,electricity
fr,h0430,39.23949830448964,scr2011,dem,electricity
fr_co,h0430,39.23949830448964,scr2011,dem,electricity
fr,h0431,40.120315823545894,scr2011,dem,electricity
fr_co,h0431,40.120315823545894,scr2011,dem,electricity
fr,h0432,40.71018728629036,scr2011,dem,electricity
fr_co,h0432,40.71018728629036,scr2011,dem,electricity
fr,h0433,39.450481925627344,scr2011,dem,electricity
fr_co,h0433,39.450481925627344,scr2011,dem,electricity
fr,h0434,36.45923938531442,scr2011,dem,electricity
fr_co,h0434,36.45923938531442,scr2011,dem,electricity
fr,h0435,33.071565536957536,scr2011,dem,electricity
fr_co,h0435,33.071565536957536,scr2011,dem,electricity
fr,h0436,30.735033422725365,scr2011,dem,electricity
fr_co,h0436,30.735033422725365,scr2011,dem,electricity
fr,h0437,28.96728139133407,scr2011,dem,electricity
fr_co,h0437,28.96728139133407,scr2011,dem,electricity
fr,h0438,29.386190606524195,scr2011,dem,electricity
fr_co,h0438,29.386190606524195,scr2011,dem,electricity
fr,h0439,32.412480042155806,scr2011,dem,electricity
fr_co,h0439,32.412480042155806,scr2011,dem,electricity
fr,h0440,36.66176589894735,scr2011,dem,electricity
fr_co,h0440,36.66176589894735,scr2011,dem,electricity
fr,h0441,41.187907034622214,scr2011,dem,electricity
fr_co,h0441,41.187907034622214,scr2011,dem,electricity
fr,h0442,44.82337739121226,scr2011,dem,electricity
fr_co,h0442,44.82337739121226,scr2011,dem,electricity
fr,h0443,47.60237181980676,scr2011,dem,electricity
fr_co,h0443,47.60237181980676,scr2011,dem,electricity
fr,h0444,49.305917941473524,scr2011,dem,electricity
fr_co,h0444,49.305917941473524,scr2011,dem,electricity
fr,h0445,50.40890545950248,scr2011,dem,electricity
fr_co,h0445,50.40890545950248,scr2011,dem,electricity
fr,h0446,50.52002844106491,scr2011,dem,electricity
fr_co,h0446,50.52002844106491,scr2011,dem,electricity
fr,h0447,49.84733706380686,scr2011,dem,electricity
fr_co,h0447,49.84733706380686,scr2011,dem,electricity
fr,h0448,48.27938784818451,scr2011,dem,electricity
fr_co,h0448,48.27938784818451,scr2011,dem,electricity
fr,h0449,46.71585044261212,scr2011,dem,electricity
fr_co,h0449,46.71585044261212,scr2011,dem,electricity
fr,h0450,45.42935712371744,scr2011,dem,electricity
fr_co,h0450,45.42935712371744,scr2011,dem,electricity
fr,h0451,46.001866970440545,scr2011,dem,electricity
fr_co,h0451,46.001866970440545,scr2011,dem,electricity
fr,h0452,46.66899876894067,scr2011,dem,electricity
fr_co,h0452,46.66899876894067,scr2011,dem,electricity
fr,h0453,47.39998648932985,scr2011,dem,electricity
fr_co,h0453,47.39998648932985,scr2011,dem,electricity
fr,h0454,45.917378611283084,scr2011,dem,electricity
fr_co,h0454,45.917378611283084,scr2011,dem,electricity
fr,h0455,45.68602864043933,scr2011,dem,electricity
fr_co,h0455,45.68602864043933,scr2011,dem,electricity
fr,h0456,44.901178240137654,scr2011,dem,electricity
fr_co,h0456,44.901178240137654,scr2011,dem,electricity
fr,h0457,41.476561793331854,scr2011,dem,electricity
fr_co,h0457,41.476561793331854,scr2011,dem,electricity
fr,h0458,36.4150489215304,scr2011,dem,electricity
fr_co,h0458,36.4150489215304,scr2011,dem,electricity
fr,h0459,30.844014647519373,scr2011,dem,electricity
fr_co,h0459,30.844014647519373,scr2011,dem,electricity
fr,h0460,28.559723930739636,scr2011,dem,electricity
fr_co,h0460,28.559723930739636,scr2011,dem,electricity
fr,h0461,27.165443206591817,scr2011,dem,electricity
fr_co,h0461,27.165443206591817,scr2011,dem,electricity
fr,h0462,28.48523005733165,scr2011,dem,electricity
fr_co,h0462,28.48523005733165,scr2011,dem,electricity
fr,h0463,34.51469150869656,scr2011,dem,electricity
fr_co,h0463,34.51469150869656,scr2011,dem,electricity
fr,h0464,41.07867161935195,scr2011,dem,electricity
fr_co,h0464,41.07867161935195,scr2011,dem,electricity
fr,h0465,46.61897340524655,scr2011,dem,electricity
fr_co,h0465,46.61897340524655,scr2011,dem,electricity
fr,h0466,49.11793520574321,scr2011,dem,electricity
fr_co,h0466,49.11793520574321,scr2011,dem,electricity
fr,h0467,50.83393146620142,scr2011,dem,electricity
fr_co,h0467,50.83393146620142,scr2011,dem,electricity
fr,h0468,52.03379635954357,scr2011,dem,electricity
fr_co,h0468,52.03379635954357,scr2011,dem,electricity
fr,h0469,48.83301818878476,scr2011,dem,electricity
fr_co,h0469,48.83301818878476,scr2011,dem,electricity
fr,h0470,43.66195499947304,scr2011,dem,electricity
fr_co,h0470,43.66195499947304,scr2011,dem,electricity
fr,h0471,37.063863260782995,scr2011,dem,electricity
fr_co,h0471,37.063863260782995,scr2011,dem,electricity
fr,h0472,33.998933708946254,scr2011,dem,electricity
fr_co,h0472,33.998933708946254,scr2011,dem,electricity
fr,h0473,32.09784659333633,scr2011,dem,electricity
fr_co,h0473,32.09784659333633,scr2011,dem,electricity
fr,h0474,31.384512869325988,scr2011,dem,electricity
fr_co,h0474,31.384512869325988,scr2011,dem,electricity
fr,h0475,37.74745533267151,scr2011,dem,electricity
fr_co,h0475,37.74745533267151,scr2011,dem,electricity
fr,h0476,43.94043994302726,scr2011,dem,electricity
fr_co,h0476,43.94043994302726,scr2011,dem,electricity
fr,h0477,49.10891986647306,scr2011,dem,electricity
fr_co,h0477,49.10891986647306,scr2011,dem,electricity
fr,h0478,47.34200447480359,scr2011,dem,electricity
fr_co,h0478,47.34200447480359,scr2011,dem,electricity
fr,h0479,46.367577980006246,scr2011,dem,electricity
fr_co,h0479,46.367577980006246,scr2011,dem,electricity
fr,h0480,45.04053460539021,scr2011,dem,electricity
fr_co,h0480,45.04053460539021,scr2011,dem,electricity
it_sar,h0409,21.604535742702986,scr2011,dem,electricity
it_n,h0409,21.604535742702986,scr2011,dem,electricity
it_cs,h0409,21.604535742702986,scr2011,dem,electricity
it_s,h0409,21.604535742702986,scr2011,dem,electricity
it_cn,h0409,21.604535742702986,scr2011,dem,electricity
it_sic,h0409,21.604535742702986,scr2011,dem,electricity
it_sar,h0410,19.168711239982756,scr2011,dem,electricity
it_n,h0410,19.168711239982756,scr2011,dem,electricity
it_cs,h0410,19.168711239982756,scr2011,dem,electricity
it_s,h0410,19.168711239982756,scr2011,dem,electricity
it_cn,h0410,19.168711239982756,scr2011,dem,electricity
it_sic,h0410,19.168711239982756,scr2011,dem,electricity
it_sar,h0411,17.15289665509009,scr2011,dem,electricity
it_n,h0411,17.15289665509009,scr2011,dem,electricity
it_cs,h0411,17.15289665509009,scr2011,dem,electricity
it_s,h0411,17.15289665509009,scr2011,dem,electricity
it_cn,h0411,17.15289665509009,scr2011,dem,electricity
it_sic,h0411,17.15289665509009,scr2011,dem,electricity
it_sar,h0412,15.76358152862344,scr2011,dem,electricity
it_n,h0412,15.76358152862344,scr2011,dem,electricity
it_cs,h0412,15.76358152862344,scr2011,dem,electricity
it_s,h0412,15.76358152862344,scr2011,dem,electricity
it_cn,h0412,15.76358152862344,scr2011,dem,electricity
it_sic,h0412,15.76358152862344,scr2011,dem,electricity
it_sar,h0413,15.116394338239061,scr2011,dem,electricity
it_n,h0413,15.116394338239061,scr2011,dem,electricity
it_cs,h0413,15.116394338239061,scr2011,dem,electricity
it_s,h0413,15.116394338239061,scr2011,dem,electricity
it_cn,h0413,15.116394338239061,scr2011,dem,electricity
it_sic,h0413,15.116394338239061,scr2011,dem,electricity
it_sar,h0414,15.195656369288322,scr2011,dem,electricity
it_n,h0414,15.195656369288322,scr2011,dem,electricity
it_cs,h0414,15.195656369288322,scr2011,dem,electricity
it_s,h0414,15.195656369288322,scr2011,dem,electricity
it_cn,h0414,15.195656369288322,scr2011,dem,electricity
it_sic,h0414,15.195656369288322,scr2011,dem,electricity
it_sar,h0415,14.516890249046988,scr2011,dem,electricity
it_n,h0415,14.516890249046988,scr2011,dem,electricity
it_cs,h0415,14.516890249046988,scr2011,dem,electricity
it_s,h0415,14.516890249046988,scr2011,dem,electricity
it_cn,h0415,14.516890249046988,scr2011,dem,electricity
it_sic,h0415,14.516890249046988,scr2011,dem,electricity
it_sar,h0416,14.677994878627487,scr2011,dem,electricity
it_n,h0416,14.677994878627487,scr2011,dem,electricity
it_cs,h0416,14.677994878627487,scr2011,dem,electricity
it_s,h0416,14.677994878627487,scr2011,dem,electricity
it_cn,h0416,14.677994878627487,scr2011,dem,electricity
it_sic,h0416,14.677994878627487,scr2011,dem,electricity
it_sar,h0417,15.884197151173964,scr2011,dem,electricity
it_n,h0417,15.884197151173964,scr2011,dem,electricity
it_cs,h0417,15.884197151173964,scr2011,dem,electricity
it_s,h0417,15.884197151173964,scr2011,dem,electricity
it_cn,h0417,15.884197151173964,scr2011,dem,electricity
it_sic,h0417,15.884197151173964,scr2011,dem,electricity
it_sar,h0418,18.815847186978253,scr2011,dem,electricity
it_n,h0418,18.815847186978253,scr2011,dem,electricity
it_cs,h0418,18.815847186978253,scr2011,dem,electricity
it_s,h0418,18.815847186978253,scr2011,dem,electricity
it_cn,h0418,18.815847186978253,scr2011,dem,electricity
it_sic,h0418,18.815847186978253,scr2011,dem,electricity
it_sar,h0419,20.932430575134696,scr2011,dem,electricity
it_n,h0419,20.932430575134696,scr2011,dem,electricity
it_cs,h0419,20.932430575134696,scr2011,dem,electricity
it_s,h0419,20.932430575134696,scr2011,dem,electricity
it_cn,h0419,20.932430575134696,scr2011,dem,electricity
it_sic,h0419,20.932430575134696,scr2011,dem,electricity
it_sar,h0420,21.90940754102474,scr2011,dem,electricity
it_n,h0420,21.90940754102474,scr2011,dem,electricity
it_cs,h0420,21.90940754102474,scr2011,dem,electricity
it_s,h0420,21.90940754102474,scr2011,dem,electricity
it_cn,h0420,21.90940754102474,scr2011,dem,electricity
it_sic,h0420,21.90940754102474,scr2011,dem,electricity
it_sar,h0421,22.648943408335015,scr2011,dem,electricity
it_n,h0421,22.648943408335015,scr2011,dem,electricity
it_cs,h0421,22.648943408335015,scr2011,dem,electricity
it_s,h0421,22.648943408335015,scr2011,dem,electricity
it_cn,h0421,22.648943408335015,scr2011,dem,electricity
it_sic,h0421,22.648943408335015,scr2011,dem,electricity
it_sar,h0422,22.89346450441206,scr2011,dem,electricity
it_n,h0422,22.89346450441206,scr2011,dem,electricity
it_cs,h0422,22.89346450441206,scr2011,dem,electricity
it_s,h0422,22.89346450441206,scr2011,dem,electricity
it_cn,h0422,22.89346450441206,scr2011,dem,electricity
it_sic,h0422,22.89346450441206,scr2011,dem,electricity
it_sar,h0423,22.924628251642872,scr2011,dem,electricity
it_n,h0423,22.924628251642872,scr2011,dem,electricity
it_cs,h0423,22.924628251642872,scr2011,dem,electricity
it_s,h0423,22.924628251642872,scr2011,dem,electricity
it_cn,h0423,22.924628251642872,scr2011,dem,electricity
it_sic,h0423,22.924628251642872,scr2011,dem,electricity
it_sar,h0424,22.274423191346273,scr2011,dem,electricity
it_n,h0424,22.274423191346273,scr2011,dem,electricity
it_cs,h0424,22.274423191346273,scr2011,dem,electricity
it_s,h0424,22.274423191346273,scr2011,dem,electricity
it_cn,h0424,22.274423191346273,scr2011,dem,electricity
it_sic,h0424,22.274423191346273,scr2011,dem,electricity
it_sar,h0425,21.987768818460964,scr2011,dem,electricity
it_n,h0425,21.987768818460964,scr2011,dem,electricity
it_cs,h0425,21.987768818460964,scr2011,dem,electricity
it_s,h0425,21.987768818460964,scr2011,dem,electricity
it_cn,h0425,21.987768818460964,scr2011,dem,electricity
it_sic,h0425,21.987768818460964,scr2011,dem,electricity
it_sar,h0426,22.014992402982443,scr2011,dem,electricity
it_n,h0426,22.014992402982443,scr2011,dem,electricity
it_cs,h0426,22.014992402982443,scr2011,dem,electricity
it_s,h0426,22.014992402982443,scr2011,dem,electricity
it_cn,h0426,22.014992402982443,scr2011,dem,electricity
it_sic,h0426,22.014992402982443,scr2011,dem,electricity
it_sar,h0427,23.094682960790166,scr2011,dem,electricity
it_n,h0427,23.094682960790166,scr2011,dem,electricity
it_cs,h0427,23.094682960790166,scr2011,dem,electricity
it_s,h0427,23.094682960790166,scr2011,dem,electricity
it_cn,h0427,23.094682960790166,scr2011,dem,electricity
it_sic,h0427,23.094682960790166,scr2011,dem,electricity
it_sar,h0428,24.83529428808197,scr2011,dem,electricity
it_n,h0428,24.83529428808197,scr2011,dem,electricity
it_cs,h0428,24.83529428808197,scr2011,dem,electricity
it_s,h0428,24.83529428808197,scr2011,dem,electricity
it_cn,h0428,24.83529428808197,scr2011,dem,electricity
it_sic,h0428,24.83529428808197,scr2011,dem,electricity
it_sar,h0429,27.019048577720284,scr2011,dem,electricity
it_n,h0429,27.019048577720284,scr2011,dem,electricity
it_cs,h0429,27.019048577720284,scr2011,dem,electricity
it_s,h0429,27.019048577720284,scr2011,dem,electricity
it_cn,h0429,27.019048577720284,scr2011,dem,electricity
it_sic,h0429,27.019048577720284,scr2011,dem,electricity
it_sar,h0430,27.844683270817384,scr2011,dem,electricity
it_n,h0430,27.844683270817384,scr2011,dem,electricity
it_cs,h0430,27.844683270817384,scr2011,dem,electricity
it_s,h0430,27.844683270817384,scr2011,dem,electricity
it_cn,h0430,27.844683270817384,scr2011,dem,electricity
it_sic,h0430,27.844683270817384,scr2011,dem,electricity
it_sar,h0431,26.89051816281365,scr2011,dem,electricity
it_n,h0431,26.89051816281365,scr2011,dem,electricity
it_cs,h0431,26.89051816281365,scr2011,dem,electricity
it_s,h0431,26.89051816281365,scr2011,dem,electricity
it_cn,h0431,26.89051816281365,scr2011,dem,electricity
it_sic,h0431,26.89051816281365,scr2011,dem,electricity
it_sar,h0432,24.295096772276324,scr2011,dem,electricity
it_n,h0432,24.295096772276324,scr2011,dem,electricity
it_cs,h0432,24.295096772276324,scr2011,dem,electricity
it_s,h0432,24.295096772276324,scr2011,dem,electricity
it_cn,h0432,24.295096772276324,scr2011,dem,electricity
it_sic,h0432,24.295096772276324,scr2011,dem,electricity
it_sar,h0433,21.821769252296562,scr2011,dem,electricity
it_n,h0433,21.821769252296562,scr2011,dem,electricity
it_cs,h0433,21.821769252296562,scr2011,dem,electricity
it_s,h0433,21.821769252296562,scr2011,dem,electricity
it_cn,h0433,21.821769252296562,scr2011,dem,electricity
it_sic,h0433,21.821769252296562,scr2011,dem,electricity
it_sar,h0434,19.868035037400233,scr2011,dem,electricity
it_n,h0434,19.868035037400233,scr2011,dem,electricity
it_cs,h0434,19.868035037400233,scr2011,dem,electricity
it_s,h0434,19.868035037400233,scr2011,dem,electricity
it_cn,h0434,19.868035037400233,scr2011,dem,electricity
it_sic,h0434,19.868035037400233,scr2011,dem,electricity
it_sar,h0435,18.466444162020082,scr2011,dem,electricity
it_n,h0435,18.466444162020082,scr2011,dem,electricity
it_cs,h0435,18.466444162020082,scr2011,dem,electricity
it_s,h0435,18.466444162020082,scr2011,dem,electricity
it_cn,h0435,18.466444162020082,scr2011,dem,electricity
it_sic,h0435,18.466444162020082,scr2011,dem,electricity
it_sar,h0436,17.135834838193404,scr2011,dem,electricity
it_n,h0436,17.135834838193404,scr2011,dem,electricity
it_cs,h0436,17.135834838193404,scr2011,dem,electricity
it_s,h0436,17.135834838193404,scr2011,dem,electricity
it_cn,h0436,17.135834838193404,scr2011,dem,electricity
it_sic,h0436,17.135834838193404,scr2011,dem,electricity
it_sar,h0437,16.537914304035326,scr2011,dem,electricity
it_n,h0437,16.537914304035326,scr2011,dem,electricity
it_cs,h0437,16.537914304035326,scr2011,dem,electricity
it_s,h0437,16.537914304035326,scr2011,dem,electricity
it_cn,h0437,16.537914304035326,scr2011,dem,electricity
it_sic,h0437,16.537914304035326,scr2011,dem,electricity
it_sar,h0438,16.864385286426604,scr2011,dem,electricity
it_n,h0438,16.864385286426604,scr2011,dem,electricity
it_cs,h0438,16.864385286426604,scr2011,dem,electricity
it_s,h0438,16.864385286426604,scr2011,dem,electricity
it_cn,h0438,16.864385286426604,scr2011,dem,electricity
it_sic,h0438,16.864385286426604,scr2011,dem,electricity
it_sar,h0439,18.553749717908303,scr2011,dem,electricity
it_n,h0439,18.553749717908303,scr2011,dem,electricity
it_cs,h0439,18.553749717908303,scr2011,dem,electricity
it_s,h0439,18.553749717908303,scr2011,dem,electricity
it_cn,h0439,18.553749717908303,scr2011,dem,electricity
it_sic,h0439,18.553749717908303,scr2011,dem,electricity
it_sar,h0440,21.592802491498006,scr2011,dem,electricity
it_n,h0440,21.592802491498006,scr2011,dem,electricity
it_cs,h0440,21.592802491498006,scr2011,dem,electricity
it_s,h0440,21.592802491498006,scr2011,dem,electricity
it_cn,h0440,21.592802491498006,scr2011,dem,electricity
it_sic,h0440,21.592802491498006,scr2011,dem,electricity
it_sar,h0441,25.868359494441044,scr2011,dem,electricity
it_n,h0441,25.868359494441044,scr2011,dem,electricity
it_cs,h0441,25.868359494441044,scr2011,dem,electricity
it_s,h0441,25.868359494441044,scr2011,dem,electricity
it_cn,h0441,25.868359494441044,scr2011,dem,electricity
it_sic,h0441,25.868359494441044,scr2011,dem,electricity
it_sar,h0442,29.811390406698237,scr2011,dem,electricity
it_n,h0442,29.811390406698237,scr2011,dem,electricity
it_cs,h0442,29.811390406698237,scr2011,dem,electricity
it_s,h0442,29.811390406698237,scr2011,dem,electricity
it_cn,h0442,29.811390406698237,scr2011,dem,electricity
it_sic,h0442,29.811390406698237,scr2011,dem,electricity
it_sar,h0443,32.528546348024776,scr2011,dem,electricity
it_n,h0443,32.528546348024776,scr2011,dem,electricity
it_cs,h0443,32.528546348024776,scr2011,dem,electricity
it_s,h0443,32.528546348024776,scr2011,dem,electricity
it_cn,h0443,32.528546348024776,scr2011,dem,electricity
it_sic,h0443,32.528546348024776,scr2011,dem,electricity
it_sar,h0444,33.65175786840241,scr2011,dem,electricity
it_n,h0444,33.65175786840241,scr2011,dem,electricity
it_cs,h0444,33.65175786840241,scr2011,dem,electricity
it_s,h0444,33.65175786840241,scr2011,dem,electricity
it_cn,h0444,33.65175786840241,scr2011,dem,electricity
it_sic,h0444,33.65175786840241,scr2011,dem,electricity
it_sar,h0445,34.473796997261914,scr2011,dem,electricity
it_n,h0445,34.473796997261914,scr2011,dem,electricity
it_cs,h0445,34.473796997261914,scr2011,dem,electricity
it_s,h0445,34.473796997261914,scr2011,dem,electricity
it_cn,h0445,34.473796997261914,scr2011,dem,electricity
it_sic,h0445,34.473796997261914,scr2011,dem,electricity
it_sar,h0446,35.1135978253825,scr2011,dem,electricity
it_n,h0446,35.1135978253825,scr2011,dem,electricity
it_cs,h0446,35.1135978253825,scr2011,dem,electricity
it_s,h0446,35.1135978253825,scr2011,dem,electricity
it_cn,h0446,35.1135978253825,scr2011,dem,electricity
it_sic,h0446,35.1135978253825,scr2011,dem,electricity
it_sar,h0447,35.854063985302176,scr2011,dem,electricity
it_n,h0447,35.854063985302176,scr2011,dem,electricity
it_cs,h0447,35.854063985302176,scr2011,dem,electricity
it_s,h0447,35.854063985302176,scr2011,dem,electricity
it_cn,h0447,35.854063985302176,scr2011,dem,electricity
it_sic,h0447,35.854063985302176,scr2011,dem,electricity
it_sar,h0448,36.040895220946894,scr2011,dem,electricity
it_n,h0448,36.040895220946894,scr2011,dem,electricity
it_cs,h0448,36.040895220946894,scr2011,dem,electricity
it_s,h0448,36.040895220946894,scr2011,dem,electricity
it_cn,h0448,36.040895220946894,scr2011,dem,electricity
it_sic,h0448,36.040895220946894,scr2011,dem,electricity
it_sar,h0449,36.10685598936006,scr2011,dem,electricity
it_n,h0449,36.10685598936006,scr2011,dem,electricity
it_cs,h0449,36.10685598936006,scr2011,dem,electricity
it_s,h0449,36.10685598936006,scr2011,dem,electricity
it_cn,h0449,36.10685598936006,scr2011,dem,electricity
it_sic,h0449,36.10685598936006,scr2011,dem,electricity
it_sar,h0450,35.72100571368823,scr2011,dem,electricity
it_n,h0450,35.72100571368823,scr2011,dem,electricity
it_cs,h0450,35.72100571368823,scr2011,dem,electricity
it_s,h0450,35.72100571368823,scr2011,dem,electricity
it_cn,h0450,35.72100571368823,scr2011,dem,electricity
it_sic,h0450,35.72100571368823,scr2011,dem,electricity
it_sar,h0451,35.60422321906239,scr2011,dem,electricity
it_n,h0451,35.60422321906239,scr2011,dem,electricity
it_cs,h0451,35.60422321906239,scr2011,dem,electricity
it_s,h0451,35.60422321906239,scr2011,dem,electricity
it_cn,h0451,35.60422321906239,scr2011,dem,electricity
it_sic,h0451,35.60422321906239,scr2011,dem,electricity
it_sar,h0452,36.20768653503248,scr2011,dem,electricity
it_n,h0452,36.20768653503248,scr2011,dem,electricity
it_cs,h0452,36.20768653503248,scr2011,dem,electricity
it_s,h0452,36.20768653503248,scr2011,dem,electricity
it_cn,h0452,36.20768653503248,scr2011,dem,electricity
it_sic,h0452,36.20768653503248,scr2011,dem,electricity
it_sar,h0453,37.33580420450761,scr2011,dem,electricity
it_n,h0453,37.33580420450761,scr2011,dem,electricity
it_cs,h0453,37.33580420450761,scr2011,dem,electricity
it_s,h0453,37.33580420450761,scr2011,dem,electricity
it_cn,h0453,37.33580420450761,scr2011,dem,electricity
it_sic,h0453,37.33580420450761,scr2011,dem,electricity
it_sar,h0454,37.2714541219154,scr2011,dem,electricity
it_n,h0454,37.2714541219154,scr2011,dem,electricity
it_cs,h0454,37.2714541219154,scr2011,dem,electricity
it_s,h0454,37.2714541219154,scr2011,dem,electricity
it_cn,h0454,37.2714541219154,scr2011,dem,electricity
it_sic,h0454,37.2714541219154,scr2011,dem,electricity
it_sar,h0455,35.40873112564806,scr2011,dem,electricity
it_n,h0455,35.40873112564806,scr2011,dem,electricity
it_cs,h0455,35.40873112564806,scr2011,dem,electricity
it_s,h0455,35.40873112564806,scr2011,dem,electricity
it_cn,h0455,35.40873112564806,scr2011,dem,electricity
it_sic,h0455,35.40873112564806,scr2011,dem,electricity
it_sar,h0456,32.19362451518609,scr2011,dem,electricity
it_n,h0456,32.19362451518609,scr2011,dem,electricity
it_cs,h0456,32.19362451518609,scr2011,dem,electricity
it_s,h0456,32.19362451518609,scr2011,dem,electricity
it_cn,h0456,32.19362451518609,scr2011,dem,electricity
it_sic,h0456,32.19362451518609,scr2011,dem,electricity
it_sar,h0457,26.96655751749313,scr2011,dem,electricity
it_n,h0457,26.96655751749313,scr2011,dem,electricity
it_cs,h0457,26.96655751749313,scr2011,dem,electricity
it_s,h0457,26.96655751749313,scr2011,dem,electricity
it_cn,h0457,26.96655751749313,scr2011,dem,electricity
it_sic,h0457,26.96655751749313,scr2011,dem,electricity
it_sar,h0458,22.1466157995765,scr2011,dem,electricity
it_n,h0458,22.1466157995765,scr2011,dem,electricity
it_cs,h0458,22.1466157995765,scr2011,dem,electricity
it_s,h0458,22.1466157995765,scr2011,dem,electricity
it_cn,h0458,22.1466157995765,scr2011,dem,electricity
it_sic,h0458,22.1466157995765,scr2011,dem,electricity
it_sar,h0459,17.91094137271775,scr2011,dem,electricity
it_n,h0459,17.91094137271775,scr2011,dem,electricity
it_cs,h0459,17.91094137271775,scr2011,dem,electricity
it_s,h0459,17.91094137271775,scr2011,dem,electricity
it_cn,h0459,17.91094137271775,scr2011,dem,electricity
it_sic,h0459,17.91094137271775,scr2011,dem,electricity
it_sar,h0460,16.75893266406311,scr2011,dem,electricity
it_n,h0460,16.75893266406311,scr2011,dem,electricity
it_cs,h0460,16.75893266406311,scr2011,dem,electricity
it_s,h0460,16.75893266406311,scr2011,dem,electricity
it_cn,h0460,16.75893266406311,scr2011,dem,electricity
it_sic,h0460,16.75893266406311,scr2011,dem,electricity
it_sar,h0461,16.527162394248563,scr2011,dem,electricity
it_n,h0461,16.527162394248563,scr2011,dem,electricity
it_cs,h0461,16.527162394248563,scr2011,dem,electricity
it_s,h0461,16.527162394248563,scr2011,dem,electricity
it_cn,h0461,16.527162394248563,scr2011,dem,electricity
it_sic,h0461,16.527162394248563,scr2011,dem,electricity
it_sar,h0462,17.58484196161958,scr2011,dem,electricity
it_n,h0462,17.58484196161958,scr2011,dem,electricity
it_cs,h0462,17.58484196161958,scr2011,dem,electricity
it_s,h0462,17.58484196161958,scr2011,dem,electricity
it_cn,h0462,17.58484196161958,scr2011,dem,electricity
it_sic,h0462,17.58484196161958,scr2011,dem,electricity
it_sar,h0463,21.59687343489461,scr2011,dem,electricity
it_n,h0463,21.59687343489461,scr2011,dem,electricity
it_cs,h0463,21.59687343489461,scr2011,dem,electricity
it_s,h0463,21.59687343489461,scr2011,dem,electricity
it_cn,h0463,21.59687343489461,scr2011,dem,electricity
it_sic,h0463,21.59687343489461,scr2011,dem,electricity
it_sar,h0464,27.05610270648954,scr2011,dem,electricity
it_n,h0464,27.05610270648954,scr2011,dem,electricity
it_cs,h0464,27.05610270648954,scr2011,dem,electricity
it_s,h0464,27.05610270648954,scr2011,dem,electricity
it_cn,h0464,27.05610270648954,scr2011,dem,electricity
it_sic,h0464,27.05610270648954,scr2011,dem,electricity
it_sar,h0465,33.267165545386874,scr2011,dem,electricity
it_n,h0465,33.267165545386874,scr2011,dem,electricity
it_cs,h0465,33.267165545386874,scr2011,dem,electricity
it_s,h0465,33.267165545386874,scr2011,dem,electricity
it_cn,h0465,33.267165545386874,scr2011,dem,electricity
it_sic,h0465,33.267165545386874,scr2011,dem,electricity
it_sar,h0466,37.56041505921827,scr2011,dem,electricity
it_n,h0466,37.56041505921827,scr2011,dem,electricity
it_cs,h0466,37.56041505921827,scr2011,dem,electricity
it_s,h0466,37.56041505921827,scr2011,dem,electricity
it_cn,h0466,37.56041505921827,scr2011,dem,electricity
it_sic,h0466,37.56041505921827,scr2011,dem,electricity
it_sar,h0467,40.2614641028527,scr2011,dem,electricity
it_n,h0467,40.2614641028527,scr2011,dem,electricity
it_cs,h0467,40.2614641028527,scr2011,dem,electricity
it_s,h0467,40.2614641028527,scr2011,dem,electricity
it_cn,h0467,40.2614641028527,scr2011,dem,electricity
it_sic,h0467,40.2614641028527,scr2011,dem,electricity
it_sar,h0468,41.14510849485485,scr2011,dem,electricity
it_n,h0468,41.14510849485485,scr2011,dem,electricity
it_cs,h0468,41.14510849485485,scr2011,dem,electricity
it_s,h0468,41.14510849485485,scr2011,dem,electricity
it_cn,h0468,41.14510849485485,scr2011,dem,electricity
it_sic,h0468,41.14510849485485,scr2011,dem,electricity
it_sar,h0469,36.11085770787042,scr2011,dem,electricity
it_n,h0469,36.11085770787042,scr2011,dem,electricity
it_cs,h0469,36.11085770787042,scr2011,dem,electricity
it_s,h0469,36.11085770787042,scr2011,dem,electricity
it_cn,h0469,36.11085770787042,scr2011,dem,electricity
it_sic,h0469,36.11085770787042,scr2011,dem,electricity
it_sar,h0470,29.988661159534914,scr2011,dem,electricity
it_n,h0470,29.988661159534914,scr2011,dem,electricity
it_cs,h0470,29.988661159534914,scr2011,dem,electricity
it_s,h0470,29.988661159534914,scr2011,dem,electricity
it_cn,h0470,29.988661159534914,scr2011,dem,electricity
it_sic,h0470,29.988661159534914,scr2011,dem,electricity
it_sar,h0471,23.178773640473835,scr2011,dem,electricity
it_n,h0471,23.178773640473835,scr2011,dem,electricity
it_cs,h0471,23.178773640473835,scr2011,dem,electricity
it_s,h0471,23.178773640473835,scr2011,dem,electricity
it_cn,h0471,23.178773640473835,scr2011,dem,electricity
it_sic,h0471,23.178773640473835,scr2011,dem,electricity
it_sar,h0472,22.091820657536488,scr2011,dem,electricity
it_n,h0472,22.091820657536488,scr2011,dem,electricity
it_cs,h0472,22.091820657536488,scr2011,dem,electricity
it_s,h0472,22.091820657536488,scr2011,dem,electricity
it_cn,h0472,22.091820657536488,scr2011,dem,electricity
it_sic,h0472,22.091820657536488,scr2011,dem,electricity
it_sar,h0473,21.48159715331439,scr2011,dem,electricity
it_n,h0473,21.48159715331439,scr2011,dem,electricity
it_cs,h0473,21.48159715331439,scr2011,dem,electricity
it_s,h0473,21.48159715331439,scr2011,dem,electricity
it_cn,h0473,21.48159715331439,scr2011,dem,electricity
it_sic,h0473,21.48159715331439,scr2011,dem,electricity
it_sar,h0474,21.54626895960108,scr2011,dem,electricity
it_n,h0474,21.54626895960108,scr2011,dem,electricity
it_cs,h0474,21.54626895960108,scr2011,dem,electricity
it_s,h0474,21.54626895960108,scr2011,dem,electricity
it_cn,h0474,21.54626895960108,scr2011,dem,electricity
it_sic,h0474,21.54626895960108,scr2011,dem,electricity
it_sar,h0475,27.30814743568895,scr2011,dem,electricity
it_n,h0475,27.30814743568895,scr2011,dem,electricity
it_cs,h0475,27.30814743568895,scr2011,dem,electricity
it_s,h0475,27.30814743568895,scr2011,dem,electricity
it_cn,h0475,27.30814743568895,scr2011,dem,electricity
it_sic,h0475,27.30814743568895,scr2011,dem,electricity
it_sar,h0476,33.760339374714675,scr2011,dem,electricity
it_n,h0476,33.760339374714675,scr2011,dem,electricity
it_cs,h0476,33.760339374714675,scr2011,dem,electricity
it_s,h0476,33.760339374714675,scr2011,dem,electricity
it_cn,h0476,33.760339374714675,scr2011,dem,electricity
it_sic,h0476,33.760339374714675,scr2011,dem,electricity
it_sar,h0477,39.172401095751624,scr2011,dem,electricity
it_n,h0477,39.172401095751624,scr2011,dem,electricity
it_cs,h0477,39.172401095751624,scr2011,dem,electricity
it_s,h0477,39.172401095751624,scr2011,dem,electricity
it_cn,h0477,39.172401095751624,scr2011,dem,electricity
it_sic,h0477,39.172401095751624,scr2011,dem,electricity
it_sar,h0478,38.83571085531558,scr2011,dem,electricity
it_n,h0478,38.83571085531558,scr2011,dem,electricity
it_cs,h0478,38.83571085531558,scr2011,dem,electricity
it_s,h0478,38.83571085531558,scr2011,dem,electricity
it_cn,h0478,38.83571085531558,scr2011,dem,electricity
it_sic,h0478,38.83571085531558,scr2011,dem,electricity
it_sar,h0479,36.32573512484694,scr2011,dem,electricity
it_n,h0479,36.32573512484694,scr2011,dem,electricity
it_cs,h0479,36.32573512484694,scr2011,dem,electricity
it_s,h0479,36.32573512484694,scr2011,dem,electricity
it_cn,h0479,36.32573512484694,scr2011,dem,electricity
it_sic,h0479,36.32573512484694,scr2011,dem,electricity
it_sar,h0480,32.849002760821364,scr2011,dem,electricity
it_n,h0480,32.849002760821364,scr2011,dem,electricity
it_cs,h0480,32.849002760821364,scr2011,dem,electricity
it_s,h0480,32.849002760821364,scr2011,dem,electricity
it_cn,h0480,32.849002760821364,scr2011,dem,electricity
it_sic,h0480,32.849002760821364,scr2011,dem,electricity
nl,h0409,10.308102563068834,scr2011,dem,electricity
nl,h0410,10.090069187863145,scr2011,dem,electricity
nl,h0411,9.912128035963493,scr2011,dem,electricity
nl,h0412,9.568129745909895,scr2011,dem,electricity
nl,h0413,9.430561846283213,scr2011,dem,electricity
nl,h0414,9.569381658469764,scr2011,dem,electricity
nl,h0415,9.462934653796832,scr2011,dem,electricity
nl,h0416,9.473106058047525,scr2011,dem,electricity
nl,h0417,9.622234538929437,scr2011,dem,electricity
nl,h0418,10.354125349857474,scr2011,dem,electricity
nl,h0419,11.08601414811822,scr2011,dem,electricity
nl,h0420,11.599919263273597,scr2011,dem,electricity
nl,h0421,12.534763252536864,scr2011,dem,electricity
nl,h0422,13.298823017612511,scr2011,dem,electricity
nl,h0423,13.932911770170962,scr2011,dem,electricity
nl,h0424,13.796275185026156,scr2011,dem,electricity
nl,h0425,13.653514726140349,scr2011,dem,electricity
nl,h0426,13.52394408428834,scr2011,dem,electricity
nl,h0427,13.271192994788596,scr2011,dem,electricity
nl,h0428,12.933622200354922,scr2011,dem,electricity
nl,h0429,12.502427096390491,scr2011,dem,electricity
nl,h0430,12.2867771676515,scr2011,dem,electricity
nl,h0431,12.196690738920152,scr2011,dem,electricity
nl,h0432,12.022477082539718,scr2011,dem,electricity
nl,h0433,11.576497151946581,scr2011,dem,electricity
nl,h0434,10.957538608755668,scr2011,dem,electricity
nl,h0435,10.425389208778638,scr2011,dem,electricity
nl,h0436,10.08552426247393,scr2011,dem,electricity
nl,h0437,9.95538552489823,scr2011,dem,electricity
nl,h0438,10.144016131312325,scr2011,dem,electricity
nl,h0439,10.805383956192369,scr2011,dem,electricity
nl,h0440,11.76310960733366,scr2011,dem,electricity
nl,h0441,12.844317392095041,scr2011,dem,electricity
nl,h0442,13.715096131688096,scr2011,dem,electricity
nl,h0443,14.32792315535771,scr2011,dem,electricity
nl,h0444,14.709772208883148,scr2011,dem,electricity
nl,h0445,14.75531712533638,scr2011,dem,electricity
nl,h0446,14.700432115701357,scr2011,dem,electricity
nl,h0447,14.513149361247727,scr2011,dem,electricity
nl,h0448,14.410586296130756,scr2011,dem,electricity
nl,h0449,14.276562678608384,scr2011,dem,electricity
nl,h0450,14.20132960270189,scr2011,dem,electricity
nl,h0451,14.113425382967133,scr2011,dem,electricity
nl,h0452,13.882698700200315,scr2011,dem,electricity
nl,h0453,13.622773550246338,scr2011,dem,electricity
nl,h0454,13.395337329665836,scr2011,dem,electricity
nl,h0455,13.249948572413961,scr2011,dem,electricity
nl,h0456,12.874422497563506,scr2011,dem,electricity
nl,h0457,11.72522356791712,scr2011,dem,electricity
nl,h0458,10.582384321596894,scr2011,dem,electricity
nl,h0459,9.597159792560431,scr2011,dem,electricity
nl,h0460,9.35988980275109,scr2011,dem,electricity
nl,h0461,9.314899054577973,scr2011,dem,electricity
nl,h0462,9.622407156737344,scr2011,dem,electricity
nl,h0463,10.69516402980472,scr2011,dem,electricity
nl,h0464,12.105610544368705,scr2011,dem,electricity
nl,h0465,13.464698649153858,scr2011,dem,electricity
nl,h0466,14.218054528868576,scr2011,dem,electricity
nl,h0467,14.620292836945556,scr2011,dem,electricity
nl,h0468,14.928173958187191,scr2011,dem,electricity
nl,h0469,13.925885201817229,scr2011,dem,electricity
nl,h0470,12.709878103906894,scr2011,dem,electricity
nl,h0471,11.28722946872693,scr2011,dem,electricity
nl,h0472,10.910219342437644,scr2011,dem,electricity
nl,h0473,10.700863362720511,scr2011,dem,electricity
nl,h0474,10.700215698922532,scr2011,dem,electricity
nl,h0475,11.86421470533798,scr2011,dem,electricity
nl,h0476,12.902766642980337,scr2011,dem,electricity
nl,h0477,13.957052226048905,scr2011,dem,electricity
nl,h0478,13.739288948971465,scr2011,dem,electricity
nl,h0479,13.500317642520638,scr2011,dem,electricity
nl,h0480,12.87750313985603,scr2011,dem,electricity
ie,h0409,2.391651737698919,scr2011,dem,electricity
ie,h0410,2.251426445610736,scr2011,dem,electricity
ie,h0411,2.065217145343703,scr2011,dem,electricity
ie,h0412,1.8901640401334154,scr2011,dem,electricity
ie,h0413,1.8060651437999,scr2011,dem,electricity
ie,h0414,1.784775983013725,scr2011,dem,electricity
ie,h0415,1.8142753781500227,scr2011,dem,electricity
ie,h0416,1.8974333414734228,scr2011,dem,electricity
ie,h0417,2.0189215528006343,scr2011,dem,electricity
ie,h0418,2.2095351809812267,scr2011,dem,electricity
ie,h0419,2.4522675672077616,scr2011,dem,electricity
ie,h0420,2.6995240691417606,scr2011,dem,electricity
ie,h0421,3.0197073337342304,scr2011,dem,electricity
ie,h0422,3.2409434991729915,scr2011,dem,electricity
ie,h0423,3.3926813044977444,scr2011,dem,electricity
ie,h0424,3.3623197266190883,scr2011,dem,electricity
ie,h0425,3.3489992189494906,scr2011,dem,electricity
ie,h0426,3.3950376585618414,scr2011,dem,electricity
ie,h0427,3.3947119691256584,scr2011,dem,electricity
ie,h0428,3.3401965440124832,scr2011,dem,electricity
ie,h0429,3.1759365184532538,scr2011,dem,electricity
ie,h0430,3.023425581468334,scr2011,dem,electricity
ie,h0431,2.9079863471076153,scr2011,dem,electricity
ie,h0432,2.7996522488574827,scr2011,dem,electricity
ie,h0433,2.6297961512951455,scr2011,dem,electricity
ie,h0434,2.3604918184041863,scr2011,dem,electricity
ie,h0435,2.102693355813289,scr2011,dem,electricity
ie,h0436,1.9260264271068843,scr2011,dem,electricity
ie,h0437,1.8435979502280597,scr2011,dem,electricity
ie,h0438,1.8221896705310245,scr2011,dem,electricity
ie,h0439,1.8814410982414178,scr2011,dem,electricity
ie,h0440,2.0471189953091122,scr2011,dem,electricity
ie,h0441,2.325336229016993,scr2011,dem,electricity
ie,h0442,2.700038654382882,scr2011,dem,electricity
ie,h0443,3.0557231036008905,scr2011,dem,electricity
ie,h0444,3.304877515830828,scr2011,dem,electricity
ie,h0445,3.4100627673242614,scr2011,dem,electricity
ie,h0446,3.434259801122978,scr2011,dem,electricity
ie,h0447,3.428292083910198,scr2011,dem,electricity
ie,h0448,3.408184085713718,scr2011,dem,electricity
ie,h0449,3.409669764480704,scr2011,dem,electricity
ie,h0450,3.465092056939943,scr2011,dem,electricity
ie,h0451,3.5114222000994983,scr2011,dem,electricity
ie,h0452,3.4901067962124257,scr2011,dem,electricity
ie,h0453,3.361669295408589,scr2011,dem,electricity
ie,h0454,3.26186267451638,scr2011,dem,electricity
ie,h0455,3.1943812923800188,scr2011,dem,electricity
ie,h0456,3.0707682059318824,scr2011,dem,electricity
ie,h0457,2.699215879864037,scr2011,dem,electricity
ie,h0458,2.2715501995282126,scr2011,dem,electricity
ie,h0459,1.932134303631823,scr2011,dem,electricity
ie,h0460,1.8006136901711838,scr2011,dem,electricity
ie,h0461,1.74134607214003,scr2011,dem,electricity
ie,h0462,1.734428227624381,scr2011,dem,electricity
ie,h0463,1.8373095341377255,scr2011,dem,electricity
ie,h0464,2.0667901897758894,scr2011,dem,electricity
ie,h0465,2.4464270959568712,scr2011,dem,electricity
ie,h0466,2.862029386159194,scr2011,dem,electricity
ie,h0467,3.1827660491488095,scr2011,dem,electricity
ie,h0468,3.335036980648195,scr2011,dem,electricity
ie,h0469,3.1880319789620226,scr2011,dem,electricity
ie,h0470,3.040839869086632,scr2011,dem,electricity
ie,h0471,2.896234713991099,scr2011,dem,electricity
ie,h0472,2.8920541331307894,scr2011,dem,electricity
ie,h0473,2.8526687038975127,scr2011,dem,electricity
ie,h0474,2.8305548911692098,scr2011,dem,electricity
ie,h0475,3.0560625574263987,scr2011,dem,electricity
ie,h0476,3.2462808254321875,scr2011,dem,electricity
ie,h0477,3.384445569275731,scr2011,dem,electricity
ie,h0478,3.3550225885411713,scr2011,dem,electricity
ie,h0479,3.2841935511043365,scr2011,dem,electricity
ie,h0480,3.1250787359458383,scr2011,dem,electricity
hr,h0409,1.9180490033554631,scr2011,dem,electricity
hr,h0410,1.70617762009876,scr2011,dem,electricity
hr,h0411,1.5734250416335025,scr2011,dem,electricity
hr,h0412,1.5144031047336368,scr2011,dem,electricity
hr,h0413,1.4990648269759606,scr2011,dem,electricity
hr,h0414,1.5045751930966922,scr2011,dem,electricity
hr,h0415,1.5075318061649348,scr2011,dem,electricity
hr,h0416,1.5660021732496403,scr2011,dem,electricity
hr,h0417,1.6853693774578582,scr2011,dem,electricity
hr,h0418,1.8574768870557488,scr2011,dem,electricity
hr,h0419,1.9782818461906821,scr2011,dem,electricity
hr,h0420,2.041545668240982,scr2011,dem,electricity
hr,h0421,2.140372035855867,scr2011,dem,electricity
hr,h0422,2.2156167146926116,scr2011,dem,electricity
hr,h0423,2.250574674116736,scr2011,dem,electricity
hr,h0424,2.1746021645293014,scr2011,dem,electricity
hr,h0425,2.1051626758332285,scr2011,dem,electricity
hr,h0426,2.0800835193302722,scr2011,dem,electricity
hr,h0427,2.1197419821610826,scr2011,dem,electricity
hr,h0428,2.210678087352866,scr2011,dem,electricity
hr,h0429,2.3812108031228743,scr2011,dem,electricity
hr,h0430,2.479342693894801,scr2011,dem,electricity
hr,h0431,2.470956943040516,scr2011,dem,electricity
hr,h0432,2.269173219350022,scr2011,dem,electricity
hr,h0433,1.9869626779649476,scr2011,dem,electricity
hr,h0434,1.7276818676327779,scr2011,dem,electricity
hr,h0435,1.546396049359119,scr2011,dem,electricity
hr,h0436,1.4824926169580206,scr2011,dem,electricity
hr,h0437,1.4633578704437509,scr2011,dem,electricity
hr,h0438,1.481771195007301,scr2011,dem,electricity
hr,h0439,1.5538296121036643,scr2011,dem,electricity
hr,h0440,1.7226322471371855,scr2011,dem,electricity
hr,h0441,1.9454386794210372,scr2011,dem,electricity
hr,h0442,2.1494380292884,scr2011,dem,electricity
hr,h0443,2.2489129741673715,scr2011,dem,electricity
hr,h0444,2.2947282360905668,scr2011,dem,electricity
hr,h0445,2.303181189087744,scr2011,dem,electricity
hr,h0446,2.298019144252261,scr2011,dem,electricity
hr,h0447,2.246370170009449,scr2011,dem,electricity
hr,h0448,2.173564751678229,scr2011,dem,electricity
hr,h0449,2.1116583255403096,scr2011,dem,electricity
hr,h0450,2.086901377379883,scr2011,dem,electricity
hr,h0451,2.11104775246086,scr2011,dem,electricity
hr,h0452,2.211580342248997,scr2011,dem,electricity
hr,h0453,2.3817885569779227,scr2011,dem,electricity
hr,h0454,2.463131528342881,scr2011,dem,electricity
hr,h0455,2.415211264297122,scr2011,dem,electricity
hr,h0456,2.1827259990245533,scr2011,dem,electricity
hr,h0457,1.8717145835803166,scr2011,dem,electricity
hr,h0458,1.5979197402727847,scr2011,dem,electricity
hr,h0459,1.4099189290588667,scr2011,dem,electricity
hr,h0460,1.3621090586434097,scr2011,dem,electricity
hr,h0461,1.3471201203819427,scr2011,dem,electricity
hr,h0462,1.3780957614476332,scr2011,dem,electricity
hr,h0463,1.5225465646111098,scr2011,dem,electricity
hr,h0464,1.7544724849782407,scr2011,dem,electricity
hr,h0465,2.014751216365312,scr2011,dem,electricity
hr,h0466,2.18580355130696,scr2011,dem,electricity
hr,h0467,2.2504679016706675,scr2011,dem,electricity
hr,h0468,2.278140938048275,scr2011,dem,electricity
hr,h0469,2.160878135165997,scr2011,dem,electricity
hr,h0470,2.005359411039324,scr2011,dem,electricity
hr,h0471,1.785636367967302,scr2011,dem,electricity
hr,h0472,1.6691136843197938,scr2011,dem,electricity
hr,h0473,1.592030029155225,scr2011,dem,electricity
hr,h0474,1.5794829651116873,scr2011,dem,electricity
hr,h0475,1.7674796082389872,scr2011,dem,electricity
hr,h0476,2.083717704774406,scr2011,dem,electricity
hr,h0477,2.3986708843863145,scr2011,dem,electricity
hr,h0478,2.46695181966198,scr2011,dem,electricity
hr,h0479,2.3511773724388947,scr2011,dem,electricity
hr,h0480,2.108336896876997,scr2011,dem,electricity
hu,h0409,3.473011993606633,scr2011,dem,electricity
hu,h0410,3.35085458739195,scr2011,dem,electricity
hu,h0411,3.255475763879076,scr2011,dem,electricity
hu,h0412,3.049386463528208,scr2011,dem,electricity
hu,h0413,2.9804101338013425,scr2011,dem,electricity
hu,h0414,3.061167807019956,scr2011,dem,electricity
hu,h0415,3.143001446063863,scr2011,dem,electricity
hu,h0416,3.3123135565183475,scr2011,dem,electricity
hu,h0417,3.504891114847851,scr2011,dem,electricity
hu,h0418,3.7804702235371224,scr2011,dem,electricity
hu,h0419,3.9706698532536393,scr2011,dem,electricity
hu,h0420,4.105254768415762,scr2011,dem,electricity
hu,h0421,4.356717491609743,scr2011,dem,electricity
hu,h0422,4.5401619503536494,scr2011,dem,electricity
hu,h0423,4.68183923993638,scr2011,dem,electricity
hu,h0424,4.647043557961297,scr2011,dem,electricity
hu,h0425,4.60491139026999,scr2011,dem,electricity
hu,h0426,4.5475426272823825,scr2011,dem,electricity
hu,h0427,4.415389285662968,scr2011,dem,electricity
hu,h0428,4.308406449388713,scr2011,dem,electricity
hu,h0429,4.292316174563894,scr2011,dem,electricity
hu,h0430,4.285502819191606,scr2011,dem,electricity
hu,h0431,4.193726872377738,scr2011,dem,electricity
hu,h0432,3.9704050859290874,scr2011,dem,electricity
hu,h0433,3.764872868763632,scr2011,dem,electricity
hu,h0434,3.5639782884027227,scr2011,dem,electricity
hu,h0435,3.344515299810155,scr2011,dem,electricity
hu,h0436,3.1521465212863404,scr2011,dem,electricity
hu,h0437,3.093775495472073,scr2011,dem,electricity
hu,h0438,3.212367910455214,scr2011,dem,electricity
hu,h0439,3.577579674842127,scr2011,dem,electricity
hu,h0440,4.016042699942773,scr2011,dem,electricity
hu,h0441,4.381224420583749,scr2011,dem,electricity
hu,h0442,4.569896578403132,scr2011,dem,electricity
hu,h0443,4.651889172630035,scr2011,dem,electricity
hu,h0444,4.724556136126921,scr2011,dem,electricity
hu,h0445,4.789906298858114,scr2011,dem,electricity
hu,h0446,4.820246975417831,scr2011,dem,electricity
hu,h0447,4.8190494839218445,scr2011,dem,electricity
hu,h0448,4.7951719318152755,scr2011,dem,electricity
hu,h0449,4.759714751686261,scr2011,dem,electricity
hu,h0450,4.714260198146803,scr2011,dem,electricity
hu,h0451,4.686408317174937,scr2011,dem,electricity
hu,h0452,4.745205311097379,scr2011,dem,electricity
hu,h0453,4.845289503173262,scr2011,dem,electricity
hu,h0454,4.81704864371568,scr2011,dem,electricity
hu,h0455,4.628188492672052,scr2011,dem,electricity
hu,h0456,4.339217861612269,scr2011,dem,electricity
hu,h0457,3.8495668318282696,scr2011,dem,electricity
hu,h0458,3.3880157099847565,scr2011,dem,electricity
hu,h0459,2.9052512906346237,scr2011,dem,electricity
hu,h0460,2.769440956210019,scr2011,dem,electricity
hu,h0461,2.7538047664929763,scr2011,dem,electricity
hu,h0462,2.9771352975803893,scr2011,dem,electricity
hu,h0463,3.6082069533658796,scr2011,dem,electricity
hu,h0464,4.2353216949049965,scr2011,dem,electricity
hu,h0465,4.684570369543508,scr2011,dem,electricity
hu,h0466,4.8221544785483275,scr2011,dem,electricity
hu,h0467,4.8670153485945775,scr2011,dem,electricity
hu,h0468,4.908701436026604,scr2011,dem,electricity
hu,h0469,4.6574096696058405,scr2011,dem,electricity
hu,h0470,4.3408678197083646,scr2011,dem,electricity
hu,h0471,3.9699378153600264,scr2011,dem,electricity
hu,h0472,3.8919380130973877,scr2011,dem,electricity
hu,h0473,3.849809311563149,scr2011,dem,electricity
hu,h0474,3.8365675294407993,scr2011,dem,electricity
hu,h0475,4.199177231377689,scr2011,dem,electricity
hu,h0476,4.6608738865179475,scr2011,dem,electricity
hu,h0477,5.037378802713647,scr2011,dem,electricity
hu,h0478,4.98638297701109,scr2011,dem,electricity
hu,h0479,4.718222664167115,scr2011,dem,electricity
hu,h0480,4.417784144367033,scr2011,dem,electricity
mk,h0409,0.6013523045749185,scr2011,dem,electricity
mk,h0410,0.5349257720572714,scr2011,dem,electricity
mk,h0411,0.49330479738269695,scr2011,dem,electricity
mk,h0412,0.4748000682567246,scr2011,dem,electricity
mk,h0413,0.4699911669507797,scr2011,dem,electricity
mk,h0414,0.471718792865331,scr2011,dem,electricity
mk,h0415,0.4726457586583065,scr2011,dem,electricity
mk,h0416,0.49097755828728973,scr2011,dem,electricity
mk,h0417,0.5284019114716165,scr2011,dem,electricity
mk,h0418,0.5823615586273951,scr2011,dem,electricity
mk,h0419,0.6202366808897646,scr2011,dem,electricity
mk,h0420,0.6400713384795176,scr2011,dem,electricity
mk,h0421,0.6710556689923703,scr2011,dem,electricity
mk,h0422,0.6946465995713698,scr2011,dem,electricity
mk,h0423,0.70560672090465,scr2011,dem,electricity
mk,h0424,0.6817875983566295,scr2011,dem,electricity
mk,h0425,0.6600167279340758,scr2011,dem,electricity
mk,h0426,0.6521538377093795,scr2011,dem,electricity
mk,h0427,0.6645876744043355,scr2011,dem,electricity
mk,h0428,0.6930982267471142,scr2011,dem,electricity
mk,h0429,0.7465641398602689,scr2011,dem,electricity
mk,h0430,0.7773307360871202,scr2011,dem,electricity
mk,h0431,0.7747016109106426,scr2011,dem,electricity
mk,h0432,0.7114377907837725,scr2011,dem,electricity
mk,h0433,0.6229583204064197,scr2011,dem,electricity
mk,h0434,0.5416678462745728,scr2011,dem,electricity
mk,h0435,0.48483058900326537,scr2011,dem,electricity
mk,h0436,0.464795398868582,scr2011,dem,electricity
mk,h0437,0.4587962171944294,scr2011,dem,electricity
mk,h0438,0.4645692161380681,scr2011,dem,electricity
mk,h0439,0.48716118091301264,scr2011,dem,electricity
mk,h0440,0.5400846746364818,scr2011,dem,electricity
mk,h0441,0.6099395956739149,scr2011,dem,electricity
mk,h0442,0.6738980653925803,scr2011,dem,electricity
mk,h0443,0.7050857396877079,scr2011,dem,electricity
mk,h0444,0.7194498742506293,scr2011,dem,electricity
mk,h0445,0.722100068802855,scr2011,dem,electricity
mk,h0446,0.7204816492025254,scr2011,dem,electricity
mk,h0447,0.7042885120816512,scr2011,dem,electricity
mk,h0448,0.6814623453929737,scr2011,dem,electricity
mk,h0449,0.6620532627913536,scr2011,dem,electricity
mk,h0450,0.6542913927661284,scr2011,dem,electricity
mk,h0451,0.6618618344689469,scr2011,dem,electricity
mk,h0452,0.6933811046325691,scr2011,dem,electricity
mk,h0453,0.746745279352342,scr2011,dem,electricity
mk,h0454,0.7722481645383743,scr2011,dem,electricity
mk,h0455,0.7572240636093718,scr2011,dem,electricity
mk,h0456,0.6843346063894618,scr2011,dem,electricity
mk,h0457,0.5868254024031334,scr2011,dem,electricity
mk,h0458,0.5009844463340126,scr2011,dem,electricity
mk,h0459,0.44204188488780205,scr2011,dem,electricity
mk,h0460,0.42705239520612315,scr2011,dem,electricity
mk,h0461,0.42235301982178186,scr2011,dem,electricity
mk,h0462,0.43206459316842516,scr2011,dem,electricity
mk,h0463,0.4773532291802186,scr2011,dem,electricity
mk,h0464,0.5500673184715442,scr2011,dem,electricity
mk,h0465,0.6316706638219134,scr2011,dem,electricity
mk,h0466,0.6852994897271579,scr2011,dem,electricity
mk,h0467,0.7055732449859085,scr2011,dem,electricity
mk,h0468,0.714249375974797,scr2011,dem,electricity
mk,h0469,0.677484800855005,scr2011,dem,electricity
mk,h0470,0.6287261180997018,scr2011,dem,electricity
mk,h0471,0.5598379101091524,scr2011,dem,electricity
mk,h0472,0.5233053791067865,scr2011,dem,electricity
mk,h0473,0.4991378869623204,scr2011,dem,electricity
mk,h0474,0.49520409475640215,scr2011,dem,electricity
mk,h0475,0.5541453494836923,scr2011,dem,electricity
mk,h0476,0.6532932380519463,scr2011,dem,electricity
mk,h0477,0.7520382755902333,scr2011,dem,electricity
mk,h0478,0.7734459130863898,scr2011,dem,electricity
mk,h0479,0.7371479715018475,scr2011,dem,electricity
mk,h0480,0.6610119187811324,scr2011,dem,electricity
lv,h0409,0.5096597963518068,scr2011,dem,electricity
lv,h0410,0.4739348078300428,scr2011,dem,electricity
lv,h0411,0.46010504612319103,scr2011,dem,electricity
lv,h0412,0.45118445047815914,scr2011,dem,electricity
lv,h0413,0.45037216540285796,scr2011,dem,electricity
lv,h0414,0.47604084603415553,scr2011,dem,electricity
lv,h0415,0.5042055230355466,scr2011,dem,electricity
lv,h0416,0.5593725041557187,scr2011,dem,electricity
lv,h0417,0.6080539707491065,scr2011,dem,electricity
lv,h0418,0.6630275642396635,scr2011,dem,electricity
lv,h0419,0.6856637657185135,scr2011,dem,electricity
lv,h0420,0.686311477748589,scr2011,dem,electricity
lv,h0421,0.7354640235385598,scr2011,dem,electricity
lv,h0422,0.7866024588010799,scr2011,dem,electricity
lv,h0423,0.8370561667128635,scr2011,dem,electricity
lv,h0424,0.8213922402765028,scr2011,dem,electricity
lv,h0425,0.8012044417933852,scr2011,dem,electricity
lv,h0426,0.7837290884686998,scr2011,dem,electricity
lv,h0427,0.7646425016397002,scr2011,dem,electricity
lv,h0428,0.7538017274283341,scr2011,dem,electricity
lv,h0429,0.7483346742031275,scr2011,dem,electricity
lv,h0430,0.7347704526075819,scr2011,dem,electricity
lv,h0431,0.6880580342015749,scr2011,dem,electricity
lv,h0432,0.6141029436974466,scr2011,dem,electricity
lv,h0433,0.5419437888396162,scr2011,dem,electricity
lv,h0434,0.49470716754767197,scr2011,dem,electricity
lv,h0435,0.46806263327212727,scr2011,dem,electricity
lv,h0436,0.4602160702988366,scr2011,dem,electricity
lv,h0437,0.46371530492511304,scr2011,dem,electricity
lv,h0438,0.49211884250356885,scr2011,dem,electricity
lv,h0439,0.5631653695807256,scr2011,dem,electricity
lv,h0440,0.6661989393041925,scr2011,dem,electricity
lv,h0441,0.770072668874239,scr2011,dem,electricity
lv,h0442,0.8354731394041071,scr2011,dem,electricity
lv,h0443,0.8592812468587725,scr2011,dem,electricity
lv,h0444,0.8561248387872105,scr2011,dem,electricity
lv,h0445,0.8471625400248163,scr2011,dem,electricity
lv,h0446,0.8416452784995624,scr2011,dem,electricity
lv,h0447,0.8362209978113088,scr2011,dem,electricity
lv,h0448,0.8252054766417443,scr2011,dem,electricity
lv,h0449,0.8065518104248467,scr2011,dem,electricity
lv,h0450,0.7915820627053265,scr2011,dem,electricity
lv,h0451,0.7796621020953715,scr2011,dem,electricity
lv,h0452,0.7919896072117696,scr2011,dem,electricity
lv,h0453,0.8010489132442854,scr2011,dem,electricity
lv,h0454,0.7830013693990535,scr2011,dem,electricity
lv,h0455,0.711971143743084,scr2011,dem,electricity
lv,h0456,0.6180770126012002,scr2011,dem,electricity
lv,h0457,0.5307018852915041,scr2011,dem,electricity
lv,h0458,0.4757584003823456,scr2011,dem,electricity
lv,h0459,0.44587520380205914,scr2011,dem,electricity
lv,h0460,0.439798666071871,scr2011,dem,electricity
lv,h0461,0.4492351679168334,scr2011,dem,electricity
lv,h0462,0.48891439709098417,scr2011,dem,electricity
lv,h0463,0.5787181530565487,scr2011,dem,electricity
lv,h0464,0.6935676576649077,scr2011,dem,electricity
lv,h0465,0.7998188534587785,scr2011,dem,electricity
lv,h0466,0.8578411113014781,scr2011,dem,electricity
lv,h0467,0.8716265718260449,scr2011,dem,electricity
lv,h0468,0.8584147967829976,scr2011,dem,electricity
lv,h0469,0.7835760064679693,scr2011,dem,electricity
lv,h0470,0.7154515500453313,scr2011,dem,electricity
lv,h0471,0.6524529573421288,scr2011,dem,electricity
lv,h0472,0.6478785058158553,scr2011,dem,electricity
lv,h0473,0.6447879499797364,scr2011,dem,electricity
lv,h0474,0.6501398477490498,scr2011,dem,electricity
lv,h0475,0.7058207496445308,scr2011,dem,electricity
lv,h0476,0.7739217168879703,scr2011,dem,electricity
lv,h0477,0.8241701727425667,scr2011,dem,electricity
lv,h0478,0.7894549103335309,scr2011,dem,electricity
lv,h0479,0.7089600101294616,scr2011,dem,electricity
lv,h0480,0.6132591661812326,scr2011,dem,electricity
me,h0409,0.32690963624280994,scr2011,dem,electricity
me,h0410,0.29079856885898486,scr2011,dem,electricity
me,h0411,0.26817240170632656,scr2011,dem,electricity
me,h0412,0.25811278409522925,scr2011,dem,electricity
me,h0413,0.25549854896271373,scr2011,dem,electricity
me,h0414,0.2564377280484325,scr2011,dem,electricity
me,h0415,0.25694164909444256,scr2011,dem,electricity
me,h0416,0.2669072581006102,scr2011,dem,electricity
me,h0417,0.2872520404093708,scr2011,dem,electricity
me,h0418,0.31658580786023904,scr2011,dem,electricity
me,h0419,0.3371756391500692,scr2011,dem,electricity
me,h0420,0.3479582383068613,scr2011,dem,electricity
me,h0421,0.3648020683760154,scr2011,dem,electricity
me,h0422,0.377626668284835,scr2011,dem,electricity
me,h0423,0.38358485487185845,scr2011,dem,electricity
me,h0424,0.3706362048612856,scr2011,dem,electricity
me,h0425,0.35880103374474925,scr2011,dem,electricity
me,h0426,0.3545265764916292,scr2011,dem,electricity
me,h0427,0.36128591033349033,scr2011,dem,electricity
me,h0428,0.37678493526463347,scr2011,dem,electricity
me,h0429,0.4058502972548033,scr2011,dem,electricity
me,h0430,0.4225757617951245,scr2011,dem,electricity
me,h0431,0.421146505722856,scr2011,dem,electricity
me,h0432,0.38675476508225054,scr2011,dem,electricity
me,h0433,0.33865518817344126,scr2011,dem,electricity
me,h0434,0.29446372328252024,scr2011,dem,electricity
me,h0435,0.26356561755971303,scr2011,dem,electricity
me,h0436,0.25267400439824855,scr2011,dem,electricity
me,h0437,0.2494127042743215,scr2011,dem,electricity
me,h0438,0.25255104606508794,scr2011,dem,electricity
me,h0439,0.26483258385852076,scr2011,dem,electricity
me,h0440,0.2936030731845485,scr2011,dem,electricity
me,h0441,0.33157789509399654,scr2011,dem,electricity
me,h0442,0.3663472637398642,scr2011,dem,electricity
me,h0443,0.3833016365615866,scr2011,dem,electricity
me,h0444,0.3911103269400124,scr2011,dem,electricity
me,h0445,0.3925510367033335,scr2011,dem,electricity
me,h0446,0.3916712250787557,scr2011,dem,electricity
me,h0447,0.3828682446956413,scr2011,dem,electricity
me,h0448,0.37045938933275946,scr2011,dem,electricity
me,h0449,0.35990814286824446,scr2011,dem,electricity
me,h0450,0.3556886027062731,scr2011,dem,electricity
me,h0451,0.3598040777259998,scr2011,dem,electricity
me,h0452,0.3769387143562856,scr2011,dem,electricity
me,h0453,0.40594876856974577,scr2011,dem,electricity
me,h0454,0.41981275293307346,scr2011,dem,electricity
me,h0455,0.41164528895843283,scr2011,dem,electricity
me,h0456,0.3720208197775466,scr2011,dem,electricity
me,h0457,0.31901246139539785,scr2011,dem,electricity
me,h0458,0.27234724430305,scr2011,dem,electricity
me,h0459,0.24030464454187594,scr2011,dem,electricity
me,h0460,0.2321559958645848,scr2011,dem,electricity
me,h0461,0.22960130179655647,scr2011,dem,electricity
me,h0462,0.23488074743017745,scr2011,dem,electricity
me,h0463,0.25950074374952203,scr2011,dem,electricity
me,h0464,0.2990298792729964,scr2011,dem,electricity
me,h0465,0.34339142864834327,scr2011,dem,electricity
me,h0466,0.3725453537856459,scr2011,dem,electricity
me,h0467,0.3835666565885584,scr2011,dem,electricity
me,h0468,0.3882832110370828,scr2011,dem,electricity
me,h0469,0.3682970997372015,scr2011,dem,electricity
me,h0470,0.3417907021601049,scr2011,dem,electricity
me,h0471,0.3043414084230881,scr2011,dem,electricity
me,h0472,0.2844814422918657,scr2011,dem,electricity
me,h0473,0.27134340999715867,scr2011,dem,electricity
me,h0474,0.26920490570027933,scr2011,dem,electricity
me,h0475,0.3012467952960651,scr2011,dem,electricity
me,h0476,0.3551459818792188,scr2011,dem,electricity
me,h0477,0.40882616915288267,scr2011,dem,electricity
me,h0478,0.42046387791863843,scr2011,dem,electricity
me,h0479,0.40073144027764757,scr2011,dem,electricity
me,h0480,0.35934204333403197,scr2011,dem,electricity
lt,h0409,0.9583837069589811,scr2011,dem,electricity
lt,h0410,0.8912050771184823,scr2011,dem,electricity
lt,h0411,0.8651990660991211,scr2011,dem,electricity
lt,h0412,0.8484244379560281,scr2011,dem,electricity
lt,h0413,0.8468969864071669,scr2011,dem,electricity
lt,h0414,0.8951653518477432,scr2011,dem,electricity
lt,h0415,0.9481272837454435,scr2011,dem,electricity
lt,h0416,1.0518653776564308,scr2011,dem,electricity
lt,h0417,1.1434078625463977,scr2011,dem,electricity
lt,h0418,1.2467823024733,scr2011,dem,electricity
lt,h0419,1.289348277857919,scr2011,dem,electricity
lt,h0420,1.2905662604566854,scr2011,dem,electricity
lt,h0421,1.3829945810403634,scr2011,dem,electricity
lt,h0422,1.4791572436076084,scr2011,dem,electricity
lt,h0423,1.574032318844001,scr2011,dem,electricity
lt,h0424,1.544577274763655,scr2011,dem,electricity
lt,h0425,1.5066153689404127,scr2011,dem,electricity
lt,h0426,1.4737540477589133,scr2011,dem,electricity
lt,h0427,1.4378629022692562,scr2011,dem,electricity
lt,h0428,1.417477497281195,scr2011,dem,electricity
lt,h0429,1.4071970422291353,scr2011,dem,electricity
lt,h0430,1.3816903627177572,scr2011,dem,electricity
lt,h0431,1.293850551012752,scr2011,dem,electricity
lt,h0432,1.1547825804032197,scr2011,dem,electricity
lt,h0433,1.0190917561485306,scr2011,dem,electricity
lt,h0434,0.930266213968991,scr2011,dem,electricity
lt,h0435,0.8801628166215103,scr2011,dem,electricity
lt,h0436,0.8654078397877258,scr2011,dem,electricity
lt,h0437,0.8719879333473799,scr2011,dem,electricity
lt,h0438,0.9253990278329607,scr2011,dem,electricity
lt,h0439,1.058997625431193,scr2011,dem,electricity
lt,h0440,1.2527458761755839,scr2011,dem,electricity
lt,h0441,1.4480739960612596,scr2011,dem,electricity
lt,h0442,1.571055532852382,scr2011,dem,electricity
lt,h0443,1.6158252061543545,scr2011,dem,electricity
lt,h0444,1.6098897758005926,scr2011,dem,electricity
lt,h0445,1.593036727774008,scr2011,dem,electricity
lt,h0446,1.582661858639846,scr2011,dem,electricity
lt,h0447,1.5724618348934247,scr2011,dem,electricity
lt,h0448,1.5517478292582771,scr2011,dem,electricity
lt,h0449,1.5166707640434798,scr2011,dem,electricity
lt,h0450,1.488521079309154,scr2011,dem,electricity
lt,h0451,1.466106331503729,scr2011,dem,electricity
lt,h0452,1.489287442292474,scr2011,dem,electricity
lt,h0453,1.5063229072714792,scr2011,dem,electricity
lt,h0454,1.4723856176813228,scr2011,dem,electricity
lt,h0455,1.3388176744760516,scr2011,dem,electricity
lt,h0456,1.1622555716967593,scr2011,dem,electricity
lt,h0457,0.9979520521739624,scr2011,dem,electricity
lt,h0458,0.8946342290479108,scr2011,dem,electricity
lt,h0459,0.8384407271019079,scr2011,dem,electricity
lt,h0460,0.8270141746115178,scr2011,dem,electricity
lt,h0461,0.8447589320968347,scr2011,dem,electricity
lt,h0462,0.9193732671908521,scr2011,dem,electricity
lt,h0463,1.0882436723179254,scr2011,dem,electricity
lt,h0464,1.3042110585407416,scr2011,dem,electricity
lt,h0465,1.5040098565412798,scr2011,dem,electricity
lt,h0466,1.6131171212698063,scr2011,dem,electricity
lt,h0467,1.6390398263957018,scr2011,dem,electricity
lt,h0468,1.6141959008588755,scr2011,dem,electricity
lt,h0469,1.4734661874041715,scr2011,dem,electricity
lt,h0470,1.3453623630514084,scr2011,dem,electricity
lt,h0471,1.2268974083604718,scr2011,dem,electricity
lt,h0472,1.2182954351542716,scr2011,dem,electricity
lt,h0473,1.21248383635666,scr2011,dem,electricity
lt,h0474,1.2225477487221366,scr2011,dem,electricity
lt,h0475,1.3272522386238854,scr2011,dem,electricity
lt,h0476,1.4553118923137238,scr2011,dem,electricity
lt,h0477,1.5498010041680852,scr2011,dem,electricity
lt,h0478,1.4845211017915252,scr2011,dem,electricity
lt,h0479,1.333155424230286,scr2011,dem,electricity
lt,h0480,1.153195910030915,scr2011,dem,electricity
lu,h0409,0.5459979095996944,scr2011,dem,electricity
lu,h0410,0.4856859298666567,scr2011,dem,electricity
lu,h0411,0.44789616006884103,scr2011,dem,electricity
lu,h0412,0.4310947888446087,scr2011,dem,electricity
lu,h0413,0.42672854601403576,scr2011,dem,electricity
lu,h0414,0.4282971440168243,scr2011,dem,electricity
lu,h0415,0.42913878245075343,scr2011,dem,electricity
lu,h0416,0.4457831425995692,scr2011,dem,electricity
lu,h0417,0.4797625895755355,scr2011,dem,electricity
lu,h0418,0.528755258954706,scr2011,dem,electricity
lu,h0419,0.5631439817340856,scr2011,dem,electricity
lu,h0420,0.5811528620329504,scr2011,dem,electricity
lu,h0421,0.6092850894406115,scr2011,dem,electricity
lu,h0422,0.6307044782833371,scr2011,dem,electricity
lu,h0423,0.6406557218781488,scr2011,dem,electricity
lu,h0424,0.6190291463522769,scr2011,dem,electricity
lu,h0425,0.5992622812326043,scr2011,dem,electricity
lu,h0426,0.5921231688110424,scr2011,dem,electricity
lu,h0427,0.6034124726453012,scr2011,dem,electricity
lu,h0428,0.6292986328694659,scr2011,dem,electricity
lu,h0429,0.6778430165501401,scr2011,dem,electricity
lu,h0430,0.7057775516453845,scr2011,dem,electricity
lu,h0431,0.7033904369205028,scr2011,dem,electricity
lu,h0432,0.6459500424908516,scr2011,dem,electricity
lu,h0433,0.5656150949128625,scr2011,dem,electricity
lu,h0434,0.4918073976867835,scr2011,dem,electricity
lu,h0435,0.4402020015492314,scr2011,dem,electricity
lu,h0436,0.4220110480864344,scr2011,dem,electricity
lu,h0437,0.41656409030499053,scr2011,dem,electricity
lu,h0438,0.42180568597783885,scr2011,dem,electricity
lu,h0439,0.4423180633861825,scr2011,dem,electricity
lu,h0440,0.49036995665832805,scr2011,dem,electricity
lu,h0441,0.5537947419325013,scr2011,dem,electricity
lu,h0442,0.6118658437315576,scr2011,dem,electricity
lu,h0443,0.64018269709142,scr2011,dem,electricity
lu,h0444,0.6532246148005011,scr2011,dem,electricity
lu,h0445,0.6556308590010037,scr2011,dem,electricity
lu,h0446,0.6541614147488817,scr2011,dem,electricity
lu,h0447,0.6394588541502818,scr2011,dem,electricity
lu,h0448,0.6187338331147849,scr2011,dem,electricity
lu,h0449,0.6011113535730059,scr2011,dem,electricity
lu,h0450,0.5940639619154522,scr2011,dem,electricity
lu,h0451,0.600937545659605,scr2011,dem,electricity
lu,h0452,0.6295554716067207,scr2011,dem,electricity
lu,h0453,0.6780074817271483,scr2011,dem,electricity
lu,h0454,0.7011628298068682,scr2011,dem,electricity
lu,h0455,0.6875216955433184,scr2011,dem,electricity
lu,h0456,0.621341702785092,scr2011,dem,electricity
lu,h0457,0.5328082068803002,scr2011,dem,electricity
lu,h0458,0.4548688983497574,scr2011,dem,electricity
lu,h0459,0.4013519914282009,scr2011,dem,electricity
lu,h0460,0.38774228230053776,scr2011,dem,electricity
lu,h0461,0.38347548382907415,scr2011,dem,electricity
lu,h0462,0.3922931080276352,scr2011,dem,electricity
lu,h0463,0.4334129317251527,scr2011,dem,electricity
lu,h0464,0.49943369959511985,scr2011,dem,electricity
lu,h0465,0.5735254686096235,scr2011,dem,electricity
lu,h0466,0.6222177685924157,scr2011,dem,electricity
lu,h0467,0.6406253275973324,scr2011,dem,electricity
lu,h0468,0.6485028216501787,scr2011,dem,electricity
lu,h0469,0.6151224201998349,scr2011,dem,electricity
lu,h0470,0.5708519669859468,scr2011,dem,electricity
lu,h0471,0.5083049090165497,scr2011,dem,electricity
lu,h0472,0.4751351926886854,scr2011,dem,electricity
lu,h0473,0.45319231492419254,scr2011,dem,electricity
lu,h0474,0.44962062793408986,scr2011,dem,electricity
lu,h0475,0.5031363482018608,scr2011,dem,electricity
lu,h0476,0.5931576874742747,scr2011,dem,electricity
lu,h0477,0.6828132583473998,scr2011,dem,electricity
lu,h0478,0.7022503259518459,scr2011,dem,electricity
lu,h0479,0.6692936046987854,scr2011,dem,electricity
lu,h0480,0.6001658650119525,scr2011,dem,electricity
no_n,h0409,9.98217953161,scr2011,dem,electricity
no_m,h0409,9.98217953161,scr2011,dem,electricity
no_s,h0409,9.98217953161,scr2011,dem,electricity
no_n,h0410,9.759878400917506,scr2011,dem,electricity
no_m,h0410,9.759878400917506,scr2011,dem,electricity
no_s,h0410,9.759878400917506,scr2011,dem,electricity
no_n,h0411,9.555762795605206,scr2011,dem,electricity
no_m,h0411,9.555762795605206,scr2011,dem,electricity
no_s,h0411,9.555762795605206,scr2011,dem,electricity
no_n,h0412,9.341947310101666,scr2011,dem,electricity
no_m,h0412,9.341947310101666,scr2011,dem,electricity
no_s,h0412,9.341947310101666,scr2011,dem,electricity
no_n,h0413,9.262478685248304,scr2011,dem,electricity
no_m,h0413,9.262478685248304,scr2011,dem,electricity
no_s,h0413,9.262478685248304,scr2011,dem,electricity
no_n,h0414,9.31654936212699,scr2011,dem,electricity
no_m,h0414,9.31654936212699,scr2011,dem,electricity
no_s,h0414,9.31654936212699,scr2011,dem,electricity
no_n,h0415,9.293548724784179,scr2011,dem,electricity
no_m,h0415,9.293548724784179,scr2011,dem,electricity
no_s,h0415,9.293548724784179,scr2011,dem,electricity
no_n,h0416,9.39658918699806,scr2011,dem,electricity
no_m,h0416,9.39658918699806,scr2011,dem,electricity
no_s,h0416,9.39658918699806,scr2011,dem,electricity
no_n,h0417,9.635312627485936,scr2011,dem,electricity
no_m,h0417,9.635312627485936,scr2011,dem,electricity
no_s,h0417,9.635312627485936,scr2011,dem,electricity
no_n,h0418,10.153941548931394,scr2011,dem,electricity
no_m,h0418,10.153941548931394,scr2011,dem,electricity
no_s,h0418,10.153941548931394,scr2011,dem,electricity
no_n,h0419,10.672930489842031,scr2011,dem,electricity
no_m,h0419,10.672930489842031,scr2011,dem,electricity
no_s,h0419,10.672930489842031,scr2011,dem,electricity
no_n,h0420,10.999331918684529,scr2011,dem,electricity
no_m,h0420,10.999331918684529,scr2011,dem,electricity
no_s,h0420,10.999331918684529,scr2011,dem,electricity
no_n,h0421,11.529765886630283,scr2011,dem,electricity
no_m,h0421,11.529765886630283,scr2011,dem,electricity
no_s,h0421,11.529765886630283,scr2011,dem,electricity
no_n,h0422,11.91851902696478,scr2011,dem,electricity
no_m,h0422,11.91851902696478,scr2011,dem,electricity
no_s,h0422,11.91851902696478,scr2011,dem,electricity
no_n,h0423,12.286884325504776,scr2011,dem,electricity
no_m,h0423,12.286884325504776,scr2011,dem,electricity
no_s,h0423,12.286884325504776,scr2011,dem,electricity
no_n,h0424,12.218801692163312,scr2011,dem,electricity
no_m,h0424,12.218801692163312,scr2011,dem,electricity
no_s,h0424,12.218801692163312,scr2011,dem,electricity
no_n,h0425,12.120168076206992,scr2011,dem,electricity
no_m,h0425,12.120168076206992,scr2011,dem,electricity
no_s,h0425,12.120168076206992,scr2011,dem,electricity
no_n,h0426,12.007113157187451,scr2011,dem,electricity
no_m,h0426,12.007113157187451,scr2011,dem,electricity
no_s,h0426,12.007113157187451,scr2011,dem,electricity
no_n,h0427,11.760525463992193,scr2011,dem,electricity
no_m,h0427,11.760525463992193,scr2011,dem,electricity
no_s,h0427,11.760525463992193,scr2011,dem,electricity
no_n,h0428,11.548730545317463,scr2011,dem,electricity
no_m,h0428,11.548730545317463,scr2011,dem,electricity
no_s,h0428,11.548730545317463,scr2011,dem,electricity
no_n,h0429,11.307305739482638,scr2011,dem,electricity
no_m,h0429,11.307305739482638,scr2011,dem,electricity
no_s,h0429,11.307305739482638,scr2011,dem,electricity
no_n,h0430,11.252788957488534,scr2011,dem,electricity
no_m,h0430,11.252788957488534,scr2011,dem,electricity
no_s,h0430,11.252788957488534,scr2011,dem,electricity
no_n,h0431,11.105859496848861,scr2011,dem,electricity
no_m,h0431,11.105859496848861,scr2011,dem,electricity
no_s,h0431,11.105859496848861,scr2011,dem,electricity
no_n,h0432,10.844395045026141,scr2011,dem,electricity
no_m,h0432,10.844395045026141,scr2011,dem,electricity
no_s,h0432,10.844395045026141,scr2011,dem,electricity
no_n,h0433,10.411127814360047,scr2011,dem,electricity
no_m,h0433,10.411127814360047,scr2011,dem,electricity
no_s,h0433,10.411127814360047,scr2011,dem,electricity
no_n,h0434,9.954954004838829,scr2011,dem,electricity
no_m,h0434,9.954954004838829,scr2011,dem,electricity
no_s,h0434,9.954954004838829,scr2011,dem,electricity
no_n,h0435,9.612133655631606,scr2011,dem,electricity
no_m,h0435,9.612133655631606,scr2011,dem,electricity
no_s,h0435,9.612133655631606,scr2011,dem,electricity
no_n,h0436,9.434419940817914,scr2011,dem,electricity
no_m,h0436,9.434419940817914,scr2011,dem,electricity
no_s,h0436,9.434419940817914,scr2011,dem,electricity
no_n,h0437,9.391722883414875,scr2011,dem,electricity
no_m,h0437,9.391722883414875,scr2011,dem,electricity
no_s,h0437,9.391722883414875,scr2011,dem,electricity
no_n,h0438,9.505849422348438,scr2011,dem,electricity
no_m,h0438,9.505849422348438,scr2011,dem,electricity
no_s,h0438,9.505849422348438,scr2011,dem,electricity
no_n,h0439,9.949886442139483,scr2011,dem,electricity
no_m,h0439,9.949886442139483,scr2011,dem,electricity
no_s,h0439,9.949886442139483,scr2011,dem,electricity
no_n,h0440,10.849215441570012,scr2011,dem,electricity
no_m,h0440,10.849215441570012,scr2011,dem,electricity
no_s,h0440,10.849215441570012,scr2011,dem,electricity
no_n,h0441,11.797764188225187,scr2011,dem,electricity
no_m,h0441,11.797764188225187,scr2011,dem,electricity
no_s,h0441,11.797764188225187,scr2011,dem,electricity
no_n,h0442,12.415983849200877,scr2011,dem,electricity
no_m,h0442,12.415983849200877,scr2011,dem,electricity
no_s,h0442,12.415983849200877,scr2011,dem,electricity
no_n,h0443,12.565255164407064,scr2011,dem,electricity
no_m,h0443,12.565255164407064,scr2011,dem,electricity
no_s,h0443,12.565255164407064,scr2011,dem,electricity
no_n,h0444,12.524396899664458,scr2011,dem,electricity
no_m,h0444,12.524396899664458,scr2011,dem,electricity
no_s,h0444,12.524396899664458,scr2011,dem,electricity
no_n,h0445,12.517223930115815,scr2011,dem,electricity
no_m,h0445,12.517223930115815,scr2011,dem,electricity
no_s,h0445,12.517223930115815,scr2011,dem,electricity
no_n,h0446,12.545314252398217,scr2011,dem,electricity
no_m,h0446,12.545314252398217,scr2011,dem,electricity
no_s,h0446,12.545314252398217,scr2011,dem,electricity
no_n,h0447,12.619189365595494,scr2011,dem,electricity
no_m,h0447,12.619189365595494,scr2011,dem,electricity
no_s,h0447,12.619189365595494,scr2011,dem,electricity
no_n,h0448,12.616055117970127,scr2011,dem,electricity
no_m,h0448,12.616055117970127,scr2011,dem,electricity
no_s,h0448,12.616055117970127,scr2011,dem,electricity
no_n,h0449,12.554501155777784,scr2011,dem,electricity
no_m,h0449,12.554501155777784,scr2011,dem,electricity
no_s,h0449,12.554501155777784,scr2011,dem,electricity
no_n,h0450,12.41587161975667,scr2011,dem,electricity
no_m,h0450,12.41587161975667,scr2011,dem,electricity
no_s,h0450,12.41587161975667,scr2011,dem,electricity
no_n,h0451,12.222064757649612,scr2011,dem,electricity
no_m,h0451,12.222064757649612,scr2011,dem,electricity
no_s,h0451,12.222064757649612,scr2011,dem,electricity
no_n,h0452,12.0429123175822,scr2011,dem,electricity
no_m,h0452,12.0429123175822,scr2011,dem,electricity
no_s,h0452,12.0429123175822,scr2011,dem,electricity
no_n,h0453,11.988116081175397,scr2011,dem,electricity
no_m,h0453,11.988116081175397,scr2011,dem,electricity
no_s,h0453,11.988116081175397,scr2011,dem,electricity
no_n,h0454,12.08872677619585,scr2011,dem,electricity
no_m,h0454,12.08872677619585,scr2011,dem,electricity
no_s,h0454,12.08872677619585,scr2011,dem,electricity
no_n,h0455,11.99507596821957,scr2011,dem,electricity
no_m,h0455,11.99507596821957,scr2011,dem,electricity
no_s,h0455,11.99507596821957,scr2011,dem,electricity
no_n,h0456,11.563225124101544,scr2011,dem,electricity
no_m,h0456,11.563225124101544,scr2011,dem,electricity
no_s,h0456,11.563225124101544,scr2011,dem,electricity
no_n,h0457,10.751939363135442,scr2011,dem,electricity
no_m,h0457,10.751939363135442,scr2011,dem,electricity
no_s,h0457,10.751939363135442,scr2011,dem,electricity
no_n,h0458,10.043517971397408,scr2011,dem,electricity
no_m,h0458,10.043517971397408,scr2011,dem,electricity
no_s,h0458,10.043517971397408,scr2011,dem,electricity
no_n,h0459,9.565590231845498,scr2011,dem,electricity
no_m,h0459,9.565590231845498,scr2011,dem,electricity
no_s,h0459,9.565590231845498,scr2011,dem,electricity
no_n,h0460,9.41560904390616,scr2011,dem,electricity
no_m,h0460,9.41560904390616,scr2011,dem,electricity
no_s,h0460,9.41560904390616,scr2011,dem,electricity
no_n,h0461,9.39099974615061,scr2011,dem,electricity
no_m,h0461,9.39099974615061,scr2011,dem,electricity
no_s,h0461,9.39099974615061,scr2011,dem,electricity
no_n,h0462,9.532343810518658,scr2011,dem,electricity
no_m,h0462,9.532343810518658,scr2011,dem,electricity
no_s,h0462,9.532343810518658,scr2011,dem,electricity
no_n,h0463,10.126158026919061,scr2011,dem,electricity
no_m,h0463,10.126158026919061,scr2011,dem,electricity
no_s,h0463,10.126158026919061,scr2011,dem,electricity
no_n,h0464,11.120166436343608,scr2011,dem,electricity
no_m,h0464,11.120166436343608,scr2011,dem,electricity
no_s,h0464,11.120166436343608,scr2011,dem,electricity
no_n,h0465,12.114421725013798,scr2011,dem,electricity
no_m,h0465,12.114421725013798,scr2011,dem,electricity
no_s,h0465,12.114421725013798,scr2011,dem,electricity
no_n,h0466,12.616726752599254,scr2011,dem,electricity
no_m,h0466,12.616726752599254,scr2011,dem,electricity
no_s,h0466,12.616726752599254,scr2011,dem,electricity
no_n,h0467,12.700076363035448,scr2011,dem,electricity
no_m,h0467,12.700076363035448,scr2011,dem,electricity
no_s,h0467,12.700076363035448,scr2011,dem,electricity
no_n,h0468,12.643177092148342,scr2011,dem,electricity
no_m,h0468,12.643177092148342,scr2011,dem,electricity
no_s,h0468,12.643177092148342,scr2011,dem,electricity
no_n,h0469,12.146265252307666,scr2011,dem,electricity
no_m,h0469,12.146265252307666,scr2011,dem,electricity
no_s,h0469,12.146265252307666,scr2011,dem,electricity
no_n,h0470,11.643517252533576,scr2011,dem,electricity
no_m,h0470,11.643517252533576,scr2011,dem,electricity
no_s,h0470,11.643517252533576,scr2011,dem,electricity
no_n,h0471,11.135445026570535,scr2011,dem,electricity
no_m,h0471,11.135445026570535,scr2011,dem,electricity
no_s,h0471,11.135445026570535,scr2011,dem,electricity
no_n,h0472,11.116179675015282,scr2011,dem,electricity
no_m,h0472,11.116179675015282,scr2011,dem,electricity
no_s,h0472,11.116179675015282,scr2011,dem,electricity
no_n,h0473,11.083614542610954,scr2011,dem,electricity
no_m,h0473,11.083614542610954,scr2011,dem,electricity
no_s,h0473,11.083614542610954,scr2011,dem,electricity
no_n,h0474,11.087462205103108,scr2011,dem,electricity
no_m,h0474,11.087462205103108,scr2011,dem,electricity
no_s,h0474,11.087462205103108,scr2011,dem,electricity
no_n,h0475,11.462080867776773,scr2011,dem,electricity
no_m,h0475,11.462080867776773,scr2011,dem,electricity
no_s,h0475,11.462080867776773,scr2011,dem,electricity
no_n,h0476,11.905864852898986,scr2011,dem,electricity
no_m,h0476,11.905864852898986,scr2011,dem,electricity
no_s,h0476,11.905864852898986,scr2011,dem,electricity
no_n,h0477,12.432779200307941,scr2011,dem,electricity
no_m,h0477,12.432779200307941,scr2011,dem,electricity
no_s,h0477,12.432779200307941,scr2011,dem,electricity
no_n,h0478,12.515841562178766,scr2011,dem,electricity
no_m,h0478,12.515841562178766,scr2011,dem,electricity
no_s,h0478,12.515841562178766,scr2011,dem,electricity
no_n,h0479,12.318018518748278,scr2011,dem,electricity
no_m,h0479,12.318018518748278,scr2011,dem,electricity
no_s,h0479,12.318018518748278,scr2011,dem,electricity
no_n,h0480,11.7305547531088,scr2011,dem,electricity
no_m,h0480,11.7305547531088,scr2011,dem,electricity
no_s,h0480,11.7305547531088,scr2011,dem,electricity
pl,h0409,13.87443617821232,scr2011,dem,electricity
pl,h0410,13.340034303392333,scr2011,dem,electricity
pl,h0411,13.164467515014767,scr2011,dem,electricity
pl,h0412,12.78378516359112,scr2011,dem,electricity
pl,h0413,12.666393331891818,scr2011,dem,electricity
pl,h0414,12.618784092884972,scr2011,dem,electricity
pl,h0415,12.58043190165984,scr2011,dem,electricity
pl,h0416,13.008812641014185,scr2011,dem,electricity
pl,h0417,13.960658429297382,scr2011,dem,electricity
pl,h0418,15.224381871199967,scr2011,dem,electricity
pl,h0419,16.12838250464373,scr2011,dem,electricity
pl,h0420,16.640713258788367,scr2011,dem,electricity
pl,h0421,17.47997575924503,scr2011,dem,electricity
pl,h0422,18.173279183514538,scr2011,dem,electricity
pl,h0423,18.67945813076515,scr2011,dem,electricity
pl,h0424,18.45791149648477,scr2011,dem,electricity
pl,h0425,18.124436086321886,scr2011,dem,electricity
pl,h0426,17.833055399726383,scr2011,dem,electricity
pl,h0427,17.69936821323798,scr2011,dem,electricity
pl,h0428,17.77308239079079,scr2011,dem,electricity
pl,h0429,18.254190716744077,scr2011,dem,electricity
pl,h0430,18.432494477583546,scr2011,dem,electricity
pl,h0431,17.97924063722673,scr2011,dem,electricity
pl,h0432,16.719266742186576,scr2011,dem,electricity
pl,h0433,15.298933419193396,scr2011,dem,electricity
pl,h0434,14.204185892801966,scr2011,dem,electricity
pl,h0435,13.447259854954822,scr2011,dem,electricity
pl,h0436,13.078755240225082,scr2011,dem,electricity
pl,h0437,13.01014172114035,scr2011,dem,electricity
pl,h0438,13.098527599428998,scr2011,dem,electricity
pl,h0439,13.86435290928231,scr2011,dem,electricity
pl,h0440,15.233691912711421,scr2011,dem,electricity
pl,h0441,16.955940171920773,scr2011,dem,electricity
pl,h0442,18.195927372972214,scr2011,dem,electricity
pl,h0443,18.823828483584364,scr2011,dem,electricity
pl,h0444,19.15113097517576,scr2011,dem,electricity
pl,h0445,19.249508304464953,scr2011,dem,electricity
pl,h0446,19.299910497495546,scr2011,dem,electricity
pl,h0447,19.130272442183433,scr2011,dem,electricity
pl,h0448,18.928775991317977,scr2011,dem,electricity
pl,h0449,18.60832858235488,scr2011,dem,electricity
pl,h0450,18.337497980379595,scr2011,dem,electricity
pl,h0451,18.214225155531906,scr2011,dem,electricity
pl,h0452,18.512383645835158,scr2011,dem,electricity
pl,h0453,19.261591926312235,scr2011,dem,electricity
pl,h0454,19.475165463359467,scr2011,dem,electricity
pl,h0455,18.801570670931532,scr2011,dem,electricity
pl,h0456,17.23027144345638,scr2011,dem,electricity
pl,h0457,14.92677360164263,scr2011,dem,electricity
pl,h0458,13.012656062866757,scr2011,dem,electricity
pl,h0459,11.49463960817501,scr2011,dem,electricity
pl,h0460,11.255690479976277,scr2011,dem,electricity
pl,h0461,11.29270981761509,scr2011,dem,electricity
pl,h0462,11.653061996232616,scr2011,dem,electricity
pl,h0463,13.301345248039311,scr2011,dem,electricity
pl,h0464,15.495624567734353,scr2011,dem,electricity
pl,h0465,17.68528708773904,scr2011,dem,electricity
pl,h0466,18.781672921744082,scr2011,dem,electricity
pl,h0467,19.20302827921985,scr2011,dem,electricity
pl,h0468,19.400434665588094,scr2011,dem,electricity
pl,h0469,17.972090947376536,scr2011,dem,electricity
pl,h0470,16.497155559354773,scr2011,dem,electricity
pl,h0471,14.740212029949461,scr2011,dem,electricity
pl,h0472,14.51200599188568,scr2011,dem,electricity
pl,h0473,14.194326257206683,scr2011,dem,electricity
pl,h0474,14.069770111589186,scr2011,dem,electricity
pl,h0475,15.685485733377512,scr2011,dem,electricity
pl,h0476,17.888610322716993,scr2011,dem,electricity
pl,h0477,19.978931260703668,scr2011,dem,electricity
pl,h0478,20.027233294047598,scr2011,dem,electricity
pl,h0479,18.936071434713327,scr2011,dem,electricity
pl,h0480,17.266183458985473,scr2011,dem,electricity
ro,h0409,5.141442802982056,scr2011,dem,electricity
ro,h0410,4.9606011248833966,scr2011,dem,electricity
ro,h0411,4.819402429202455,scr2011,dem,electricity
ro,h0412,4.514308075362351,scr2011,dem,electricity
ro,h0413,4.4121955998271005,scr2011,dem,electricity
ro,h0414,4.531749162153574,scr2011,dem,electricity
ro,h0415,4.652895583218196,scr2011,dem,electricity
ro,h0416,4.903545028020744,scr2011,dem,electricity
ro,h0417,5.188636615726864,scr2011,dem,electricity
ro,h0418,5.596603598969523,scr2011,dem,electricity
ro,h0419,5.878174904253683,scr2011,dem,electricity
ro,h0420,6.077414251762093,scr2011,dem,electricity
ro,h0421,6.449679365978227,scr2011,dem,electricity
ro,h0422,6.721250323127606,scr2011,dem,electricity
ro,h0423,6.930989213011344,scr2011,dem,electricity
ro,h0424,6.879477727517951,scr2011,dem,electricity
ro,h0425,6.8171053163241595,scr2011,dem,electricity
ro,h0426,6.732176667836029,scr2011,dem,electricity
ro,h0427,6.536537019055686,scr2011,dem,electricity
ro,h0428,6.378159756743116,scr2011,dem,electricity
ro,h0429,6.3543397332541645,scr2011,dem,electricity
ro,h0430,6.344253249815665,scr2011,dem,electricity
ro,h0431,6.208388247949188,scr2011,dem,electricity
ro,h0432,5.877782942625345,scr2011,dem,electricity
ro,h0433,5.573513294119039,scr2011,dem,electricity
ro,h0434,5.276109197264304,scr2011,dem,electricity
ro,h0435,4.951216451183427,scr2011,dem,electricity
ro,h0436,4.666433941849391,scr2011,dem,electricity
ro,h0437,4.580021544883493,scr2011,dem,electricity
ro,h0438,4.7555856146645965,scr2011,dem,electricity
ro,h0439,5.296244673561887,scr2011,dem,electricity
ro,h0440,5.94534481196024,scr2011,dem,electricity
ro,h0441,6.485959393976373,scr2011,dem,electricity
ro,h0442,6.765269430950866,scr2011,dem,electricity
ro,h0443,6.88665116870834,scr2011,dem,electricity
ro,h0444,6.994227254996076,scr2011,dem,electricity
ro,h0445,7.090971557612647,scr2011,dem,electricity
ro,h0446,7.135887859316426,scr2011,dem,electricity
ro,h0447,7.134115093838773,scr2011,dem,electricity
ro,h0448,7.0987667942245025,scr2011,dem,electricity
ro,h0449,7.046276026987471,scr2011,dem,electricity
ro,h0450,6.978985160472803,scr2011,dem,electricity
ro,h0451,6.937753268721281,scr2011,dem,electricity
ro,h0452,7.02479626845161,scr2011,dem,electricity
ro,h0453,7.1729607867018785,scr2011,dem,electricity
ro,h0454,7.13115305233805,scr2011,dem,electricity
ro,h0455,6.851564710770617,scr2011,dem,electricity
ro,h0456,6.4237729342276,scr2011,dem,electricity
ro,h0457,5.698894135217415,scr2011,dem,electricity
ro,h0458,5.015614406293025,scr2011,dem,electricity
ro,h0459,4.300930536817759,scr2011,dem,electricity
ro,h0460,4.099877080327133,scr2011,dem,electricity
ro,h0461,4.076729283769964,scr2011,dem,electricity
ro,h0462,4.407347535612644,scr2011,dem,electricity
ro,h0463,5.3415852599137,scr2011,dem,electricity
ro,h0464,6.269965173472883,scr2011,dem,electricity
ro,h0465,6.935032373730792,scr2011,dem,electricity
ro,h0466,7.1387117242848035,scr2011,dem,electricity
ro,h0467,7.205123702355195,scr2011,dem,electricity
ro,h0468,7.2668357364455005,scr2011,dem,electricity
ro,h0469,6.8948237060103565,scr2011,dem,electricity
ro,h0470,6.426215529936599,scr2011,dem,electricity
ro,h0471,5.87709119534702,scr2011,dem,electricity
ro,h0472,5.761620381221292,scr2011,dem,electricity
ro,h0473,5.699253101774957,scr2011,dem,electricity
ro,h0474,5.679649983794661,scr2011,dem,electricity
ro,h0475,6.216456953334273,scr2011,dem,electricity
ro,h0476,6.8999521295918385,scr2011,dem,electricity
ro,h0477,7.457329556244076,scr2011,dem,electricity
ro,h0478,7.381835396619863,scr2011,dem,electricity
ro,h0479,6.984851190296467,scr2011,dem,electricity
ro,h0480,6.540082365288981,scr2011,dem,electricity
pt,h0409,4.866825795143463,scr2011,dem,electricity
pt,h0410,4.61306776711074,scr2011,dem,electricity
pt,h0411,4.403303754195015,scr2011,dem,electricity
pt,h0412,4.143175856095924,scr2011,dem,electricity
pt,h0413,3.9988130447605474,scr2011,dem,electricity
pt,h0414,3.971035690474979,scr2011,dem,electricity
pt,h0415,3.9401123214596456,scr2011,dem,electricity
pt,h0416,3.9212339475990987,scr2011,dem,electricity
pt,h0417,3.960868159811506,scr2011,dem,electricity
pt,h0418,4.1798998905761255,scr2011,dem,electricity
pt,h0419,4.497978305252618,scr2011,dem,electricity
pt,h0420,4.74030288375131,scr2011,dem,electricity
pt,h0421,5.122904993021123,scr2011,dem,electricity
pt,h0422,5.445751266718988,scr2011,dem,electricity
pt,h0423,5.678262811679788,scr2011,dem,electricity
pt,h0424,5.571779897341477,scr2011,dem,electricity
pt,h0425,5.367104292802805,scr2011,dem,electricity
pt,h0426,5.228074665598754,scr2011,dem,electricity
pt,h0427,5.139518172694764,scr2011,dem,electricity
pt,h0428,5.128913826188482,scr2011,dem,electricity
pt,h0429,5.15986229103596,scr2011,dem,electricity
pt,h0430,5.391990184349472,scr2011,dem,electricity
pt,h0431,5.528330732923534,scr2011,dem,electricity
pt,h0432,5.4799049729138005,scr2011,dem,electricity
pt,h0433,5.166599973084232,scr2011,dem,electricity
pt,h0434,4.793073696023416,scr2011,dem,electricity
pt,h0435,4.48256726732242,scr2011,dem,electricity
pt,h0436,4.222927052199328,scr2011,dem,electricity
pt,h0437,4.076787112723645,scr2011,dem,electricity
pt,h0438,4.043795813128542,scr2011,dem,electricity
pt,h0439,4.227051224641912,scr2011,dem,electricity
pt,h0440,4.568748300395383,scr2011,dem,electricity
pt,h0441,5.012758347620842,scr2011,dem,electricity
pt,h0442,5.432670739960301,scr2011,dem,electricity
pt,h0443,5.784378822618651,scr2011,dem,electricity
pt,h0444,6.029626552864508,scr2011,dem,electricity
pt,h0445,6.196719913792949,scr2011,dem,electricity
pt,h0446,6.296937496947303,scr2011,dem,electricity
pt,h0447,6.273131668196623,scr2011,dem,electricity
pt,h0448,6.104278406253242,scr2011,dem,electricity
pt,h0449,5.879042230618991,scr2011,dem,electricity
pt,h0450,5.756385680197573,scr2011,dem,electricity
pt,h0451,5.764263084985316,scr2011,dem,electricity
pt,h0452,5.819205395660479,scr2011,dem,electricity
pt,h0453,5.924741446649007,scr2011,dem,electricity
pt,h0454,6.139896307285209,scr2011,dem,electricity
pt,h0455,6.182300094115758,scr2011,dem,electricity
pt,h0456,5.979475674778186,scr2011,dem,electricity
pt,h0457,5.297575002138894,scr2011,dem,electricity
pt,h0458,4.652619376178476,scr2011,dem,electricity
pt,h0459,4.117912428330458,scr2011,dem,electricity
pt,h0460,3.891356921591953,scr2011,dem,electricity
pt,h0461,3.7796524264695854,scr2011,dem,electricity
pt,h0462,3.797397594886526,scr2011,dem,electricity
pt,h0463,4.17630624194614,scr2011,dem,electricity
pt,h0464,4.763984729949572,scr2011,dem,electricity
pt,h0465,5.412489362064294,scr2011,dem,electricity
pt,h0466,5.844025957454752,scr2011,dem,electricity
pt,h0467,6.130814432642227,scr2011,dem,electricity
pt,h0468,6.3168808032207355,scr2011,dem,electricity
pt,h0469,5.748947415085578,scr2011,dem,electricity
pt,h0470,5.140114744152097,scr2011,dem,electricity
pt,h0471,4.467872506562447,scr2011,dem,electricity
pt,h0472,4.411651221965345,scr2011,dem,electricity
pt,h0473,4.23955449369449,scr2011,dem,electricity
pt,h0474,4.032870875703631,scr2011,dem,electricity
pt,h0475,4.678546650401319,scr2011,dem,electricity
pt,h0476,5.358583684962818,scr2011,dem,electricity
pt,h0477,6.157906929436335,scr2011,dem,electricity
pt,h0478,6.367429067070146,scr2011,dem,electricity
pt,h0479,6.343394069884706,scr2011,dem,electricity
pt,h0480,5.993530505950332,scr2011,dem,electricity
sk,h0409,2.473177412924997,scr2011,dem,electricity
sk,h0410,2.3931445309426636,scr2011,dem,electricity
sk,h0411,2.337816858678707,scr2011,dem,electricity
sk,h0412,2.2447093747978215,scr2011,dem,electricity
sk,h0413,2.227296093988116,scr2011,dem,electricity
sk,h0414,2.2726716824254254,scr2011,dem,electricity
sk,h0415,2.2982416330414708,scr2011,dem,electricity
sk,h0416,2.3763611623144243,scr2011,dem,electricity
sk,h0417,2.5045304832528927,scr2011,dem,electricity
sk,h0418,2.6995546781254234,scr2011,dem,electricity
sk,h0419,2.84555319458741,scr2011,dem,electricity
sk,h0420,2.933324428508058,scr2011,dem,electricity
sk,h0421,3.0942017221459537,scr2011,dem,electricity
sk,h0422,3.21536223692965,scr2011,dem,electricity
sk,h0423,3.2987764097051695,scr2011,dem,electricity
sk,h0424,3.2490503283406724,scr2011,dem,electricity
sk,h0425,3.198143302106473,scr2011,dem,electricity
sk,h0426,3.160284558107378,scr2011,dem,electricity
sk,h0427,3.11249477336969,scr2011,dem,electricity
sk,h0428,3.09214655541291,scr2011,dem,electricity
sk,h0429,3.128966788528487,scr2011,dem,electricity
sk,h0430,3.132021924830042,scr2011,dem,electricity
sk,h0431,3.0565271619416308,scr2011,dem,electricity
sk,h0432,2.8749052426501294,scr2011,dem,electricity
sk,h0433,2.723658759299724,scr2011,dem,electricity
sk,h0434,2.588597663845576,scr2011,dem,electricity
sk,h0435,2.479229997865332,scr2011,dem,electricity
sk,h0436,2.3960847650669166,scr2011,dem,electricity
sk,h0437,2.389154649252305,scr2011,dem,electricity
sk,h0438,2.449345155910123,scr2011,dem,electricity
sk,h0439,2.6329271541471826,scr2011,dem,electricity
sk,h0440,2.8691591352253454,scr2011,dem,electricity
sk,h0441,3.1056685130752157,scr2011,dem,electricity
sk,h0442,3.2497407495902735,scr2011,dem,electricity
sk,h0443,3.314427917699504,scr2011,dem,electricity
sk,h0444,3.343908767630637,scr2011,dem,electricity
sk,h0445,3.2067924374860013,scr2011,dem,electricity
sk,h0446,3.051407619350357,scr2011,dem,electricity
sk,h0447,2.8687445229807054,scr2011,dem,electricity
sk,h0448,2.827520789083792,scr2011,dem,electricity
sk,h0449,2.7893181556573836,scr2011,dem,electricity
sk,h0450,2.7654516881884774,scr2011,dem,electricity
sk,h0451,2.811720458077616,scr2011,dem,electricity
sk,h0452,2.9244160298403585,scr2011,dem,electricity
sk,h0453,3.0714881431049434,scr2011,dem,electricity
sk,h0454,3.094752903911285,scr2011,dem,electricity
sk,h0455,3.012858573871199,scr2011,dem,electricity
sk,h0456,2.8296934607205912,scr2011,dem,electricity
sk,h0457,2.6283253299770877,scr2011,dem,electricity
sk,h0458,2.429241002755589,scr2011,dem,electricity
sk,h0459,2.2500150895793922,scr2011,dem,electricity
sk,h0460,2.1674950880988035,scr2011,dem,electricity
sk,h0461,2.1745219050426385,scr2011,dem,electricity
sk,h0462,2.285645823874802,scr2011,dem,electricity
sk,h0463,2.60225221724977,scr2011,dem,electricity
sk,h0464,2.935878272728587,scr2011,dem,electricity
sk,h0465,3.2236117420106893,scr2011,dem,electricity
sk,h0466,3.3413501392060425,scr2011,dem,electricity
sk,h0467,3.379720077915408,scr2011,dem,electricity
sk,h0468,3.386421916547988,scr2011,dem,electricity
sk,h0469,3.2322466609984986,scr2011,dem,electricity
sk,h0470,3.047956590889953,scr2011,dem,electricity
sk,h0471,2.8229873616292025,scr2011,dem,electricity
sk,h0472,2.7385841168870684,scr2011,dem,electricity
sk,h0473,2.695379558004788,scr2011,dem,electricity
sk,h0474,2.676783266950224,scr2011,dem,electricity
sk,h0475,2.8640607048146194,scr2011,dem,electricity
sk,h0476,3.1125645646388875,scr2011,dem,electricity
sk,h0477,3.3389953021905967,scr2011,dem,electricity
sk,h0478,3.3185767401810153,scr2011,dem,electricity
sk,h0479,3.169095960278355,scr2011,dem,electricity
sk,h0480,2.975603092338133,scr2011,dem,electricity
si,h0409,1.0611850435249957,scr2011,dem,electricity
si,h0410,1.0313780374383417,scr2011,dem,electricity
si,h0411,1.0217844637934836,scr2011,dem,electricity
si,h0412,0.9860818883252618,scr2011,dem,electricity
si,h0413,0.9879375911170267,scr2011,dem,electricity
si,h0414,1.05023404381851,scr2011,dem,electricity
si,h0415,1.0873925010516146,scr2011,dem,electricity
si,h0416,1.1504359477473163,scr2011,dem,electricity
si,h0417,1.198207587703359,scr2011,dem,electricity
si,h0418,1.2946894117435834,scr2011,dem,electricity
si,h0419,1.3621820725409075,scr2011,dem,electricity
si,h0420,1.4021239621456882,scr2011,dem,electricity
si,h0421,1.5175004903194362,scr2011,dem,electricity
si,h0422,1.6092242014845808,scr2011,dem,electricity
si,h0423,1.689782641684543,scr2011,dem,electricity
si,h0424,1.6698594052218976,scr2011,dem,electricity
si,h0425,1.6501917021888675,scr2011,dem,electricity
si,h0426,1.6354362221355605,scr2011,dem,electricity
si,h0427,1.5956564586622854,scr2011,dem,electricity
si,h0428,1.5409320014587338,scr2011,dem,electricity
si,h0429,1.4827047813086423,scr2011,dem,electricity
si,h0430,1.4174335994993732,scr2011,dem,electricity
si,h0431,1.351521507799822,scr2011,dem,electricity
si,h0432,1.252200415217859,scr2011,dem,electricity
si,h0433,1.183005401291419,scr2011,dem,electricity
si,h0434,1.1147661099047632,scr2011,dem,electricity
si,h0435,1.075496532626785,scr2011,dem,electricity
si,h0436,1.03987673787409,scr2011,dem,electricity
si,h0437,1.0448495069878945,scr2011,dem,electricity
si,h0438,1.1213186524384067,scr2011,dem,electricity
si,h0439,1.2784035391058781,scr2011,dem,electricity
si,h0440,1.4706947945720317,scr2011,dem,electricity
si,h0441,1.6213088145128287,scr2011,dem,electricity
si,h0442,1.7123161466016321,scr2011,dem,electricity
si,h0443,1.7600486216981563,scr2011,dem,electricity
si,h0444,1.7891569183518445,scr2011,dem,electricity
si,h0445,1.7882134406448849,scr2011,dem,electricity
si,h0446,1.7695370841387956,scr2011,dem,electricity
si,h0447,1.7422090596813233,scr2011,dem,electricity
si,h0448,1.724963442298845,scr2011,dem,electricity
si,h0449,1.7020017567689343,scr2011,dem,electricity
si,h0450,1.6866378685766086,scr2011,dem,electricity
si,h0451,1.6772628403959513,scr2011,dem,electricity
si,h0452,1.6738290845230588,scr2011,dem,electricity
si,h0453,1.6465764670735656,scr2011,dem,electricity
si,h0454,1.5669206173620838,scr2011,dem,electricity
si,h0455,1.4660402777060733,scr2011,dem,electricity
si,h0456,1.3484684292931224,scr2011,dem,electricity
si,h0457,1.2096918225819482,scr2011,dem,electricity
si,h0458,1.0786055792585276,scr2011,dem,electricity
si,h0459,0.9779072261904629,scr2011,dem,electricity
si,h0460,0.9503341303307409,scr2011,dem,electricity
si,h0461,0.965185395264373,scr2011,dem,electricity
si,h0462,1.0653424913867495,scr2011,dem,electricity
si,h0463,1.2816116394121397,scr2011,dem,electricity
si,h0464,1.5169967005066551,scr2011,dem,electricity
si,h0465,1.6929569542248277,scr2011,dem,electricity
si,h0466,1.765620484500844,scr2011,dem,electricity
si,h0467,1.8027190599236529,scr2011,dem,electricity
si,h0468,1.8260757958701772,scr2011,dem,electricity
si,h0469,1.6354775726218551,scr2011,dem,electricity
si,h0470,1.4155275643898109,scr2011,dem,electricity
si,h0471,1.1720245084320842,scr2011,dem,electricity
si,h0472,1.1456042216433149,scr2011,dem,electricity
si,h0473,1.1396986582907553,scr2011,dem,electricity
si,h0474,1.1639801503158471,scr2011,dem,electricity
si,h0475,1.351244913921152,scr2011,dem,electricity
si,h0476,1.5328946336702738,scr2011,dem,electricity
si,h0477,1.653155742535656,scr2011,dem,electricity
si,h0478,1.574621584807638,scr2011,dem,electricity
si,h0479,1.4595968029387574,scr2011,dem,electricity
si,h0480,1.3468026144839338,scr2011,dem,electricity
se_4,h0409,9.801116700465787,scr2011,dem,electricity
se_3,h0409,9.801116700465787,scr2011,dem,electricity
se_2,h0409,9.801116700465787,scr2011,dem,electricity
se_1,h0409,9.801116700465787,scr2011,dem,electricity
se_4,h0410,9.58284780322305,scr2011,dem,electricity
se_3,h0410,9.58284780322305,scr2011,dem,electricity
se_2,h0410,9.58284780322305,scr2011,dem,electricity
se_1,h0410,9.58284780322305,scr2011,dem,electricity
se_4,h0411,9.382434570136327,scr2011,dem,electricity
se_3,h0411,9.382434570136327,scr2011,dem,electricity
se_2,h0411,9.382434570136327,scr2011,dem,electricity
se_1,h0411,9.382434570136327,scr2011,dem,electricity
se_4,h0412,9.172497398884374,scr2011,dem,electricity
se_3,h0412,9.172497398884374,scr2011,dem,electricity
se_2,h0412,9.172497398884374,scr2011,dem,electricity
se_1,h0412,9.172497398884374,scr2011,dem,electricity
se_4,h0413,9.09447022465472,scr2011,dem,electricity
se_3,h0413,9.09447022465472,scr2011,dem,electricity
se_2,h0413,9.09447022465472,scr2011,dem,electricity
se_1,h0413,9.09447022465472,scr2011,dem,electricity
se_4,h0414,9.147560134826486,scr2011,dem,electricity
se_3,h0414,9.147560134826486,scr2011,dem,electricity
se_2,h0414,9.147560134826486,scr2011,dem,electricity
se_1,h0414,9.147560134826486,scr2011,dem,electricity
se_4,h0415,9.124976697056313,scr2011,dem,electricity
se_3,h0415,9.124976697056313,scr2011,dem,electricity
se_2,h0415,9.124976697056313,scr2011,dem,electricity
se_1,h0415,9.124976697056313,scr2011,dem,electricity
se_4,h0416,9.226148148499183,scr2011,dem,electricity
se_3,h0416,9.226148148499183,scr2011,dem,electricity
se_2,h0416,9.226148148499183,scr2011,dem,electricity
se_1,h0416,9.226148148499183,scr2011,dem,electricity
se_4,h0417,9.460541478278625,scr2011,dem,electricity
se_3,h0417,9.460541478278625,scr2011,dem,electricity
se_2,h0417,9.460541478278625,scr2011,dem,electricity
se_1,h0417,9.460541478278625,scr2011,dem,electricity
se_4,h0418,9.96976319366956,scr2011,dem,electricity
se_3,h0418,9.96976319366956,scr2011,dem,electricity
se_2,h0418,9.96976319366956,scr2011,dem,electricity
se_1,h0418,9.96976319366956,scr2011,dem,electricity
se_4,h0419,10.479338398065913,scr2011,dem,electricity
se_3,h0419,10.479338398065913,scr2011,dem,electricity
se_2,h0419,10.479338398065913,scr2011,dem,electricity
se_1,h0419,10.479338398065913,scr2011,dem,electricity
se_4,h0420,10.799819360239375,scr2011,dem,electricity
se_3,h0420,10.799819360239375,scr2011,dem,electricity
se_2,h0420,10.799819360239375,scr2011,dem,electricity
se_1,h0420,10.799819360239375,scr2011,dem,electricity
se_4,h0421,11.320631994870144,scr2011,dem,electricity
se_3,h0421,11.320631994870144,scr2011,dem,electricity
se_2,h0421,11.320631994870144,scr2011,dem,electricity
se_1,h0421,11.320631994870144,scr2011,dem,electricity
se_4,h0422,11.702333694517495,scr2011,dem,electricity
se_3,h0422,11.702333694517495,scr2011,dem,electricity
se_2,h0422,11.702333694517495,scr2011,dem,electricity
se_1,h0422,11.702333694517495,scr2011,dem,electricity
se_4,h0423,12.064017359725339,scr2011,dem,electricity
se_3,h0423,12.064017359725339,scr2011,dem,electricity
se_2,h0423,12.064017359725339,scr2011,dem,electricity
se_1,h0423,12.064017359725339,scr2011,dem,electricity
se_4,h0424,11.997169650467546,scr2011,dem,electricity
se_3,h0424,11.997169650467546,scr2011,dem,electricity
se_2,h0424,11.997169650467546,scr2011,dem,electricity
se_1,h0424,11.997169650467546,scr2011,dem,electricity
se_4,h0425,11.900325110833649,scr2011,dem,electricity
se_3,h0425,11.900325110833649,scr2011,dem,electricity
se_2,h0425,11.900325110833649,scr2011,dem,electricity
se_1,h0425,11.900325110833649,scr2011,dem,electricity
se_4,h0426,11.78932084983389,scr2011,dem,electricity
se_3,h0426,11.78932084983389,scr2011,dem,electricity
se_2,h0426,11.78932084983389,scr2011,dem,electricity
se_1,h0426,11.78932084983389,scr2011,dem,electricity
se_4,h0427,11.547205914042241,scr2011,dem,electricity
se_3,h0427,11.547205914042241,scr2011,dem,electricity
se_2,h0427,11.547205914042241,scr2011,dem,electricity
se_1,h0427,11.547205914042241,scr2011,dem,electricity
se_4,h0428,11.339252659929587,scr2011,dem,electricity
se_3,h0428,11.339252659929587,scr2011,dem,electricity
se_2,h0428,11.339252659929587,scr2011,dem,electricity
se_1,h0428,11.339252659929587,scr2011,dem,electricity
se_4,h0429,11.102206964017173,scr2011,dem,electricity
se_3,h0429,11.102206964017173,scr2011,dem,electricity
se_2,h0429,11.102206964017173,scr2011,dem,electricity
se_1,h0429,11.102206964017173,scr2011,dem,electricity
se_4,h0430,11.048679040135896,scr2011,dem,electricity
se_3,h0430,11.048679040135896,scr2011,dem,electricity
se_2,h0430,11.048679040135896,scr2011,dem,electricity
se_1,h0430,11.048679040135896,scr2011,dem,electricity
se_4,h0431,10.904414675521226,scr2011,dem,electricity
se_3,h0431,10.904414675521226,scr2011,dem,electricity
se_2,h0431,10.904414675521226,scr2011,dem,electricity
se_1,h0431,10.904414675521226,scr2011,dem,electricity
se_4,h0432,10.64769282459548,scr2011,dem,electricity
se_3,h0432,10.64769282459548,scr2011,dem,electricity
se_2,h0432,10.64769282459548,scr2011,dem,electricity
se_1,h0432,10.64769282459548,scr2011,dem,electricity
se_4,h0433,10.222284457606351,scr2011,dem,electricity
se_3,h0433,10.222284457606351,scr2011,dem,electricity
se_2,h0433,10.222284457606351,scr2011,dem,electricity
se_1,h0433,10.222284457606351,scr2011,dem,electricity
se_4,h0434,9.774385005145845,scr2011,dem,electricity
se_3,h0434,9.774385005145845,scr2011,dem,electricity
se_2,h0434,9.774385005145845,scr2011,dem,electricity
se_1,h0434,9.774385005145845,scr2011,dem,electricity
se_4,h0435,9.437782940278705,scr2011,dem,electricity
se_3,h0435,9.437782940278705,scr2011,dem,electricity
se_2,h0435,9.437782940278705,scr2011,dem,electricity
se_1,h0435,9.437782940278705,scr2011,dem,electricity
se_4,h0436,9.263292704495894,scr2011,dem,electricity
se_3,h0436,9.263292704495894,scr2011,dem,electricity
se_2,h0436,9.263292704495894,scr2011,dem,electricity
se_1,h0436,9.263292704495894,scr2011,dem,electricity
se_4,h0437,9.221370112955642,scr2011,dem,electricity
se_3,h0437,9.221370112955642,scr2011,dem,electricity
se_2,h0437,9.221370112955642,scr2011,dem,electricity
se_1,h0437,9.221370112955642,scr2011,dem,electricity
se_4,h0438,9.33342655480155,scr2011,dem,electricity
se_3,h0438,9.33342655480155,scr2011,dem,electricity
se_2,h0438,9.33342655480155,scr2011,dem,electricity
se_1,h0438,9.33342655480155,scr2011,dem,electricity
se_4,h0439,9.769409362608704,scr2011,dem,electricity
se_3,h0439,9.769409362608704,scr2011,dem,electricity
se_2,h0439,9.769409362608704,scr2011,dem,electricity
se_1,h0439,9.769409362608704,scr2011,dem,electricity
se_4,h0440,10.652425786765496,scr2011,dem,electricity
se_3,h0440,10.652425786765496,scr2011,dem,electricity
se_2,h0440,10.652425786765496,scr2011,dem,electricity
se_1,h0440,10.652425786765496,scr2011,dem,electricity
se_4,h0441,11.583769180715466,scr2011,dem,electricity
se_3,h0441,11.583769180715466,scr2011,dem,electricity
se_2,h0441,11.583769180715466,scr2011,dem,electricity
se_1,h0441,11.583769180715466,scr2011,dem,electricity
se_4,h0442,12.19077519797077,scr2011,dem,electricity
se_3,h0442,12.19077519797077,scr2011,dem,electricity
se_2,h0442,12.19077519797077,scr2011,dem,electricity
se_1,h0442,12.19077519797077,scr2011,dem,electricity
se_4,h0443,12.33733893902584,scr2011,dem,electricity
se_3,h0443,12.33733893902584,scr2011,dem,electricity
se_2,h0443,12.33733893902584,scr2011,dem,electricity
se_1,h0443,12.33733893902584,scr2011,dem,electricity
se_4,h0444,12.297221786114083,scr2011,dem,electricity
se_3,h0444,12.297221786114083,scr2011,dem,electricity
se_2,h0444,12.297221786114083,scr2011,dem,electricity
se_1,h0444,12.297221786114083,scr2011,dem,electricity
se_4,h0445,12.290178923582427,scr2011,dem,electricity
se_3,h0445,12.290178923582427,scr2011,dem,electricity
se_2,h0445,12.290178923582427,scr2011,dem,electricity
se_1,h0445,12.290178923582427,scr2011,dem,electricity
se_4,h0446,12.317759726813353,scr2011,dem,electricity
se_3,h0446,12.317759726813353,scr2011,dem,electricity
se_2,h0446,12.317759726813353,scr2011,dem,electricity
se_1,h0446,12.317759726813353,scr2011,dem,electricity
se_4,h0447,12.390294847355978,scr2011,dem,electricity
se_3,h0447,12.390294847355978,scr2011,dem,electricity
se_2,h0447,12.390294847355978,scr2011,dem,electricity
se_1,h0447,12.390294847355978,scr2011,dem,electricity
se_4,h0448,12.387217451288148,scr2011,dem,electricity
se_3,h0448,12.387217451288148,scr2011,dem,electricity
se_2,h0448,12.387217451288148,scr2011,dem,electricity
se_1,h0448,12.387217451288148,scr2011,dem,electricity
se_4,h0449,12.326779991810932,scr2011,dem,electricity
se_3,h0449,12.326779991810932,scr2011,dem,electricity
se_2,h0449,12.326779991810932,scr2011,dem,electricity
se_1,h0449,12.326779991810932,scr2011,dem,electricity
se_4,h0450,12.190665002581337,scr2011,dem,electricity
se_3,h0450,12.190665002581337,scr2011,dem,electricity
se_2,h0450,12.190665002581337,scr2011,dem,electricity
se_1,h0450,12.190665002581337,scr2011,dem,electricity
se_4,h0451,12.000373526330609,scr2011,dem,electricity
se_3,h0451,12.000373526330609,scr2011,dem,electricity
se_2,h0451,12.000373526330609,scr2011,dem,electricity
se_1,h0451,12.000373526330609,scr2011,dem,electricity
se_4,h0452,11.824470662477989,scr2011,dem,electricity
se_3,h0452,11.824470662477989,scr2011,dem,electricity
se_2,h0452,11.824470662477989,scr2011,dem,electricity
se_1,h0452,11.824470662477989,scr2011,dem,electricity
se_4,h0453,11.770668354066773,scr2011,dem,electricity
se_3,h0453,11.770668354066773,scr2011,dem,electricity
se_2,h0453,11.770668354066773,scr2011,dem,electricity
se_1,h0453,11.770668354066773,scr2011,dem,electricity
se_4,h0454,11.869454112177975,scr2011,dem,electricity
se_3,h0454,11.869454112177975,scr2011,dem,electricity
se_2,h0454,11.869454112177975,scr2011,dem,electricity
se_1,h0454,11.869454112177975,scr2011,dem,electricity
se_4,h0455,11.77750199924054,scr2011,dem,electricity
se_3,h0455,11.77750199924054,scr2011,dem,electricity
se_2,h0455,11.77750199924054,scr2011,dem,electricity
se_1,h0455,11.77750199924054,scr2011,dem,electricity
se_4,h0456,11.353484328498785,scr2011,dem,electricity
se_3,h0456,11.353484328498785,scr2011,dem,electricity
se_2,h0456,11.353484328498785,scr2011,dem,electricity
se_1,h0456,11.353484328498785,scr2011,dem,electricity
se_4,h0457,10.556914160910209,scr2011,dem,electricity
se_3,h0457,10.556914160910209,scr2011,dem,electricity
se_2,h0457,10.556914160910209,scr2011,dem,electricity
se_1,h0457,10.556914160910209,scr2011,dem,electricity
se_4,h0458,9.861342546609903,scr2011,dem,electricity
se_3,h0458,9.861342546609903,scr2011,dem,electricity
se_2,h0458,9.861342546609903,scr2011,dem,electricity
se_1,h0458,9.861342546609903,scr2011,dem,electricity
se_4,h0459,9.392083750252672,scr2011,dem,electricity
se_3,h0459,9.392083750252672,scr2011,dem,electricity
se_2,h0459,9.392083750252672,scr2011,dem,electricity
se_1,h0459,9.392083750252672,scr2011,dem,electricity
se_4,h0460,9.244823012117257,scr2011,dem,electricity
se_3,h0460,9.244823012117257,scr2011,dem,electricity
se_2,h0460,9.244823012117257,scr2011,dem,electricity
se_1,h0460,9.244823012117257,scr2011,dem,electricity
se_4,h0461,9.220660092617628,scr2011,dem,electricity
se_3,h0461,9.220660092617628,scr2011,dem,electricity
se_2,h0461,9.220660092617628,scr2011,dem,electricity
se_1,h0461,9.220660092617628,scr2011,dem,electricity
se_4,h0462,9.359440372832136,scr2011,dem,electricity
se_3,h0462,9.359440372832136,scr2011,dem,electricity
se_2,h0462,9.359440372832136,scr2011,dem,electricity
se_1,h0462,9.359440372832136,scr2011,dem,electricity
se_4,h0463,9.942483626483936,scr2011,dem,electricity
se_3,h0463,9.942483626483936,scr2011,dem,electricity
se_2,h0463,9.942483626483936,scr2011,dem,electricity
se_1,h0463,9.942483626483936,scr2011,dem,electricity
se_4,h0464,10.918462107987121,scr2011,dem,electricity
se_3,h0464,10.918462107987121,scr2011,dem,electricity
se_2,h0464,10.918462107987121,scr2011,dem,electricity
se_1,h0464,10.918462107987121,scr2011,dem,electricity
se_4,h0465,11.894682990591326,scr2011,dem,electricity
se_3,h0465,11.894682990591326,scr2011,dem,electricity
se_2,h0465,11.894682990591326,scr2011,dem,electricity
se_1,h0465,11.894682990591326,scr2011,dem,electricity
se_4,h0466,12.387876904196988,scr2011,dem,electricity
se_3,h0466,12.387876904196988,scr2011,dem,electricity
se_2,h0466,12.387876904196988,scr2011,dem,electricity
se_1,h0466,12.387876904196988,scr2011,dem,electricity
se_4,h0467,12.46971466890004,scr2011,dem,electricity
se_3,h0467,12.46971466890004,scr2011,dem,electricity
se_2,h0467,12.46971466890004,scr2011,dem,electricity
se_1,h0467,12.46971466890004,scr2011,dem,electricity
se_4,h0468,12.413847471255687,scr2011,dem,electricity
se_3,h0468,12.413847471255687,scr2011,dem,electricity
se_2,h0468,12.413847471255687,scr2011,dem,electricity
se_1,h0468,12.413847471255687,scr2011,dem,electricity
se_4,h0469,11.92594892020828,scr2011,dem,electricity
se_3,h0469,11.92594892020828,scr2011,dem,electricity
se_2,h0469,11.92594892020828,scr2011,dem,electricity
se_1,h0469,11.92594892020828,scr2011,dem,electricity
se_4,h0470,11.432320068681623,scr2011,dem,electricity
se_3,h0470,11.432320068681623,scr2011,dem,electricity
se_2,h0470,11.432320068681623,scr2011,dem,electricity
se_1,h0470,11.432320068681623,scr2011,dem,electricity
se_4,h0471,10.933463564146077,scr2011,dem,electricity
se_3,h0471,10.933463564146077,scr2011,dem,electricity
se_2,h0471,10.933463564146077,scr2011,dem,electricity
se_1,h0471,10.933463564146077,scr2011,dem,electricity
se_4,h0472,10.914547659246162,scr2011,dem,electricity
se_3,h0472,10.914547659246162,scr2011,dem,electricity
se_2,h0472,10.914547659246162,scr2011,dem,electricity
se_1,h0472,10.914547659246162,scr2011,dem,electricity
se_4,h0473,10.882573212851794,scr2011,dem,electricity
se_3,h0473,10.882573212851794,scr2011,dem,electricity
se_2,h0473,10.882573212851794,scr2011,dem,electricity
se_1,h0473,10.882573212851794,scr2011,dem,electricity
se_4,h0474,10.886351084859827,scr2011,dem,electricity
se_3,h0474,10.886351084859827,scr2011,dem,electricity
se_2,h0474,10.886351084859827,scr2011,dem,electricity
se_1,h0474,10.886351084859827,scr2011,dem,electricity
se_4,h0475,11.254174686507938,scr2011,dem,electricity
se_3,h0475,11.254174686507938,scr2011,dem,electricity
se_2,h0475,11.254174686507938,scr2011,dem,electricity
se_1,h0475,11.254174686507938,scr2011,dem,electricity
se_4,h0476,11.689909048381603,scr2011,dem,electricity
se_3,h0476,11.689909048381603,scr2011,dem,electricity
se_2,h0476,11.689909048381603,scr2011,dem,electricity
se_1,h0476,11.689909048381603,scr2011,dem,electricity
se_4,h0477,12.207265903889347,scr2011,dem,electricity
se_3,h0477,12.207265903889347,scr2011,dem,electricity
se_2,h0477,12.207265903889347,scr2011,dem,electricity
se_1,h0477,12.207265903889347,scr2011,dem,electricity
se_4,h0478,12.288821630976871,scr2011,dem,electricity
se_3,h0478,12.288821630976871,scr2011,dem,electricity
se_2,h0478,12.288821630976871,scr2011,dem,electricity
se_1,h0478,12.288821630976871,scr2011,dem,electricity
se_4,h0479,12.09458682160155,scr2011,dem,electricity
se_3,h0479,12.09458682160155,scr2011,dem,electricity
se_2,h0479,12.09458682160155,scr2011,dem,electricity
se_1,h0479,12.09458682160155,scr2011,dem,electricity
se_4,h0480,11.517778830515214,scr2011,dem,electricity
se_3,h0480,11.517778830515214,scr2011,dem,electricity
se_2,h0480,11.517778830515214,scr2011,dem,electricity
se_1,h0480,11.517778830515214,scr2011,dem,electricity
uk,h0409,25.84173912219257,scr2011,dem,electricity
ni,h0409,25.84173912219257,scr2011,dem,electricity
uk,h0410,23.645204556289876,scr2011,dem,electricity
ni,h0410,23.645204556289876,scr2011,dem,electricity
uk,h0411,21.676129636463138,scr2011,dem,electricity
ni,h0411,21.676129636463138,scr2011,dem,electricity
uk,h0412,19.96039102405439,scr2011,dem,electricity
ni,h0412,19.96039102405439,scr2011,dem,electricity
uk,h0413,19.162919026276683,scr2011,dem,electricity
ni,h0413,19.162919026276683,scr2011,dem,electricity
uk,h0414,18.801696196703958,scr2011,dem,electricity
ni,h0414,18.801696196703958,scr2011,dem,electricity
uk,h0415,18.181670732908643,scr2011,dem,electricity
ni,h0415,18.181670732908643,scr2011,dem,electricity
uk,h0416,18.399207870440463,scr2011,dem,electricity
ni,h0416,18.399207870440463,scr2011,dem,electricity
uk,h0417,19.807945853876852,scr2011,dem,electricity
ni,h0417,19.807945853876852,scr2011,dem,electricity
uk,h0418,22.795142450880576,scr2011,dem,electricity
ni,h0418,22.795142450880576,scr2011,dem,electricity
uk,h0419,25.618864998443392,scr2011,dem,electricity
ni,h0419,25.618864998443392,scr2011,dem,electricity
uk,h0420,27.354072987220242,scr2011,dem,electricity
ni,h0420,27.354072987220242,scr2011,dem,electricity
uk,h0421,29.70483376749202,scr2011,dem,electricity
ni,h0421,29.70483376749202,scr2011,dem,electricity
uk,h0422,31.45645149893086,scr2011,dem,electricity
ni,h0422,31.45645149893086,scr2011,dem,electricity
uk,h0423,32.89424338395148,scr2011,dem,electricity
ni,h0423,32.89424338395148,scr2011,dem,electricity
uk,h0424,32.61339859754544,scr2011,dem,electricity
ni,h0424,32.61339859754544,scr2011,dem,electricity
uk,h0425,32.389942878970835,scr2011,dem,electricity
ni,h0425,32.389942878970835,scr2011,dem,electricity
uk,h0426,32.71874899561734,scr2011,dem,electricity
ni,h0426,32.71874899561734,scr2011,dem,electricity
uk,h0427,32.93115566959835,scr2011,dem,electricity
ni,h0427,32.93115566959835,scr2011,dem,electricity
uk,h0428,33.02631881002794,scr2011,dem,electricity
ni,h0428,33.02631881002794,scr2011,dem,electricity
uk,h0429,32.5902868668545,scr2011,dem,electricity
ni,h0429,32.5902868668545,scr2011,dem,electricity
uk,h0430,32.205656706808746,scr2011,dem,electricity
ni,h0430,32.205656706808746,scr2011,dem,electricity
uk,h0431,31.5085167578965,scr2011,dem,electricity
ni,h0431,31.5085167578965,scr2011,dem,electricity
uk,h0432,30.01698953479884,scr2011,dem,electricity
ni,h0432,30.01698953479884,scr2011,dem,electricity
uk,h0433,27.48387139811698,scr2011,dem,electricity
ni,h0433,27.48387139811698,scr2011,dem,electricity
uk,h0434,24.33417069835113,scr2011,dem,electricity
ni,h0434,24.33417069835113,scr2011,dem,electricity
uk,h0435,21.733433774350672,scr2011,dem,electricity
ni,h0435,21.733433774350672,scr2011,dem,electricity
uk,h0436,20.0933432888043,scr2011,dem,electricity
ni,h0436,20.0933432888043,scr2011,dem,electricity
uk,h0437,19.321274104219718,scr2011,dem,electricity
ni,h0437,19.321274104219718,scr2011,dem,electricity
uk,h0438,19.0021296190846,scr2011,dem,electricity
ni,h0438,19.0021296190846,scr2011,dem,electricity
uk,h0439,19.407777965612354,scr2011,dem,electricity
ni,h0439,19.407777965612354,scr2011,dem,electricity
uk,h0440,21.296483266467355,scr2011,dem,electricity
ni,h0440,21.296483266467355,scr2011,dem,electricity
uk,h0441,24.77076680419524,scr2011,dem,electricity
ni,h0441,24.77076680419524,scr2011,dem,electricity
uk,h0442,28.759164819744022,scr2011,dem,electricity
ni,h0442,28.759164819744022,scr2011,dem,electricity
uk,h0443,31.69208434012335,scr2011,dem,electricity
ni,h0443,31.69208434012335,scr2011,dem,electricity
uk,h0444,33.055021923313085,scr2011,dem,electricity
ni,h0444,33.055021923313085,scr2011,dem,electricity
uk,h0445,31.322151810990576,scr2011,dem,electricity
ni,h0445,31.322151810990576,scr2011,dem,electricity
uk,h0446,29.165881198884236,scr2011,dem,electricity
ni,h0446,29.165881198884236,scr2011,dem,electricity
uk,h0447,26.697139044108326,scr2011,dem,electricity
ni,h0447,26.697139044108326,scr2011,dem,electricity
uk,h0448,26.192191207730097,scr2011,dem,electricity
ni,h0448,26.192191207730097,scr2011,dem,electricity
uk,h0449,25.862536145866834,scr2011,dem,electricity
ni,h0449,25.862536145866834,scr2011,dem,electricity
uk,h0450,26.402500324264487,scr2011,dem,electricity
ni,h0450,26.402500324264487,scr2011,dem,electricity
uk,h0451,29.832168186216684,scr2011,dem,electricity
ni,h0451,29.832168186216684,scr2011,dem,electricity
uk,h0452,32.76092195983347,scr2011,dem,electricity
ni,h0452,32.76092195983347,scr2011,dem,electricity
uk,h0453,35.070384560024614,scr2011,dem,electricity
ni,h0453,35.070384560024614,scr2011,dem,electricity
uk,h0454,34.93355724877921,scr2011,dem,electricity
ni,h0454,34.93355724877921,scr2011,dem,electricity
uk,h0455,34.33109087022973,scr2011,dem,electricity
ni,h0455,34.33109087022973,scr2011,dem,electricity
uk,h0456,32.40814288869817,scr2011,dem,electricity
ni,h0456,32.40814288869817,scr2011,dem,electricity
uk,h0457,28.107465323777703,scr2011,dem,electricity
ni,h0457,28.107465323777703,scr2011,dem,electricity
uk,h0458,23.67734656490576,scr2011,dem,electricity
ni,h0458,23.67734656490576,scr2011,dem,electricity
uk,h0459,20.177508283009708,scr2011,dem,electricity
ni,h0459,20.177508283009708,scr2011,dem,electricity
uk,h0460,18.75248516072717,scr2011,dem,electricity
ni,h0460,18.75248516072717,scr2011,dem,electricity
uk,h0461,18.08578502795369,scr2011,dem,electricity
ni,h0461,18.08578502795369,scr2011,dem,electricity
uk,h0462,17.848332003796976,scr2011,dem,electricity
ni,h0462,17.848332003796976,scr2011,dem,electricity
uk,h0463,19.023976368985373,scr2011,dem,electricity
ni,h0463,19.023976368985373,scr2011,dem,electricity
uk,h0464,22.03058448439289,scr2011,dem,electricity
ni,h0464,22.03058448439289,scr2011,dem,electricity
uk,h0465,26.772045008001747,scr2011,dem,electricity
ni,h0465,26.772045008001747,scr2011,dem,electricity
uk,h0466,30.952491698777095,scr2011,dem,electricity
ni,h0466,30.952491698777095,scr2011,dem,electricity
uk,h0467,33.59072442511837,scr2011,dem,electricity
ni,h0467,33.59072442511837,scr2011,dem,electricity
uk,h0468,34.34581380937514,scr2011,dem,electricity
ni,h0468,34.34581380937514,scr2011,dem,electricity
uk,h0469,32.30815229818596,scr2011,dem,electricity
ni,h0469,32.30815229818596,scr2011,dem,electricity
uk,h0470,30.158443998453087,scr2011,dem,electricity
ni,h0470,30.158443998453087,scr2011,dem,electricity
uk,h0471,27.790254598636423,scr2011,dem,electricity
ni,h0471,27.790254598636423,scr2011,dem,electricity
uk,h0472,27.44174674716541,scr2011,dem,electricity
ni,h0472,27.44174674716541,scr2011,dem,electricity
uk,h0473,27.105362539288222,scr2011,dem,electricity
ni,h0473,27.105362539288222,scr2011,dem,electricity
uk,h0474,27.47639077233083,scr2011,dem,electricity
ni,h0474,27.47639077233083,scr2011,dem,electricity
uk,h0475,30.531610247342975,scr2011,dem,electricity
ni,h0475,30.531610247342975,scr2011,dem,electricity
uk,h0476,33.462250846245816,scr2011,dem,electricity
ni,h0476,33.462250846245816,scr2011,dem,electricity
uk,h0477,36.20516793273492,scr2011,dem,electricity
ni,h0477,36.20516793273492,scr2011,dem,electricity
uk,h0478,36.39149641411543,scr2011,dem,electricity
ni,h0478,36.39149641411543,scr2011,dem,electricity
uk,h0479,35.47578604316462,scr2011,dem,electricity
ni,h0479,35.47578604316462,scr2011,dem,electricity
uk,h0480,32.85713499449424,scr2011,dem,electricity
ni,h0480,32.85713499449424,scr2011,dem,electricity
rs,h0409,3.7691396839102875,scr2011,dem,electricity
rs,h0410,3.3527932629116357,scr2011,dem,electricity
rs,h0411,3.0919224461292254,scr2011,dem,electricity
rs,h0412,2.9759390051704653,scr2011,dem,electricity
rs,h0413,2.945797903151087,scr2011,dem,electricity
rs,h0414,2.9566262700666837,scr2011,dem,electricity
rs,h0415,2.9624362814302696,scr2011,dem,electricity
rs,h0416,3.0773358386898497,scr2011,dem,electricity
rs,h0417,3.311903186256872,scr2011,dem,electricity
rs,h0418,3.6501100013227443,scr2011,dem,electricity
rs,h0419,3.887502666517995,scr2011,dem,electricity
rs,h0420,4.011821795472662,scr2011,dem,electricity
rs,h0421,4.2060245413286275,scr2011,dem,electricity
rs,h0422,4.353887137558484,scr2011,dem,electricity
rs,h0423,4.422582688028555,scr2011,dem,electricity
rs,h0424,4.273289838977638,scr2011,dem,electricity
rs,h0425,4.1368349664413016,scr2011,dem,electricity
rs,h0426,4.087552156559384,scr2011,dem,electricity
rs,h0427,4.1654846211473275,scr2011,dem,electricity
rs,h0428,4.344182288238565,scr2011,dem,electricity
rs,h0429,4.679294490865128,scr2011,dem,electricity
rs,h0430,4.872132526840131,scr2011,dem,electricity
rs,h0431,4.855653767837778,scr2011,dem,electricity
rs,h0432,4.459130509880865,scr2011,dem,electricity
rs,h0433,3.9045612847663254,scr2011,dem,electricity
rs,h0434,3.395051054262753,scr2011,dem,electricity
rs,h0435,3.0388080334334164,scr2011,dem,electricity
rs,h0436,2.913232011860587,scr2011,dem,electricity
rs,h0437,2.875630504509566,scr2011,dem,electricity
rs,h0438,2.911814351897675,scr2011,dem,electricity
rs,h0439,3.053415655377564,scr2011,dem,electricity
rs,h0440,3.3851280929239653,scr2011,dem,electricity
rs,h0441,3.8229628734065706,scr2011,dem,electricity
rs,h0442,4.223840037596001,scr2011,dem,electricity
rs,h0443,4.419317297527031,scr2011,dem,electricity
rs,h0444,4.509348428952532,scr2011,dem,electricity
rs,h0445,4.525959245630916,scr2011,dem,electricity
rs,h0446,4.515815360409921,scr2011,dem,electricity
rs,h0447,4.41432045692343,scr2011,dem,electricity
rs,h0448,4.2712512284525745,scr2011,dem,electricity
rs,h0449,4.14959950520743,scr2011,dem,electricity
rs,h0450,4.10094986413182,scr2011,dem,electricity
rs,h0451,4.148399674183669,scr2011,dem,electricity
rs,h0452,4.3459553010200835,scr2011,dem,electricity
rs,h0453,4.680429829587549,scr2011,dem,electricity
rs,h0454,4.840276121595133,scr2011,dem,electricity
rs,h0455,4.7461084705663605,scr2011,dem,electricity
rs,h0456,4.289253907857251,scr2011,dem,electricity
rs,h0457,3.678088361457105,scr2011,dem,electricity
rs,h0458,3.140056743439083,scr2011,dem,electricity
rs,h0459,2.7706181548198705,scr2011,dem,electricity
rs,h0460,2.676667436920105,scr2011,dem,electricity
rs,h0461,2.6472128181735965,scr2011,dem,electricity
rs,h0462,2.708082753160614,scr2011,dem,electricity
rs,h0463,2.9919416399792,scr2011,dem,electricity
rs,h0464,3.447697039801242,scr2011,dem,electricity
rs,h0465,3.959168275587184,scr2011,dem,electricity
rs,h0466,4.2953015763575575,scr2011,dem,electricity
rs,h0467,4.422372869936112,scr2011,dem,electricity
rs,h0468,4.476752887908078,scr2011,dem,electricity
rs,h0469,4.246320880143038,scr2011,dem,electricity
rs,h0470,3.9407125289272207,scr2011,dem,electricity
rs,h0471,3.508936886610793,scr2011,dem,electricity
rs,h0472,3.279959279819134,scr2011,dem,electricity
rs,h0473,3.1284829287581184,scr2011,dem,electricity
rs,h0474,3.1038268135827263,scr2011,dem,electricity
rs,h0475,3.4732572122072716,scr2011,dem,electricity
rs,h0476,4.094693659593017,scr2011,dem,electricity
rs,h0477,4.713605129130364,scr2011,dem,electricity
rs,h0478,4.847783339435607,scr2011,dem,electricity
rs,h0479,4.620276084988194,scr2011,dem,electricity
rs,h0480,4.143072598316854,scr2011,dem,electricity
ba,h0409,1.1023155242375844,scr2011,dem,electricity
ba,h0410,0.9805516304296195,scr2011,dem,electricity
ba,h0411,0.9042578401720046,scr2011,dem,electricity
ba,h0412,0.8703375403896884,scr2011,dem,electricity
ba,h0413,0.8615225302941752,scr2011,dem,electricity
ba,h0414,0.8646893744466467,scr2011,dem,electricity
ba,h0415,0.8663885596003867,scr2011,dem,electricity
ba,h0416,0.8999918684989271,scr2011,dem,electricity
ba,h0417,0.9685929951654305,scr2011,dem,electricity
ba,h0418,1.0675043260801553,scr2011,dem,electricity
ba,h0419,1.1369317398574301,scr2011,dem,electricity
ba,h0420,1.1732898790720228,scr2011,dem,electricity
ba,h0421,1.2300860502571802,scr2011,dem,electricity
ba,h0422,1.2733296679094273,scr2011,dem,electricity
ba,h0423,1.2934202400930475,scr2011,dem,electricity
ba,h0424,1.249758333212021,scr2011,dem,electricity
ba,h0425,1.209850997371936,scr2011,dem,electricity
ba,h0426,1.195437839132369,scr2011,dem,electricity
ba,h0427,1.2182298216197722,scr2011,dem,electricity
ba,h0428,1.270491406168469,scr2011,dem,electricity
ba,h0429,1.3684976924617218,scr2011,dem,electricity
ba,h0430,1.424894743185095,scr2011,dem,electricity
ba,h0431,1.4200753961691173,scr2011,dem,electricity
ba,h0432,1.3041089475484213,scr2011,dem,electricity
ba,h0433,1.1419206713554515,scr2011,dem,electricity
ba,h0434,0.9929102647505604,scr2011,dem,electricity
ba,h0435,0.8887240988142698,scr2011,dem,electricity
ba,h0436,0.8519983710422706,scr2011,dem,electricity
ba,h0437,0.8410015047504958,scr2011,dem,electricity
ba,h0438,0.8515837649162202,scr2011,dem,electricity
ba,h0439,0.892996216831975,scr2011,dem,electricity
ba,h0440,0.9900082140323713,scr2011,dem,electricity
ba,h0441,1.1180565533459066,scr2011,dem,electricity
ba,h0442,1.2352963369843115,scr2011,dem,electricity
ba,h0443,1.2924652501018699,scr2011,dem,electricity
ba,h0444,1.318795585904411,scr2011,dem,electricity
ba,h0445,1.3236535545108907,scr2011,dem,electricity
ba,h0446,1.3206868928681992,scr2011,dem,electricity
ba,h0447,1.291003883773214,scr2011,dem,electricity
ba,h0448,1.2491621253469263,scr2011,dem,electricity
ba,h0449,1.2135840906272128,scr2011,dem,electricity
ba,h0450,1.1993561075834465,scr2011,dem,electricity
ba,h0451,1.2132331899740985,scr2011,dem,electricity
ba,h0452,1.2710099382834512,scr2011,dem,electricity
ba,h0453,1.3688297317144276,scr2011,dem,electricity
ba,h0454,1.4155780784959586,scr2011,dem,electricity
ba,h0455,1.388037983549677,scr2011,dem,electricity
ba,h0456,1.2544271547348078,scr2011,dem,electricity
ba,h0457,1.0756868249367049,scr2011,dem,electricity
ba,h0458,0.9183351067742441,scr2011,dem,electricity
ba,h0459,0.8102897898120381,scr2011,dem,electricity
ba,h0460,0.7828131388686067,scr2011,dem,electricity
ba,h0461,0.7741988964182741,scr2011,dem,electricity
ba,h0462,0.7920008033580824,scr2011,dem,electricity
ba,h0463,0.8750176411781617,scr2011,dem,electricity
ba,h0464,1.0083070106694385,scr2011,dem,electricity
ba,h0465,1.1578909293972042,scr2011,dem,electricity
ba,h0466,1.2561958444054548,scr2011,dem,electricity
ba,h0467,1.2933588768530435,scr2011,dem,electricity
ba,h0468,1.3092627549596245,scr2011,dem,electricity
ba,h0469,1.2418710421142212,scr2011,dem,electricity
ba,h0470,1.1524933965928792,scr2011,dem,electricity
ba,h0471,1.026217101704734,scr2011,dem,electricity
ba,h0472,0.9592507402613183,scr2011,dem,electricity
ba,h0473,0.914950250640374,scr2011,dem,electricity
ba,h0474,0.9077393694707162,scr2011,dem,electricity
ba,h0475,1.0157822909703702,scr2011,dem,electricity
ba,h0476,1.1975264293498231,scr2011,dem,electricity
ba,h0477,1.3785321175939975,scr2011,dem,electricity
ba,h0478,1.4177736255492235,scr2011,dem,electricity
ba,h0479,1.3512372803136885,scr2011,dem,electricity
ba,h0480,1.2116752432914826,scr2011,dem,electricity
al,h0409,0.5306960012626099,scr2011,dem,electricity
al,h0410,0.4720742997876222,scr2011,dem,electricity
al,h0411,0.43534361030599095,scr2011,dem,electricity
al,h0412,0.4190131071603875,scr2011,dem,electricity
al,h0413,0.4147692309499364,scr2011,dem,electricity
al,h0414,0.41629386827045295,scr2011,dem,electricity
al,h0415,0.4171119194365443,scr2011,dem,electricity
al,h0416,0.43328981161811503,scr2011,dem,electricity
al,h0417,0.46631696495867586,scr2011,dem,electricity
al,h0418,0.5139365860107075,scr2011,dem,electricity
al,h0419,0.5473615445209485,scr2011,dem,electricity
al,h0420,0.564865714957697,scr2011,dem,electricity
al,h0421,0.5922095200077582,scr2011,dem,electricity
al,h0422,0.6130286180630744,scr2011,dem,electricity
al,h0423,0.6227009722919925,scr2011,dem,electricity
al,h0424,0.6016804942909764,scr2011,dem,electricity
al,h0425,0.5824676071660833,scr2011,dem,electricity
al,h0426,0.5755285728566102,scr2011,dem,electricity
al,h0427,0.5865014874598453,scr2011,dem,electricity
al,h0428,0.6116621730365357,scr2011,dem,electricity
al,h0429,0.6588460718630382,scr2011,dem,electricity
al,h0430,0.6859977253447651,scr2011,dem,electricity
al,h0431,0.6836775108727633,scr2011,dem,electricity
al,h0432,0.6278469167562859,scr2011,dem,electricity
al,h0433,0.5497634028507545,scr2011,dem,electricity
al,h0434,0.47802420936138285,scr2011,dem,electricity
al,h0435,0.42786508490080927,scr2011,dem,electricity
al,h0436,0.41018394366833805,scr2011,dem,electricity
al,h0437,0.4048896400681265,scr2011,dem,electricity
al,h0438,0.4099843368945795,scr2011,dem,electricity
al,h0439,0.42992184283287055,scr2011,dem,electricity
al,h0440,0.4766270535983988,scr2011,dem,electricity
al,h0441,0.5382743223982023,scr2011,dem,electricity
al,h0442,0.5947179474883106,scr2011,dem,electricity
al,h0443,0.6222412047486066,scr2011,dem,electricity
al,h0444,0.6349176150061282,scr2011,dem,electricity
al,h0445,0.6372564231792828,scr2011,dem,electricity
al,h0446,0.6358281609806324,scr2011,dem,electricity
al,h0447,0.6215376479782311,scr2011,dem,electricity
al,h0448,0.6013934575463695,scr2011,dem,electricity
al,h0449,0.5842648582666259,scr2011,dem,electricity
al,h0450,0.5774149742476715,scr2011,dem,electricity
al,h0451,0.5840959216251056,scr2011,dem,electricity
al,h0452,0.6119118132358714,scr2011,dem,electricity
al,h0453,0.6590059272928934,scr2011,dem,electricity
al,h0454,0.6815123332643549,scr2011,dem,electricity
al,h0455,0.6682534997911296,scr2011,dem,electricity
al,h0456,0.6039282400916801,scr2011,dem,electricity
al,h0457,0.5178759477356698,scr2011,dem,electricity
al,h0458,0.4421209341398526,scr2011,dem,electricity
al,h0459,0.3901038698515826,scr2011,dem,electricity
al,h0460,0.37687558056973564,scr2011,dem,electricity
al,h0461,0.3727283613945854,scr2011,dem,electricity
al,h0462,0.38129886642702043,scr2011,dem,electricity
al,h0463,0.42126628299114327,scr2011,dem,electricity
al,h0464,0.48543678025436204,scr2011,dem,electricity
al,h0465,0.5574520839681165,scr2011,dem,electricity
al,h0466,0.6047797536713866,scr2011,dem,electricity
al,h0467,0.6226714302173006,scr2011,dem,electricity
al,h0468,0.6303281533169305,scr2011,dem,electricity
al,h0469,0.5978832574074635,scr2011,dem,electricity
al,h0470,0.5548535094399036,scr2011,dem,electricity
al,h0471,0.4940593691843192,scr2011,dem,electricity
al,h0472,0.46181925311440347,scr2011,dem,electricity
al,h0473,0.44049133758432385,scr2011,dem,electricity
al,h0474,0.437019749185193,scr2011,dem,electricity
al,h0475,0.4890356605480231,scr2011,dem,electricity
al,h0476,0.5765340989909558,scr2011,dem,electricity
al,h0477,0.6636770198424042,scr2011,dem,electricity
al,h0478,0.6825693520760643,scr2011,dem,electricity
al,h0479,0.6505362624490918,scr2011,dem,electricity
al,h0480,0.5833458679928907,scr2011,dem,electricity
