scenario_1,parameter,value
s2016,scrProp,0.461538461538462
s2014,scrProp,0.538461538461538
