region_3,category,timestep_6,value,scenario_1,parameter,technology_3
al,1,h0289,0.0,scr2008,avaConv,pvInd_a
al,1,h0290,0.0,scr2008,avaConv,pvInd_a
al,1,h0291,0.0,scr2008,avaConv,pvInd_a
al,1,h0292,0.0,scr2008,avaConv,pvInd_a
al,1,h0293,0.003835851695691807,scr2008,avaConv,pvInd_a
al,1,h0294,0.025727985706110606,scr2008,avaConv,pvInd_a
al,1,h0295,0.10000370102360365,scr2008,avaConv,pvInd_a
al,1,h0296,0.2186587430132349,scr2008,avaConv,pvInd_a
al,1,h0297,0.3541079360532582,scr2008,avaConv,pvInd_a
al,1,h0298,0.4500116122370961,scr2008,avaConv,pvInd_a
al,1,h0299,0.4985733984021406,scr2008,avaConv,pvInd_a
al,1,h0300,0.5105549941705256,scr2008,avaConv,pvInd_a
al,1,h0301,0.5312978263518051,scr2008,avaConv,pvInd_a
al,1,h0302,0.5342603503443492,scr2008,avaConv,pvInd_a
al,1,h0303,0.5021763952276229,scr2008,avaConv,pvInd_a
al,1,h0304,0.39548555934658286,scr2008,avaConv,pvInd_a
al,1,h0305,0.26223613345979,scr2008,avaConv,pvInd_a
al,1,h0306,0.1343589271426586,scr2008,avaConv,pvInd_a
al,1,h0307,0.047282561070348304,scr2008,avaConv,pvInd_a
al,1,h0308,0.008404850763448992,scr2008,avaConv,pvInd_a
al,1,h0309,0.0,scr2008,avaConv,pvInd_a
al,1,h0310,0.0,scr2008,avaConv,pvInd_a
al,1,h0311,0.0,scr2008,avaConv,pvInd_a
al,1,h0312,0.0,scr2008,avaConv,pvInd_a
al,1,h0313,0.0,scr2008,avaConv,pvInd_a
al,1,h0314,0.0,scr2008,avaConv,pvInd_a
al,1,h0315,0.0,scr2008,avaConv,pvInd_a
al,1,h0316,0.0,scr2008,avaConv,pvInd_a
al,1,h0317,0.0015416961264959903,scr2008,avaConv,pvInd_a
al,1,h0318,0.029958126908979806,scr2008,avaConv,pvInd_a
al,1,h0319,0.10843865592338052,scr2008,avaConv,pvInd_a
al,1,h0320,0.24960791391608184,scr2008,avaConv,pvInd_a
al,1,h0321,0.4117229716384549,scr2008,avaConv,pvInd_a
al,1,h0322,0.5426885744027371,scr2008,avaConv,pvInd_a
al,1,h0323,0.6151661199799188,scr2008,avaConv,pvInd_a
al,1,h0324,0.6313739157380605,scr2008,avaConv,pvInd_a
al,1,h0325,0.628739384161913,scr2008,avaConv,pvInd_a
al,1,h0326,0.5927667823873699,scr2008,avaConv,pvInd_a
al,1,h0327,0.5239671610300207,scr2008,avaConv,pvInd_a
al,1,h0328,0.41284987501323994,scr2008,avaConv,pvInd_a
al,1,h0329,0.2825400740754249,scr2008,avaConv,pvInd_a
al,1,h0330,0.1489298335433069,scr2008,avaConv,pvInd_a
al,1,h0331,0.05242958623834586,scr2008,avaConv,pvInd_a
al,1,h0332,0.008044569954400014,scr2008,avaConv,pvInd_a
al,1,h0333,0.0,scr2008,avaConv,pvInd_a
al,1,h0334,0.0,scr2008,avaConv,pvInd_a
al,1,h0335,0.0,scr2008,avaConv,pvInd_a
al,1,h0336,0.0,scr2008,avaConv,pvInd_a
at,1,h0289,0.0,scr2008,avaConv,pvInd_a
at,1,h0290,0.0,scr2008,avaConv,pvInd_a
at,1,h0291,0.0,scr2008,avaConv,pvInd_a
at,1,h0292,0.0,scr2008,avaConv,pvInd_a
at,1,h0293,0.003502428141913569,scr2008,avaConv,pvInd_a
at,1,h0294,0.018786285773605586,scr2008,avaConv,pvInd_a
at,1,h0295,0.08220401222518854,scr2008,avaConv,pvInd_a
at,1,h0296,0.1871028906480111,scr2008,avaConv,pvInd_a
at,1,h0297,0.31342673427553364,scr2008,avaConv,pvInd_a
at,1,h0298,0.4035574485003083,scr2008,avaConv,pvInd_a
at,1,h0299,0.4500473938683123,scr2008,avaConv,pvInd_a
at,1,h0300,0.45846410506259383,scr2008,avaConv,pvInd_a
at,1,h0301,0.48808328462955697,scr2008,avaConv,pvInd_a
at,1,h0302,0.4845280606990485,scr2008,avaConv,pvInd_a
at,1,h0303,0.4459019001568632,scr2008,avaConv,pvInd_a
at,1,h0304,0.3391543832053702,scr2008,avaConv,pvInd_a
at,1,h0305,0.24094897017446354,scr2008,avaConv,pvInd_a
at,1,h0306,0.1583890132398492,scr2008,avaConv,pvInd_a
at,1,h0307,0.08605964365081134,scr2008,avaConv,pvInd_a
at,1,h0308,0.03292645245869439,scr2008,avaConv,pvInd_a
at,1,h0309,0.004702270596444202,scr2008,avaConv,pvInd_a
at,1,h0310,0.0,scr2008,avaConv,pvInd_a
at,1,h0311,0.0,scr2008,avaConv,pvInd_a
at,1,h0312,0.0,scr2008,avaConv,pvInd_a
at,1,h0313,0.0,scr2008,avaConv,pvInd_a
at,1,h0314,0.0,scr2008,avaConv,pvInd_a
at,1,h0315,0.0,scr2008,avaConv,pvInd_a
at,1,h0316,0.0,scr2008,avaConv,pvInd_a
at,1,h0317,0.006229832361596897,scr2008,avaConv,pvInd_a
at,1,h0318,0.033561780067374876,scr2008,avaConv,pvInd_a
at,1,h0319,0.12055520742938952,scr2008,avaConv,pvInd_a
at,1,h0320,0.25620292585671667,scr2008,avaConv,pvInd_a
at,1,h0321,0.4233926451532393,scr2008,avaConv,pvInd_a
at,1,h0322,0.5544172259970046,scr2008,avaConv,pvInd_a
at,1,h0323,0.6393269688571686,scr2008,avaConv,pvInd_a
at,1,h0324,0.6758883473650139,scr2008,avaConv,pvInd_a
at,1,h0325,0.6983669872652498,scr2008,avaConv,pvInd_a
at,1,h0326,0.6667571478263274,scr2008,avaConv,pvInd_a
at,1,h0327,0.577458475745028,scr2008,avaConv,pvInd_a
at,1,h0328,0.4211562900845371,scr2008,avaConv,pvInd_a
at,1,h0329,0.27276656848681957,scr2008,avaConv,pvInd_a
at,1,h0330,0.1572439584371704,scr2008,avaConv,pvInd_a
at,1,h0331,0.07840929446012258,scr2008,avaConv,pvInd_a
at,1,h0332,0.031523792537275865,scr2008,avaConv,pvInd_a
at,1,h0333,0.005726375125131811,scr2008,avaConv,pvInd_a
at,1,h0334,0.0,scr2008,avaConv,pvInd_a
at,1,h0335,0.0,scr2008,avaConv,pvInd_a
at,1,h0336,0.0,scr2008,avaConv,pvInd_a
ba,1,h0289,0.0,scr2008,avaConv,pvInd_a
ba,1,h0290,0.0,scr2008,avaConv,pvInd_a
ba,1,h0291,0.0,scr2008,avaConv,pvInd_a
ba,1,h0292,0.0,scr2008,avaConv,pvInd_a
ba,1,h0293,0.004475383418280392,scr2008,avaConv,pvInd_a
ba,1,h0294,0.028812023157653643,scr2008,avaConv,pvInd_a
ba,1,h0295,0.08918937890793885,scr2008,avaConv,pvInd_a
ba,1,h0296,0.18370328016539364,scr2008,avaConv,pvInd_a
ba,1,h0297,0.2934130842251596,scr2008,avaConv,pvInd_a
ba,1,h0298,0.38301523962428996,scr2008,avaConv,pvInd_a
ba,1,h0299,0.43373887590008814,scr2008,avaConv,pvInd_a
ba,1,h0300,0.43645455774533726,scr2008,avaConv,pvInd_a
ba,1,h0301,0.47869457039057445,scr2008,avaConv,pvInd_a
ba,1,h0302,0.48961013081323035,scr2008,avaConv,pvInd_a
ba,1,h0303,0.47000818435983943,scr2008,avaConv,pvInd_a
ba,1,h0304,0.3654526671091249,scr2008,avaConv,pvInd_a
ba,1,h0305,0.2584690220803468,scr2008,avaConv,pvInd_a
ba,1,h0306,0.15437115867211226,scr2008,avaConv,pvInd_a
ba,1,h0307,0.06502302169419744,scr2008,avaConv,pvInd_a
ba,1,h0308,0.014848835126506777,scr2008,avaConv,pvInd_a
ba,1,h0309,0.0004601433779823483,scr2008,avaConv,pvInd_a
ba,1,h0310,0.0,scr2008,avaConv,pvInd_a
ba,1,h0311,0.0,scr2008,avaConv,pvInd_a
ba,1,h0312,0.0,scr2008,avaConv,pvInd_a
ba,1,h0313,0.0,scr2008,avaConv,pvInd_a
ba,1,h0314,0.0,scr2008,avaConv,pvInd_a
ba,1,h0315,0.0,scr2008,avaConv,pvInd_a
ba,1,h0316,0.0,scr2008,avaConv,pvInd_a
ba,1,h0317,0.004807300008027587,scr2008,avaConv,pvInd_a
ba,1,h0318,0.030050603533848984,scr2008,avaConv,pvInd_a
ba,1,h0319,0.12378187143612779,scr2008,avaConv,pvInd_a
ba,1,h0320,0.2845674566034974,scr2008,avaConv,pvInd_a
ba,1,h0321,0.4804168737632141,scr2008,avaConv,pvInd_a
ba,1,h0322,0.6432309463150657,scr2008,avaConv,pvInd_a
ba,1,h0323,0.7571787927264235,scr2008,avaConv,pvInd_a
ba,1,h0324,0.8240759973094559,scr2008,avaConv,pvInd_a
ba,1,h0325,0.7969698662899058,scr2008,avaConv,pvInd_a
ba,1,h0326,0.7265346167211447,scr2008,avaConv,pvInd_a
ba,1,h0327,0.6109766288313948,scr2008,avaConv,pvInd_a
ba,1,h0328,0.49498885669883935,scr2008,avaConv,pvInd_a
ba,1,h0329,0.34478442839681434,scr2008,avaConv,pvInd_a
ba,1,h0330,0.18974830671579054,scr2008,avaConv,pvInd_a
ba,1,h0331,0.07199539408328026,scr2008,avaConv,pvInd_a
ba,1,h0332,0.014644434199139744,scr2008,avaConv,pvInd_a
ba,1,h0333,0.0,scr2008,avaConv,pvInd_a
ba,1,h0334,0.0,scr2008,avaConv,pvInd_a
ba,1,h0335,0.0,scr2008,avaConv,pvInd_a
ba,1,h0336,0.0,scr2008,avaConv,pvInd_a
be,1,h0289,0.0,scr2008,avaConv,pvInd_a
be,1,h0290,0.0,scr2008,avaConv,pvInd_a
be,1,h0291,0.0,scr2008,avaConv,pvInd_a
be,1,h0292,0.0,scr2008,avaConv,pvInd_a
be,1,h0293,0.0,scr2008,avaConv,pvInd_a
be,1,h0294,0.009990897955188616,scr2008,avaConv,pvInd_a
be,1,h0295,0.0514009868672135,scr2008,avaConv,pvInd_a
be,1,h0296,0.11699445209865982,scr2008,avaConv,pvInd_a
be,1,h0297,0.20498940202677332,scr2008,avaConv,pvInd_a
be,1,h0298,0.3031003250468943,scr2008,avaConv,pvInd_a
be,1,h0299,0.41962447264172836,scr2008,avaConv,pvInd_a
be,1,h0300,0.5289143307048109,scr2008,avaConv,pvInd_a
be,1,h0301,0.5376334750879791,scr2008,avaConv,pvInd_a
be,1,h0302,0.5073253586942238,scr2008,avaConv,pvInd_a
be,1,h0303,0.4429956612106166,scr2008,avaConv,pvInd_a
be,1,h0304,0.41101289684316406,scr2008,avaConv,pvInd_a
be,1,h0305,0.34705637298501224,scr2008,avaConv,pvInd_a
be,1,h0306,0.26473099664288535,scr2008,avaConv,pvInd_a
be,1,h0307,0.17495431097076833,scr2008,avaConv,pvInd_a
be,1,h0308,0.09224374088684954,scr2008,avaConv,pvInd_a
be,1,h0309,0.0312419442259151,scr2008,avaConv,pvInd_a
be,1,h0310,0.005095651887301372,scr2008,avaConv,pvInd_a
be,1,h0311,0.0,scr2008,avaConv,pvInd_a
be,1,h0312,0.0,scr2008,avaConv,pvInd_a
be,1,h0313,0.0,scr2008,avaConv,pvInd_a
be,1,h0314,0.0,scr2008,avaConv,pvInd_a
be,1,h0315,0.0,scr2008,avaConv,pvInd_a
be,1,h0316,0.0,scr2008,avaConv,pvInd_a
be,1,h0317,0.0003949442034563289,scr2008,avaConv,pvInd_a
be,1,h0318,0.01259313756624099,scr2008,avaConv,pvInd_a
be,1,h0319,0.03847165489964923,scr2008,avaConv,pvInd_a
be,1,h0320,0.09611567480057369,scr2008,avaConv,pvInd_a
be,1,h0321,0.19156928187426542,scr2008,avaConv,pvInd_a
be,1,h0322,0.31607770940629004,scr2008,avaConv,pvInd_a
be,1,h0323,0.4226109466264113,scr2008,avaConv,pvInd_a
be,1,h0324,0.45405747964223764,scr2008,avaConv,pvInd_a
be,1,h0325,0.5734744777488036,scr2008,avaConv,pvInd_a
be,1,h0326,0.6618582680116726,scr2008,avaConv,pvInd_a
be,1,h0327,0.7467748252558587,scr2008,avaConv,pvInd_a
be,1,h0328,0.6592732189163156,scr2008,avaConv,pvInd_a
be,1,h0329,0.5332601583811676,scr2008,avaConv,pvInd_a
be,1,h0330,0.3824669875571043,scr2008,avaConv,pvInd_a
be,1,h0331,0.21992860294406363,scr2008,avaConv,pvInd_a
be,1,h0332,0.09851716871822544,scr2008,avaConv,pvInd_a
be,1,h0333,0.024849906161240658,scr2008,avaConv,pvInd_a
be,1,h0334,0.005864729780624538,scr2008,avaConv,pvInd_a
be,1,h0335,0.0,scr2008,avaConv,pvInd_a
be,1,h0336,0.0,scr2008,avaConv,pvInd_a
bg,1,h0289,0.0,scr2008,avaConv,pvInd_a
bg,1,h0290,0.0,scr2008,avaConv,pvInd_a
bg,1,h0291,0.0,scr2008,avaConv,pvInd_a
bg,1,h0292,0.0,scr2008,avaConv,pvInd_a
bg,1,h0293,0.00784659600776915,scr2008,avaConv,pvInd_a
bg,1,h0294,0.04860391957931496,scr2008,avaConv,pvInd_a
bg,1,h0295,0.10463078128618278,scr2008,avaConv,pvInd_a
bg,1,h0296,0.18322463755694382,scr2008,avaConv,pvInd_a
bg,1,h0297,0.2521836872192953,scr2008,avaConv,pvInd_a
bg,1,h0298,0.3231537648403302,scr2008,avaConv,pvInd_a
bg,1,h0299,0.34802416355857635,scr2008,avaConv,pvInd_a
bg,1,h0300,0.3375017039085855,scr2008,avaConv,pvInd_a
bg,1,h0301,0.4178139787631176,scr2008,avaConv,pvInd_a
bg,1,h0302,0.4758841665159527,scr2008,avaConv,pvInd_a
bg,1,h0303,0.49721534440729226,scr2008,avaConv,pvInd_a
bg,1,h0304,0.3675276822610259,scr2008,avaConv,pvInd_a
bg,1,h0305,0.2287937918517587,scr2008,avaConv,pvInd_a
bg,1,h0306,0.10736465385532926,scr2008,avaConv,pvInd_a
bg,1,h0307,0.031783146496795735,scr2008,avaConv,pvInd_a
bg,1,h0308,0.0038645343975356045,scr2008,avaConv,pvInd_a
bg,1,h0309,0.0,scr2008,avaConv,pvInd_a
bg,1,h0310,0.0,scr2008,avaConv,pvInd_a
bg,1,h0311,0.0,scr2008,avaConv,pvInd_a
bg,1,h0312,0.0,scr2008,avaConv,pvInd_a
bg,1,h0313,0.0,scr2008,avaConv,pvInd_a
bg,1,h0314,0.0,scr2008,avaConv,pvInd_a
bg,1,h0315,0.0,scr2008,avaConv,pvInd_a
bg,1,h0316,0.0,scr2008,avaConv,pvInd_a
bg,1,h0317,0.005930807409637821,scr2008,avaConv,pvInd_a
bg,1,h0318,0.04947535410121426,scr2008,avaConv,pvInd_a
bg,1,h0319,0.1580439948856545,scr2008,avaConv,pvInd_a
bg,1,h0320,0.32149216626877686,scr2008,avaConv,pvInd_a
bg,1,h0321,0.46882177571104233,scr2008,avaConv,pvInd_a
bg,1,h0322,0.5491907994246545,scr2008,avaConv,pvInd_a
bg,1,h0323,0.5755155881492661,scr2008,avaConv,pvInd_a
bg,1,h0324,0.5759804279886295,scr2008,avaConv,pvInd_a
bg,1,h0325,0.5919947570290945,scr2008,avaConv,pvInd_a
bg,1,h0326,0.5727011000186689,scr2008,avaConv,pvInd_a
bg,1,h0327,0.5080297480595705,scr2008,avaConv,pvInd_a
bg,1,h0328,0.38542745630404374,scr2008,avaConv,pvInd_a
bg,1,h0329,0.24369297117915,scr2008,avaConv,pvInd_a
bg,1,h0330,0.11476995836239065,scr2008,avaConv,pvInd_a
bg,1,h0331,0.0332560399584508,scr2008,avaConv,pvInd_a
bg,1,h0332,0.003138920525256297,scr2008,avaConv,pvInd_a
bg,1,h0333,0.0,scr2008,avaConv,pvInd_a
bg,1,h0334,0.0,scr2008,avaConv,pvInd_a
bg,1,h0335,0.0,scr2008,avaConv,pvInd_a
bg,1,h0336,0.0,scr2008,avaConv,pvInd_a
ch,1,h0289,0.0,scr2008,avaConv,pvInd_a
ch,1,h0290,0.0,scr2008,avaConv,pvInd_a
ch,1,h0291,0.0,scr2008,avaConv,pvInd_a
ch,1,h0292,0.0,scr2008,avaConv,pvInd_a
ch,1,h0293,0.0,scr2008,avaConv,pvInd_a
ch,1,h0294,0.0023198447032646854,scr2008,avaConv,pvInd_a
ch,1,h0295,0.03009372616084322,scr2008,avaConv,pvInd_a
ch,1,h0296,0.08234126273272957,scr2008,avaConv,pvInd_a
ch,1,h0297,0.15955967487521613,scr2008,avaConv,pvInd_a
ch,1,h0298,0.24352058026054793,scr2008,avaConv,pvInd_a
ch,1,h0299,0.34488366482700317,scr2008,avaConv,pvInd_a
ch,1,h0300,0.43902867142177243,scr2008,avaConv,pvInd_a
ch,1,h0301,0.48196879340593174,scr2008,avaConv,pvInd_a
ch,1,h0302,0.47943283232976686,scr2008,avaConv,pvInd_a
ch,1,h0303,0.4280551801648071,scr2008,avaConv,pvInd_a
ch,1,h0304,0.36368749614526485,scr2008,avaConv,pvInd_a
ch,1,h0305,0.2772156687881769,scr2008,avaConv,pvInd_a
ch,1,h0306,0.19231479308464733,scr2008,avaConv,pvInd_a
ch,1,h0307,0.12049690437065541,scr2008,avaConv,pvInd_a
ch,1,h0308,0.05688804129081837,scr2008,avaConv,pvInd_a
ch,1,h0309,0.019702286424730556,scr2008,avaConv,pvInd_a
ch,1,h0310,0.0011413196238782251,scr2008,avaConv,pvInd_a
ch,1,h0311,0.0,scr2008,avaConv,pvInd_a
ch,1,h0312,0.0,scr2008,avaConv,pvInd_a
ch,1,h0313,0.0,scr2008,avaConv,pvInd_a
ch,1,h0314,0.0,scr2008,avaConv,pvInd_a
ch,1,h0315,0.0,scr2008,avaConv,pvInd_a
ch,1,h0316,0.0,scr2008,avaConv,pvInd_a
ch,1,h0317,0.0005057562507203052,scr2008,avaConv,pvInd_a
ch,1,h0318,0.018898776941374488,scr2008,avaConv,pvInd_a
ch,1,h0319,0.07948092417506511,scr2008,avaConv,pvInd_a
ch,1,h0320,0.20453545295199124,scr2008,avaConv,pvInd_a
ch,1,h0321,0.37083475581022396,scr2008,avaConv,pvInd_a
ch,1,h0322,0.5389358666797969,scr2008,avaConv,pvInd_a
ch,1,h0323,0.6693212431398569,scr2008,avaConv,pvInd_a
ch,1,h0324,0.7475864460413729,scr2008,avaConv,pvInd_a
ch,1,h0325,0.7233866089663826,scr2008,avaConv,pvInd_a
ch,1,h0326,0.6875118178995245,scr2008,avaConv,pvInd_a
ch,1,h0327,0.635771470603954,scr2008,avaConv,pvInd_a
ch,1,h0328,0.5991182299500393,scr2008,avaConv,pvInd_a
ch,1,h0329,0.4909252784162505,scr2008,avaConv,pvInd_a
ch,1,h0330,0.33930105689783663,scr2008,avaConv,pvInd_a
ch,1,h0331,0.18521567230149333,scr2008,avaConv,pvInd_a
ch,1,h0332,0.07331268731636399,scr2008,avaConv,pvInd_a
ch,1,h0333,0.013970795593903716,scr2008,avaConv,pvInd_a
ch,1,h0334,0.0,scr2008,avaConv,pvInd_a
ch,1,h0335,0.0,scr2008,avaConv,pvInd_a
ch,1,h0336,0.0,scr2008,avaConv,pvInd_a
cz,1,h0289,0.0,scr2008,avaConv,pvInd_a
cz,1,h0290,0.0,scr2008,avaConv,pvInd_a
cz,1,h0291,0.0,scr2008,avaConv,pvInd_a
cz,1,h0292,0.0,scr2008,avaConv,pvInd_a
cz,1,h0293,0.008953677163687935,scr2008,avaConv,pvInd_a
cz,1,h0294,0.04757798028644126,scr2008,avaConv,pvInd_a
cz,1,h0295,0.1276022306390224,scr2008,avaConv,pvInd_a
cz,1,h0296,0.23683404107486788,scr2008,avaConv,pvInd_a
cz,1,h0297,0.3457699905564602,scr2008,avaConv,pvInd_a
cz,1,h0298,0.4274072505943275,scr2008,avaConv,pvInd_a
cz,1,h0299,0.48092077501530245,scr2008,avaConv,pvInd_a
cz,1,h0300,0.509804451599237,scr2008,avaConv,pvInd_a
cz,1,h0301,0.4928793304359638,scr2008,avaConv,pvInd_a
cz,1,h0302,0.45652028458515787,scr2008,avaConv,pvInd_a
cz,1,h0303,0.3935983653647536,scr2008,avaConv,pvInd_a
cz,1,h0304,0.3370453795648346,scr2008,avaConv,pvInd_a
cz,1,h0305,0.26333818511434015,scr2008,avaConv,pvInd_a
cz,1,h0306,0.18060396414787783,scr2008,avaConv,pvInd_a
cz,1,h0307,0.10286443768139515,scr2008,avaConv,pvInd_a
cz,1,h0308,0.04123753140994334,scr2008,avaConv,pvInd_a
cz,1,h0309,0.010480199324698963,scr2008,avaConv,pvInd_a
cz,1,h0310,0.0,scr2008,avaConv,pvInd_a
cz,1,h0311,0.0,scr2008,avaConv,pvInd_a
cz,1,h0312,0.0,scr2008,avaConv,pvInd_a
cz,1,h0313,0.0,scr2008,avaConv,pvInd_a
cz,1,h0314,0.0,scr2008,avaConv,pvInd_a
cz,1,h0315,0.0,scr2008,avaConv,pvInd_a
cz,1,h0316,0.0,scr2008,avaConv,pvInd_a
cz,1,h0317,0.009340016701717326,scr2008,avaConv,pvInd_a
cz,1,h0318,0.04470138127523345,scr2008,avaConv,pvInd_a
cz,1,h0319,0.1337050503538169,scr2008,avaConv,pvInd_a
cz,1,h0320,0.26079127302700705,scr2008,avaConv,pvInd_a
cz,1,h0321,0.3943706618002605,scr2008,avaConv,pvInd_a
cz,1,h0322,0.4927395215380617,scr2008,avaConv,pvInd_a
cz,1,h0323,0.5566611334834799,scr2008,avaConv,pvInd_a
cz,1,h0324,0.5725067284199715,scr2008,avaConv,pvInd_a
cz,1,h0325,0.6074333483965596,scr2008,avaConv,pvInd_a
cz,1,h0326,0.5943237247607712,scr2008,avaConv,pvInd_a
cz,1,h0327,0.5572272874668734,scr2008,avaConv,pvInd_a
cz,1,h0328,0.44378838222473116,scr2008,avaConv,pvInd_a
cz,1,h0329,0.32639294903019433,scr2008,avaConv,pvInd_a
cz,1,h0330,0.2136293651668537,scr2008,avaConv,pvInd_a
cz,1,h0331,0.11415447024805184,scr2008,avaConv,pvInd_a
cz,1,h0332,0.04434986772225081,scr2008,avaConv,pvInd_a
cz,1,h0333,0.00933607224011795,scr2008,avaConv,pvInd_a
cz,1,h0334,0.0,scr2008,avaConv,pvInd_a
cz,1,h0335,0.0,scr2008,avaConv,pvInd_a
cz,1,h0336,0.0,scr2008,avaConv,pvInd_a
de,1,h0289,0.0,scr2008,avaConv,pvInd_a
de,1,h0290,0.0,scr2008,avaConv,pvInd_a
de,1,h0291,0.0,scr2008,avaConv,pvInd_a
de,1,h0292,0.0,scr2008,avaConv,pvInd_a
de,1,h0293,0.004985344794034715,scr2008,avaConv,pvInd_a
de,1,h0294,0.026730868537026716,scr2008,avaConv,pvInd_a
de,1,h0295,0.09305021420068259,scr2008,avaConv,pvInd_a
de,1,h0296,0.1916121896999389,scr2008,avaConv,pvInd_a
de,1,h0297,0.31019463684786874,scr2008,avaConv,pvInd_a
de,1,h0298,0.4164870985709331,scr2008,avaConv,pvInd_a
de,1,h0299,0.5111043274154413,scr2008,avaConv,pvInd_a
de,1,h0300,0.579164655937793,scr2008,avaConv,pvInd_a
de,1,h0301,0.5625469393304922,scr2008,avaConv,pvInd_a
de,1,h0302,0.5035718167729144,scr2008,avaConv,pvInd_a
de,1,h0303,0.41272026685615854,scr2008,avaConv,pvInd_a
de,1,h0304,0.35270320102438146,scr2008,avaConv,pvInd_a
de,1,h0305,0.2869263204959735,scr2008,avaConv,pvInd_a
de,1,h0306,0.21694964002783335,scr2008,avaConv,pvInd_a
de,1,h0307,0.1439216070449483,scr2008,avaConv,pvInd_a
de,1,h0308,0.07244117154775373,scr2008,avaConv,pvInd_a
de,1,h0309,0.0246554285584255,scr2008,avaConv,pvInd_a
de,1,h0310,0.00175462673890337,scr2008,avaConv,pvInd_a
de,1,h0311,0.0,scr2008,avaConv,pvInd_a
de,1,h0312,0.0,scr2008,avaConv,pvInd_a
de,1,h0313,0.0,scr2008,avaConv,pvInd_a
de,1,h0314,0.0,scr2008,avaConv,pvInd_a
de,1,h0315,0.0,scr2008,avaConv,pvInd_a
de,1,h0316,0.0,scr2008,avaConv,pvInd_a
de,1,h0317,0.006214522705151412,scr2008,avaConv,pvInd_a
de,1,h0318,0.03550173743594422,scr2008,avaConv,pvInd_a
de,1,h0319,0.09114155719120691,scr2008,avaConv,pvInd_a
de,1,h0320,0.1700168843320108,scr2008,avaConv,pvInd_a
de,1,h0321,0.2542489541559913,scr2008,avaConv,pvInd_a
de,1,h0322,0.33875376308190625,scr2008,avaConv,pvInd_a
de,1,h0323,0.41717927047400216,scr2008,avaConv,pvInd_a
de,1,h0324,0.4782779437835137,scr2008,avaConv,pvInd_a
de,1,h0325,0.5432894837807953,scr2008,avaConv,pvInd_a
de,1,h0326,0.576249619576576,scr2008,avaConv,pvInd_a
de,1,h0327,0.5787342719303615,scr2008,avaConv,pvInd_a
de,1,h0328,0.5229813802124815,scr2008,avaConv,pvInd_a
de,1,h0329,0.4402428281937792,scr2008,avaConv,pvInd_a
de,1,h0330,0.3324504227433268,scr2008,avaConv,pvInd_a
de,1,h0331,0.20876297253690781,scr2008,avaConv,pvInd_a
de,1,h0332,0.09774851274662849,scr2008,avaConv,pvInd_a
de,1,h0333,0.02842764364463656,scr2008,avaConv,pvInd_a
de,1,h0334,0.002652136353053598,scr2008,avaConv,pvInd_a
de,1,h0335,0.0,scr2008,avaConv,pvInd_a
de,1,h0336,0.0,scr2008,avaConv,pvInd_a
dk_e,1,h0289,0.0,scr2008,avaConv,pvInd_a
dk_e,1,h0290,0.0,scr2008,avaConv,pvInd_a
dk_e,1,h0291,0.0,scr2008,avaConv,pvInd_a
dk_e,1,h0292,0.0,scr2008,avaConv,pvInd_a
dk_e,1,h0293,0.002326122186133164,scr2008,avaConv,pvInd_a
dk_e,1,h0294,0.019763150858964403,scr2008,avaConv,pvInd_a
dk_e,1,h0295,0.09001052245562292,scr2008,avaConv,pvInd_a
dk_e,1,h0296,0.22544493950300676,scr2008,avaConv,pvInd_a
dk_e,1,h0297,0.40414265989892995,scr2008,avaConv,pvInd_a
dk_e,1,h0298,0.5697477335839608,scr2008,avaConv,pvInd_a
dk_e,1,h0299,0.6950388328100207,scr2008,avaConv,pvInd_a
dk_e,1,h0300,0.7667647072716045,scr2008,avaConv,pvInd_a
dk_e,1,h0301,0.7218234679981418,scr2008,avaConv,pvInd_a
dk_e,1,h0302,0.6301008401080151,scr2008,avaConv,pvInd_a
dk_e,1,h0303,0.5324891042199956,scr2008,avaConv,pvInd_a
dk_e,1,h0304,0.46983860988631865,scr2008,avaConv,pvInd_a
dk_e,1,h0305,0.38140014696347013,scr2008,avaConv,pvInd_a
dk_e,1,h0306,0.2522910811916755,scr2008,avaConv,pvInd_a
dk_e,1,h0307,0.13124194078417906,scr2008,avaConv,pvInd_a
dk_e,1,h0308,0.049344350578744485,scr2008,avaConv,pvInd_a
dk_e,1,h0309,0.011361093171601335,scr2008,avaConv,pvInd_a
dk_e,1,h0310,0.001467352825851924,scr2008,avaConv,pvInd_a
dk_e,1,h0311,0.0,scr2008,avaConv,pvInd_a
dk_e,1,h0312,0.0,scr2008,avaConv,pvInd_a
dk_e,1,h0313,0.0,scr2008,avaConv,pvInd_a
dk_e,1,h0314,0.0,scr2008,avaConv,pvInd_a
dk_e,1,h0315,0.0,scr2008,avaConv,pvInd_a
dk_e,1,h0316,0.0,scr2008,avaConv,pvInd_a
dk_e,1,h0317,0.005522816934096772,scr2008,avaConv,pvInd_a
dk_e,1,h0318,0.027749185488873646,scr2008,avaConv,pvInd_a
dk_e,1,h0319,0.09032142016149357,scr2008,avaConv,pvInd_a
dk_e,1,h0320,0.20205567205709715,scr2008,avaConv,pvInd_a
dk_e,1,h0321,0.35894569707962254,scr2008,avaConv,pvInd_a
dk_e,1,h0322,0.5111710910798869,scr2008,avaConv,pvInd_a
dk_e,1,h0323,0.6190522945404412,scr2008,avaConv,pvInd_a
dk_e,1,h0324,0.6706794976440377,scr2008,avaConv,pvInd_a
dk_e,1,h0325,0.664504899145034,scr2008,avaConv,pvInd_a
dk_e,1,h0326,0.6647939633091577,scr2008,avaConv,pvInd_a
dk_e,1,h0327,0.6384968637952423,scr2008,avaConv,pvInd_a
dk_e,1,h0328,0.5934332716795387,scr2008,avaConv,pvInd_a
dk_e,1,h0329,0.474267022949254,scr2008,avaConv,pvInd_a
dk_e,1,h0330,0.3109298452603771,scr2008,avaConv,pvInd_a
dk_e,1,h0331,0.16024984103275053,scr2008,avaConv,pvInd_a
dk_e,1,h0332,0.05731609261430487,scr2008,avaConv,pvInd_a
dk_e,1,h0333,0.01501388090183202,scr2008,avaConv,pvInd_a
dk_e,1,h0334,0.0022340530113153312,scr2008,avaConv,pvInd_a
dk_e,1,h0335,0.0,scr2008,avaConv,pvInd_a
dk_e,1,h0336,0.0,scr2008,avaConv,pvInd_a
dk_w,1,h0289,0.0,scr2008,avaConv,pvInd_a
dk_w,1,h0290,0.0,scr2008,avaConv,pvInd_a
dk_w,1,h0291,0.0,scr2008,avaConv,pvInd_a
dk_w,1,h0292,0.0,scr2008,avaConv,pvInd_a
dk_w,1,h0293,0.0015453104746955438,scr2008,avaConv,pvInd_a
dk_w,1,h0294,0.01303936104239593,scr2008,avaConv,pvInd_a
dk_w,1,h0295,0.07187947951665674,scr2008,avaConv,pvInd_a
dk_w,1,h0296,0.19931824945092247,scr2008,avaConv,pvInd_a
dk_w,1,h0297,0.3820498431898068,scr2008,avaConv,pvInd_a
dk_w,1,h0298,0.5590966416315876,scr2008,avaConv,pvInd_a
dk_w,1,h0299,0.6953833314641178,scr2008,avaConv,pvInd_a
dk_w,1,h0300,0.7809594334609139,scr2008,avaConv,pvInd_a
dk_w,1,h0301,0.7490992564164854,scr2008,avaConv,pvInd_a
dk_w,1,h0302,0.6689537903730478,scr2008,avaConv,pvInd_a
dk_w,1,h0303,0.552287244935424,scr2008,avaConv,pvInd_a
dk_w,1,h0304,0.47592085426478437,scr2008,avaConv,pvInd_a
dk_w,1,h0305,0.37970473164378443,scr2008,avaConv,pvInd_a
dk_w,1,h0306,0.26094329727898724,scr2008,avaConv,pvInd_a
dk_w,1,h0307,0.14054954231235905,scr2008,avaConv,pvInd_a
dk_w,1,h0308,0.053927458819717174,scr2008,avaConv,pvInd_a
dk_w,1,h0309,0.013568597981673446,scr2008,avaConv,pvInd_a
dk_w,1,h0310,0.00232375141524782,scr2008,avaConv,pvInd_a
dk_w,1,h0311,0.0,scr2008,avaConv,pvInd_a
dk_w,1,h0312,0.0,scr2008,avaConv,pvInd_a
dk_w,1,h0313,0.0,scr2008,avaConv,pvInd_a
dk_w,1,h0314,0.0,scr2008,avaConv,pvInd_a
dk_w,1,h0315,0.0,scr2008,avaConv,pvInd_a
dk_w,1,h0316,0.0,scr2008,avaConv,pvInd_a
dk_w,1,h0317,0.004974133071875594,scr2008,avaConv,pvInd_a
dk_w,1,h0318,0.02291424443622676,scr2008,avaConv,pvInd_a
dk_w,1,h0319,0.08035246484483681,scr2008,avaConv,pvInd_a
dk_w,1,h0320,0.18454009627563406,scr2008,avaConv,pvInd_a
dk_w,1,h0321,0.31858494977142404,scr2008,avaConv,pvInd_a
dk_w,1,h0322,0.43077756712219795,scr2008,avaConv,pvInd_a
dk_w,1,h0323,0.5149544995432371,scr2008,avaConv,pvInd_a
dk_w,1,h0324,0.5733841548251005,scr2008,avaConv,pvInd_a
dk_w,1,h0325,0.6395013446762164,scr2008,avaConv,pvInd_a
dk_w,1,h0326,0.680443394002896,scr2008,avaConv,pvInd_a
dk_w,1,h0327,0.6908970569490417,scr2008,avaConv,pvInd_a
dk_w,1,h0328,0.6301106084866672,scr2008,avaConv,pvInd_a
dk_w,1,h0329,0.5042884416640363,scr2008,avaConv,pvInd_a
dk_w,1,h0330,0.3287181369502378,scr2008,avaConv,pvInd_a
dk_w,1,h0331,0.16140135501932618,scr2008,avaConv,pvInd_a
dk_w,1,h0332,0.05515599233260091,scr2008,avaConv,pvInd_a
dk_w,1,h0333,0.011256986094814491,scr2008,avaConv,pvInd_a
dk_w,1,h0334,0.0020313250597310583,scr2008,avaConv,pvInd_a
dk_w,1,h0335,0.0,scr2008,avaConv,pvInd_a
dk_w,1,h0336,0.0,scr2008,avaConv,pvInd_a
ee,1,h0289,0.0,scr2008,avaConv,pvInd_a
ee,1,h0290,0.0,scr2008,avaConv,pvInd_a
ee,1,h0291,0.000270385229935551,scr2008,avaConv,pvInd_a
ee,1,h0292,0.004186566960949403,scr2008,avaConv,pvInd_a
ee,1,h0293,0.023521317351588453,scr2008,avaConv,pvInd_a
ee,1,h0294,0.10107469303802029,scr2008,avaConv,pvInd_a
ee,1,h0295,0.22325545048706266,scr2008,avaConv,pvInd_a
ee,1,h0296,0.381916376490015,scr2008,avaConv,pvInd_a
ee,1,h0297,0.5216796344858243,scr2008,avaConv,pvInd_a
ee,1,h0298,0.6489835018354378,scr2008,avaConv,pvInd_a
ee,1,h0299,0.7332073026269232,scr2008,avaConv,pvInd_a
ee,1,h0300,0.7754144681593095,scr2008,avaConv,pvInd_a
ee,1,h0301,0.711338950456534,scr2008,avaConv,pvInd_a
ee,1,h0302,0.6182550678019069,scr2008,avaConv,pvInd_a
ee,1,h0303,0.5007398427649661,scr2008,avaConv,pvInd_a
ee,1,h0304,0.40512192367980815,scr2008,avaConv,pvInd_a
ee,1,h0305,0.2871193159821036,scr2008,avaConv,pvInd_a
ee,1,h0306,0.16636624592265367,scr2008,avaConv,pvInd_a
ee,1,h0307,0.07290975831989428,scr2008,avaConv,pvInd_a
ee,1,h0308,0.022370756131051883,scr2008,avaConv,pvInd_a
ee,1,h0309,0.0009650484641408834,scr2008,avaConv,pvInd_a
ee,1,h0310,0.0,scr2008,avaConv,pvInd_a
ee,1,h0311,0.0,scr2008,avaConv,pvInd_a
ee,1,h0312,0.0,scr2008,avaConv,pvInd_a
ee,1,h0313,0.0,scr2008,avaConv,pvInd_a
ee,1,h0314,0.0,scr2008,avaConv,pvInd_a
ee,1,h0315,0.0,scr2008,avaConv,pvInd_a
ee,1,h0316,0.005025028446959083,scr2008,avaConv,pvInd_a
ee,1,h0317,0.02118134749291024,scr2008,avaConv,pvInd_a
ee,1,h0318,0.05949031078178099,scr2008,avaConv,pvInd_a
ee,1,h0319,0.17690978751980418,scr2008,avaConv,pvInd_a
ee,1,h0320,0.33470147128816247,scr2008,avaConv,pvInd_a
ee,1,h0321,0.5058087230679972,scr2008,avaConv,pvInd_a
ee,1,h0322,0.5936761296091987,scr2008,avaConv,pvInd_a
ee,1,h0323,0.6354282562840197,scr2008,avaConv,pvInd_a
ee,1,h0324,0.6383358806645648,scr2008,avaConv,pvInd_a
ee,1,h0325,0.5173554313260842,scr2008,avaConv,pvInd_a
ee,1,h0326,0.39346243408047243,scr2008,avaConv,pvInd_a
ee,1,h0327,0.2624518997702386,scr2008,avaConv,pvInd_a
ee,1,h0328,0.22927998072058073,scr2008,avaConv,pvInd_a
ee,1,h0329,0.18081281634001833,scr2008,avaConv,pvInd_a
ee,1,h0330,0.12469948372382099,scr2008,avaConv,pvInd_a
ee,1,h0331,0.07330768788882522,scr2008,avaConv,pvInd_a
ee,1,h0332,0.029748652832350186,scr2008,avaConv,pvInd_a
ee,1,h0333,0.007702926161242106,scr2008,avaConv,pvInd_a
ee,1,h0334,0.0,scr2008,avaConv,pvInd_a
ee,1,h0335,0.0,scr2008,avaConv,pvInd_a
ee,1,h0336,0.0,scr2008,avaConv,pvInd_a
es,1,h0289,0.0,scr2008,avaConv,pvInd_a
es,1,h0290,0.0,scr2008,avaConv,pvInd_a
es,1,h0291,0.0,scr2008,avaConv,pvInd_a
es,1,h0292,0.0,scr2008,avaConv,pvInd_a
es,1,h0293,0.0,scr2008,avaConv,pvInd_a
es,1,h0294,0.00024022835938272753,scr2008,avaConv,pvInd_a
es,1,h0295,0.013856115364020111,scr2008,avaConv,pvInd_a
es,1,h0296,0.07449016922474562,scr2008,avaConv,pvInd_a
es,1,h0297,0.19528016330712192,scr2008,avaConv,pvInd_a
es,1,h0298,0.3538099675106447,scr2008,avaConv,pvInd_a
es,1,h0299,0.49702363669500754,scr2008,avaConv,pvInd_a
es,1,h0300,0.5983953459152914,scr2008,avaConv,pvInd_a
es,1,h0301,0.6347616963174284,scr2008,avaConv,pvInd_a
es,1,h0302,0.626230769469438,scr2008,avaConv,pvInd_a
es,1,h0303,0.5866243987063382,scr2008,avaConv,pvInd_a
es,1,h0304,0.531333454631504,scr2008,avaConv,pvInd_a
es,1,h0305,0.44839971106805393,scr2008,avaConv,pvInd_a
es,1,h0306,0.3406189861986677,scr2008,avaConv,pvInd_a
es,1,h0307,0.2208508056987797,scr2008,avaConv,pvInd_a
es,1,h0308,0.10758851984610801,scr2008,avaConv,pvInd_a
es,1,h0309,0.033413562343505274,scr2008,avaConv,pvInd_a
es,1,h0310,0.0016855918100443289,scr2008,avaConv,pvInd_a
es,1,h0311,0.0,scr2008,avaConv,pvInd_a
es,1,h0312,0.0,scr2008,avaConv,pvInd_a
es,1,h0313,0.0,scr2008,avaConv,pvInd_a
es,1,h0314,0.0,scr2008,avaConv,pvInd_a
es,1,h0315,0.0,scr2008,avaConv,pvInd_a
es,1,h0316,0.0,scr2008,avaConv,pvInd_a
es,1,h0317,0.0,scr2008,avaConv,pvInd_a
es,1,h0318,0.00017581386345981068,scr2008,avaConv,pvInd_a
es,1,h0319,0.011949192294670848,scr2008,avaConv,pvInd_a
es,1,h0320,0.07553701191681629,scr2008,avaConv,pvInd_a
es,1,h0321,0.20507066070648122,scr2008,avaConv,pvInd_a
es,1,h0322,0.38118055962170044,scr2008,avaConv,pvInd_a
es,1,h0323,0.5424341415352132,scr2008,avaConv,pvInd_a
es,1,h0324,0.6598782943813385,scr2008,avaConv,pvInd_a
es,1,h0325,0.7025822378797616,scr2008,avaConv,pvInd_a
es,1,h0326,0.702702195061375,scr2008,avaConv,pvInd_a
es,1,h0327,0.6687923414724958,scr2008,avaConv,pvInd_a
es,1,h0328,0.6284766945489463,scr2008,avaConv,pvInd_a
es,1,h0329,0.5525677676725883,scr2008,avaConv,pvInd_a
es,1,h0330,0.4349913790370178,scr2008,avaConv,pvInd_a
es,1,h0331,0.2795728440526728,scr2008,avaConv,pvInd_a
es,1,h0332,0.12873693410254397,scr2008,avaConv,pvInd_a
es,1,h0333,0.034366710826950225,scr2008,avaConv,pvInd_a
es,1,h0334,0.0011448264085305564,scr2008,avaConv,pvInd_a
es,1,h0335,0.0,scr2008,avaConv,pvInd_a
es,1,h0336,0.0,scr2008,avaConv,pvInd_a
fi,1,h0289,0.0,scr2008,avaConv,pvInd_a
fi,1,h0290,0.0,scr2008,avaConv,pvInd_a
fi,1,h0291,0.0009254654532044529,scr2008,avaConv,pvInd_a
fi,1,h0292,0.003978538688670027,scr2008,avaConv,pvInd_a
fi,1,h0293,0.019209946205560654,scr2008,avaConv,pvInd_a
fi,1,h0294,0.08196202049014231,scr2008,avaConv,pvInd_a
fi,1,h0295,0.18623934532788416,scr2008,avaConv,pvInd_a
fi,1,h0296,0.34067016314941073,scr2008,avaConv,pvInd_a
fi,1,h0297,0.4922069804944478,scr2008,avaConv,pvInd_a
fi,1,h0298,0.6418989151798663,scr2008,avaConv,pvInd_a
fi,1,h0299,0.7383367075559807,scr2008,avaConv,pvInd_a
fi,1,h0300,0.7736716740734729,scr2008,avaConv,pvInd_a
fi,1,h0301,0.6295947247438718,scr2008,avaConv,pvInd_a
fi,1,h0302,0.47329178433361235,scr2008,avaConv,pvInd_a
fi,1,h0303,0.30495571909844305,scr2008,avaConv,pvInd_a
fi,1,h0304,0.2445175562182477,scr2008,avaConv,pvInd_a
fi,1,h0305,0.17325549481126393,scr2008,avaConv,pvInd_a
fi,1,h0306,0.10859449688681186,scr2008,avaConv,pvInd_a
fi,1,h0307,0.05542538964297116,scr2008,avaConv,pvInd_a
fi,1,h0308,0.019916682436785987,scr2008,avaConv,pvInd_a
fi,1,h0309,0.0042954785571670245,scr2008,avaConv,pvInd_a
fi,1,h0310,0.000585041856889656,scr2008,avaConv,pvInd_a
fi,1,h0311,0.0,scr2008,avaConv,pvInd_a
fi,1,h0312,0.0,scr2008,avaConv,pvInd_a
fi,1,h0313,0.0,scr2008,avaConv,pvInd_a
fi,1,h0314,0.0001471110667584866,scr2008,avaConv,pvInd_a
fi,1,h0315,0.0012908346631153934,scr2008,avaConv,pvInd_a
fi,1,h0316,0.006676877032054548,scr2008,avaConv,pvInd_a
fi,1,h0317,0.020688936182804,scr2008,avaConv,pvInd_a
fi,1,h0318,0.04945398832360078,scr2008,avaConv,pvInd_a
fi,1,h0319,0.11772198426325677,scr2008,avaConv,pvInd_a
fi,1,h0320,0.20972828805485141,scr2008,avaConv,pvInd_a
fi,1,h0321,0.31019788415813154,scr2008,avaConv,pvInd_a
fi,1,h0322,0.38224258354921076,scr2008,avaConv,pvInd_a
fi,1,h0323,0.44460389187069904,scr2008,avaConv,pvInd_a
fi,1,h0324,0.48612098028262035,scr2008,avaConv,pvInd_a
fi,1,h0325,0.4587952631802626,scr2008,avaConv,pvInd_a
fi,1,h0326,0.4029006384622891,scr2008,avaConv,pvInd_a
fi,1,h0327,0.3203793606166491,scr2008,avaConv,pvInd_a
fi,1,h0328,0.26040887501161397,scr2008,avaConv,pvInd_a
fi,1,h0329,0.18677506526949186,scr2008,avaConv,pvInd_a
fi,1,h0330,0.11650644122395229,scr2008,avaConv,pvInd_a
fi,1,h0331,0.05846767066589295,scr2008,avaConv,pvInd_a
fi,1,h0332,0.020521657590960276,scr2008,avaConv,pvInd_a
fi,1,h0333,0.004481136212396669,scr2008,avaConv,pvInd_a
fi,1,h0334,0.0005148947587883778,scr2008,avaConv,pvInd_a
fi,1,h0335,0.0,scr2008,avaConv,pvInd_a
fi,1,h0336,0.0,scr2008,avaConv,pvInd_a
fr,1,h0289,0.0,scr2008,avaConv,pvInd_a
fr,1,h0290,0.0,scr2008,avaConv,pvInd_a
fr,1,h0291,0.0,scr2008,avaConv,pvInd_a
fr,1,h0292,0.0,scr2008,avaConv,pvInd_a
fr,1,h0293,0.0,scr2008,avaConv,pvInd_a
fr,1,h0294,0.008442608138011273,scr2008,avaConv,pvInd_a
fr,1,h0295,0.044773053660205966,scr2008,avaConv,pvInd_a
fr,1,h0296,0.11923573369820357,scr2008,avaConv,pvInd_a
fr,1,h0297,0.221216195635203,scr2008,avaConv,pvInd_a
fr,1,h0298,0.3222066300262629,scr2008,avaConv,pvInd_a
fr,1,h0299,0.40295995621395575,scr2008,avaConv,pvInd_a
fr,1,h0300,0.4556385353630718,scr2008,avaConv,pvInd_a
fr,1,h0301,0.528927434861521,scr2008,avaConv,pvInd_a
fr,1,h0302,0.5718150109480181,scr2008,avaConv,pvInd_a
fr,1,h0303,0.5858679811737876,scr2008,avaConv,pvInd_a
fr,1,h0304,0.522109130524326,scr2008,avaConv,pvInd_a
fr,1,h0305,0.43077993378654456,scr2008,avaConv,pvInd_a
fr,1,h0306,0.31868151923590765,scr2008,avaConv,pvInd_a
fr,1,h0307,0.20146690140378098,scr2008,avaConv,pvInd_a
fr,1,h0308,0.09934499881123798,scr2008,avaConv,pvInd_a
fr,1,h0309,0.03361473762976356,scr2008,avaConv,pvInd_a
fr,1,h0310,0.004171045714002507,scr2008,avaConv,pvInd_a
fr,1,h0311,0.0,scr2008,avaConv,pvInd_a
fr,1,h0312,0.0,scr2008,avaConv,pvInd_a
fr,1,h0313,0.0,scr2008,avaConv,pvInd_a
fr,1,h0314,0.0,scr2008,avaConv,pvInd_a
fr,1,h0315,0.0,scr2008,avaConv,pvInd_a
fr,1,h0316,0.0,scr2008,avaConv,pvInd_a
fr,1,h0317,0.0,scr2008,avaConv,pvInd_a
fr,1,h0318,0.009004296491484091,scr2008,avaConv,pvInd_a
fr,1,h0319,0.054870240590372314,scr2008,avaConv,pvInd_a
fr,1,h0320,0.1606680355873479,scr2008,avaConv,pvInd_a
fr,1,h0321,0.31258488882047436,scr2008,avaConv,pvInd_a
fr,1,h0322,0.4696932708921499,scr2008,avaConv,pvInd_a
fr,1,h0323,0.5915756567545453,scr2008,avaConv,pvInd_a
fr,1,h0324,0.6684786256814049,scr2008,avaConv,pvInd_a
fr,1,h0325,0.6910144609337849,scr2008,avaConv,pvInd_a
fr,1,h0326,0.6797326389011108,scr2008,avaConv,pvInd_a
fr,1,h0327,0.6345225880136285,scr2008,avaConv,pvInd_a
fr,1,h0328,0.5689130130651071,scr2008,avaConv,pvInd_a
fr,1,h0329,0.4710166476556251,scr2008,avaConv,pvInd_a
fr,1,h0330,0.34867550260893926,scr2008,avaConv,pvInd_a
fr,1,h0331,0.21859876008317863,scr2008,avaConv,pvInd_a
fr,1,h0332,0.10434501476770275,scr2008,avaConv,pvInd_a
fr,1,h0333,0.033075742024661466,scr2008,avaConv,pvInd_a
fr,1,h0334,0.0030509464731217173,scr2008,avaConv,pvInd_a
fr,1,h0335,0.0,scr2008,avaConv,pvInd_a
fr,1,h0336,0.0,scr2008,avaConv,pvInd_a
fr_co,1,h0289,0.0,scr2008,avaConv,pvInd_a
fr_co,1,h0290,0.0,scr2008,avaConv,pvInd_a
fr_co,1,h0291,0.0,scr2008,avaConv,pvInd_a
fr_co,1,h0292,0.0,scr2008,avaConv,pvInd_a
fr_co,1,h0293,0.0,scr2008,avaConv,pvInd_a
fr_co,1,h0294,0.01254743692195119,scr2008,avaConv,pvInd_a
fr_co,1,h0295,0.05288229953850514,scr2008,avaConv,pvInd_a
fr_co,1,h0296,0.1268840434701139,scr2008,avaConv,pvInd_a
fr_co,1,h0297,0.2165307251267346,scr2008,avaConv,pvInd_a
fr_co,1,h0298,0.30139659147643033,scr2008,avaConv,pvInd_a
fr_co,1,h0299,0.36734683259444595,scr2008,avaConv,pvInd_a
fr_co,1,h0300,0.409156595944281,scr2008,avaConv,pvInd_a
fr_co,1,h0301,0.4312937910995572,scr2008,avaConv,pvInd_a
fr_co,1,h0302,0.4204751066204251,scr2008,avaConv,pvInd_a
fr_co,1,h0303,0.3895237897376492,scr2008,avaConv,pvInd_a
fr_co,1,h0304,0.32865204213823396,scr2008,avaConv,pvInd_a
fr_co,1,h0305,0.25188178429102753,scr2008,avaConv,pvInd_a
fr_co,1,h0306,0.16254639612015315,scr2008,avaConv,pvInd_a
fr_co,1,h0307,0.08117847401753166,scr2008,avaConv,pvInd_a
fr_co,1,h0308,0.02880763050483277,scr2008,avaConv,pvInd_a
fr_co,1,h0309,0.005087223393590486,scr2008,avaConv,pvInd_a
fr_co,1,h0310,0.0,scr2008,avaConv,pvInd_a
fr_co,1,h0311,0.0,scr2008,avaConv,pvInd_a
fr_co,1,h0312,0.0,scr2008,avaConv,pvInd_a
fr_co,1,h0313,0.0,scr2008,avaConv,pvInd_a
fr_co,1,h0314,0.0,scr2008,avaConv,pvInd_a
fr_co,1,h0315,0.0,scr2008,avaConv,pvInd_a
fr_co,1,h0316,0.0,scr2008,avaConv,pvInd_a
fr_co,1,h0317,0.0,scr2008,avaConv,pvInd_a
fr_co,1,h0318,0.010615942828839695,scr2008,avaConv,pvInd_a
fr_co,1,h0319,0.057325942337373544,scr2008,avaConv,pvInd_a
fr_co,1,h0320,0.15241981735978324,scr2008,avaConv,pvInd_a
fr_co,1,h0321,0.2790220226843907,scr2008,avaConv,pvInd_a
fr_co,1,h0322,0.4014796556572013,scr2008,avaConv,pvInd_a
fr_co,1,h0323,0.4946750155641275,scr2008,avaConv,pvInd_a
fr_co,1,h0324,0.5535200231520682,scr2008,avaConv,pvInd_a
fr_co,1,h0325,0.5801315510086474,scr2008,avaConv,pvInd_a
fr_co,1,h0326,0.577790292452232,scr2008,avaConv,pvInd_a
fr_co,1,h0327,0.5452219360126749,scr2008,avaConv,pvInd_a
fr_co,1,h0328,0.4790469390403051,scr2008,avaConv,pvInd_a
fr_co,1,h0329,0.37861394296317225,scr2008,avaConv,pvInd_a
fr_co,1,h0330,0.25276497390994734,scr2008,avaConv,pvInd_a
fr_co,1,h0331,0.1288784248727609,scr2008,avaConv,pvInd_a
fr_co,1,h0332,0.043353444701143176,scr2008,avaConv,pvInd_a
fr_co,1,h0333,0.005685089752739013,scr2008,avaConv,pvInd_a
fr_co,1,h0334,0.0,scr2008,avaConv,pvInd_a
fr_co,1,h0335,0.0,scr2008,avaConv,pvInd_a
fr_co,1,h0336,0.0,scr2008,avaConv,pvInd_a
gr,1,h0289,0.0,scr2008,avaConv,pvInd_a
gr,1,h0290,0.0,scr2008,avaConv,pvInd_a
gr,1,h0291,0.0,scr2008,avaConv,pvInd_a
gr,1,h0292,0.0,scr2008,avaConv,pvInd_a
gr,1,h0293,0.004043470692228499,scr2008,avaConv,pvInd_a
gr,1,h0294,0.039740032312252184,scr2008,avaConv,pvInd_a
gr,1,h0295,0.130273380897037,scr2008,avaConv,pvInd_a
gr,1,h0296,0.27655452643721257,scr2008,avaConv,pvInd_a
gr,1,h0297,0.4265187556106943,scr2008,avaConv,pvInd_a
gr,1,h0298,0.5414797766952039,scr2008,avaConv,pvInd_a
gr,1,h0299,0.5983558487489661,scr2008,avaConv,pvInd_a
gr,1,h0300,0.611769220131335,scr2008,avaConv,pvInd_a
gr,1,h0301,0.6317163994369549,scr2008,avaConv,pvInd_a
gr,1,h0302,0.62333552844408,scr2008,avaConv,pvInd_a
gr,1,h0303,0.5641191870113902,scr2008,avaConv,pvInd_a
gr,1,h0304,0.421419314850938,scr2008,avaConv,pvInd_a
gr,1,h0305,0.2583164698968433,scr2008,avaConv,pvInd_a
gr,1,h0306,0.11733534282633591,scr2008,avaConv,pvInd_a
gr,1,h0307,0.03450892945942405,scr2008,avaConv,pvInd_a
gr,1,h0308,0.0033537977020756554,scr2008,avaConv,pvInd_a
gr,1,h0309,0.0,scr2008,avaConv,pvInd_a
gr,1,h0310,0.0,scr2008,avaConv,pvInd_a
gr,1,h0311,0.0,scr2008,avaConv,pvInd_a
gr,1,h0312,0.0,scr2008,avaConv,pvInd_a
gr,1,h0313,0.0,scr2008,avaConv,pvInd_a
gr,1,h0314,0.0,scr2008,avaConv,pvInd_a
gr,1,h0315,0.0,scr2008,avaConv,pvInd_a
gr,1,h0316,0.0,scr2008,avaConv,pvInd_a
gr,1,h0317,0.002986269398062178,scr2008,avaConv,pvInd_a
gr,1,h0318,0.0380337894137187,scr2008,avaConv,pvInd_a
gr,1,h0319,0.13280043519031434,scr2008,avaConv,pvInd_a
gr,1,h0320,0.28953653659667616,scr2008,avaConv,pvInd_a
gr,1,h0321,0.45147484482386785,scr2008,avaConv,pvInd_a
gr,1,h0322,0.5807529204138707,scr2008,avaConv,pvInd_a
gr,1,h0323,0.653265340109443,scr2008,avaConv,pvInd_a
gr,1,h0324,0.6712289192225136,scr2008,avaConv,pvInd_a
gr,1,h0325,0.674156534743824,scr2008,avaConv,pvInd_a
gr,1,h0326,0.6371537116391711,scr2008,avaConv,pvInd_a
gr,1,h0327,0.5669616512830188,scr2008,avaConv,pvInd_a
gr,1,h0328,0.43284128036828495,scr2008,avaConv,pvInd_a
gr,1,h0329,0.27629273632674173,scr2008,avaConv,pvInd_a
gr,1,h0330,0.1289202255015147,scr2008,avaConv,pvInd_a
gr,1,h0331,0.03663848964644653,scr2008,avaConv,pvInd_a
gr,1,h0332,0.00300409806320609,scr2008,avaConv,pvInd_a
gr,1,h0333,0.0,scr2008,avaConv,pvInd_a
gr,1,h0334,0.0,scr2008,avaConv,pvInd_a
gr,1,h0335,0.0,scr2008,avaConv,pvInd_a
gr,1,h0336,0.0,scr2008,avaConv,pvInd_a
hr,1,h0289,0.0,scr2008,avaConv,pvInd_a
hr,1,h0290,0.0,scr2008,avaConv,pvInd_a
hr,1,h0291,0.0,scr2008,avaConv,pvInd_a
hr,1,h0292,0.0,scr2008,avaConv,pvInd_a
hr,1,h0293,0.00419861291215818,scr2008,avaConv,pvInd_a
hr,1,h0294,0.024403988768606034,scr2008,avaConv,pvInd_a
hr,1,h0295,0.08550751910654382,scr2008,avaConv,pvInd_a
hr,1,h0296,0.18715655640170484,scr2008,avaConv,pvInd_a
hr,1,h0297,0.3024231821757507,scr2008,avaConv,pvInd_a
hr,1,h0298,0.38354646732251135,scr2008,avaConv,pvInd_a
hr,1,h0299,0.42513835546363965,scr2008,avaConv,pvInd_a
hr,1,h0300,0.43009280673684824,scr2008,avaConv,pvInd_a
hr,1,h0301,0.4789214384337101,scr2008,avaConv,pvInd_a
hr,1,h0302,0.5060494174040863,scr2008,avaConv,pvInd_a
hr,1,h0303,0.5172738611720147,scr2008,avaConv,pvInd_a
hr,1,h0304,0.4280695893587357,scr2008,avaConv,pvInd_a
hr,1,h0305,0.3089768781569456,scr2008,avaConv,pvInd_a
hr,1,h0306,0.17803818871804739,scr2008,avaConv,pvInd_a
hr,1,h0307,0.0772511303575497,scr2008,avaConv,pvInd_a
hr,1,h0308,0.021769473729491007,scr2008,avaConv,pvInd_a
hr,1,h0309,0.002240642541628079,scr2008,avaConv,pvInd_a
hr,1,h0310,0.0,scr2008,avaConv,pvInd_a
hr,1,h0311,0.0,scr2008,avaConv,pvInd_a
hr,1,h0312,0.0,scr2008,avaConv,pvInd_a
hr,1,h0313,0.0,scr2008,avaConv,pvInd_a
hr,1,h0314,0.0,scr2008,avaConv,pvInd_a
hr,1,h0315,0.0,scr2008,avaConv,pvInd_a
hr,1,h0316,0.0,scr2008,avaConv,pvInd_a
hr,1,h0317,0.0045352993725653774,scr2008,avaConv,pvInd_a
hr,1,h0318,0.02587108786191953,scr2008,avaConv,pvInd_a
hr,1,h0319,0.10546913349813654,scr2008,avaConv,pvInd_a
hr,1,h0320,0.23939194727547222,scr2008,avaConv,pvInd_a
hr,1,h0321,0.4045084892078988,scr2008,avaConv,pvInd_a
hr,1,h0322,0.5403535864015938,scr2008,avaConv,pvInd_a
hr,1,h0323,0.6326275387749565,scr2008,avaConv,pvInd_a
hr,1,h0324,0.6835272853967976,scr2008,avaConv,pvInd_a
hr,1,h0325,0.6904424776722747,scr2008,avaConv,pvInd_a
hr,1,h0326,0.663615754482555,scr2008,avaConv,pvInd_a
hr,1,h0327,0.5946206443225135,scr2008,avaConv,pvInd_a
hr,1,h0328,0.4895504085564574,scr2008,avaConv,pvInd_a
hr,1,h0329,0.35120991017735764,scr2008,avaConv,pvInd_a
hr,1,h0330,0.2035649520553639,scr2008,avaConv,pvInd_a
hr,1,h0331,0.08560103895238057,scr2008,avaConv,pvInd_a
hr,1,h0332,0.020819795600641577,scr2008,avaConv,pvInd_a
hr,1,h0333,0.0013490914457637566,scr2008,avaConv,pvInd_a
hr,1,h0334,0.0,scr2008,avaConv,pvInd_a
hr,1,h0335,0.0,scr2008,avaConv,pvInd_a
hr,1,h0336,0.0,scr2008,avaConv,pvInd_a
hu,1,h0289,0.0,scr2008,avaConv,pvInd_a
hu,1,h0290,0.0,scr2008,avaConv,pvInd_a
hu,1,h0291,0.0,scr2008,avaConv,pvInd_a
hu,1,h0292,0.0,scr2008,avaConv,pvInd_a
hu,1,h0293,0.005946965199358096,scr2008,avaConv,pvInd_a
hu,1,h0294,0.03204730258216975,scr2008,avaConv,pvInd_a
hu,1,h0295,0.09265175300742232,scr2008,avaConv,pvInd_a
hu,1,h0296,0.1785575511440125,scr2008,avaConv,pvInd_a
hu,1,h0297,0.2639219070256938,scr2008,avaConv,pvInd_a
hu,1,h0298,0.33740512689729013,scr2008,avaConv,pvInd_a
hu,1,h0299,0.38722397681836324,scr2008,avaConv,pvInd_a
hu,1,h0300,0.41475968309859157,scr2008,avaConv,pvInd_a
hu,1,h0301,0.49061062868651967,scr2008,avaConv,pvInd_a
hu,1,h0302,0.5333489348452755,scr2008,avaConv,pvInd_a
hu,1,h0303,0.5373938187315813,scr2008,avaConv,pvInd_a
hu,1,h0304,0.41303762041145275,scr2008,avaConv,pvInd_a
hu,1,h0305,0.26712647208496265,scr2008,avaConv,pvInd_a
hu,1,h0306,0.13732227846266484,scr2008,avaConv,pvInd_a
hu,1,h0307,0.05040010315102897,scr2008,avaConv,pvInd_a
hu,1,h0308,0.012265042596692415,scr2008,avaConv,pvInd_a
hu,1,h0309,0.0006314428909355017,scr2008,avaConv,pvInd_a
hu,1,h0310,0.0,scr2008,avaConv,pvInd_a
hu,1,h0311,0.0,scr2008,avaConv,pvInd_a
hu,1,h0312,0.0,scr2008,avaConv,pvInd_a
hu,1,h0313,0.0,scr2008,avaConv,pvInd_a
hu,1,h0314,0.0,scr2008,avaConv,pvInd_a
hu,1,h0315,0.0,scr2008,avaConv,pvInd_a
hu,1,h0316,0.0,scr2008,avaConv,pvInd_a
hu,1,h0317,0.003937122591025656,scr2008,avaConv,pvInd_a
hu,1,h0318,0.01922386597979958,scr2008,avaConv,pvInd_a
hu,1,h0319,0.10358965793876858,scr2008,avaConv,pvInd_a
hu,1,h0320,0.24474045746390904,scr2008,avaConv,pvInd_a
hu,1,h0321,0.4242058463946177,scr2008,avaConv,pvInd_a
hu,1,h0322,0.5470523927409036,scr2008,avaConv,pvInd_a
hu,1,h0323,0.6234097377503086,scr2008,avaConv,pvInd_a
hu,1,h0324,0.646953182862053,scr2008,avaConv,pvInd_a
hu,1,h0325,0.6641010131734129,scr2008,avaConv,pvInd_a
hu,1,h0326,0.6372522334003389,scr2008,avaConv,pvInd_a
hu,1,h0327,0.5831525756918038,scr2008,avaConv,pvInd_a
hu,1,h0328,0.46262694008073724,scr2008,avaConv,pvInd_a
hu,1,h0329,0.3174409938036191,scr2008,avaConv,pvInd_a
hu,1,h0330,0.17154574000520026,scr2008,avaConv,pvInd_a
hu,1,h0331,0.06342237671931185,scr2008,avaConv,pvInd_a
hu,1,h0332,0.013923606397916476,scr2008,avaConv,pvInd_a
hu,1,h0333,0.000869434892602674,scr2008,avaConv,pvInd_a
hu,1,h0334,0.0,scr2008,avaConv,pvInd_a
hu,1,h0335,0.0,scr2008,avaConv,pvInd_a
hu,1,h0336,0.0,scr2008,avaConv,pvInd_a
ie,1,h0289,0.0,scr2008,avaConv,pvInd_a
ie,1,h0290,0.0,scr2008,avaConv,pvInd_a
ie,1,h0291,0.0,scr2008,avaConv,pvInd_a
ie,1,h0292,0.0,scr2008,avaConv,pvInd_a
ie,1,h0293,0.0,scr2008,avaConv,pvInd_a
ie,1,h0294,0.0030380526013472006,scr2008,avaConv,pvInd_a
ie,1,h0295,0.013200398826370736,scr2008,avaConv,pvInd_a
ie,1,h0296,0.03389510704681883,scr2008,avaConv,pvInd_a
ie,1,h0297,0.07028044119639397,scr2008,avaConv,pvInd_a
ie,1,h0298,0.12381828582737507,scr2008,avaConv,pvInd_a
ie,1,h0299,0.18893685441574878,scr2008,avaConv,pvInd_a
ie,1,h0300,0.25583336599786266,scr2008,avaConv,pvInd_a
ie,1,h0301,0.2789281985498727,scr2008,avaConv,pvInd_a
ie,1,h0302,0.2724069972631078,scr2008,avaConv,pvInd_a
ie,1,h0303,0.23003311986428926,scr2008,avaConv,pvInd_a
ie,1,h0304,0.1916440864798779,scr2008,avaConv,pvInd_a
ie,1,h0305,0.14906855669996982,scr2008,avaConv,pvInd_a
ie,1,h0306,0.11153616735023088,scr2008,avaConv,pvInd_a
ie,1,h0307,0.11951222983955717,scr2008,avaConv,pvInd_a
ie,1,h0308,0.10665559662784031,scr2008,avaConv,pvInd_a
ie,1,h0309,0.08634178684284008,scr2008,avaConv,pvInd_a
ie,1,h0310,0.02995699733004576,scr2008,avaConv,pvInd_a
ie,1,h0311,0.005885132096491045,scr2008,avaConv,pvInd_a
ie,1,h0312,0.0,scr2008,avaConv,pvInd_a
ie,1,h0313,0.0,scr2008,avaConv,pvInd_a
ie,1,h0314,0.0,scr2008,avaConv,pvInd_a
ie,1,h0315,0.0,scr2008,avaConv,pvInd_a
ie,1,h0316,0.0,scr2008,avaConv,pvInd_a
ie,1,h0317,0.0,scr2008,avaConv,pvInd_a
ie,1,h0318,0.0031234472312724353,scr2008,avaConv,pvInd_a
ie,1,h0319,0.0046207319659286785,scr2008,avaConv,pvInd_a
ie,1,h0320,0.007975128804006597,scr2008,avaConv,pvInd_a
ie,1,h0321,0.01327605473118621,scr2008,avaConv,pvInd_a
ie,1,h0322,0.02591710949138509,scr2008,avaConv,pvInd_a
ie,1,h0323,0.04402376307514418,scr2008,avaConv,pvInd_a
ie,1,h0324,0.06347978787196411,scr2008,avaConv,pvInd_a
ie,1,h0325,0.11356180309506785,scr2008,avaConv,pvInd_a
ie,1,h0326,0.1645038328107871,scr2008,avaConv,pvInd_a
ie,1,h0327,0.22235064254386608,scr2008,avaConv,pvInd_a
ie,1,h0328,0.23946897257089755,scr2008,avaConv,pvInd_a
ie,1,h0329,0.2282251569838394,scr2008,avaConv,pvInd_a
ie,1,h0330,0.1914404786658198,scr2008,avaConv,pvInd_a
ie,1,h0331,0.1496377169715826,scr2008,avaConv,pvInd_a
ie,1,h0332,0.10747091369206062,scr2008,avaConv,pvInd_a
ie,1,h0333,0.06469944253738588,scr2008,avaConv,pvInd_a
ie,1,h0334,0.02531484338715551,scr2008,avaConv,pvInd_a
ie,1,h0335,0.006235417228064271,scr2008,avaConv,pvInd_a
ie,1,h0336,0.0,scr2008,avaConv,pvInd_a
it_s,1,h0289,0.0,scr2008,avaConv,pvInd_a
it_s,1,h0290,0.0,scr2008,avaConv,pvInd_a
it_s,1,h0291,0.0,scr2008,avaConv,pvInd_a
it_s,1,h0292,0.0,scr2008,avaConv,pvInd_a
it_s,1,h0293,0.0007649696481054696,scr2008,avaConv,pvInd_a
it_s,1,h0294,0.02313971964379732,scr2008,avaConv,pvInd_a
it_s,1,h0295,0.0967147882436921,scr2008,avaConv,pvInd_a
it_s,1,h0296,0.2282876775957179,scr2008,avaConv,pvInd_a
it_s,1,h0297,0.379239672454343,scr2008,avaConv,pvInd_a
it_s,1,h0298,0.4977877348764718,scr2008,avaConv,pvInd_a
it_s,1,h0299,0.5620108294991817,scr2008,avaConv,pvInd_a
it_s,1,h0300,0.5796525828103606,scr2008,avaConv,pvInd_a
it_s,1,h0301,0.6004172788545122,scr2008,avaConv,pvInd_a
it_s,1,h0302,0.6052085822665858,scr2008,avaConv,pvInd_a
it_s,1,h0303,0.575781038397106,scr2008,avaConv,pvInd_a
it_s,1,h0304,0.4757185961470999,scr2008,avaConv,pvInd_a
it_s,1,h0305,0.33483610446483797,scr2008,avaConv,pvInd_a
it_s,1,h0306,0.18503038205885344,scr2008,avaConv,pvInd_a
it_s,1,h0307,0.06946989036085052,scr2008,avaConv,pvInd_a
it_s,1,h0308,0.013151412422202871,scr2008,avaConv,pvInd_a
it_s,1,h0309,0.0,scr2008,avaConv,pvInd_a
it_s,1,h0310,0.0,scr2008,avaConv,pvInd_a
it_s,1,h0311,0.0,scr2008,avaConv,pvInd_a
it_s,1,h0312,0.0,scr2008,avaConv,pvInd_a
it_s,1,h0313,0.0,scr2008,avaConv,pvInd_a
it_s,1,h0314,0.0,scr2008,avaConv,pvInd_a
it_s,1,h0315,0.0,scr2008,avaConv,pvInd_a
it_s,1,h0316,0.0,scr2008,avaConv,pvInd_a
it_s,1,h0317,0.0005795194184154916,scr2008,avaConv,pvInd_a
it_s,1,h0318,0.021434054793932625,scr2008,avaConv,pvInd_a
it_s,1,h0319,0.0960487122040326,scr2008,avaConv,pvInd_a
it_s,1,h0320,0.23766739349045063,scr2008,avaConv,pvInd_a
it_s,1,h0321,0.41246464925134246,scr2008,avaConv,pvInd_a
it_s,1,h0322,0.5719041763377791,scr2008,avaConv,pvInd_a
it_s,1,h0323,0.6866664787806678,scr2008,avaConv,pvInd_a
it_s,1,h0324,0.7482026354152279,scr2008,avaConv,pvInd_a
it_s,1,h0325,0.7607734213949456,scr2008,avaConv,pvInd_a
it_s,1,h0326,0.7307894298715717,scr2008,avaConv,pvInd_a
it_s,1,h0327,0.6565609064938623,scr2008,avaConv,pvInd_a
it_s,1,h0328,0.5366027894024418,scr2008,avaConv,pvInd_a
it_s,1,h0329,0.3761710815291553,scr2008,avaConv,pvInd_a
it_s,1,h0330,0.2045836503919456,scr2008,avaConv,pvInd_a
it_s,1,h0331,0.07531283049279454,scr2008,avaConv,pvInd_a
it_s,1,h0332,0.01302889199896243,scr2008,avaConv,pvInd_a
it_s,1,h0333,0.000152120221905552,scr2008,avaConv,pvInd_a
it_s,1,h0334,0.0,scr2008,avaConv,pvInd_a
it_s,1,h0335,0.0,scr2008,avaConv,pvInd_a
it_s,1,h0336,0.0,scr2008,avaConv,pvInd_a
it_cn,1,h0289,0.0,scr2008,avaConv,pvInd_a
it_cn,1,h0290,0.0,scr2008,avaConv,pvInd_a
it_cn,1,h0291,0.0,scr2008,avaConv,pvInd_a
it_cn,1,h0292,0.0,scr2008,avaConv,pvInd_a
it_cn,1,h0293,0.00023778430742520042,scr2008,avaConv,pvInd_a
it_cn,1,h0294,0.01752881647558418,scr2008,avaConv,pvInd_a
it_cn,1,h0295,0.07296839608682307,scr2008,avaConv,pvInd_a
it_cn,1,h0296,0.17259657269736148,scr2008,avaConv,pvInd_a
it_cn,1,h0297,0.28130194553039567,scr2008,avaConv,pvInd_a
it_cn,1,h0298,0.3662863940791166,scr2008,avaConv,pvInd_a
it_cn,1,h0299,0.41695975646990086,scr2008,avaConv,pvInd_a
it_cn,1,h0300,0.4462503309571191,scr2008,avaConv,pvInd_a
it_cn,1,h0301,0.5129768466299148,scr2008,avaConv,pvInd_a
it_cn,1,h0302,0.5641065697933976,scr2008,avaConv,pvInd_a
it_cn,1,h0303,0.5848881659631855,scr2008,avaConv,pvInd_a
it_cn,1,h0304,0.5133500003801758,scr2008,avaConv,pvInd_a
it_cn,1,h0305,0.39573647823038477,scr2008,avaConv,pvInd_a
it_cn,1,h0306,0.25277787394281304,scr2008,avaConv,pvInd_a
it_cn,1,h0307,0.1210710759365143,scr2008,avaConv,pvInd_a
it_cn,1,h0308,0.038231524777529,scr2008,avaConv,pvInd_a
it_cn,1,h0309,0.005517047854755846,scr2008,avaConv,pvInd_a
it_cn,1,h0310,0.0,scr2008,avaConv,pvInd_a
it_cn,1,h0311,0.0,scr2008,avaConv,pvInd_a
it_cn,1,h0312,0.0,scr2008,avaConv,pvInd_a
it_cn,1,h0313,0.0,scr2008,avaConv,pvInd_a
it_cn,1,h0314,0.0,scr2008,avaConv,pvInd_a
it_cn,1,h0315,0.0,scr2008,avaConv,pvInd_a
it_cn,1,h0316,0.0,scr2008,avaConv,pvInd_a
it_cn,1,h0317,0.0002616082625955556,scr2008,avaConv,pvInd_a
it_cn,1,h0318,0.01721578476687398,scr2008,avaConv,pvInd_a
it_cn,1,h0319,0.08229127026741968,scr2008,avaConv,pvInd_a
it_cn,1,h0320,0.21425258886123738,scr2008,avaConv,pvInd_a
it_cn,1,h0321,0.3858738874946779,scr2008,avaConv,pvInd_a
it_cn,1,h0322,0.5499810550548712,scr2008,avaConv,pvInd_a
it_cn,1,h0323,0.6719575177359778,scr2008,avaConv,pvInd_a
it_cn,1,h0324,0.744459733237082,scr2008,avaConv,pvInd_a
it_cn,1,h0325,0.7777632089271058,scr2008,avaConv,pvInd_a
it_cn,1,h0326,0.770746268785279,scr2008,avaConv,pvInd_a
it_cn,1,h0327,0.7217548638068462,scr2008,avaConv,pvInd_a
it_cn,1,h0328,0.6199365480615241,scr2008,avaConv,pvInd_a
it_cn,1,h0329,0.4724131222808691,scr2008,avaConv,pvInd_a
it_cn,1,h0330,0.29649130748009733,scr2008,avaConv,pvInd_a
it_cn,1,h0331,0.13734553615173112,scr2008,avaConv,pvInd_a
it_cn,1,h0332,0.039155256632504146,scr2008,avaConv,pvInd_a
it_cn,1,h0333,0.0036295350095426103,scr2008,avaConv,pvInd_a
it_cn,1,h0334,0.0,scr2008,avaConv,pvInd_a
it_cn,1,h0335,0.0,scr2008,avaConv,pvInd_a
it_cn,1,h0336,0.0,scr2008,avaConv,pvInd_a
it_cs,1,h0289,0.0,scr2008,avaConv,pvInd_a
it_cs,1,h0290,0.0,scr2008,avaConv,pvInd_a
it_cs,1,h0291,0.0,scr2008,avaConv,pvInd_a
it_cs,1,h0292,0.0,scr2008,avaConv,pvInd_a
it_cs,1,h0293,0.0004169409274272388,scr2008,avaConv,pvInd_a
it_cs,1,h0294,0.014988443732003023,scr2008,avaConv,pvInd_a
it_cs,1,h0295,0.06989318748183435,scr2008,avaConv,pvInd_a
it_cs,1,h0296,0.1757291737630251,scr2008,avaConv,pvInd_a
it_cs,1,h0297,0.30167345331836376,scr2008,avaConv,pvInd_a
it_cs,1,h0298,0.40556677596804647,scr2008,avaConv,pvInd_a
it_cs,1,h0299,0.462224677868733,scr2008,avaConv,pvInd_a
it_cs,1,h0300,0.4737523546014849,scr2008,avaConv,pvInd_a
it_cs,1,h0301,0.49187041400254194,scr2008,avaConv,pvInd_a
it_cs,1,h0302,0.49802542105356734,scr2008,avaConv,pvInd_a
it_cs,1,h0303,0.4914489496390849,scr2008,avaConv,pvInd_a
it_cs,1,h0304,0.42677851625300206,scr2008,avaConv,pvInd_a
it_cs,1,h0305,0.32275260067491013,scr2008,avaConv,pvInd_a
it_cs,1,h0306,0.19920698468122963,scr2008,avaConv,pvInd_a
it_cs,1,h0307,0.0869965745903759,scr2008,avaConv,pvInd_a
it_cs,1,h0308,0.023682043974540365,scr2008,avaConv,pvInd_a
it_cs,1,h0309,0.0022032353245570887,scr2008,avaConv,pvInd_a
it_cs,1,h0310,0.0,scr2008,avaConv,pvInd_a
it_cs,1,h0311,0.0,scr2008,avaConv,pvInd_a
it_cs,1,h0312,0.0,scr2008,avaConv,pvInd_a
it_cs,1,h0313,0.0,scr2008,avaConv,pvInd_a
it_cs,1,h0314,0.0,scr2008,avaConv,pvInd_a
it_cs,1,h0315,0.0,scr2008,avaConv,pvInd_a
it_cs,1,h0316,0.0,scr2008,avaConv,pvInd_a
it_cs,1,h0317,0.00014163236331519546,scr2008,avaConv,pvInd_a
it_cs,1,h0318,0.01579992087748892,scr2008,avaConv,pvInd_a
it_cs,1,h0319,0.08181898261568255,scr2008,avaConv,pvInd_a
it_cs,1,h0320,0.21719705746271778,scr2008,avaConv,pvInd_a
it_cs,1,h0321,0.39360104074229657,scr2008,avaConv,pvInd_a
it_cs,1,h0322,0.559367789089727,scr2008,avaConv,pvInd_a
it_cs,1,h0323,0.6824252265874527,scr2008,avaConv,pvInd_a
it_cs,1,h0324,0.7558794536985649,scr2008,avaConv,pvInd_a
it_cs,1,h0325,0.7710931652478444,scr2008,avaConv,pvInd_a
it_cs,1,h0326,0.738881208103745,scr2008,avaConv,pvInd_a
it_cs,1,h0327,0.6613225289538254,scr2008,avaConv,pvInd_a
it_cs,1,h0328,0.5497861171163918,scr2008,avaConv,pvInd_a
it_cs,1,h0329,0.40284342044328986,scr2008,avaConv,pvInd_a
it_cs,1,h0330,0.24069651583576424,scr2008,avaConv,pvInd_a
it_cs,1,h0331,0.10313162310486824,scr2008,avaConv,pvInd_a
it_cs,1,h0332,0.026151700233118632,scr2008,avaConv,pvInd_a
it_cs,1,h0333,0.0014754372918546295,scr2008,avaConv,pvInd_a
it_cs,1,h0334,0.0,scr2008,avaConv,pvInd_a
it_cs,1,h0335,0.0,scr2008,avaConv,pvInd_a
it_cs,1,h0336,0.0,scr2008,avaConv,pvInd_a
it_n,1,h0289,0.0,scr2008,avaConv,pvInd_a
it_n,1,h0290,0.0,scr2008,avaConv,pvInd_a
it_n,1,h0291,0.0,scr2008,avaConv,pvInd_a
it_n,1,h0292,0.0,scr2008,avaConv,pvInd_a
it_n,1,h0293,0.0,scr2008,avaConv,pvInd_a
it_n,1,h0294,0.012228924318374777,scr2008,avaConv,pvInd_a
it_n,1,h0295,0.07019206900663492,scr2008,avaConv,pvInd_a
it_n,1,h0296,0.17921984914274944,scr2008,avaConv,pvInd_a
it_n,1,h0297,0.3104363201020591,scr2008,avaConv,pvInd_a
it_n,1,h0298,0.4104904583496004,scr2008,avaConv,pvInd_a
it_n,1,h0299,0.46119397613197416,scr2008,avaConv,pvInd_a
it_n,1,h0300,0.4727696878931849,scr2008,avaConv,pvInd_a
it_n,1,h0301,0.5320907283831116,scr2008,avaConv,pvInd_a
it_n,1,h0302,0.5788334969019434,scr2008,avaConv,pvInd_a
it_n,1,h0303,0.5995691045046956,scr2008,avaConv,pvInd_a
it_n,1,h0304,0.5146780004968984,scr2008,avaConv,pvInd_a
it_n,1,h0305,0.39048013422725103,scr2008,avaConv,pvInd_a
it_n,1,h0306,0.25647050986574876,scr2008,avaConv,pvInd_a
it_n,1,h0307,0.1343563197947558,scr2008,avaConv,pvInd_a
it_n,1,h0308,0.05203933080879207,scr2008,avaConv,pvInd_a
it_n,1,h0309,0.010335540289034363,scr2008,avaConv,pvInd_a
it_n,1,h0310,0.0,scr2008,avaConv,pvInd_a
it_n,1,h0311,0.0,scr2008,avaConv,pvInd_a
it_n,1,h0312,0.0,scr2008,avaConv,pvInd_a
it_n,1,h0313,0.0,scr2008,avaConv,pvInd_a
it_n,1,h0314,0.0,scr2008,avaConv,pvInd_a
it_n,1,h0315,0.0,scr2008,avaConv,pvInd_a
it_n,1,h0316,0.0,scr2008,avaConv,pvInd_a
it_n,1,h0317,0.0002843407506673516,scr2008,avaConv,pvInd_a
it_n,1,h0318,0.017620331377385466,scr2008,avaConv,pvInd_a
it_n,1,h0319,0.0752789687436729,scr2008,avaConv,pvInd_a
it_n,1,h0320,0.18348614065354785,scr2008,avaConv,pvInd_a
it_n,1,h0321,0.32227265153890444,scr2008,avaConv,pvInd_a
it_n,1,h0322,0.4428872519407147,scr2008,avaConv,pvInd_a
it_n,1,h0323,0.5201196751187727,scr2008,avaConv,pvInd_a
it_n,1,h0324,0.5628392569891132,scr2008,avaConv,pvInd_a
it_n,1,h0325,0.6009974413483071,scr2008,avaConv,pvInd_a
it_n,1,h0326,0.6149526222619071,scr2008,avaConv,pvInd_a
it_n,1,h0327,0.5931883646525381,scr2008,avaConv,pvInd_a
it_n,1,h0328,0.5223736043422523,scr2008,avaConv,pvInd_a
it_n,1,h0329,0.42099146729815295,scr2008,avaConv,pvInd_a
it_n,1,h0330,0.29079549275534683,scr2008,avaConv,pvInd_a
it_n,1,h0331,0.15535264474852345,scr2008,avaConv,pvInd_a
it_n,1,h0332,0.057056651481723696,scr2008,avaConv,pvInd_a
it_n,1,h0333,0.010175282210670065,scr2008,avaConv,pvInd_a
it_n,1,h0334,0.0,scr2008,avaConv,pvInd_a
it_n,1,h0335,0.0,scr2008,avaConv,pvInd_a
it_n,1,h0336,0.0,scr2008,avaConv,pvInd_a
it_sar,1,h0289,0.0,scr2008,avaConv,pvInd_a
it_sar,1,h0290,0.0,scr2008,avaConv,pvInd_a
it_sar,1,h0291,0.0,scr2008,avaConv,pvInd_a
it_sar,1,h0292,0.0,scr2008,avaConv,pvInd_a
it_sar,1,h0293,0.0,scr2008,avaConv,pvInd_a
it_sar,1,h0294,0.013039596262992205,scr2008,avaConv,pvInd_a
it_sar,1,h0295,0.06977683383042199,scr2008,avaConv,pvInd_a
it_sar,1,h0296,0.18033661029960737,scr2008,avaConv,pvInd_a
it_sar,1,h0297,0.32554519504403634,scr2008,avaConv,pvInd_a
it_sar,1,h0298,0.46081982371090346,scr2008,avaConv,pvInd_a
it_sar,1,h0299,0.5618583023199144,scr2008,avaConv,pvInd_a
it_sar,1,h0300,0.623263163641566,scr2008,avaConv,pvInd_a
it_sar,1,h0301,0.5554027430243546,scr2008,avaConv,pvInd_a
it_sar,1,h0302,0.4529230626488271,scr2008,avaConv,pvInd_a
it_sar,1,h0303,0.3145932214287016,scr2008,avaConv,pvInd_a
it_sar,1,h0304,0.24517429580810213,scr2008,avaConv,pvInd_a
it_sar,1,h0305,0.16676166179322793,scr2008,avaConv,pvInd_a
it_sar,1,h0306,0.10109392223256013,scr2008,avaConv,pvInd_a
it_sar,1,h0307,0.05069636923864082,scr2008,avaConv,pvInd_a
it_sar,1,h0308,0.01996320599924909,scr2008,avaConv,pvInd_a
it_sar,1,h0309,0.004605476503363469,scr2008,avaConv,pvInd_a
it_sar,1,h0310,0.0,scr2008,avaConv,pvInd_a
it_sar,1,h0311,0.0,scr2008,avaConv,pvInd_a
it_sar,1,h0312,0.0,scr2008,avaConv,pvInd_a
it_sar,1,h0313,0.0,scr2008,avaConv,pvInd_a
it_sar,1,h0314,0.0,scr2008,avaConv,pvInd_a
it_sar,1,h0315,0.0,scr2008,avaConv,pvInd_a
it_sar,1,h0316,0.0,scr2008,avaConv,pvInd_a
it_sar,1,h0317,0.0,scr2008,avaConv,pvInd_a
it_sar,1,h0318,0.011282353951010267,scr2008,avaConv,pvInd_a
it_sar,1,h0319,0.06786870927742597,scr2008,avaConv,pvInd_a
it_sar,1,h0320,0.18734577138560862,scr2008,avaConv,pvInd_a
it_sar,1,h0321,0.34951849500102455,scr2008,avaConv,pvInd_a
it_sar,1,h0322,0.5077781833600696,scr2008,avaConv,pvInd_a
it_sar,1,h0323,0.6277081538569296,scr2008,avaConv,pvInd_a
it_sar,1,h0324,0.7044582775126754,scr2008,avaConv,pvInd_a
it_sar,1,h0325,0.7447350567733529,scr2008,avaConv,pvInd_a
it_sar,1,h0326,0.7468411772531683,scr2008,avaConv,pvInd_a
it_sar,1,h0327,0.7086969118118842,scr2008,avaConv,pvInd_a
it_sar,1,h0328,0.6210868223191052,scr2008,avaConv,pvInd_a
it_sar,1,h0329,0.4889652783590828,scr2008,avaConv,pvInd_a
it_sar,1,h0330,0.32285945256507775,scr2008,avaConv,pvInd_a
it_sar,1,h0331,0.16105633224192978,scr2008,avaConv,pvInd_a
it_sar,1,h0332,0.05175136232239523,scr2008,avaConv,pvInd_a
it_sar,1,h0333,0.006014443642244965,scr2008,avaConv,pvInd_a
it_sar,1,h0334,0.0,scr2008,avaConv,pvInd_a
it_sar,1,h0335,0.0,scr2008,avaConv,pvInd_a
it_sar,1,h0336,0.0,scr2008,avaConv,pvInd_a
it_sic,1,h0289,0.0,scr2008,avaConv,pvInd_a
it_sic,1,h0290,0.0,scr2008,avaConv,pvInd_a
it_sic,1,h0291,0.0,scr2008,avaConv,pvInd_a
it_sic,1,h0292,0.0,scr2008,avaConv,pvInd_a
it_sic,1,h0293,0.0,scr2008,avaConv,pvInd_a
it_sic,1,h0294,0.014297328797422963,scr2008,avaConv,pvInd_a
it_sic,1,h0295,0.0770736068426747,scr2008,avaConv,pvInd_a
it_sic,1,h0296,0.20652038189992064,scr2008,avaConv,pvInd_a
it_sic,1,h0297,0.37829283819902065,scr2008,avaConv,pvInd_a
it_sic,1,h0298,0.5392994812907926,scr2008,avaConv,pvInd_a
it_sic,1,h0299,0.6539874560587874,scr2008,avaConv,pvInd_a
it_sic,1,h0300,0.6960428076969093,scr2008,avaConv,pvInd_a
it_sic,1,h0301,0.7131616217250281,scr2008,avaConv,pvInd_a
it_sic,1,h0302,0.6942431026878088,scr2008,avaConv,pvInd_a
it_sic,1,h0303,0.6459302264837024,scr2008,avaConv,pvInd_a
it_sic,1,h0304,0.525281244655623,scr2008,avaConv,pvInd_a
it_sic,1,h0305,0.36744606620873205,scr2008,avaConv,pvInd_a
it_sic,1,h0306,0.2054839510931802,scr2008,avaConv,pvInd_a
it_sic,1,h0307,0.08090963930575217,scr2008,avaConv,pvInd_a
it_sic,1,h0308,0.01684001913335846,scr2008,avaConv,pvInd_a
it_sic,1,h0309,0.0,scr2008,avaConv,pvInd_a
it_sic,1,h0310,0.0,scr2008,avaConv,pvInd_a
it_sic,1,h0311,0.0,scr2008,avaConv,pvInd_a
it_sic,1,h0312,0.0,scr2008,avaConv,pvInd_a
it_sic,1,h0313,0.0,scr2008,avaConv,pvInd_a
it_sic,1,h0314,0.0,scr2008,avaConv,pvInd_a
it_sic,1,h0315,0.0,scr2008,avaConv,pvInd_a
it_sic,1,h0316,0.0,scr2008,avaConv,pvInd_a
it_sic,1,h0317,0.0,scr2008,avaConv,pvInd_a
it_sic,1,h0318,0.012435973219384182,scr2008,avaConv,pvInd_a
it_sic,1,h0319,0.07401660375552407,scr2008,avaConv,pvInd_a
it_sic,1,h0320,0.20224058740370812,scr2008,avaConv,pvInd_a
it_sic,1,h0321,0.3730782349466027,scr2008,avaConv,pvInd_a
it_sic,1,h0322,0.5307213866839592,scr2008,avaConv,pvInd_a
it_sic,1,h0323,0.647098221384402,scr2008,avaConv,pvInd_a
it_sic,1,h0324,0.7173849225201407,scr2008,avaConv,pvInd_a
it_sic,1,h0325,0.7418084857677274,scr2008,avaConv,pvInd_a
it_sic,1,h0326,0.7238670038181225,scr2008,avaConv,pvInd_a
it_sic,1,h0327,0.6593442154327722,scr2008,avaConv,pvInd_a
it_sic,1,h0328,0.5477992379788624,scr2008,avaConv,pvInd_a
it_sic,1,h0329,0.39323870857727045,scr2008,avaConv,pvInd_a
it_sic,1,h0330,0.22333416082228943,scr2008,avaConv,pvInd_a
it_sic,1,h0331,0.08753382875216456,scr2008,avaConv,pvInd_a
it_sic,1,h0332,0.018084007650732592,scr2008,avaConv,pvInd_a
it_sic,1,h0333,0.00021883952969418532,scr2008,avaConv,pvInd_a
it_sic,1,h0334,0.0,scr2008,avaConv,pvInd_a
it_sic,1,h0335,0.0,scr2008,avaConv,pvInd_a
it_sic,1,h0336,0.0,scr2008,avaConv,pvInd_a
lt,1,h0289,0.0,scr2008,avaConv,pvInd_a
lt,1,h0290,0.0,scr2008,avaConv,pvInd_a
lt,1,h0291,0.0,scr2008,avaConv,pvInd_a
lt,1,h0292,0.00423716992510289,scr2008,avaConv,pvInd_a
lt,1,h0293,0.02205369721725594,scr2008,avaConv,pvInd_a
lt,1,h0294,0.09339193577917748,scr2008,avaConv,pvInd_a
lt,1,h0295,0.2298538821306047,scr2008,avaConv,pvInd_a
lt,1,h0296,0.4159970682944661,scr2008,avaConv,pvInd_a
lt,1,h0297,0.5910534401301788,scr2008,avaConv,pvInd_a
lt,1,h0298,0.7256967717705349,scr2008,avaConv,pvInd_a
lt,1,h0299,0.8053739925591507,scr2008,avaConv,pvInd_a
lt,1,h0300,0.8384122216812113,scr2008,avaConv,pvInd_a
lt,1,h0301,0.726261357475514,scr2008,avaConv,pvInd_a
lt,1,h0302,0.5869251783315443,scr2008,avaConv,pvInd_a
lt,1,h0303,0.42555551461301633,scr2008,avaConv,pvInd_a
lt,1,h0304,0.35122570148630383,scr2008,avaConv,pvInd_a
lt,1,h0305,0.264615894637488,scr2008,avaConv,pvInd_a
lt,1,h0306,0.1684476447891482,scr2008,avaConv,pvInd_a
lt,1,h0307,0.08472042784583658,scr2008,avaConv,pvInd_a
lt,1,h0308,0.02734281627211779,scr2008,avaConv,pvInd_a
lt,1,h0309,0.005692070296914584,scr2008,avaConv,pvInd_a
lt,1,h0310,0.0,scr2008,avaConv,pvInd_a
lt,1,h0311,0.0,scr2008,avaConv,pvInd_a
lt,1,h0312,0.0,scr2008,avaConv,pvInd_a
lt,1,h0313,0.0,scr2008,avaConv,pvInd_a
lt,1,h0314,0.0,scr2008,avaConv,pvInd_a
lt,1,h0315,0.0,scr2008,avaConv,pvInd_a
lt,1,h0316,0.00620496784642172,scr2008,avaConv,pvInd_a
lt,1,h0317,0.027469872032842912,scr2008,avaConv,pvInd_a
lt,1,h0318,0.09590212587946433,scr2008,avaConv,pvInd_a
lt,1,h0319,0.2212179507839163,scr2008,avaConv,pvInd_a
lt,1,h0320,0.375214570264285,scr2008,avaConv,pvInd_a
lt,1,h0321,0.5102066305138538,scr2008,avaConv,pvInd_a
lt,1,h0322,0.5844041043241448,scr2008,avaConv,pvInd_a
lt,1,h0323,0.5966071050582795,scr2008,avaConv,pvInd_a
lt,1,h0324,0.5749862794956123,scr2008,avaConv,pvInd_a
lt,1,h0325,0.5566200658859626,scr2008,avaConv,pvInd_a
lt,1,h0326,0.5235502247236299,scr2008,avaConv,pvInd_a
lt,1,h0327,0.4535266825622243,scr2008,avaConv,pvInd_a
lt,1,h0328,0.3407175234910021,scr2008,avaConv,pvInd_a
lt,1,h0329,0.22729716260843247,scr2008,avaConv,pvInd_a
lt,1,h0330,0.13479301616482123,scr2008,avaConv,pvInd_a
lt,1,h0331,0.06695316921778856,scr2008,avaConv,pvInd_a
lt,1,h0332,0.026119708251056896,scr2008,avaConv,pvInd_a
lt,1,h0333,0.006779338472090352,scr2008,avaConv,pvInd_a
lt,1,h0334,0.0,scr2008,avaConv,pvInd_a
lt,1,h0335,0.0,scr2008,avaConv,pvInd_a
lt,1,h0336,0.0,scr2008,avaConv,pvInd_a
lu,1,h0289,0.0,scr2008,avaConv,pvInd_a
lu,1,h0290,0.0,scr2008,avaConv,pvInd_a
lu,1,h0291,0.0,scr2008,avaConv,pvInd_a
lu,1,h0292,0.0,scr2008,avaConv,pvInd_a
lu,1,h0293,0.0,scr2008,avaConv,pvInd_a
lu,1,h0294,0.002279878233721082,scr2008,avaConv,pvInd_a
lu,1,h0295,0.03179211430597659,scr2008,avaConv,pvInd_a
lu,1,h0296,0.10004717782003769,scr2008,avaConv,pvInd_a
lu,1,h0297,0.22278608010871323,scr2008,avaConv,pvInd_a
lu,1,h0298,0.387238610472817,scr2008,avaConv,pvInd_a
lu,1,h0299,0.6074225291108345,scr2008,avaConv,pvInd_a
lu,1,h0300,0.8056550009535091,scr2008,avaConv,pvInd_a
lu,1,h0301,0.8014482273743759,scr2008,avaConv,pvInd_a
lu,1,h0302,0.6440373128791207,scr2008,avaConv,pvInd_a
lu,1,h0303,0.4459239560952661,scr2008,avaConv,pvInd_a
lu,1,h0304,0.3424298362811956,scr2008,avaConv,pvInd_a
lu,1,h0305,0.2677821052701578,scr2008,avaConv,pvInd_a
lu,1,h0306,0.18098165702363503,scr2008,avaConv,pvInd_a
lu,1,h0307,0.10264501746290872,scr2008,avaConv,pvInd_a
lu,1,h0308,0.04098086713400683,scr2008,avaConv,pvInd_a
lu,1,h0309,0.013223920917060459,scr2008,avaConv,pvInd_a
lu,1,h0310,0.001029923157706406,scr2008,avaConv,pvInd_a
lu,1,h0311,0.0,scr2008,avaConv,pvInd_a
lu,1,h0312,0.0,scr2008,avaConv,pvInd_a
lu,1,h0313,0.0,scr2008,avaConv,pvInd_a
lu,1,h0314,0.0,scr2008,avaConv,pvInd_a
lu,1,h0315,0.0,scr2008,avaConv,pvInd_a
lu,1,h0316,0.0,scr2008,avaConv,pvInd_a
lu,1,h0317,0.0,scr2008,avaConv,pvInd_a
lu,1,h0318,0.0041604260075550235,scr2008,avaConv,pvInd_a
lu,1,h0319,0.03499790217712674,scr2008,avaConv,pvInd_a
lu,1,h0320,0.11717308992588944,scr2008,avaConv,pvInd_a
lu,1,h0321,0.25314375159648544,scr2008,avaConv,pvInd_a
lu,1,h0322,0.3476955255502719,scr2008,avaConv,pvInd_a
lu,1,h0323,0.36294865360861667,scr2008,avaConv,pvInd_a
lu,1,h0324,0.31419546932191705,scr2008,avaConv,pvInd_a
lu,1,h0325,0.4875711364602289,scr2008,avaConv,pvInd_a
lu,1,h0326,0.6647282201662364,scr2008,avaConv,pvInd_a
lu,1,h0327,0.8153161936176984,scr2008,avaConv,pvInd_a
lu,1,h0328,0.675399747260263,scr2008,avaConv,pvInd_a
lu,1,h0329,0.50828910022444,scr2008,avaConv,pvInd_a
lu,1,h0330,0.32593000498384145,scr2008,avaConv,pvInd_a
lu,1,h0331,0.15566481863872478,scr2008,avaConv,pvInd_a
lu,1,h0332,0.052466475943312454,scr2008,avaConv,pvInd_a
lu,1,h0333,0.010103915431682847,scr2008,avaConv,pvInd_a
lu,1,h0334,0.0012625229534000578,scr2008,avaConv,pvInd_a
lu,1,h0335,0.0,scr2008,avaConv,pvInd_a
lu,1,h0336,0.0,scr2008,avaConv,pvInd_a
lv,1,h0289,0.0,scr2008,avaConv,pvInd_a
lv,1,h0290,0.0,scr2008,avaConv,pvInd_a
lv,1,h0291,0.0,scr2008,avaConv,pvInd_a
lv,1,h0292,0.004680356269904773,scr2008,avaConv,pvInd_a
lv,1,h0293,0.025386389415875538,scr2008,avaConv,pvInd_a
lv,1,h0294,0.10535102539646048,scr2008,avaConv,pvInd_a
lv,1,h0295,0.2494675880698565,scr2008,avaConv,pvInd_a
lv,1,h0296,0.4351184859327136,scr2008,avaConv,pvInd_a
lv,1,h0297,0.5996390798761073,scr2008,avaConv,pvInd_a
lv,1,h0298,0.7209506782177544,scr2008,avaConv,pvInd_a
lv,1,h0299,0.7905509831966436,scr2008,avaConv,pvInd_a
lv,1,h0300,0.8206121216369987,scr2008,avaConv,pvInd_a
lv,1,h0301,0.720125086642239,scr2008,avaConv,pvInd_a
lv,1,h0302,0.6001112770352387,scr2008,avaConv,pvInd_a
lv,1,h0303,0.4509322150991387,scr2008,avaConv,pvInd_a
lv,1,h0304,0.36701308182956716,scr2008,avaConv,pvInd_a
lv,1,h0305,0.2636058073452296,scr2008,avaConv,pvInd_a
lv,1,h0306,0.16146391156986048,scr2008,avaConv,pvInd_a
lv,1,h0307,0.08188730331408456,scr2008,avaConv,pvInd_a
lv,1,h0308,0.02919878191562334,scr2008,avaConv,pvInd_a
lv,1,h0309,0.005774325965565847,scr2008,avaConv,pvInd_a
lv,1,h0310,0.0,scr2008,avaConv,pvInd_a
lv,1,h0311,0.0,scr2008,avaConv,pvInd_a
lv,1,h0312,0.0,scr2008,avaConv,pvInd_a
lv,1,h0313,0.0,scr2008,avaConv,pvInd_a
lv,1,h0314,0.0,scr2008,avaConv,pvInd_a
lv,1,h0315,0.0,scr2008,avaConv,pvInd_a
lv,1,h0316,0.008032311416626591,scr2008,avaConv,pvInd_a
lv,1,h0317,0.03170434928942936,scr2008,avaConv,pvInd_a
lv,1,h0318,0.09878485108441466,scr2008,avaConv,pvInd_a
lv,1,h0319,0.21936407232225244,scr2008,avaConv,pvInd_a
lv,1,h0320,0.3639705212683503,scr2008,avaConv,pvInd_a
lv,1,h0321,0.4909373837426093,scr2008,avaConv,pvInd_a
lv,1,h0322,0.5753462630053184,scr2008,avaConv,pvInd_a
lv,1,h0323,0.6166581335473087,scr2008,avaConv,pvInd_a
lv,1,h0324,0.6054342788317383,scr2008,avaConv,pvInd_a
lv,1,h0325,0.5379086030526776,scr2008,avaConv,pvInd_a
lv,1,h0326,0.44273084003344065,scr2008,avaConv,pvInd_a
lv,1,h0327,0.330979892845655,scr2008,avaConv,pvInd_a
lv,1,h0328,0.22592237791903488,scr2008,avaConv,pvInd_a
lv,1,h0329,0.1355590519765178,scr2008,avaConv,pvInd_a
lv,1,h0330,0.07720690409861494,scr2008,avaConv,pvInd_a
lv,1,h0331,0.045429399516859016,scr2008,avaConv,pvInd_a
lv,1,h0332,0.021265527185890865,scr2008,avaConv,pvInd_a
lv,1,h0333,0.008515493192911509,scr2008,avaConv,pvInd_a
lv,1,h0334,0.0,scr2008,avaConv,pvInd_a
lv,1,h0335,0.0,scr2008,avaConv,pvInd_a
lv,1,h0336,0.0,scr2008,avaConv,pvInd_a
me,1,h0289,0.0,scr2008,avaConv,pvInd_a
me,1,h0290,0.0,scr2008,avaConv,pvInd_a
me,1,h0291,0.0,scr2008,avaConv,pvInd_a
me,1,h0292,0.0,scr2008,avaConv,pvInd_a
me,1,h0293,0.0016739077044214611,scr2008,avaConv,pvInd_a
me,1,h0294,0.013907046458035092,scr2008,avaConv,pvInd_a
me,1,h0295,0.08497978026771275,scr2008,avaConv,pvInd_a
me,1,h0296,0.2102766259948777,scr2008,avaConv,pvInd_a
me,1,h0297,0.36189327464495075,scr2008,avaConv,pvInd_a
me,1,h0298,0.43751238258425595,scr2008,avaConv,pvInd_a
me,1,h0299,0.4757648783572214,scr2008,avaConv,pvInd_a
me,1,h0300,0.5163919878192774,scr2008,avaConv,pvInd_a
me,1,h0301,0.5512636209950961,scr2008,avaConv,pvInd_a
me,1,h0302,0.5575082219052944,scr2008,avaConv,pvInd_a
me,1,h0303,0.5003860477850737,scr2008,avaConv,pvInd_a
me,1,h0304,0.4056525383586683,scr2008,avaConv,pvInd_a
me,1,h0305,0.2738372725975571,scr2008,avaConv,pvInd_a
me,1,h0306,0.14053359578181923,scr2008,avaConv,pvInd_a
me,1,h0307,0.04748747035688171,scr2008,avaConv,pvInd_a
me,1,h0308,0.00876449656339345,scr2008,avaConv,pvInd_a
me,1,h0309,0.0,scr2008,avaConv,pvInd_a
me,1,h0310,0.0,scr2008,avaConv,pvInd_a
me,1,h0311,0.0,scr2008,avaConv,pvInd_a
me,1,h0312,0.0,scr2008,avaConv,pvInd_a
me,1,h0313,0.0,scr2008,avaConv,pvInd_a
me,1,h0314,0.0,scr2008,avaConv,pvInd_a
me,1,h0315,0.0,scr2008,avaConv,pvInd_a
me,1,h0316,0.0,scr2008,avaConv,pvInd_a
me,1,h0317,0.0016648518945623196,scr2008,avaConv,pvInd_a
me,1,h0318,0.025052656376384406,scr2008,avaConv,pvInd_a
me,1,h0319,0.10798670340489566,scr2008,avaConv,pvInd_a
me,1,h0320,0.26217578101620564,scr2008,avaConv,pvInd_a
me,1,h0321,0.44601444799237966,scr2008,avaConv,pvInd_a
me,1,h0322,0.6055196870660903,scr2008,avaConv,pvInd_a
me,1,h0323,0.713491166000725,scr2008,avaConv,pvInd_a
me,1,h0324,0.7665345267811747,scr2008,avaConv,pvInd_a
me,1,h0325,0.7064416377471551,scr2008,avaConv,pvInd_a
me,1,h0326,0.5927908069620145,scr2008,avaConv,pvInd_a
me,1,h0327,0.46149586985162494,scr2008,avaConv,pvInd_a
me,1,h0328,0.36918022607052425,scr2008,avaConv,pvInd_a
me,1,h0329,0.2664132561930605,scr2008,avaConv,pvInd_a
me,1,h0330,0.14650747636567402,scr2008,avaConv,pvInd_a
me,1,h0331,0.05243357454853622,scr2008,avaConv,pvInd_a
me,1,h0332,0.008697933823310685,scr2008,avaConv,pvInd_a
me,1,h0333,0.00018238912495842873,scr2008,avaConv,pvInd_a
me,1,h0334,0.0,scr2008,avaConv,pvInd_a
me,1,h0335,0.0,scr2008,avaConv,pvInd_a
me,1,h0336,0.0,scr2008,avaConv,pvInd_a
mk,1,h0289,0.0,scr2008,avaConv,pvInd_a
mk,1,h0290,0.0,scr2008,avaConv,pvInd_a
mk,1,h0291,0.0,scr2008,avaConv,pvInd_a
mk,1,h0292,0.0,scr2008,avaConv,pvInd_a
mk,1,h0293,0.004065073334205973,scr2008,avaConv,pvInd_a
mk,1,h0294,0.0369340339433726,scr2008,avaConv,pvInd_a
mk,1,h0295,0.11971994293331106,scr2008,avaConv,pvInd_a
mk,1,h0296,0.24424942699070187,scr2008,avaConv,pvInd_a
mk,1,h0297,0.3709935110298804,scr2008,avaConv,pvInd_a
mk,1,h0298,0.4881579518382847,scr2008,avaConv,pvInd_a
mk,1,h0299,0.5627449124285645,scr2008,avaConv,pvInd_a
mk,1,h0300,0.5609276567480722,scr2008,avaConv,pvInd_a
mk,1,h0301,0.5579893932247278,scr2008,avaConv,pvInd_a
mk,1,h0302,0.5146248587818338,scr2008,avaConv,pvInd_a
mk,1,h0303,0.47065511691532075,scr2008,avaConv,pvInd_a
mk,1,h0304,0.34347438411137826,scr2008,avaConv,pvInd_a
mk,1,h0305,0.21802904656468344,scr2008,avaConv,pvInd_a
mk,1,h0306,0.10461382882040896,scr2008,avaConv,pvInd_a
mk,1,h0307,0.03357564781539753,scr2008,avaConv,pvInd_a
mk,1,h0308,0.004918223488783531,scr2008,avaConv,pvInd_a
mk,1,h0309,0.0,scr2008,avaConv,pvInd_a
mk,1,h0310,0.0,scr2008,avaConv,pvInd_a
mk,1,h0311,0.0,scr2008,avaConv,pvInd_a
mk,1,h0312,0.0,scr2008,avaConv,pvInd_a
mk,1,h0313,0.0,scr2008,avaConv,pvInd_a
mk,1,h0314,0.0,scr2008,avaConv,pvInd_a
mk,1,h0315,0.0,scr2008,avaConv,pvInd_a
mk,1,h0316,0.0,scr2008,avaConv,pvInd_a
mk,1,h0317,0.0025529446409478383,scr2008,avaConv,pvInd_a
mk,1,h0318,0.0343571136107576,scr2008,avaConv,pvInd_a
mk,1,h0319,0.13347066777868452,scr2008,avaConv,pvInd_a
mk,1,h0320,0.3081495182739795,scr2008,avaConv,pvInd_a
mk,1,h0321,0.5005579588580632,scr2008,avaConv,pvInd_a
mk,1,h0322,0.6559159147888168,scr2008,avaConv,pvInd_a
mk,1,h0323,0.7444690728862104,scr2008,avaConv,pvInd_a
mk,1,h0324,0.775759939185392,scr2008,avaConv,pvInd_a
mk,1,h0325,0.7512734288969776,scr2008,avaConv,pvInd_a
mk,1,h0326,0.6788334176593982,scr2008,avaConv,pvInd_a
mk,1,h0327,0.5605853543160012,scr2008,avaConv,pvInd_a
mk,1,h0328,0.4159968382533223,scr2008,avaConv,pvInd_a
mk,1,h0329,0.26061123475226994,scr2008,avaConv,pvInd_a
mk,1,h0330,0.12342172160432745,scr2008,avaConv,pvInd_a
mk,1,h0331,0.03654342016549188,scr2008,avaConv,pvInd_a
mk,1,h0332,0.004261107616106723,scr2008,avaConv,pvInd_a
mk,1,h0333,0.0,scr2008,avaConv,pvInd_a
mk,1,h0334,0.0,scr2008,avaConv,pvInd_a
mk,1,h0335,0.0,scr2008,avaConv,pvInd_a
mk,1,h0336,0.0,scr2008,avaConv,pvInd_a
nl,1,h0289,0.0,scr2008,avaConv,pvInd_a
nl,1,h0290,0.0,scr2008,avaConv,pvInd_a
nl,1,h0291,0.0,scr2008,avaConv,pvInd_a
nl,1,h0292,0.0,scr2008,avaConv,pvInd_a
nl,1,h0293,0.002055413296135474,scr2008,avaConv,pvInd_a
nl,1,h0294,0.01763832343444459,scr2008,avaConv,pvInd_a
nl,1,h0295,0.07268668165211525,scr2008,avaConv,pvInd_a
nl,1,h0296,0.19191569133010344,scr2008,avaConv,pvInd_a
nl,1,h0297,0.3628931347882987,scr2008,avaConv,pvInd_a
nl,1,h0298,0.5475320853562963,scr2008,avaConv,pvInd_a
nl,1,h0299,0.6987137553076682,scr2008,avaConv,pvInd_a
nl,1,h0300,0.7970034380536821,scr2008,avaConv,pvInd_a
nl,1,h0301,0.7592703246621584,scr2008,avaConv,pvInd_a
nl,1,h0302,0.6645933697258214,scr2008,avaConv,pvInd_a
nl,1,h0303,0.5414338179549414,scr2008,avaConv,pvInd_a
nl,1,h0304,0.4790898498405547,scr2008,avaConv,pvInd_a
nl,1,h0305,0.39817785220802926,scr2008,avaConv,pvInd_a
nl,1,h0306,0.2920088323877897,scr2008,avaConv,pvInd_a
nl,1,h0307,0.1718999097836398,scr2008,avaConv,pvInd_a
nl,1,h0308,0.07713346451627852,scr2008,avaConv,pvInd_a
nl,1,h0309,0.022991541153519198,scr2008,avaConv,pvInd_a
nl,1,h0310,0.003190888713944531,scr2008,avaConv,pvInd_a
nl,1,h0311,0.0,scr2008,avaConv,pvInd_a
nl,1,h0312,0.0,scr2008,avaConv,pvInd_a
nl,1,h0313,0.0,scr2008,avaConv,pvInd_a
nl,1,h0314,0.0,scr2008,avaConv,pvInd_a
nl,1,h0315,0.0,scr2008,avaConv,pvInd_a
nl,1,h0316,0.0,scr2008,avaConv,pvInd_a
nl,1,h0317,0.001971362399124598,scr2008,avaConv,pvInd_a
nl,1,h0318,0.017385238592828985,scr2008,avaConv,pvInd_a
nl,1,h0319,0.07040937375586395,scr2008,avaConv,pvInd_a
nl,1,h0320,0.17763146608380967,scr2008,avaConv,pvInd_a
nl,1,h0321,0.3121113634513094,scr2008,avaConv,pvInd_a
nl,1,h0322,0.4336023451521159,scr2008,avaConv,pvInd_a
nl,1,h0323,0.5086160413644395,scr2008,avaConv,pvInd_a
nl,1,h0324,0.5038042829640522,scr2008,avaConv,pvInd_a
nl,1,h0325,0.6089251840921287,scr2008,avaConv,pvInd_a
nl,1,h0326,0.7017835424616715,scr2008,avaConv,pvInd_a
nl,1,h0327,0.8055066420206569,scr2008,avaConv,pvInd_a
nl,1,h0328,0.7087373292451034,scr2008,avaConv,pvInd_a
nl,1,h0329,0.5466751626162355,scr2008,avaConv,pvInd_a
nl,1,h0330,0.36160394699952625,scr2008,avaConv,pvInd_a
nl,1,h0331,0.1961858741925707,scr2008,avaConv,pvInd_a
nl,1,h0332,0.08315099066087596,scr2008,avaConv,pvInd_a
nl,1,h0333,0.022802225223437663,scr2008,avaConv,pvInd_a
nl,1,h0334,0.0032259427421546688,scr2008,avaConv,pvInd_a
nl,1,h0335,0.0,scr2008,avaConv,pvInd_a
nl,1,h0336,0.0,scr2008,avaConv,pvInd_a
no_m,1,h0289,0.0,scr2008,avaConv,pvInd_a
no_m,1,h0290,0.0,scr2008,avaConv,pvInd_a
no_m,1,h0291,0.0,scr2008,avaConv,pvInd_a
no_m,1,h0292,0.000715808417404792,scr2008,avaConv,pvInd_a
no_m,1,h0293,0.0027702108572093074,scr2008,avaConv,pvInd_a
no_m,1,h0294,0.01651081509625583,scr2008,avaConv,pvInd_a
no_m,1,h0295,0.07229373194523384,scr2008,avaConv,pvInd_a
no_m,1,h0296,0.18194418823897873,scr2008,avaConv,pvInd_a
no_m,1,h0297,0.32359340110147206,scr2008,avaConv,pvInd_a
no_m,1,h0298,0.44352865296925303,scr2008,avaConv,pvInd_a
no_m,1,h0299,0.5116585422465115,scr2008,avaConv,pvInd_a
no_m,1,h0300,0.5189183652001824,scr2008,avaConv,pvInd_a
no_m,1,h0301,0.46686025375048706,scr2008,avaConv,pvInd_a
no_m,1,h0302,0.41671675555904075,scr2008,avaConv,pvInd_a
no_m,1,h0303,0.3718914349300196,scr2008,avaConv,pvInd_a
no_m,1,h0304,0.33670001221437773,scr2008,avaConv,pvInd_a
no_m,1,h0305,0.2698776116243517,scr2008,avaConv,pvInd_a
no_m,1,h0306,0.19149851613258054,scr2008,avaConv,pvInd_a
no_m,1,h0307,0.10987023601397339,scr2008,avaConv,pvInd_a
no_m,1,h0308,0.051336787972705564,scr2008,avaConv,pvInd_a
no_m,1,h0309,0.016464268034386574,scr2008,avaConv,pvInd_a
no_m,1,h0310,0.004478856313188395,scr2008,avaConv,pvInd_a
no_m,1,h0311,0.0007340402198783829,scr2008,avaConv,pvInd_a
no_m,1,h0312,0.0,scr2008,avaConv,pvInd_a
no_m,1,h0313,0.0,scr2008,avaConv,pvInd_a
no_m,1,h0314,0.0,scr2008,avaConv,pvInd_a
no_m,1,h0315,0.0,scr2008,avaConv,pvInd_a
no_m,1,h0316,0.00051887117829673,scr2008,avaConv,pvInd_a
no_m,1,h0317,0.0040461129000932084,scr2008,avaConv,pvInd_a
no_m,1,h0318,0.012474613275906554,scr2008,avaConv,pvInd_a
no_m,1,h0319,0.06466991491632577,scr2008,avaConv,pvInd_a
no_m,1,h0320,0.1589365193264452,scr2008,avaConv,pvInd_a
no_m,1,h0321,0.2720977312534349,scr2008,avaConv,pvInd_a
no_m,1,h0322,0.34908807651526946,scr2008,avaConv,pvInd_a
no_m,1,h0323,0.37214374554693663,scr2008,avaConv,pvInd_a
no_m,1,h0324,0.36634673212400304,scr2008,avaConv,pvInd_a
no_m,1,h0325,0.33409413698365376,scr2008,avaConv,pvInd_a
no_m,1,h0326,0.3156204761601586,scr2008,avaConv,pvInd_a
no_m,1,h0327,0.30188914529893557,scr2008,avaConv,pvInd_a
no_m,1,h0328,0.2836156048433521,scr2008,avaConv,pvInd_a
no_m,1,h0329,0.24739863550659558,scr2008,avaConv,pvInd_a
no_m,1,h0330,0.1900610748239569,scr2008,avaConv,pvInd_a
no_m,1,h0331,0.12200332671310303,scr2008,avaConv,pvInd_a
no_m,1,h0332,0.061088263626493416,scr2008,avaConv,pvInd_a
no_m,1,h0333,0.023308453465148378,scr2008,avaConv,pvInd_a
no_m,1,h0334,0.007017216823657814,scr2008,avaConv,pvInd_a
no_m,1,h0335,0.0010207266999369882,scr2008,avaConv,pvInd_a
no_m,1,h0336,0.0,scr2008,avaConv,pvInd_a
no_n,1,h0289,0.00039853933747484993,scr2008,avaConv,pvInd_a
no_n,1,h0290,0.0020446594973894112,scr2008,avaConv,pvInd_a
no_n,1,h0291,0.006102626303359586,scr2008,avaConv,pvInd_a
no_n,1,h0292,0.014226523898706812,scr2008,avaConv,pvInd_a
no_n,1,h0293,0.025740855587003942,scr2008,avaConv,pvInd_a
no_n,1,h0294,0.05084720138738241,scr2008,avaConv,pvInd_a
no_n,1,h0295,0.1193985452884677,scr2008,avaConv,pvInd_a
no_n,1,h0296,0.22544710085535175,scr2008,avaConv,pvInd_a
no_n,1,h0297,0.35110742900018344,scr2008,avaConv,pvInd_a
no_n,1,h0298,0.4576028750339857,scr2008,avaConv,pvInd_a
no_n,1,h0299,0.5445960478627978,scr2008,avaConv,pvInd_a
no_n,1,h0300,0.6005421492787844,scr2008,avaConv,pvInd_a
no_n,1,h0301,0.5508610673821347,scr2008,avaConv,pvInd_a
no_n,1,h0302,0.4745086024879191,scr2008,avaConv,pvInd_a
no_n,1,h0303,0.3811264274637369,scr2008,avaConv,pvInd_a
no_n,1,h0304,0.32815655348711686,scr2008,avaConv,pvInd_a
no_n,1,h0305,0.2522907345562271,scr2008,avaConv,pvInd_a
no_n,1,h0306,0.16731361492201188,scr2008,avaConv,pvInd_a
no_n,1,h0307,0.09745271591202816,scr2008,avaConv,pvInd_a
no_n,1,h0308,0.050777035607311845,scr2008,avaConv,pvInd_a
no_n,1,h0309,0.02416508556432961,scr2008,avaConv,pvInd_a
no_n,1,h0310,0.01080318485016128,scr2008,avaConv,pvInd_a
no_n,1,h0311,0.0036400533596043904,scr2008,avaConv,pvInd_a
no_n,1,h0312,0.0009314829645443345,scr2008,avaConv,pvInd_a
no_n,1,h0313,0.0011750577042671803,scr2008,avaConv,pvInd_a
no_n,1,h0314,0.0037806087376731435,scr2008,avaConv,pvInd_a
no_n,1,h0315,0.009842847375581238,scr2008,avaConv,pvInd_a
no_n,1,h0316,0.02049438196833967,scr2008,avaConv,pvInd_a
no_n,1,h0317,0.038191067245673394,scr2008,avaConv,pvInd_a
no_n,1,h0318,0.06497835273064631,scr2008,avaConv,pvInd_a
no_n,1,h0319,0.10116066361374683,scr2008,avaConv,pvInd_a
no_n,1,h0320,0.1464364126026534,scr2008,avaConv,pvInd_a
no_n,1,h0321,0.20267249062056839,scr2008,avaConv,pvInd_a
no_n,1,h0322,0.268379790721091,scr2008,avaConv,pvInd_a
no_n,1,h0323,0.3300283079738621,scr2008,avaConv,pvInd_a
no_n,1,h0324,0.36168438673390296,scr2008,avaConv,pvInd_a
no_n,1,h0325,0.32360400916312404,scr2008,avaConv,pvInd_a
no_n,1,h0326,0.2703662458148573,scr2008,avaConv,pvInd_a
no_n,1,h0327,0.21524113734827838,scr2008,avaConv,pvInd_a
no_n,1,h0328,0.19136204909867427,scr2008,avaConv,pvInd_a
no_n,1,h0329,0.15418428892763023,scr2008,avaConv,pvInd_a
no_n,1,h0330,0.11266697436135985,scr2008,avaConv,pvInd_a
no_n,1,h0331,0.06883378637444082,scr2008,avaConv,pvInd_a
no_n,1,h0332,0.035982127698444555,scr2008,avaConv,pvInd_a
no_n,1,h0333,0.014601290243508789,scr2008,avaConv,pvInd_a
no_n,1,h0334,0.006013687853191092,scr2008,avaConv,pvInd_a
no_n,1,h0335,0.0020122736572378928,scr2008,avaConv,pvInd_a
no_n,1,h0336,0.00031094902719954506,scr2008,avaConv,pvInd_a
no_s,1,h0289,0.0,scr2008,avaConv,pvInd_a
no_s,1,h0290,0.0,scr2008,avaConv,pvInd_a
no_s,1,h0291,0.0,scr2008,avaConv,pvInd_a
no_s,1,h0292,0.0002061920471826906,scr2008,avaConv,pvInd_a
no_s,1,h0293,0.002800866528989572,scr2008,avaConv,pvInd_a
no_s,1,h0294,0.01771902209534825,scr2008,avaConv,pvInd_a
no_s,1,h0295,0.08364718926130482,scr2008,avaConv,pvInd_a
no_s,1,h0296,0.21300065372247115,scr2008,avaConv,pvInd_a
no_s,1,h0297,0.38353047044332955,scr2008,avaConv,pvInd_a
no_s,1,h0298,0.5351080259529938,scr2008,avaConv,pvInd_a
no_s,1,h0299,0.6403879811220874,scr2008,avaConv,pvInd_a
no_s,1,h0300,0.6838232141337951,scr2008,avaConv,pvInd_a
no_s,1,h0301,0.6854554856857356,scr2008,avaConv,pvInd_a
no_s,1,h0302,0.6562175418923639,scr2008,avaConv,pvInd_a
no_s,1,h0303,0.6038330701066218,scr2008,avaConv,pvInd_a
no_s,1,h0304,0.5147160751670026,scr2008,avaConv,pvInd_a
no_s,1,h0305,0.3999759505504686,scr2008,avaConv,pvInd_a
no_s,1,h0306,0.2750154645122789,scr2008,avaConv,pvInd_a
no_s,1,h0307,0.15895828297857895,scr2008,avaConv,pvInd_a
no_s,1,h0308,0.07186907062293073,scr2008,avaConv,pvInd_a
no_s,1,h0309,0.02281101470894336,scr2008,avaConv,pvInd_a
no_s,1,h0310,0.006043783685360273,scr2008,avaConv,pvInd_a
no_s,1,h0311,0.0003342773156852929,scr2008,avaConv,pvInd_a
no_s,1,h0312,0.0,scr2008,avaConv,pvInd_a
no_s,1,h0313,0.0,scr2008,avaConv,pvInd_a
no_s,1,h0314,0.0,scr2008,avaConv,pvInd_a
no_s,1,h0315,0.0,scr2008,avaConv,pvInd_a
no_s,1,h0316,0.0010711910314318007,scr2008,avaConv,pvInd_a
no_s,1,h0317,0.009822781242318366,scr2008,avaConv,pvInd_a
no_s,1,h0318,0.03239173960272829,scr2008,avaConv,pvInd_a
no_s,1,h0319,0.08997565179622413,scr2008,avaConv,pvInd_a
no_s,1,h0320,0.1896865152008163,scr2008,avaConv,pvInd_a
no_s,1,h0321,0.32594903408939924,scr2008,avaConv,pvInd_a
no_s,1,h0322,0.46609073379051974,scr2008,avaConv,pvInd_a
no_s,1,h0323,0.5806496639968116,scr2008,avaConv,pvInd_a
no_s,1,h0324,0.6574164769671843,scr2008,avaConv,pvInd_a
no_s,1,h0325,0.6897079593246435,scr2008,avaConv,pvInd_a
no_s,1,h0326,0.6885691414241066,scr2008,avaConv,pvInd_a
no_s,1,h0327,0.6546873863008756,scr2008,avaConv,pvInd_a
no_s,1,h0328,0.5807966399008443,scr2008,avaConv,pvInd_a
no_s,1,h0329,0.4657607032412328,scr2008,avaConv,pvInd_a
no_s,1,h0330,0.32045931458937743,scr2008,avaConv,pvInd_a
no_s,1,h0331,0.17913351998416913,scr2008,avaConv,pvInd_a
no_s,1,h0332,0.07764542193267812,scr2008,avaConv,pvInd_a
no_s,1,h0333,0.022776561609904915,scr2008,avaConv,pvInd_a
no_s,1,h0334,0.0058547824667834905,scr2008,avaConv,pvInd_a
no_s,1,h0335,0.0003729239057550623,scr2008,avaConv,pvInd_a
no_s,1,h0336,0.0,scr2008,avaConv,pvInd_a
pl,1,h0289,0.0,scr2008,avaConv,pvInd_a
pl,1,h0290,0.0,scr2008,avaConv,pvInd_a
pl,1,h0291,0.0,scr2008,avaConv,pvInd_a
pl,1,h0292,0.00019006234652589555,scr2008,avaConv,pvInd_a
pl,1,h0293,0.008549330278592296,scr2008,avaConv,pvInd_a
pl,1,h0294,0.05367405710420858,scr2008,avaConv,pvInd_a
pl,1,h0295,0.13879077526263311,scr2008,avaConv,pvInd_a
pl,1,h0296,0.2661032759030235,scr2008,avaConv,pvInd_a
pl,1,h0297,0.38966194406375604,scr2008,avaConv,pvInd_a
pl,1,h0298,0.4920724077398227,scr2008,avaConv,pvInd_a
pl,1,h0299,0.5401221985062369,scr2008,avaConv,pvInd_a
pl,1,h0300,0.5452404959609137,scr2008,avaConv,pvInd_a
pl,1,h0301,0.5800294214859478,scr2008,avaConv,pvInd_a
pl,1,h0302,0.5906177061825283,scr2008,avaConv,pvInd_a
pl,1,h0303,0.57244299680568,scr2008,avaConv,pvInd_a
pl,1,h0304,0.4596953651346256,scr2008,avaConv,pvInd_a
pl,1,h0305,0.33128834989569467,scr2008,avaConv,pvInd_a
pl,1,h0306,0.20060889681307933,scr2008,avaConv,pvInd_a
pl,1,h0307,0.09814063187969935,scr2008,avaConv,pvInd_a
pl,1,h0308,0.032771861369187305,scr2008,avaConv,pvInd_a
pl,1,h0309,0.006853784799454152,scr2008,avaConv,pvInd_a
pl,1,h0310,0.0,scr2008,avaConv,pvInd_a
pl,1,h0311,0.0,scr2008,avaConv,pvInd_a
pl,1,h0312,0.0,scr2008,avaConv,pvInd_a
pl,1,h0313,0.0,scr2008,avaConv,pvInd_a
pl,1,h0314,0.0,scr2008,avaConv,pvInd_a
pl,1,h0315,0.0,scr2008,avaConv,pvInd_a
pl,1,h0316,0.00033293311014443686,scr2008,avaConv,pvInd_a
pl,1,h0317,0.01152920570990157,scr2008,avaConv,pvInd_a
pl,1,h0318,0.05514969513962491,scr2008,avaConv,pvInd_a
pl,1,h0319,0.12409357969579403,scr2008,avaConv,pvInd_a
pl,1,h0320,0.2166814146882682,scr2008,avaConv,pvInd_a
pl,1,h0321,0.2927368281635421,scr2008,avaConv,pvInd_a
pl,1,h0322,0.3563838609905937,scr2008,avaConv,pvInd_a
pl,1,h0323,0.39166307841893433,scr2008,avaConv,pvInd_a
pl,1,h0324,0.4126216717797268,scr2008,avaConv,pvInd_a
pl,1,h0325,0.5680334283025048,scr2008,avaConv,pvInd_a
pl,1,h0326,0.6867685401032602,scr2008,avaConv,pvInd_a
pl,1,h0327,0.7574789741325286,scr2008,avaConv,pvInd_a
pl,1,h0328,0.6220894141618135,scr2008,avaConv,pvInd_a
pl,1,h0329,0.45066417081562804,scr2008,avaConv,pvInd_a
pl,1,h0330,0.264619525960191,scr2008,avaConv,pvInd_a
pl,1,h0331,0.11765776174169294,scr2008,avaConv,pvInd_a
pl,1,h0332,0.03228375071435646,scr2008,avaConv,pvInd_a
pl,1,h0333,0.006727125156203919,scr2008,avaConv,pvInd_a
pl,1,h0334,0.0,scr2008,avaConv,pvInd_a
pl,1,h0335,0.0,scr2008,avaConv,pvInd_a
pl,1,h0336,0.0,scr2008,avaConv,pvInd_a
pt,1,h0289,0.0,scr2008,avaConv,pvInd_a
pt,1,h0290,0.0,scr2008,avaConv,pvInd_a
pt,1,h0291,0.0,scr2008,avaConv,pvInd_a
pt,1,h0292,0.0,scr2008,avaConv,pvInd_a
pt,1,h0293,0.0,scr2008,avaConv,pvInd_a
pt,1,h0294,0.0,scr2008,avaConv,pvInd_a
pt,1,h0295,0.004175022257261602,scr2008,avaConv,pvInd_a
pt,1,h0296,0.0585461726469835,scr2008,avaConv,pvInd_a
pt,1,h0297,0.18476126719581137,scr2008,avaConv,pvInd_a
pt,1,h0298,0.3702088031223116,scr2008,avaConv,pvInd_a
pt,1,h0299,0.5493201302612251,scr2008,avaConv,pvInd_a
pt,1,h0300,0.685770069969008,scr2008,avaConv,pvInd_a
pt,1,h0301,0.7534810495007594,scr2008,avaConv,pvInd_a
pt,1,h0302,0.7490220374793686,scr2008,avaConv,pvInd_a
pt,1,h0303,0.6695668061232785,scr2008,avaConv,pvInd_a
pt,1,h0304,0.552532488839183,scr2008,avaConv,pvInd_a
pt,1,h0305,0.42966787983742033,scr2008,avaConv,pvInd_a
pt,1,h0306,0.3305170852927238,scr2008,avaConv,pvInd_a
pt,1,h0307,0.24266814264995965,scr2008,avaConv,pvInd_a
pt,1,h0308,0.14253090944955546,scr2008,avaConv,pvInd_a
pt,1,h0309,0.05824734344304757,scr2008,avaConv,pvInd_a
pt,1,h0310,0.0065639680197971464,scr2008,avaConv,pvInd_a
pt,1,h0311,0.0,scr2008,avaConv,pvInd_a
pt,1,h0312,0.0,scr2008,avaConv,pvInd_a
pt,1,h0313,0.0,scr2008,avaConv,pvInd_a
pt,1,h0314,0.0,scr2008,avaConv,pvInd_a
pt,1,h0315,0.0,scr2008,avaConv,pvInd_a
pt,1,h0316,0.0,scr2008,avaConv,pvInd_a
pt,1,h0317,0.0,scr2008,avaConv,pvInd_a
pt,1,h0318,0.0,scr2008,avaConv,pvInd_a
pt,1,h0319,0.00407518900952772,scr2008,avaConv,pvInd_a
pt,1,h0320,0.054718322189272785,scr2008,avaConv,pvInd_a
pt,1,h0321,0.1741130472079721,scr2008,avaConv,pvInd_a
pt,1,h0322,0.3521077855008467,scr2008,avaConv,pvInd_a
pt,1,h0323,0.5251949280013108,scr2008,avaConv,pvInd_a
pt,1,h0324,0.6543641142957664,scr2008,avaConv,pvInd_a
pt,1,h0325,0.7482567039331769,scr2008,avaConv,pvInd_a
pt,1,h0326,0.7992860004402386,scr2008,avaConv,pvInd_a
pt,1,h0327,0.8110302944685072,scr2008,avaConv,pvInd_a
pt,1,h0328,0.7668066413710067,scr2008,avaConv,pvInd_a
pt,1,h0329,0.6776657810577513,scr2008,avaConv,pvInd_a
pt,1,h0330,0.5428690368839597,scr2008,avaConv,pvInd_a
pt,1,h0331,0.36609263392893376,scr2008,avaConv,pvInd_a
pt,1,h0332,0.18485662077054232,scr2008,avaConv,pvInd_a
pt,1,h0333,0.05935657815396406,scr2008,avaConv,pvInd_a
pt,1,h0334,0.004967801830649957,scr2008,avaConv,pvInd_a
pt,1,h0335,0.0,scr2008,avaConv,pvInd_a
pt,1,h0336,0.0,scr2008,avaConv,pvInd_a
ro,1,h0289,0.0,scr2008,avaConv,pvInd_a
ro,1,h0290,0.0,scr2008,avaConv,pvInd_a
ro,1,h0291,0.0,scr2008,avaConv,pvInd_a
ro,1,h0292,0.0,scr2008,avaConv,pvInd_a
ro,1,h0293,0.0038690564168668393,scr2008,avaConv,pvInd_a
ro,1,h0294,0.03137881033740734,scr2008,avaConv,pvInd_a
ro,1,h0295,0.0829964147522973,scr2008,avaConv,pvInd_a
ro,1,h0296,0.16296552600469646,scr2008,avaConv,pvInd_a
ro,1,h0297,0.2602891403257135,scr2008,avaConv,pvInd_a
ro,1,h0298,0.3947287593147313,scr2008,avaConv,pvInd_a
ro,1,h0299,0.49986720813203195,scr2008,avaConv,pvInd_a
ro,1,h0300,0.5293804952463408,scr2008,avaConv,pvInd_a
ro,1,h0301,0.5607586653439418,scr2008,avaConv,pvInd_a
ro,1,h0302,0.5527860236002082,scr2008,avaConv,pvInd_a
ro,1,h0303,0.5109298681100023,scr2008,avaConv,pvInd_a
ro,1,h0304,0.36128810121746674,scr2008,avaConv,pvInd_a
ro,1,h0305,0.2056064432445252,scr2008,avaConv,pvInd_a
ro,1,h0306,0.08401449629125778,scr2008,avaConv,pvInd_a
ro,1,h0307,0.020840797527163623,scr2008,avaConv,pvInd_a
ro,1,h0308,0.0021652345816787397,scr2008,avaConv,pvInd_a
ro,1,h0309,0.0,scr2008,avaConv,pvInd_a
ro,1,h0310,0.0,scr2008,avaConv,pvInd_a
ro,1,h0311,0.0,scr2008,avaConv,pvInd_a
ro,1,h0312,0.0,scr2008,avaConv,pvInd_a
ro,1,h0313,0.0,scr2008,avaConv,pvInd_a
ro,1,h0314,0.0,scr2008,avaConv,pvInd_a
ro,1,h0315,0.0,scr2008,avaConv,pvInd_a
ro,1,h0316,0.0,scr2008,avaConv,pvInd_a
ro,1,h0317,0.00346383397373037,scr2008,avaConv,pvInd_a
ro,1,h0318,0.026302864195152355,scr2008,avaConv,pvInd_a
ro,1,h0319,0.11711715731706053,scr2008,avaConv,pvInd_a
ro,1,h0320,0.28284625237698163,scr2008,avaConv,pvInd_a
ro,1,h0321,0.47751367296367364,scr2008,avaConv,pvInd_a
ro,1,h0322,0.6004951364638221,scr2008,avaConv,pvInd_a
ro,1,h0323,0.643137982192282,scr2008,avaConv,pvInd_a
ro,1,h0324,0.6331295625814425,scr2008,avaConv,pvInd_a
ro,1,h0325,0.6135707131581334,scr2008,avaConv,pvInd_a
ro,1,h0326,0.5685088990739241,scr2008,avaConv,pvInd_a
ro,1,h0327,0.4800028695852364,scr2008,avaConv,pvInd_a
ro,1,h0328,0.33997381870249127,scr2008,avaConv,pvInd_a
ro,1,h0329,0.19399041339333897,scr2008,avaConv,pvInd_a
ro,1,h0330,0.08083107589074046,scr2008,avaConv,pvInd_a
ro,1,h0331,0.021152134652233003,scr2008,avaConv,pvInd_a
ro,1,h0332,0.002154684149381482,scr2008,avaConv,pvInd_a
ro,1,h0333,0.0,scr2008,avaConv,pvInd_a
ro,1,h0334,0.0,scr2008,avaConv,pvInd_a
ro,1,h0335,0.0,scr2008,avaConv,pvInd_a
ro,1,h0336,0.0,scr2008,avaConv,pvInd_a
rs,1,h0289,0.0,scr2008,avaConv,pvInd_a
rs,1,h0290,0.0,scr2008,avaConv,pvInd_a
rs,1,h0291,0.0,scr2008,avaConv,pvInd_a
rs,1,h0292,0.0,scr2008,avaConv,pvInd_a
rs,1,h0293,0.0033511286779046947,scr2008,avaConv,pvInd_a
rs,1,h0294,0.02404445771550556,scr2008,avaConv,pvInd_a
rs,1,h0295,0.071731790488732,scr2008,avaConv,pvInd_a
rs,1,h0296,0.145518635933188,scr2008,avaConv,pvInd_a
rs,1,h0297,0.22850870376339477,scr2008,avaConv,pvInd_a
rs,1,h0298,0.3000035470144987,scr2008,avaConv,pvInd_a
rs,1,h0299,0.35274057811465476,scr2008,avaConv,pvInd_a
rs,1,h0300,0.39890252671774923,scr2008,avaConv,pvInd_a
rs,1,h0301,0.5102999320767244,scr2008,avaConv,pvInd_a
rs,1,h0302,0.5713778566281894,scr2008,avaConv,pvInd_a
rs,1,h0303,0.5424818326513282,scr2008,avaConv,pvInd_a
rs,1,h0304,0.3782866878279051,scr2008,avaConv,pvInd_a
rs,1,h0305,0.22111742007156274,scr2008,avaConv,pvInd_a
rs,1,h0306,0.10225693422943367,scr2008,avaConv,pvInd_a
rs,1,h0307,0.03244081149942284,scr2008,avaConv,pvInd_a
rs,1,h0308,0.005283238111545629,scr2008,avaConv,pvInd_a
rs,1,h0309,0.0,scr2008,avaConv,pvInd_a
rs,1,h0310,0.0,scr2008,avaConv,pvInd_a
rs,1,h0311,0.0,scr2008,avaConv,pvInd_a
rs,1,h0312,0.0,scr2008,avaConv,pvInd_a
rs,1,h0313,0.0,scr2008,avaConv,pvInd_a
rs,1,h0314,0.0,scr2008,avaConv,pvInd_a
rs,1,h0315,0.0,scr2008,avaConv,pvInd_a
rs,1,h0316,0.0,scr2008,avaConv,pvInd_a
rs,1,h0317,0.0027442404811788648,scr2008,avaConv,pvInd_a
rs,1,h0318,0.02675531750017966,scr2008,avaConv,pvInd_a
rs,1,h0319,0.11584555796731899,scr2008,avaConv,pvInd_a
rs,1,h0320,0.2810722399290138,scr2008,avaConv,pvInd_a
rs,1,h0321,0.47593112039141416,scr2008,avaConv,pvInd_a
rs,1,h0322,0.6208132012978406,scr2008,avaConv,pvInd_a
rs,1,h0323,0.6913883493662543,scr2008,avaConv,pvInd_a
rs,1,h0324,0.7067686373722398,scr2008,avaConv,pvInd_a
rs,1,h0325,0.6744767649991104,scr2008,avaConv,pvInd_a
rs,1,h0326,0.6221648694919337,scr2008,avaConv,pvInd_a
rs,1,h0327,0.5332889705661648,scr2008,avaConv,pvInd_a
rs,1,h0328,0.41459866271420986,scr2008,avaConv,pvInd_a
rs,1,h0329,0.26377474077246305,scr2008,avaConv,pvInd_a
rs,1,h0330,0.12431586949178752,scr2008,avaConv,pvInd_a
rs,1,h0331,0.03718633349743027,scr2008,avaConv,pvInd_a
rs,1,h0332,0.004966954912176076,scr2008,avaConv,pvInd_a
rs,1,h0333,0.0,scr2008,avaConv,pvInd_a
rs,1,h0334,0.0,scr2008,avaConv,pvInd_a
rs,1,h0335,0.0,scr2008,avaConv,pvInd_a
rs,1,h0336,0.0,scr2008,avaConv,pvInd_a
se_1,1,h0289,0.0,scr2008,avaConv,pvInd_a
se_1,1,h0290,0.0,scr2008,avaConv,pvInd_a
se_1,1,h0291,0.0007574892768450362,scr2008,avaConv,pvInd_a
se_1,1,h0292,0.002205645662536996,scr2008,avaConv,pvInd_a
se_1,1,h0293,0.0075716036373713585,scr2008,avaConv,pvInd_a
se_1,1,h0294,0.04689679718766502,scr2008,avaConv,pvInd_a
se_1,1,h0295,0.15240407161283362,scr2008,avaConv,pvInd_a
se_1,1,h0296,0.3163597785182007,scr2008,avaConv,pvInd_a
se_1,1,h0297,0.46584653953308713,scr2008,avaConv,pvInd_a
se_1,1,h0298,0.5370828736068911,scr2008,avaConv,pvInd_a
se_1,1,h0299,0.5233528396813686,scr2008,avaConv,pvInd_a
se_1,1,h0300,0.4643556860466977,scr2008,avaConv,pvInd_a
se_1,1,h0301,0.4141503949327479,scr2008,avaConv,pvInd_a
se_1,1,h0302,0.38936537405814287,scr2008,avaConv,pvInd_a
se_1,1,h0303,0.36440316431090736,scr2008,avaConv,pvInd_a
se_1,1,h0304,0.305805723614601,scr2008,avaConv,pvInd_a
se_1,1,h0305,0.2249428092052788,scr2008,avaConv,pvInd_a
se_1,1,h0306,0.14092634072418314,scr2008,avaConv,pvInd_a
se_1,1,h0307,0.07568875875519665,scr2008,avaConv,pvInd_a
se_1,1,h0308,0.03416222084537142,scr2008,avaConv,pvInd_a
se_1,1,h0309,0.012232482016713194,scr2008,avaConv,pvInd_a
se_1,1,h0310,0.003949602487786471,scr2008,avaConv,pvInd_a
se_1,1,h0311,0.0005922622767105836,scr2008,avaConv,pvInd_a
se_1,1,h0312,0.0,scr2008,avaConv,pvInd_a
se_1,1,h0313,0.0,scr2008,avaConv,pvInd_a
se_1,1,h0314,0.0001326350460847182,scr2008,avaConv,pvInd_a
se_1,1,h0315,0.0013818854726279693,scr2008,avaConv,pvInd_a
se_1,1,h0316,0.004665275000423629,scr2008,avaConv,pvInd_a
se_1,1,h0317,0.013520978736555299,scr2008,avaConv,pvInd_a
se_1,1,h0318,0.053441388507062614,scr2008,avaConv,pvInd_a
se_1,1,h0319,0.10064869768837394,scr2008,avaConv,pvInd_a
se_1,1,h0320,0.1554408751502499,scr2008,avaConv,pvInd_a
se_1,1,h0321,0.204395806738349,scr2008,avaConv,pvInd_a
se_1,1,h0322,0.27982071209437365,scr2008,avaConv,pvInd_a
se_1,1,h0323,0.3616557320150448,scr2008,avaConv,pvInd_a
se_1,1,h0324,0.4062448843918685,scr2008,avaConv,pvInd_a
se_1,1,h0325,0.28020610457471823,scr2008,avaConv,pvInd_a
se_1,1,h0326,0.15147354060191812,scr2008,avaConv,pvInd_a
se_1,1,h0327,0.04190563567761961,scr2008,avaConv,pvInd_a
se_1,1,h0328,0.03958558405389804,scr2008,avaConv,pvInd_a
se_1,1,h0329,0.033122401585710726,scr2008,avaConv,pvInd_a
se_1,1,h0330,0.02463365839591911,scr2008,avaConv,pvInd_a
se_1,1,h0331,0.022787559840416565,scr2008,avaConv,pvInd_a
se_1,1,h0332,0.018534623244445995,scr2008,avaConv,pvInd_a
se_1,1,h0333,0.0135168989646052,scr2008,avaConv,pvInd_a
se_1,1,h0334,0.004235690590776569,scr2008,avaConv,pvInd_a
se_1,1,h0335,0.0006223557507549361,scr2008,avaConv,pvInd_a
se_1,1,h0336,0.0,scr2008,avaConv,pvInd_a
se_2,1,h0289,0.0,scr2008,avaConv,pvInd_a
se_2,1,h0290,0.0,scr2008,avaConv,pvInd_a
se_2,1,h0291,0.0,scr2008,avaConv,pvInd_a
se_2,1,h0292,0.0009075739154378265,scr2008,avaConv,pvInd_a
se_2,1,h0293,0.0029813710316327876,scr2008,avaConv,pvInd_a
se_2,1,h0294,0.028821930075361525,scr2008,avaConv,pvInd_a
se_2,1,h0295,0.1073269393050132,scr2008,avaConv,pvInd_a
se_2,1,h0296,0.24928621914090873,scr2008,avaConv,pvInd_a
se_2,1,h0297,0.40886655174744024,scr2008,avaConv,pvInd_a
se_2,1,h0298,0.5470935023594075,scr2008,avaConv,pvInd_a
se_2,1,h0299,0.6408175406000557,scr2008,avaConv,pvInd_a
se_2,1,h0300,0.6820706903964536,scr2008,avaConv,pvInd_a
se_2,1,h0301,0.5817428567827658,scr2008,avaConv,pvInd_a
se_2,1,h0302,0.46118919304708605,scr2008,avaConv,pvInd_a
se_2,1,h0303,0.3367207720598737,scr2008,avaConv,pvInd_a
se_2,1,h0304,0.28482527119886275,scr2008,avaConv,pvInd_a
se_2,1,h0305,0.22243690140162906,scr2008,avaConv,pvInd_a
se_2,1,h0306,0.15107628295526385,scr2008,avaConv,pvInd_a
se_2,1,h0307,0.08650976745043497,scr2008,avaConv,pvInd_a
se_2,1,h0308,0.0388101786624471,scr2008,avaConv,pvInd_a
se_2,1,h0309,0.012144108697524705,scr2008,avaConv,pvInd_a
se_2,1,h0310,0.0024829837873352237,scr2008,avaConv,pvInd_a
se_2,1,h0311,0.0,scr2008,avaConv,pvInd_a
se_2,1,h0312,0.0,scr2008,avaConv,pvInd_a
se_2,1,h0313,0.0,scr2008,avaConv,pvInd_a
se_2,1,h0314,0.0,scr2008,avaConv,pvInd_a
se_2,1,h0315,0.0,scr2008,avaConv,pvInd_a
se_2,1,h0316,0.0022817828472648407,scr2008,avaConv,pvInd_a
se_2,1,h0317,0.00896891340388528,scr2008,avaConv,pvInd_a
se_2,1,h0318,0.038875771405657365,scr2008,avaConv,pvInd_a
se_2,1,h0319,0.12124732305653652,scr2008,avaConv,pvInd_a
se_2,1,h0320,0.26692205787421563,scr2008,avaConv,pvInd_a
se_2,1,h0321,0.43331884887917527,scr2008,avaConv,pvInd_a
se_2,1,h0322,0.5618046963078162,scr2008,avaConv,pvInd_a
se_2,1,h0323,0.6252210170690667,scr2008,avaConv,pvInd_a
se_2,1,h0324,0.6443055335734992,scr2008,avaConv,pvInd_a
se_2,1,h0325,0.5270969432479362,scr2008,avaConv,pvInd_a
se_2,1,h0326,0.41460794830039405,scr2008,avaConv,pvInd_a
se_2,1,h0327,0.30279982148706447,scr2008,avaConv,pvInd_a
se_2,1,h0328,0.2888128026879047,scr2008,avaConv,pvInd_a
se_2,1,h0329,0.25318344678119015,scr2008,avaConv,pvInd_a
se_2,1,h0330,0.1845804738141485,scr2008,avaConv,pvInd_a
se_2,1,h0331,0.10091157666944951,scr2008,avaConv,pvInd_a
se_2,1,h0332,0.03892885657059675,scr2008,avaConv,pvInd_a
se_2,1,h0333,0.010396110103075434,scr2008,avaConv,pvInd_a
se_2,1,h0334,0.0023599535587316483,scr2008,avaConv,pvInd_a
se_2,1,h0335,0.0,scr2008,avaConv,pvInd_a
se_2,1,h0336,0.0,scr2008,avaConv,pvInd_a
se_3,1,h0289,0.0,scr2008,avaConv,pvInd_a
se_3,1,h0290,0.0,scr2008,avaConv,pvInd_a
se_3,1,h0291,0.0,scr2008,avaConv,pvInd_a
se_3,1,h0292,0.0006125485328280258,scr2008,avaConv,pvInd_a
se_3,1,h0293,0.002928979577640867,scr2008,avaConv,pvInd_a
se_3,1,h0294,0.02742260562469181,scr2008,avaConv,pvInd_a
se_3,1,h0295,0.11261558936854094,scr2008,avaConv,pvInd_a
se_3,1,h0296,0.2722096792750592,scr2008,avaConv,pvInd_a
se_3,1,h0297,0.46800752547777963,scr2008,avaConv,pvInd_a
se_3,1,h0298,0.6408769058266917,scr2008,avaConv,pvInd_a
se_3,1,h0299,0.7588867811921692,scr2008,avaConv,pvInd_a
se_3,1,h0300,0.818673903061036,scr2008,avaConv,pvInd_a
se_3,1,h0301,0.7584643143843331,scr2008,avaConv,pvInd_a
se_3,1,h0302,0.66119454068461,scr2008,avaConv,pvInd_a
se_3,1,h0303,0.5418607696255726,scr2008,avaConv,pvInd_a
se_3,1,h0304,0.45890290228252834,scr2008,avaConv,pvInd_a
se_3,1,h0305,0.3506514313536459,scr2008,avaConv,pvInd_a
se_3,1,h0306,0.22601659151953207,scr2008,avaConv,pvInd_a
se_3,1,h0307,0.11555102253244469,scr2008,avaConv,pvInd_a
se_3,1,h0308,0.045717855956486066,scr2008,avaConv,pvInd_a
se_3,1,h0309,0.01223888367918621,scr2008,avaConv,pvInd_a
se_3,1,h0310,0.002475233372533702,scr2008,avaConv,pvInd_a
se_3,1,h0311,0.0,scr2008,avaConv,pvInd_a
se_3,1,h0312,0.0,scr2008,avaConv,pvInd_a
se_3,1,h0313,0.0,scr2008,avaConv,pvInd_a
se_3,1,h0314,0.0,scr2008,avaConv,pvInd_a
se_3,1,h0315,0.0,scr2008,avaConv,pvInd_a
se_3,1,h0316,0.0020795746439548615,scr2008,avaConv,pvInd_a
se_3,1,h0317,0.012597978859286981,scr2008,avaConv,pvInd_a
se_3,1,h0318,0.03952714743587015,scr2008,avaConv,pvInd_a
se_3,1,h0319,0.1161644066901917,scr2008,avaConv,pvInd_a
se_3,1,h0320,0.23957140362592158,scr2008,avaConv,pvInd_a
se_3,1,h0321,0.39575929059436055,scr2008,avaConv,pvInd_a
se_3,1,h0322,0.5309287374327168,scr2008,avaConv,pvInd_a
se_3,1,h0323,0.6236458366046842,scr2008,avaConv,pvInd_a
se_3,1,h0324,0.6577062510293015,scr2008,avaConv,pvInd_a
se_3,1,h0325,0.6057963877405347,scr2008,avaConv,pvInd_a
se_3,1,h0326,0.5478649766355917,scr2008,avaConv,pvInd_a
se_3,1,h0327,0.5022712899728248,scr2008,avaConv,pvInd_a
se_3,1,h0328,0.47525224774069125,scr2008,avaConv,pvInd_a
se_3,1,h0329,0.3951448874847855,scr2008,avaConv,pvInd_a
se_3,1,h0330,0.26261329152492496,scr2008,avaConv,pvInd_a
se_3,1,h0331,0.1349086181845426,scr2008,avaConv,pvInd_a
se_3,1,h0332,0.049525476483974415,scr2008,avaConv,pvInd_a
se_3,1,h0333,0.012941178116081413,scr2008,avaConv,pvInd_a
se_3,1,h0334,0.0024013542828324893,scr2008,avaConv,pvInd_a
se_3,1,h0335,0.0,scr2008,avaConv,pvInd_a
se_3,1,h0336,0.0,scr2008,avaConv,pvInd_a
se_4,1,h0289,0.0,scr2008,avaConv,pvInd_a
se_4,1,h0290,0.0,scr2008,avaConv,pvInd_a
se_4,1,h0291,0.0,scr2008,avaConv,pvInd_a
se_4,1,h0292,0.0,scr2008,avaConv,pvInd_a
se_4,1,h0293,0.0022342485229822954,scr2008,avaConv,pvInd_a
se_4,1,h0294,0.02350571082839018,scr2008,avaConv,pvInd_a
se_4,1,h0295,0.10253573891545534,scr2008,avaConv,pvInd_a
se_4,1,h0296,0.25451093481798265,scr2008,avaConv,pvInd_a
se_4,1,h0297,0.44759846158721883,scr2008,avaConv,pvInd_a
se_4,1,h0298,0.6235911350397242,scr2008,avaConv,pvInd_a
se_4,1,h0299,0.7504552784020921,scr2008,avaConv,pvInd_a
se_4,1,h0300,0.8184672044943067,scr2008,avaConv,pvInd_a
se_4,1,h0301,0.7510279196823898,scr2008,avaConv,pvInd_a
se_4,1,h0302,0.6591732193013904,scr2008,avaConv,pvInd_a
se_4,1,h0303,0.5405800195268428,scr2008,avaConv,pvInd_a
se_4,1,h0304,0.4659609966636407,scr2008,avaConv,pvInd_a
se_4,1,h0305,0.3514457550601137,scr2008,avaConv,pvInd_a
se_4,1,h0306,0.2206108253464649,scr2008,avaConv,pvInd_a
se_4,1,h0307,0.10724694212703607,scr2008,avaConv,pvInd_a
se_4,1,h0308,0.035246023212642856,scr2008,avaConv,pvInd_a
se_4,1,h0309,0.0064649859936459116,scr2008,avaConv,pvInd_a
se_4,1,h0310,0.0006022449463545164,scr2008,avaConv,pvInd_a
se_4,1,h0311,0.0,scr2008,avaConv,pvInd_a
se_4,1,h0312,0.0,scr2008,avaConv,pvInd_a
se_4,1,h0313,0.0,scr2008,avaConv,pvInd_a
se_4,1,h0314,0.0,scr2008,avaConv,pvInd_a
se_4,1,h0315,0.0,scr2008,avaConv,pvInd_a
se_4,1,h0316,0.0003108464482690391,scr2008,avaConv,pvInd_a
se_4,1,h0317,0.00731298261465908,scr2008,avaConv,pvInd_a
se_4,1,h0318,0.03305499432407909,scr2008,avaConv,pvInd_a
se_4,1,h0319,0.09834665513139479,scr2008,avaConv,pvInd_a
se_4,1,h0320,0.20347441280975542,scr2008,avaConv,pvInd_a
se_4,1,h0321,0.3476654202514958,scr2008,avaConv,pvInd_a
se_4,1,h0322,0.5055268067137285,scr2008,avaConv,pvInd_a
se_4,1,h0323,0.6343532043178639,scr2008,avaConv,pvInd_a
se_4,1,h0324,0.6964248665454904,scr2008,avaConv,pvInd_a
se_4,1,h0325,0.7221875832513661,scr2008,avaConv,pvInd_a
se_4,1,h0326,0.7124160010131148,scr2008,avaConv,pvInd_a
se_4,1,h0327,0.6674643952281294,scr2008,avaConv,pvInd_a
se_4,1,h0328,0.5611422283724345,scr2008,avaConv,pvInd_a
se_4,1,h0329,0.4191199050812115,scr2008,avaConv,pvInd_a
se_4,1,h0330,0.2614088050839008,scr2008,avaConv,pvInd_a
se_4,1,h0331,0.12751587680009857,scr2008,avaConv,pvInd_a
se_4,1,h0332,0.04180497543117153,scr2008,avaConv,pvInd_a
se_4,1,h0333,0.010225582821419785,scr2008,avaConv,pvInd_a
se_4,1,h0334,0.0009875053552737348,scr2008,avaConv,pvInd_a
se_4,1,h0335,0.0,scr2008,avaConv,pvInd_a
se_4,1,h0336,0.0,scr2008,avaConv,pvInd_a
si,1,h0289,0.0,scr2008,avaConv,pvInd_a
si,1,h0290,0.0,scr2008,avaConv,pvInd_a
si,1,h0291,0.0,scr2008,avaConv,pvInd_a
si,1,h0292,0.0,scr2008,avaConv,pvInd_a
si,1,h0293,0.0010334473369731543,scr2008,avaConv,pvInd_a
si,1,h0294,0.009563029459125558,scr2008,avaConv,pvInd_a
si,1,h0295,0.06172414443416098,scr2008,avaConv,pvInd_a
si,1,h0296,0.16390417881017966,scr2008,avaConv,pvInd_a
si,1,h0297,0.3086310311591927,scr2008,avaConv,pvInd_a
si,1,h0298,0.444082613006462,scr2008,avaConv,pvInd_a
si,1,h0299,0.5308362672247194,scr2008,avaConv,pvInd_a
si,1,h0300,0.5449043350367537,scr2008,avaConv,pvInd_a
si,1,h0301,0.5769080751536907,scr2008,avaConv,pvInd_a
si,1,h0302,0.5699426209238049,scr2008,avaConv,pvInd_a
si,1,h0303,0.5546265689793926,scr2008,avaConv,pvInd_a
si,1,h0304,0.44247105380567686,scr2008,avaConv,pvInd_a
si,1,h0305,0.3280272546221467,scr2008,avaConv,pvInd_a
si,1,h0306,0.2022467231786536,scr2008,avaConv,pvInd_a
si,1,h0307,0.09097652106864618,scr2008,avaConv,pvInd_a
si,1,h0308,0.024405552347130058,scr2008,avaConv,pvInd_a
si,1,h0309,0.0017004159937475426,scr2008,avaConv,pvInd_a
si,1,h0310,0.0,scr2008,avaConv,pvInd_a
si,1,h0311,0.0,scr2008,avaConv,pvInd_a
si,1,h0312,0.0,scr2008,avaConv,pvInd_a
si,1,h0313,0.0,scr2008,avaConv,pvInd_a
si,1,h0314,0.0,scr2008,avaConv,pvInd_a
si,1,h0315,0.0,scr2008,avaConv,pvInd_a
si,1,h0316,0.0,scr2008,avaConv,pvInd_a
si,1,h0317,0.0003846853837126541,scr2008,avaConv,pvInd_a
si,1,h0318,0.005583616226975264,scr2008,avaConv,pvInd_a
si,1,h0319,0.06503215233581561,scr2008,avaConv,pvInd_a
si,1,h0320,0.18901664544738,scr2008,avaConv,pvInd_a
si,1,h0321,0.3811943963251291,scr2008,avaConv,pvInd_a
si,1,h0322,0.5554210991384886,scr2008,avaConv,pvInd_a
si,1,h0323,0.6915929958643657,scr2008,avaConv,pvInd_a
si,1,h0324,0.7642499772017207,scr2008,avaConv,pvInd_a
si,1,h0325,0.7805809295868915,scr2008,avaConv,pvInd_a
si,1,h0326,0.7427109792578203,scr2008,avaConv,pvInd_a
si,1,h0327,0.6593039111428298,scr2008,avaConv,pvInd_a
si,1,h0328,0.5333156686669289,scr2008,avaConv,pvInd_a
si,1,h0329,0.381810198610808,scr2008,avaConv,pvInd_a
si,1,h0330,0.2246889118813438,scr2008,avaConv,pvInd_a
si,1,h0331,0.0989354695402637,scr2008,avaConv,pvInd_a
si,1,h0332,0.028170662233866006,scr2008,avaConv,pvInd_a
si,1,h0333,0.00382689481326896,scr2008,avaConv,pvInd_a
si,1,h0334,0.0,scr2008,avaConv,pvInd_a
si,1,h0335,0.0,scr2008,avaConv,pvInd_a
si,1,h0336,0.0,scr2008,avaConv,pvInd_a
sk,1,h0289,0.0,scr2008,avaConv,pvInd_a
sk,1,h0290,0.0,scr2008,avaConv,pvInd_a
sk,1,h0291,0.0,scr2008,avaConv,pvInd_a
sk,1,h0292,0.0,scr2008,avaConv,pvInd_a
sk,1,h0293,0.008531664604972879,scr2008,avaConv,pvInd_a
sk,1,h0294,0.035120967079031756,scr2008,avaConv,pvInd_a
sk,1,h0295,0.0912863842322847,scr2008,avaConv,pvInd_a
sk,1,h0296,0.15406370031287517,scr2008,avaConv,pvInd_a
sk,1,h0297,0.2185817064417031,scr2008,avaConv,pvInd_a
sk,1,h0298,0.26999255012701356,scr2008,avaConv,pvInd_a
sk,1,h0299,0.3227805546170961,scr2008,avaConv,pvInd_a
sk,1,h0300,0.3783476296818166,scr2008,avaConv,pvInd_a
sk,1,h0301,0.4401657304061035,scr2008,avaConv,pvInd_a
sk,1,h0302,0.45555684494634696,scr2008,avaConv,pvInd_a
sk,1,h0303,0.4212584679162578,scr2008,avaConv,pvInd_a
sk,1,h0304,0.32451136181898166,scr2008,avaConv,pvInd_a
sk,1,h0305,0.22491897704603228,scr2008,avaConv,pvInd_a
sk,1,h0306,0.1320025109441381,scr2008,avaConv,pvInd_a
sk,1,h0307,0.06361773587044317,scr2008,avaConv,pvInd_a
sk,1,h0308,0.023623549418949223,scr2008,avaConv,pvInd_a
sk,1,h0309,0.004269459628459413,scr2008,avaConv,pvInd_a
sk,1,h0310,0.0,scr2008,avaConv,pvInd_a
sk,1,h0311,0.0,scr2008,avaConv,pvInd_a
sk,1,h0312,0.0,scr2008,avaConv,pvInd_a
sk,1,h0313,0.0,scr2008,avaConv,pvInd_a
sk,1,h0314,0.0,scr2008,avaConv,pvInd_a
sk,1,h0315,0.0,scr2008,avaConv,pvInd_a
sk,1,h0316,0.0,scr2008,avaConv,pvInd_a
sk,1,h0317,0.003630141053375577,scr2008,avaConv,pvInd_a
sk,1,h0318,0.017292537296976006,scr2008,avaConv,pvInd_a
sk,1,h0319,0.11678055352648703,scr2008,avaConv,pvInd_a
sk,1,h0320,0.26252358368198225,scr2008,avaConv,pvInd_a
sk,1,h0321,0.4261522720544125,scr2008,avaConv,pvInd_a
sk,1,h0322,0.5062474058064099,scr2008,avaConv,pvInd_a
sk,1,h0323,0.5454964199643813,scr2008,avaConv,pvInd_a
sk,1,h0324,0.5552158682549191,scr2008,avaConv,pvInd_a
sk,1,h0325,0.5780163456593554,scr2008,avaConv,pvInd_a
sk,1,h0326,0.5723399328501323,scr2008,avaConv,pvInd_a
sk,1,h0327,0.5331300919457795,scr2008,avaConv,pvInd_a
sk,1,h0328,0.4301903940525667,scr2008,avaConv,pvInd_a
sk,1,h0329,0.2974916438599836,scr2008,avaConv,pvInd_a
sk,1,h0330,0.1697433232599406,scr2008,avaConv,pvInd_a
sk,1,h0331,0.07236006934597526,scr2008,avaConv,pvInd_a
sk,1,h0332,0.022089866348623755,scr2008,avaConv,pvInd_a
sk,1,h0333,0.0034510133510048118,scr2008,avaConv,pvInd_a
sk,1,h0334,0.0,scr2008,avaConv,pvInd_a
sk,1,h0335,0.0,scr2008,avaConv,pvInd_a
sk,1,h0336,0.0,scr2008,avaConv,pvInd_a
uk,1,h0289,0.0,scr2008,avaConv,pvInd_a
uk,1,h0290,0.0,scr2008,avaConv,pvInd_a
uk,1,h0291,0.0,scr2008,avaConv,pvInd_a
uk,1,h0292,0.0,scr2008,avaConv,pvInd_a
uk,1,h0293,0.0,scr2008,avaConv,pvInd_a
uk,1,h0294,0.004258899871599546,scr2008,avaConv,pvInd_a
uk,1,h0295,0.02880128946389353,scr2008,avaConv,pvInd_a
uk,1,h0296,0.09913852840344124,scr2008,avaConv,pvInd_a
uk,1,h0297,0.2337911530776013,scr2008,avaConv,pvInd_a
uk,1,h0298,0.41702679235014173,scr2008,avaConv,pvInd_a
uk,1,h0299,0.6036622764409675,scr2008,avaConv,pvInd_a
uk,1,h0300,0.747167065183064,scr2008,avaConv,pvInd_a
uk,1,h0301,0.689728772402704,scr2008,avaConv,pvInd_a
uk,1,h0302,0.5823079463384173,scr2008,avaConv,pvInd_a
uk,1,h0303,0.44949288050806785,scr2008,avaConv,pvInd_a
uk,1,h0304,0.42048200826590787,scr2008,avaConv,pvInd_a
uk,1,h0305,0.3666132633006432,scr2008,avaConv,pvInd_a
uk,1,h0306,0.28266859408355477,scr2008,avaConv,pvInd_a
uk,1,h0307,0.19232580287545842,scr2008,avaConv,pvInd_a
uk,1,h0308,0.10146186840402438,scr2008,avaConv,pvInd_a
uk,1,h0309,0.03886268209144268,scr2008,avaConv,pvInd_a
uk,1,h0310,0.006472436318390258,scr2008,avaConv,pvInd_a
uk,1,h0311,0.0001800050464683867,scr2008,avaConv,pvInd_a
uk,1,h0312,0.0,scr2008,avaConv,pvInd_a
uk,1,h0313,0.0,scr2008,avaConv,pvInd_a
uk,1,h0314,0.0,scr2008,avaConv,pvInd_a
uk,1,h0315,0.0,scr2008,avaConv,pvInd_a
uk,1,h0316,0.0,scr2008,avaConv,pvInd_a
uk,1,h0317,0.0,scr2008,avaConv,pvInd_a
uk,1,h0318,0.002935054122947881,scr2008,avaConv,pvInd_a
uk,1,h0319,0.01344354234531054,scr2008,avaConv,pvInd_a
uk,1,h0320,0.03671739817383343,scr2008,avaConv,pvInd_a
uk,1,h0321,0.0669781106555217,scr2008,avaConv,pvInd_a
uk,1,h0322,0.10319027879615081,scr2008,avaConv,pvInd_a
uk,1,h0323,0.14059685569642433,scr2008,avaConv,pvInd_a
uk,1,h0324,0.1817246722328177,scr2008,avaConv,pvInd_a
uk,1,h0325,0.3243842750076242,scr2008,avaConv,pvInd_a
uk,1,h0326,0.4370582940128488,scr2008,avaConv,pvInd_a
uk,1,h0327,0.5133568168231114,scr2008,avaConv,pvInd_a
uk,1,h0328,0.4264344411905963,scr2008,avaConv,pvInd_a
uk,1,h0329,0.32709642139047795,scr2008,avaConv,pvInd_a
uk,1,h0330,0.2261354137027928,scr2008,avaConv,pvInd_a
uk,1,h0331,0.12546548434540442,scr2008,avaConv,pvInd_a
uk,1,h0332,0.05551943993996756,scr2008,avaConv,pvInd_a
uk,1,h0333,0.012387758611767235,scr2008,avaConv,pvInd_a
uk,1,h0334,0.0023270966855279355,scr2008,avaConv,pvInd_a
uk,1,h0335,0.0,scr2008,avaConv,pvInd_a
uk,1,h0336,0.0,scr2008,avaConv,pvInd_a
ni,1,h0289,0.0,scr2008,avaConv,pvInd_a
ni,1,h0290,0.0,scr2008,avaConv,pvInd_a
ni,1,h0291,0.0,scr2008,avaConv,pvInd_a
ni,1,h0292,0.0,scr2008,avaConv,pvInd_a
ni,1,h0293,0.0,scr2008,avaConv,pvInd_a
ni,1,h0294,0.0059513977832876055,scr2008,avaConv,pvInd_a
ni,1,h0295,0.0208732820278004,scr2008,avaConv,pvInd_a
ni,1,h0296,0.04810439090624364,scr2008,avaConv,pvInd_a
ni,1,h0297,0.0930374441500661,scr2008,avaConv,pvInd_a
ni,1,h0298,0.15301129053224796,scr2008,avaConv,pvInd_a
ni,1,h0299,0.2257765557204658,scr2008,avaConv,pvInd_a
ni,1,h0300,0.3030718846764927,scr2008,avaConv,pvInd_a
ni,1,h0301,0.32620215924437673,scr2008,avaConv,pvInd_a
ni,1,h0302,0.3201637550574517,scr2008,avaConv,pvInd_a
ni,1,h0303,0.28170581969099734,scr2008,avaConv,pvInd_a
ni,1,h0304,0.2636146209207217,scr2008,avaConv,pvInd_a
ni,1,h0305,0.2341151092618759,scr2008,avaConv,pvInd_a
ni,1,h0306,0.19261444350605691,scr2008,avaConv,pvInd_a
ni,1,h0307,0.17794957561501795,scr2008,avaConv,pvInd_a
ni,1,h0308,0.13398382120727295,scr2008,avaConv,pvInd_a
ni,1,h0309,0.08953685788760626,scr2008,avaConv,pvInd_a
ni,1,h0310,0.024575715552991532,scr2008,avaConv,pvInd_a
ni,1,h0311,0.004160728508316137,scr2008,avaConv,pvInd_a
ni,1,h0312,0.0,scr2008,avaConv,pvInd_a
ni,1,h0313,0.0,scr2008,avaConv,pvInd_a
ni,1,h0314,0.0,scr2008,avaConv,pvInd_a
ni,1,h0315,0.0,scr2008,avaConv,pvInd_a
ni,1,h0316,0.0,scr2008,avaConv,pvInd_a
ni,1,h0317,0.0,scr2008,avaConv,pvInd_a
ni,1,h0318,0.004251646072913804,scr2008,avaConv,pvInd_a
ni,1,h0319,0.025903159994802537,scr2008,avaConv,pvInd_a
ni,1,h0320,0.05533771636749354,scr2008,avaConv,pvInd_a
ni,1,h0321,0.08796816016410886,scr2008,avaConv,pvInd_a
ni,1,h0322,0.1090453575604503,scr2008,avaConv,pvInd_a
ni,1,h0323,0.12489411924962927,scr2008,avaConv,pvInd_a
ni,1,h0324,0.13344444712684872,scr2008,avaConv,pvInd_a
ni,1,h0325,0.25989193205423927,scr2008,avaConv,pvInd_a
ni,1,h0326,0.34474073727509347,scr2008,avaConv,pvInd_a
ni,1,h0327,0.4033900304773337,scr2008,avaConv,pvInd_a
ni,1,h0328,0.31647272307944246,scr2008,avaConv,pvInd_a
ni,1,h0329,0.26197462815115297,scr2008,avaConv,pvInd_a
ni,1,h0330,0.21532912461204104,scr2008,avaConv,pvInd_a
ni,1,h0331,0.16640628440961402,scr2008,avaConv,pvInd_a
ni,1,h0332,0.10698179862954799,scr2008,avaConv,pvInd_a
ni,1,h0333,0.05349256506485562,scr2008,avaConv,pvInd_a
ni,1,h0334,0.019150119407399566,scr2008,avaConv,pvInd_a
ni,1,h0335,0.0033822967234127953,scr2008,avaConv,pvInd_a
ni,1,h0336,0.0,scr2008,avaConv,pvInd_a
al,2,h0289,0.0,scr2008,avaConv,pvInd_b
al,2,h0290,0.0,scr2008,avaConv,pvInd_b
al,2,h0291,0.0,scr2008,avaConv,pvInd_b
al,2,h0292,0.0,scr2008,avaConv,pvInd_b
al,2,h0293,0.0024743067713422716,scr2008,avaConv,pvInd_b
al,2,h0294,0.019447734294907378,scr2008,avaConv,pvInd_b
al,2,h0295,0.08464637665402763,scr2008,avaConv,pvInd_b
al,2,h0296,0.19754623743295785,scr2008,avaConv,pvInd_b
al,2,h0297,0.3330298478464458,scr2008,avaConv,pvInd_b
al,2,h0298,0.43176190489348315,scr2008,avaConv,pvInd_b
al,2,h0299,0.4824564300302054,scr2008,avaConv,pvInd_b
al,2,h0300,0.4950292801674643,scr2008,avaConv,pvInd_b
al,2,h0301,0.5168535937006633,scr2008,avaConv,pvInd_b
al,2,h0302,0.5199764407349021,scr2008,avaConv,pvInd_b
al,2,h0303,0.48623460399705026,scr2008,avaConv,pvInd_b
al,2,h0304,0.3753853275649263,scr2008,avaConv,pvInd_b
al,2,h0305,0.24053091499261267,scr2008,avaConv,pvInd_b
al,2,h0306,0.11655884936470785,scr2008,avaConv,pvInd_b
al,2,h0307,0.03759988574549596,scr2008,avaConv,pvInd_b
al,2,h0308,0.005787723857724473,scr2008,avaConv,pvInd_b
al,2,h0309,0.0,scr2008,avaConv,pvInd_b
al,2,h0310,0.0,scr2008,avaConv,pvInd_b
al,2,h0311,0.0,scr2008,avaConv,pvInd_b
al,2,h0312,0.0,scr2008,avaConv,pvInd_b
al,2,h0313,0.0,scr2008,avaConv,pvInd_b
al,2,h0314,0.0,scr2008,avaConv,pvInd_b
al,2,h0315,0.0,scr2008,avaConv,pvInd_b
al,2,h0316,0.0,scr2008,avaConv,pvInd_b
al,2,h0317,0.0009217334903352534,scr2008,avaConv,pvInd_b
al,2,h0318,0.022934347122145905,scr2008,avaConv,pvInd_b
al,2,h0319,0.09240740857747343,scr2008,avaConv,pvInd_b
al,2,h0320,0.2280083361675801,scr2008,avaConv,pvInd_b
al,2,h0321,0.3921099075774167,scr2008,avaConv,pvInd_b
al,2,h0322,0.5288686443871187,scr2008,avaConv,pvInd_b
al,2,h0323,0.6057952843127966,scr2008,avaConv,pvInd_b
al,2,h0324,0.6231049519736727,scr2008,avaConv,pvInd_b
al,2,h0325,0.6202887681519875,scr2008,avaConv,pvInd_b
al,2,h0326,0.5819358312887117,scr2008,avaConv,pvInd_b
al,2,h0327,0.509132465963432,scr2008,avaConv,pvInd_b
al,2,h0328,0.3932726874416457,scr2008,avaConv,pvInd_b
al,2,h0329,0.26076968613262425,scr2008,avaConv,pvInd_b
al,2,h0330,0.13031256849716094,scr2008,avaConv,pvInd_b
al,2,h0331,0.042053407719466175,scr2008,avaConv,pvInd_b
al,2,h0332,0.005519442272099658,scr2008,avaConv,pvInd_b
al,2,h0333,0.0,scr2008,avaConv,pvInd_b
al,2,h0334,0.0,scr2008,avaConv,pvInd_b
al,2,h0335,0.0,scr2008,avaConv,pvInd_b
al,2,h0336,0.0,scr2008,avaConv,pvInd_b
at,2,h0289,0.0,scr2008,avaConv,pvInd_b
at,2,h0290,0.0,scr2008,avaConv,pvInd_b
at,2,h0291,0.0,scr2008,avaConv,pvInd_b
at,2,h0292,0.0,scr2008,avaConv,pvInd_b
at,2,h0293,0.0019602611442205552,scr2008,avaConv,pvInd_b
at,2,h0294,0.01259548819324752,scr2008,avaConv,pvInd_b
at,2,h0295,0.06459367843089535,scr2008,avaConv,pvInd_b
at,2,h0296,0.16061297477224898,scr2008,avaConv,pvInd_b
at,2,h0297,0.28439736592395953,scr2008,avaConv,pvInd_b
at,2,h0298,0.3762675662299334,scr2008,avaConv,pvInd_b
at,2,h0299,0.42456171446752466,scr2008,avaConv,pvInd_b
at,2,h0300,0.4333642694353821,scr2008,avaConv,pvInd_b
at,2,h0301,0.4644777211453861,scr2008,avaConv,pvInd_b
at,2,h0302,0.46073215738056394,scr2008,avaConv,pvInd_b
at,2,h0303,0.4202326616585711,scr2008,avaConv,pvInd_b
at,2,h0304,0.3103634646404617,scr2008,avaConv,pvInd_b
at,2,h0305,0.21253730929201858,scr2008,avaConv,pvInd_b
at,2,h0306,0.1335506060242524,scr2008,avaConv,pvInd_b
at,2,h0307,0.06795740742581403,scr2008,avaConv,pvInd_b
at,2,h0308,0.023448817040324057,scr2008,avaConv,pvInd_b
at,2,h0309,0.002716487128106963,scr2008,avaConv,pvInd_b
at,2,h0310,0.0,scr2008,avaConv,pvInd_b
at,2,h0311,0.0,scr2008,avaConv,pvInd_b
at,2,h0312,0.0,scr2008,avaConv,pvInd_b
at,2,h0313,0.0,scr2008,avaConv,pvInd_b
at,2,h0314,0.0,scr2008,avaConv,pvInd_b
at,2,h0315,0.0,scr2008,avaConv,pvInd_b
at,2,h0316,0.0,scr2008,avaConv,pvInd_b
at,2,h0317,0.003709466096732732,scr2008,avaConv,pvInd_b
at,2,h0318,0.02395043278094141,scr2008,avaConv,pvInd_b
at,2,h0319,0.09871019673790851,scr2008,avaConv,pvInd_b
at,2,h0320,0.22748902056389594,scr2008,avaConv,pvInd_b
at,2,h0321,0.39680316206885435,scr2008,avaConv,pvInd_b
at,2,h0322,0.5348818550792097,scr2008,avaConv,pvInd_b
at,2,h0323,0.6263223377688488,scr2008,avaConv,pvInd_b
at,2,h0324,0.6661108969439136,scr2008,avaConv,pvInd_b
at,2,h0325,0.6906896343559129,scr2008,avaConv,pvInd_b
at,2,h0326,0.6561515158136659,scr2008,avaConv,pvInd_b
at,2,h0327,0.5595555604870868,scr2008,avaConv,pvInd_b
at,2,h0328,0.39448257008801835,scr2008,avaConv,pvInd_b
at,2,h0329,0.24383310618530313,scr2008,avaConv,pvInd_b
at,2,h0330,0.13248172923541363,scr2008,avaConv,pvInd_b
at,2,h0331,0.061299614813883005,scr2008,avaConv,pvInd_b
at,2,h0332,0.02234507005746891,scr2008,avaConv,pvInd_b
at,2,h0333,0.00337893742211524,scr2008,avaConv,pvInd_b
at,2,h0334,0.0,scr2008,avaConv,pvInd_b
at,2,h0335,0.0,scr2008,avaConv,pvInd_b
at,2,h0336,0.0,scr2008,avaConv,pvInd_b
ba,2,h0289,0.0,scr2008,avaConv,pvInd_b
ba,2,h0290,0.0,scr2008,avaConv,pvInd_b
ba,2,h0291,0.0,scr2008,avaConv,pvInd_b
ba,2,h0292,0.0,scr2008,avaConv,pvInd_b
ba,2,h0293,0.001363882860766032,scr2008,avaConv,pvInd_b
ba,2,h0294,0.013379161085663595,scr2008,avaConv,pvInd_b
ba,2,h0295,0.05347559548481403,scr2008,avaConv,pvInd_b
ba,2,h0296,0.12969713313174075,scr2008,avaConv,pvInd_b
ba,2,h0297,0.23029586596077195,scr2008,avaConv,pvInd_b
ba,2,h0298,0.3192994094328286,scr2008,avaConv,pvInd_b
ba,2,h0299,0.3718998671073921,scr2008,avaConv,pvInd_b
ba,2,h0300,0.3747570092618529,scr2008,avaConv,pvInd_b
ba,2,h0301,0.41970369663698553,scr2008,avaConv,pvInd_b
ba,2,h0302,0.4314686619074425,scr2008,avaConv,pvInd_b
ba,2,h0303,0.41038456324919553,scr2008,avaConv,pvInd_b
ba,2,h0304,0.3014413813026168,scr2008,avaConv,pvInd_b
ba,2,h0305,0.19713335692329714,scr2008,avaConv,pvInd_b
ba,2,h0306,0.10478347663476544,scr2008,avaConv,pvInd_b
ba,2,h0307,0.03629690515170372,scr2008,avaConv,pvInd_b
ba,2,h0308,0.005935253044039528,scr2008,avaConv,pvInd_b
ba,2,h0309,8.383099916884493e-5,scr2008,avaConv,pvInd_b
ba,2,h0310,0.0,scr2008,avaConv,pvInd_b
ba,2,h0311,0.0,scr2008,avaConv,pvInd_b
ba,2,h0312,0.0,scr2008,avaConv,pvInd_b
ba,2,h0313,0.0,scr2008,avaConv,pvInd_b
ba,2,h0314,0.0,scr2008,avaConv,pvInd_b
ba,2,h0315,0.0,scr2008,avaConv,pvInd_b
ba,2,h0316,0.0,scr2008,avaConv,pvInd_b
ba,2,h0317,0.0014889330562558143,scr2008,avaConv,pvInd_b
ba,2,h0318,0.014087777056777447,scr2008,avaConv,pvInd_b
ba,2,h0319,0.07992682055828423,scr2008,avaConv,pvInd_b
ba,2,h0320,0.22181209527951612,scr2008,avaConv,pvInd_b
ba,2,h0321,0.42155602870039033,scr2008,avaConv,pvInd_b
ba,2,h0322,0.6029341923618645,scr2008,avaConv,pvInd_b
ba,2,h0323,0.7364121252491482,scr2008,avaConv,pvInd_b
ba,2,h0324,0.8169688945242842,scr2008,avaConv,pvInd_b
ba,2,h0325,0.7841426024253211,scr2008,avaConv,pvInd_b
ba,2,h0326,0.7000369192771255,scr2008,avaConv,pvInd_b
ba,2,h0327,0.5660757615168068,scr2008,avaConv,pvInd_b
ba,2,h0328,0.43728787606749314,scr2008,avaConv,pvInd_b
ba,2,h0329,0.2806733475458192,scr2008,avaConv,pvInd_b
ba,2,h0330,0.13494955587510607,scr2008,avaConv,pvInd_b
ba,2,h0331,0.041125584836329124,scr2008,avaConv,pvInd_b
ba,2,h0332,0.005835230213432473,scr2008,avaConv,pvInd_b
ba,2,h0333,0.0,scr2008,avaConv,pvInd_b
ba,2,h0334,0.0,scr2008,avaConv,pvInd_b
ba,2,h0335,0.0,scr2008,avaConv,pvInd_b
ba,2,h0336,0.0,scr2008,avaConv,pvInd_b
be,2,h0289,0.0,scr2008,avaConv,pvInd_b
be,2,h0290,0.0,scr2008,avaConv,pvInd_b
be,2,h0291,0.0,scr2008,avaConv,pvInd_b
be,2,h0292,0.0,scr2008,avaConv,pvInd_b
be,2,h0293,0.0,scr2008,avaConv,pvInd_b
be,2,h0294,0.009141203115050456,scr2008,avaConv,pvInd_b
be,2,h0295,0.04861159720718626,scr2008,avaConv,pvInd_b
be,2,h0296,0.11249908990472769,scr2008,avaConv,pvInd_b
be,2,h0297,0.19935869444598894,scr2008,avaConv,pvInd_b
be,2,h0298,0.29711271770293207,scr2008,avaConv,pvInd_b
be,2,h0299,0.41404675793445644,scr2008,avaConv,pvInd_b
be,2,h0300,0.5243297591959901,scr2008,avaConv,pvInd_b
be,2,h0301,0.5331493872529885,scr2008,avaConv,pvInd_b
be,2,h0302,0.5025047250274152,scr2008,avaConv,pvInd_b
be,2,h0303,0.43758611514855283,scr2008,avaConv,pvInd_b
be,2,h0304,0.4053798160876121,scr2008,avaConv,pvInd_b
be,2,h0305,0.3411323432782255,scr2008,avaConv,pvInd_b
be,2,h0306,0.2587928343776454,scr2008,avaConv,pvInd_b
be,2,h0307,0.16960495084779104,scr2008,avaConv,pvInd_b
be,2,h0308,0.08827453480920837,scr2008,avaConv,pvInd_b
be,2,h0309,0.029250855726926095,scr2008,avaConv,pvInd_b
be,2,h0310,0.004599302945540487,scr2008,avaConv,pvInd_b
be,2,h0311,0.0,scr2008,avaConv,pvInd_b
be,2,h0312,0.0,scr2008,avaConv,pvInd_b
be,2,h0313,0.0,scr2008,avaConv,pvInd_b
be,2,h0314,0.0,scr2008,avaConv,pvInd_b
be,2,h0315,0.0,scr2008,avaConv,pvInd_b
be,2,h0316,0.0,scr2008,avaConv,pvInd_b
be,2,h0317,0.00033852645928598,scr2008,avaConv,pvInd_b
be,2,h0318,0.011576132143054765,scr2008,avaConv,pvInd_b
be,2,h0319,0.03617158391303838,scr2008,avaConv,pvInd_b
be,2,h0320,0.09205628976132355,scr2008,avaConv,pvInd_b
be,2,h0321,0.18605256094050446,scr2008,avaConv,pvInd_b
be,2,h0322,0.3100962394909358,scr2008,avaConv,pvInd_b
be,2,h0323,0.4170532756754581,scr2008,avaConv,pvInd_b
be,2,h0324,0.44873636324275734,scr2008,avaConv,pvInd_b
be,2,h0325,0.5694333096780028,scr2008,avaConv,pvInd_b
be,2,h0326,0.6590998898326852,scr2008,avaConv,pvInd_b
be,2,h0327,0.7454780949970943,scr2008,avaConv,pvInd_b
be,2,h0328,0.6564737176759705,scr2008,avaConv,pvInd_b
be,2,h0329,0.5287253061955001,scr2008,avaConv,pvInd_b
be,2,h0330,0.37667703697009025,scr2008,avaConv,pvInd_b
be,2,h0331,0.21419168303558353,scr2008,avaConv,pvInd_b
be,2,h0332,0.09440340680871047,scr2008,avaConv,pvInd_b
be,2,h0333,0.02315885744777505,scr2008,avaConv,pvInd_b
be,2,h0334,0.00530851984750069,scr2008,avaConv,pvInd_b
be,2,h0335,0.0,scr2008,avaConv,pvInd_b
be,2,h0336,0.0,scr2008,avaConv,pvInd_b
bg,2,h0289,0.0,scr2008,avaConv,pvInd_b
bg,2,h0290,0.0,scr2008,avaConv,pvInd_b
bg,2,h0291,0.0,scr2008,avaConv,pvInd_b
bg,2,h0292,0.0,scr2008,avaConv,pvInd_b
bg,2,h0293,0.005883521695974973,scr2008,avaConv,pvInd_b
bg,2,h0294,0.04084337100103897,scr2008,avaConv,pvInd_b
bg,2,h0295,0.09224001123951865,scr2008,avaConv,pvInd_b
bg,2,h0296,0.167282280890997,scr2008,avaConv,pvInd_b
bg,2,h0297,0.2348837529063338,scr2008,avaConv,pvInd_b
bg,2,h0298,0.3056858037372091,scr2008,avaConv,pvInd_b
bg,2,h0299,0.3307407829834585,scr2008,avaConv,pvInd_b
bg,2,h0300,0.3201260891772829,scr2008,avaConv,pvInd_b
bg,2,h0301,0.4016258420966882,scr2008,avaConv,pvInd_b
bg,2,h0302,0.4611815913937646,scr2008,avaConv,pvInd_b
bg,2,h0303,0.483175952351755,scr2008,avaConv,pvInd_b
bg,2,h0304,0.35046793896330053,scr2008,avaConv,pvInd_b
bg,2,h0305,0.21180609388657567,scr2008,avaConv,pvInd_b
bg,2,h0306,0.09480281880655166,scr2008,avaConv,pvInd_b
bg,2,h0307,0.026008704835944203,scr2008,avaConv,pvInd_b
bg,2,h0308,0.0027722426365972223,scr2008,avaConv,pvInd_b
bg,2,h0309,0.0,scr2008,avaConv,pvInd_b
bg,2,h0310,0.0,scr2008,avaConv,pvInd_b
bg,2,h0311,0.0,scr2008,avaConv,pvInd_b
bg,2,h0312,0.0,scr2008,avaConv,pvInd_b
bg,2,h0313,0.0,scr2008,avaConv,pvInd_b
bg,2,h0314,0.0,scr2008,avaConv,pvInd_b
bg,2,h0315,0.0,scr2008,avaConv,pvInd_b
bg,2,h0316,0.0,scr2008,avaConv,pvInd_b
bg,2,h0317,0.004369912209642628,scr2008,avaConv,pvInd_b
bg,2,h0318,0.04162186131082819,scr2008,avaConv,pvInd_b
bg,2,h0319,0.14296562260942008,scr2008,avaConv,pvInd_b
bg,2,h0320,0.30401606491690253,scr2008,avaConv,pvInd_b
bg,2,h0321,0.4539130653063941,scr2008,avaConv,pvInd_b
bg,2,h0322,0.5370100716407524,scr2008,avaConv,pvInd_b
bg,2,h0323,0.5643999957731722,scr2008,avaConv,pvInd_b
bg,2,h0324,0.5648843582469938,scr2008,avaConv,pvInd_b
bg,2,h0325,0.5815860612068556,scr2008,avaConv,pvInd_b
bg,2,h0326,0.5614678258180735,scr2008,avaConv,pvInd_b
bg,2,h0327,0.4943492845462638,scr2008,avaConv,pvInd_b
bg,2,h0328,0.3686307333271165,scr2008,avaConv,pvInd_b
bg,2,h0329,0.22649022470969932,scr2008,avaConv,pvInd_b
bg,2,h0330,0.10176498872041233,scr2008,avaConv,pvInd_b
bg,2,h0331,0.02729115049537924,scr2008,avaConv,pvInd_b
bg,2,h0332,0.0022226453210148125,scr2008,avaConv,pvInd_b
bg,2,h0333,0.0,scr2008,avaConv,pvInd_b
bg,2,h0334,0.0,scr2008,avaConv,pvInd_b
bg,2,h0335,0.0,scr2008,avaConv,pvInd_b
bg,2,h0336,0.0,scr2008,avaConv,pvInd_b
ch,2,h0289,0.0,scr2008,avaConv,pvInd_b
ch,2,h0290,0.0,scr2008,avaConv,pvInd_b
ch,2,h0291,0.0,scr2008,avaConv,pvInd_b
ch,2,h0292,0.0,scr2008,avaConv,pvInd_b
ch,2,h0293,0.0,scr2008,avaConv,pvInd_b
ch,2,h0294,0.00108085117469054,scr2008,avaConv,pvInd_b
ch,2,h0295,0.019585889932003105,scr2008,avaConv,pvInd_b
ch,2,h0296,0.06110786839668008,scr2008,avaConv,pvInd_b
ch,2,h0297,0.12908427139698175,scr2008,avaConv,pvInd_b
ch,2,h0298,0.20817698391223222,scr2008,avaConv,pvInd_b
ch,2,h0299,0.30851837863117954,scr2008,avaConv,pvInd_b
ch,2,h0300,0.40529572290375465,scr2008,avaConv,pvInd_b
ch,2,h0301,0.45038455284367046,scr2008,avaConv,pvInd_b
ch,2,h0302,0.4477066306781322,scr2008,avaConv,pvInd_b
ch,2,h0303,0.3938629814764904,scr2008,avaConv,pvInd_b
ch,2,h0304,0.32759987677265306,scr2008,avaConv,pvInd_b
ch,2,h0305,0.2410211543714585,scr2008,avaConv,pvInd_b
ch,2,h0306,0.15941846578246813,scr2008,avaConv,pvInd_b
ch,2,h0307,0.09397701366076268,scr2008,avaConv,pvInd_b
ch,2,h0308,0.04023050594302025,scr2008,avaConv,pvInd_b
ch,2,h0309,0.012133661778052699,scr2008,avaConv,pvInd_b
ch,2,h0310,0.00048477251667092454,scr2008,avaConv,pvInd_b
ch,2,h0311,0.0,scr2008,avaConv,pvInd_b
ch,2,h0312,0.0,scr2008,avaConv,pvInd_b
ch,2,h0313,0.0,scr2008,avaConv,pvInd_b
ch,2,h0314,0.0,scr2008,avaConv,pvInd_b
ch,2,h0315,0.0,scr2008,avaConv,pvInd_b
ch,2,h0316,0.0,scr2008,avaConv,pvInd_b
ch,2,h0317,0.00019318469262759292,scr2008,avaConv,pvInd_b
ch,2,h0318,0.01157578812376973,scr2008,avaConv,pvInd_b
ch,2,h0319,0.05871376929523394,scr2008,avaConv,pvInd_b
ch,2,h0320,0.17091652386969342,scr2008,avaConv,pvInd_b
ch,2,h0321,0.33488686473075463,scr2008,avaConv,pvInd_b
ch,2,h0322,0.5110100289291074,scr2008,avaConv,pvInd_b
ch,2,h0323,0.6528286433336135,scr2008,avaConv,pvInd_b
ch,2,h0324,0.7397580447006042,scr2008,avaConv,pvInd_b
ch,2,h0325,0.7127461957614633,scr2008,avaConv,pvInd_b
ch,2,h0326,0.6729202239791455,scr2008,avaConv,pvInd_b
ch,2,h0327,0.6159605095749632,scr2008,avaConv,pvInd_b
ch,2,h0328,0.5759715293518541,scr2008,avaConv,pvInd_b
ch,2,h0329,0.4598570698498889,scr2008,avaConv,pvInd_b
ch,2,h0330,0.3028790841216279,scr2008,avaConv,pvInd_b
ch,2,h0331,0.1527823726970358,scr2008,avaConv,pvInd_b
ch,2,h0332,0.05358960382060648,scr2008,avaConv,pvInd_b
ch,2,h0333,0.008226691029691854,scr2008,avaConv,pvInd_b
ch,2,h0334,0.0,scr2008,avaConv,pvInd_b
ch,2,h0335,0.0,scr2008,avaConv,pvInd_b
ch,2,h0336,0.0,scr2008,avaConv,pvInd_b
cz,2,h0289,0.0,scr2008,avaConv,pvInd_b
cz,2,h0290,0.0,scr2008,avaConv,pvInd_b
cz,2,h0291,0.0,scr2008,avaConv,pvInd_b
cz,2,h0292,0.0,scr2008,avaConv,pvInd_b
cz,2,h0293,0.007461554731520565,scr2008,avaConv,pvInd_b
cz,2,h0294,0.04244624031607148,scr2008,avaConv,pvInd_b
cz,2,h0295,0.11851615579435126,scr2008,avaConv,pvInd_b
cz,2,h0296,0.22559267018933235,scr2008,avaConv,pvInd_b
cz,2,h0297,0.33448400727404465,scr2008,avaConv,pvInd_b
cz,2,h0298,0.4170488150679308,scr2008,avaConv,pvInd_b
cz,2,h0299,0.47153009791932926,scr2008,avaConv,pvInd_b
cz,2,h0300,0.5010410164512827,scr2008,avaConv,pvInd_b
cz,2,h0301,0.4837398133493468,scr2008,avaConv,pvInd_b
cz,2,h0302,0.4466558803545565,scr2008,avaConv,pvInd_b
cz,2,h0303,0.38276981503138435,scr2008,avaConv,pvInd_b
cz,2,h0304,0.3257042807434878,scr2008,avaConv,pvInd_b
cz,2,h0305,0.2519271085123096,scr2008,avaConv,pvInd_b
cz,2,h0306,0.17013899335129073,scr2008,avaConv,pvInd_b
cz,2,h0307,0.09470323467721253,scr2008,avaConv,pvInd_b
cz,2,h0308,0.03657555341783274,scr2008,avaConv,pvInd_b
cz,2,h0309,0.008789976029510265,scr2008,avaConv,pvInd_b
cz,2,h0310,0.0,scr2008,avaConv,pvInd_b
cz,2,h0311,0.0,scr2008,avaConv,pvInd_b
cz,2,h0312,0.0,scr2008,avaConv,pvInd_b
cz,2,h0313,0.0,scr2008,avaConv,pvInd_b
cz,2,h0314,0.0,scr2008,avaConv,pvInd_b
cz,2,h0315,0.0,scr2008,avaConv,pvInd_b
cz,2,h0316,0.0,scr2008,avaConv,pvInd_b
cz,2,h0317,0.007796941925652686,scr2008,avaConv,pvInd_b
cz,2,h0318,0.03977853365260571,scr2008,avaConv,pvInd_b
cz,2,h0319,0.1244214223824175,scr2008,avaConv,pvInd_b
cz,2,h0320,0.2493916215042953,scr2008,avaConv,pvInd_b
cz,2,h0321,0.3835515475221066,scr2008,avaConv,pvInd_b
cz,2,h0322,0.48359699767219,scr2008,avaConv,pvInd_b
cz,2,h0323,0.549059058752604,scr2008,avaConv,pvInd_b
cz,2,h0324,0.565335482992001,scr2008,avaConv,pvInd_b
cz,2,h0325,0.601276027791439,scr2008,avaConv,pvInd_b
cz,2,h0326,0.5877756724846926,scr2008,avaConv,pvInd_b
cz,2,h0327,0.5496402835003459,scr2008,avaConv,pvInd_b
cz,2,h0328,0.4336981431176006,scr2008,avaConv,pvInd_b
cz,2,h0329,0.31499715023615604,scr2008,avaConv,pvInd_b
cz,2,h0330,0.20263483684746628,scr2008,avaConv,pvInd_b
cz,2,h0331,0.10554515900707673,scr2008,avaConv,pvInd_b
cz,2,h0332,0.03945301761615979,scr2008,avaConv,pvInd_b
cz,2,h0333,0.007793514776591043,scr2008,avaConv,pvInd_b
cz,2,h0334,0.0,scr2008,avaConv,pvInd_b
cz,2,h0335,0.0,scr2008,avaConv,pvInd_b
cz,2,h0336,0.0,scr2008,avaConv,pvInd_b
de,2,h0289,0.0,scr2008,avaConv,pvInd_b
de,2,h0290,0.0,scr2008,avaConv,pvInd_b
de,2,h0291,0.0,scr2008,avaConv,pvInd_b
de,2,h0292,0.0,scr2008,avaConv,pvInd_b
de,2,h0293,0.0029513665165728634,scr2008,avaConv,pvInd_b
de,2,h0294,0.018956312546188705,scr2008,avaConv,pvInd_b
de,2,h0295,0.07545702529217362,scr2008,avaConv,pvInd_b
de,2,h0296,0.16793205868069305,scr2008,avaConv,pvInd_b
de,2,h0297,0.2863110877157799,scr2008,avaConv,pvInd_b
de,2,h0298,0.3967928857732928,scr2008,avaConv,pvInd_b
de,2,h0299,0.49777244836611223,scr2008,avaConv,pvInd_b
de,2,h0300,0.5716900351420241,scr2008,avaConv,pvInd_b
de,2,h0301,0.5535514476434726,scr2008,avaConv,pvInd_b
de,2,h0302,0.48965414903244586,scr2008,avaConv,pvInd_b
de,2,h0303,0.3928202704914045,scr2008,avaConv,pvInd_b
de,2,h0304,0.3300729714470395,scr2008,avaConv,pvInd_b
de,2,h0305,0.26262337823950627,scr2008,avaConv,pvInd_b
de,2,h0306,0.19269406423594992,scr2008,avaConv,pvInd_b
de,2,h0307,0.12231300372858324,scr2008,avaConv,pvInd_b
de,2,h0308,0.057184380669026945,scr2008,avaConv,pvInd_b
de,2,h0309,0.017333230138341326,scr2008,avaConv,pvInd_b
de,2,h0310,0.0009284389820287581,scr2008,avaConv,pvInd_b
de,2,h0311,0.0,scr2008,avaConv,pvInd_b
de,2,h0312,0.0,scr2008,avaConv,pvInd_b
de,2,h0313,0.0,scr2008,avaConv,pvInd_b
de,2,h0314,0.0,scr2008,avaConv,pvInd_b
de,2,h0315,0.0,scr2008,avaConv,pvInd_b
de,2,h0316,0.0,scr2008,avaConv,pvInd_b
de,2,h0317,0.0037672660640857333,scr2008,avaConv,pvInd_b
de,2,h0318,0.025956146348531273,scr2008,avaConv,pvInd_b
de,2,h0319,0.07374473328465889,scr2008,avaConv,pvInd_b
de,2,h0320,0.14710219206903352,scr2008,avaConv,pvInd_b
de,2,h0321,0.22970815290800534,scr2008,avaConv,pvInd_b
de,2,h0322,0.3156461195757148,scr2008,avaConv,pvInd_b
de,2,h0323,0.3975232925815235,scr2008,avaConv,pvInd_b
de,2,h0324,0.46248970415824425,scr2008,avaConv,pvInd_b
de,2,h0325,0.5326035892676477,scr2008,avaConv,pvInd_b
de,2,h0326,0.5685041171641322,scr2008,avaConv,pvInd_b
de,2,h0327,0.571219548729099,scr2008,avaConv,pvInd_b
de,2,h0328,0.5105992451061308,scr2008,avaConv,pvInd_b
de,2,h0329,0.42193420822505817,scr2008,avaConv,pvInd_b
de,2,h0330,0.30914781955617515,scr2008,avaConv,pvInd_b
de,2,h0331,0.18465742788621742,scr2008,avaConv,pvInd_b
de,2,h0332,0.07968792402055204,scr2008,avaConv,pvInd_b
de,2,h0333,0.020293422648808804,scr2008,avaConv,pvInd_b
de,2,h0334,0.0014670803980749777,scr2008,avaConv,pvInd_b
de,2,h0335,0.0,scr2008,avaConv,pvInd_b
de,2,h0336,0.0,scr2008,avaConv,pvInd_b
dk_e,2,h0289,0.0,scr2008,avaConv,pvInd_b
dk_e,2,h0290,0.0,scr2008,avaConv,pvInd_b
dk_e,2,h0291,0.0,scr2008,avaConv,pvInd_b
dk_e,2,h0292,0.0,scr2008,avaConv,pvInd_b
dk_e,2,h0293,0.001831500136602564,scr2008,avaConv,pvInd_b
dk_e,2,h0294,0.01699593921597615,scr2008,avaConv,pvInd_b
dk_e,2,h0295,0.08240081596940471,scr2008,avaConv,pvInd_b
dk_e,2,h0296,0.21434838215145025,scr2008,avaConv,pvInd_b
dk_e,2,h0297,0.393610527742789,scr2008,avaConv,pvInd_b
dk_e,2,h0298,0.5628133778675856,scr2008,avaConv,pvInd_b
dk_e,2,h0299,0.692229913722047,scr2008,avaConv,pvInd_b
dk_e,2,h0300,0.7667647072716045,scr2008,avaConv,pvInd_b
dk_e,2,h0301,0.7200280470823758,scr2008,avaConv,pvInd_b
dk_e,2,h0302,0.6250213784165228,scr2008,avaConv,pvInd_b
dk_e,2,h0303,0.5245434213293613,scr2008,avaConv,pvInd_b
dk_e,2,h0304,0.46044516825256554,scr2008,avaConv,pvInd_b
dk_e,2,h0305,0.3705746452922338,scr2008,avaConv,pvInd_b
dk_e,2,h0306,0.2409884965342756,scr2008,avaConv,pvInd_b
dk_e,2,h0307,0.12202925664337322,scr2008,avaConv,pvInd_b
dk_e,2,h0308,0.04406680741789091,scr2008,avaConv,pvInd_b
dk_e,2,h0309,0.009549821140431597,scr2008,avaConv,pvInd_b
dk_e,2,h0310,0.001133596176696877,scr2008,avaConv,pvInd_b
dk_e,2,h0311,0.0,scr2008,avaConv,pvInd_b
dk_e,2,h0312,0.0,scr2008,avaConv,pvInd_b
dk_e,2,h0313,0.0,scr2008,avaConv,pvInd_b
dk_e,2,h0314,0.0,scr2008,avaConv,pvInd_b
dk_e,2,h0315,0.0,scr2008,avaConv,pvInd_b
dk_e,2,h0316,0.0,scr2008,avaConv,pvInd_b
dk_e,2,h0317,0.004506290437197205,scr2008,avaConv,pvInd_b
dk_e,2,h0318,0.024200074457142343,scr2008,avaConv,pvInd_b
dk_e,2,h0319,0.08269718614971253,scr2008,avaConv,pvInd_b
dk_e,2,h0320,0.19124467019006558,scr2008,avaConv,pvInd_b
dk_e,2,h0321,0.34788605814651014,scr2008,avaConv,pvInd_b
dk_e,2,h0322,0.502695907324443,scr2008,avaConv,pvInd_b
dk_e,2,h0323,0.6136141568335675,scr2008,avaConv,pvInd_b
dk_e,2,h0324,0.6669871386744542,scr2008,avaConv,pvInd_b
dk_e,2,h0325,0.6605945562547327,scr2008,avaConv,pvInd_b
dk_e,2,h0326,0.6608937708808654,scr2008,avaConv,pvInd_b
dk_e,2,h0327,0.6336954923069261,scr2008,avaConv,pvInd_b
dk_e,2,h0328,0.5871959851851676,scr2008,avaConv,pvInd_b
dk_e,2,h0329,0.46496486542013715,scr2008,avaConv,pvInd_b
dk_e,2,h0330,0.2995705665648442,scr2008,avaConv,pvInd_b
dk_e,2,h0331,0.1502328297368567,scr2008,avaConv,pvInd_b
dk_e,2,h0332,0.05150299390302746,scr2008,avaConv,pvInd_b
dk_e,2,h0333,0.012766159397628787,scr2008,avaConv,pvInd_b
dk_e,2,h0334,0.0017560817147498358,scr2008,avaConv,pvInd_b
dk_e,2,h0335,0.0,scr2008,avaConv,pvInd_b
dk_e,2,h0336,0.0,scr2008,avaConv,pvInd_b
dk_w,2,h0289,0.0,scr2008,avaConv,pvInd_b
dk_w,2,h0290,0.0,scr2008,avaConv,pvInd_b
dk_w,2,h0291,0.0,scr2008,avaConv,pvInd_b
dk_w,2,h0292,0.0,scr2008,avaConv,pvInd_b
dk_w,2,h0293,0.001198603296410334,scr2008,avaConv,pvInd_b
dk_w,2,h0294,0.011033617130830417,scr2008,avaConv,pvInd_b
dk_w,2,h0295,0.065211255646052,scr2008,avaConv,pvInd_b
dk_w,2,h0296,0.18851335799830013,scr2008,avaConv,pvInd_b
dk_w,2,h0297,0.3710628745233753,scr2008,avaConv,pvInd_b
dk_w,2,h0298,0.5515226355204452,scr2008,avaConv,pvInd_b
dk_w,2,h0299,0.69209732708362,scr2008,avaConv,pvInd_b
dk_w,2,h0300,0.780959433460914,scr2008,avaConv,pvInd_b
dk_w,2,h0301,0.7478269469345631,scr2008,avaConv,pvInd_b
dk_w,2,h0302,0.6647406249034656,scr2008,avaConv,pvInd_b
dk_w,2,h0303,0.5445330877136271,scr2008,avaConv,pvInd_b
dk_w,2,h0304,0.466397587061006,scr2008,avaConv,pvInd_b
dk_w,2,h0305,0.3686925444148806,scr2008,avaConv,pvInd_b
dk_w,2,h0306,0.24952622517985465,scr2008,avaConv,pvInd_b
dk_w,2,h0307,0.13104865760758547,scr2008,avaConv,pvInd_b
dk_w,2,h0308,0.04835422671056811,scr2008,avaConv,pvInd_b
dk_w,2,h0309,0.01150010363331681,scr2008,avaConv,pvInd_b
dk_w,2,h0310,0.0018326529796403755,scr2008,avaConv,pvInd_b
dk_w,2,h0311,0.0,scr2008,avaConv,pvInd_b
dk_w,2,h0312,0.0,scr2008,avaConv,pvInd_b
dk_w,2,h0313,0.0,scr2008,avaConv,pvInd_b
dk_w,2,h0314,0.0,scr2008,avaConv,pvInd_b
dk_w,2,h0315,0.0,scr2008,avaConv,pvInd_b
dk_w,2,h0316,0.0,scr2008,avaConv,pvInd_b
dk_w,2,h0317,0.004046667496376557,scr2008,avaConv,pvInd_b
dk_w,2,h0318,0.019840835998815393,scr2008,avaConv,pvInd_b
dk_w,2,h0319,0.07323048620710211,scr2008,avaConv,pvInd_b
dk_w,2,h0320,0.17398843567460226,scr2008,avaConv,pvInd_b
dk_w,2,h0321,0.30713751645946163,scr2008,avaConv,pvInd_b
dk_w,2,h0322,0.4204440595000407,scr2008,avaConv,pvInd_b
dk_w,2,h0323,0.5062762856817637,scr2008,avaConv,pvInd_b
dk_w,2,h0324,0.5661993905869908,scr2008,avaConv,pvInd_b
dk_w,2,h0325,0.6343069886154693,scr2008,avaConv,pvInd_b
dk_w,2,h0326,0.6766279698497843,scr2008,avaConv,pvInd_b
dk_w,2,h0327,0.6874506359953424,scr2008,avaConv,pvInd_b
dk_w,2,h0328,0.62461530427962,scr2008,avaConv,pvInd_b
dk_w,2,h0329,0.4953666513406911,scr2008,avaConv,pvInd_b
dk_w,2,h0330,0.31731182734897195,scr2008,avaConv,pvInd_b
dk_w,2,h0331,0.1513429586472863,scr2008,avaConv,pvInd_b
dk_w,2,h0332,0.04950128171797082,scr2008,avaConv,pvInd_b
dk_w,2,h0333,0.009468441885115943,scr2008,avaConv,pvInd_b
dk_w,2,h0334,0.0015932581477437592,scr2008,avaConv,pvInd_b
dk_w,2,h0335,0.0,scr2008,avaConv,pvInd_b
dk_w,2,h0336,0.0,scr2008,avaConv,pvInd_b
ee,2,h0289,0.0,scr2008,avaConv,pvInd_b
ee,2,h0290,0.0,scr2008,avaConv,pvInd_b
ee,2,h0291,0.00017805734810814734,scr2008,avaConv,pvInd_b
ee,2,h0292,0.0031798100972691553,scr2008,avaConv,pvInd_b
ee,2,h0293,0.01954531038209333,scr2008,avaConv,pvInd_b
ee,2,h0294,0.09061458218606389,scr2008,avaConv,pvInd_b
ee,2,h0295,0.20858392999817438,scr2008,avaConv,pvInd_b
ee,2,h0296,0.36693561381684625,scr2008,avaConv,pvInd_b
ee,2,h0297,0.5094231416713738,scr2008,avaConv,pvInd_b
ee,2,h0298,0.640983691194306,scr2008,avaConv,pvInd_b
ee,2,h0299,0.7287857565767163,scr2008,avaConv,pvInd_b
ee,2,h0300,0.7729881894056976,scr2008,avaConv,pvInd_b
ee,2,h0301,0.7059352195740393,scr2008,avaConv,pvInd_b
ee,2,h0302,0.6090934600443362,scr2008,avaConv,pvInd_b
ee,2,h0303,0.4879332110558465,scr2008,avaConv,pvInd_b
ee,2,h0304,0.39042842992689447,scr2008,avaConv,pvInd_b
ee,2,h0305,0.2717885997431825,scr2008,avaConv,pvInd_b
ee,2,h0306,0.15307057869759108,scr2008,avaConv,pvInd_b
ee,2,h0307,0.0642619227707567,scr2008,avaConv,pvInd_b
ee,2,h0308,0.018540749474634063,scr2008,avaConv,pvInd_b
ee,2,h0309,0.0006790512462744301,scr2008,avaConv,pvInd_b
ee,2,h0310,0.0,scr2008,avaConv,pvInd_b
ee,2,h0311,0.0,scr2008,avaConv,pvInd_b
ee,2,h0312,0.0,scr2008,avaConv,pvInd_b
ee,2,h0313,0.0,scr2008,avaConv,pvInd_b
ee,2,h0314,0.0,scr2008,avaConv,pvInd_b
ee,2,h0315,0.0,scr2008,avaConv,pvInd_b
ee,2,h0316,0.003853101314956969,scr2008,avaConv,pvInd_b
ee,2,h0317,0.017505098172728054,scr2008,avaConv,pvInd_b
ee,2,h0318,0.05188164797970309,scr2008,avaConv,pvInd_b
ee,2,h0319,0.16329321990520457,scr2008,avaConv,pvInd_b
ee,2,h0320,0.3193703440978968,scr2008,avaConv,pvInd_b
ee,2,h0321,0.4931310433470773,scr2008,avaConv,pvInd_b
ee,2,h0322,0.5836444029550543,scr2008,avaConv,pvInd_b
ee,2,h0323,0.6269060214424564,scr2008,avaConv,pvInd_b
ee,2,h0324,0.6299244005762397,scr2008,avaConv,pvInd_b
ee,2,h0325,0.5049815893270883,scr2008,avaConv,pvInd_b
ee,2,h0326,0.37861558399746437,scr2008,avaConv,pvInd_b
ee,2,h0327,0.2472787786188117,scr2008,avaConv,pvInd_b
ee,2,h0328,0.21450980317099055,scr2008,avaConv,pvInd_b
ee,2,h0329,0.16708561566793853,scr2008,avaConv,pvInd_b
ee,2,h0330,0.11302407966368389,scr2008,avaConv,pvInd_b
ee,2,h0331,0.06463097155579393,scr2008,avaConv,pvInd_b
ee,2,h0332,0.02502421570842966,scr2008,avaConv,pvInd_b
ee,2,h0333,0.006039333146013761,scr2008,avaConv,pvInd_b
ee,2,h0334,0.0,scr2008,avaConv,pvInd_b
ee,2,h0335,0.0,scr2008,avaConv,pvInd_b
ee,2,h0336,0.0,scr2008,avaConv,pvInd_b
es,2,h0289,0.0,scr2008,avaConv,pvInd_b
es,2,h0290,0.0,scr2008,avaConv,pvInd_b
es,2,h0291,0.0,scr2008,avaConv,pvInd_b
es,2,h0292,0.0,scr2008,avaConv,pvInd_b
es,2,h0293,0.0,scr2008,avaConv,pvInd_b
es,2,h0294,7.809536049048924e-6,scr2008,avaConv,pvInd_b
es,2,h0295,0.002483392353225671,scr2008,avaConv,pvInd_b
es,2,h0296,0.027103880792620577,scr2008,avaConv,pvInd_b
es,2,h0297,0.10661235520073223,scr2008,avaConv,pvInd_b
es,2,h0298,0.24807713750399055,scr2008,avaConv,pvInd_b
es,2,h0299,0.40210316052322287,scr2008,avaConv,pvInd_b
es,2,h0300,0.5234637613731024,scr2008,avaConv,pvInd_b
es,2,h0301,0.569241316119155,scr2008,avaConv,pvInd_b
es,2,h0302,0.5584009255848805,scr2008,avaConv,pvInd_b
es,2,h0303,0.5088924889602242,scr2008,avaConv,pvInd_b
es,2,h0304,0.4421123904735374,scr2008,avaConv,pvInd_b
es,2,h0305,0.3473775618706147,scr2008,avaConv,pvInd_b
es,2,h0306,0.2350381624316785,scr2008,avaConv,pvInd_b
es,2,h0307,0.1269835434111694,scr2008,avaConv,pvInd_b
es,2,h0308,0.045700354944409445,scr2008,avaConv,pvInd_b
es,2,h0309,0.008675014916716099,scr2008,avaConv,pvInd_b
es,2,h0310,0.00012444583106028406,scr2008,avaConv,pvInd_b
es,2,h0311,0.0,scr2008,avaConv,pvInd_b
es,2,h0312,0.0,scr2008,avaConv,pvInd_b
es,2,h0313,0.0,scr2008,avaConv,pvInd_b
es,2,h0314,0.0,scr2008,avaConv,pvInd_b
es,2,h0315,0.0,scr2008,avaConv,pvInd_b
es,2,h0316,0.0,scr2008,avaConv,pvInd_b
es,2,h0317,0.0,scr2008,avaConv,pvInd_b
es,2,h0318,5.011612588770971e-6,scr2008,avaConv,pvInd_b
es,2,h0319,0.00201219620936281,scr2008,avaConv,pvInd_b
es,2,h0320,0.027646743472964426,scr2008,avaConv,pvInd_b
es,2,h0321,0.1142871569346823,scr2008,avaConv,pvInd_b
es,2,h0322,0.27578556884990385,scr2008,avaConv,pvInd_b
es,2,h0323,0.4552952668644009,scr2008,avaConv,pvInd_b
es,2,h0324,0.6015127724840986,scr2008,avaConv,pvInd_b
es,2,h0325,0.6575724838928831,scr2008,avaConv,pvInd_b
es,2,h0326,0.6577320295351322,scr2008,avaConv,pvInd_b
es,2,h0327,0.6130920796974958,scr2008,avaConv,pvInd_b
es,2,h0328,0.5612488675419366,scr2008,avaConv,pvInd_b
es,2,h0329,0.46742932520626534,scr2008,avaConv,pvInd_b
es,2,h0330,0.3327102885919457,scr2008,avaConv,pvInd_b
es,2,h0331,0.1775223360141149,scr2008,avaConv,pvInd_b
es,2,h0332,0.05897514592154768,scr2008,avaConv,pvInd_b
es,2,h0333,0.009028760128222338,scr2008,avaConv,pvInd_b
es,2,h0334,7.181791692554994e-5,scr2008,avaConv,pvInd_b
es,2,h0335,0.0,scr2008,avaConv,pvInd_b
es,2,h0336,0.0,scr2008,avaConv,pvInd_b
fi,2,h0289,0.0,scr2008,avaConv,pvInd_b
fi,2,h0290,0.0,scr2008,avaConv,pvInd_b
fi,2,h0291,0.0007526854461440022,scr2008,avaConv,pvInd_b
fi,2,h0292,0.0033834798092615675,scr2008,avaConv,pvInd_b
fi,2,h0293,0.01714339169126388,scr2008,avaConv,pvInd_b
fi,2,h0294,0.07646622487207563,scr2008,avaConv,pvInd_b
fi,2,h0295,0.1781719446962202,scr2008,avaConv,pvInd_b
fi,2,h0296,0.3319935238673639,scr2008,avaConv,pvInd_b
fi,2,h0297,0.48510420389640097,scr2008,avaConv,pvInd_b
fi,2,h0298,0.6377988337202324,scr2008,avaConv,pvInd_b
fi,2,h0299,0.7367704538513715,scr2008,avaConv,pvInd_b
fi,2,h0300,0.773135955380233,scr2008,avaConv,pvInd_b
fi,2,h0301,0.625202740006834,scr2008,avaConv,pvInd_b
fi,2,h0302,0.46590278320231426,scr2008,avaConv,pvInd_b
fi,2,h0303,0.296182967089705,scr2008,avaConv,pvInd_b
fi,2,h0304,0.23588325418009434,scr2008,avaConv,pvInd_b
fi,2,h0305,0.16538428939760297,scr2008,avaConv,pvInd_b
fi,2,h0306,0.1021892232162696,scr2008,avaConv,pvInd_b
fi,2,h0307,0.051093439510234435,scr2008,avaConv,pvInd_b
fi,2,h0308,0.017793766254340898,scr2008,avaConv,pvInd_b
fi,2,h0309,0.003661596417125657,scr2008,avaConv,pvInd_b
fi,2,h0310,0.0004691845763771502,scr2008,avaConv,pvInd_b
fi,2,h0311,0.0,scr2008,avaConv,pvInd_b
fi,2,h0312,0.0,scr2008,avaConv,pvInd_b
fi,2,h0313,0.0,scr2008,avaConv,pvInd_b
fi,2,h0314,0.00011309689748898363,scr2008,avaConv,pvInd_b
fi,2,h0315,0.0010605893524568719,scr2008,avaConv,pvInd_b
fi,2,h0316,0.005768937529109452,scr2008,avaConv,pvInd_b
fi,2,h0317,0.018505240796267124,scr2008,avaConv,pvInd_b
fi,2,h0318,0.045429957187584954,scr2008,avaConv,pvInd_b
fi,2,h0319,0.11105233545898692,scr2008,avaConv,pvInd_b
fi,2,h0320,0.20137422633221086,scr2008,avaConv,pvInd_b
fi,2,h0321,0.3014315442008969,scr2008,avaConv,pvInd_b
fi,2,h0322,0.3738222865072602,scr2008,avaConv,pvInd_b
fi,2,h0323,0.43682590640863905,scr2008,avaConv,pvInd_b
fi,2,h0324,0.47892360312051674,scr2008,avaConv,pvInd_b
fi,2,h0325,0.45120274586916603,scr2008,avaConv,pvInd_b
fi,2,h0326,0.394660596399645,scr2008,avaConv,pvInd_b
fi,2,h0327,0.31163319469838047,scr2008,avaConv,pvInd_b
fi,2,h0328,0.251698063473801,scr2008,avaConv,pvInd_b
fi,2,h0329,0.1787001694869722,scr2008,avaConv,pvInd_b
fi,2,h0330,0.10987074879962035,scr2008,avaConv,pvInd_b
fi,2,h0331,0.05398617071103063,scr2008,avaConv,pvInd_b
fi,2,h0332,0.018351057601244766,scr2008,avaConv,pvInd_b
fi,2,h0333,0.0038248072652284134,scr2008,avaConv,pvInd_b
fi,2,h0334,0.00041131771848465276,scr2008,avaConv,pvInd_b
fi,2,h0335,0.0,scr2008,avaConv,pvInd_b
fi,2,h0336,0.0,scr2008,avaConv,pvInd_b
fr,2,h0289,0.0,scr2008,avaConv,pvInd_b
fr,2,h0290,0.0,scr2008,avaConv,pvInd_b
fr,2,h0291,0.0,scr2008,avaConv,pvInd_b
fr,2,h0292,0.0,scr2008,avaConv,pvInd_b
fr,2,h0293,0.0,scr2008,avaConv,pvInd_b
fr,2,h0294,0.002854935254969125,scr2008,avaConv,pvInd_b
fr,2,h0295,0.02254334265988044,scr2008,avaConv,pvInd_b
fr,2,h0296,0.07584202933183505,scr2008,avaConv,pvInd_b
fr,2,h0297,0.16306684235622187,scr2008,avaConv,pvInd_b
fr,2,h0298,0.259807864756571,scr2008,avaConv,pvInd_b
fr,2,h0299,0.34273243931457203,scr2008,avaConv,pvInd_b
fr,2,h0300,0.399066813781882,scr2008,avaConv,pvInd_b
fr,2,h0301,0.48003989135436503,scr2008,avaConv,pvInd_b
fr,2,h0302,0.5287081032665095,scr2008,avaConv,pvInd_b
fr,2,h0303,0.5448489580500976,scr2008,avaConv,pvInd_b
fr,2,h0304,0.4723870747746549,scr2008,avaConv,pvInd_b
fr,2,h0305,0.37227761377273527,scr2008,avaConv,pvInd_b
fr,2,h0306,0.2562918062639001,scr2008,avaConv,pvInd_b
fr,2,h0307,0.1452318137521821,scr2008,avaConv,pvInd_b
fr,2,h0308,0.060497476061672516,scr2008,avaConv,pvInd_b
fr,2,h0309,0.015806203733911492,scr2008,avaConv,pvInd_b
fr,2,h0310,0.001192051090929652,scr2008,avaConv,pvInd_b
fr,2,h0311,0.0,scr2008,avaConv,pvInd_b
fr,2,h0312,0.0,scr2008,avaConv,pvInd_b
fr,2,h0313,0.0,scr2008,avaConv,pvInd_b
fr,2,h0314,0.0,scr2008,avaConv,pvInd_b
fr,2,h0315,0.0,scr2008,avaConv,pvInd_b
fr,2,h0316,0.0,scr2008,avaConv,pvInd_b
fr,2,h0317,0.0,scr2008,avaConv,pvInd_b
fr,2,h0318,0.003092032655865765,scr2008,avaConv,pvInd_b
fr,2,h0319,0.0290009660967142,scr2008,avaConv,pvInd_b
fr,2,h0320,0.10973328977201566,scr2008,avaConv,pvInd_b
fr,2,h0321,0.25023275255885535,scr2008,avaConv,pvInd_b
fr,2,h0322,0.4143694120102556,scr2008,avaConv,pvInd_b
fr,2,h0323,0.5514311903345849,scr2008,avaConv,pvInd_b
fr,2,h0324,0.6415540875450703,scr2008,avaConv,pvInd_b
fr,2,h0325,0.6684497530293848,scr2008,avaConv,pvInd_b
fr,2,h0326,0.6549587293872303,scr2008,avaConv,pvInd_b
fr,2,h0327,0.6014376615446803,scr2008,avaConv,pvInd_b
fr,2,h0328,0.5253866476822272,scr2008,avaConv,pvInd_b
fr,2,h0329,0.4158159739404258,scr2008,avaConv,pvInd_b
fr,2,h0330,0.2864972404017864,scr2008,avaConv,pvInd_b
fr,2,h0331,0.1606804397487121,scr2008,avaConv,pvInd_b
fr,2,h0332,0.06429118943794299,scr2008,avaConv,pvInd_b
fr,2,h0333,0.015492887870627562,scr2008,avaConv,pvInd_b
fr,2,h0334,0.0008092429038583899,scr2008,avaConv,pvInd_b
fr,2,h0335,0.0,scr2008,avaConv,pvInd_b
fr,2,h0336,0.0,scr2008,avaConv,pvInd_b
fr_co,2,h0289,0.0,scr2008,avaConv,pvInd_b
fr_co,2,h0290,0.0,scr2008,avaConv,pvInd_b
fr_co,2,h0291,0.0,scr2008,avaConv,pvInd_b
fr_co,2,h0292,0.0,scr2008,avaConv,pvInd_b
fr_co,2,h0293,0.0,scr2008,avaConv,pvInd_b
fr_co,2,h0294,0.009071966603445893,scr2008,avaConv,pvInd_b
fr_co,2,h0295,0.04310367240888218,scr2008,avaConv,pvInd_b
fr_co,2,h0296,0.11124548037844875,scr2008,avaConv,pvInd_b
fr_co,2,h0297,0.1984886104153917,scr2008,avaConv,pvInd_b
fr_co,2,h0298,0.2840019911165201,scr2008,avaConv,pvInd_b
fr_co,2,h0299,0.351900674193683,scr2008,avaConv,pvInd_b
fr_co,2,h0300,0.3954886775081101,scr2008,avaConv,pvInd_b
fr_co,2,h0301,0.4187207431008213,scr2008,avaConv,pvInd_b
fr_co,2,h0302,0.4073542439995566,scr2008,avaConv,pvInd_b
fr_co,2,h0303,0.3749721726848135,scr2008,avaConv,pvInd_b
fr_co,2,h0304,0.3119264651921189,scr2008,avaConv,pvInd_b
fr_co,2,h0305,0.23382199124330133,scr2008,avaConv,pvInd_b
fr_co,2,h0306,0.14548424735185975,scr2008,avaConv,pvInd_b
fr_co,2,h0307,0.06857314822505761,scr2008,avaConv,pvInd_b
fr_co,2,h0308,0.022321850913424944,scr2008,avaConv,pvInd_b
fr_co,2,h0309,0.0034115974635367135,scr2008,avaConv,pvInd_b
fr_co,2,h0310,0.0,scr2008,avaConv,pvInd_b
fr_co,2,h0311,0.0,scr2008,avaConv,pvInd_b
fr_co,2,h0312,0.0,scr2008,avaConv,pvInd_b
fr_co,2,h0313,0.0,scr2008,avaConv,pvInd_b
fr_co,2,h0314,0.0,scr2008,avaConv,pvInd_b
fr_co,2,h0315,0.0,scr2008,avaConv,pvInd_b
fr_co,2,h0316,0.0,scr2008,avaConv,pvInd_b
fr_co,2,h0317,0.0,scr2008,avaConv,pvInd_b
fr_co,2,h0318,0.007569303491638075,scr2008,avaConv,pvInd_b
fr_co,2,h0319,0.04704082313016637,scr2008,avaConv,pvInd_b
fr_co,2,h0320,0.13569139696028504,scr2008,avaConv,pvInd_b
fr_co,2,h0321,0.26123428086169315,scr2008,avaConv,pvInd_b
fr_co,2,h0322,0.387456196652376,scr2008,avaConv,pvInd_b
fr_co,2,h0323,0.48577253876890536,scr2008,avaConv,pvInd_b
fr_co,2,h0324,0.5486731095769011,scr2008,avaConv,pvInd_b
fr_co,2,h0325,0.5773060090559523,scr2008,avaConv,pvInd_b
fr_co,2,h0326,0.5747824441528587,scr2008,avaConv,pvInd_b
fr_co,2,h0327,0.5397678953959533,scr2008,avaConv,pvInd_b
fr_co,2,h0328,0.4691690434267958,scr2008,avaConv,pvInd_b
fr_co,2,h0329,0.36360818221128494,scr2008,avaConv,pvInd_b
fr_co,2,h0330,0.23471030123409942,scr2008,avaConv,pvInd_b
fr_co,2,h0331,0.11314098636266968,scr2008,avaConv,pvInd_b
fr_co,2,h0332,0.034756636431214134,scr2008,avaConv,pvInd_b
fr_co,2,h0333,0.0038480017133155353,scr2008,avaConv,pvInd_b
fr_co,2,h0334,0.0,scr2008,avaConv,pvInd_b
fr_co,2,h0335,0.0,scr2008,avaConv,pvInd_b
fr_co,2,h0336,0.0,scr2008,avaConv,pvInd_b
gr,2,h0289,0.0,scr2008,avaConv,pvInd_b
gr,2,h0290,0.0,scr2008,avaConv,pvInd_b
gr,2,h0291,0.0,scr2008,avaConv,pvInd_b
gr,2,h0292,0.0,scr2008,avaConv,pvInd_b
gr,2,h0293,0.0018463390729294535,scr2008,avaConv,pvInd_b
gr,2,h0294,0.02559611124674331,scr2008,avaConv,pvInd_b
gr,2,h0295,0.10032622037673423,scr2008,avaConv,pvInd_b
gr,2,h0296,0.2385331678842311,scr2008,avaConv,pvInd_b
gr,2,h0297,0.3926701218757795,scr2008,avaConv,pvInd_b
gr,2,h0298,0.5167406488481797,scr2008,avaConv,pvInd_b
gr,2,h0299,0.5796677507705605,scr2008,avaConv,pvInd_b
gr,2,h0300,0.5946431966959328,scr2008,avaConv,pvInd_b
gr,2,h0301,0.6170046381771933,scr2008,avaConv,pvInd_b
gr,2,h0302,0.6075962621873254,scr2008,avaConv,pvInd_b
gr,2,h0303,0.5416750434147638,scr2008,avaConv,pvInd_b
gr,2,h0304,0.38727359054734056,scr2008,avaConv,pvInd_b
gr,2,h0305,0.22052627972373215,scr2008,avaConv,pvInd_b
gr,2,h0306,0.0889508085530615,scr2008,avaConv,pvInd_b
gr,2,h0307,0.021759593977923177,scr2008,avaConv,pvInd_b
gr,2,h0308,0.0014889120934068847,scr2008,avaConv,pvInd_b
gr,2,h0309,0.0,scr2008,avaConv,pvInd_b
gr,2,h0310,0.0,scr2008,avaConv,pvInd_b
gr,2,h0311,0.0,scr2008,avaConv,pvInd_b
gr,2,h0312,0.0,scr2008,avaConv,pvInd_b
gr,2,h0313,0.0,scr2008,avaConv,pvInd_b
gr,2,h0314,0.0,scr2008,avaConv,pvInd_b
gr,2,h0315,0.0,scr2008,avaConv,pvInd_b
gr,2,h0316,0.0,scr2008,avaConv,pvInd_b
gr,2,h0317,0.0013027878853981141,scr2008,avaConv,pvInd_b
gr,2,h0318,0.02433585672498378,scr2008,avaConv,pvInd_b
gr,2,h0319,0.10256854343558434,scr2008,avaConv,pvInd_b
gr,2,h0320,0.2514607226064123,scr2008,avaConv,pvInd_b
gr,2,h0321,0.41921853133650555,scr2008,avaConv,pvInd_b
gr,2,h0322,0.5600915472780919,scr2008,avaConv,pvInd_b
gr,2,h0323,0.6412813504344187,scr2008,avaConv,pvInd_b
gr,2,h0324,0.6616113581816998,scr2008,avaConv,pvInd_b
gr,2,h0325,0.6649324693576175,scr2008,avaConv,pvInd_b
gr,2,h0326,0.6231186436469596,scr2008,avaConv,pvInd_b
gr,2,h0327,0.5448164353015009,scr2008,avaConv,pvInd_b
gr,2,h0328,0.3993744800340496,scr2008,avaConv,pvInd_b
gr,2,h0329,0.2382734002667279,scr2008,avaConv,pvInd_b
gr,2,h0330,0.09912821016633709,scr2008,avaConv,pvInd_b
gr,2,h0331,0.023311559888414487,scr2008,avaConv,pvInd_b
gr,2,h0332,0.0013117405649761503,scr2008,avaConv,pvInd_b
gr,2,h0333,0.0,scr2008,avaConv,pvInd_b
gr,2,h0334,0.0,scr2008,avaConv,pvInd_b
gr,2,h0335,0.0,scr2008,avaConv,pvInd_b
gr,2,h0336,0.0,scr2008,avaConv,pvInd_b
hr,2,h0289,0.0,scr2008,avaConv,pvInd_b
hr,2,h0290,0.0,scr2008,avaConv,pvInd_b
hr,2,h0291,0.0,scr2008,avaConv,pvInd_b
hr,2,h0292,0.0,scr2008,avaConv,pvInd_b
hr,2,h0293,0.0012692804378333401,scr2008,avaConv,pvInd_b
hr,2,h0294,0.011108332507924196,scr2008,avaConv,pvInd_b
hr,2,h0295,0.052097353006871676,scr2008,avaConv,pvInd_b
hr,2,h0296,0.13681182940775846,scr2008,avaConv,pvInd_b
hr,2,h0297,0.24716985211278295,scr2008,avaConv,pvInd_b
hr,2,h0298,0.3312808194483586,scr2008,avaConv,pvInd_b
hr,2,h0299,0.37610195736085217,scr2008,avaConv,pvInd_b
hr,2,h0300,0.38151143151814904,scr2008,avaConv,pvInd_b
hr,2,h0301,0.43558141889383784,scr2008,avaConv,pvInd_b
hr,2,h0302,0.46618913947230745,scr2008,avaConv,pvInd_b
hr,2,h0303,0.4789665895039998,scr2008,avaConv,pvInd_b
hr,2,h0304,0.3793006392862598,scr2008,avaConv,pvInd_b
hr,2,h0305,0.2537882283457269,scr2008,avaConv,pvInd_b
hr,2,h0306,0.12864346681159014,scr2008,avaConv,pvInd_b
hr,2,h0307,0.04596864452940547,scr2008,avaConv,pvInd_b
hr,2,h0308,0.00964938080501444,scr2008,avaConv,pvInd_b
hr,2,h0309,0.0005853361705274899,scr2008,avaConv,pvInd_b
hr,2,h0310,0.0,scr2008,avaConv,pvInd_b
hr,2,h0311,0.0,scr2008,avaConv,pvInd_b
hr,2,h0312,0.0,scr2008,avaConv,pvInd_b
hr,2,h0313,0.0,scr2008,avaConv,pvInd_b
hr,2,h0314,0.0,scr2008,avaConv,pvInd_b
hr,2,h0315,0.0,scr2008,avaConv,pvInd_b
hr,2,h0316,0.0,scr2008,avaConv,pvInd_b
hr,2,h0317,0.0013958782169736104,scr2008,avaConv,pvInd_b
hr,2,h0318,0.011937085647019305,scr2008,avaConv,pvInd_b
hr,2,h0319,0.06747225313797413,scr2008,avaConv,pvInd_b
hr,2,h0320,0.18530483920227203,scr2008,avaConv,pvInd_b
hr,2,h0321,0.35373632391133,scr2008,avaConv,pvInd_b
hr,2,h0322,0.505441543342436,scr2008,avaConv,pvInd_b
hr,2,h0323,0.6138502072374629,scr2008,avaConv,pvInd_b
hr,2,h0324,0.6752817601637687,scr2008,avaConv,pvInd_b
hr,2,h0325,0.6837120117256971,scr2008,avaConv,pvInd_b
hr,2,h0326,0.6511189656780332,scr2008,avaConv,pvInd_b
hr,2,h0327,0.5687184588651549,scr2008,avaConv,pvInd_b
hr,2,h0328,0.44752699342254754,scr2008,avaConv,pvInd_b
hr,2,h0329,0.29720113749178867,scr2008,avaConv,pvInd_b
hr,2,h0330,0.15174295001204044,scr2008,avaConv,pvInd_b
hr,2,h0331,0.05216759037454232,scr2008,avaConv,pvInd_b
hr,2,h0332,0.009133211359060929,scr2008,avaConv,pvInd_b
hr,2,h0333,0.00031321338936395136,scr2008,avaConv,pvInd_b
hr,2,h0334,0.0,scr2008,avaConv,pvInd_b
hr,2,h0335,0.0,scr2008,avaConv,pvInd_b
hr,2,h0336,0.0,scr2008,avaConv,pvInd_b
hu,2,h0289,0.0,scr2008,avaConv,pvInd_b
hu,2,h0290,0.0,scr2008,avaConv,pvInd_b
hu,2,h0291,0.0,scr2008,avaConv,pvInd_b
hu,2,h0292,0.0,scr2008,avaConv,pvInd_b
hu,2,h0293,0.004873462618494299,scr2008,avaConv,pvInd_b
hu,2,h0294,0.02813116121935651,scr2008,avaConv,pvInd_b
hu,2,h0295,0.08493110276912892,scr2008,avaConv,pvInd_b
hu,2,h0296,0.16812013559313188,scr2008,avaConv,pvInd_b
hu,2,h0297,0.25248911585712625,scr2008,avaConv,pvInd_b
hu,2,h0298,0.32604127757410517,scr2008,avaConv,pvInd_b
hu,2,h0299,0.3762912746071441,scr2008,avaConv,pvInd_b
hu,2,h0300,0.4041811387688919,scr2008,avaConv,pvInd_b
hu,2,h0301,0.48138584739334833,scr2008,avaConv,pvInd_b
hu,2,h0302,0.5251075195140003,scr2008,avaConv,pvInd_b
hu,2,h0303,0.5292530705487143,scr2008,avaConv,pvInd_b
hu,2,h0304,0.40243465731501793,scr2008,avaConv,pvInd_b
hu,2,h0305,0.2556807701936487,scr2008,avaConv,pvInd_b
hu,2,h0306,0.12791704128739934,scr2008,avaConv,pvInd_b
hu,2,h0307,0.04506640397139307,scr2008,avaConv,pvInd_b
hu,2,h0308,0.010352412580781444,scr2008,avaConv,pvInd_b
hu,2,h0309,0.0004722009463040757,scr2008,avaConv,pvInd_b
hu,2,h0310,0.0,scr2008,avaConv,pvInd_b
hu,2,h0311,0.0,scr2008,avaConv,pvInd_b
hu,2,h0312,0.0,scr2008,avaConv,pvInd_b
hu,2,h0313,0.0,scr2008,avaConv,pvInd_b
hu,2,h0314,0.0,scr2008,avaConv,pvInd_b
hu,2,h0315,0.0,scr2008,avaConv,pvInd_b
hu,2,h0316,0.0,scr2008,avaConv,pvInd_b
hu,2,h0317,0.0031725688067899558,scr2008,avaConv,pvInd_b
hu,2,h0318,0.01652641365406391,scr2008,avaConv,pvInd_b
hu,2,h0319,0.09539099774036923,scr2008,avaConv,pvInd_b
hu,2,h0320,0.23341866840523676,scr2008,avaConv,pvInd_b
hu,2,h0321,0.4137664816914822,scr2008,avaConv,pvInd_b
hu,2,h0322,0.539157157279227,scr2008,avaConv,pvInd_b
hu,2,h0323,0.6176975899643181,scr2008,avaConv,pvInd_b
hu,2,h0324,0.6419958564687852,scr2008,avaConv,pvInd_b
hu,2,h0325,0.6597162669452208,scr2008,avaConv,pvInd_b
hu,2,h0326,0.6319794388958773,scr2008,avaConv,pvInd_b
hu,2,h0327,0.5762372408474021,scr2008,avaConv,pvInd_b
hu,2,h0328,0.45284161271607537,scr2008,avaConv,pvInd_b
hu,2,h0329,0.30598691787736193,scr2008,avaConv,pvInd_b
hu,2,h0330,0.16125433055734298,scr2008,avaConv,pvInd_b
hu,2,h0331,0.05724499203720836,scr2008,avaConv,pvInd_b
hu,2,h0332,0.011813328804315664,scr2008,avaConv,pvInd_b
hu,2,h0333,0.0006587168482655052,scr2008,avaConv,pvInd_b
hu,2,h0334,0.0,scr2008,avaConv,pvInd_b
hu,2,h0335,0.0,scr2008,avaConv,pvInd_b
hu,2,h0336,0.0,scr2008,avaConv,pvInd_b
ie,2,h0289,0.0,scr2008,avaConv,pvInd_b
ie,2,h0290,0.0,scr2008,avaConv,pvInd_b
ie,2,h0291,0.0,scr2008,avaConv,pvInd_b
ie,2,h0292,0.0,scr2008,avaConv,pvInd_b
ie,2,h0293,0.0,scr2008,avaConv,pvInd_b
ie,2,h0294,0.0021512524983477383,scr2008,avaConv,pvInd_b
ie,2,h0295,0.010236287887898434,scr2008,avaConv,pvInd_b
ie,2,h0296,0.027862675963849837,scr2008,avaConv,pvInd_b
ie,2,h0297,0.06043768328045169,scr2008,avaConv,pvInd_b
ie,2,h0298,0.11027319794477161,scr2008,avaConv,pvInd_b
ie,2,h0299,0.17272419637060052,scr2008,avaConv,pvInd_b
ie,2,h0300,0.23830631839624664,scr2008,avaConv,pvInd_b
ie,2,h0301,0.2612115175361755,scr2008,avaConv,pvInd_b
ie,2,h0302,0.2547315332148171,scr2008,avaConv,pvInd_b
ie,2,h0303,0.21286945935518198,scr2008,avaConv,pvInd_b
ie,2,h0304,0.17535335270235555,scr2008,avaConv,pvInd_b
ie,2,h0305,0.13429392271580218,scr2008,avaConv,pvInd_b
ie,2,h0306,0.09869493246678793,scr2008,avaConv,pvInd_b
ie,2,h0307,0.10620543869826755,scr2008,avaConv,pvInd_b
ie,2,h0308,0.09411545084939875,scr2008,avaConv,pvInd_b
ie,2,h0309,0.07520086854641,scr2008,avaConv,pvInd_b
ie,2,h0310,0.024438051607630577,scr2008,avaConv,pvInd_b
ie,2,h0311,0.004341232189447959,scr2008,avaConv,pvInd_b
ie,2,h0312,0.0,scr2008,avaConv,pvInd_b
ie,2,h0313,0.0,scr2008,avaConv,pvInd_b
ie,2,h0314,0.0,scr2008,avaConv,pvInd_b
ie,2,h0315,0.0,scr2008,avaConv,pvInd_b
ie,2,h0316,0.0,scr2008,avaConv,pvInd_b
ie,2,h0317,0.0,scr2008,avaConv,pvInd_b
ie,2,h0318,0.0022155158856708396,scr2008,avaConv,pvInd_b
ie,2,h0319,0.003357921894579879,scr2008,avaConv,pvInd_b
ie,2,h0320,0.005994562149092149,scr2008,avaConv,pvInd_b
ie,2,h0321,0.010298595051406984,scr2008,avaConv,pvInd_b
ie,2,h0322,0.020953849248981145,scr2008,avaConv,pvInd_b
ie,2,h0323,0.03677866607135114,scr2008,avaConv,pvInd_b
ie,2,h0324,0.0542469241569129,scr2008,avaConv,pvInd_b
ie,2,h0325,0.10059927840436753,scr2008,avaConv,pvInd_b
ie,2,h0326,0.1491052255284418,scr2008,avaConv,pvInd_b
ie,2,h0327,0.2053283781129305,scr2008,avaConv,pvInd_b
ie,2,h0328,0.22215293627336102,scr2008,avaConv,pvInd_b
ie,2,h0329,0.211093350624443,scr2008,avaConv,pvInd_b
ie,2,h0330,0.17515553657240504,scr2008,avaConv,pvInd_b
ie,2,h0331,0.13483844917601,scr2008,avaConv,pvInd_b
ie,2,h0332,0.09487958410833978,scr2008,avaConv,pvInd_b
ie,2,h0333,0.05535430204087374,scr2008,avaConv,pvInd_b
ie,2,h0334,0.02043717829159707,scr2008,avaConv,pvInd_b
ie,2,h0335,0.004616101083327376,scr2008,avaConv,pvInd_b
ie,2,h0336,0.0,scr2008,avaConv,pvInd_b
it_s,2,h0289,0.0,scr2008,avaConv,pvInd_b
it_s,2,h0290,0.0,scr2008,avaConv,pvInd_b
it_s,2,h0291,0.0,scr2008,avaConv,pvInd_b
it_s,2,h0292,0.0,scr2008,avaConv,pvInd_b
it_s,2,h0293,0.00046606972617970046,scr2008,avaConv,pvInd_b
it_s,2,h0294,0.017985365559777394,scr2008,avaConv,pvInd_b
it_s,2,h0295,0.08325614655305108,scr2008,avaConv,pvInd_b
it_s,2,h0296,0.20895140015099023,scr2008,avaConv,pvInd_b
it_s,2,h0297,0.3599316723917446,scr2008,avaConv,pvInd_b
it_s,2,h0298,0.4817120608458721,scr2008,avaConv,pvInd_b
it_s,2,h0299,0.548595131751016,scr2008,avaConv,pvInd_b
it_s,2,h0300,0.5670661647423555,scr2008,avaConv,pvInd_b
it_s,2,h0301,0.5888583596741321,scr2008,avaConv,pvInd_b
it_s,2,h0302,0.5938944677834029,scr2008,avaConv,pvInd_b
it_s,2,h0303,0.5630091492887352,scr2008,avaConv,pvInd_b
it_s,2,h0304,0.45886705888306634,scr2008,avaConv,pvInd_b
it_s,2,h0305,0.3149749482702768,scr2008,avaConv,pvInd_b
it_s,2,h0306,0.16683586770308087,scr2008,avaConv,pvInd_b
it_s,2,h0307,0.05840594592793223,scr2008,avaConv,pvInd_b
it_s,2,h0308,0.00981765603890269,scr2008,avaConv,pvInd_b
it_s,2,h0309,0.0,scr2008,avaConv,pvInd_b
it_s,2,h0310,0.0,scr2008,avaConv,pvInd_b
it_s,2,h0311,0.0,scr2008,avaConv,pvInd_b
it_s,2,h0312,0.0,scr2008,avaConv,pvInd_b
it_s,2,h0313,0.0,scr2008,avaConv,pvInd_b
it_s,2,h0314,0.0,scr2008,avaConv,pvInd_b
it_s,2,h0315,0.0,scr2008,avaConv,pvInd_b
it_s,2,h0316,0.0,scr2008,avaConv,pvInd_b
it_s,2,h0317,0.0003461489153961187,scr2008,avaConv,pvInd_b
it_s,2,h0318,0.016568778316011428,scr2008,avaConv,pvInd_b
it_s,2,h0319,0.08264195979396029,scr2008,avaConv,pvInd_b
it_s,2,h0320,0.2181631383388216,scr2008,avaConv,pvInd_b
it_s,2,h0321,0.39382019295333187,scr2008,avaConv,pvInd_b
it_s,2,h0322,0.558948513331826,scr2008,avaConv,pvInd_b
it_s,2,h0323,0.6799341380276431,scr2008,avaConv,pvInd_b
it_s,2,h0324,0.7454222410882505,scr2008,avaConv,pvInd_b
it_s,2,h0325,0.7588488074804781,scr2008,avaConv,pvInd_b
it_s,2,h0326,0.726850253644963,scr2008,avaConv,pvInd_b
it_s,2,h0327,0.6480453347310571,scr2008,avaConv,pvInd_b
it_s,2,h0328,0.5220657615222163,scr2008,avaConv,pvInd_b
it_s,2,h0329,0.35681221007308717,scr2008,avaConv,pvInd_b
it_s,2,h0330,0.18579467444011208,scr2008,avaConv,pvInd_b
it_s,2,h0331,0.06368458621603439,scr2008,avaConv,pvInd_b
it_s,2,h0332,0.009719693677162048,scr2008,avaConv,pvInd_b
it_s,2,h0333,8.258376204883634e-5,scr2008,avaConv,pvInd_b
it_s,2,h0334,0.0,scr2008,avaConv,pvInd_b
it_s,2,h0335,0.0,scr2008,avaConv,pvInd_b
it_s,2,h0336,0.0,scr2008,avaConv,pvInd_b
it_cn,2,h0289,0.0,scr2008,avaConv,pvInd_b
it_cn,2,h0290,0.0,scr2008,avaConv,pvInd_b
it_cn,2,h0291,0.0,scr2008,avaConv,pvInd_b
it_cn,2,h0292,0.0,scr2008,avaConv,pvInd_b
it_cn,2,h0293,0.00013247628522736226,scr2008,avaConv,pvInd_b
it_cn,2,h0294,0.013318849229833942,scr2008,avaConv,pvInd_b
it_cn,2,h0295,0.061452843956839025,scr2008,avaConv,pvInd_b
it_cn,2,h0296,0.15467454833238636,scr2008,avaConv,pvInd_b
it_cn,2,h0297,0.26113612772703115,scr2008,avaConv,pvInd_b
it_cn,2,h0298,0.34656741635601174,scr2008,avaConv,pvInd_b
it_cn,2,h0299,0.39821867894191,scr2008,avaConv,pvInd_b
it_cn,2,h0300,0.42828568596491223,scr2008,avaConv,pvInd_b
it_cn,2,h0301,0.49730140674425244,scr2008,avaConv,pvInd_b
it_cn,2,h0302,0.5506308574482135,scr2008,avaConv,pvInd_b
it_cn,2,h0303,0.5724083202175371,scr2008,avaConv,pvInd_b
it_cn,2,h0304,0.4976892709674824,scr2008,avaConv,pvInd_b
it_cn,2,h0305,0.3765272894073503,scr2008,avaConv,pvInd_b
it_cn,2,h0306,0.23285348499303626,scr2008,avaConv,pvInd_b
it_cn,2,h0307,0.10575853558042649,scr2008,avaConv,pvInd_b
it_cn,2,h0308,0.030730755782336167,scr2008,avaConv,pvInd_b
it_cn,2,h0309,0.0038565101790033795,scr2008,avaConv,pvInd_b
it_cn,2,h0310,0.0,scr2008,avaConv,pvInd_b
it_cn,2,h0311,0.0,scr2008,avaConv,pvInd_b
it_cn,2,h0312,0.0,scr2008,avaConv,pvInd_b
it_cn,2,h0313,0.0,scr2008,avaConv,pvInd_b
it_cn,2,h0314,0.0,scr2008,avaConv,pvInd_b
it_cn,2,h0315,0.0,scr2008,avaConv,pvInd_b
it_cn,2,h0316,0.0,scr2008,avaConv,pvInd_b
it_cn,2,h0317,0.0001467569424297182,scr2008,avaConv,pvInd_b
it_cn,2,h0318,0.013064002205606882,scr2008,avaConv,pvInd_b
it_cn,2,h0319,0.06990833245545361,scr2008,avaConv,pvInd_b
it_cn,2,h0320,0.1950239363763594,scr2008,avaConv,pvInd_b
it_cn,2,h0321,0.3664754335547843,scr2008,avaConv,pvInd_b
it_cn,2,h0322,0.5358613282536909,scr2008,avaConv,pvInd_b
it_cn,2,h0323,0.6642380962960441,scr2008,avaConv,pvInd_b
it_cn,2,h0324,0.7413685199127465,scr2008,avaConv,pvInd_b
it_cn,2,h0325,0.7769834406690312,scr2008,avaConv,pvInd_b
it_cn,2,h0326,0.7694701714906573,scr2008,avaConv,pvInd_b
it_cn,2,h0327,0.7171533337779449,scr2008,avaConv,pvInd_b
it_cn,2,h0328,0.6092619867929936,scr2008,avaConv,pvInd_b
it_cn,2,h0329,0.4552630287881489,scr2008,avaConv,pvInd_b
it_cn,2,h0330,0.27628303059516585,scr2008,avaConv,pvInd_b
it_cn,2,h0331,0.12107150520265775,scr2008,avaConv,pvInd_b
it_cn,2,h0332,0.03152752355125613,scr2008,avaConv,pvInd_b
it_cn,2,h0333,0.002461594211491679,scr2008,avaConv,pvInd_b
it_cn,2,h0334,0.0,scr2008,avaConv,pvInd_b
it_cn,2,h0335,0.0,scr2008,avaConv,pvInd_b
it_cn,2,h0336,0.0,scr2008,avaConv,pvInd_b
it_cs,2,h0289,0.0,scr2008,avaConv,pvInd_b
it_cs,2,h0290,0.0,scr2008,avaConv,pvInd_b
it_cs,2,h0291,0.0,scr2008,avaConv,pvInd_b
it_cs,2,h0292,0.0,scr2008,avaConv,pvInd_b
it_cs,2,h0293,0.00022547860413687197,scr2008,avaConv,pvInd_b
it_cs,2,h0294,0.010858475209729261,scr2008,avaConv,pvInd_b
it_cs,2,h0295,0.05741529015198858,scr2008,avaConv,pvInd_b
it_cs,2,h0296,0.15563945438541749,scr2008,avaConv,pvInd_b
it_cs,2,h0297,0.27923483959451845,scr2008,avaConv,pvInd_b
it_cs,2,h0298,0.38457909026377596,scr2008,avaConv,pvInd_b
it_cs,2,h0299,0.44300837144417693,scr2008,avaConv,pvInd_b
it_cs,2,h0300,0.45497069441303856,scr2008,avaConv,pvInd_b
it_cs,2,h0301,0.4738197548916766,scr2008,avaConv,pvInd_b
it_cs,2,h0302,0.4802361094963612,scr2008,avaConv,pvInd_b
it_cs,2,h0303,0.4733806335183886,scr2008,avaConv,pvInd_b
it_cs,2,h0304,0.4063806528852401,scr2008,avaConv,pvInd_b
it_cs,2,h0305,0.30039764056670626,scr2008,avaConv,pvInd_b
it_cs,2,h0306,0.17824842935650093,scr2008,avaConv,pvInd_b
it_cs,2,h0307,0.07275363125614194,scr2008,avaConv,pvInd_b
it_cs,2,h0308,0.017809313926227404,scr2008,avaConv,pvInd_b
it_cs,2,h0309,0.0013649129940175304,scr2008,avaConv,pvInd_b
it_cs,2,h0310,0.0,scr2008,avaConv,pvInd_b
it_cs,2,h0311,0.0,scr2008,avaConv,pvInd_b
it_cs,2,h0312,0.0,scr2008,avaConv,pvInd_b
it_cs,2,h0313,0.0,scr2008,avaConv,pvInd_b
it_cs,2,h0314,0.0,scr2008,avaConv,pvInd_b
it_cs,2,h0315,0.0,scr2008,avaConv,pvInd_b
it_cs,2,h0316,0.0,scr2008,avaConv,pvInd_b
it_cs,2,h0317,7.013239727829297e-5,scr2008,avaConv,pvInd_b
it_cs,2,h0318,0.011495722679039299,scr2008,avaConv,pvInd_b
it_cs,2,h0319,0.0680818682985083,scr2008,avaConv,pvInd_b
it_cs,2,h0320,0.19572217332742795,scr2008,avaConv,pvInd_b
it_cs,2,h0321,0.3723213312054933,scr2008,avaConv,pvInd_b
it_cs,2,h0322,0.5445256860171461,scr2008,avaConv,pvInd_b
it_cs,2,h0323,0.6751882433397021,scr2008,avaConv,pvInd_b
it_cs,2,h0324,0.7541300607642438,scr2008,avaConv,pvInd_b
it_cs,2,h0325,0.770560900420974,scr2008,avaConv,pvInd_b
it_cs,2,h0326,0.735803848662622,scr2008,avaConv,pvInd_b
it_cs,2,h0327,0.6526338835208614,scr2008,avaConv,pvInd_b
it_cs,2,h0328,0.5344439960684729,scr2008,avaConv,pvInd_b
it_cs,2,h0329,0.38178664414061736,scr2008,avaConv,pvInd_b
it_cs,2,h0330,0.2187246025613141,scr2008,avaConv,pvInd_b
it_cs,2,h0331,0.08745317297487715,scr2008,avaConv,pvInd_b
it_cs,2,h0332,0.019826423213195703,scr2008,avaConv,pvInd_b
it_cs,2,h0333,0.0008846078072074242,scr2008,avaConv,pvInd_b
it_cs,2,h0334,0.0,scr2008,avaConv,pvInd_b
it_cs,2,h0335,0.0,scr2008,avaConv,pvInd_b
it_cs,2,h0336,0.0,scr2008,avaConv,pvInd_b
it_n,2,h0289,0.0,scr2008,avaConv,pvInd_b
it_n,2,h0290,0.0,scr2008,avaConv,pvInd_b
it_n,2,h0291,0.0,scr2008,avaConv,pvInd_b
it_n,2,h0292,0.0,scr2008,avaConv,pvInd_b
it_n,2,h0293,0.0,scr2008,avaConv,pvInd_b
it_n,2,h0294,0.0073486932297878,scr2008,avaConv,pvInd_b
it_n,2,h0295,0.05213008908825572,scr2008,avaConv,pvInd_b
it_n,2,h0296,0.1491168656424798,scr2008,avaConv,pvInd_b
it_n,2,h0297,0.2760767481364352,scr2008,avaConv,pvInd_b
it_n,2,h0298,0.3776292425571675,scr2008,avaConv,pvInd_b
it_n,2,h0299,0.4303051409224447,scr2008,avaConv,pvInd_b
it_n,2,h0300,0.4424328545258527,scr2008,avaConv,pvInd_b
it_n,2,h0301,0.505132559418755,scr2008,avaConv,pvInd_b
it_n,2,h0302,0.5551436286764635,scr2008,avaConv,pvInd_b
it_n,2,h0303,0.5774887944441631,scr2008,avaConv,pvInd_b
it_n,2,h0304,0.48663565712415996,scr2008,avaConv,pvInd_b
it_n,2,h0305,0.3570515788069136,scr2008,avaConv,pvInd_b
it_n,2,h0306,0.22286558837128737,scr2008,avaConv,pvInd_b
it_n,2,h0307,0.10795263788677022,scr2008,avaConv,pvInd_b
it_n,2,h0308,0.03727189152869564,scr2008,avaConv,pvInd_b
it_n,2,h0309,0.006085563229957829,scr2008,avaConv,pvInd_b
it_n,2,h0310,0.0,scr2008,avaConv,pvInd_b
it_n,2,h0311,0.0,scr2008,avaConv,pvInd_b
it_n,2,h0312,0.0,scr2008,avaConv,pvInd_b
it_n,2,h0313,0.0,scr2008,avaConv,pvInd_b
it_n,2,h0314,0.0,scr2008,avaConv,pvInd_b
it_n,2,h0315,0.0,scr2008,avaConv,pvInd_b
it_n,2,h0316,0.0,scr2008,avaConv,pvInd_b
it_n,2,h0317,0.00010831160897839508,scr2008,avaConv,pvInd_b
it_n,2,h0318,0.011067801516054373,scr2008,avaConv,pvInd_b
it_n,2,h0319,0.05638412136450218,scr2008,avaConv,pvInd_b
it_n,2,h0320,0.1531024863091751,scr2008,avaConv,pvInd_b
it_n,2,h0321,0.28790576859159833,scr2008,avaConv,pvInd_b
it_n,2,h0322,0.41120096797574657,scr2008,avaConv,pvInd_b
it_n,2,h0323,0.49240812135504136,scr2008,avaConv,pvInd_b
it_n,2,h0324,0.5379738558983737,scr2008,avaConv,pvInd_b
it_n,2,h0325,0.5790314914825898,scr2008,avaConv,pvInd_b
it_n,2,h0326,0.5941272398655917,scr2008,avaConv,pvInd_b
it_n,2,h0327,0.5706026307234167,scr2008,avaConv,pvInd_b
it_n,2,h0328,0.4948012119023697,scr2008,avaConv,pvInd_b
it_n,2,h0329,0.38847711038445315,scr2008,avaConv,pvInd_b
it_n,2,h0330,0.25656932631781215,scr2008,avaConv,pvInd_b
it_n,2,h0331,0.12703890508204427,scr2008,avaConv,pvInd_b
it_n,2,h0332,0.0413238640985806,scr2008,avaConv,pvInd_b
it_n,2,h0333,0.005979866773117581,scr2008,avaConv,pvInd_b
it_n,2,h0334,0.0,scr2008,avaConv,pvInd_b
it_n,2,h0335,0.0,scr2008,avaConv,pvInd_b
it_n,2,h0336,0.0,scr2008,avaConv,pvInd_b
it_sar,2,h0289,0.0,scr2008,avaConv,pvInd_b
it_sar,2,h0290,0.0,scr2008,avaConv,pvInd_b
it_sar,2,h0291,0.0,scr2008,avaConv,pvInd_b
it_sar,2,h0292,0.0,scr2008,avaConv,pvInd_b
it_sar,2,h0293,0.0,scr2008,avaConv,pvInd_b
it_sar,2,h0294,0.01057570381193665,scr2008,avaConv,pvInd_b
it_sar,2,h0295,0.061647897656174074,scr2008,avaConv,pvInd_b
it_sar,2,h0296,0.1672353901169813,scr2008,avaConv,pvInd_b
it_sar,2,h0297,0.31113034583092003,scr2008,avaConv,pvInd_b
it_sar,2,h0298,0.4482924688278119,scr2008,avaConv,pvInd_b
it_sar,2,h0299,0.552140086636561,scr2008,avaConv,pvInd_b
it_sar,2,h0300,0.6157322464109212,scr2008,avaConv,pvInd_b
it_sar,2,h0301,0.5454745121686098,scr2008,avaConv,pvInd_b
it_sar,2,h0302,0.44022202587087256,scr2008,avaConv,pvInd_b
it_sar,2,h0303,0.3001388805108462,scr2008,avaConv,pvInd_b
it_sar,2,h0304,0.2309533109326829,scr2008,avaConv,pvInd_b
it_sar,2,h0305,0.15403045946314414,scr2008,avaConv,pvInd_b
it_sar,2,h0306,0.09102196545638633,scr2008,avaConv,pvInd_b
it_sar,2,h0307,0.04406627142496336,scr2008,avaConv,pvInd_b
it_sar,2,h0308,0.016546704380598864,scr2008,avaConv,pvInd_b
it_sar,2,h0309,0.0035421044675120967,scr2008,avaConv,pvInd_b
it_sar,2,h0310,0.0,scr2008,avaConv,pvInd_b
it_sar,2,h0311,0.0,scr2008,avaConv,pvInd_b
it_sar,2,h0312,0.0,scr2008,avaConv,pvInd_b
it_sar,2,h0313,0.0,scr2008,avaConv,pvInd_b
it_sar,2,h0314,0.0,scr2008,avaConv,pvInd_b
it_sar,2,h0315,0.0,scr2008,avaConv,pvInd_b
it_sar,2,h0316,0.0,scr2008,avaConv,pvInd_b
it_sar,2,h0317,0.0,scr2008,avaConv,pvInd_b
it_sar,2,h0318,0.009083177758104907,scr2008,avaConv,pvInd_b
it_sar,2,h0319,0.059877311635956026,scr2008,avaConv,pvInd_b
it_sar,2,h0320,0.17407363238483697,scr2008,avaConv,pvInd_b
it_sar,2,h0321,0.33525519427947303,scr2008,avaConv,pvInd_b
it_sar,2,h0322,0.49642569757617266,scr2008,avaConv,pvInd_b
it_sar,2,h0323,0.620348387412594,scr2008,avaConv,pvInd_b
it_sar,2,h0324,0.7003076950887399,scr2008,avaConv,pvInd_b
it_sar,2,h0325,0.7424500817337146,scr2008,avaConv,pvInd_b
it_sar,2,h0326,0.7446570138251206,scr2008,avaConv,pvInd_b
it_sar,2,h0327,0.7047369950257313,scr2008,avaConv,pvInd_b
it_sar,2,h0328,0.6134727184586417,scr2008,avaConv,pvInd_b
it_sar,2,h0329,0.4771135952804111,scr2008,avaConv,pvInd_b
it_sar,2,h0330,0.3084331479651372,scr2008,avaConv,pvInd_b
it_sar,2,h0331,0.14849674444091482,scr2008,avaConv,pvInd_b
it_sar,2,h0332,0.045030582212856905,scr2008,avaConv,pvInd_b
it_sar,2,h0333,0.004689170046564842,scr2008,avaConv,pvInd_b
it_sar,2,h0334,0.0,scr2008,avaConv,pvInd_b
it_sar,2,h0335,0.0,scr2008,avaConv,pvInd_b
it_sar,2,h0336,0.0,scr2008,avaConv,pvInd_b
it_sic,2,h0289,0.0,scr2008,avaConv,pvInd_b
it_sic,2,h0290,0.0,scr2008,avaConv,pvInd_b
it_sic,2,h0291,0.0,scr2008,avaConv,pvInd_b
it_sic,2,h0292,0.0,scr2008,avaConv,pvInd_b
it_sic,2,h0293,0.0,scr2008,avaConv,pvInd_b
it_sic,2,h0294,0.009436300321849346,scr2008,avaConv,pvInd_b
it_sic,2,h0295,0.06062590261397887,scr2008,avaConv,pvInd_b
it_sic,2,h0296,0.18001143953039425,scr2008,avaConv,pvInd_b
it_sic,2,h0297,0.35119170093425167,scr2008,avaConv,pvInd_b
it_sic,2,h0298,0.5195009184220413,scr2008,avaConv,pvInd_b
it_sic,2,h0299,0.642758284116783,scr2008,avaConv,pvInd_b
it_sic,2,h0300,0.6885466209511448,scr2008,avaConv,pvInd_b
it_sic,2,h0301,0.7072686669466282,scr2008,avaConv,pvInd_b
it_sic,2,h0302,0.6865811321992984,scr2008,avaConv,pvInd_b
it_sic,2,h0303,0.634020232631764,scr2008,avaConv,pvInd_b
it_sic,2,h0304,0.5046111773057569,scr2008,avaConv,pvInd_b
it_sic,2,h0305,0.34008992703676794,scr2008,avaConv,pvInd_b
it_sic,2,h0306,0.17901421219817487,scr2008,avaConv,pvInd_b
it_sic,2,h0307,0.06396610737357246,scr2008,avaConv,pvInd_b
it_sic,2,h0308,0.011305600244169893,scr2008,avaConv,pvInd_b
it_sic,2,h0309,0.0,scr2008,avaConv,pvInd_b
it_sic,2,h0310,0.0,scr2008,avaConv,pvInd_b
it_sic,2,h0311,0.0,scr2008,avaConv,pvInd_b
it_sic,2,h0312,0.0,scr2008,avaConv,pvInd_b
it_sic,2,h0313,0.0,scr2008,avaConv,pvInd_b
it_sic,2,h0314,0.0,scr2008,avaConv,pvInd_b
it_sic,2,h0315,0.0,scr2008,avaConv,pvInd_b
it_sic,2,h0316,0.0,scr2008,avaConv,pvInd_b
it_sic,2,h0317,0.0,scr2008,avaConv,pvInd_b
it_sic,2,h0318,0.008089419840913614,scr2008,avaConv,pvInd_b
it_sic,2,h0319,0.05797636601438214,scr2008,avaConv,pvInd_b
it_sic,2,h0320,0.17589692521706113,scr2008,avaConv,pvInd_b
it_sic,2,h0321,0.34585030724652177,scr2008,avaConv,pvInd_b
it_sic,2,h0322,0.5103846754205207,scr2008,avaConv,pvInd_b
it_sic,2,h0323,0.6352862209372212,scr2008,avaConv,pvInd_b
it_sic,2,h0324,0.7118947402944764,scr2008,avaConv,pvInd_b
it_sic,2,h0325,0.738702749489036,scr2008,avaConv,pvInd_b
it_sic,2,h0326,0.7190005266059756,scr2008,avaConv,pvInd_b
it_sic,2,h0327,0.6485738975636529,scr2008,avaConv,pvInd_b
it_sic,2,h0328,0.5285488191852233,scr2008,avaConv,pvInd_b
it_sic,2,h0329,0.3665431731180977,scr2008,avaConv,pvInd_b
it_sic,2,h0330,0.1962604687775586,scr2008,avaConv,pvInd_b
it_sic,2,h0331,0.06977264332510372,scr2008,avaConv,pvInd_b
it_sic,2,h0332,0.012231214093001442,scr2008,avaConv,pvInd_b
it_sic,2,h0333,9.345797451166293e-5,scr2008,avaConv,pvInd_b
it_sic,2,h0334,0.0,scr2008,avaConv,pvInd_b
it_sic,2,h0335,0.0,scr2008,avaConv,pvInd_b
it_sic,2,h0336,0.0,scr2008,avaConv,pvInd_b
lt,2,h0289,0.0,scr2008,avaConv,pvInd_b
lt,2,h0290,0.0,scr2008,avaConv,pvInd_b
lt,2,h0291,0.0,scr2008,avaConv,pvInd_b
lt,2,h0292,0.003604007233370943,scr2008,avaConv,pvInd_b
lt,2,h0293,0.01972966560026783,scr2008,avaConv,pvInd_b
lt,2,h0294,0.08732414609182675,scr2008,avaConv,pvInd_b
lt,2,h0295,0.22092727745861415,scr2008,avaConv,pvInd_b
lt,2,h0296,0.4071682012166237,scr2008,avaConv,pvInd_b
lt,2,h0297,0.5847622661196102,scr2008,avaConv,pvInd_b
lt,2,h0298,0.7224967959645928,scr2008,avaConv,pvInd_b
lt,2,h0299,0.8043835228714578,scr2008,avaConv,pvInd_b
lt,2,h0300,0.8384122216812114,scr2008,avaConv,pvInd_b
lt,2,h0301,0.7230761042818635,scr2008,avaConv,pvInd_b
lt,2,h0302,0.5805533790635299,scr2008,avaConv,pvInd_b
lt,2,h0303,0.4168135168765351,scr2008,avaConv,pvInd_b
lt,2,h0304,0.3419951755991957,scr2008,avaConv,pvInd_b
lt,2,h0305,0.25543805795699703,scr2008,avaConv,pvInd_b
lt,2,h0306,0.16037276248711035,scr2008,avaConv,pvInd_b
lt,2,h0307,0.07898010279681732,scr2008,avaConv,pvInd_b
lt,2,h0308,0.024622904732714918,scr2008,avaConv,pvInd_b
lt,2,h0309,0.00488544293743206,scr2008,avaConv,pvInd_b
lt,2,h0310,0.0,scr2008,avaConv,pvInd_b
lt,2,h0311,0.0,scr2008,avaConv,pvInd_b
lt,2,h0312,0.0,scr2008,avaConv,pvInd_b
lt,2,h0313,0.0,scr2008,avaConv,pvInd_b
lt,2,h0314,0.0,scr2008,avaConv,pvInd_b
lt,2,h0315,0.0,scr2008,avaConv,pvInd_b
lt,2,h0316,0.005339740197961332,scr2008,avaConv,pvInd_b
lt,2,h0317,0.024740832267923323,scr2008,avaConv,pvInd_b
lt,2,h0318,0.08974407521865843,scr2008,avaConv,pvInd_b
lt,2,h0319,0.2123776385562677,scr2008,avaConv,pvInd_b
lt,2,h0320,0.36609320284228475,scr2008,avaConv,pvInd_b
lt,2,h0321,0.502508437982501,scr2008,avaConv,pvInd_b
lt,2,h0322,0.5779835135136476,scr2008,avaConv,pvInd_b
lt,2,h0323,0.590425813096067,scr2008,avaConv,pvInd_b
lt,2,h0324,0.5683864339587793,scr2008,avaConv,pvInd_b
lt,2,h0325,0.5496845547639527,scr2008,avaConv,pvInd_b
lt,2,h0326,0.5160583481764075,scr2008,avaConv,pvInd_b
lt,2,h0327,0.4450764890775582,scr2008,avaConv,pvInd_b
lt,2,h0328,0.33145484491444255,scr2008,avaConv,pvInd_b
lt,2,h0329,0.21839506371994266,scr2008,avaConv,pvInd_b
lt,2,h0330,0.12745890124497508,scr2008,avaConv,pvInd_b
lt,2,h0331,0.061968633698478943,scr2008,avaConv,pvInd_b
lt,2,h0332,0.023488539218191568,scr2008,avaConv,pvInd_b
lt,2,h0333,0.005849850430365035,scr2008,avaConv,pvInd_b
lt,2,h0334,0.0,scr2008,avaConv,pvInd_b
lt,2,h0335,0.0,scr2008,avaConv,pvInd_b
lt,2,h0336,0.0,scr2008,avaConv,pvInd_b
lu,2,h0289,0.0,scr2008,avaConv,pvInd_b
lu,2,h0290,0.0,scr2008,avaConv,pvInd_b
lu,2,h0291,0.0,scr2008,avaConv,pvInd_b
lu,2,h0292,0.0,scr2008,avaConv,pvInd_b
lu,2,h0293,0.0,scr2008,avaConv,pvInd_b
lu,2,h0294,0.001906948680295024,scr2008,avaConv,pvInd_b
lu,2,h0295,0.028801976043177614,scr2008,avaConv,pvInd_b
lu,2,h0296,0.09384121657219262,scr2008,avaConv,pvInd_b
lu,2,h0297,0.21409751670342067,scr2008,avaConv,pvInd_b
lu,2,h0298,0.3784225159345446,scr2008,avaConv,pvInd_b
lu,2,h0299,0.6017460199553775,scr2008,avaConv,pvInd_b
lu,2,h0300,0.8049853525848943,scr2008,avaConv,pvInd_b
lu,2,h0301,0.8006550596092629,scr2008,avaConv,pvInd_b
lu,2,h0302,0.6391511716001333,scr2008,avaConv,pvInd_b
lu,2,h0303,0.43763894995496166,scr2008,avaConv,pvInd_b
lu,2,h0304,0.33338931885454676,scr2008,avaConv,pvInd_b
lu,2,h0305,0.258777134788279,scr2008,avaConv,pvInd_b
lu,2,h0306,0.17283172313557302,scr2008,avaConv,pvInd_b
lu,2,h0307,0.09635272251823025,scr2008,avaConv,pvInd_b
lu,2,h0308,0.03741320764749842,scr2008,avaConv,pvInd_b
lu,2,h0309,0.011665948790490575,scr2008,avaConv,pvInd_b
lu,2,h0310,0.0008409602145592838,scr2008,avaConv,pvInd_b
lu,2,h0311,0.0,scr2008,avaConv,pvInd_b
lu,2,h0312,0.0,scr2008,avaConv,pvInd_b
lu,2,h0313,0.0,scr2008,avaConv,pvInd_b
lu,2,h0314,0.0,scr2008,avaConv,pvInd_b
lu,2,h0315,0.0,scr2008,avaConv,pvInd_b
lu,2,h0316,0.0,scr2008,avaConv,pvInd_b
lu,2,h0317,0.0,scr2008,avaConv,pvInd_b
lu,2,h0318,0.0035438905462876337,scr2008,avaConv,pvInd_b
lu,2,h0319,0.03179867910425094,scr2008,avaConv,pvInd_b
lu,2,h0320,0.110432256356268,scr2008,avaConv,pvInd_b
lu,2,h0321,0.24421470272791776,scr2008,avaConv,pvInd_b
lu,2,h0322,0.33867255063514734,scr2008,avaConv,pvInd_b
lu,2,h0323,0.3539900559642367,scr2008,avaConv,pvInd_b
lu,2,h0324,0.3051038170905662,scr2008,avaConv,pvInd_b
lu,2,h0325,0.47980867809140715,scr2008,avaConv,pvInd_b
lu,2,h0326,0.6603174717777202,scr2008,avaConv,pvInd_b
lu,2,h0327,0.814932805447818,scr2008,avaConv,pvInd_b
lu,2,h0328,0.6712420329783108,scr2008,avaConv,pvInd_b
lu,2,h0329,0.5008278981606995,scr2008,avaConv,pvInd_b
lu,2,h0330,0.3168506305037726,scr2008,avaConv,pvInd_b
lu,2,h0331,0.1479777486923275,scr2008,avaConv,pvInd_b
lu,2,h0332,0.04825884291907259,scr2008,avaConv,pvInd_b
lu,2,h0333,0.008841141697077145,scr2008,avaConv,pvInd_b
lu,2,h0334,0.0010372643952435351,scr2008,avaConv,pvInd_b
lu,2,h0335,0.0,scr2008,avaConv,pvInd_b
lu,2,h0336,0.0,scr2008,avaConv,pvInd_b
lv,2,h0289,0.0,scr2008,avaConv,pvInd_b
lv,2,h0290,0.0,scr2008,avaConv,pvInd_b
lv,2,h0291,0.0,scr2008,avaConv,pvInd_b
lv,2,h0292,0.003782319245091691,scr2008,avaConv,pvInd_b
lv,2,h0293,0.02199674429751833,scr2008,avaConv,pvInd_b
lv,2,h0294,0.09680096897719576,scr2008,avaConv,pvInd_b
lv,2,h0295,0.23751532342180312,scr2008,avaConv,pvInd_b
lv,2,h0296,0.4238836133405635,scr2008,avaConv,pvInd_b
lv,2,h0297,0.5919322935711242,scr2008,avaConv,pvInd_b
lv,2,h0298,0.7171119059640559,scr2008,avaConv,pvInd_b
lv,2,h0299,0.7893353975164759,scr2008,avaConv,pvInd_b
lv,2,h0300,0.8206121216369986,scr2008,avaConv,pvInd_b
lv,2,h0301,0.7162568702789874,scr2008,avaConv,pvInd_b
lv,2,h0302,0.592417649557167,scr2008,avaConv,pvInd_b
lv,2,h0303,0.4399361188895848,scr2008,avaConv,pvInd_b
lv,2,h0304,0.3550360535883339,scr2008,avaConv,pvInd_b
lv,2,h0305,0.2515472817997533,scr2008,avaConv,pvInd_b
lv,2,h0306,0.15099497447000151,scr2008,avaConv,pvInd_b
lv,2,h0307,0.07446388938407006,scr2008,avaConv,pvInd_b
lv,2,h0308,0.02544647726371003,scr2008,avaConv,pvInd_b
lv,2,h0309,0.004706975373255681,scr2008,avaConv,pvInd_b
lv,2,h0310,0.0,scr2008,avaConv,pvInd_b
lv,2,h0311,0.0,scr2008,avaConv,pvInd_b
lv,2,h0312,0.0,scr2008,avaConv,pvInd_b
lv,2,h0313,0.0,scr2008,avaConv,pvInd_b
lv,2,h0314,0.0,scr2008,avaConv,pvInd_b
lv,2,h0315,0.0,scr2008,avaConv,pvInd_b
lv,2,h0316,0.00663730010616045,scr2008,avaConv,pvInd_b
lv,2,h0317,0.027724008433670316,scr2008,avaConv,pvInd_b
lv,2,h0318,0.09052715955298289,scr2008,avaConv,pvInd_b
lv,2,h0319,0.20774960487781782,scr2008,avaConv,pvInd_b
lv,2,h0320,0.3519719490277312,scr2008,avaConv,pvInd_b
lv,2,h0321,0.4806473638115247,scr2008,avaConv,pvInd_b
lv,2,h0322,0.5669840389133429,scr2008,avaConv,pvInd_b
lv,2,h0323,0.609435481487107,scr2008,avaConv,pvInd_b
lv,2,h0324,0.5978900751761996,scr2008,avaConv,pvInd_b
lv,2,h0325,0.5286219220461646,scr2008,avaConv,pvInd_b
lv,2,h0326,0.4316079587825692,scr2008,avaConv,pvInd_b
lv,2,h0327,0.318817385411581,scr2008,avaConv,pvInd_b
lv,2,h0328,0.2142207226794974,scr2008,avaConv,pvInd_b
lv,2,h0329,0.1258589304034029,scr2008,avaConv,pvInd_b
lv,2,h0330,0.07003761612360769,scr2008,avaConv,pvInd_b
lv,2,h0331,0.04031953327852446,scr2008,avaConv,pvInd_b
lv,2,h0332,0.018292025295233116,scr2008,avaConv,pvInd_b
lv,2,h0333,0.0070535341035730965,scr2008,avaConv,pvInd_b
lv,2,h0334,0.0,scr2008,avaConv,pvInd_b
lv,2,h0335,0.0,scr2008,avaConv,pvInd_b
lv,2,h0336,0.0,scr2008,avaConv,pvInd_b
me,2,h0289,0.0,scr2008,avaConv,pvInd_b
me,2,h0290,0.0,scr2008,avaConv,pvInd_b
me,2,h0291,0.0,scr2008,avaConv,pvInd_b
me,2,h0292,0.0,scr2008,avaConv,pvInd_b
me,2,h0293,0.0006025981672374295,scr2008,avaConv,pvInd_b
me,2,h0294,0.007124687297379162,scr2008,avaConv,pvInd_b
me,2,h0295,0.05886353099030849,scr2008,avaConv,pvInd_b
me,2,h0296,0.16939247302103214,scr2008,avaConv,pvInd_b
me,2,h0297,0.3191374568099365,scr2008,avaConv,pvInd_b
me,2,h0298,0.3982182493295577,scr2008,avaConv,pvInd_b
me,2,h0299,0.43912641414009657,scr2008,avaConv,pvInd_b
me,2,h0300,0.4831781051550901,scr2008,avaConv,pvInd_b
me,2,h0301,0.5214546744066427,scr2008,avaConv,pvInd_b
me,2,h0302,0.5283524759556787,scr2008,avaConv,pvInd_b
me,2,h0303,0.46575135780694493,scr2008,avaConv,pvInd_b
me,2,h0304,0.36459682784540304,scr2008,avaConv,pvInd_b
me,2,h0305,0.23052105835835612,scr2008,avaConv,pvInd_b
me,2,h0306,0.1058565733861531,scr2008,avaConv,pvInd_b
me,2,h0307,0.02985323280630928,scr2008,avaConv,pvInd_b
me,2,h0308,0.004157606375635634,scr2008,avaConv,pvInd_b
me,2,h0309,0.0,scr2008,avaConv,pvInd_b
me,2,h0310,0.0,scr2008,avaConv,pvInd_b
me,2,h0311,0.0,scr2008,avaConv,pvInd_b
me,2,h0312,0.0,scr2008,avaConv,pvInd_b
me,2,h0313,0.0,scr2008,avaConv,pvInd_b
me,2,h0314,0.0,scr2008,avaConv,pvInd_b
me,2,h0315,0.0,scr2008,avaConv,pvInd_b
me,2,h0316,0.0,scr2008,avaConv,pvInd_b
me,2,h0317,0.0005987965550750594,scr2008,avaConv,pvInd_b
me,2,h0318,0.014157396415794913,scr2008,avaConv,pvInd_b
me,2,h0319,0.0778469550418936,scr2008,avaConv,pvInd_b
me,2,h0320,0.21910936709572573,scr2008,avaConv,pvInd_b
me,2,h0321,0.4072608733714049,scr2008,avaConv,pvInd_b
me,2,h0322,0.5818078999226798,scr2008,avaConv,pvInd_b
me,2,h0323,0.7045558601460213,scr2008,avaConv,pvInd_b
me,2,h0324,0.7660348575529572,scr2008,avaConv,pvInd_b
me,2,h0325,0.6964412336163209,scr2008,avaConv,pvInd_b
me,2,h0326,0.5675644235981702,scr2008,avaConv,pvInd_b
me,2,h0327,0.4238001807935438,scr2008,avaConv,pvInd_b
me,2,h0328,0.3266468956470333,scr2008,avaConv,pvInd_b
me,2,h0329,0.22324648367991734,scr2008,avaConv,pvInd_b
me,2,h0330,0.11112465311830327,scr2008,avaConv,pvInd_b
me,2,h0331,0.033511416812708125,scr2008,avaConv,pvInd_b
me,2,h0332,0.004120792425818967,scr2008,avaConv,pvInd_b
me,2,h0333,4.537916728014957e-5,scr2008,avaConv,pvInd_b
me,2,h0334,0.0,scr2008,avaConv,pvInd_b
me,2,h0335,0.0,scr2008,avaConv,pvInd_b
me,2,h0336,0.0,scr2008,avaConv,pvInd_b
mk,2,h0289,0.0,scr2008,avaConv,pvInd_b
mk,2,h0290,0.0,scr2008,avaConv,pvInd_b
mk,2,h0291,0.0,scr2008,avaConv,pvInd_b
mk,2,h0292,0.0,scr2008,avaConv,pvInd_b
mk,2,h0293,0.0027634158620589663,scr2008,avaConv,pvInd_b
mk,2,h0294,0.029490193622482574,scr2008,avaConv,pvInd_b
mk,2,h0295,0.10414896127212413,scr2008,avaConv,pvInd_b
mk,2,h0296,0.22382033048573327,scr2008,avaConv,pvInd_b
mk,2,h0297,0.3504835811679971,scr2008,avaConv,pvInd_b
mk,2,h0298,0.47049180166847093,scr2008,avaConv,pvInd_b
mk,2,h0299,0.5480314635057388,scr2008,avaConv,pvInd_b
mk,2,h0300,0.5461329150405196,scr2008,avaConv,pvInd_b
mk,2,h0301,0.5430641609708073,scr2008,avaConv,pvInd_b
mk,2,h0302,0.4979139414674776,scr2008,avaConv,pvInd_b
mk,2,h0303,0.4524163744145745,scr2008,avaConv,pvInd_b
mk,2,h0304,0.32266756233568494,scr2008,avaConv,pvInd_b
mk,2,h0305,0.1981456387520758,scr2008,avaConv,pvInd_b
mk,2,h0306,0.09011699778905742,scr2008,avaConv,pvInd_b
mk,2,h0307,0.02662298051923511,scr2008,avaConv,pvInd_b
mk,2,h0308,0.003390147612672267,scr2008,avaConv,pvInd_b
mk,2,h0309,0.0,scr2008,avaConv,pvInd_b
mk,2,h0310,0.0,scr2008,avaConv,pvInd_b
mk,2,h0311,0.0,scr2008,avaConv,pvInd_b
mk,2,h0312,0.0,scr2008,avaConv,pvInd_b
mk,2,h0313,0.0,scr2008,avaConv,pvInd_b
mk,2,h0314,0.0,scr2008,avaConv,pvInd_b
mk,2,h0315,0.0,scr2008,avaConv,pvInd_b
mk,2,h0316,0.0,scr2008,avaConv,pvInd_b
mk,2,h0317,0.0016776047949364587,scr2008,avaConv,pvInd_b
mk,2,h0318,0.02728836225578776,scr2008,avaConv,pvInd_b
mk,2,h0319,0.11703533234580273,scr2008,avaConv,pvInd_b
mk,2,h0320,0.28720105750068964,scr2008,avaConv,pvInd_b
mk,2,h0321,0.48332619654865433,scr2008,avaConv,pvInd_b
mk,2,h0322,0.6459415258794083,scr2008,avaConv,pvInd_b
mk,2,h0323,0.739948657180169,scr2008,avaConv,pvInd_b
mk,2,h0324,0.7733675377249818,scr2008,avaConv,pvInd_b
mk,2,h0325,0.7472071949835025,scr2008,avaConv,pvInd_b
mk,2,h0326,0.670186526250037,scr2008,avaConv,pvInd_b
mk,2,h0327,0.5457753502580751,scr2008,avaConv,pvInd_b
mk,2,h0328,0.39629327637181655,scr2008,avaConv,pvInd_b
mk,2,h0329,0.2399452748110166,scr2008,avaConv,pvInd_b
mk,2,h0330,0.10760792859212474,scr2008,avaConv,pvInd_b
mk,2,h0331,0.02915569577011599,scr2008,avaConv,pvInd_b
mk,2,h0332,0.0029066427371159456,scr2008,avaConv,pvInd_b
mk,2,h0333,0.0,scr2008,avaConv,pvInd_b
mk,2,h0334,0.0,scr2008,avaConv,pvInd_b
mk,2,h0335,0.0,scr2008,avaConv,pvInd_b
mk,2,h0336,0.0,scr2008,avaConv,pvInd_b
nl,2,h0289,0.0,scr2008,avaConv,pvInd_b
nl,2,h0290,0.0,scr2008,avaConv,pvInd_b
nl,2,h0291,0.0,scr2008,avaConv,pvInd_b
nl,2,h0292,0.0,scr2008,avaConv,pvInd_b
nl,2,h0293,0.0015109301434205363,scr2008,avaConv,pvInd_b
nl,2,h0294,0.01448502066585418,scr2008,avaConv,pvInd_b
nl,2,h0295,0.06421171893674889,scr2008,avaConv,pvInd_b
nl,2,h0296,0.17823891291721053,scr2008,avaConv,pvInd_b
nl,2,h0297,0.34828163378182314,scr2008,avaConv,pvInd_b
nl,2,h0298,0.5367452623995621,scr2008,avaConv,pvInd_b
nl,2,h0299,0.6936104207819105,scr2008,avaConv,pvInd_b
nl,2,h0300,0.796567614373482,scr2008,avaConv,pvInd_b
nl,2,h0301,0.7569605175040207,scr2008,avaConv,pvInd_b
nl,2,h0302,0.6580390215281658,scr2008,avaConv,pvInd_b
nl,2,h0303,0.5304608273849005,scr2008,avaConv,pvInd_b
nl,2,h0304,0.4664301489325383,scr2008,avaConv,pvInd_b
nl,2,h0305,0.38397764501521103,scr2008,avaConv,pvInd_b
nl,2,h0306,0.2771297940746783,scr2008,avaConv,pvInd_b
nl,2,h0307,0.15874579483114032,scr2008,avaConv,pvInd_b
nl,2,h0308,0.06834888483714459,scr2008,avaConv,pvInd_b
nl,2,h0309,0.019140921163612965,scr2008,avaConv,pvInd_b
nl,2,h0310,0.002399395676295086,scr2008,avaConv,pvInd_b
nl,2,h0311,0.0,scr2008,avaConv,pvInd_b
nl,2,h0312,0.0,scr2008,avaConv,pvInd_b
nl,2,h0313,0.0,scr2008,avaConv,pvInd_b
nl,2,h0314,0.0,scr2008,avaConv,pvInd_b
nl,2,h0315,0.0,scr2008,avaConv,pvInd_b
nl,2,h0316,0.0,scr2008,avaConv,pvInd_b
nl,2,h0317,0.0014460293709724597,scr2008,avaConv,pvInd_b
nl,2,h0318,0.014266550146395038,scr2008,avaConv,pvInd_b
nl,2,h0319,0.06209797134409847,scr2008,avaConv,pvInd_b
nl,2,h0320,0.1643162993004563,scr2008,avaConv,pvInd_b
nl,2,h0321,0.29722617320235006,scr2008,avaConv,pvInd_b
nl,2,h0322,0.4199796351046549,scr2008,avaConv,pvInd_b
nl,2,h0323,0.4967048249041599,scr2008,avaConv,pvInd_b
nl,2,h0324,0.49176476553284043,scr2008,avaConv,pvInd_b
nl,2,h0325,0.6002075133712811,scr2008,avaConv,pvInd_b
nl,2,h0326,0.6968152133478562,scr2008,avaConv,pvInd_b
nl,2,h0327,0.8055066420206569,scr2008,avaConv,pvInd_b
nl,2,h0328,0.7040774867806607,scr2008,avaConv,pvInd_b
nl,2,h0329,0.5358619607703542,scr2008,avaConv,pvInd_b
nl,2,h0330,0.3469807022490941,scr2008,avaConv,pvInd_b
nl,2,h0331,0.18241156311367138,scr2008,avaConv,pvInd_b
nl,2,h0332,0.07396691896718809,scr2008,avaConv,pvInd_b
nl,2,h0333,0.018975223743737196,scr2008,avaConv,pvInd_b
nl,2,h0334,0.002427121017423255,scr2008,avaConv,pvInd_b
nl,2,h0335,0.0,scr2008,avaConv,pvInd_b
nl,2,h0336,0.0,scr2008,avaConv,pvInd_b
no_m,2,h0289,0.0,scr2008,avaConv,pvInd_b
no_m,2,h0290,0.0,scr2008,avaConv,pvInd_b
no_m,2,h0291,0.0,scr2008,avaConv,pvInd_b
no_m,2,h0292,0.0007163132182247671,scr2008,avaConv,pvInd_b
no_m,2,h0293,0.002771789374401528,scr2008,avaConv,pvInd_b
no_m,2,h0294,0.016517274808805226,scr2008,avaConv,pvInd_b
no_m,2,h0295,0.07231133814440006,scr2008,avaConv,pvInd_b
no_m,2,h0296,0.18197170397978082,scr2008,avaConv,pvInd_b
no_m,2,h0297,0.3236237061711198,scr2008,avaConv,pvInd_b
no_m,2,h0298,0.44355620715492117,scr2008,avaConv,pvInd_b
no_m,2,h0299,0.5116830179765938,scr2008,avaConv,pvInd_b
no_m,2,h0300,0.5189424571417413,scr2008,avaConv,pvInd_b
no_m,2,h0301,0.46688686402814894,scr2008,avaConv,pvInd_b
no_m,2,h0302,0.4167452424319691,scr2008,avaConv,pvInd_b
no_m,2,h0303,0.3719210897239942,scr2008,avaConv,pvInd_b
no_m,2,h0304,0.3367302078985695,scr2008,avaConv,pvInd_b
no_m,2,h0305,0.2699077849303111,scr2008,avaConv,pvInd_b
no_m,2,h0306,0.19152649665266128,scr2008,avaConv,pvInd_b
no_m,2,h0307,0.10989239416193053,scr2008,avaConv,pvInd_b
no_m,2,h0308,0.051351048074095226,scr2008,avaConv,pvInd_b
no_m,2,h0309,0.016470714185296595,scr2008,avaConv,pvInd_b
no_m,2,h0310,0.004481193168036727,scr2008,avaConv,pvInd_b
no_m,2,h0311,0.0007345560307706244,scr2008,avaConv,pvInd_b
no_m,2,h0312,0.0,scr2008,avaConv,pvInd_b
no_m,2,h0313,0.0,scr2008,avaConv,pvInd_b
no_m,2,h0314,0.0,scr2008,avaConv,pvInd_b
no_m,2,h0315,0.0,scr2008,avaConv,pvInd_b
no_m,2,h0316,0.0005192538008858819,scr2008,avaConv,pvInd_b
no_m,2,h0317,0.004048265100486717,scr2008,avaConv,pvInd_b
no_m,2,h0318,0.012479843654737513,scr2008,avaConv,pvInd_b
no_m,2,h0319,0.06468638523149177,scr2008,avaConv,pvInd_b
no_m,2,h0320,0.15896270444546196,scr2008,avaConv,pvInd_b
no_m,2,h0321,0.27212792985171674,scr2008,avaConv,pvInd_b
no_m,2,h0322,0.349118121870661,scr2008,avaConv,pvInd_b
no_m,2,h0323,0.37217339522116916,scr2008,avaConv,pvInd_b
no_m,2,h0324,0.36637649508624803,scr2008,avaConv,pvInd_b
no_m,2,h0325,0.3341243585435804,scr2008,avaConv,pvInd_b
no_m,2,h0326,0.3156508219365633,scr2008,avaConv,pvInd_b
no_m,2,h0327,0.30191951367554976,scr2008,avaConv,pvInd_b
no_m,2,h0328,0.28364590590720484,scr2008,avaConv,pvInd_b
no_m,2,h0329,0.24742844718248386,scr2008,avaConv,pvInd_b
no_m,2,h0330,0.19008898852438566,scr2008,avaConv,pvInd_b
no_m,2,h0331,0.12202665372211872,scr2008,avaConv,pvInd_b
no_m,2,h0332,0.061104169870044314,scr2008,avaConv,pvInd_b
no_m,2,h0333,0.02331676879771066,scr2008,avaConv,pvInd_b
no_m,2,h0334,0.007020562876566373,scr2008,avaConv,pvInd_b
no_m,2,h0335,0.0010214102920162115,scr2008,avaConv,pvInd_b
no_m,2,h0336,0.0,scr2008,avaConv,pvInd_b
no_n,2,h0289,0.00039853933747484993,scr2008,avaConv,pvInd_b
no_n,2,h0290,0.0020446594973894112,scr2008,avaConv,pvInd_b
no_n,2,h0291,0.006102626303359586,scr2008,avaConv,pvInd_b
no_n,2,h0292,0.014226523898706812,scr2008,avaConv,pvInd_b
no_n,2,h0293,0.025740855587003942,scr2008,avaConv,pvInd_b
no_n,2,h0294,0.05084720138738241,scr2008,avaConv,pvInd_b
no_n,2,h0295,0.1193985452884677,scr2008,avaConv,pvInd_b
no_n,2,h0296,0.22544710085535175,scr2008,avaConv,pvInd_b
no_n,2,h0297,0.35110742900018344,scr2008,avaConv,pvInd_b
no_n,2,h0298,0.4576028750339857,scr2008,avaConv,pvInd_b
no_n,2,h0299,0.5445960478627978,scr2008,avaConv,pvInd_b
no_n,2,h0300,0.6005421492787844,scr2008,avaConv,pvInd_b
no_n,2,h0301,0.5508610673821347,scr2008,avaConv,pvInd_b
no_n,2,h0302,0.4745086024879191,scr2008,avaConv,pvInd_b
no_n,2,h0303,0.3811264274637369,scr2008,avaConv,pvInd_b
no_n,2,h0304,0.32815655348711686,scr2008,avaConv,pvInd_b
no_n,2,h0305,0.2522907345562271,scr2008,avaConv,pvInd_b
no_n,2,h0306,0.16731361492201188,scr2008,avaConv,pvInd_b
no_n,2,h0307,0.09745271591202816,scr2008,avaConv,pvInd_b
no_n,2,h0308,0.050777035607311845,scr2008,avaConv,pvInd_b
no_n,2,h0309,0.02416508556432961,scr2008,avaConv,pvInd_b
no_n,2,h0310,0.01080318485016128,scr2008,avaConv,pvInd_b
no_n,2,h0311,0.0036400533596043904,scr2008,avaConv,pvInd_b
no_n,2,h0312,0.0009314829645443345,scr2008,avaConv,pvInd_b
no_n,2,h0313,0.0011750577042671803,scr2008,avaConv,pvInd_b
no_n,2,h0314,0.0037806087376731435,scr2008,avaConv,pvInd_b
no_n,2,h0315,0.009842847375581238,scr2008,avaConv,pvInd_b
no_n,2,h0316,0.02049438196833967,scr2008,avaConv,pvInd_b
no_n,2,h0317,0.038191067245673394,scr2008,avaConv,pvInd_b
no_n,2,h0318,0.06497835273064631,scr2008,avaConv,pvInd_b
no_n,2,h0319,0.10116066361374683,scr2008,avaConv,pvInd_b
no_n,2,h0320,0.1464364126026534,scr2008,avaConv,pvInd_b
no_n,2,h0321,0.20267249062056839,scr2008,avaConv,pvInd_b
no_n,2,h0322,0.268379790721091,scr2008,avaConv,pvInd_b
no_n,2,h0323,0.3300283079738621,scr2008,avaConv,pvInd_b
no_n,2,h0324,0.36168438673390296,scr2008,avaConv,pvInd_b
no_n,2,h0325,0.32360400916312404,scr2008,avaConv,pvInd_b
no_n,2,h0326,0.2703662458148573,scr2008,avaConv,pvInd_b
no_n,2,h0327,0.21524113734827838,scr2008,avaConv,pvInd_b
no_n,2,h0328,0.19136204909867427,scr2008,avaConv,pvInd_b
no_n,2,h0329,0.15418428892763023,scr2008,avaConv,pvInd_b
no_n,2,h0330,0.11266697436135985,scr2008,avaConv,pvInd_b
no_n,2,h0331,0.06883378637444082,scr2008,avaConv,pvInd_b
no_n,2,h0332,0.035982127698444555,scr2008,avaConv,pvInd_b
no_n,2,h0333,0.014601290243508789,scr2008,avaConv,pvInd_b
no_n,2,h0334,0.006013687853191092,scr2008,avaConv,pvInd_b
no_n,2,h0335,0.0020122736572378928,scr2008,avaConv,pvInd_b
no_n,2,h0336,0.00031094902719954506,scr2008,avaConv,pvInd_b
no_s,2,h0289,0.0,scr2008,avaConv,pvInd_b
no_s,2,h0290,0.0,scr2008,avaConv,pvInd_b
no_s,2,h0291,0.0,scr2008,avaConv,pvInd_b
no_s,2,h0292,4.820674697422917e-5,scr2008,avaConv,pvInd_b
no_s,2,h0293,0.0010343760674757488,scr2008,avaConv,pvInd_b
no_s,2,h0294,0.009041044175622572,scr2008,avaConv,pvInd_b
no_s,2,h0295,0.05602008480394113,scr2008,avaConv,pvInd_b
no_s,2,h0296,0.16803831219542836,scr2008,avaConv,pvInd_b
no_s,2,h0297,0.33541831798771327,scr2008,avaConv,pvInd_b
no_s,2,h0298,0.4961069518158353,scr2008,avaConv,pvInd_b
no_s,2,h0299,0.61269736621181,scr2008,avaConv,pvInd_b
no_s,2,h0300,0.6618218913868155,scr2008,avaConv,pvInd_b
no_s,2,h0301,0.6636788700058479,scr2008,avaConv,pvInd_b
no_s,2,h0302,0.6305347615606938,scr2008,avaConv,pvInd_b
no_s,2,h0303,0.5718031175895347,scr2008,avaConv,pvInd_b
no_s,2,h0304,0.47396321036258915,scr2008,avaConv,pvInd_b
no_s,2,h0305,0.3523839374218621,scr2008,avaConv,pvInd_b
no_s,2,h0306,0.22689865343977572,scr2008,avaConv,pvInd_b
no_s,2,h0307,0.11913461511030374,scr2008,avaConv,pvInd_b
no_s,2,h0308,0.04686887299699939,scr2008,avaConv,pvInd_b
no_s,2,h0309,0.01216600773483831,scr2008,avaConv,pvInd_b
no_s,2,h0310,0.0025540412168165113,scr2008,avaConv,pvInd_b
no_s,2,h0311,8.505781770123297e-5,scr2008,avaConv,pvInd_b
no_s,2,h0312,0.0,scr2008,avaConv,pvInd_b
no_s,2,h0313,0.0,scr2008,avaConv,pvInd_b
no_s,2,h0314,0.0,scr2008,avaConv,pvInd_b
no_s,2,h0315,0.0,scr2008,avaConv,pvInd_b
no_s,2,h0316,0.00033427467492319954,scr2008,avaConv,pvInd_b
no_s,2,h0317,0.004519766371419492,scr2008,avaConv,pvInd_b
no_s,2,h0318,0.018370667922464372,scr2008,avaConv,pvInd_b
no_s,2,h0319,0.06103344593393934,scr2008,avaConv,pvInd_b
no_s,2,h0320,0.14663629632871547,scr2008,avaConv,pvInd_b
no_s,2,h0321,0.2770485547579657,scr2008,avaConv,pvInd_b
no_s,2,h0322,0.42178877667803466,scr2008,avaConv,pvInd_b
no_s,2,h0323,0.546090037309491,scr2008,avaConv,pvInd_b
no_s,2,h0324,0.6318888679550658,scr2008,avaConv,pvInd_b
no_s,2,h0325,0.6685203976371884,scr2008,avaConv,pvInd_b
no_s,2,h0326,0.6672233160726949,scr2008,avaConv,pvInd_b
no_s,2,h0327,0.6288071964025628,scr2008,avaConv,pvInd_b
no_s,2,h0328,0.546252492011902,scr2008,avaConv,pvInd_b
no_s,2,h0329,0.4214378000613033,scr2008,avaConv,pvInd_b
no_s,2,h0330,0.27157287018781806,scr2008,avaConv,pvInd_b
no_s,2,h0331,0.13709622519031844,scr2008,avaConv,pvInd_b
no_s,2,h0332,0.051326517937397766,scr2008,avaConv,pvInd_b
no_s,2,h0333,0.012144415344839636,scr2008,avaConv,pvInd_b
no_s,2,h0334,0.0024604342859268495,scr2008,avaConv,pvInd_b
no_s,2,h0335,9.672834830815302e-5,scr2008,avaConv,pvInd_b
no_s,2,h0336,0.0,scr2008,avaConv,pvInd_b
pl,2,h0289,0.0,scr2008,avaConv,pvInd_b
pl,2,h0290,0.0,scr2008,avaConv,pvInd_b
pl,2,h0291,0.0,scr2008,avaConv,pvInd_b
pl,2,h0292,0.00013532130172840402,scr2008,avaConv,pvInd_b
pl,2,h0293,0.007109943483555395,scr2008,avaConv,pvInd_b
pl,2,h0294,0.04811270112893417,scr2008,avaConv,pvInd_b
pl,2,h0295,0.1293286843190734,scr2008,avaConv,pvInd_b
pl,2,h0296,0.2546370846337704,scr2008,avaConv,pvInd_b
pl,2,h0297,0.3787210641154572,scr2008,avaConv,pvInd_b
pl,2,h0298,0.48283242447430047,scr2008,avaConv,pvInd_b
pl,2,h0299,0.5319990096797388,scr2008,avaConv,pvInd_b
pl,2,h0300,0.5372470890695263,scr2008,avaConv,pvInd_b
pl,2,h0301,0.5729705274334246,scr2008,avaConv,pvInd_b
pl,2,h0302,0.5838608574503077,scr2008,avaConv,pvInd_b
pl,2,h0303,0.5651726688923746,scr2008,avaConv,pvInd_b
pl,2,h0304,0.4498121446382797,scr2008,avaConv,pvInd_b
pl,2,h0305,0.31986087121187295,scr2008,avaConv,pvInd_b
pl,2,h0306,0.18976406214834496,scr2008,avaConv,pvInd_b
pl,2,h0307,0.09016550047654442,scr2008,avaConv,pvInd_b
pl,2,h0308,0.028790676894610085,scr2008,avaConv,pvInd_b
pl,2,h0309,0.005648673637716833,scr2008,avaConv,pvInd_b
pl,2,h0310,0.0,scr2008,avaConv,pvInd_b
pl,2,h0311,0.0,scr2008,avaConv,pvInd_b
pl,2,h0312,0.0,scr2008,avaConv,pvInd_b
pl,2,h0313,0.0,scr2008,avaConv,pvInd_b
pl,2,h0314,0.0,scr2008,avaConv,pvInd_b
pl,2,h0315,0.0,scr2008,avaConv,pvInd_b
pl,2,h0316,0.00024252875290540105,scr2008,avaConv,pvInd_b
pl,2,h0317,0.009705850702365819,scr2008,avaConv,pvInd_b
pl,2,h0318,0.04949019279671484,scr2008,avaConv,pvInd_b
pl,2,h0319,0.11510644434534278,scr2008,avaConv,pvInd_b
pl,2,h0320,0.20561343301526983,scr2008,avaConv,pvInd_b
pl,2,h0321,0.2812156761598759,scr2008,avaConv,pvInd_b
pl,2,h0322,0.3451176816988797,scr2008,avaConv,pvInd_b
pl,2,h0323,0.3807456001444461,scr2008,avaConv,pvInd_b
pl,2,h0324,0.4019742721572146,scr2008,avaConv,pvInd_b
pl,2,h0325,0.5606421398727667,scr2008,avaConv,pvInd_b
pl,2,h0326,0.6831037157514209,scr2008,avaConv,pvInd_b
pl,2,h0327,0.7564562419767811,scr2008,avaConv,pvInd_b
pl,2,h0328,0.6162768791121951,scr2008,avaConv,pvInd_b
pl,2,h0329,0.4406181689843704,scr2008,avaConv,pvInd_b
pl,2,h0330,0.2531594910374311,scr2008,avaConv,pvInd_b
pl,2,h0331,0.10889977308959047,scr2008,avaConv,pvInd_b
pl,2,h0332,0.028344498267056244,scr2008,avaConv,pvInd_b
pl,2,h0333,0.00554006562834117,scr2008,avaConv,pvInd_b
pl,2,h0334,0.0,scr2008,avaConv,pvInd_b
pl,2,h0335,0.0,scr2008,avaConv,pvInd_b
pl,2,h0336,0.0,scr2008,avaConv,pvInd_b
pt,2,h0289,0.0,scr2008,avaConv,pvInd_b
pt,2,h0290,0.0,scr2008,avaConv,pvInd_b
pt,2,h0291,0.0,scr2008,avaConv,pvInd_b
pt,2,h0292,0.0,scr2008,avaConv,pvInd_b
pt,2,h0293,0.0,scr2008,avaConv,pvInd_b
pt,2,h0294,0.0,scr2008,avaConv,pvInd_b
pt,2,h0295,0.0019738791212450834,scr2008,avaConv,pvInd_b
pt,2,h0296,0.04019722683526205,scr2008,avaConv,pvInd_b
pt,2,h0297,0.14922019597908093,scr2008,avaConv,pvInd_b
pt,2,h0298,0.32984468629041497,scr2008,avaConv,pvInd_b
pt,2,h0299,0.5174902821923102,scr2008,avaConv,pvInd_b
pt,2,h0300,0.6666054051863614,scr2008,avaConv,pvInd_b
pt,2,h0301,0.7422333820973598,scr2008,avaConv,pvInd_b
pt,2,h0302,0.7372224270157602,scr2008,avaConv,pvInd_b
pt,2,h0303,0.6486598065473888,scr2008,avaConv,pvInd_b
pt,2,h0304,0.52094549983735,scr2008,avaConv,pvInd_b
pt,2,h0305,0.39096247908005627,scr2008,avaConv,pvInd_b
pt,2,h0306,0.2897996005634098,scr2008,avaConv,pvInd_b
pt,2,h0307,0.20368465674875003,scr2008,avaConv,pvInd_b
pt,2,h0308,0.11096913374139374,scr2008,avaConv,pvInd_b
pt,2,h0309,0.03996314948471566,scr2008,avaConv,pvInd_b
pt,2,h0310,0.0033082062954965527,scr2008,avaConv,pvInd_b
pt,2,h0311,0.0,scr2008,avaConv,pvInd_b
pt,2,h0312,0.0,scr2008,avaConv,pvInd_b
pt,2,h0313,0.0,scr2008,avaConv,pvInd_b
pt,2,h0314,0.0,scr2008,avaConv,pvInd_b
pt,2,h0315,0.0,scr2008,avaConv,pvInd_b
pt,2,h0316,0.0,scr2008,avaConv,pvInd_b
pt,2,h0317,0.0,scr2008,avaConv,pvInd_b
pt,2,h0318,0.0,scr2008,avaConv,pvInd_b
pt,2,h0319,0.0019201025330399738,scr2008,avaConv,pvInd_b
pt,2,h0320,0.037211853325628354,scr2008,avaConv,pvInd_b
pt,2,h0321,0.13944585652459282,scr2008,avaConv,pvInd_b
pt,2,h0322,0.31150309054099834,scr2008,avaConv,pvInd_b
pt,2,h0323,0.4916333856767251,scr2008,avaConv,pvInd_b
pt,2,h0324,0.6318780490477631,scr2008,avaConv,pvInd_b
pt,2,h0325,0.736362782372136,scr2008,avaConv,pvInd_b
pt,2,h0326,0.7939471133395762,scr2008,avaConv,pvInd_b
pt,2,h0327,0.8072749787878605,scr2008,avaConv,pvInd_b
pt,2,h0328,0.7572333324314098,scr2008,avaConv,pvInd_b
pt,2,h0329,0.6576220848783134,scr2008,avaConv,pvInd_b
pt,2,h0330,0.5105601109375693,scr2008,avaConv,pvInd_b
pt,2,h0331,0.3256624434285006,scr2008,avaConv,pvInd_b
pt,2,h0332,0.1493080911696211,scr2008,avaConv,pvInd_b
pt,2,h0333,0.040832877347956244,scr2008,avaConv,pvInd_b
pt,2,h0334,0.0024070998885373186,scr2008,avaConv,pvInd_b
pt,2,h0335,0.0,scr2008,avaConv,pvInd_b
pt,2,h0336,0.0,scr2008,avaConv,pvInd_b
ro,2,h0289,0.0,scr2008,avaConv,pvInd_b
ro,2,h0290,0.0,scr2008,avaConv,pvInd_b
ro,2,h0291,0.0,scr2008,avaConv,pvInd_b
ro,2,h0292,0.0,scr2008,avaConv,pvInd_b
ro,2,h0293,0.0022091300464196387,scr2008,avaConv,pvInd_b
ro,2,h0294,0.022332129623786872,scr2008,avaConv,pvInd_b
ro,2,h0295,0.0654355688200699,scr2008,avaConv,pvInd_b
ro,2,h0296,0.1379408773165704,scr2008,avaConv,pvInd_b
ro,2,h0297,0.23145010655822548,scr2008,avaConv,pvInd_b
ro,2,h0298,0.36671964695171033,scr2008,avaConv,pvInd_b
ro,2,h0299,0.47608475522019367,scr2008,avaConv,pvInd_b
ro,2,h0300,0.5072472940357459,scr2008,avaConv,pvInd_b
ro,2,h0301,0.5405799658122368,scr2008,avaConv,pvInd_b
ro,2,h0302,0.5320916586518621,scr2008,avaConv,pvInd_b
ro,2,h0303,0.4877435256403485,scr2008,avaConv,pvInd_b
ro,2,h0304,0.3325390402698836,scr2008,avaConv,pvInd_b
ro,2,h0305,0.17834387931681894,scr2008,avaConv,pvInd_b
ro,2,h0306,0.06632329228147933,scr2008,avaConv,pvInd_b
ro,2,h0307,0.014206999837617884,scr2008,avaConv,pvInd_b
ro,2,h0308,0.0011630198158962134,scr2008,avaConv,pvInd_b
ro,2,h0309,0.0,scr2008,avaConv,pvInd_b
ro,2,h0310,0.0,scr2008,avaConv,pvInd_b
ro,2,h0311,0.0,scr2008,avaConv,pvInd_b
ro,2,h0312,0.0,scr2008,avaConv,pvInd_b
ro,2,h0313,0.0,scr2008,avaConv,pvInd_b
ro,2,h0314,0.0,scr2008,avaConv,pvInd_b
ro,2,h0315,0.0,scr2008,avaConv,pvInd_b
ro,2,h0316,0.0,scr2008,avaConv,pvInd_b
ro,2,h0317,0.001954862142651908,scr2008,avaConv,pvInd_b
ro,2,h0318,0.018375149470239157,scr2008,avaConv,pvInd_b
ro,2,h0319,0.09574513117426592,scr2008,avaConv,pvInd_b
ro,2,h0320,0.2537177044441131,scr2008,avaConv,pvInd_b
ro,2,h0321,0.4526100602566263,scr2008,avaConv,pvInd_b
ro,2,h0322,0.5830730387533035,scr2008,avaConv,pvInd_b
ro,2,h0323,0.6290042428707858,scr2008,avaConv,pvInd_b
ro,2,h0324,0.618194414904865,scr2008,avaConv,pvInd_b
ro,2,h0325,0.5971215350860898,scr2008,avaConv,pvInd_b
ro,2,h0326,0.5488436662833874,scr2008,avaConv,pvInd_b
ro,2,h0327,0.45521848237236306,scr2008,avaConv,pvInd_b
ro,2,h0328,0.31092449489623253,scr2008,avaConv,pvInd_b
ro,2,h0329,0.16724127246648668,scr2008,avaConv,pvInd_b
ro,2,h0330,0.0635513108348887,scr2008,avaConv,pvInd_b
ro,2,h0331,0.014441757663434666,scr2008,avaConv,pvInd_b
ro,2,h0332,0.0011567579723409547,scr2008,avaConv,pvInd_b
ro,2,h0333,0.0,scr2008,avaConv,pvInd_b
ro,2,h0334,0.0,scr2008,avaConv,pvInd_b
ro,2,h0335,0.0,scr2008,avaConv,pvInd_b
ro,2,h0336,0.0,scr2008,avaConv,pvInd_b
rs,2,h0289,0.0,scr2008,avaConv,pvInd_b
rs,2,h0290,0.0,scr2008,avaConv,pvInd_b
rs,2,h0291,0.0,scr2008,avaConv,pvInd_b
rs,2,h0292,0.0,scr2008,avaConv,pvInd_b
rs,2,h0293,0.0020878891896435577,scr2008,avaConv,pvInd_b
rs,2,h0294,0.017747724214534185,scr2008,avaConv,pvInd_b
rs,2,h0295,0.05816598530882101,scr2008,avaConv,pvInd_b
rs,2,h0296,0.12540059453161148,scr2008,avaConv,pvInd_b
rs,2,h0297,0.20471080431065278,scr2008,avaConv,pvInd_b
rs,2,h0298,0.27512692214814666,scr2008,avaConv,pvInd_b
rs,2,h0299,0.32802827594517725,scr2008,avaConv,pvInd_b
rs,2,h0300,0.3749010685712588,scr2008,avaConv,pvInd_b
rs,2,h0301,0.4898635920672204,scr2008,avaConv,pvInd_b
rs,2,h0302,0.5538549972611236,scr2008,avaConv,pvInd_b
rs,2,h0303,0.5235031623412391,scr2008,avaConv,pvInd_b
rs,2,h0304,0.35390665907781654,scr2008,avaConv,pvInd_b
rs,2,h0305,0.1975298525718503,scr2008,avaConv,pvInd_b
rs,2,h0306,0.08548589196781495,scr2008,avaConv,pvInd_b
rs,2,h0307,0.024570137490811862,scr2008,avaConv,pvInd_b
rs,2,h0308,0.003423118470902853,scr2008,avaConv,pvInd_b
rs,2,h0309,0.0,scr2008,avaConv,pvInd_b
rs,2,h0310,0.0,scr2008,avaConv,pvInd_b
rs,2,h0311,0.0,scr2008,avaConv,pvInd_b
rs,2,h0312,0.0,scr2008,avaConv,pvInd_b
rs,2,h0313,0.0,scr2008,avaConv,pvInd_b
rs,2,h0314,0.0,scr2008,avaConv,pvInd_b
rs,2,h0315,0.0,scr2008,avaConv,pvInd_b
rs,2,h0316,0.0,scr2008,avaConv,pvInd_b
rs,2,h0317,0.0016806423987962892,scr2008,avaConv,pvInd_b
rs,2,h0318,0.019930965757791727,scr2008,avaConv,pvInd_b
rs,2,h0319,0.09789077762784629,scr2008,avaConv,pvInd_b
rs,2,h0320,0.2563243014720071,scr2008,avaConv,pvInd_b
rs,2,h0321,0.45413940189432334,scr2008,avaConv,pvInd_b
rs,2,h0322,0.6060846519141733,scr2008,avaConv,pvInd_b
rs,2,h0323,0.6812655508647287,scr2008,avaConv,pvInd_b
rs,2,h0324,0.6977398167487558,scr2008,avaConv,pvInd_b
rs,2,h0325,0.6631874480252321,scr2008,avaConv,pvInd_b
rs,2,h0326,0.6075178882193694,scr2008,avaConv,pvInd_b
rs,2,h0327,0.5138759330914914,scr2008,avaConv,pvInd_b
rs,2,h0328,0.3909484079354435,scr2008,avaConv,pvInd_b
rs,2,h0329,0.23923923562762386,scr2008,avaConv,pvInd_b
rs,2,h0330,0.10568783422052884,scr2008,avaConv,pvInd_b
rs,2,h0331,0.028496993661176095,scr2008,avaConv,pvInd_b
rs,2,h0332,0.003201149650186701,scr2008,avaConv,pvInd_b
rs,2,h0333,0.0,scr2008,avaConv,pvInd_b
rs,2,h0334,0.0,scr2008,avaConv,pvInd_b
rs,2,h0335,0.0,scr2008,avaConv,pvInd_b
rs,2,h0336,0.0,scr2008,avaConv,pvInd_b
se_1,2,h0289,0.0,scr2008,avaConv,pvInd_b
se_1,2,h0290,0.0,scr2008,avaConv,pvInd_b
se_1,2,h0291,0.0007574892768450362,scr2008,avaConv,pvInd_b
se_1,2,h0292,0.002205645662536996,scr2008,avaConv,pvInd_b
se_1,2,h0293,0.0075716036373713585,scr2008,avaConv,pvInd_b
se_1,2,h0294,0.04689679718766502,scr2008,avaConv,pvInd_b
se_1,2,h0295,0.15240407161283362,scr2008,avaConv,pvInd_b
se_1,2,h0296,0.3163597785182007,scr2008,avaConv,pvInd_b
se_1,2,h0297,0.46584653953308713,scr2008,avaConv,pvInd_b
se_1,2,h0298,0.5370828736068911,scr2008,avaConv,pvInd_b
se_1,2,h0299,0.5233528396813686,scr2008,avaConv,pvInd_b
se_1,2,h0300,0.4643556860466977,scr2008,avaConv,pvInd_b
se_1,2,h0301,0.4141503949327479,scr2008,avaConv,pvInd_b
se_1,2,h0302,0.38936537405814287,scr2008,avaConv,pvInd_b
se_1,2,h0303,0.36440316431090736,scr2008,avaConv,pvInd_b
se_1,2,h0304,0.305805723614601,scr2008,avaConv,pvInd_b
se_1,2,h0305,0.2249428092052788,scr2008,avaConv,pvInd_b
se_1,2,h0306,0.14092634072418314,scr2008,avaConv,pvInd_b
se_1,2,h0307,0.07568875875519665,scr2008,avaConv,pvInd_b
se_1,2,h0308,0.03416222084537142,scr2008,avaConv,pvInd_b
se_1,2,h0309,0.012232482016713194,scr2008,avaConv,pvInd_b
se_1,2,h0310,0.003949602487786471,scr2008,avaConv,pvInd_b
se_1,2,h0311,0.0005922622767105836,scr2008,avaConv,pvInd_b
se_1,2,h0312,0.0,scr2008,avaConv,pvInd_b
se_1,2,h0313,0.0,scr2008,avaConv,pvInd_b
se_1,2,h0314,0.0001326350460847182,scr2008,avaConv,pvInd_b
se_1,2,h0315,0.0013818854726279693,scr2008,avaConv,pvInd_b
se_1,2,h0316,0.004665275000423629,scr2008,avaConv,pvInd_b
se_1,2,h0317,0.013520978736555299,scr2008,avaConv,pvInd_b
se_1,2,h0318,0.053441388507062614,scr2008,avaConv,pvInd_b
se_1,2,h0319,0.10064869768837394,scr2008,avaConv,pvInd_b
se_1,2,h0320,0.1554408751502499,scr2008,avaConv,pvInd_b
se_1,2,h0321,0.204395806738349,scr2008,avaConv,pvInd_b
se_1,2,h0322,0.27982071209437365,scr2008,avaConv,pvInd_b
se_1,2,h0323,0.3616557320150448,scr2008,avaConv,pvInd_b
se_1,2,h0324,0.4062448843918685,scr2008,avaConv,pvInd_b
se_1,2,h0325,0.28020610457471823,scr2008,avaConv,pvInd_b
se_1,2,h0326,0.15147354060191812,scr2008,avaConv,pvInd_b
se_1,2,h0327,0.04190563567761961,scr2008,avaConv,pvInd_b
se_1,2,h0328,0.03958558405389804,scr2008,avaConv,pvInd_b
se_1,2,h0329,0.033122401585710726,scr2008,avaConv,pvInd_b
se_1,2,h0330,0.02463365839591911,scr2008,avaConv,pvInd_b
se_1,2,h0331,0.022787559840416565,scr2008,avaConv,pvInd_b
se_1,2,h0332,0.018534623244445995,scr2008,avaConv,pvInd_b
se_1,2,h0333,0.0135168989646052,scr2008,avaConv,pvInd_b
se_1,2,h0334,0.004235690590776569,scr2008,avaConv,pvInd_b
se_1,2,h0335,0.0006223557507549361,scr2008,avaConv,pvInd_b
se_1,2,h0336,0.0,scr2008,avaConv,pvInd_b
se_2,2,h0289,0.0,scr2008,avaConv,pvInd_b
se_2,2,h0290,0.0,scr2008,avaConv,pvInd_b
se_2,2,h0291,0.0,scr2008,avaConv,pvInd_b
se_2,2,h0292,0.0009081928291115443,scr2008,avaConv,pvInd_b
se_2,2,h0293,0.002983049378085808,scr2008,avaConv,pvInd_b
se_2,2,h0294,0.02883161395288983,scr2008,avaConv,pvInd_b
se_2,2,h0295,0.10734888693554931,scr2008,avaConv,pvInd_b
se_2,2,h0296,0.24931618727193744,scr2008,avaConv,pvInd_b
se_2,2,h0297,0.40889547385007124,scr2008,avaConv,pvInd_b
se_2,2,h0298,0.5471162699036274,scr2008,avaConv,pvInd_b
se_2,2,h0299,0.640834076254109,scr2008,avaConv,pvInd_b
se_2,2,h0300,0.6820840355364765,scr2008,avaConv,pvInd_b
se_2,2,h0301,0.581763494082101,scr2008,avaConv,pvInd_b
se_2,2,h0302,0.4612162628876228,scr2008,avaConv,pvInd_b
se_2,2,h0303,0.3367511275615452,scr2008,avaConv,pvInd_b
se_2,2,h0304,0.2848557156464687,scr2008,avaConv,pvInd_b
se_2,2,h0305,0.22246617673908578,scr2008,avaConv,pvInd_b
se_2,2,h0306,0.1511020112013694,scr2008,avaConv,pvInd_b
se_2,2,h0307,0.0865293236696431,scr2008,avaConv,pvInd_b
se_2,2,h0308,0.03882206345404981,scr2008,avaConv,pvInd_b
se_2,2,h0309,0.012149238894550904,scr2008,avaConv,pvInd_b
se_2,2,h0310,0.0024844270101749295,scr2008,avaConv,pvInd_b
se_2,2,h0311,0.0,scr2008,avaConv,pvInd_b
se_2,2,h0312,0.0,scr2008,avaConv,pvInd_b
se_2,2,h0313,0.0,scr2008,avaConv,pvInd_b
se_2,2,h0314,0.0,scr2008,avaConv,pvInd_b
se_2,2,h0315,0.0,scr2008,avaConv,pvInd_b
se_2,2,h0316,0.0022831284143013057,scr2008,avaConv,pvInd_b
se_2,2,h0317,0.008972974182284143,scr2008,avaConv,pvInd_b
se_2,2,h0318,0.03888766971747508,scr2008,avaConv,pvInd_b
se_2,2,h0319,0.12127063852091012,scr2008,avaConv,pvInd_b
se_2,2,h0320,0.26695232153488846,scr2008,avaConv,pvInd_b
se_2,2,h0321,0.43334698381868775,scr2008,avaConv,pvInd_b
se_2,2,h0322,0.5618265854305933,scr2008,avaConv,pvInd_b
se_2,2,h0323,0.6252386906747683,scr2008,avaConv,pvInd_b
se_2,2,h0324,0.6443218095109124,scr2008,avaConv,pvInd_b
se_2,2,h0325,0.5271208411734654,scr2008,avaConv,pvInd_b
se_2,2,h0326,0.4146366983990308,scr2008,avaConv,pvInd_b
se_2,2,h0327,0.30283033417959376,scr2008,avaConv,pvInd_b
se_2,2,h0328,0.2888432718214363,scr2008,avaConv,pvInd_b
se_2,2,h0329,0.25321349065936116,scr2008,avaConv,pvInd_b
se_2,2,h0330,0.18460821043232417,scr2008,avaConv,pvInd_b
se_2,2,h0331,0.10093283443756773,scr2008,avaConv,pvInd_b
se_2,2,h0332,0.03894076581641739,scr2008,avaConv,pvInd_b
se_2,2,h0333,0.010400663491709788,scr2008,avaConv,pvInd_b
se_2,2,h0334,0.002361337269678298,scr2008,avaConv,pvInd_b
se_2,2,h0335,0.0,scr2008,avaConv,pvInd_b
se_2,2,h0336,0.0,scr2008,avaConv,pvInd_b
se_3,2,h0289,0.0,scr2008,avaConv,pvInd_b
se_3,2,h0290,0.0,scr2008,avaConv,pvInd_b
se_3,2,h0291,0.0,scr2008,avaConv,pvInd_b
se_3,2,h0292,0.000392465458112297,scr2008,avaConv,pvInd_b
se_3,2,h0293,0.002067324087214784,scr2008,avaConv,pvInd_b
se_3,2,h0294,0.022227001132210024,scr2008,avaConv,pvInd_b
se_3,2,h0295,0.09961266940374837,scr2008,avaConv,pvInd_b
se_3,2,h0296,0.25428853215249225,scr2008,avaConv,pvInd_b
se_3,2,h0297,0.4520976336621069,scr2008,avaConv,pvInd_b
se_3,2,h0298,0.6312447735415362,scr2008,avaConv,pvInd_b
se_3,2,h0299,0.7553357598403487,scr2008,avaConv,pvInd_b
se_3,2,h0300,0.8186739030610362,scr2008,avaConv,pvInd_b
se_3,2,h0301,0.7548892705402171,scr2008,avaConv,pvInd_b
se_3,2,h0302,0.6525154169658456,scr2008,avaConv,pvInd_b
se_3,2,h0303,0.5282054511208095,scr2008,avaConv,pvInd_b
se_3,2,h0304,0.44276420317605136,scr2008,avaConv,pvInd_b
se_3,2,h0305,0.3327365588520775,scr2008,avaConv,pvInd_b
se_3,2,h0306,0.20872207455444614,scr2008,avaConv,pvInd_b
se_3,2,h0307,0.10237196522317618,scr2008,avaConv,pvInd_b
se_3,2,h0308,0.0382460983798165,scr2008,avaConv,pvInd_b
se_3,2,h0309,0.009437218596457317,scr2008,avaConv,pvInd_b
se_3,2,h0310,0.0017289688855389484,scr2008,avaConv,pvInd_b
se_3,2,h0311,0.0,scr2008,avaConv,pvInd_b
se_3,2,h0312,0.0,scr2008,avaConv,pvInd_b
se_3,2,h0313,0.0,scr2008,avaConv,pvInd_b
se_3,2,h0314,0.0,scr2008,avaConv,pvInd_b
se_3,2,h0315,0.0,scr2008,avaConv,pvInd_b
se_3,2,h0316,0.0014370343770886886,scr2008,avaConv,pvInd_b
se_3,2,h0317,0.00973150146496613,scr2008,avaConv,pvInd_b
se_3,2,h0318,0.03277090809682195,scr2008,avaConv,pvInd_b
se_3,2,h0319,0.10294909549458266,scr2008,avaConv,pvInd_b
se_3,2,h0320,0.2220380964889168,scr2008,avaConv,pvInd_b
se_3,2,h0321,0.37836115665286746,scr2008,avaConv,pvInd_b
se_3,2,h0322,0.5168969203616418,scr2008,avaConv,pvInd_b
se_3,2,h0323,0.6132380807703547,scr2008,avaConv,pvInd_b
se_3,2,h0324,0.6488605972210825,scr2008,avaConv,pvInd_b
se_3,2,h0325,0.5946176070181938,scr2008,avaConv,pvInd_b
se_3,2,h0326,0.534422467183329,scr2008,avaConv,pvInd_b
se_3,2,h0327,0.4873215640685595,scr2008,avaConv,pvInd_b
se_3,2,h0328,0.4595324607784275,scr2008,avaConv,pvInd_b
se_3,2,h0329,0.3777374636779605,scr2008,avaConv,pvInd_b
se_3,2,h0330,0.2447799703079919,scr2008,avaConv,pvInd_b
se_3,2,h0331,0.12067221651911988,scr2008,avaConv,pvInd_b
se_3,2,h0332,0.04163693605949291,scr2008,avaConv,pvInd_b
se_3,2,h0333,0.010013242980890189,scr2008,avaConv,pvInd_b
se_3,2,h0334,0.0016742231118993993,scr2008,avaConv,pvInd_b
se_3,2,h0335,0.0,scr2008,avaConv,pvInd_b
se_3,2,h0336,0.0,scr2008,avaConv,pvInd_b
se_4,2,h0289,0.0,scr2008,avaConv,pvInd_b
se_4,2,h0290,0.0,scr2008,avaConv,pvInd_b
se_4,2,h0291,0.0,scr2008,avaConv,pvInd_b
se_4,2,h0292,0.0,scr2008,avaConv,pvInd_b
se_4,2,h0293,0.001373093454721724,scr2008,avaConv,pvInd_b
se_4,2,h0294,0.017539832180767625,scr2008,avaConv,pvInd_b
se_4,2,h0295,0.0863934444331423,scr2008,avaConv,pvInd_b
se_4,2,h0296,0.23113835046688486,scr2008,avaConv,pvInd_b
se_4,2,h0297,0.4258662971045238,scr2008,avaConv,pvInd_b
se_4,2,h0298,0.6097623696830684,scr2008,avaConv,pvInd_b
se_4,2,h0299,0.7451055521424451,scr2008,avaConv,pvInd_b
se_4,2,h0300,0.8184672044943068,scr2008,avaConv,pvInd_b
se_4,2,h0301,0.7457210172685955,scr2008,avaConv,pvInd_b
se_4,2,h0302,0.6475117206700409,scr2008,avaConv,pvInd_b
se_4,2,h0303,0.5224016106851905,scr2008,avaConv,pvInd_b
se_4,2,h0304,0.4448096333485008,scr2008,avaConv,pvInd_b
se_4,2,h0305,0.32777935021094085,scr2008,avaConv,pvInd_b
se_4,2,h0306,0.19800353388205078,scr2008,avaConv,pvInd_b
se_4,2,h0307,0.09069833608115306,scr2008,avaConv,pvInd_b
se_4,2,h0308,0.02719386379236073,scr2008,avaConv,pvInd_b
se_4,2,h0309,0.004336994477173346,scr2008,avaConv,pvInd_b
se_4,2,h0310,0.00033219205056766164,scr2008,avaConv,pvInd_b
se_4,2,h0311,0.0,scr2008,avaConv,pvInd_b
se_4,2,h0312,0.0,scr2008,avaConv,pvInd_b
se_4,2,h0313,0.0,scr2008,avaConv,pvInd_b
se_4,2,h0314,0.0,scr2008,avaConv,pvInd_b
se_4,2,h0315,0.0,scr2008,avaConv,pvInd_b
se_4,2,h0316,0.00016235870427699055,scr2008,avaConv,pvInd_b
se_4,2,h0317,0.004955984742886753,scr2008,avaConv,pvInd_b
se_4,2,h0318,0.025368764204309408,scr2008,avaConv,pvInd_b
se_4,2,h0319,0.08257929968866379,scr2008,avaConv,pvInd_b
se_4,2,h0320,0.18140947886695732,scr2008,avaConv,pvInd_b
se_4,2,h0321,0.3239645270760829,scr2008,avaConv,pvInd_b
se_4,2,h0322,0.4858337175163104,scr2008,avaConv,pvInd_b
se_4,2,h0323,0.6211616633902032,scr2008,avaConv,pvInd_b
se_4,2,h0324,0.687212728233369,scr2008,avaConv,pvInd_b
se_4,2,h0325,0.714772607867747,scr2008,avaConv,pvInd_b
se_4,2,h0326,0.7043096721421824,scr2008,avaConv,pvInd_b
se_4,2,h0327,0.6563324131997152,scr2008,avaConv,pvInd_b
se_4,2,h0328,0.543944367310097,scr2008,avaConv,pvInd_b
se_4,2,h0329,0.39661446775613074,scr2008,avaConv,pvInd_b
se_4,2,h0330,0.2379268818551543,scr2008,avaConv,pvInd_b
se_4,2,h0331,0.10939019134569809,scr2008,avaConv,pvInd_b
se_4,2,h0332,0.032711536940421025,scr2008,avaConv,pvInd_b
se_4,2,h0333,0.007124099334010034,scr2008,avaConv,pvInd_b
se_4,2,h0334,0.0005673700266048215,scr2008,avaConv,pvInd_b
se_4,2,h0335,0.0,scr2008,avaConv,pvInd_b
se_4,2,h0336,0.0,scr2008,avaConv,pvInd_b
si,2,h0289,0.0,scr2008,avaConv,pvInd_b
si,2,h0290,0.0,scr2008,avaConv,pvInd_b
si,2,h0291,0.0,scr2008,avaConv,pvInd_b
si,2,h0292,0.0,scr2008,avaConv,pvInd_b
si,2,h0293,0.0005404590529860237,scr2008,avaConv,pvInd_b
si,2,h0294,0.006217126610510097,scr2008,avaConv,pvInd_b
si,2,h0295,0.04815773811414921,scr2008,avaConv,pvInd_b
si,2,h0296,0.1406980184068204,scr2008,avaConv,pvInd_b
si,2,h0297,0.2818526221645951,scr2008,avaConv,pvInd_b
si,2,h0298,0.4202458820074776,scr2008,avaConv,pvInd_b
si,2,h0299,0.511188022841914,scr2008,avaConv,pvInd_b
si,2,h0300,0.5260796444702831,scr2008,avaConv,pvInd_b
si,2,h0301,0.5600958329387407,scr2008,avaConv,pvInd_b
si,2,h0302,0.5526762918737089,scr2008,avaConv,pvInd_b
si,2,h0303,0.5363930818294114,scr2008,avaConv,pvInd_b
si,2,h0304,0.41857194878238974,scr2008,avaConv,pvInd_b
si,2,h0305,0.3013572382554928,scr2008,avaConv,pvInd_b
si,2,h0306,0.17721854431491083,scr2008,avaConv,pvInd_b
si,2,h0307,0.0737258371002414,scr2008,avaConv,pvInd_b
si,2,h0308,0.017389347948951063,scr2008,avaConv,pvInd_b
si,2,h0309,0.0009336494915350071,scr2008,avaConv,pvInd_b
si,2,h0310,0.0,scr2008,avaConv,pvInd_b
si,2,h0311,0.0,scr2008,avaConv,pvInd_b
si,2,h0312,0.0,scr2008,avaConv,pvInd_b
si,2,h0313,0.0,scr2008,avaConv,pvInd_b
si,2,h0314,0.0,scr2008,avaConv,pvInd_b
si,2,h0315,0.0,scr2008,avaConv,pvInd_b
si,2,h0316,0.0,scr2008,avaConv,pvInd_b
si,2,h0317,0.0001826414865277593,scr2008,avaConv,pvInd_b
si,2,h0318,0.0034439137783104563,scr2008,avaConv,pvInd_b
si,2,h0319,0.05099844149220754,scr2008,avaConv,pvInd_b
si,2,h0320,0.16453328290154354,scr2008,avaConv,pvInd_b
si,2,h0321,0.3553852111830508,scr2008,avaConv,pvInd_b
si,2,h0322,0.5372367130406569,scr2008,avaConv,pvInd_b
si,2,h0323,0.6834530516405368,scr2008,avaConv,pvInd_b
si,2,h0324,0.7626710190030669,scr2008,avaConv,pvInd_b
si,2,h0325,0.7805809295868914,scr2008,avaConv,pvInd_b
si,2,h0326,0.7391068319838545,scr2008,avaConv,pvInd_b
si,2,h0327,0.6485039434468278,scr2008,avaConv,pvInd_b
si,2,h0328,0.5138097973171086,scr2008,avaConv,pvInd_b
si,2,h0329,0.3560155263759868,scr2008,avaConv,pvInd_b
si,2,h0330,0.19892047737384108,scr2008,avaConv,pvInd_b
si,2,h0331,0.08083605458662499,scr2008,avaConv,pvInd_b
si,2,h0332,0.020355718618410658,scr2008,avaConv,pvInd_b
si,2,h0333,0.002274755622695187,scr2008,avaConv,pvInd_b
si,2,h0334,0.0,scr2008,avaConv,pvInd_b
si,2,h0335,0.0,scr2008,avaConv,pvInd_b
si,2,h0336,0.0,scr2008,avaConv,pvInd_b
sk,2,h0289,0.0,scr2008,avaConv,pvInd_b
sk,2,h0290,0.0,scr2008,avaConv,pvInd_b
sk,2,h0291,0.0,scr2008,avaConv,pvInd_b
sk,2,h0292,0.0,scr2008,avaConv,pvInd_b
sk,2,h0293,0.005611225153470879,scr2008,avaConv,pvInd_b
sk,2,h0294,0.026339225878496162,scr2008,avaConv,pvInd_b
sk,2,h0295,0.07480469301845884,scr2008,avaConv,pvInd_b
sk,2,h0296,0.13252876590811574,scr2008,avaConv,pvInd_b
sk,2,h0297,0.19423042227086665,scr2008,avaConv,pvInd_b
sk,2,h0298,0.24466177152109747,scr2008,avaConv,pvInd_b
sk,2,h0299,0.297383477493169,scr2008,avaConv,pvInd_b
sk,2,h0300,0.3537531983369677,scr2008,avaConv,pvInd_b
sk,2,h0301,0.41737186631946277,scr2008,avaConv,pvInd_b
sk,2,h0302,0.4333455059555555,scr2008,avaConv,pvInd_b
sk,2,h0303,0.3978200002999572,scr2008,avaConv,pvInd_b
sk,2,h0304,0.2991264732583304,scr2008,avaConv,pvInd_b
sk,2,h0305,0.20039232250457262,scr2008,avaConv,pvInd_b
sk,2,h0306,0.11193482074525689,scr2008,avaConv,pvInd_b
sk,2,h0307,0.050414041616088284,scr2008,avaConv,pvInd_b
sk,2,h0308,0.017076703628334956,scr2008,avaConv,pvInd_b
sk,2,h0309,0.002633318191237707,scr2008,avaConv,pvInd_b
sk,2,h0310,0.0,scr2008,avaConv,pvInd_b
sk,2,h0311,0.0,scr2008,avaConv,pvInd_b
sk,2,h0312,0.0,scr2008,avaConv,pvInd_b
sk,2,h0313,0.0,scr2008,avaConv,pvInd_b
sk,2,h0314,0.0,scr2008,avaConv,pvInd_b
sk,2,h0315,0.0,scr2008,avaConv,pvInd_b
sk,2,h0316,0.0,scr2008,avaConv,pvInd_b
sk,2,h0317,0.0022055558464270197,scr2008,avaConv,pvInd_b
sk,2,h0318,0.01214361532743086,scr2008,avaConv,pvInd_b
sk,2,h0319,0.09790770924369026,scr2008,avaConv,pvInd_b
sk,2,h0320,0.23727520208510325,scr2008,avaConv,pvInd_b
sk,2,h0321,0.40287298562083773,scr2008,avaConv,pvInd_b
sk,2,h0322,0.48630132737860726,scr2008,avaConv,pvInd_b
sk,2,h0323,0.5276465754295885,scr2008,avaConv,pvInd_b
sk,2,h0324,0.5379286333230883,scr2008,avaConv,pvInd_b
sk,2,h0325,0.5621140467584371,scr2008,avaConv,pvInd_b
sk,2,h0326,0.5560844239684892,scr2008,avaConv,pvInd_b
sk,2,h0327,0.5145890101978103,scr2008,avaConv,pvInd_b
sk,2,h0328,0.4070465144055062,scr2008,avaConv,pvInd_b
sk,2,h0329,0.2720176112171258,scr2008,avaConv,pvInd_b
sk,2,h0330,0.14733556929824426,scr2008,avaConv,pvInd_b
sk,2,h0331,0.0580310289436471,scr2008,avaConv,pvInd_b
sk,2,h0332,0.01586892206084995,scr2008,avaConv,pvInd_b
sk,2,h0333,0.0020869032625760705,scr2008,avaConv,pvInd_b
sk,2,h0334,0.0,scr2008,avaConv,pvInd_b
sk,2,h0335,0.0,scr2008,avaConv,pvInd_b
sk,2,h0336,0.0,scr2008,avaConv,pvInd_b
uk,2,h0289,0.0,scr2008,avaConv,pvInd_b
uk,2,h0290,0.0,scr2008,avaConv,pvInd_b
uk,2,h0291,0.0,scr2008,avaConv,pvInd_b
uk,2,h0292,0.0,scr2008,avaConv,pvInd_b
uk,2,h0293,0.0,scr2008,avaConv,pvInd_b
uk,2,h0294,0.0023262655520362606,scr2008,avaConv,pvInd_b
uk,2,h0295,0.019628277824068993,scr2008,avaConv,pvInd_b
uk,2,h0296,0.07795886638037176,scr2008,avaConv,pvInd_b
uk,2,h0297,0.20304302291261794,scr2008,avaConv,pvInd_b
uk,2,h0298,0.38727810270294,scr2008,avaConv,pvInd_b
uk,2,h0299,0.5851272663724884,scr2008,avaConv,pvInd_b
uk,2,h0300,0.7423312405835116,scr2008,avaConv,pvInd_b
uk,2,h0301,0.6789477137549833,scr2008,avaConv,pvInd_b
uk,2,h0302,0.5620799659862747,scr2008,avaConv,pvInd_b
uk,2,h0303,0.4210671668711964,scr2008,avaConv,pvInd_b
uk,2,h0304,0.39086005201426266,scr2008,avaConv,pvInd_b
uk,2,h0305,0.3354198406192335,scr2008,avaConv,pvInd_b
uk,2,h0306,0.2509477662436247,scr2008,avaConv,pvInd_b
uk,2,h0307,0.16329795105330958,scr2008,avaConv,pvInd_b
uk,2,h0308,0.0800001252938488,scr2008,avaConv,pvInd_b
uk,2,h0309,0.027420039239765673,scr2008,avaConv,pvInd_b
uk,2,h0310,0.0037108596123956042,scr2008,avaConv,pvInd_b
uk,2,h0311,6.816588425177049e-5,scr2008,avaConv,pvInd_b
uk,2,h0312,0.0,scr2008,avaConv,pvInd_b
uk,2,h0313,0.0,scr2008,avaConv,pvInd_b
uk,2,h0314,0.0,scr2008,avaConv,pvInd_b
uk,2,h0315,0.0,scr2008,avaConv,pvInd_b
uk,2,h0316,0.0,scr2008,avaConv,pvInd_b
uk,2,h0317,0.0,scr2008,avaConv,pvInd_b
uk,2,h0318,0.0015355322775601542,scr2008,avaConv,pvInd_b
uk,2,h0319,0.00838829097109464,scr2008,avaConv,pvInd_b
uk,2,h0320,0.025736650945330734,scr2008,avaConv,pvInd_b
uk,2,h0321,0.05033127815702563,scr2008,avaConv,pvInd_b
uk,2,h0322,0.08152220756957752,scr2008,avaConv,pvInd_b
uk,2,h0323,0.11512400953738927,scr2008,avaConv,pvInd_b
uk,2,h0324,0.1532873142978495,scr2008,avaConv,pvInd_b
uk,2,h0325,0.29260853736298276,scr2008,avaConv,pvInd_b
uk,2,h0326,0.4080913224461578,scr2008,avaConv,pvInd_b
uk,2,h0327,0.48834623103755553,scr2008,avaConv,pvInd_b
uk,2,h0328,0.39703879559185734,scr2008,avaConv,pvInd_b
uk,2,h0329,0.2953395736797101,scr2008,avaConv,pvInd_b
uk,2,h0330,0.19563857764119233,scr2008,avaConv,pvInd_b
uk,2,h0331,0.10138862281864189,scr2008,avaConv,pvInd_b
uk,2,h0332,0.04082401406797564,scr2008,avaConv,pvInd_b
uk,2,h0333,0.007656670855336443,scr2008,avaConv,pvInd_b
uk,2,h0334,0.0011851865592180822,scr2008,avaConv,pvInd_b
uk,2,h0335,0.0,scr2008,avaConv,pvInd_b
uk,2,h0336,0.0,scr2008,avaConv,pvInd_b
ni,2,h0289,0.0,scr2008,avaConv,pvInd_b
ni,2,h0290,0.0,scr2008,avaConv,pvInd_b
ni,2,h0291,0.0,scr2008,avaConv,pvInd_b
ni,2,h0292,0.0,scr2008,avaConv,pvInd_b
ni,2,h0293,0.0,scr2008,avaConv,pvInd_b
ni,2,h0294,0.004115592006973711,scr2008,avaConv,pvInd_b
ni,2,h0295,0.0158483029342876,scr2008,avaConv,pvInd_b
ni,2,h0296,0.03886651043588397,scr2008,avaConv,pvInd_b
ni,2,h0297,0.07895496249676077,scr2008,avaConv,pvInd_b
ni,2,h0298,0.1347514435420933,scr2008,avaConv,pvInd_b
ni,2,h0299,0.20467709100005355,scr2008,avaConv,pvInd_b
ni,2,h0300,0.28083874616265914,scr2008,avaConv,pvInd_b
ni,2,h0301,0.3039320874051064,scr2008,avaConv,pvInd_b
ni,2,h0302,0.2978911952087754,scr2008,avaConv,pvInd_b
ni,2,h0303,0.25962296008263347,scr2008,avaConv,pvInd_b
ni,2,h0304,0.24175215784587797,scr2008,avaConv,pvInd_b
ni,2,h0305,0.2128102919924673,scr2008,avaConv,pvInd_b
ni,2,h0306,0.17256083614892223,scr2008,avaConv,pvInd_b
ni,2,h0307,0.15848549359488448,scr2008,avaConv,pvInd_b
ni,2,h0308,0.11683369365192875,scr2008,avaConv,pvInd_b
ni,2,h0309,0.0757675609971447,scr2008,avaConv,pvInd_b
ni,2,h0310,0.018887677955775378,scr2008,avaConv,pvInd_b
ni,2,h0311,0.0028016115041841123,scr2008,avaConv,pvInd_b
ni,2,h0312,0.0,scr2008,avaConv,pvInd_b
ni,2,h0313,0.0,scr2008,avaConv,pvInd_b
ni,2,h0314,0.0,scr2008,avaConv,pvInd_b
ni,2,h0315,0.0,scr2008,avaConv,pvInd_b
ni,2,h0316,0.0,scr2008,avaConv,pvInd_b
ni,2,h0317,0.0,scr2008,avaConv,pvInd_b
ni,2,h0318,0.0028674420502449987,scr2008,avaConv,pvInd_b
ni,2,h0319,0.019986019432243797,scr2008,avaConv,pvInd_b
ni,2,h0320,0.045179556120012336,scr2008,avaConv,pvInd_b
ni,2,h0321,0.0743421958843228,scr2008,avaConv,pvInd_b
ni,2,h0322,0.09364030627663568,scr2008,avaConv,pvInd_b
ni,2,h0323,0.10833927621490107,scr2008,avaConv,pvInd_b
ni,2,h0324,0.11632841498539243,scr2008,avaConv,pvInd_b
ni,2,h0325,0.23808593777549975,scr2008,avaConv,pvInd_b
ni,2,h0326,0.32252976590300886,scr2008,avaConv,pvInd_b
ni,2,h0327,0.3818413555918912,scr2008,avaConv,pvInd_b
ni,2,h0328,0.2942028079105879,scr2008,avaConv,pvInd_b
ni,2,h0329,0.24013656350737722,scr2008,avaConv,pvInd_b
ni,2,h0330,0.1945185707166865,scr2008,avaConv,pvInd_b
ni,2,h0331,0.14746653140222232,scr2008,avaConv,pvInd_b
ni,2,h0332,0.09173767360282618,scr2008,avaConv,pvInd_b
ni,2,h0333,0.04356297342268904,scr2008,avaConv,pvInd_b
ni,2,h0334,0.014446986446040892,scr2008,avaConv,pvInd_b
ni,2,h0335,0.0022426008130622993,scr2008,avaConv,pvInd_b
ni,2,h0336,0.0,scr2008,avaConv,pvInd_b
