region_3,category,timestep_6,value,scenario_1,parameter,technology_3
al,1,h0097,0.0,scr2000,avaConv,pvInd_a
al,1,h0098,0.0,scr2000,avaConv,pvInd_a
al,1,h0099,0.0,scr2000,avaConv,pvInd_a
al,1,h0100,0.0,scr2000,avaConv,pvInd_a
al,1,h0101,0.0,scr2000,avaConv,pvInd_a
al,1,h0102,0.0,scr2000,avaConv,pvInd_a
al,1,h0103,0.02597556684362173,scr2000,avaConv,pvInd_a
al,1,h0104,0.11986829992353432,scr2000,avaConv,pvInd_a
al,1,h0105,0.28369586575115063,scr2000,avaConv,pvInd_a
al,1,h0106,0.471028903115242,scr2000,avaConv,pvInd_a
al,1,h0107,0.6148874027759117,scr2000,avaConv,pvInd_a
al,1,h0108,0.6980086526173466,scr2000,avaConv,pvInd_a
al,1,h0109,0.7020303685821715,scr2000,avaConv,pvInd_a
al,1,h0110,0.6425461274557294,scr2000,avaConv,pvInd_a
al,1,h0111,0.5261876734660696,scr2000,avaConv,pvInd_a
al,1,h0112,0.3779628189574636,scr2000,avaConv,pvInd_a
al,1,h0113,0.21244943892899348,scr2000,avaConv,pvInd_a
al,1,h0114,0.08241473901995554,scr2000,avaConv,pvInd_a
al,1,h0115,0.014200403162017436,scr2000,avaConv,pvInd_a
al,1,h0116,0.0,scr2000,avaConv,pvInd_a
al,1,h0117,0.0,scr2000,avaConv,pvInd_a
al,1,h0118,0.0,scr2000,avaConv,pvInd_a
al,1,h0119,0.0,scr2000,avaConv,pvInd_a
al,1,h0120,0.0,scr2000,avaConv,pvInd_a
al,1,h0121,0.0,scr2000,avaConv,pvInd_a
al,1,h0122,0.0,scr2000,avaConv,pvInd_a
al,1,h0123,0.0,scr2000,avaConv,pvInd_a
al,1,h0124,0.0,scr2000,avaConv,pvInd_a
al,1,h0125,0.0,scr2000,avaConv,pvInd_a
al,1,h0126,0.0,scr2000,avaConv,pvInd_a
al,1,h0127,0.024523836523544798,scr2000,avaConv,pvInd_a
al,1,h0128,0.10143766914437723,scr2000,avaConv,pvInd_a
al,1,h0129,0.239530856214276,scr2000,avaConv,pvInd_a
al,1,h0130,0.40247516011767975,scr2000,avaConv,pvInd_a
al,1,h0131,0.534398436482416,scr2000,avaConv,pvInd_a
al,1,h0132,0.6109025033810283,scr2000,avaConv,pvInd_a
al,1,h0133,0.5045857230175328,scr2000,avaConv,pvInd_a
al,1,h0134,0.3545289675690297,scr2000,avaConv,pvInd_a
al,1,h0135,0.1886596036782207,scr2000,avaConv,pvInd_a
al,1,h0136,0.12972795150546287,scr2000,avaConv,pvInd_a
al,1,h0137,0.07547227427993514,scr2000,avaConv,pvInd_a
al,1,h0138,0.029246064065686833,scr2000,avaConv,pvInd_a
al,1,h0139,0.005707819406618605,scr2000,avaConv,pvInd_a
al,1,h0140,0.0,scr2000,avaConv,pvInd_a
al,1,h0141,0.0,scr2000,avaConv,pvInd_a
al,1,h0142,0.0,scr2000,avaConv,pvInd_a
al,1,h0143,0.0,scr2000,avaConv,pvInd_a
al,1,h0144,0.0,scr2000,avaConv,pvInd_a
at,1,h0097,0.0,scr2000,avaConv,pvInd_a
at,1,h0098,0.0,scr2000,avaConv,pvInd_a
at,1,h0099,0.0,scr2000,avaConv,pvInd_a
at,1,h0100,0.0,scr2000,avaConv,pvInd_a
at,1,h0101,0.0,scr2000,avaConv,pvInd_a
at,1,h0102,0.0,scr2000,avaConv,pvInd_a
at,1,h0103,0.0,scr2000,avaConv,pvInd_a
at,1,h0104,0.02020356088004349,scr2000,avaConv,pvInd_a
at,1,h0105,0.07174834212885506,scr2000,avaConv,pvInd_a
at,1,h0106,0.16421867562168507,scr2000,avaConv,pvInd_a
at,1,h0107,0.2890517124142613,scr2000,avaConv,pvInd_a
at,1,h0108,0.4220774968859117,scr2000,avaConv,pvInd_a
at,1,h0109,0.5757050982671011,scr2000,avaConv,pvInd_a
at,1,h0110,0.6511560271468034,scr2000,avaConv,pvInd_a
at,1,h0111,0.6360992057018302,scr2000,avaConv,pvInd_a
at,1,h0112,0.48594599542697203,scr2000,avaConv,pvInd_a
at,1,h0113,0.2857267155890806,scr2000,avaConv,pvInd_a
at,1,h0114,0.11408699458367569,scr2000,avaConv,pvInd_a
at,1,h0115,0.02268854583551175,scr2000,avaConv,pvInd_a
at,1,h0116,0.0,scr2000,avaConv,pvInd_a
at,1,h0117,0.0,scr2000,avaConv,pvInd_a
at,1,h0118,0.0,scr2000,avaConv,pvInd_a
at,1,h0119,0.0,scr2000,avaConv,pvInd_a
at,1,h0120,0.0,scr2000,avaConv,pvInd_a
at,1,h0121,0.0,scr2000,avaConv,pvInd_a
at,1,h0122,0.0,scr2000,avaConv,pvInd_a
at,1,h0123,0.0,scr2000,avaConv,pvInd_a
at,1,h0124,0.0,scr2000,avaConv,pvInd_a
at,1,h0125,0.0,scr2000,avaConv,pvInd_a
at,1,h0126,0.0,scr2000,avaConv,pvInd_a
at,1,h0127,0.007491394480820296,scr2000,avaConv,pvInd_a
at,1,h0128,0.04576817042926188,scr2000,avaConv,pvInd_a
at,1,h0129,0.1333764143705517,scr2000,avaConv,pvInd_a
at,1,h0130,0.26978635774060655,scr2000,avaConv,pvInd_a
at,1,h0131,0.4217818278628162,scr2000,avaConv,pvInd_a
at,1,h0132,0.5436643042471276,scr2000,avaConv,pvInd_a
at,1,h0133,0.5405745371577384,scr2000,avaConv,pvInd_a
at,1,h0134,0.48956512956806714,scr2000,avaConv,pvInd_a
at,1,h0135,0.4056495098337709,scr2000,avaConv,pvInd_a
at,1,h0136,0.35074711642500583,scr2000,avaConv,pvInd_a
at,1,h0137,0.23869831342886685,scr2000,avaConv,pvInd_a
at,1,h0138,0.11139103358492267,scr2000,avaConv,pvInd_a
at,1,h0139,0.027546942589374318,scr2000,avaConv,pvInd_a
at,1,h0140,0.0,scr2000,avaConv,pvInd_a
at,1,h0141,0.0,scr2000,avaConv,pvInd_a
at,1,h0142,0.0,scr2000,avaConv,pvInd_a
at,1,h0143,0.0,scr2000,avaConv,pvInd_a
at,1,h0144,0.0,scr2000,avaConv,pvInd_a
ba,1,h0097,0.0,scr2000,avaConv,pvInd_a
ba,1,h0098,0.0,scr2000,avaConv,pvInd_a
ba,1,h0099,0.0,scr2000,avaConv,pvInd_a
ba,1,h0100,0.0,scr2000,avaConv,pvInd_a
ba,1,h0101,0.0,scr2000,avaConv,pvInd_a
ba,1,h0102,0.0,scr2000,avaConv,pvInd_a
ba,1,h0103,0.025469236141645073,scr2000,avaConv,pvInd_a
ba,1,h0104,0.12016954603770795,scr2000,avaConv,pvInd_a
ba,1,h0105,0.2855917035659559,scr2000,avaConv,pvInd_a
ba,1,h0106,0.4801193962359649,scr2000,avaConv,pvInd_a
ba,1,h0107,0.6333683888533118,scr2000,avaConv,pvInd_a
ba,1,h0108,0.7184846938705454,scr2000,avaConv,pvInd_a
ba,1,h0109,0.7630784950402763,scr2000,avaConv,pvInd_a
ba,1,h0110,0.7503231912663271,scr2000,avaConv,pvInd_a
ba,1,h0111,0.6801546501808889,scr2000,avaConv,pvInd_a
ba,1,h0112,0.5206904370009795,scr2000,avaConv,pvInd_a
ba,1,h0113,0.31815930759764055,scr2000,avaConv,pvInd_a
ba,1,h0114,0.13815113374791438,scr2000,avaConv,pvInd_a
ba,1,h0115,0.03129260484855566,scr2000,avaConv,pvInd_a
ba,1,h0116,0.0,scr2000,avaConv,pvInd_a
ba,1,h0117,0.0,scr2000,avaConv,pvInd_a
ba,1,h0118,0.0,scr2000,avaConv,pvInd_a
ba,1,h0119,0.0,scr2000,avaConv,pvInd_a
ba,1,h0120,0.0,scr2000,avaConv,pvInd_a
ba,1,h0121,0.0,scr2000,avaConv,pvInd_a
ba,1,h0122,0.0,scr2000,avaConv,pvInd_a
ba,1,h0123,0.0,scr2000,avaConv,pvInd_a
ba,1,h0124,0.0,scr2000,avaConv,pvInd_a
ba,1,h0125,0.0,scr2000,avaConv,pvInd_a
ba,1,h0126,0.0,scr2000,avaConv,pvInd_a
ba,1,h0127,0.025322126465925392,scr2000,avaConv,pvInd_a
ba,1,h0128,0.10026816911547913,scr2000,avaConv,pvInd_a
ba,1,h0129,0.2200452219499063,scr2000,avaConv,pvInd_a
ba,1,h0130,0.3546732831643684,scr2000,avaConv,pvInd_a
ba,1,h0131,0.4688113549984787,scr2000,avaConv,pvInd_a
ba,1,h0132,0.5573444971986032,scr2000,avaConv,pvInd_a
ba,1,h0133,0.5999849341891472,scr2000,avaConv,pvInd_a
ba,1,h0134,0.5958797359575301,scr2000,avaConv,pvInd_a
ba,1,h0135,0.5371126838880845,scr2000,avaConv,pvInd_a
ba,1,h0136,0.42791193226183943,scr2000,avaConv,pvInd_a
ba,1,h0137,0.2750542078246949,scr2000,avaConv,pvInd_a
ba,1,h0138,0.1256978782065746,scr2000,avaConv,pvInd_a
ba,1,h0139,0.031399190469388334,scr2000,avaConv,pvInd_a
ba,1,h0140,0.0,scr2000,avaConv,pvInd_a
ba,1,h0141,0.0,scr2000,avaConv,pvInd_a
ba,1,h0142,0.0,scr2000,avaConv,pvInd_a
ba,1,h0143,0.0,scr2000,avaConv,pvInd_a
ba,1,h0144,0.0,scr2000,avaConv,pvInd_a
be,1,h0097,0.0,scr2000,avaConv,pvInd_a
be,1,h0098,0.0,scr2000,avaConv,pvInd_a
be,1,h0099,0.0,scr2000,avaConv,pvInd_a
be,1,h0100,0.0,scr2000,avaConv,pvInd_a
be,1,h0101,0.0,scr2000,avaConv,pvInd_a
be,1,h0102,0.0,scr2000,avaConv,pvInd_a
be,1,h0103,0.0,scr2000,avaConv,pvInd_a
be,1,h0104,0.0,scr2000,avaConv,pvInd_a
be,1,h0105,0.00872483588203903,scr2000,avaConv,pvInd_a
be,1,h0106,0.04761332078452354,scr2000,avaConv,pvInd_a
be,1,h0107,0.13441425189907602,scr2000,avaConv,pvInd_a
be,1,h0108,0.2534832245012425,scr2000,avaConv,pvInd_a
be,1,h0109,0.21909151783027755,scr2000,avaConv,pvInd_a
be,1,h0110,0.14361107311932847,scr2000,avaConv,pvInd_a
be,1,h0111,0.054095667858233255,scr2000,avaConv,pvInd_a
be,1,h0112,0.07328054046853262,scr2000,avaConv,pvInd_a
be,1,h0113,0.08190308106419851,scr2000,avaConv,pvInd_a
be,1,h0114,0.05435476906383428,scr2000,avaConv,pvInd_a
be,1,h0115,0.019873559990859227,scr2000,avaConv,pvInd_a
be,1,h0116,0.0008202785856250371,scr2000,avaConv,pvInd_a
be,1,h0117,0.0,scr2000,avaConv,pvInd_a
be,1,h0118,0.0,scr2000,avaConv,pvInd_a
be,1,h0119,0.0,scr2000,avaConv,pvInd_a
be,1,h0120,0.0,scr2000,avaConv,pvInd_a
be,1,h0121,0.0,scr2000,avaConv,pvInd_a
be,1,h0122,0.0,scr2000,avaConv,pvInd_a
be,1,h0123,0.0,scr2000,avaConv,pvInd_a
be,1,h0124,0.0,scr2000,avaConv,pvInd_a
be,1,h0125,0.0,scr2000,avaConv,pvInd_a
be,1,h0126,0.0,scr2000,avaConv,pvInd_a
be,1,h0127,0.0,scr2000,avaConv,pvInd_a
be,1,h0128,0.000598660067491151,scr2000,avaConv,pvInd_a
be,1,h0129,0.007323503714691621,scr2000,avaConv,pvInd_a
be,1,h0130,0.02150669062753629,scr2000,avaConv,pvInd_a
be,1,h0131,0.045246872616442266,scr2000,avaConv,pvInd_a
be,1,h0132,0.08300367577128862,scr2000,avaConv,pvInd_a
be,1,h0133,0.13639024444637413,scr2000,avaConv,pvInd_a
be,1,h0134,0.1789672077910511,scr2000,avaConv,pvInd_a
be,1,h0135,0.19560462617997848,scr2000,avaConv,pvInd_a
be,1,h0136,0.17840475701221362,scr2000,avaConv,pvInd_a
be,1,h0137,0.14094133604246936,scr2000,avaConv,pvInd_a
be,1,h0138,0.08135785267440715,scr2000,avaConv,pvInd_a
be,1,h0139,0.029954175118971877,scr2000,avaConv,pvInd_a
be,1,h0140,0.0046376315443981105,scr2000,avaConv,pvInd_a
be,1,h0141,0.0,scr2000,avaConv,pvInd_a
be,1,h0142,0.0,scr2000,avaConv,pvInd_a
be,1,h0143,0.0,scr2000,avaConv,pvInd_a
be,1,h0144,0.0,scr2000,avaConv,pvInd_a
bg,1,h0097,0.0,scr2000,avaConv,pvInd_a
bg,1,h0098,0.0,scr2000,avaConv,pvInd_a
bg,1,h0099,0.0,scr2000,avaConv,pvInd_a
bg,1,h0100,0.0,scr2000,avaConv,pvInd_a
bg,1,h0101,0.0,scr2000,avaConv,pvInd_a
bg,1,h0102,0.0,scr2000,avaConv,pvInd_a
bg,1,h0103,0.0340571915119963,scr2000,avaConv,pvInd_a
bg,1,h0104,0.1478521064991812,scr2000,avaConv,pvInd_a
bg,1,h0105,0.351473581248682,scr2000,avaConv,pvInd_a
bg,1,h0106,0.57571591766313,scr2000,avaConv,pvInd_a
bg,1,h0107,0.7402208484000544,scr2000,avaConv,pvInd_a
bg,1,h0108,0.8221078587550024,scr2000,avaConv,pvInd_a
bg,1,h0109,0.7385953019324212,scr2000,avaConv,pvInd_a
bg,1,h0110,0.5926082483460313,scr2000,avaConv,pvInd_a
bg,1,h0111,0.4047426766386406,scr2000,avaConv,pvInd_a
bg,1,h0112,0.2649259209787648,scr2000,avaConv,pvInd_a
bg,1,h0113,0.12409636969030986,scr2000,avaConv,pvInd_a
bg,1,h0114,0.03451185886655201,scr2000,avaConv,pvInd_a
bg,1,h0115,0.0,scr2000,avaConv,pvInd_a
bg,1,h0116,0.0,scr2000,avaConv,pvInd_a
bg,1,h0117,0.0,scr2000,avaConv,pvInd_a
bg,1,h0118,0.0,scr2000,avaConv,pvInd_a
bg,1,h0119,0.0,scr2000,avaConv,pvInd_a
bg,1,h0120,0.0,scr2000,avaConv,pvInd_a
bg,1,h0121,0.0,scr2000,avaConv,pvInd_a
bg,1,h0122,0.0,scr2000,avaConv,pvInd_a
bg,1,h0123,0.0,scr2000,avaConv,pvInd_a
bg,1,h0124,0.0,scr2000,avaConv,pvInd_a
bg,1,h0125,0.0,scr2000,avaConv,pvInd_a
bg,1,h0126,0.0,scr2000,avaConv,pvInd_a
bg,1,h0127,0.036718630204301494,scr2000,avaConv,pvInd_a
bg,1,h0128,0.14527388248114273,scr2000,avaConv,pvInd_a
bg,1,h0129,0.3341218269819675,scr2000,avaConv,pvInd_a
bg,1,h0130,0.537498900091768,scr2000,avaConv,pvInd_a
bg,1,h0131,0.6891172699088106,scr2000,avaConv,pvInd_a
bg,1,h0132,0.7531595745267253,scr2000,avaConv,pvInd_a
bg,1,h0133,0.6558315845518963,scr2000,avaConv,pvInd_a
bg,1,h0134,0.5320713873802564,scr2000,avaConv,pvInd_a
bg,1,h0135,0.3969255694434065,scr2000,avaConv,pvInd_a
bg,1,h0136,0.3046649199141379,scr2000,avaConv,pvInd_a
bg,1,h0137,0.1684548143643503,scr2000,avaConv,pvInd_a
bg,1,h0138,0.057954435798591226,scr2000,avaConv,pvInd_a
bg,1,h0139,0.00582704709881052,scr2000,avaConv,pvInd_a
bg,1,h0140,0.0,scr2000,avaConv,pvInd_a
bg,1,h0141,0.0,scr2000,avaConv,pvInd_a
bg,1,h0142,0.0,scr2000,avaConv,pvInd_a
bg,1,h0143,0.0,scr2000,avaConv,pvInd_a
bg,1,h0144,0.0,scr2000,avaConv,pvInd_a
ch,1,h0097,0.0,scr2000,avaConv,pvInd_a
ch,1,h0098,0.0,scr2000,avaConv,pvInd_a
ch,1,h0099,0.0,scr2000,avaConv,pvInd_a
ch,1,h0100,0.0,scr2000,avaConv,pvInd_a
ch,1,h0101,0.0,scr2000,avaConv,pvInd_a
ch,1,h0102,0.0,scr2000,avaConv,pvInd_a
ch,1,h0103,0.0,scr2000,avaConv,pvInd_a
ch,1,h0104,0.01729208039193572,scr2000,avaConv,pvInd_a
ch,1,h0105,0.07756216599497277,scr2000,avaConv,pvInd_a
ch,1,h0106,0.18806836032300128,scr2000,avaConv,pvInd_a
ch,1,h0107,0.3184218176155948,scr2000,avaConv,pvInd_a
ch,1,h0108,0.40271609054882135,scr2000,avaConv,pvInd_a
ch,1,h0109,0.5369747941335634,scr2000,avaConv,pvInd_a
ch,1,h0110,0.6173030529948818,scr2000,avaConv,pvInd_a
ch,1,h0111,0.6630159178659004,scr2000,avaConv,pvInd_a
ch,1,h0112,0.5494109462865526,scr2000,avaConv,pvInd_a
ch,1,h0113,0.37927001904238383,scr2000,avaConv,pvInd_a
ch,1,h0114,0.18685520588270665,scr2000,avaConv,pvInd_a
ch,1,h0115,0.05619671977005644,scr2000,avaConv,pvInd_a
ch,1,h0116,0.0,scr2000,avaConv,pvInd_a
ch,1,h0117,0.0,scr2000,avaConv,pvInd_a
ch,1,h0118,0.0,scr2000,avaConv,pvInd_a
ch,1,h0119,0.0,scr2000,avaConv,pvInd_a
ch,1,h0120,0.0,scr2000,avaConv,pvInd_a
ch,1,h0121,0.0,scr2000,avaConv,pvInd_a
ch,1,h0122,0.0,scr2000,avaConv,pvInd_a
ch,1,h0123,0.0,scr2000,avaConv,pvInd_a
ch,1,h0124,0.0,scr2000,avaConv,pvInd_a
ch,1,h0125,0.0,scr2000,avaConv,pvInd_a
ch,1,h0126,0.0,scr2000,avaConv,pvInd_a
ch,1,h0127,0.0,scr2000,avaConv,pvInd_a
ch,1,h0128,0.026942445063212906,scr2000,avaConv,pvInd_a
ch,1,h0129,0.11049914194848226,scr2000,avaConv,pvInd_a
ch,1,h0130,0.2602562227382944,scr2000,avaConv,pvInd_a
ch,1,h0131,0.420309817730351,scr2000,avaConv,pvInd_a
ch,1,h0132,0.5459201745885532,scr2000,avaConv,pvInd_a
ch,1,h0133,0.5913718874411545,scr2000,avaConv,pvInd_a
ch,1,h0134,0.5841856074972084,scr2000,avaConv,pvInd_a
ch,1,h0135,0.5191350952843591,scr2000,avaConv,pvInd_a
ch,1,h0136,0.4330957173607848,scr2000,avaConv,pvInd_a
ch,1,h0137,0.31727013738585413,scr2000,avaConv,pvInd_a
ch,1,h0138,0.18450601570320826,scr2000,avaConv,pvInd_a
ch,1,h0139,0.07564938267077183,scr2000,avaConv,pvInd_a
ch,1,h0140,0.012531957606990043,scr2000,avaConv,pvInd_a
ch,1,h0141,0.0,scr2000,avaConv,pvInd_a
ch,1,h0142,0.0,scr2000,avaConv,pvInd_a
ch,1,h0143,0.0,scr2000,avaConv,pvInd_a
ch,1,h0144,0.0,scr2000,avaConv,pvInd_a
cz,1,h0097,0.0,scr2000,avaConv,pvInd_a
cz,1,h0098,0.0,scr2000,avaConv,pvInd_a
cz,1,h0099,0.0,scr2000,avaConv,pvInd_a
cz,1,h0100,0.0,scr2000,avaConv,pvInd_a
cz,1,h0101,0.0,scr2000,avaConv,pvInd_a
cz,1,h0102,0.0,scr2000,avaConv,pvInd_a
cz,1,h0103,0.0,scr2000,avaConv,pvInd_a
cz,1,h0104,0.0028827943249124023,scr2000,avaConv,pvInd_a
cz,1,h0105,0.01603076187045198,scr2000,avaConv,pvInd_a
cz,1,h0106,0.041097809715427085,scr2000,avaConv,pvInd_a
cz,1,h0107,0.06985315182433224,scr2000,avaConv,pvInd_a
cz,1,h0108,0.08584140044820121,scr2000,avaConv,pvInd_a
cz,1,h0109,0.3017185653016928,scr2000,avaConv,pvInd_a
cz,1,h0110,0.4800500559629915,scr2000,avaConv,pvInd_a
cz,1,h0111,0.6103233076015437,scr2000,avaConv,pvInd_a
cz,1,h0112,0.4666586996595418,scr2000,avaConv,pvInd_a
cz,1,h0113,0.285575269951457,scr2000,avaConv,pvInd_a
cz,1,h0114,0.1246139090223503,scr2000,avaConv,pvInd_a
cz,1,h0115,0.02965144522354914,scr2000,avaConv,pvInd_a
cz,1,h0116,0.0,scr2000,avaConv,pvInd_a
cz,1,h0117,0.0,scr2000,avaConv,pvInd_a
cz,1,h0118,0.0,scr2000,avaConv,pvInd_a
cz,1,h0119,0.0,scr2000,avaConv,pvInd_a
cz,1,h0120,0.0,scr2000,avaConv,pvInd_a
cz,1,h0121,0.0,scr2000,avaConv,pvInd_a
cz,1,h0122,0.0,scr2000,avaConv,pvInd_a
cz,1,h0123,0.0,scr2000,avaConv,pvInd_a
cz,1,h0124,0.0,scr2000,avaConv,pvInd_a
cz,1,h0125,0.0,scr2000,avaConv,pvInd_a
cz,1,h0126,0.0,scr2000,avaConv,pvInd_a
cz,1,h0127,0.004446311392728758,scr2000,avaConv,pvInd_a
cz,1,h0128,0.02242651572886314,scr2000,avaConv,pvInd_a
cz,1,h0129,0.04652026488930895,scr2000,avaConv,pvInd_a
cz,1,h0130,0.07077520430335564,scr2000,avaConv,pvInd_a
cz,1,h0131,0.08855289887002706,scr2000,avaConv,pvInd_a
cz,1,h0132,0.09955551474555585,scr2000,avaConv,pvInd_a
cz,1,h0133,0.17583383893515725,scr2000,avaConv,pvInd_a
cz,1,h0134,0.24360214260488866,scr2000,avaConv,pvInd_a
cz,1,h0135,0.2917491162029539,scr2000,avaConv,pvInd_a
cz,1,h0136,0.2383884562626011,scr2000,avaConv,pvInd_a
cz,1,h0137,0.15239348609941997,scr2000,avaConv,pvInd_a
cz,1,h0138,0.06885000940674899,scr2000,avaConv,pvInd_a
cz,1,h0139,0.017502922255145822,scr2000,avaConv,pvInd_a
cz,1,h0140,0.0,scr2000,avaConv,pvInd_a
cz,1,h0141,0.0,scr2000,avaConv,pvInd_a
cz,1,h0142,0.0,scr2000,avaConv,pvInd_a
cz,1,h0143,0.0,scr2000,avaConv,pvInd_a
cz,1,h0144,0.0,scr2000,avaConv,pvInd_a
de,1,h0097,0.0,scr2000,avaConv,pvInd_a
de,1,h0098,0.0,scr2000,avaConv,pvInd_a
de,1,h0099,0.0,scr2000,avaConv,pvInd_a
de,1,h0100,0.0,scr2000,avaConv,pvInd_a
de,1,h0101,0.0,scr2000,avaConv,pvInd_a
de,1,h0102,0.0,scr2000,avaConv,pvInd_a
de,1,h0103,0.0,scr2000,avaConv,pvInd_a
de,1,h0104,0.0027688810765030625,scr2000,avaConv,pvInd_a
de,1,h0105,0.015915834014311736,scr2000,avaConv,pvInd_a
de,1,h0106,0.04473928488953713,scr2000,avaConv,pvInd_a
de,1,h0107,0.08620211872859496,scr2000,avaConv,pvInd_a
de,1,h0108,0.1274628739463345,scr2000,avaConv,pvInd_a
de,1,h0109,0.23983509409113893,scr2000,avaConv,pvInd_a
de,1,h0110,0.31679636759226965,scr2000,avaConv,pvInd_a
de,1,h0111,0.3474885688462988,scr2000,avaConv,pvInd_a
de,1,h0112,0.2468029624677241,scr2000,avaConv,pvInd_a
de,1,h0113,0.13869594113132067,scr2000,avaConv,pvInd_a
de,1,h0114,0.0542274432153861,scr2000,avaConv,pvInd_a
de,1,h0115,0.011651281192570202,scr2000,avaConv,pvInd_a
de,1,h0116,0.0,scr2000,avaConv,pvInd_a
de,1,h0117,0.0,scr2000,avaConv,pvInd_a
de,1,h0118,0.0,scr2000,avaConv,pvInd_a
de,1,h0119,0.0,scr2000,avaConv,pvInd_a
de,1,h0120,0.0,scr2000,avaConv,pvInd_a
de,1,h0121,0.0,scr2000,avaConv,pvInd_a
de,1,h0122,0.0,scr2000,avaConv,pvInd_a
de,1,h0123,0.0,scr2000,avaConv,pvInd_a
de,1,h0124,0.0,scr2000,avaConv,pvInd_a
de,1,h0125,0.0,scr2000,avaConv,pvInd_a
de,1,h0126,0.0,scr2000,avaConv,pvInd_a
de,1,h0127,0.0,scr2000,avaConv,pvInd_a
de,1,h0128,0.003482432106313066,scr2000,avaConv,pvInd_a
de,1,h0129,0.01463201058386573,scr2000,avaConv,pvInd_a
de,1,h0130,0.03933216469768817,scr2000,avaConv,pvInd_a
de,1,h0131,0.08004960808074882,scr2000,avaConv,pvInd_a
de,1,h0132,0.13073977028045491,scr2000,avaConv,pvInd_a
de,1,h0133,0.17708638510489083,scr2000,avaConv,pvInd_a
de,1,h0134,0.1967324051825419,scr2000,avaConv,pvInd_a
de,1,h0135,0.18747220278388985,scr2000,avaConv,pvInd_a
de,1,h0136,0.15236675060438512,scr2000,avaConv,pvInd_a
de,1,h0137,0.10286473239830432,scr2000,avaConv,pvInd_a
de,1,h0138,0.05004611494200401,scr2000,avaConv,pvInd_a
de,1,h0139,0.01495883318499148,scr2000,avaConv,pvInd_a
de,1,h0140,0.0008739499783574426,scr2000,avaConv,pvInd_a
de,1,h0141,0.0,scr2000,avaConv,pvInd_a
de,1,h0142,0.0,scr2000,avaConv,pvInd_a
de,1,h0143,0.0,scr2000,avaConv,pvInd_a
de,1,h0144,0.0,scr2000,avaConv,pvInd_a
dk_e,1,h0097,0.0,scr2000,avaConv,pvInd_a
dk_e,1,h0098,0.0,scr2000,avaConv,pvInd_a
dk_e,1,h0099,0.0,scr2000,avaConv,pvInd_a
dk_e,1,h0100,0.0,scr2000,avaConv,pvInd_a
dk_e,1,h0101,0.0,scr2000,avaConv,pvInd_a
dk_e,1,h0102,0.0,scr2000,avaConv,pvInd_a
dk_e,1,h0103,0.0,scr2000,avaConv,pvInd_a
dk_e,1,h0104,0.009358244036227634,scr2000,avaConv,pvInd_a
dk_e,1,h0105,0.04040836052029389,scr2000,avaConv,pvInd_a
dk_e,1,h0106,0.10836256318245815,scr2000,avaConv,pvInd_a
dk_e,1,h0107,0.23211248417650027,scr2000,avaConv,pvInd_a
dk_e,1,h0108,0.38505356656269013,scr2000,avaConv,pvInd_a
dk_e,1,h0109,0.32862007673814136,scr2000,avaConv,pvInd_a
dk_e,1,h0110,0.20173299710077375,scr2000,avaConv,pvInd_a
dk_e,1,h0111,0.03339219250018998,scr2000,avaConv,pvInd_a
dk_e,1,h0112,0.019375962640643844,scr2000,avaConv,pvInd_a
dk_e,1,h0113,0.007949536698575179,scr2000,avaConv,pvInd_a
dk_e,1,h0114,0.0023229552812270363,scr2000,avaConv,pvInd_a
dk_e,1,h0115,0.0,scr2000,avaConv,pvInd_a
dk_e,1,h0116,0.0,scr2000,avaConv,pvInd_a
dk_e,1,h0117,0.0,scr2000,avaConv,pvInd_a
dk_e,1,h0118,0.0,scr2000,avaConv,pvInd_a
dk_e,1,h0119,0.0,scr2000,avaConv,pvInd_a
dk_e,1,h0120,0.0,scr2000,avaConv,pvInd_a
dk_e,1,h0121,0.0,scr2000,avaConv,pvInd_a
dk_e,1,h0122,0.0,scr2000,avaConv,pvInd_a
dk_e,1,h0123,0.0,scr2000,avaConv,pvInd_a
dk_e,1,h0124,0.0,scr2000,avaConv,pvInd_a
dk_e,1,h0125,0.0,scr2000,avaConv,pvInd_a
dk_e,1,h0126,0.0,scr2000,avaConv,pvInd_a
dk_e,1,h0127,0.0,scr2000,avaConv,pvInd_a
dk_e,1,h0128,0.0108010909257312,scr2000,avaConv,pvInd_a
dk_e,1,h0129,0.04003160644453491,scr2000,avaConv,pvInd_a
dk_e,1,h0130,0.08936993464062669,scr2000,avaConv,pvInd_a
dk_e,1,h0131,0.15215070162412692,scr2000,avaConv,pvInd_a
dk_e,1,h0132,0.21441350806940127,scr2000,avaConv,pvInd_a
dk_e,1,h0133,0.21859453763190323,scr2000,avaConv,pvInd_a
dk_e,1,h0134,0.18089432891325044,scr2000,avaConv,pvInd_a
dk_e,1,h0135,0.11784395806088864,scr2000,avaConv,pvInd_a
dk_e,1,h0136,0.08727188129800831,scr2000,avaConv,pvInd_a
dk_e,1,h0137,0.059058555997895466,scr2000,avaConv,pvInd_a
dk_e,1,h0138,0.030017449623756725,scr2000,avaConv,pvInd_a
dk_e,1,h0139,0.008545850291259949,scr2000,avaConv,pvInd_a
dk_e,1,h0140,0.0,scr2000,avaConv,pvInd_a
dk_e,1,h0141,0.0,scr2000,avaConv,pvInd_a
dk_e,1,h0142,0.0,scr2000,avaConv,pvInd_a
dk_e,1,h0143,0.0,scr2000,avaConv,pvInd_a
dk_e,1,h0144,0.0,scr2000,avaConv,pvInd_a
dk_w,1,h0097,0.0,scr2000,avaConv,pvInd_a
dk_w,1,h0098,0.0,scr2000,avaConv,pvInd_a
dk_w,1,h0099,0.0,scr2000,avaConv,pvInd_a
dk_w,1,h0100,0.0,scr2000,avaConv,pvInd_a
dk_w,1,h0101,0.0,scr2000,avaConv,pvInd_a
dk_w,1,h0102,0.0,scr2000,avaConv,pvInd_a
dk_w,1,h0103,0.0,scr2000,avaConv,pvInd_a
dk_w,1,h0104,0.01013157960779284,scr2000,avaConv,pvInd_a
dk_w,1,h0105,0.07051056318217257,scr2000,avaConv,pvInd_a
dk_w,1,h0106,0.2056093196838718,scr2000,avaConv,pvInd_a
dk_w,1,h0107,0.37118860547789084,scr2000,avaConv,pvInd_a
dk_w,1,h0108,0.4908656157971731,scr2000,avaConv,pvInd_a
dk_w,1,h0109,0.36048801953729775,scr2000,avaConv,pvInd_a
dk_w,1,h0110,0.20407825987232114,scr2000,avaConv,pvInd_a
dk_w,1,h0111,0.05601516063960129,scr2000,avaConv,pvInd_a
dk_w,1,h0112,0.05314885277577527,scr2000,avaConv,pvInd_a
dk_w,1,h0113,0.036942624554456106,scr2000,avaConv,pvInd_a
dk_w,1,h0114,0.01637011288497423,scr2000,avaConv,pvInd_a
dk_w,1,h0115,0.002914201642302111,scr2000,avaConv,pvInd_a
dk_w,1,h0116,0.0,scr2000,avaConv,pvInd_a
dk_w,1,h0117,0.0,scr2000,avaConv,pvInd_a
dk_w,1,h0118,0.0,scr2000,avaConv,pvInd_a
dk_w,1,h0119,0.0,scr2000,avaConv,pvInd_a
dk_w,1,h0120,0.0,scr2000,avaConv,pvInd_a
dk_w,1,h0121,0.0,scr2000,avaConv,pvInd_a
dk_w,1,h0122,0.0,scr2000,avaConv,pvInd_a
dk_w,1,h0123,0.0,scr2000,avaConv,pvInd_a
dk_w,1,h0124,0.0,scr2000,avaConv,pvInd_a
dk_w,1,h0125,0.0,scr2000,avaConv,pvInd_a
dk_w,1,h0126,0.0,scr2000,avaConv,pvInd_a
dk_w,1,h0127,0.0,scr2000,avaConv,pvInd_a
dk_w,1,h0128,0.00890442081010101,scr2000,avaConv,pvInd_a
dk_w,1,h0129,0.03601615140304394,scr2000,avaConv,pvInd_a
dk_w,1,h0130,0.08178502597289646,scr2000,avaConv,pvInd_a
dk_w,1,h0131,0.14424469220281935,scr2000,avaConv,pvInd_a
dk_w,1,h0132,0.2147410377699464,scr2000,avaConv,pvInd_a
dk_w,1,h0133,0.19840066765122474,scr2000,avaConv,pvInd_a
dk_w,1,h0134,0.15184785715273472,scr2000,avaConv,pvInd_a
dk_w,1,h0135,0.08312270103546683,scr2000,avaConv,pvInd_a
dk_w,1,h0136,0.07934898032068655,scr2000,avaConv,pvInd_a
dk_w,1,h0137,0.06499067499692075,scr2000,avaConv,pvInd_a
dk_w,1,h0138,0.03649275935341931,scr2000,avaConv,pvInd_a
dk_w,1,h0139,0.011321098238916593,scr2000,avaConv,pvInd_a
dk_w,1,h0140,0.0,scr2000,avaConv,pvInd_a
dk_w,1,h0141,0.0,scr2000,avaConv,pvInd_a
dk_w,1,h0142,0.0,scr2000,avaConv,pvInd_a
dk_w,1,h0143,0.0,scr2000,avaConv,pvInd_a
dk_w,1,h0144,0.0,scr2000,avaConv,pvInd_a
ee,1,h0097,0.0,scr2000,avaConv,pvInd_a
ee,1,h0098,0.0,scr2000,avaConv,pvInd_a
ee,1,h0099,0.0,scr2000,avaConv,pvInd_a
ee,1,h0100,0.0,scr2000,avaConv,pvInd_a
ee,1,h0101,0.0,scr2000,avaConv,pvInd_a
ee,1,h0102,0.0,scr2000,avaConv,pvInd_a
ee,1,h0103,0.0,scr2000,avaConv,pvInd_a
ee,1,h0104,0.008838484388658615,scr2000,avaConv,pvInd_a
ee,1,h0105,0.036866847532086106,scr2000,avaConv,pvInd_a
ee,1,h0106,0.08524678998384594,scr2000,avaConv,pvInd_a
ee,1,h0107,0.1334922207926518,scr2000,avaConv,pvInd_a
ee,1,h0108,0.16891088805660906,scr2000,avaConv,pvInd_a
ee,1,h0109,0.17200752030669622,scr2000,avaConv,pvInd_a
ee,1,h0110,0.15822005400879854,scr2000,avaConv,pvInd_a
ee,1,h0111,0.12540713222824373,scr2000,avaConv,pvInd_a
ee,1,h0112,0.08213914595647713,scr2000,avaConv,pvInd_a
ee,1,h0113,0.035960489553685665,scr2000,avaConv,pvInd_a
ee,1,h0114,0.006805086001225579,scr2000,avaConv,pvInd_a
ee,1,h0115,0.0,scr2000,avaConv,pvInd_a
ee,1,h0116,0.0,scr2000,avaConv,pvInd_a
ee,1,h0117,0.0,scr2000,avaConv,pvInd_a
ee,1,h0118,0.0,scr2000,avaConv,pvInd_a
ee,1,h0119,0.0,scr2000,avaConv,pvInd_a
ee,1,h0120,0.0,scr2000,avaConv,pvInd_a
ee,1,h0121,0.0,scr2000,avaConv,pvInd_a
ee,1,h0122,0.0,scr2000,avaConv,pvInd_a
ee,1,h0123,0.0,scr2000,avaConv,pvInd_a
ee,1,h0124,0.0,scr2000,avaConv,pvInd_a
ee,1,h0125,0.0,scr2000,avaConv,pvInd_a
ee,1,h0126,0.0,scr2000,avaConv,pvInd_a
ee,1,h0127,0.010729450773673162,scr2000,avaConv,pvInd_a
ee,1,h0128,0.06285016494098022,scr2000,avaConv,pvInd_a
ee,1,h0129,0.19548083247851405,scr2000,avaConv,pvInd_a
ee,1,h0130,0.4070094989718414,scr2000,avaConv,pvInd_a
ee,1,h0131,0.6275361760892686,scr2000,avaConv,pvInd_a
ee,1,h0132,0.7700929341994366,scr2000,avaConv,pvInd_a
ee,1,h0133,0.6986309137797186,scr2000,avaConv,pvInd_a
ee,1,h0134,0.5223189158477956,scr2000,avaConv,pvInd_a
ee,1,h0135,0.3136613658305494,scr2000,avaConv,pvInd_a
ee,1,h0136,0.1792791634792951,scr2000,avaConv,pvInd_a
ee,1,h0137,0.07515418437805904,scr2000,avaConv,pvInd_a
ee,1,h0138,0.01761126769245814,scr2000,avaConv,pvInd_a
ee,1,h0139,0.0,scr2000,avaConv,pvInd_a
ee,1,h0140,0.0,scr2000,avaConv,pvInd_a
ee,1,h0141,0.0,scr2000,avaConv,pvInd_a
ee,1,h0142,0.0,scr2000,avaConv,pvInd_a
ee,1,h0143,0.0,scr2000,avaConv,pvInd_a
ee,1,h0144,0.0,scr2000,avaConv,pvInd_a
es,1,h0097,0.0,scr2000,avaConv,pvInd_a
es,1,h0098,0.0,scr2000,avaConv,pvInd_a
es,1,h0099,0.0,scr2000,avaConv,pvInd_a
es,1,h0100,0.0,scr2000,avaConv,pvInd_a
es,1,h0101,0.0,scr2000,avaConv,pvInd_a
es,1,h0102,0.0,scr2000,avaConv,pvInd_a
es,1,h0103,0.0,scr2000,avaConv,pvInd_a
es,1,h0104,0.0,scr2000,avaConv,pvInd_a
es,1,h0105,0.051314273479069826,scr2000,avaConv,pvInd_a
es,1,h0106,0.18583634602198104,scr2000,avaConv,pvInd_a
es,1,h0107,0.3886313491600196,scr2000,avaConv,pvInd_a
es,1,h0108,0.5761064955682926,scr2000,avaConv,pvInd_a
es,1,h0109,0.6864986325205255,scr2000,avaConv,pvInd_a
es,1,h0110,0.731896220168027,scr2000,avaConv,pvInd_a
es,1,h0111,0.7025611084456583,scr2000,avaConv,pvInd_a
es,1,h0112,0.6209435325815802,scr2000,avaConv,pvInd_a
es,1,h0113,0.4813677229506089,scr2000,avaConv,pvInd_a
es,1,h0114,0.30590841435284327,scr2000,avaConv,pvInd_a
es,1,h0115,0.137646026909675,scr2000,avaConv,pvInd_a
es,1,h0116,0.035695609824045335,scr2000,avaConv,pvInd_a
es,1,h0117,0.00026690211155430883,scr2000,avaConv,pvInd_a
es,1,h0118,0.0,scr2000,avaConv,pvInd_a
es,1,h0119,0.0,scr2000,avaConv,pvInd_a
es,1,h0120,0.0,scr2000,avaConv,pvInd_a
es,1,h0121,0.0,scr2000,avaConv,pvInd_a
es,1,h0122,0.0,scr2000,avaConv,pvInd_a
es,1,h0123,0.0,scr2000,avaConv,pvInd_a
es,1,h0124,0.0,scr2000,avaConv,pvInd_a
es,1,h0125,0.0,scr2000,avaConv,pvInd_a
es,1,h0126,0.0,scr2000,avaConv,pvInd_a
es,1,h0127,0.0,scr2000,avaConv,pvInd_a
es,1,h0128,0.009845829502681393,scr2000,avaConv,pvInd_a
es,1,h0129,0.08055686710007379,scr2000,avaConv,pvInd_a
es,1,h0130,0.23620049189740305,scr2000,avaConv,pvInd_a
es,1,h0131,0.44101504543903425,scr2000,avaConv,pvInd_a
es,1,h0132,0.6206140967602408,scr2000,avaConv,pvInd_a
es,1,h0133,0.7112131086782022,scr2000,avaConv,pvInd_a
es,1,h0134,0.7389172602570727,scr2000,avaConv,pvInd_a
es,1,h0135,0.6965496065407509,scr2000,avaConv,pvInd_a
es,1,h0136,0.6183533986372568,scr2000,avaConv,pvInd_a
es,1,h0137,0.4878572089818734,scr2000,avaConv,pvInd_a
es,1,h0138,0.3232570039008977,scr2000,avaConv,pvInd_a
es,1,h0139,0.15859660517122878,scr2000,avaConv,pvInd_a
es,1,h0140,0.05007378804386901,scr2000,avaConv,pvInd_a
es,1,h0141,0.005464430553101414,scr2000,avaConv,pvInd_a
es,1,h0142,0.0,scr2000,avaConv,pvInd_a
es,1,h0143,0.0,scr2000,avaConv,pvInd_a
es,1,h0144,0.0,scr2000,avaConv,pvInd_a
fi,1,h0097,0.0,scr2000,avaConv,pvInd_a
fi,1,h0098,0.0,scr2000,avaConv,pvInd_a
fi,1,h0099,0.0,scr2000,avaConv,pvInd_a
fi,1,h0100,0.0,scr2000,avaConv,pvInd_a
fi,1,h0101,0.0,scr2000,avaConv,pvInd_a
fi,1,h0102,0.0,scr2000,avaConv,pvInd_a
fi,1,h0103,0.0011856486972126408,scr2000,avaConv,pvInd_a
fi,1,h0104,0.03095598232950409,scr2000,avaConv,pvInd_a
fi,1,h0105,0.09422341112919022,scr2000,avaConv,pvInd_a
fi,1,h0106,0.19198141046399164,scr2000,avaConv,pvInd_a
fi,1,h0107,0.2748228163373079,scr2000,avaConv,pvInd_a
fi,1,h0108,0.3242462971417396,scr2000,avaConv,pvInd_a
fi,1,h0109,0.2521404703912848,scr2000,avaConv,pvInd_a
fi,1,h0110,0.15422900602124437,scr2000,avaConv,pvInd_a
fi,1,h0111,0.051252436133193954,scr2000,avaConv,pvInd_a
fi,1,h0112,0.023040924788369884,scr2000,avaConv,pvInd_a
fi,1,h0113,0.006216237936693996,scr2000,avaConv,pvInd_a
fi,1,h0114,0.0,scr2000,avaConv,pvInd_a
fi,1,h0115,0.0,scr2000,avaConv,pvInd_a
fi,1,h0116,0.0,scr2000,avaConv,pvInd_a
fi,1,h0117,0.0,scr2000,avaConv,pvInd_a
fi,1,h0118,0.0,scr2000,avaConv,pvInd_a
fi,1,h0119,0.0,scr2000,avaConv,pvInd_a
fi,1,h0120,0.0,scr2000,avaConv,pvInd_a
fi,1,h0121,0.0,scr2000,avaConv,pvInd_a
fi,1,h0122,0.0,scr2000,avaConv,pvInd_a
fi,1,h0123,0.0,scr2000,avaConv,pvInd_a
fi,1,h0124,0.0,scr2000,avaConv,pvInd_a
fi,1,h0125,0.0,scr2000,avaConv,pvInd_a
fi,1,h0126,0.0,scr2000,avaConv,pvInd_a
fi,1,h0127,0.03271334771831991,scr2000,avaConv,pvInd_a
fi,1,h0128,0.12963967377095684,scr2000,avaConv,pvInd_a
fi,1,h0129,0.2854824698904913,scr2000,avaConv,pvInd_a
fi,1,h0130,0.4427055515430726,scr2000,avaConv,pvInd_a
fi,1,h0131,0.5487635714575344,scr2000,avaConv,pvInd_a
fi,1,h0132,0.5865119032486843,scr2000,avaConv,pvInd_a
fi,1,h0133,0.6355125436929332,scr2000,avaConv,pvInd_a
fi,1,h0134,0.6209032822088358,scr2000,avaConv,pvInd_a
fi,1,h0135,0.5507118951257942,scr2000,avaConv,pvInd_a
fi,1,h0136,0.35557906406898127,scr2000,avaConv,pvInd_a
fi,1,h0137,0.1624568006866132,scr2000,avaConv,pvInd_a
fi,1,h0138,0.043182085588187494,scr2000,avaConv,pvInd_a
fi,1,h0139,0.0,scr2000,avaConv,pvInd_a
fi,1,h0140,0.0,scr2000,avaConv,pvInd_a
fi,1,h0141,0.0,scr2000,avaConv,pvInd_a
fi,1,h0142,0.0,scr2000,avaConv,pvInd_a
fi,1,h0143,0.0,scr2000,avaConv,pvInd_a
fi,1,h0144,0.0,scr2000,avaConv,pvInd_a
fr,1,h0097,0.0,scr2000,avaConv,pvInd_a
fr,1,h0098,0.0,scr2000,avaConv,pvInd_a
fr,1,h0099,0.0,scr2000,avaConv,pvInd_a
fr,1,h0100,0.0,scr2000,avaConv,pvInd_a
fr,1,h0101,0.0,scr2000,avaConv,pvInd_a
fr,1,h0102,0.0,scr2000,avaConv,pvInd_a
fr,1,h0103,0.0,scr2000,avaConv,pvInd_a
fr,1,h0104,0.009637863580391912,scr2000,avaConv,pvInd_a
fr,1,h0105,0.05744375748432745,scr2000,avaConv,pvInd_a
fr,1,h0106,0.15108403185275449,scr2000,avaConv,pvInd_a
fr,1,h0107,0.2721800374428731,scr2000,avaConv,pvInd_a
fr,1,h0108,0.38158860357916674,scr2000,avaConv,pvInd_a
fr,1,h0109,0.44510636595215236,scr2000,avaConv,pvInd_a
fr,1,h0110,0.46136164402339425,scr2000,avaConv,pvInd_a
fr,1,h0111,0.42625642396962793,scr2000,avaConv,pvInd_a
fr,1,h0112,0.35680884704653454,scr2000,avaConv,pvInd_a
fr,1,h0113,0.25801454440227267,scr2000,avaConv,pvInd_a
fr,1,h0114,0.14585545879588904,scr2000,avaConv,pvInd_a
fr,1,h0115,0.05806949987288776,scr2000,avaConv,pvInd_a
fr,1,h0116,0.010551755794088655,scr2000,avaConv,pvInd_a
fr,1,h0117,0.0,scr2000,avaConv,pvInd_a
fr,1,h0118,0.0,scr2000,avaConv,pvInd_a
fr,1,h0119,0.0,scr2000,avaConv,pvInd_a
fr,1,h0120,0.0,scr2000,avaConv,pvInd_a
fr,1,h0121,0.0,scr2000,avaConv,pvInd_a
fr,1,h0122,0.0,scr2000,avaConv,pvInd_a
fr,1,h0123,0.0,scr2000,avaConv,pvInd_a
fr,1,h0124,0.0,scr2000,avaConv,pvInd_a
fr,1,h0125,0.0,scr2000,avaConv,pvInd_a
fr,1,h0126,0.0,scr2000,avaConv,pvInd_a
fr,1,h0127,0.0,scr2000,avaConv,pvInd_a
fr,1,h0128,0.027507493492554463,scr2000,avaConv,pvInd_a
fr,1,h0129,0.1206670200008914,scr2000,avaConv,pvInd_a
fr,1,h0130,0.27950514217126937,scr2000,avaConv,pvInd_a
fr,1,h0131,0.45590843420650834,scr2000,avaConv,pvInd_a
fr,1,h0132,0.5955910364431536,scr2000,avaConv,pvInd_a
fr,1,h0133,0.6835862386237911,scr2000,avaConv,pvInd_a
fr,1,h0134,0.7204094064652883,scr2000,avaConv,pvInd_a
fr,1,h0135,0.7000957320287102,scr2000,avaConv,pvInd_a
fr,1,h0136,0.6182978697259086,scr2000,avaConv,pvInd_a
fr,1,h0137,0.47624428989178147,scr2000,avaConv,pvInd_a
fr,1,h0138,0.29285343743675746,scr2000,avaConv,pvInd_a
fr,1,h0139,0.12772762183942266,scr2000,avaConv,pvInd_a
fr,1,h0140,0.02967525540181584,scr2000,avaConv,pvInd_a
fr,1,h0141,0.0,scr2000,avaConv,pvInd_a
fr,1,h0142,0.0,scr2000,avaConv,pvInd_a
fr,1,h0143,0.0,scr2000,avaConv,pvInd_a
fr,1,h0144,0.0,scr2000,avaConv,pvInd_a
fr_co,1,h0097,0.0,scr2000,avaConv,pvInd_a
fr_co,1,h0098,0.0,scr2000,avaConv,pvInd_a
fr_co,1,h0099,0.0,scr2000,avaConv,pvInd_a
fr_co,1,h0100,0.0,scr2000,avaConv,pvInd_a
fr_co,1,h0101,0.0,scr2000,avaConv,pvInd_a
fr_co,1,h0102,0.0,scr2000,avaConv,pvInd_a
fr_co,1,h0103,0.0,scr2000,avaConv,pvInd_a
fr_co,1,h0104,0.022427608511785494,scr2000,avaConv,pvInd_a
fr_co,1,h0105,0.10117632761114341,scr2000,avaConv,pvInd_a
fr_co,1,h0106,0.24249052152371936,scr2000,avaConv,pvInd_a
fr_co,1,h0107,0.3936613941682923,scr2000,avaConv,pvInd_a
fr_co,1,h0108,0.5061344366716296,scr2000,avaConv,pvInd_a
fr_co,1,h0109,0.5553101915563758,scr2000,avaConv,pvInd_a
fr_co,1,h0110,0.5436381925034023,scr2000,avaConv,pvInd_a
fr_co,1,h0111,0.4741473420470769,scr2000,avaConv,pvInd_a
fr_co,1,h0112,0.3666142526947027,scr2000,avaConv,pvInd_a
fr_co,1,h0113,0.23400117238979845,scr2000,avaConv,pvInd_a
fr_co,1,h0114,0.104219700217499,scr2000,avaConv,pvInd_a
fr_co,1,h0115,0.027143573561632814,scr2000,avaConv,pvInd_a
fr_co,1,h0116,0.0,scr2000,avaConv,pvInd_a
fr_co,1,h0117,0.0,scr2000,avaConv,pvInd_a
fr_co,1,h0118,0.0,scr2000,avaConv,pvInd_a
fr_co,1,h0119,0.0,scr2000,avaConv,pvInd_a
fr_co,1,h0120,0.0,scr2000,avaConv,pvInd_a
fr_co,1,h0121,0.0,scr2000,avaConv,pvInd_a
fr_co,1,h0122,0.0,scr2000,avaConv,pvInd_a
fr_co,1,h0123,0.0,scr2000,avaConv,pvInd_a
fr_co,1,h0124,0.0,scr2000,avaConv,pvInd_a
fr_co,1,h0125,0.0,scr2000,avaConv,pvInd_a
fr_co,1,h0126,0.0,scr2000,avaConv,pvInd_a
fr_co,1,h0127,0.0,scr2000,avaConv,pvInd_a
fr_co,1,h0128,0.028579764014134177,scr2000,avaConv,pvInd_a
fr_co,1,h0129,0.11477419831170357,scr2000,avaConv,pvInd_a
fr_co,1,h0130,0.2602036691860242,scr2000,avaConv,pvInd_a
fr_co,1,h0131,0.4050969333270835,scr2000,avaConv,pvInd_a
fr_co,1,h0132,0.5149634213941336,scr2000,avaConv,pvInd_a
fr_co,1,h0133,0.5658299817524178,scr2000,avaConv,pvInd_a
fr_co,1,h0134,0.5678401294092086,scr2000,avaConv,pvInd_a
fr_co,1,h0135,0.5147790709052896,scr2000,avaConv,pvInd_a
fr_co,1,h0136,0.4231154115779165,scr2000,avaConv,pvInd_a
fr_co,1,h0137,0.2882742823810025,scr2000,avaConv,pvInd_a
fr_co,1,h0138,0.14331795244647158,scr2000,avaConv,pvInd_a
fr_co,1,h0139,0.04486909821427202,scr2000,avaConv,pvInd_a
fr_co,1,h0140,0.004185056355108495,scr2000,avaConv,pvInd_a
fr_co,1,h0141,0.0,scr2000,avaConv,pvInd_a
fr_co,1,h0142,0.0,scr2000,avaConv,pvInd_a
fr_co,1,h0143,0.0,scr2000,avaConv,pvInd_a
fr_co,1,h0144,0.0,scr2000,avaConv,pvInd_a
gr,1,h0097,0.0,scr2000,avaConv,pvInd_a
gr,1,h0098,0.0,scr2000,avaConv,pvInd_a
gr,1,h0099,0.0,scr2000,avaConv,pvInd_a
gr,1,h0100,0.0,scr2000,avaConv,pvInd_a
gr,1,h0101,0.0,scr2000,avaConv,pvInd_a
gr,1,h0102,0.0,scr2000,avaConv,pvInd_a
gr,1,h0103,0.030858807096857847,scr2000,avaConv,pvInd_a
gr,1,h0104,0.12933661518626804,scr2000,avaConv,pvInd_a
gr,1,h0105,0.29219446013878,scr2000,avaConv,pvInd_a
gr,1,h0106,0.4611247419998806,scr2000,avaConv,pvInd_a
gr,1,h0107,0.5785645427751895,scr2000,avaConv,pvInd_a
gr,1,h0108,0.6405457326787943,scr2000,avaConv,pvInd_a
gr,1,h0109,0.6172019691610493,scr2000,avaConv,pvInd_a
gr,1,h0110,0.5478343651089559,scr2000,avaConv,pvInd_a
gr,1,h0111,0.4258212038384004,scr2000,avaConv,pvInd_a
gr,1,h0112,0.2981266468633621,scr2000,avaConv,pvInd_a
gr,1,h0113,0.15328537274529383,scr2000,avaConv,pvInd_a
gr,1,h0114,0.0520070878835022,scr2000,avaConv,pvInd_a
gr,1,h0115,0.003934450751867545,scr2000,avaConv,pvInd_a
gr,1,h0116,0.0,scr2000,avaConv,pvInd_a
gr,1,h0117,0.0,scr2000,avaConv,pvInd_a
gr,1,h0118,0.0,scr2000,avaConv,pvInd_a
gr,1,h0119,0.0,scr2000,avaConv,pvInd_a
gr,1,h0120,0.0,scr2000,avaConv,pvInd_a
gr,1,h0121,0.0,scr2000,avaConv,pvInd_a
gr,1,h0122,0.0,scr2000,avaConv,pvInd_a
gr,1,h0123,0.0,scr2000,avaConv,pvInd_a
gr,1,h0124,0.0,scr2000,avaConv,pvInd_a
gr,1,h0125,0.0,scr2000,avaConv,pvInd_a
gr,1,h0126,0.0,scr2000,avaConv,pvInd_a
gr,1,h0127,0.04919884578179913,scr2000,avaConv,pvInd_a
gr,1,h0128,0.17450222616373345,scr2000,avaConv,pvInd_a
gr,1,h0129,0.36324399376636474,scr2000,avaConv,pvInd_a
gr,1,h0130,0.5432531200010838,scr2000,avaConv,pvInd_a
gr,1,h0131,0.6662674830172991,scr2000,avaConv,pvInd_a
gr,1,h0132,0.7303954439823025,scr2000,avaConv,pvInd_a
gr,1,h0133,0.7093166038999744,scr2000,avaConv,pvInd_a
gr,1,h0134,0.6253977908728106,scr2000,avaConv,pvInd_a
gr,1,h0135,0.4874122798202168,scr2000,avaConv,pvInd_a
gr,1,h0136,0.33348664589478455,scr2000,avaConv,pvInd_a
gr,1,h0137,0.1776364600585155,scr2000,avaConv,pvInd_a
gr,1,h0138,0.06488743468776753,scr2000,avaConv,pvInd_a
gr,1,h0139,0.010103280465577447,scr2000,avaConv,pvInd_a
gr,1,h0140,0.0,scr2000,avaConv,pvInd_a
gr,1,h0141,0.0,scr2000,avaConv,pvInd_a
gr,1,h0142,0.0,scr2000,avaConv,pvInd_a
gr,1,h0143,0.0,scr2000,avaConv,pvInd_a
gr,1,h0144,0.0,scr2000,avaConv,pvInd_a
hr,1,h0097,0.0,scr2000,avaConv,pvInd_a
hr,1,h0098,0.0,scr2000,avaConv,pvInd_a
hr,1,h0099,0.0,scr2000,avaConv,pvInd_a
hr,1,h0100,0.0,scr2000,avaConv,pvInd_a
hr,1,h0101,0.0,scr2000,avaConv,pvInd_a
hr,1,h0102,0.0,scr2000,avaConv,pvInd_a
hr,1,h0103,0.003812806426967396,scr2000,avaConv,pvInd_a
hr,1,h0104,0.05413356538535568,scr2000,avaConv,pvInd_a
hr,1,h0105,0.16672320800156437,scr2000,avaConv,pvInd_a
hr,1,h0106,0.33341565335254736,scr2000,avaConv,pvInd_a
hr,1,h0107,0.47868912680110315,scr2000,avaConv,pvInd_a
hr,1,h0108,0.5630933868441715,scr2000,avaConv,pvInd_a
hr,1,h0109,0.6374499067973031,scr2000,avaConv,pvInd_a
hr,1,h0110,0.6548252438059586,scr2000,avaConv,pvInd_a
hr,1,h0111,0.6198805770680335,scr2000,avaConv,pvInd_a
hr,1,h0112,0.4670818283375162,scr2000,avaConv,pvInd_a
hr,1,h0113,0.2764004480963063,scr2000,avaConv,pvInd_a
hr,1,h0114,0.1131998148799808,scr2000,avaConv,pvInd_a
hr,1,h0115,0.023504660292603376,scr2000,avaConv,pvInd_a
hr,1,h0116,0.0,scr2000,avaConv,pvInd_a
hr,1,h0117,0.0,scr2000,avaConv,pvInd_a
hr,1,h0118,0.0,scr2000,avaConv,pvInd_a
hr,1,h0119,0.0,scr2000,avaConv,pvInd_a
hr,1,h0120,0.0,scr2000,avaConv,pvInd_a
hr,1,h0121,0.0,scr2000,avaConv,pvInd_a
hr,1,h0122,0.0,scr2000,avaConv,pvInd_a
hr,1,h0123,0.0,scr2000,avaConv,pvInd_a
hr,1,h0124,0.0,scr2000,avaConv,pvInd_a
hr,1,h0125,0.0,scr2000,avaConv,pvInd_a
hr,1,h0126,0.0,scr2000,avaConv,pvInd_a
hr,1,h0127,0.013892753766342218,scr2000,avaConv,pvInd_a
hr,1,h0128,0.07120115763948323,scr2000,avaConv,pvInd_a
hr,1,h0129,0.16892410294752355,scr2000,avaConv,pvInd_a
hr,1,h0130,0.28334676229830763,scr2000,avaConv,pvInd_a
hr,1,h0131,0.38919463578928737,scr2000,avaConv,pvInd_a
hr,1,h0132,0.48752700974383667,scr2000,avaConv,pvInd_a
hr,1,h0133,0.5668248023838842,scr2000,avaConv,pvInd_a
hr,1,h0134,0.5989724967221826,scr2000,avaConv,pvInd_a
hr,1,h0135,0.5586084738581871,scr2000,avaConv,pvInd_a
hr,1,h0136,0.44490833089512166,scr2000,avaConv,pvInd_a
hr,1,h0137,0.27645982340471204,scr2000,avaConv,pvInd_a
hr,1,h0138,0.12010952677913973,scr2000,avaConv,pvInd_a
hr,1,h0139,0.02767955777664571,scr2000,avaConv,pvInd_a
hr,1,h0140,0.0,scr2000,avaConv,pvInd_a
hr,1,h0141,0.0,scr2000,avaConv,pvInd_a
hr,1,h0142,0.0,scr2000,avaConv,pvInd_a
hr,1,h0143,0.0,scr2000,avaConv,pvInd_a
hr,1,h0144,0.0,scr2000,avaConv,pvInd_a
hu,1,h0097,0.0,scr2000,avaConv,pvInd_a
hu,1,h0098,0.0,scr2000,avaConv,pvInd_a
hu,1,h0099,0.0,scr2000,avaConv,pvInd_a
hu,1,h0100,0.0,scr2000,avaConv,pvInd_a
hu,1,h0101,0.0,scr2000,avaConv,pvInd_a
hu,1,h0102,0.0,scr2000,avaConv,pvInd_a
hu,1,h0103,0.0018247997257810733,scr2000,avaConv,pvInd_a
hu,1,h0104,0.023923061425932535,scr2000,avaConv,pvInd_a
hu,1,h0105,0.08044084892774413,scr2000,avaConv,pvInd_a
hu,1,h0106,0.18335167211163114,scr2000,avaConv,pvInd_a
hu,1,h0107,0.28566610524121355,scr2000,avaConv,pvInd_a
hu,1,h0108,0.339479689722181,scr2000,avaConv,pvInd_a
hu,1,h0109,0.49381842941276954,scr2000,avaConv,pvInd_a
hu,1,h0110,0.5921047666424827,scr2000,avaConv,pvInd_a
hu,1,h0111,0.6427464364373621,scr2000,avaConv,pvInd_a
hu,1,h0112,0.4566598602542664,scr2000,avaConv,pvInd_a
hu,1,h0113,0.24007307235074898,scr2000,avaConv,pvInd_a
hu,1,h0114,0.08225146466812015,scr2000,avaConv,pvInd_a
hu,1,h0115,0.009057407795626896,scr2000,avaConv,pvInd_a
hu,1,h0116,0.0,scr2000,avaConv,pvInd_a
hu,1,h0117,0.0,scr2000,avaConv,pvInd_a
hu,1,h0118,0.0,scr2000,avaConv,pvInd_a
hu,1,h0119,0.0,scr2000,avaConv,pvInd_a
hu,1,h0120,0.0,scr2000,avaConv,pvInd_a
hu,1,h0121,0.0,scr2000,avaConv,pvInd_a
hu,1,h0122,0.0,scr2000,avaConv,pvInd_a
hu,1,h0123,0.0,scr2000,avaConv,pvInd_a
hu,1,h0124,0.0,scr2000,avaConv,pvInd_a
hu,1,h0125,0.0,scr2000,avaConv,pvInd_a
hu,1,h0126,0.0,scr2000,avaConv,pvInd_a
hu,1,h0127,0.009674176464042323,scr2000,avaConv,pvInd_a
hu,1,h0128,0.0478254510471122,scr2000,avaConv,pvInd_a
hu,1,h0129,0.14974994133651745,scr2000,avaConv,pvInd_a
hu,1,h0130,0.30656838157412847,scr2000,avaConv,pvInd_a
hu,1,h0131,0.4459601240419325,scr2000,avaConv,pvInd_a
hu,1,h0132,0.48739641602804606,scr2000,avaConv,pvInd_a
hu,1,h0133,0.49400196898846255,scr2000,avaConv,pvInd_a
hu,1,h0134,0.47435751041885854,scr2000,avaConv,pvInd_a
hu,1,h0135,0.4521082781340479,scr2000,avaConv,pvInd_a
hu,1,h0136,0.3419824615075625,scr2000,avaConv,pvInd_a
hu,1,h0137,0.19847589456203488,scr2000,avaConv,pvInd_a
hu,1,h0138,0.07624217610563118,scr2000,avaConv,pvInd_a
hu,1,h0139,0.014045192836923888,scr2000,avaConv,pvInd_a
hu,1,h0140,0.0,scr2000,avaConv,pvInd_a
hu,1,h0141,0.0,scr2000,avaConv,pvInd_a
hu,1,h0142,0.0,scr2000,avaConv,pvInd_a
hu,1,h0143,0.0,scr2000,avaConv,pvInd_a
hu,1,h0144,0.0,scr2000,avaConv,pvInd_a
ie,1,h0097,0.0,scr2000,avaConv,pvInd_a
ie,1,h0098,0.0,scr2000,avaConv,pvInd_a
ie,1,h0099,0.0,scr2000,avaConv,pvInd_a
ie,1,h0100,0.0,scr2000,avaConv,pvInd_a
ie,1,h0101,0.0,scr2000,avaConv,pvInd_a
ie,1,h0102,0.0,scr2000,avaConv,pvInd_a
ie,1,h0103,0.0,scr2000,avaConv,pvInd_a
ie,1,h0104,0.0,scr2000,avaConv,pvInd_a
ie,1,h0105,0.018093284018719243,scr2000,avaConv,pvInd_a
ie,1,h0106,0.1031772902143421,scr2000,avaConv,pvInd_a
ie,1,h0107,0.26621564229564504,scr2000,avaConv,pvInd_a
ie,1,h0108,0.463870863949414,scr2000,avaConv,pvInd_a
ie,1,h0109,0.6112268137406334,scr2000,avaConv,pvInd_a
ie,1,h0110,0.6900470671668394,scr2000,avaConv,pvInd_a
ie,1,h0111,0.6793610236545926,scr2000,avaConv,pvInd_a
ie,1,h0112,0.5948581547144879,scr2000,avaConv,pvInd_a
ie,1,h0113,0.44044766493454923,scr2000,avaConv,pvInd_a
ie,1,h0114,0.2671081246535565,scr2000,avaConv,pvInd_a
ie,1,h0115,0.11346332382754576,scr2000,avaConv,pvInd_a
ie,1,h0116,0.028693683510507485,scr2000,avaConv,pvInd_a
ie,1,h0117,0.0,scr2000,avaConv,pvInd_a
ie,1,h0118,0.0,scr2000,avaConv,pvInd_a
ie,1,h0119,0.0,scr2000,avaConv,pvInd_a
ie,1,h0120,0.0,scr2000,avaConv,pvInd_a
ie,1,h0121,0.0,scr2000,avaConv,pvInd_a
ie,1,h0122,0.0,scr2000,avaConv,pvInd_a
ie,1,h0123,0.0,scr2000,avaConv,pvInd_a
ie,1,h0124,0.0,scr2000,avaConv,pvInd_a
ie,1,h0125,0.0,scr2000,avaConv,pvInd_a
ie,1,h0126,0.0,scr2000,avaConv,pvInd_a
ie,1,h0127,0.0,scr2000,avaConv,pvInd_a
ie,1,h0128,0.0,scr2000,avaConv,pvInd_a
ie,1,h0129,0.0032065937021862256,scr2000,avaConv,pvInd_a
ie,1,h0130,0.01974995619915274,scr2000,avaConv,pvInd_a
ie,1,h0131,0.05613805582662209,scr2000,avaConv,pvInd_a
ie,1,h0132,0.11037177566267202,scr2000,avaConv,pvInd_a
ie,1,h0133,0.2886161159009692,scr2000,avaConv,pvInd_a
ie,1,h0134,0.4427270030621316,scr2000,avaConv,pvInd_a
ie,1,h0135,0.5455057899364405,scr2000,avaConv,pvInd_a
ie,1,h0136,0.4618882852872414,scr2000,avaConv,pvInd_a
ie,1,h0137,0.35249517292720867,scr2000,avaConv,pvInd_a
ie,1,h0138,0.23191079639463733,scr2000,avaConv,pvInd_a
ie,1,h0139,0.11359734012503439,scr2000,avaConv,pvInd_a
ie,1,h0140,0.035580751697461575,scr2000,avaConv,pvInd_a
ie,1,h0141,0.002475785578741996,scr2000,avaConv,pvInd_a
ie,1,h0142,0.0,scr2000,avaConv,pvInd_a
ie,1,h0143,0.0,scr2000,avaConv,pvInd_a
ie,1,h0144,0.0,scr2000,avaConv,pvInd_a
it_s,1,h0097,0.0,scr2000,avaConv,pvInd_a
it_s,1,h0098,0.0,scr2000,avaConv,pvInd_a
it_s,1,h0099,0.0,scr2000,avaConv,pvInd_a
it_s,1,h0100,0.0,scr2000,avaConv,pvInd_a
it_s,1,h0101,0.0,scr2000,avaConv,pvInd_a
it_s,1,h0102,0.0,scr2000,avaConv,pvInd_a
it_s,1,h0103,0.009910068984475311,scr2000,avaConv,pvInd_a
it_s,1,h0104,0.07453102013384515,scr2000,avaConv,pvInd_a
it_s,1,h0105,0.22275084270719386,scr2000,avaConv,pvInd_a
it_s,1,h0106,0.42935644765405667,scr2000,avaConv,pvInd_a
it_s,1,h0107,0.6110720323176243,scr2000,avaConv,pvInd_a
it_s,1,h0108,0.7265901117755311,scr2000,avaConv,pvInd_a
it_s,1,h0109,0.7244998868648395,scr2000,avaConv,pvInd_a
it_s,1,h0110,0.6678281090214895,scr2000,avaConv,pvInd_a
it_s,1,h0111,0.5559227462346334,scr2000,avaConv,pvInd_a
it_s,1,h0112,0.42334458273914816,scr2000,avaConv,pvInd_a
it_s,1,h0113,0.24315822259957665,scr2000,avaConv,pvInd_a
it_s,1,h0114,0.09040074610927049,scr2000,avaConv,pvInd_a
it_s,1,h0115,0.015614726527223842,scr2000,avaConv,pvInd_a
it_s,1,h0116,0.0,scr2000,avaConv,pvInd_a
it_s,1,h0117,0.0,scr2000,avaConv,pvInd_a
it_s,1,h0118,0.0,scr2000,avaConv,pvInd_a
it_s,1,h0119,0.0,scr2000,avaConv,pvInd_a
it_s,1,h0120,0.0,scr2000,avaConv,pvInd_a
it_s,1,h0121,0.0,scr2000,avaConv,pvInd_a
it_s,1,h0122,0.0,scr2000,avaConv,pvInd_a
it_s,1,h0123,0.0,scr2000,avaConv,pvInd_a
it_s,1,h0124,0.0,scr2000,avaConv,pvInd_a
it_s,1,h0125,0.0,scr2000,avaConv,pvInd_a
it_s,1,h0126,0.0,scr2000,avaConv,pvInd_a
it_s,1,h0127,0.015397443430242023,scr2000,avaConv,pvInd_a
it_s,1,h0128,0.09249014867277819,scr2000,avaConv,pvInd_a
it_s,1,h0129,0.2516292435337714,scr2000,avaConv,pvInd_a
it_s,1,h0130,0.4537243603756351,scr2000,avaConv,pvInd_a
it_s,1,h0131,0.6192368013303071,scr2000,avaConv,pvInd_a
it_s,1,h0132,0.7192960034835655,scr2000,avaConv,pvInd_a
it_s,1,h0133,0.6815366535982899,scr2000,avaConv,pvInd_a
it_s,1,h0134,0.5728083370136882,scr2000,avaConv,pvInd_a
it_s,1,h0135,0.4164970018449404,scr2000,avaConv,pvInd_a
it_s,1,h0136,0.2944721092846278,scr2000,avaConv,pvInd_a
it_s,1,h0137,0.16786792657646876,scr2000,avaConv,pvInd_a
it_s,1,h0138,0.06627715416920393,scr2000,avaConv,pvInd_a
it_s,1,h0139,0.012841269133852938,scr2000,avaConv,pvInd_a
it_s,1,h0140,0.0,scr2000,avaConv,pvInd_a
it_s,1,h0141,0.0,scr2000,avaConv,pvInd_a
it_s,1,h0142,0.0,scr2000,avaConv,pvInd_a
it_s,1,h0143,0.0,scr2000,avaConv,pvInd_a
it_s,1,h0144,0.0,scr2000,avaConv,pvInd_a
it_cn,1,h0097,0.0,scr2000,avaConv,pvInd_a
it_cn,1,h0098,0.0,scr2000,avaConv,pvInd_a
it_cn,1,h0099,0.0,scr2000,avaConv,pvInd_a
it_cn,1,h0100,0.0,scr2000,avaConv,pvInd_a
it_cn,1,h0101,0.0,scr2000,avaConv,pvInd_a
it_cn,1,h0102,0.0,scr2000,avaConv,pvInd_a
it_cn,1,h0103,0.0,scr2000,avaConv,pvInd_a
it_cn,1,h0104,0.03692906575226929,scr2000,avaConv,pvInd_a
it_cn,1,h0105,0.14867027805383734,scr2000,avaConv,pvInd_a
it_cn,1,h0106,0.3349213215141274,scr2000,avaConv,pvInd_a
it_cn,1,h0107,0.515765765955764,scr2000,avaConv,pvInd_a
it_cn,1,h0108,0.6413383637066373,scr2000,avaConv,pvInd_a
it_cn,1,h0109,0.709849873446723,scr2000,avaConv,pvInd_a
it_cn,1,h0110,0.7052255671747079,scr2000,avaConv,pvInd_a
it_cn,1,h0111,0.6326298661606273,scr2000,avaConv,pvInd_a
it_cn,1,h0112,0.4927179735886578,scr2000,avaConv,pvInd_a
it_cn,1,h0113,0.31217195959545674,scr2000,avaConv,pvInd_a
it_cn,1,h0114,0.13835876609622408,scr2000,avaConv,pvInd_a
it_cn,1,h0115,0.033043559118541455,scr2000,avaConv,pvInd_a
it_cn,1,h0116,0.0,scr2000,avaConv,pvInd_a
it_cn,1,h0117,0.0,scr2000,avaConv,pvInd_a
it_cn,1,h0118,0.0,scr2000,avaConv,pvInd_a
it_cn,1,h0119,0.0,scr2000,avaConv,pvInd_a
it_cn,1,h0120,0.0,scr2000,avaConv,pvInd_a
it_cn,1,h0121,0.0,scr2000,avaConv,pvInd_a
it_cn,1,h0122,0.0,scr2000,avaConv,pvInd_a
it_cn,1,h0123,0.0,scr2000,avaConv,pvInd_a
it_cn,1,h0124,0.0,scr2000,avaConv,pvInd_a
it_cn,1,h0125,0.0,scr2000,avaConv,pvInd_a
it_cn,1,h0126,0.0,scr2000,avaConv,pvInd_a
it_cn,1,h0127,0.0014389626409086166,scr2000,avaConv,pvInd_a
it_cn,1,h0128,0.02560611621579496,scr2000,avaConv,pvInd_a
it_cn,1,h0129,0.09843640309617825,scr2000,avaConv,pvInd_a
it_cn,1,h0130,0.2141864488570586,scr2000,avaConv,pvInd_a
it_cn,1,h0131,0.33802600829614415,scr2000,avaConv,pvInd_a
it_cn,1,h0132,0.44279843742235636,scr2000,avaConv,pvInd_a
it_cn,1,h0133,0.5531833892329451,scr2000,avaConv,pvInd_a
it_cn,1,h0134,0.6102319201799392,scr2000,avaConv,pvInd_a
it_cn,1,h0135,0.6009555988352114,scr2000,avaConv,pvInd_a
it_cn,1,h0136,0.48945999755062014,scr2000,avaConv,pvInd_a
it_cn,1,h0137,0.32801832491669086,scr2000,avaConv,pvInd_a
it_cn,1,h0138,0.1519549983786847,scr2000,avaConv,pvInd_a
it_cn,1,h0139,0.040763487018396806,scr2000,avaConv,pvInd_a
it_cn,1,h0140,0.00033842085580909544,scr2000,avaConv,pvInd_a
it_cn,1,h0141,0.0,scr2000,avaConv,pvInd_a
it_cn,1,h0142,0.0,scr2000,avaConv,pvInd_a
it_cn,1,h0143,0.0,scr2000,avaConv,pvInd_a
it_cn,1,h0144,0.0,scr2000,avaConv,pvInd_a
it_cs,1,h0097,0.0,scr2000,avaConv,pvInd_a
it_cs,1,h0098,0.0,scr2000,avaConv,pvInd_a
it_cs,1,h0099,0.0,scr2000,avaConv,pvInd_a
it_cs,1,h0100,0.0,scr2000,avaConv,pvInd_a
it_cs,1,h0101,0.0,scr2000,avaConv,pvInd_a
it_cs,1,h0102,0.0,scr2000,avaConv,pvInd_a
it_cs,1,h0103,0.00032228391439802776,scr2000,avaConv,pvInd_a
it_cs,1,h0104,0.04854901247274962,scr2000,avaConv,pvInd_a
it_cs,1,h0105,0.17537333799208144,scr2000,avaConv,pvInd_a
it_cs,1,h0106,0.37557502079292915,scr2000,avaConv,pvInd_a
it_cs,1,h0107,0.5557560785027528,scr2000,avaConv,pvInd_a
it_cs,1,h0108,0.6781281005511427,scr2000,avaConv,pvInd_a
it_cs,1,h0109,0.6865838535877071,scr2000,avaConv,pvInd_a
it_cs,1,h0110,0.6276463355232981,scr2000,avaConv,pvInd_a
it_cs,1,h0111,0.5207303445652394,scr2000,avaConv,pvInd_a
it_cs,1,h0112,0.4117293956854851,scr2000,avaConv,pvInd_a
it_cs,1,h0113,0.2657549498636118,scr2000,avaConv,pvInd_a
it_cs,1,h0114,0.11767289141806934,scr2000,avaConv,pvInd_a
it_cs,1,h0115,0.027003628792221308,scr2000,avaConv,pvInd_a
it_cs,1,h0116,0.0,scr2000,avaConv,pvInd_a
it_cs,1,h0117,0.0,scr2000,avaConv,pvInd_a
it_cs,1,h0118,0.0,scr2000,avaConv,pvInd_a
it_cs,1,h0119,0.0,scr2000,avaConv,pvInd_a
it_cs,1,h0120,0.0,scr2000,avaConv,pvInd_a
it_cs,1,h0121,0.0,scr2000,avaConv,pvInd_a
it_cs,1,h0122,0.0,scr2000,avaConv,pvInd_a
it_cs,1,h0123,0.0,scr2000,avaConv,pvInd_a
it_cs,1,h0124,0.0,scr2000,avaConv,pvInd_a
it_cs,1,h0125,0.0,scr2000,avaConv,pvInd_a
it_cs,1,h0126,0.0,scr2000,avaConv,pvInd_a
it_cs,1,h0127,0.006497027592965598,scr2000,avaConv,pvInd_a
it_cs,1,h0128,0.051909809384122076,scr2000,avaConv,pvInd_a
it_cs,1,h0129,0.16435471773176571,scr2000,avaConv,pvInd_a
it_cs,1,h0130,0.3321981423484822,scr2000,avaConv,pvInd_a
it_cs,1,h0131,0.5026844042844315,scr2000,avaConv,pvInd_a
it_cs,1,h0132,0.6305078457410754,scr2000,avaConv,pvInd_a
it_cs,1,h0133,0.5969603329103211,scr2000,avaConv,pvInd_a
it_cs,1,h0134,0.515303081642217,scr2000,avaConv,pvInd_a
it_cs,1,h0135,0.39932011645200827,scr2000,avaConv,pvInd_a
it_cs,1,h0136,0.34040914584143533,scr2000,avaConv,pvInd_a
it_cs,1,h0137,0.23445215147982315,scr2000,avaConv,pvInd_a
it_cs,1,h0138,0.10781049309435266,scr2000,avaConv,pvInd_a
it_cs,1,h0139,0.028355469824227743,scr2000,avaConv,pvInd_a
it_cs,1,h0140,0.0,scr2000,avaConv,pvInd_a
it_cs,1,h0141,0.0,scr2000,avaConv,pvInd_a
it_cs,1,h0142,0.0,scr2000,avaConv,pvInd_a
it_cs,1,h0143,0.0,scr2000,avaConv,pvInd_a
it_cs,1,h0144,0.0,scr2000,avaConv,pvInd_a
it_n,1,h0097,0.0,scr2000,avaConv,pvInd_a
it_n,1,h0098,0.0,scr2000,avaConv,pvInd_a
it_n,1,h0099,0.0,scr2000,avaConv,pvInd_a
it_n,1,h0100,0.0,scr2000,avaConv,pvInd_a
it_n,1,h0101,0.0,scr2000,avaConv,pvInd_a
it_n,1,h0102,0.0,scr2000,avaConv,pvInd_a
it_n,1,h0103,0.0,scr2000,avaConv,pvInd_a
it_n,1,h0104,0.016337050710274973,scr2000,avaConv,pvInd_a
it_n,1,h0105,0.07952094251917323,scr2000,avaConv,pvInd_a
it_n,1,h0106,0.2078466348117356,scr2000,avaConv,pvInd_a
it_n,1,h0107,0.36983301794035217,scr2000,avaConv,pvInd_a
it_n,1,h0108,0.5152045760254631,scr2000,avaConv,pvInd_a
it_n,1,h0109,0.5506407020481281,scr2000,avaConv,pvInd_a
it_n,1,h0110,0.4788026500819264,scr2000,avaConv,pvInd_a
it_n,1,h0111,0.3476349095843908,scr2000,avaConv,pvInd_a
it_n,1,h0112,0.2405922544795367,scr2000,avaConv,pvInd_a
it_n,1,h0113,0.14795977463841736,scr2000,avaConv,pvInd_a
it_n,1,h0114,0.06422124021573135,scr2000,avaConv,pvInd_a
it_n,1,h0115,0.015172266397094347,scr2000,avaConv,pvInd_a
it_n,1,h0116,0.0,scr2000,avaConv,pvInd_a
it_n,1,h0117,0.0,scr2000,avaConv,pvInd_a
it_n,1,h0118,0.0,scr2000,avaConv,pvInd_a
it_n,1,h0119,0.0,scr2000,avaConv,pvInd_a
it_n,1,h0120,0.0,scr2000,avaConv,pvInd_a
it_n,1,h0121,0.0,scr2000,avaConv,pvInd_a
it_n,1,h0122,0.0,scr2000,avaConv,pvInd_a
it_n,1,h0123,0.0,scr2000,avaConv,pvInd_a
it_n,1,h0124,0.0,scr2000,avaConv,pvInd_a
it_n,1,h0125,0.0,scr2000,avaConv,pvInd_a
it_n,1,h0126,0.0,scr2000,avaConv,pvInd_a
it_n,1,h0127,0.0,scr2000,avaConv,pvInd_a
it_n,1,h0128,0.026068417902169762,scr2000,avaConv,pvInd_a
it_n,1,h0129,0.11505550108538297,scr2000,avaConv,pvInd_a
it_n,1,h0130,0.2844303779712605,scr2000,avaConv,pvInd_a
it_n,1,h0131,0.47691642157594105,scr2000,avaConv,pvInd_a
it_n,1,h0132,0.6454278785078024,scr2000,avaConv,pvInd_a
it_n,1,h0133,0.7131687003658596,scr2000,avaConv,pvInd_a
it_n,1,h0134,0.6874576636239287,scr2000,avaConv,pvInd_a
it_n,1,h0135,0.5713170269451798,scr2000,avaConv,pvInd_a
it_n,1,h0136,0.4290707555649066,scr2000,avaConv,pvInd_a
it_n,1,h0137,0.267089323427894,scr2000,avaConv,pvInd_a
it_n,1,h0138,0.11952078333794551,scr2000,avaConv,pvInd_a
it_n,1,h0139,0.033136995507511285,scr2000,avaConv,pvInd_a
it_n,1,h0140,0.0020243980462270055,scr2000,avaConv,pvInd_a
it_n,1,h0141,0.0,scr2000,avaConv,pvInd_a
it_n,1,h0142,0.0,scr2000,avaConv,pvInd_a
it_n,1,h0143,0.0,scr2000,avaConv,pvInd_a
it_n,1,h0144,0.0,scr2000,avaConv,pvInd_a
it_sar,1,h0097,0.0,scr2000,avaConv,pvInd_a
it_sar,1,h0098,0.0,scr2000,avaConv,pvInd_a
it_sar,1,h0099,0.0,scr2000,avaConv,pvInd_a
it_sar,1,h0100,0.0,scr2000,avaConv,pvInd_a
it_sar,1,h0101,0.0,scr2000,avaConv,pvInd_a
it_sar,1,h0102,0.0,scr2000,avaConv,pvInd_a
it_sar,1,h0103,0.0,scr2000,avaConv,pvInd_a
it_sar,1,h0104,0.03879741857807648,scr2000,avaConv,pvInd_a
it_sar,1,h0105,0.15380527889499107,scr2000,avaConv,pvInd_a
it_sar,1,h0106,0.34340739661168274,scr2000,avaConv,pvInd_a
it_sar,1,h0107,0.5320885247338035,scr2000,avaConv,pvInd_a
it_sar,1,h0108,0.6673685665530195,scr2000,avaConv,pvInd_a
it_sar,1,h0109,0.6595574447791235,scr2000,avaConv,pvInd_a
it_sar,1,h0110,0.5784083413481698,scr2000,avaConv,pvInd_a
it_sar,1,h0111,0.4425055971353952,scr2000,avaConv,pvInd_a
it_sar,1,h0112,0.3458727907971361,scr2000,avaConv,pvInd_a
it_sar,1,h0113,0.24179657069887764,scr2000,avaConv,pvInd_a
it_sar,1,h0114,0.12237849554220989,scr2000,avaConv,pvInd_a
it_sar,1,h0115,0.040743462689187576,scr2000,avaConv,pvInd_a
it_sar,1,h0116,0.0,scr2000,avaConv,pvInd_a
it_sar,1,h0117,0.0,scr2000,avaConv,pvInd_a
it_sar,1,h0118,0.0,scr2000,avaConv,pvInd_a
it_sar,1,h0119,0.0,scr2000,avaConv,pvInd_a
it_sar,1,h0120,0.0,scr2000,avaConv,pvInd_a
it_sar,1,h0121,0.0,scr2000,avaConv,pvInd_a
it_sar,1,h0122,0.0,scr2000,avaConv,pvInd_a
it_sar,1,h0123,0.0,scr2000,avaConv,pvInd_a
it_sar,1,h0124,0.0,scr2000,avaConv,pvInd_a
it_sar,1,h0125,0.0,scr2000,avaConv,pvInd_a
it_sar,1,h0126,0.0,scr2000,avaConv,pvInd_a
it_sar,1,h0127,0.0,scr2000,avaConv,pvInd_a
it_sar,1,h0128,0.04124372447752349,scr2000,avaConv,pvInd_a
it_sar,1,h0129,0.1563429692260331,scr2000,avaConv,pvInd_a
it_sar,1,h0130,0.35285201176468023,scr2000,avaConv,pvInd_a
it_sar,1,h0131,0.5508363984353047,scr2000,avaConv,pvInd_a
it_sar,1,h0132,0.6960308991462041,scr2000,avaConv,pvInd_a
it_sar,1,h0133,0.765884845660899,scr2000,avaConv,pvInd_a
it_sar,1,h0134,0.7701068460772343,scr2000,avaConv,pvInd_a
it_sar,1,h0135,0.7129117637125985,scr2000,avaConv,pvInd_a
it_sar,1,h0136,0.5938613073560977,scr2000,avaConv,pvInd_a
it_sar,1,h0137,0.4151445498672981,scr2000,avaConv,pvInd_a
it_sar,1,h0138,0.2173940727559417,scr2000,avaConv,pvInd_a
it_sar,1,h0139,0.07383398067769933,scr2000,avaConv,pvInd_a
it_sar,1,h0140,0.009108801395172967,scr2000,avaConv,pvInd_a
it_sar,1,h0141,0.0,scr2000,avaConv,pvInd_a
it_sar,1,h0142,0.0,scr2000,avaConv,pvInd_a
it_sar,1,h0143,0.0,scr2000,avaConv,pvInd_a
it_sar,1,h0144,0.0,scr2000,avaConv,pvInd_a
it_sic,1,h0097,0.0,scr2000,avaConv,pvInd_a
it_sic,1,h0098,0.0,scr2000,avaConv,pvInd_a
it_sic,1,h0099,0.0,scr2000,avaConv,pvInd_a
it_sic,1,h0100,0.0,scr2000,avaConv,pvInd_a
it_sic,1,h0101,0.0,scr2000,avaConv,pvInd_a
it_sic,1,h0102,0.0,scr2000,avaConv,pvInd_a
it_sic,1,h0103,0.0037721228681003413,scr2000,avaConv,pvInd_a
it_sic,1,h0104,0.06327666482486344,scr2000,avaConv,pvInd_a
it_sic,1,h0105,0.19840302954901598,scr2000,avaConv,pvInd_a
it_sic,1,h0106,0.3817480489564089,scr2000,avaConv,pvInd_a
it_sic,1,h0107,0.531942359472525,scr2000,avaConv,pvInd_a
it_sic,1,h0108,0.6301653321383496,scr2000,avaConv,pvInd_a
it_sic,1,h0109,0.6052660744331539,scr2000,avaConv,pvInd_a
it_sic,1,h0110,0.5440862750985866,scr2000,avaConv,pvInd_a
it_sic,1,h0111,0.4126150624972764,scr2000,avaConv,pvInd_a
it_sic,1,h0112,0.3091752479177641,scr2000,avaConv,pvInd_a
it_sic,1,h0113,0.17948814405805183,scr2000,avaConv,pvInd_a
it_sic,1,h0114,0.07586563915621634,scr2000,avaConv,pvInd_a
it_sic,1,h0115,0.020093392323464732,scr2000,avaConv,pvInd_a
it_sic,1,h0116,0.0,scr2000,avaConv,pvInd_a
it_sic,1,h0117,0.0,scr2000,avaConv,pvInd_a
it_sic,1,h0118,0.0,scr2000,avaConv,pvInd_a
it_sic,1,h0119,0.0,scr2000,avaConv,pvInd_a
it_sic,1,h0120,0.0,scr2000,avaConv,pvInd_a
it_sic,1,h0121,0.0,scr2000,avaConv,pvInd_a
it_sic,1,h0122,0.0,scr2000,avaConv,pvInd_a
it_sic,1,h0123,0.0,scr2000,avaConv,pvInd_a
it_sic,1,h0124,0.0,scr2000,avaConv,pvInd_a
it_sic,1,h0125,0.0,scr2000,avaConv,pvInd_a
it_sic,1,h0126,0.0,scr2000,avaConv,pvInd_a
it_sic,1,h0127,0.015852499043772648,scr2000,avaConv,pvInd_a
it_sic,1,h0128,0.09602757537081674,scr2000,avaConv,pvInd_a
it_sic,1,h0129,0.25096544394065273,scr2000,avaConv,pvInd_a
it_sic,1,h0130,0.44677747255194356,scr2000,avaConv,pvInd_a
it_sic,1,h0131,0.6073146672361908,scr2000,avaConv,pvInd_a
it_sic,1,h0132,0.7085024719473184,scr2000,avaConv,pvInd_a
it_sic,1,h0133,0.7483785734124577,scr2000,avaConv,pvInd_a
it_sic,1,h0134,0.7290685880348218,scr2000,avaConv,pvInd_a
it_sic,1,h0135,0.6518890884012549,scr2000,avaConv,pvInd_a
it_sic,1,h0136,0.5159280012352225,scr2000,avaConv,pvInd_a
it_sic,1,h0137,0.33285267966837184,scr2000,avaConv,pvInd_a
it_sic,1,h0138,0.15152673848129583,scr2000,avaConv,pvInd_a
it_sic,1,h0139,0.03897090477837225,scr2000,avaConv,pvInd_a
it_sic,1,h0140,0.0,scr2000,avaConv,pvInd_a
it_sic,1,h0141,0.0,scr2000,avaConv,pvInd_a
it_sic,1,h0142,0.0,scr2000,avaConv,pvInd_a
it_sic,1,h0143,0.0,scr2000,avaConv,pvInd_a
it_sic,1,h0144,0.0,scr2000,avaConv,pvInd_a
lt,1,h0097,0.0,scr2000,avaConv,pvInd_a
lt,1,h0098,0.0,scr2000,avaConv,pvInd_a
lt,1,h0099,0.0,scr2000,avaConv,pvInd_a
lt,1,h0100,0.0,scr2000,avaConv,pvInd_a
lt,1,h0101,0.0,scr2000,avaConv,pvInd_a
lt,1,h0102,0.0,scr2000,avaConv,pvInd_a
lt,1,h0103,0.0040373064057903744,scr2000,avaConv,pvInd_a
lt,1,h0104,0.06143237139291605,scr2000,avaConv,pvInd_a
lt,1,h0105,0.1774420012927227,scr2000,avaConv,pvInd_a
lt,1,h0106,0.30060934567400177,scr2000,avaConv,pvInd_a
lt,1,h0107,0.3370185394986828,scr2000,avaConv,pvInd_a
lt,1,h0108,0.30857946635583683,scr2000,avaConv,pvInd_a
lt,1,h0109,0.3651824958260258,scr2000,avaConv,pvInd_a
lt,1,h0110,0.4023785454937405,scr2000,avaConv,pvInd_a
lt,1,h0111,0.3952099128829363,scr2000,avaConv,pvInd_a
lt,1,h0112,0.2409361895653052,scr2000,avaConv,pvInd_a
lt,1,h0113,0.10442944445727151,scr2000,avaConv,pvInd_a
lt,1,h0114,0.025393470895646295,scr2000,avaConv,pvInd_a
lt,1,h0115,0.0,scr2000,avaConv,pvInd_a
lt,1,h0116,0.0,scr2000,avaConv,pvInd_a
lt,1,h0117,0.0,scr2000,avaConv,pvInd_a
lt,1,h0118,0.0,scr2000,avaConv,pvInd_a
lt,1,h0119,0.0,scr2000,avaConv,pvInd_a
lt,1,h0120,0.0,scr2000,avaConv,pvInd_a
lt,1,h0121,0.0,scr2000,avaConv,pvInd_a
lt,1,h0122,0.0,scr2000,avaConv,pvInd_a
lt,1,h0123,0.0,scr2000,avaConv,pvInd_a
lt,1,h0124,0.0,scr2000,avaConv,pvInd_a
lt,1,h0125,0.0,scr2000,avaConv,pvInd_a
lt,1,h0126,0.0,scr2000,avaConv,pvInd_a
lt,1,h0127,0.0011710663492561467,scr2000,avaConv,pvInd_a
lt,1,h0128,0.008633321457625636,scr2000,avaConv,pvInd_a
lt,1,h0129,0.027159195394180758,scr2000,avaConv,pvInd_a
lt,1,h0130,0.06188873728787509,scr2000,avaConv,pvInd_a
lt,1,h0131,0.11796032676327248,scr2000,avaConv,pvInd_a
lt,1,h0132,0.1971113092101253,scr2000,avaConv,pvInd_a
lt,1,h0133,0.31498480410851476,scr2000,avaConv,pvInd_a
lt,1,h0134,0.3814998828518052,scr2000,avaConv,pvInd_a
lt,1,h0135,0.3701552133242827,scr2000,avaConv,pvInd_a
lt,1,h0136,0.2553075716622407,scr2000,avaConv,pvInd_a
lt,1,h0137,0.12503855169149838,scr2000,avaConv,pvInd_a
lt,1,h0138,0.03927280912359872,scr2000,avaConv,pvInd_a
lt,1,h0139,0.0018092558247688319,scr2000,avaConv,pvInd_a
lt,1,h0140,0.0,scr2000,avaConv,pvInd_a
lt,1,h0141,0.0,scr2000,avaConv,pvInd_a
lt,1,h0142,0.0,scr2000,avaConv,pvInd_a
lt,1,h0143,0.0,scr2000,avaConv,pvInd_a
lt,1,h0144,0.0,scr2000,avaConv,pvInd_a
lu,1,h0097,0.0,scr2000,avaConv,pvInd_a
lu,1,h0098,0.0,scr2000,avaConv,pvInd_a
lu,1,h0099,0.0,scr2000,avaConv,pvInd_a
lu,1,h0100,0.0,scr2000,avaConv,pvInd_a
lu,1,h0101,0.0,scr2000,avaConv,pvInd_a
lu,1,h0102,0.0,scr2000,avaConv,pvInd_a
lu,1,h0103,0.0,scr2000,avaConv,pvInd_a
lu,1,h0104,0.0,scr2000,avaConv,pvInd_a
lu,1,h0105,0.0,scr2000,avaConv,pvInd_a
lu,1,h0106,0.002788875994844029,scr2000,avaConv,pvInd_a
lu,1,h0107,0.02905112209413786,scr2000,avaConv,pvInd_a
lu,1,h0108,0.104777573711889,scr2000,avaConv,pvInd_a
lu,1,h0109,0.1911302798443869,scr2000,avaConv,pvInd_a
lu,1,h0110,0.1866417569952811,scr2000,avaConv,pvInd_a
lu,1,h0111,0.10947889476449085,scr2000,avaConv,pvInd_a
lu,1,h0112,0.031800834898952315,scr2000,avaConv,pvInd_a
lu,1,h0113,0.007082482697770309,scr2000,avaConv,pvInd_a
lu,1,h0114,0.0013031466320358597,scr2000,avaConv,pvInd_a
lu,1,h0115,0.0,scr2000,avaConv,pvInd_a
lu,1,h0116,0.0,scr2000,avaConv,pvInd_a
lu,1,h0117,0.0,scr2000,avaConv,pvInd_a
lu,1,h0118,0.0,scr2000,avaConv,pvInd_a
lu,1,h0119,0.0,scr2000,avaConv,pvInd_a
lu,1,h0120,0.0,scr2000,avaConv,pvInd_a
lu,1,h0121,0.0,scr2000,avaConv,pvInd_a
lu,1,h0122,0.0,scr2000,avaConv,pvInd_a
lu,1,h0123,0.0,scr2000,avaConv,pvInd_a
lu,1,h0124,0.0,scr2000,avaConv,pvInd_a
lu,1,h0125,0.0,scr2000,avaConv,pvInd_a
lu,1,h0126,0.0,scr2000,avaConv,pvInd_a
lu,1,h0127,0.0,scr2000,avaConv,pvInd_a
lu,1,h0128,0.0014070822060812031,scr2000,avaConv,pvInd_a
lu,1,h0129,0.01055657442181286,scr2000,avaConv,pvInd_a
lu,1,h0130,0.025999347620874042,scr2000,avaConv,pvInd_a
lu,1,h0131,0.045715538788594884,scr2000,avaConv,pvInd_a
lu,1,h0132,0.06186651862655834,scr2000,avaConv,pvInd_a
lu,1,h0133,0.12395111978243811,scr2000,avaConv,pvInd_a
lu,1,h0134,0.1773738632327277,scr2000,avaConv,pvInd_a
lu,1,h0135,0.2177092979700296,scr2000,avaConv,pvInd_a
lu,1,h0136,0.1855334795699211,scr2000,avaConv,pvInd_a
lu,1,h0137,0.13553559918079425,scr2000,avaConv,pvInd_a
lu,1,h0138,0.07243526372000954,scr2000,avaConv,pvInd_a
lu,1,h0139,0.023906879727740894,scr2000,avaConv,pvInd_a
lu,1,h0140,0.0027983889603911817,scr2000,avaConv,pvInd_a
lu,1,h0141,0.0,scr2000,avaConv,pvInd_a
lu,1,h0142,0.0,scr2000,avaConv,pvInd_a
lu,1,h0143,0.0,scr2000,avaConv,pvInd_a
lu,1,h0144,0.0,scr2000,avaConv,pvInd_a
lv,1,h0097,0.0,scr2000,avaConv,pvInd_a
lv,1,h0098,0.0,scr2000,avaConv,pvInd_a
lv,1,h0099,0.0,scr2000,avaConv,pvInd_a
lv,1,h0100,0.0,scr2000,avaConv,pvInd_a
lv,1,h0101,0.0,scr2000,avaConv,pvInd_a
lv,1,h0102,0.0,scr2000,avaConv,pvInd_a
lv,1,h0103,0.0004220278996170354,scr2000,avaConv,pvInd_a
lv,1,h0104,0.024704483776000128,scr2000,avaConv,pvInd_a
lv,1,h0105,0.09148317216830329,scr2000,avaConv,pvInd_a
lv,1,h0106,0.18890100259726197,scr2000,avaConv,pvInd_a
lv,1,h0107,0.25015803268689224,scr2000,avaConv,pvInd_a
lv,1,h0108,0.25359386255770483,scr2000,avaConv,pvInd_a
lv,1,h0109,0.2515077803638431,scr2000,avaConv,pvInd_a
lv,1,h0110,0.22709799226501742,scr2000,avaConv,pvInd_a
lv,1,h0111,0.18917019309142402,scr2000,avaConv,pvInd_a
lv,1,h0112,0.10849529189091604,scr2000,avaConv,pvInd_a
lv,1,h0113,0.043612865636780296,scr2000,avaConv,pvInd_a
lv,1,h0114,0.00945260595710696,scr2000,avaConv,pvInd_a
lv,1,h0115,0.0,scr2000,avaConv,pvInd_a
lv,1,h0116,0.0,scr2000,avaConv,pvInd_a
lv,1,h0117,0.0,scr2000,avaConv,pvInd_a
lv,1,h0118,0.0,scr2000,avaConv,pvInd_a
lv,1,h0119,0.0,scr2000,avaConv,pvInd_a
lv,1,h0120,0.0,scr2000,avaConv,pvInd_a
lv,1,h0121,0.0,scr2000,avaConv,pvInd_a
lv,1,h0122,0.0,scr2000,avaConv,pvInd_a
lv,1,h0123,0.0,scr2000,avaConv,pvInd_a
lv,1,h0124,0.0,scr2000,avaConv,pvInd_a
lv,1,h0125,0.0,scr2000,avaConv,pvInd_a
lv,1,h0126,0.0,scr2000,avaConv,pvInd_a
lv,1,h0127,0.003289991577249315,scr2000,avaConv,pvInd_a
lv,1,h0128,0.01896126726257195,scr2000,avaConv,pvInd_a
lv,1,h0129,0.05265650681920547,scr2000,avaConv,pvInd_a
lv,1,h0130,0.1073188660454778,scr2000,avaConv,pvInd_a
lv,1,h0131,0.19357135513768894,scr2000,avaConv,pvInd_a
lv,1,h0132,0.32997666550360644,scr2000,avaConv,pvInd_a
lv,1,h0133,0.4981819477397291,scr2000,avaConv,pvInd_a
lv,1,h0134,0.5324058834929355,scr2000,avaConv,pvInd_a
lv,1,h0135,0.4233378047899343,scr2000,avaConv,pvInd_a
lv,1,h0136,0.2221187836002707,scr2000,avaConv,pvInd_a
lv,1,h0137,0.08412739695129229,scr2000,avaConv,pvInd_a
lv,1,h0138,0.01997311322121747,scr2000,avaConv,pvInd_a
lv,1,h0139,0.0,scr2000,avaConv,pvInd_a
lv,1,h0140,0.0,scr2000,avaConv,pvInd_a
lv,1,h0141,0.0,scr2000,avaConv,pvInd_a
lv,1,h0142,0.0,scr2000,avaConv,pvInd_a
lv,1,h0143,0.0,scr2000,avaConv,pvInd_a
lv,1,h0144,0.0,scr2000,avaConv,pvInd_a
me,1,h0097,0.0,scr2000,avaConv,pvInd_a
me,1,h0098,0.0,scr2000,avaConv,pvInd_a
me,1,h0099,0.0,scr2000,avaConv,pvInd_a
me,1,h0100,0.0,scr2000,avaConv,pvInd_a
me,1,h0101,0.0,scr2000,avaConv,pvInd_a
me,1,h0102,0.0,scr2000,avaConv,pvInd_a
me,1,h0103,0.020819787381071556,scr2000,avaConv,pvInd_a
me,1,h0104,0.10673271327328558,scr2000,avaConv,pvInd_a
me,1,h0105,0.26726563744527626,scr2000,avaConv,pvInd_a
me,1,h0106,0.45796524706526937,scr2000,avaConv,pvInd_a
me,1,h0107,0.6065395559459418,scr2000,avaConv,pvInd_a
me,1,h0108,0.6920606257979665,scr2000,avaConv,pvInd_a
me,1,h0109,0.7250522205173389,scr2000,avaConv,pvInd_a
me,1,h0110,0.6990610259757302,scr2000,avaConv,pvInd_a
me,1,h0111,0.6078487581441222,scr2000,avaConv,pvInd_a
me,1,h0112,0.44295994328832394,scr2000,avaConv,pvInd_a
me,1,h0113,0.24861348103992756,scr2000,avaConv,pvInd_a
me,1,h0114,0.09417636785876334,scr2000,avaConv,pvInd_a
me,1,h0115,0.01652562137704257,scr2000,avaConv,pvInd_a
me,1,h0116,0.0,scr2000,avaConv,pvInd_a
me,1,h0117,0.0,scr2000,avaConv,pvInd_a
me,1,h0118,0.0,scr2000,avaConv,pvInd_a
me,1,h0119,0.0,scr2000,avaConv,pvInd_a
me,1,h0120,0.0,scr2000,avaConv,pvInd_a
me,1,h0121,0.0,scr2000,avaConv,pvInd_a
me,1,h0122,0.0,scr2000,avaConv,pvInd_a
me,1,h0123,0.0,scr2000,avaConv,pvInd_a
me,1,h0124,0.0,scr2000,avaConv,pvInd_a
me,1,h0125,0.0,scr2000,avaConv,pvInd_a
me,1,h0126,0.0,scr2000,avaConv,pvInd_a
me,1,h0127,0.013239379847385784,scr2000,avaConv,pvInd_a
me,1,h0128,0.0583613363012584,scr2000,avaConv,pvInd_a
me,1,h0129,0.14514419319329452,scr2000,avaConv,pvInd_a
me,1,h0130,0.26803806807730934,scr2000,avaConv,pvInd_a
me,1,h0131,0.3759983317370051,scr2000,avaConv,pvInd_a
me,1,h0132,0.4682171553829877,scr2000,avaConv,pvInd_a
me,1,h0133,0.39629436944354557,scr2000,avaConv,pvInd_a
me,1,h0134,0.31712809953248206,scr2000,avaConv,pvInd_a
me,1,h0135,0.2058648343930697,scr2000,avaConv,pvInd_a
me,1,h0136,0.18419321659299476,scr2000,avaConv,pvInd_a
me,1,h0137,0.12710337200626373,scr2000,avaConv,pvInd_a
me,1,h0138,0.06109197777762831,scr2000,avaConv,pvInd_a
me,1,h0139,0.016825819015893997,scr2000,avaConv,pvInd_a
me,1,h0140,0.0,scr2000,avaConv,pvInd_a
me,1,h0141,0.0,scr2000,avaConv,pvInd_a
me,1,h0142,0.0,scr2000,avaConv,pvInd_a
me,1,h0143,0.0,scr2000,avaConv,pvInd_a
me,1,h0144,0.0,scr2000,avaConv,pvInd_a
mk,1,h0097,0.0,scr2000,avaConv,pvInd_a
mk,1,h0098,0.0,scr2000,avaConv,pvInd_a
mk,1,h0099,0.0,scr2000,avaConv,pvInd_a
mk,1,h0100,0.0,scr2000,avaConv,pvInd_a
mk,1,h0101,0.0,scr2000,avaConv,pvInd_a
mk,1,h0102,0.0,scr2000,avaConv,pvInd_a
mk,1,h0103,0.03405434350199092,scr2000,avaConv,pvInd_a
mk,1,h0104,0.15087337189026906,scr2000,avaConv,pvInd_a
mk,1,h0105,0.3515920421940657,scr2000,avaConv,pvInd_a
mk,1,h0106,0.5700803729590637,scr2000,avaConv,pvInd_a
mk,1,h0107,0.7273055353601304,scr2000,avaConv,pvInd_a
mk,1,h0108,0.8086278800701409,scr2000,avaConv,pvInd_a
mk,1,h0109,0.7634900321455541,scr2000,avaConv,pvInd_a
mk,1,h0110,0.6406802147174712,scr2000,avaConv,pvInd_a
mk,1,h0111,0.4625791186723018,scr2000,avaConv,pvInd_a
mk,1,h0112,0.3123001939464168,scr2000,avaConv,pvInd_a
mk,1,h0113,0.1614081392954335,scr2000,avaConv,pvInd_a
mk,1,h0114,0.05933176918380386,scr2000,avaConv,pvInd_a
mk,1,h0115,0.004062857008296964,scr2000,avaConv,pvInd_a
mk,1,h0116,0.0,scr2000,avaConv,pvInd_a
mk,1,h0117,0.0,scr2000,avaConv,pvInd_a
mk,1,h0118,0.0,scr2000,avaConv,pvInd_a
mk,1,h0119,0.0,scr2000,avaConv,pvInd_a
mk,1,h0120,0.0,scr2000,avaConv,pvInd_a
mk,1,h0121,0.0,scr2000,avaConv,pvInd_a
mk,1,h0122,0.0,scr2000,avaConv,pvInd_a
mk,1,h0123,0.0,scr2000,avaConv,pvInd_a
mk,1,h0124,0.0,scr2000,avaConv,pvInd_a
mk,1,h0125,0.0,scr2000,avaConv,pvInd_a
mk,1,h0126,0.0,scr2000,avaConv,pvInd_a
mk,1,h0127,0.04766873201671385,scr2000,avaConv,pvInd_a
mk,1,h0128,0.17725316093159266,scr2000,avaConv,pvInd_a
mk,1,h0129,0.37562153088091993,scr2000,avaConv,pvInd_a
mk,1,h0130,0.571551684516414,scr2000,avaConv,pvInd_a
mk,1,h0131,0.7078011843301619,scr2000,avaConv,pvInd_a
mk,1,h0132,0.7831907547634641,scr2000,avaConv,pvInd_a
mk,1,h0133,0.7340407099439897,scr2000,avaConv,pvInd_a
mk,1,h0134,0.6338557890229413,scr2000,avaConv,pvInd_a
mk,1,h0135,0.47652761292775614,scr2000,avaConv,pvInd_a
mk,1,h0136,0.33807761848114287,scr2000,avaConv,pvInd_a
mk,1,h0137,0.18021149852351892,scr2000,avaConv,pvInd_a
mk,1,h0138,0.06683852366570492,scr2000,avaConv,pvInd_a
mk,1,h0139,0.010034863136799793,scr2000,avaConv,pvInd_a
mk,1,h0140,0.0,scr2000,avaConv,pvInd_a
mk,1,h0141,0.0,scr2000,avaConv,pvInd_a
mk,1,h0142,0.0,scr2000,avaConv,pvInd_a
mk,1,h0143,0.0,scr2000,avaConv,pvInd_a
mk,1,h0144,0.0,scr2000,avaConv,pvInd_a
nl,1,h0097,0.0,scr2000,avaConv,pvInd_a
nl,1,h0098,0.0,scr2000,avaConv,pvInd_a
nl,1,h0099,0.0,scr2000,avaConv,pvInd_a
nl,1,h0100,0.0,scr2000,avaConv,pvInd_a
nl,1,h0101,0.0,scr2000,avaConv,pvInd_a
nl,1,h0102,0.0,scr2000,avaConv,pvInd_a
nl,1,h0103,0.0,scr2000,avaConv,pvInd_a
nl,1,h0104,0.00032800420679633143,scr2000,avaConv,pvInd_a
nl,1,h0105,0.033120284403246,scr2000,avaConv,pvInd_a
nl,1,h0106,0.13537844895302273,scr2000,avaConv,pvInd_a
nl,1,h0107,0.30137939071809566,scr2000,avaConv,pvInd_a
nl,1,h0108,0.45995798833674867,scr2000,avaConv,pvInd_a
nl,1,h0109,0.3513585353740933,scr2000,avaConv,pvInd_a
nl,1,h0110,0.20436027305146268,scr2000,avaConv,pvInd_a
nl,1,h0111,0.04722198039057887,scr2000,avaConv,pvInd_a
nl,1,h0112,0.04863728609059785,scr2000,avaConv,pvInd_a
nl,1,h0113,0.0359134856905619,scr2000,avaConv,pvInd_a
nl,1,h0114,0.01688667285438337,scr2000,avaConv,pvInd_a
nl,1,h0115,0.004830352246371792,scr2000,avaConv,pvInd_a
nl,1,h0116,0.0,scr2000,avaConv,pvInd_a
nl,1,h0117,0.0,scr2000,avaConv,pvInd_a
nl,1,h0118,0.0,scr2000,avaConv,pvInd_a
nl,1,h0119,0.0,scr2000,avaConv,pvInd_a
nl,1,h0120,0.0,scr2000,avaConv,pvInd_a
nl,1,h0121,0.0,scr2000,avaConv,pvInd_a
nl,1,h0122,0.0,scr2000,avaConv,pvInd_a
nl,1,h0123,0.0,scr2000,avaConv,pvInd_a
nl,1,h0124,0.0,scr2000,avaConv,pvInd_a
nl,1,h0125,0.0,scr2000,avaConv,pvInd_a
nl,1,h0126,0.0,scr2000,avaConv,pvInd_a
nl,1,h0127,0.0,scr2000,avaConv,pvInd_a
nl,1,h0128,0.00411538524130738,scr2000,avaConv,pvInd_a
nl,1,h0129,0.028393117832595155,scr2000,avaConv,pvInd_a
nl,1,h0130,0.09753694115459727,scr2000,avaConv,pvInd_a
nl,1,h0131,0.21576992961209548,scr2000,avaConv,pvInd_a
nl,1,h0132,0.3017521800149636,scr2000,avaConv,pvInd_a
nl,1,h0133,0.3089064415234607,scr2000,avaConv,pvInd_a
nl,1,h0134,0.2586525503723632,scr2000,avaConv,pvInd_a
nl,1,h0135,0.20643228006299907,scr2000,avaConv,pvInd_a
nl,1,h0136,0.16956322720399006,scr2000,avaConv,pvInd_a
nl,1,h0137,0.11733879196931513,scr2000,avaConv,pvInd_a
nl,1,h0138,0.06233504024714804,scr2000,avaConv,pvInd_a
nl,1,h0139,0.021335138856898788,scr2000,avaConv,pvInd_a
nl,1,h0140,0.00247434475928799,scr2000,avaConv,pvInd_a
nl,1,h0141,0.0,scr2000,avaConv,pvInd_a
nl,1,h0142,0.0,scr2000,avaConv,pvInd_a
nl,1,h0143,0.0,scr2000,avaConv,pvInd_a
nl,1,h0144,0.0,scr2000,avaConv,pvInd_a
no_m,1,h0097,0.0,scr2000,avaConv,pvInd_a
no_m,1,h0098,0.0,scr2000,avaConv,pvInd_a
no_m,1,h0099,0.0,scr2000,avaConv,pvInd_a
no_m,1,h0100,0.0,scr2000,avaConv,pvInd_a
no_m,1,h0101,0.0,scr2000,avaConv,pvInd_a
no_m,1,h0102,0.0,scr2000,avaConv,pvInd_a
no_m,1,h0103,0.0,scr2000,avaConv,pvInd_a
no_m,1,h0104,0.0,scr2000,avaConv,pvInd_a
no_m,1,h0105,0.03986358638458683,scr2000,avaConv,pvInd_a
no_m,1,h0106,0.12711787384685008,scr2000,avaConv,pvInd_a
no_m,1,h0107,0.23179090418422665,scr2000,avaConv,pvInd_a
no_m,1,h0108,0.28341120365609407,scr2000,avaConv,pvInd_a
no_m,1,h0109,0.32344029877128644,scr2000,avaConv,pvInd_a
no_m,1,h0110,0.365529679497564,scr2000,avaConv,pvInd_a
no_m,1,h0111,0.39053696746119304,scr2000,avaConv,pvInd_a
no_m,1,h0112,0.3230405455067002,scr2000,avaConv,pvInd_a
no_m,1,h0113,0.1792935706090564,scr2000,avaConv,pvInd_a
no_m,1,h0114,0.06120859656699715,scr2000,avaConv,pvInd_a
no_m,1,h0115,0.0031077904110725914,scr2000,avaConv,pvInd_a
no_m,1,h0116,0.0,scr2000,avaConv,pvInd_a
no_m,1,h0117,0.0,scr2000,avaConv,pvInd_a
no_m,1,h0118,0.0,scr2000,avaConv,pvInd_a
no_m,1,h0119,0.0,scr2000,avaConv,pvInd_a
no_m,1,h0120,0.0,scr2000,avaConv,pvInd_a
no_m,1,h0121,0.0,scr2000,avaConv,pvInd_a
no_m,1,h0122,0.0,scr2000,avaConv,pvInd_a
no_m,1,h0123,0.0,scr2000,avaConv,pvInd_a
no_m,1,h0124,0.0,scr2000,avaConv,pvInd_a
no_m,1,h0125,0.0,scr2000,avaConv,pvInd_a
no_m,1,h0126,0.0,scr2000,avaConv,pvInd_a
no_m,1,h0127,0.0,scr2000,avaConv,pvInd_a
no_m,1,h0128,0.02059428037448935,scr2000,avaConv,pvInd_a
no_m,1,h0129,0.08964121421583646,scr2000,avaConv,pvInd_a
no_m,1,h0130,0.21727152141990158,scr2000,avaConv,pvInd_a
no_m,1,h0131,0.3496320736478004,scr2000,avaConv,pvInd_a
no_m,1,h0132,0.4124276683165721,scr2000,avaConv,pvInd_a
no_m,1,h0133,0.3956529655555828,scr2000,avaConv,pvInd_a
no_m,1,h0134,0.30356245630390244,scr2000,avaConv,pvInd_a
no_m,1,h0135,0.20010069205510797,scr2000,avaConv,pvInd_a
no_m,1,h0136,0.10871673285949882,scr2000,avaConv,pvInd_a
no_m,1,h0137,0.05294886539504506,scr2000,avaConv,pvInd_a
no_m,1,h0138,0.022500518972508602,scr2000,avaConv,pvInd_a
no_m,1,h0139,0.0051443603830927664,scr2000,avaConv,pvInd_a
no_m,1,h0140,0.0,scr2000,avaConv,pvInd_a
no_m,1,h0141,0.0,scr2000,avaConv,pvInd_a
no_m,1,h0142,0.0,scr2000,avaConv,pvInd_a
no_m,1,h0143,0.0,scr2000,avaConv,pvInd_a
no_m,1,h0144,0.0,scr2000,avaConv,pvInd_a
no_n,1,h0097,0.0,scr2000,avaConv,pvInd_a
no_n,1,h0098,0.0,scr2000,avaConv,pvInd_a
no_n,1,h0099,0.0,scr2000,avaConv,pvInd_a
no_n,1,h0100,0.0,scr2000,avaConv,pvInd_a
no_n,1,h0101,0.0,scr2000,avaConv,pvInd_a
no_n,1,h0102,0.0,scr2000,avaConv,pvInd_a
no_n,1,h0103,0.0,scr2000,avaConv,pvInd_a
no_n,1,h0104,0.003923757805838108,scr2000,avaConv,pvInd_a
no_n,1,h0105,0.04117621046056921,scr2000,avaConv,pvInd_a
no_n,1,h0106,0.1113517580640202,scr2000,avaConv,pvInd_a
no_n,1,h0107,0.2007467830608825,scr2000,avaConv,pvInd_a
no_n,1,h0108,0.2653889632444895,scr2000,avaConv,pvInd_a
no_n,1,h0109,0.25483009191611006,scr2000,avaConv,pvInd_a
no_n,1,h0110,0.20387111382346204,scr2000,avaConv,pvInd_a
no_n,1,h0111,0.1225512997815215,scr2000,avaConv,pvInd_a
no_n,1,h0112,0.07225632333663984,scr2000,avaConv,pvInd_a
no_n,1,h0113,0.030278083256724615,scr2000,avaConv,pvInd_a
no_n,1,h0114,0.009131046091895594,scr2000,avaConv,pvInd_a
no_n,1,h0115,0.0,scr2000,avaConv,pvInd_a
no_n,1,h0116,0.0,scr2000,avaConv,pvInd_a
no_n,1,h0117,0.0,scr2000,avaConv,pvInd_a
no_n,1,h0118,0.0,scr2000,avaConv,pvInd_a
no_n,1,h0119,0.0,scr2000,avaConv,pvInd_a
no_n,1,h0120,0.0,scr2000,avaConv,pvInd_a
no_n,1,h0121,0.0,scr2000,avaConv,pvInd_a
no_n,1,h0122,0.0,scr2000,avaConv,pvInd_a
no_n,1,h0123,0.0,scr2000,avaConv,pvInd_a
no_n,1,h0124,0.0,scr2000,avaConv,pvInd_a
no_n,1,h0125,0.0,scr2000,avaConv,pvInd_a
no_n,1,h0126,0.0,scr2000,avaConv,pvInd_a
no_n,1,h0127,0.003831301114688117,scr2000,avaConv,pvInd_a
no_n,1,h0128,0.039068215735340174,scr2000,avaConv,pvInd_a
no_n,1,h0129,0.11399965506547886,scr2000,avaConv,pvInd_a
no_n,1,h0130,0.2151682670145961,scr2000,avaConv,pvInd_a
no_n,1,h0131,0.29565350837726434,scr2000,avaConv,pvInd_a
no_n,1,h0132,0.33943287958619733,scr2000,avaConv,pvInd_a
no_n,1,h0133,0.3962674433079873,scr2000,avaConv,pvInd_a
no_n,1,h0134,0.4046492585351446,scr2000,avaConv,pvInd_a
no_n,1,h0135,0.3580950558145635,scr2000,avaConv,pvInd_a
no_n,1,h0136,0.21960125092639488,scr2000,avaConv,pvInd_a
no_n,1,h0137,0.09560866840936937,scr2000,avaConv,pvInd_a
no_n,1,h0138,0.02383209477950729,scr2000,avaConv,pvInd_a
no_n,1,h0139,0.0011838087687421567,scr2000,avaConv,pvInd_a
no_n,1,h0140,0.0,scr2000,avaConv,pvInd_a
no_n,1,h0141,0.0,scr2000,avaConv,pvInd_a
no_n,1,h0142,0.0,scr2000,avaConv,pvInd_a
no_n,1,h0143,0.0,scr2000,avaConv,pvInd_a
no_n,1,h0144,0.0,scr2000,avaConv,pvInd_a
no_s,1,h0097,0.0,scr2000,avaConv,pvInd_a
no_s,1,h0098,0.0,scr2000,avaConv,pvInd_a
no_s,1,h0099,0.0,scr2000,avaConv,pvInd_a
no_s,1,h0100,0.0,scr2000,avaConv,pvInd_a
no_s,1,h0101,0.0,scr2000,avaConv,pvInd_a
no_s,1,h0102,0.0,scr2000,avaConv,pvInd_a
no_s,1,h0103,0.0,scr2000,avaConv,pvInd_a
no_s,1,h0104,0.00030721151186810633,scr2000,avaConv,pvInd_a
no_s,1,h0105,0.03068931183577493,scr2000,avaConv,pvInd_a
no_s,1,h0106,0.10342963980928588,scr2000,avaConv,pvInd_a
no_s,1,h0107,0.19915316050179055,scr2000,avaConv,pvInd_a
no_s,1,h0108,0.2535566712092321,scr2000,avaConv,pvInd_a
no_s,1,h0109,0.3087972441869802,scr2000,avaConv,pvInd_a
no_s,1,h0110,0.32572056006063504,scr2000,avaConv,pvInd_a
no_s,1,h0111,0.31020970326556563,scr2000,avaConv,pvInd_a
no_s,1,h0112,0.22322970930806776,scr2000,avaConv,pvInd_a
no_s,1,h0113,0.12925751221940665,scr2000,avaConv,pvInd_a
no_s,1,h0114,0.05345748424368088,scr2000,avaConv,pvInd_a
no_s,1,h0115,0.011662173615179097,scr2000,avaConv,pvInd_a
no_s,1,h0116,0.0,scr2000,avaConv,pvInd_a
no_s,1,h0117,0.0,scr2000,avaConv,pvInd_a
no_s,1,h0118,0.0,scr2000,avaConv,pvInd_a
no_s,1,h0119,0.0,scr2000,avaConv,pvInd_a
no_s,1,h0120,0.0,scr2000,avaConv,pvInd_a
no_s,1,h0121,0.0,scr2000,avaConv,pvInd_a
no_s,1,h0122,0.0,scr2000,avaConv,pvInd_a
no_s,1,h0123,0.0,scr2000,avaConv,pvInd_a
no_s,1,h0124,0.0,scr2000,avaConv,pvInd_a
no_s,1,h0125,0.0,scr2000,avaConv,pvInd_a
no_s,1,h0126,0.0,scr2000,avaConv,pvInd_a
no_s,1,h0127,0.0,scr2000,avaConv,pvInd_a
no_s,1,h0128,0.028946339348146572,scr2000,avaConv,pvInd_a
no_s,1,h0129,0.12359794352243159,scr2000,avaConv,pvInd_a
no_s,1,h0130,0.2928218767511969,scr2000,avaConv,pvInd_a
no_s,1,h0131,0.4729938155483251,scr2000,avaConv,pvInd_a
no_s,1,h0132,0.6008681620379888,scr2000,avaConv,pvInd_a
no_s,1,h0133,0.668938255958946,scr2000,avaConv,pvInd_a
no_s,1,h0134,0.6608357857712753,scr2000,avaConv,pvInd_a
no_s,1,h0135,0.5878958299190014,scr2000,avaConv,pvInd_a
no_s,1,h0136,0.444044375180415,scr2000,avaConv,pvInd_a
no_s,1,h0137,0.2695317805934518,scr2000,avaConv,pvInd_a
no_s,1,h0138,0.11199597893012801,scr2000,avaConv,pvInd_a
no_s,1,h0139,0.02646584771519668,scr2000,avaConv,pvInd_a
no_s,1,h0140,0.0,scr2000,avaConv,pvInd_a
no_s,1,h0141,0.0,scr2000,avaConv,pvInd_a
no_s,1,h0142,0.0,scr2000,avaConv,pvInd_a
no_s,1,h0143,0.0,scr2000,avaConv,pvInd_a
no_s,1,h0144,0.0,scr2000,avaConv,pvInd_a
pl,1,h0097,0.0,scr2000,avaConv,pvInd_a
pl,1,h0098,0.0,scr2000,avaConv,pvInd_a
pl,1,h0099,0.0,scr2000,avaConv,pvInd_a
pl,1,h0100,0.0,scr2000,avaConv,pvInd_a
pl,1,h0101,0.0,scr2000,avaConv,pvInd_a
pl,1,h0102,0.0,scr2000,avaConv,pvInd_a
pl,1,h0103,0.0,scr2000,avaConv,pvInd_a
pl,1,h0104,0.0052249458226955765,scr2000,avaConv,pvInd_a
pl,1,h0105,0.020266591783067014,scr2000,avaConv,pvInd_a
pl,1,h0106,0.044418229861433296,scr2000,avaConv,pvInd_a
pl,1,h0107,0.06643534196397867,scr2000,avaConv,pvInd_a
pl,1,h0108,0.08109697298609346,scr2000,avaConv,pvInd_a
pl,1,h0109,0.2764537830040265,scr2000,avaConv,pvInd_a
pl,1,h0110,0.4413351198671842,scr2000,avaConv,pvInd_a
pl,1,h0111,0.5497391701965381,scr2000,avaConv,pvInd_a
pl,1,h0112,0.3898746557386199,scr2000,avaConv,pvInd_a
pl,1,h0113,0.20554730405356364,scr2000,avaConv,pvInd_a
pl,1,h0114,0.07174514325351333,scr2000,avaConv,pvInd_a
pl,1,h0115,0.007521477595053187,scr2000,avaConv,pvInd_a
pl,1,h0116,0.0,scr2000,avaConv,pvInd_a
pl,1,h0117,0.0,scr2000,avaConv,pvInd_a
pl,1,h0118,0.0,scr2000,avaConv,pvInd_a
pl,1,h0119,0.0,scr2000,avaConv,pvInd_a
pl,1,h0120,0.0,scr2000,avaConv,pvInd_a
pl,1,h0121,0.0,scr2000,avaConv,pvInd_a
pl,1,h0122,0.0,scr2000,avaConv,pvInd_a
pl,1,h0123,0.0,scr2000,avaConv,pvInd_a
pl,1,h0124,0.0,scr2000,avaConv,pvInd_a
pl,1,h0125,0.0,scr2000,avaConv,pvInd_a
pl,1,h0126,0.0,scr2000,avaConv,pvInd_a
pl,1,h0127,0.0013949116412630322,scr2000,avaConv,pvInd_a
pl,1,h0128,0.009211133637445742,scr2000,avaConv,pvInd_a
pl,1,h0129,0.02527555731700897,scr2000,avaConv,pvInd_a
pl,1,h0130,0.047639098905555254,scr2000,avaConv,pvInd_a
pl,1,h0131,0.0701348219635614,scr2000,avaConv,pvInd_a
pl,1,h0132,0.09470422863701099,scr2000,avaConv,pvInd_a
pl,1,h0133,0.27220264843739994,scr2000,avaConv,pvInd_a
pl,1,h0134,0.4236590532272489,scr2000,avaConv,pvInd_a
pl,1,h0135,0.5213693974900783,scr2000,avaConv,pvInd_a
pl,1,h0136,0.3914442717435448,scr2000,avaConv,pvInd_a
pl,1,h0137,0.229794652671731,scr2000,avaConv,pvInd_a
pl,1,h0138,0.09384897029838656,scr2000,avaConv,pvInd_a
pl,1,h0139,0.01906648187616008,scr2000,avaConv,pvInd_a
pl,1,h0140,0.0,scr2000,avaConv,pvInd_a
pl,1,h0141,0.0,scr2000,avaConv,pvInd_a
pl,1,h0142,0.0,scr2000,avaConv,pvInd_a
pl,1,h0143,0.0,scr2000,avaConv,pvInd_a
pl,1,h0144,0.0,scr2000,avaConv,pvInd_a
pt,1,h0097,0.0,scr2000,avaConv,pvInd_a
pt,1,h0098,0.0,scr2000,avaConv,pvInd_a
pt,1,h0099,0.0,scr2000,avaConv,pvInd_a
pt,1,h0100,0.0,scr2000,avaConv,pvInd_a
pt,1,h0101,0.0,scr2000,avaConv,pvInd_a
pt,1,h0102,0.0,scr2000,avaConv,pvInd_a
pt,1,h0103,0.0,scr2000,avaConv,pvInd_a
pt,1,h0104,0.0,scr2000,avaConv,pvInd_a
pt,1,h0105,0.03993482854760228,scr2000,avaConv,pvInd_a
pt,1,h0106,0.15968234919871413,scr2000,avaConv,pvInd_a
pt,1,h0107,0.3481740606522958,scr2000,avaConv,pvInd_a
pt,1,h0108,0.5414289193620072,scr2000,avaConv,pvInd_a
pt,1,h0109,0.6562420395868029,scr2000,avaConv,pvInd_a
pt,1,h0110,0.7128934197294188,scr2000,avaConv,pvInd_a
pt,1,h0111,0.7065614697467104,scr2000,avaConv,pvInd_a
pt,1,h0112,0.6624390539935752,scr2000,avaConv,pvInd_a
pt,1,h0113,0.5522733182935956,scr2000,avaConv,pvInd_a
pt,1,h0114,0.3886855963932748,scr2000,avaConv,pvInd_a
pt,1,h0115,0.2111765622983408,scr2000,avaConv,pvInd_a
pt,1,h0116,0.07731995802974893,scr2000,avaConv,pvInd_a
pt,1,h0117,0.014017509317502947,scr2000,avaConv,pvInd_a
pt,1,h0118,0.0,scr2000,avaConv,pvInd_a
pt,1,h0119,0.0,scr2000,avaConv,pvInd_a
pt,1,h0120,0.0,scr2000,avaConv,pvInd_a
pt,1,h0121,0.0,scr2000,avaConv,pvInd_a
pt,1,h0122,0.0,scr2000,avaConv,pvInd_a
pt,1,h0123,0.0,scr2000,avaConv,pvInd_a
pt,1,h0124,0.0,scr2000,avaConv,pvInd_a
pt,1,h0125,0.0,scr2000,avaConv,pvInd_a
pt,1,h0126,0.0,scr2000,avaConv,pvInd_a
pt,1,h0127,0.0,scr2000,avaConv,pvInd_a
pt,1,h0128,0.0,scr2000,avaConv,pvInd_a
pt,1,h0129,0.047671767926978824,scr2000,avaConv,pvInd_a
pt,1,h0130,0.17161280326158423,scr2000,avaConv,pvInd_a
pt,1,h0131,0.3538313720978661,scr2000,avaConv,pvInd_a
pt,1,h0132,0.5232959911480212,scr2000,avaConv,pvInd_a
pt,1,h0133,0.5842570557800167,scr2000,avaConv,pvInd_a
pt,1,h0134,0.5852241606424761,scr2000,avaConv,pvInd_a
pt,1,h0135,0.5499975037119662,scr2000,avaConv,pvInd_a
pt,1,h0136,0.5154280791928466,scr2000,avaConv,pvInd_a
pt,1,h0137,0.42812559471001277,scr2000,avaConv,pvInd_a
pt,1,h0138,0.29719670863901687,scr2000,avaConv,pvInd_a
pt,1,h0139,0.16397729964736443,scr2000,avaConv,pvInd_a
pt,1,h0140,0.06891225344859433,scr2000,avaConv,pvInd_a
pt,1,h0141,0.01737535274837935,scr2000,avaConv,pvInd_a
pt,1,h0142,0.0,scr2000,avaConv,pvInd_a
pt,1,h0143,0.0,scr2000,avaConv,pvInd_a
pt,1,h0144,0.0,scr2000,avaConv,pvInd_a
ro,1,h0097,0.0,scr2000,avaConv,pvInd_a
ro,1,h0098,0.0,scr2000,avaConv,pvInd_a
ro,1,h0099,0.0,scr2000,avaConv,pvInd_a
ro,1,h0100,0.0,scr2000,avaConv,pvInd_a
ro,1,h0101,0.0,scr2000,avaConv,pvInd_a
ro,1,h0102,0.0,scr2000,avaConv,pvInd_a
ro,1,h0103,0.027462263779023156,scr2000,avaConv,pvInd_a
ro,1,h0104,0.11195069321176268,scr2000,avaConv,pvInd_a
ro,1,h0105,0.2512503493893261,scr2000,avaConv,pvInd_a
ro,1,h0106,0.3975587099046956,scr2000,avaConv,pvInd_a
ro,1,h0107,0.5064046517315175,scr2000,avaConv,pvInd_a
ro,1,h0108,0.5681839125513589,scr2000,avaConv,pvInd_a
ro,1,h0109,0.5445807163977587,scr2000,avaConv,pvInd_a
ro,1,h0110,0.4719070262406956,scr2000,avaConv,pvInd_a
ro,1,h0111,0.3569889783519885,scr2000,avaConv,pvInd_a
ro,1,h0112,0.24350470627733256,scr2000,avaConv,pvInd_a
ro,1,h0113,0.11958172967572617,scr2000,avaConv,pvInd_a
ro,1,h0114,0.03583367035612768,scr2000,avaConv,pvInd_a
ro,1,h0115,0.0,scr2000,avaConv,pvInd_a
ro,1,h0116,0.0,scr2000,avaConv,pvInd_a
ro,1,h0117,0.0,scr2000,avaConv,pvInd_a
ro,1,h0118,0.0,scr2000,avaConv,pvInd_a
ro,1,h0119,0.0,scr2000,avaConv,pvInd_a
ro,1,h0120,0.0,scr2000,avaConv,pvInd_a
ro,1,h0121,0.0,scr2000,avaConv,pvInd_a
ro,1,h0122,0.0,scr2000,avaConv,pvInd_a
ro,1,h0123,0.0,scr2000,avaConv,pvInd_a
ro,1,h0124,0.0,scr2000,avaConv,pvInd_a
ro,1,h0125,0.0,scr2000,avaConv,pvInd_a
ro,1,h0126,0.0004818182130006463,scr2000,avaConv,pvInd_a
ro,1,h0127,0.023424157898998606,scr2000,avaConv,pvInd_a
ro,1,h0128,0.09362531434745419,scr2000,avaConv,pvInd_a
ro,1,h0129,0.21549772785416021,scr2000,avaConv,pvInd_a
ro,1,h0130,0.34423742980199584,scr2000,avaConv,pvInd_a
ro,1,h0131,0.4370875261187356,scr2000,avaConv,pvInd_a
ro,1,h0132,0.47672280363229935,scr2000,avaConv,pvInd_a
ro,1,h0133,0.4911723819653051,scr2000,avaConv,pvInd_a
ro,1,h0134,0.47211668476383656,scr2000,avaConv,pvInd_a
ro,1,h0135,0.4177207564523574,scr2000,avaConv,pvInd_a
ro,1,h0136,0.30694890734654706,scr2000,avaConv,pvInd_a
ro,1,h0137,0.16826534186292968,scr2000,avaConv,pvInd_a
ro,1,h0138,0.0614394875067278,scr2000,avaConv,pvInd_a
ro,1,h0139,0.007203303892994372,scr2000,avaConv,pvInd_a
ro,1,h0140,0.0,scr2000,avaConv,pvInd_a
ro,1,h0141,0.0,scr2000,avaConv,pvInd_a
ro,1,h0142,0.0,scr2000,avaConv,pvInd_a
ro,1,h0143,0.0,scr2000,avaConv,pvInd_a
ro,1,h0144,0.0,scr2000,avaConv,pvInd_a
rs,1,h0097,0.0,scr2000,avaConv,pvInd_a
rs,1,h0098,0.0,scr2000,avaConv,pvInd_a
rs,1,h0099,0.0,scr2000,avaConv,pvInd_a
rs,1,h0100,0.0,scr2000,avaConv,pvInd_a
rs,1,h0101,0.0,scr2000,avaConv,pvInd_a
rs,1,h0102,0.0,scr2000,avaConv,pvInd_a
rs,1,h0103,0.02469812009701372,scr2000,avaConv,pvInd_a
rs,1,h0104,0.11676783482118609,scr2000,avaConv,pvInd_a
rs,1,h0105,0.28437144642312856,scr2000,avaConv,pvInd_a
rs,1,h0106,0.4750664772234149,scr2000,avaConv,pvInd_a
rs,1,h0107,0.6197468602889027,scr2000,avaConv,pvInd_a
rs,1,h0108,0.6963433466367059,scr2000,avaConv,pvInd_a
rs,1,h0109,0.6820426241056681,scr2000,avaConv,pvInd_a
rs,1,h0110,0.6142159287624767,scr2000,avaConv,pvInd_a
rs,1,h0111,0.4941285190395399,scr2000,avaConv,pvInd_a
rs,1,h0112,0.3569603369742664,scr2000,avaConv,pvInd_a
rs,1,h0113,0.1926477008738606,scr2000,avaConv,pvInd_a
rs,1,h0114,0.0697958548049611,scr2000,avaConv,pvInd_a
rs,1,h0115,0.00772741444287955,scr2000,avaConv,pvInd_a
rs,1,h0116,0.0,scr2000,avaConv,pvInd_a
rs,1,h0117,0.0,scr2000,avaConv,pvInd_a
rs,1,h0118,0.0,scr2000,avaConv,pvInd_a
rs,1,h0119,0.0,scr2000,avaConv,pvInd_a
rs,1,h0120,0.0,scr2000,avaConv,pvInd_a
rs,1,h0121,0.0,scr2000,avaConv,pvInd_a
rs,1,h0122,0.0,scr2000,avaConv,pvInd_a
rs,1,h0123,0.0,scr2000,avaConv,pvInd_a
rs,1,h0124,0.0,scr2000,avaConv,pvInd_a
rs,1,h0125,0.0,scr2000,avaConv,pvInd_a
rs,1,h0126,0.0,scr2000,avaConv,pvInd_a
rs,1,h0127,0.025107670197622556,scr2000,avaConv,pvInd_a
rs,1,h0128,0.11637910170651448,scr2000,avaConv,pvInd_a
rs,1,h0129,0.2573270678536881,scr2000,avaConv,pvInd_a
rs,1,h0130,0.38978527037719185,scr2000,avaConv,pvInd_a
rs,1,h0131,0.46331829795783136,scr2000,avaConv,pvInd_a
rs,1,h0132,0.4957777343500718,scr2000,avaConv,pvInd_a
rs,1,h0133,0.48595633651199477,scr2000,avaConv,pvInd_a
rs,1,h0134,0.4443283742031493,scr2000,avaConv,pvInd_a
rs,1,h0135,0.3667151024291026,scr2000,avaConv,pvInd_a
rs,1,h0136,0.2747155577270851,scr2000,avaConv,pvInd_a
rs,1,h0137,0.16180400025761937,scr2000,avaConv,pvInd_a
rs,1,h0138,0.06701486695343915,scr2000,avaConv,pvInd_a
rs,1,h0139,0.0126000732661585,scr2000,avaConv,pvInd_a
rs,1,h0140,0.0,scr2000,avaConv,pvInd_a
rs,1,h0141,0.0,scr2000,avaConv,pvInd_a
rs,1,h0142,0.0,scr2000,avaConv,pvInd_a
rs,1,h0143,0.0,scr2000,avaConv,pvInd_a
rs,1,h0144,0.0,scr2000,avaConv,pvInd_a
se_1,1,h0097,0.0,scr2000,avaConv,pvInd_a
se_1,1,h0098,0.0,scr2000,avaConv,pvInd_a
se_1,1,h0099,0.0,scr2000,avaConv,pvInd_a
se_1,1,h0100,0.0,scr2000,avaConv,pvInd_a
se_1,1,h0101,0.0,scr2000,avaConv,pvInd_a
se_1,1,h0102,0.0,scr2000,avaConv,pvInd_a
se_1,1,h0103,0.0,scr2000,avaConv,pvInd_a
se_1,1,h0104,0.0014414891123247175,scr2000,avaConv,pvInd_a
se_1,1,h0105,0.01441272621900562,scr2000,avaConv,pvInd_a
se_1,1,h0106,0.04533520975966374,scr2000,avaConv,pvInd_a
se_1,1,h0107,0.0935860252546294,scr2000,avaConv,pvInd_a
se_1,1,h0108,0.13599120676498686,scr2000,avaConv,pvInd_a
se_1,1,h0109,0.28190940697187794,scr2000,avaConv,pvInd_a
se_1,1,h0110,0.3788943445437977,scr2000,avaConv,pvInd_a
se_1,1,h0111,0.41582563696059915,scr2000,avaConv,pvInd_a
se_1,1,h0112,0.25120254256707236,scr2000,avaConv,pvInd_a
se_1,1,h0113,0.10475953974258202,scr2000,avaConv,pvInd_a
se_1,1,h0114,0.018892583914784378,scr2000,avaConv,pvInd_a
se_1,1,h0115,0.0,scr2000,avaConv,pvInd_a
se_1,1,h0116,0.0,scr2000,avaConv,pvInd_a
se_1,1,h0117,0.0,scr2000,avaConv,pvInd_a
se_1,1,h0118,0.0,scr2000,avaConv,pvInd_a
se_1,1,h0119,0.0,scr2000,avaConv,pvInd_a
se_1,1,h0120,0.0,scr2000,avaConv,pvInd_a
se_1,1,h0121,0.0,scr2000,avaConv,pvInd_a
se_1,1,h0122,0.0,scr2000,avaConv,pvInd_a
se_1,1,h0123,0.0,scr2000,avaConv,pvInd_a
se_1,1,h0124,0.0,scr2000,avaConv,pvInd_a
se_1,1,h0125,0.0,scr2000,avaConv,pvInd_a
se_1,1,h0126,0.0,scr2000,avaConv,pvInd_a
se_1,1,h0127,0.0035350790395019954,scr2000,avaConv,pvInd_a
se_1,1,h0128,0.06791089620541434,scr2000,avaConv,pvInd_a
se_1,1,h0129,0.20337764807765468,scr2000,avaConv,pvInd_a
se_1,1,h0130,0.3918760868164743,scr2000,avaConv,pvInd_a
se_1,1,h0131,0.5364218367903397,scr2000,avaConv,pvInd_a
se_1,1,h0132,0.6165825480337869,scr2000,avaConv,pvInd_a
se_1,1,h0133,0.6477777126591795,scr2000,avaConv,pvInd_a
se_1,1,h0134,0.5997497548480039,scr2000,avaConv,pvInd_a
se_1,1,h0135,0.48514336758105214,scr2000,avaConv,pvInd_a
se_1,1,h0136,0.3072066508653545,scr2000,avaConv,pvInd_a
se_1,1,h0137,0.13842075031914322,scr2000,avaConv,pvInd_a
se_1,1,h0138,0.03783540099791884,scr2000,avaConv,pvInd_a
se_1,1,h0139,0.0003516308785679527,scr2000,avaConv,pvInd_a
se_1,1,h0140,0.0,scr2000,avaConv,pvInd_a
se_1,1,h0141,0.0,scr2000,avaConv,pvInd_a
se_1,1,h0142,0.0,scr2000,avaConv,pvInd_a
se_1,1,h0143,0.0,scr2000,avaConv,pvInd_a
se_1,1,h0144,0.0,scr2000,avaConv,pvInd_a
se_2,1,h0097,0.0,scr2000,avaConv,pvInd_a
se_2,1,h0098,0.0,scr2000,avaConv,pvInd_a
se_2,1,h0099,0.0,scr2000,avaConv,pvInd_a
se_2,1,h0100,0.0,scr2000,avaConv,pvInd_a
se_2,1,h0101,0.0,scr2000,avaConv,pvInd_a
se_2,1,h0102,0.0,scr2000,avaConv,pvInd_a
se_2,1,h0103,0.0,scr2000,avaConv,pvInd_a
se_2,1,h0104,0.004375308490912706,scr2000,avaConv,pvInd_a
se_2,1,h0105,0.031058499640804437,scr2000,avaConv,pvInd_a
se_2,1,h0106,0.09065874347014045,scr2000,avaConv,pvInd_a
se_2,1,h0107,0.18057130694903414,scr2000,avaConv,pvInd_a
se_2,1,h0108,0.28174168091532464,scr2000,avaConv,pvInd_a
se_2,1,h0109,0.27343187250928014,scr2000,avaConv,pvInd_a
se_2,1,h0110,0.23861981985907868,scr2000,avaConv,pvInd_a
se_2,1,h0111,0.1610835149600659,scr2000,avaConv,pvInd_a
se_2,1,h0112,0.1343585715645904,scr2000,avaConv,pvInd_a
se_2,1,h0113,0.07060092702361127,scr2000,avaConv,pvInd_a
se_2,1,h0114,0.022212957020141737,scr2000,avaConv,pvInd_a
se_2,1,h0115,0.0,scr2000,avaConv,pvInd_a
se_2,1,h0116,0.0,scr2000,avaConv,pvInd_a
se_2,1,h0117,0.0,scr2000,avaConv,pvInd_a
se_2,1,h0118,0.0,scr2000,avaConv,pvInd_a
se_2,1,h0119,0.0,scr2000,avaConv,pvInd_a
se_2,1,h0120,0.0,scr2000,avaConv,pvInd_a
se_2,1,h0121,0.0,scr2000,avaConv,pvInd_a
se_2,1,h0122,0.0,scr2000,avaConv,pvInd_a
se_2,1,h0123,0.0,scr2000,avaConv,pvInd_a
se_2,1,h0124,0.0,scr2000,avaConv,pvInd_a
se_2,1,h0125,0.0,scr2000,avaConv,pvInd_a
se_2,1,h0126,0.0,scr2000,avaConv,pvInd_a
se_2,1,h0127,0.0010046459511865679,scr2000,avaConv,pvInd_a
se_2,1,h0128,0.0690078906063611,scr2000,avaConv,pvInd_a
se_2,1,h0129,0.23272942522949333,scr2000,avaConv,pvInd_a
se_2,1,h0130,0.47929924645534433,scr2000,avaConv,pvInd_a
se_2,1,h0131,0.6720427154260676,scr2000,avaConv,pvInd_a
se_2,1,h0132,0.766964465877518,scr2000,avaConv,pvInd_a
se_2,1,h0133,0.6793700346621745,scr2000,avaConv,pvInd_a
se_2,1,h0134,0.5278187007508692,scr2000,avaConv,pvInd_a
se_2,1,h0135,0.34461322424204316,scr2000,avaConv,pvInd_a
se_2,1,h0136,0.22932961976210864,scr2000,avaConv,pvInd_a
se_2,1,h0137,0.11764884572950925,scr2000,avaConv,pvInd_a
se_2,1,h0138,0.04190790985300786,scr2000,avaConv,pvInd_a
se_2,1,h0139,0.006822303176428511,scr2000,avaConv,pvInd_a
se_2,1,h0140,0.0,scr2000,avaConv,pvInd_a
se_2,1,h0141,0.0,scr2000,avaConv,pvInd_a
se_2,1,h0142,0.0,scr2000,avaConv,pvInd_a
se_2,1,h0143,0.0,scr2000,avaConv,pvInd_a
se_2,1,h0144,0.0,scr2000,avaConv,pvInd_a
se_3,1,h0097,0.0,scr2000,avaConv,pvInd_a
se_3,1,h0098,0.0,scr2000,avaConv,pvInd_a
se_3,1,h0099,0.0,scr2000,avaConv,pvInd_a
se_3,1,h0100,0.0,scr2000,avaConv,pvInd_a
se_3,1,h0101,0.0,scr2000,avaConv,pvInd_a
se_3,1,h0102,0.0,scr2000,avaConv,pvInd_a
se_3,1,h0103,0.0,scr2000,avaConv,pvInd_a
se_3,1,h0104,0.016127982368284437,scr2000,avaConv,pvInd_a
se_3,1,h0105,0.07541508325677454,scr2000,avaConv,pvInd_a
se_3,1,h0106,0.17744459813822827,scr2000,avaConv,pvInd_a
se_3,1,h0107,0.27891283747201917,scr2000,avaConv,pvInd_a
se_3,1,h0108,0.34535910531086517,scr2000,avaConv,pvInd_a
se_3,1,h0109,0.2826660657782922,scr2000,avaConv,pvInd_a
se_3,1,h0110,0.20739843238346728,scr2000,avaConv,pvInd_a
se_3,1,h0111,0.11642454150122802,scr2000,avaConv,pvInd_a
se_3,1,h0112,0.09176001728446992,scr2000,avaConv,pvInd_a
se_3,1,h0113,0.04650717673449754,scr2000,avaConv,pvInd_a
se_3,1,h0114,0.014156024256561359,scr2000,avaConv,pvInd_a
se_3,1,h0115,0.0,scr2000,avaConv,pvInd_a
se_3,1,h0116,0.0,scr2000,avaConv,pvInd_a
se_3,1,h0117,0.0,scr2000,avaConv,pvInd_a
se_3,1,h0118,0.0,scr2000,avaConv,pvInd_a
se_3,1,h0119,0.0,scr2000,avaConv,pvInd_a
se_3,1,h0120,0.0,scr2000,avaConv,pvInd_a
se_3,1,h0121,0.0,scr2000,avaConv,pvInd_a
se_3,1,h0122,0.0,scr2000,avaConv,pvInd_a
se_3,1,h0123,0.0,scr2000,avaConv,pvInd_a
se_3,1,h0124,0.0,scr2000,avaConv,pvInd_a
se_3,1,h0125,0.0,scr2000,avaConv,pvInd_a
se_3,1,h0126,0.0,scr2000,avaConv,pvInd_a
se_3,1,h0127,0.00018930788282540373,scr2000,avaConv,pvInd_a
se_3,1,h0128,0.04798024294119038,scr2000,avaConv,pvInd_a
se_3,1,h0129,0.17985552637827248,scr2000,avaConv,pvInd_a
se_3,1,h0130,0.39654731515186764,scr2000,avaConv,pvInd_a
se_3,1,h0131,0.5974301971899988,scr2000,avaConv,pvInd_a
se_3,1,h0132,0.736243122780146,scr2000,avaConv,pvInd_a
se_3,1,h0133,0.6687369101062445,scr2000,avaConv,pvInd_a
se_3,1,h0134,0.5058917105875036,scr2000,avaConv,pvInd_a
se_3,1,h0135,0.2954054170733969,scr2000,avaConv,pvInd_a
se_3,1,h0136,0.18251476781263581,scr2000,avaConv,pvInd_a
se_3,1,h0137,0.09647770562374924,scr2000,avaConv,pvInd_a
se_3,1,h0138,0.036724866458637,scr2000,avaConv,pvInd_a
se_3,1,h0139,0.007198312692590371,scr2000,avaConv,pvInd_a
se_3,1,h0140,0.0,scr2000,avaConv,pvInd_a
se_3,1,h0141,0.0,scr2000,avaConv,pvInd_a
se_3,1,h0142,0.0,scr2000,avaConv,pvInd_a
se_3,1,h0143,0.0,scr2000,avaConv,pvInd_a
se_3,1,h0144,0.0,scr2000,avaConv,pvInd_a
se_4,1,h0097,0.0,scr2000,avaConv,pvInd_a
se_4,1,h0098,0.0,scr2000,avaConv,pvInd_a
se_4,1,h0099,0.0,scr2000,avaConv,pvInd_a
se_4,1,h0100,0.0,scr2000,avaConv,pvInd_a
se_4,1,h0101,0.0,scr2000,avaConv,pvInd_a
se_4,1,h0102,0.0,scr2000,avaConv,pvInd_a
se_4,1,h0103,0.0,scr2000,avaConv,pvInd_a
se_4,1,h0104,0.015190348071723104,scr2000,avaConv,pvInd_a
se_4,1,h0105,0.05725652914216942,scr2000,avaConv,pvInd_a
se_4,1,h0106,0.12428738770939682,scr2000,avaConv,pvInd_a
se_4,1,h0107,0.18013307156640984,scr2000,avaConv,pvInd_a
se_4,1,h0108,0.22663157696733555,scr2000,avaConv,pvInd_a
se_4,1,h0109,0.19292825218614615,scr2000,avaConv,pvInd_a
se_4,1,h0110,0.13732201308988173,scr2000,avaConv,pvInd_a
se_4,1,h0111,0.057648154102489906,scr2000,avaConv,pvInd_a
se_4,1,h0112,0.027442166577381456,scr2000,avaConv,pvInd_a
se_4,1,h0113,0.0098295782097913,scr2000,avaConv,pvInd_a
se_4,1,h0114,0.0022420347525893333,scr2000,avaConv,pvInd_a
se_4,1,h0115,0.0,scr2000,avaConv,pvInd_a
se_4,1,h0116,0.0,scr2000,avaConv,pvInd_a
se_4,1,h0117,0.0,scr2000,avaConv,pvInd_a
se_4,1,h0118,0.0,scr2000,avaConv,pvInd_a
se_4,1,h0119,0.0,scr2000,avaConv,pvInd_a
se_4,1,h0120,0.0,scr2000,avaConv,pvInd_a
se_4,1,h0121,0.0,scr2000,avaConv,pvInd_a
se_4,1,h0122,0.0,scr2000,avaConv,pvInd_a
se_4,1,h0123,0.0,scr2000,avaConv,pvInd_a
se_4,1,h0124,0.0,scr2000,avaConv,pvInd_a
se_4,1,h0125,0.0,scr2000,avaConv,pvInd_a
se_4,1,h0126,0.0,scr2000,avaConv,pvInd_a
se_4,1,h0127,0.0,scr2000,avaConv,pvInd_a
se_4,1,h0128,0.013790388880107467,scr2000,avaConv,pvInd_a
se_4,1,h0129,0.04905069424460824,scr2000,avaConv,pvInd_a
se_4,1,h0130,0.10132591378745079,scr2000,avaConv,pvInd_a
se_4,1,h0131,0.13959153631658108,scr2000,avaConv,pvInd_a
se_4,1,h0132,0.15647423554045306,scr2000,avaConv,pvInd_a
se_4,1,h0133,0.21736429968545504,scr2000,avaConv,pvInd_a
se_4,1,h0134,0.23100874124002185,scr2000,avaConv,pvInd_a
se_4,1,h0135,0.21448065545205894,scr2000,avaConv,pvInd_a
se_4,1,h0136,0.12002325884576741,scr2000,avaConv,pvInd_a
se_4,1,h0137,0.05967939100068217,scr2000,avaConv,pvInd_a
se_4,1,h0138,0.02254191934490667,scr2000,avaConv,pvInd_a
se_4,1,h0139,0.005088574959288728,scr2000,avaConv,pvInd_a
se_4,1,h0140,0.0,scr2000,avaConv,pvInd_a
se_4,1,h0141,0.0,scr2000,avaConv,pvInd_a
se_4,1,h0142,0.0,scr2000,avaConv,pvInd_a
se_4,1,h0143,0.0,scr2000,avaConv,pvInd_a
se_4,1,h0144,0.0,scr2000,avaConv,pvInd_a
si,1,h0097,0.0,scr2000,avaConv,pvInd_a
si,1,h0098,0.0,scr2000,avaConv,pvInd_a
si,1,h0099,0.0,scr2000,avaConv,pvInd_a
si,1,h0100,0.0,scr2000,avaConv,pvInd_a
si,1,h0101,0.0,scr2000,avaConv,pvInd_a
si,1,h0102,0.0,scr2000,avaConv,pvInd_a
si,1,h0103,0.0,scr2000,avaConv,pvInd_a
si,1,h0104,0.048717038528824586,scr2000,avaConv,pvInd_a
si,1,h0105,0.1658130934937348,scr2000,avaConv,pvInd_a
si,1,h0106,0.343719904998364,scr2000,avaConv,pvInd_a
si,1,h0107,0.5050727621429139,scr2000,avaConv,pvInd_a
si,1,h0108,0.6163684282937428,scr2000,avaConv,pvInd_a
si,1,h0109,0.6893255087610818,scr2000,avaConv,pvInd_a
si,1,h0110,0.6998821807682593,scr2000,avaConv,pvInd_a
si,1,h0111,0.6439511895404857,scr2000,avaConv,pvInd_a
si,1,h0112,0.49768045889037776,scr2000,avaConv,pvInd_a
si,1,h0113,0.3035452470142574,scr2000,avaConv,pvInd_a
si,1,h0114,0.1284120179446856,scr2000,avaConv,pvInd_a
si,1,h0115,0.02861176601516265,scr2000,avaConv,pvInd_a
si,1,h0116,0.0,scr2000,avaConv,pvInd_a
si,1,h0117,0.0,scr2000,avaConv,pvInd_a
si,1,h0118,0.0,scr2000,avaConv,pvInd_a
si,1,h0119,0.0,scr2000,avaConv,pvInd_a
si,1,h0120,0.0,scr2000,avaConv,pvInd_a
si,1,h0121,0.0,scr2000,avaConv,pvInd_a
si,1,h0122,0.0,scr2000,avaConv,pvInd_a
si,1,h0123,0.0,scr2000,avaConv,pvInd_a
si,1,h0124,0.0,scr2000,avaConv,pvInd_a
si,1,h0125,0.0,scr2000,avaConv,pvInd_a
si,1,h0126,0.0,scr2000,avaConv,pvInd_a
si,1,h0127,0.011483622650113986,scr2000,avaConv,pvInd_a
si,1,h0128,0.06827656949472512,scr2000,avaConv,pvInd_a
si,1,h0129,0.18560432420218784,scr2000,avaConv,pvInd_a
si,1,h0130,0.34475314891165065,scr2000,avaConv,pvInd_a
si,1,h0131,0.49313598485012144,scr2000,avaConv,pvInd_a
si,1,h0132,0.6026360731301832,scr2000,avaConv,pvInd_a
si,1,h0133,0.618034763788665,scr2000,avaConv,pvInd_a
si,1,h0134,0.557997724042925,scr2000,avaConv,pvInd_a
si,1,h0135,0.4552115873021027,scr2000,avaConv,pvInd_a
si,1,h0136,0.3582680809834329,scr2000,avaConv,pvInd_a
si,1,h0137,0.24529039853527843,scr2000,avaConv,pvInd_a
si,1,h0138,0.11939629591583888,scr2000,avaConv,pvInd_a
si,1,h0139,0.03237748789004552,scr2000,avaConv,pvInd_a
si,1,h0140,0.0,scr2000,avaConv,pvInd_a
si,1,h0141,0.0,scr2000,avaConv,pvInd_a
si,1,h0142,0.0,scr2000,avaConv,pvInd_a
si,1,h0143,0.0,scr2000,avaConv,pvInd_a
si,1,h0144,0.0,scr2000,avaConv,pvInd_a
sk,1,h0097,0.0,scr2000,avaConv,pvInd_a
sk,1,h0098,0.0,scr2000,avaConv,pvInd_a
sk,1,h0099,0.0,scr2000,avaConv,pvInd_a
sk,1,h0100,0.0,scr2000,avaConv,pvInd_a
sk,1,h0101,0.0,scr2000,avaConv,pvInd_a
sk,1,h0102,0.0,scr2000,avaConv,pvInd_a
sk,1,h0103,0.003086743985957659,scr2000,avaConv,pvInd_a
sk,1,h0104,0.021268558975955747,scr2000,avaConv,pvInd_a
sk,1,h0105,0.054004561662551236,scr2000,avaConv,pvInd_a
sk,1,h0106,0.08406020736794477,scr2000,avaConv,pvInd_a
sk,1,h0107,0.10092453434749742,scr2000,avaConv,pvInd_a
sk,1,h0108,0.11581766702135388,scr2000,avaConv,pvInd_a
sk,1,h0109,0.3329116089782739,scr2000,avaConv,pvInd_a
sk,1,h0110,0.5093914773164242,scr2000,avaConv,pvInd_a
sk,1,h0111,0.6170288705328155,scr2000,avaConv,pvInd_a
sk,1,h0112,0.4570149699644929,scr2000,avaConv,pvInd_a
sk,1,h0113,0.26027955729640617,scr2000,avaConv,pvInd_a
sk,1,h0114,0.10207082438673648,scr2000,avaConv,pvInd_a
sk,1,h0115,0.0150186198933305,scr2000,avaConv,pvInd_a
sk,1,h0116,0.0,scr2000,avaConv,pvInd_a
sk,1,h0117,0.0,scr2000,avaConv,pvInd_a
sk,1,h0118,0.0,scr2000,avaConv,pvInd_a
sk,1,h0119,0.0,scr2000,avaConv,pvInd_a
sk,1,h0120,0.0,scr2000,avaConv,pvInd_a
sk,1,h0121,0.0,scr2000,avaConv,pvInd_a
sk,1,h0122,0.0,scr2000,avaConv,pvInd_a
sk,1,h0123,0.0,scr2000,avaConv,pvInd_a
sk,1,h0124,0.0,scr2000,avaConv,pvInd_a
sk,1,h0125,0.0,scr2000,avaConv,pvInd_a
sk,1,h0126,0.0,scr2000,avaConv,pvInd_a
sk,1,h0127,0.0116332888925529,scr2000,avaConv,pvInd_a
sk,1,h0128,0.06432722529349491,scr2000,avaConv,pvInd_a
sk,1,h0129,0.15789127174715534,scr2000,avaConv,pvInd_a
sk,1,h0130,0.2450896690112222,scr2000,avaConv,pvInd_a
sk,1,h0131,0.26829434167973065,scr2000,avaConv,pvInd_a
sk,1,h0132,0.2240071580323803,scr2000,avaConv,pvInd_a
sk,1,h0133,0.34682893489202815,scr2000,avaConv,pvInd_a
sk,1,h0134,0.48849494819218164,scr2000,avaConv,pvInd_a
sk,1,h0135,0.6115683100506352,scr2000,avaConv,pvInd_a
sk,1,h0136,0.4965518049136331,scr2000,avaConv,pvInd_a
sk,1,h0137,0.31093954922677547,scr2000,avaConv,pvInd_a
sk,1,h0138,0.13672169849282023,scr2000,avaConv,pvInd_a
sk,1,h0139,0.030896602500380572,scr2000,avaConv,pvInd_a
sk,1,h0140,0.0,scr2000,avaConv,pvInd_a
sk,1,h0141,0.0,scr2000,avaConv,pvInd_a
sk,1,h0142,0.0,scr2000,avaConv,pvInd_a
sk,1,h0143,0.0,scr2000,avaConv,pvInd_a
sk,1,h0144,0.0,scr2000,avaConv,pvInd_a
uk,1,h0097,0.0,scr2000,avaConv,pvInd_a
uk,1,h0098,0.0,scr2000,avaConv,pvInd_a
uk,1,h0099,0.0,scr2000,avaConv,pvInd_a
uk,1,h0100,0.0,scr2000,avaConv,pvInd_a
uk,1,h0101,0.0,scr2000,avaConv,pvInd_a
uk,1,h0102,0.0,scr2000,avaConv,pvInd_a
uk,1,h0103,0.0,scr2000,avaConv,pvInd_a
uk,1,h0104,0.0,scr2000,avaConv,pvInd_a
uk,1,h0105,0.03877837275443594,scr2000,avaConv,pvInd_a
uk,1,h0106,0.1513966132544787,scr2000,avaConv,pvInd_a
uk,1,h0107,0.3321119762016167,scr2000,avaConv,pvInd_a
uk,1,h0108,0.49691185111353714,scr2000,avaConv,pvInd_a
uk,1,h0109,0.5599890966892439,scr2000,avaConv,pvInd_a
uk,1,h0110,0.5624203965282903,scr2000,avaConv,pvInd_a
uk,1,h0111,0.5125984902769923,scr2000,avaConv,pvInd_a
uk,1,h0112,0.44647238877600826,scr2000,avaConv,pvInd_a
uk,1,h0113,0.33465679667834874,scr2000,avaConv,pvInd_a
uk,1,h0114,0.19963829455502718,scr2000,avaConv,pvInd_a
uk,1,h0115,0.08509828080526974,scr2000,avaConv,pvInd_a
uk,1,h0116,0.01973966018841234,scr2000,avaConv,pvInd_a
uk,1,h0117,0.0,scr2000,avaConv,pvInd_a
uk,1,h0118,0.0,scr2000,avaConv,pvInd_a
uk,1,h0119,0.0,scr2000,avaConv,pvInd_a
uk,1,h0120,0.0,scr2000,avaConv,pvInd_a
uk,1,h0121,0.0,scr2000,avaConv,pvInd_a
uk,1,h0122,0.0,scr2000,avaConv,pvInd_a
uk,1,h0123,0.0,scr2000,avaConv,pvInd_a
uk,1,h0124,0.0,scr2000,avaConv,pvInd_a
uk,1,h0125,0.0,scr2000,avaConv,pvInd_a
uk,1,h0126,0.0,scr2000,avaConv,pvInd_a
uk,1,h0127,0.0,scr2000,avaConv,pvInd_a
uk,1,h0128,0.0008787631192419173,scr2000,avaConv,pvInd_a
uk,1,h0129,0.020308408018883072,scr2000,avaConv,pvInd_a
uk,1,h0130,0.07080228917179296,scr2000,avaConv,pvInd_a
uk,1,h0131,0.14507454267014078,scr2000,avaConv,pvInd_a
uk,1,h0132,0.20441166996608345,scr2000,avaConv,pvInd_a
uk,1,h0133,0.37322928938326594,scr2000,avaConv,pvInd_a
uk,1,h0134,0.5200415169238486,scr2000,avaConv,pvInd_a
uk,1,h0135,0.6374774040824118,scr2000,avaConv,pvInd_a
uk,1,h0136,0.5592104675008138,scr2000,avaConv,pvInd_a
uk,1,h0137,0.4283135924512508,scr2000,avaConv,pvInd_a
uk,1,h0138,0.26290997204528876,scr2000,avaConv,pvInd_a
uk,1,h0139,0.11253580995091697,scr2000,avaConv,pvInd_a
uk,1,h0140,0.02621282402033332,scr2000,avaConv,pvInd_a
uk,1,h0141,0.0,scr2000,avaConv,pvInd_a
uk,1,h0142,0.0,scr2000,avaConv,pvInd_a
uk,1,h0143,0.0,scr2000,avaConv,pvInd_a
uk,1,h0144,0.0,scr2000,avaConv,pvInd_a
ni,1,h0097,0.0,scr2000,avaConv,pvInd_a
ni,1,h0098,0.0,scr2000,avaConv,pvInd_a
ni,1,h0099,0.0,scr2000,avaConv,pvInd_a
ni,1,h0100,0.0,scr2000,avaConv,pvInd_a
ni,1,h0101,0.0,scr2000,avaConv,pvInd_a
ni,1,h0102,0.0,scr2000,avaConv,pvInd_a
ni,1,h0103,0.0,scr2000,avaConv,pvInd_a
ni,1,h0104,0.0,scr2000,avaConv,pvInd_a
ni,1,h0105,0.021321786727351754,scr2000,avaConv,pvInd_a
ni,1,h0106,0.1102807043000266,scr2000,avaConv,pvInd_a
ni,1,h0107,0.28419357862639494,scr2000,avaConv,pvInd_a
ni,1,h0108,0.4965277057695996,scr2000,avaConv,pvInd_a
ni,1,h0109,0.6416138693456973,scr2000,avaConv,pvInd_a
ni,1,h0110,0.6717708945557234,scr2000,avaConv,pvInd_a
ni,1,h0111,0.5897727327559213,scr2000,avaConv,pvInd_a
ni,1,h0112,0.4649309194254712,scr2000,avaConv,pvInd_a
ni,1,h0113,0.34501294523733905,scr2000,avaConv,pvInd_a
ni,1,h0114,0.22374915294377096,scr2000,avaConv,pvInd_a
ni,1,h0115,0.10796886222989265,scr2000,avaConv,pvInd_a
ni,1,h0116,0.028178077372500686,scr2000,avaConv,pvInd_a
ni,1,h0117,0.0,scr2000,avaConv,pvInd_a
ni,1,h0118,0.0,scr2000,avaConv,pvInd_a
ni,1,h0119,0.0,scr2000,avaConv,pvInd_a
ni,1,h0120,0.0,scr2000,avaConv,pvInd_a
ni,1,h0121,0.0,scr2000,avaConv,pvInd_a
ni,1,h0122,0.0,scr2000,avaConv,pvInd_a
ni,1,h0123,0.0,scr2000,avaConv,pvInd_a
ni,1,h0124,0.0,scr2000,avaConv,pvInd_a
ni,1,h0125,0.0,scr2000,avaConv,pvInd_a
ni,1,h0126,0.0,scr2000,avaConv,pvInd_a
ni,1,h0127,0.0,scr2000,avaConv,pvInd_a
ni,1,h0128,0.0,scr2000,avaConv,pvInd_a
ni,1,h0129,0.002744319477190297,scr2000,avaConv,pvInd_a
ni,1,h0130,0.022726390068960337,scr2000,avaConv,pvInd_a
ni,1,h0131,0.059923943212987246,scr2000,avaConv,pvInd_a
ni,1,h0132,0.1064996499777625,scr2000,avaConv,pvInd_a
ni,1,h0133,0.16276074876882818,scr2000,avaConv,pvInd_a
ni,1,h0134,0.2416534354372454,scr2000,avaConv,pvInd_a
ni,1,h0135,0.3341721268982708,scr2000,avaConv,pvInd_a
ni,1,h0136,0.35599846628978105,scr2000,avaConv,pvInd_a
ni,1,h0137,0.2957528510884837,scr2000,avaConv,pvInd_a
ni,1,h0138,0.1774876057146628,scr2000,avaConv,pvInd_a
ni,1,h0139,0.07641778630786415,scr2000,avaConv,pvInd_a
ni,1,h0140,0.020239075081531558,scr2000,avaConv,pvInd_a
ni,1,h0141,0.0,scr2000,avaConv,pvInd_a
ni,1,h0142,0.0,scr2000,avaConv,pvInd_a
ni,1,h0143,0.0,scr2000,avaConv,pvInd_a
ni,1,h0144,0.0,scr2000,avaConv,pvInd_a
al,2,h0097,0.0,scr2000,avaConv,pvInd_b
al,2,h0098,0.0,scr2000,avaConv,pvInd_b
al,2,h0099,0.0,scr2000,avaConv,pvInd_b
al,2,h0100,0.0,scr2000,avaConv,pvInd_b
al,2,h0101,0.0,scr2000,avaConv,pvInd_b
al,2,h0102,0.0,scr2000,avaConv,pvInd_b
al,2,h0103,0.01957203287919552,scr2000,avaConv,pvInd_b
al,2,h0104,0.10259221986996171,scr2000,avaConv,pvInd_b
al,2,h0105,0.26087886469853155,scr2000,avaConv,pvInd_b
al,2,h0106,0.4518362602381868,scr2000,avaConv,pvInd_b
al,2,h0107,0.6030784146042795,scr2000,avaConv,pvInd_b
al,2,h0108,0.6918744366036593,scr2000,avaConv,pvInd_b
al,2,h0109,0.6961940069910678,scr2000,avaConv,pvInd_b
al,2,h0110,0.6325206758093183,scr2000,avaConv,pvInd_b
al,2,h0111,0.5094265030802051,scr2000,avaConv,pvInd_b
al,2,h0112,0.3559728641280328,scr2000,avaConv,pvInd_b
al,2,h0113,0.19071116360039944,scr2000,avaConv,pvInd_b
al,2,h0114,0.06836882135836893,scr2000,avaConv,pvInd_b
al,2,h0115,0.010174626852839104,scr2000,avaConv,pvInd_b
al,2,h0116,0.0,scr2000,avaConv,pvInd_b
al,2,h0117,0.0,scr2000,avaConv,pvInd_b
al,2,h0118,0.0,scr2000,avaConv,pvInd_b
al,2,h0119,0.0,scr2000,avaConv,pvInd_b
al,2,h0120,0.0,scr2000,avaConv,pvInd_b
al,2,h0121,0.0,scr2000,avaConv,pvInd_b
al,2,h0122,0.0,scr2000,avaConv,pvInd_b
al,2,h0123,0.0,scr2000,avaConv,pvInd_b
al,2,h0124,0.0,scr2000,avaConv,pvInd_b
al,2,h0125,0.0,scr2000,avaConv,pvInd_b
al,2,h0126,0.0,scr2000,avaConv,pvInd_b
al,2,h0127,0.01838984832159532,scr2000,avaConv,pvInd_b
al,2,h0128,0.08561855256755774,scr2000,avaConv,pvInd_b
al,2,h0129,0.21718193523025797,scr2000,avaConv,pvInd_b
al,2,h0130,0.38104899918107515,scr2000,avaConv,pvInd_b
al,2,h0131,0.5180436584093352,scr2000,avaConv,pvInd_b
al,2,h0132,0.5988455276697663,scr2000,avaConv,pvInd_b
al,2,h0133,0.4868092693895517,scr2000,avaConv,pvInd_b
al,2,h0134,0.3321263514257397,scr2000,avaConv,pvInd_b
al,2,h0135,0.16768794287836378,scr2000,avaConv,pvInd_b
al,2,h0136,0.11176455969091006,scr2000,avaConv,pvInd_b
al,2,h0137,0.06215215430234929,scr2000,avaConv,pvInd_b
al,2,h0138,0.022255110204015677,scr2000,avaConv,pvInd_b
al,2,h0139,0.0037905794576011723,scr2000,avaConv,pvInd_b
al,2,h0140,0.0,scr2000,avaConv,pvInd_b
al,2,h0141,0.0,scr2000,avaConv,pvInd_b
al,2,h0142,0.0,scr2000,avaConv,pvInd_b
al,2,h0143,0.0,scr2000,avaConv,pvInd_b
al,2,h0144,0.0,scr2000,avaConv,pvInd_b
at,2,h0097,0.0,scr2000,avaConv,pvInd_b
at,2,h0098,0.0,scr2000,avaConv,pvInd_b
at,2,h0099,0.0,scr2000,avaConv,pvInd_b
at,2,h0100,0.0,scr2000,avaConv,pvInd_b
at,2,h0101,0.0,scr2000,avaConv,pvInd_b
at,2,h0102,0.0,scr2000,avaConv,pvInd_b
at,2,h0103,0.0,scr2000,avaConv,pvInd_b
at,2,h0104,0.013098334617686131,scr2000,avaConv,pvInd_b
at,2,h0105,0.05403712172953306,scr2000,avaConv,pvInd_b
at,2,h0106,0.13640582173719135,scr2000,avaConv,pvInd_b
at,2,h0107,0.25670048437617926,scr2000,avaConv,pvInd_b
at,2,h0108,0.39200208760571215,scr2000,avaConv,pvInd_b
at,2,h0109,0.5546762367687664,scr2000,avaConv,pvInd_b
at,2,h0110,0.6365756923926176,scr2000,avaConv,pvInd_b
at,2,h0111,0.620137827309559,scr2000,avaConv,pvInd_b
at,2,h0112,0.45890376930695714,scr2000,avaConv,pvInd_b
at,2,h0113,0.2534006563424195,scr2000,avaConv,pvInd_b
at,2,h0114,0.09076915490832102,scr2000,avaConv,pvInd_b
at,2,h0115,0.014912585864128596,scr2000,avaConv,pvInd_b
at,2,h0116,0.0,scr2000,avaConv,pvInd_b
at,2,h0117,0.0,scr2000,avaConv,pvInd_b
at,2,h0118,0.0,scr2000,avaConv,pvInd_b
at,2,h0119,0.0,scr2000,avaConv,pvInd_b
at,2,h0120,0.0,scr2000,avaConv,pvInd_b
at,2,h0121,0.0,scr2000,avaConv,pvInd_b
at,2,h0122,0.0,scr2000,avaConv,pvInd_b
at,2,h0123,0.0,scr2000,avaConv,pvInd_b
at,2,h0124,0.0,scr2000,avaConv,pvInd_b
at,2,h0125,0.0,scr2000,avaConv,pvInd_b
at,2,h0126,0.0,scr2000,avaConv,pvInd_b
at,2,h0127,0.004319104872933001,scr2000,avaConv,pvInd_b
at,2,h0128,0.03268530077818837,scr2000,avaConv,pvInd_b
at,2,h0129,0.1080947885729788,scr2000,avaConv,pvInd_b
at,2,h0130,0.23764483325104693,scr2000,avaConv,pvInd_b
at,2,h0131,0.3916950232077494,scr2000,avaConv,pvInd_b
at,2,h0132,0.520270372871547,scr2000,avaConv,pvInd_b
at,2,h0133,0.5169649787572237,scr2000,avaConv,pvInd_b
at,2,h0134,0.4627273878124745,scr2000,avaConv,pvInd_b
at,2,h0135,0.3749799696291146,scr2000,avaConv,pvInd_b
at,2,h0136,0.3186998520427028,scr2000,avaConv,pvInd_b
at,2,h0137,0.207238012403983,scr2000,avaConv,pvInd_b
at,2,h0138,0.08837391153121071,scr2000,avaConv,pvInd_b
at,2,h0139,0.018526170720921446,scr2000,avaConv,pvInd_b
at,2,h0140,0.0,scr2000,avaConv,pvInd_b
at,2,h0141,0.0,scr2000,avaConv,pvInd_b
at,2,h0142,0.0,scr2000,avaConv,pvInd_b
at,2,h0143,0.0,scr2000,avaConv,pvInd_b
at,2,h0144,0.0,scr2000,avaConv,pvInd_b
ba,2,h0097,0.0,scr2000,avaConv,pvInd_b
ba,2,h0098,0.0,scr2000,avaConv,pvInd_b
ba,2,h0099,0.0,scr2000,avaConv,pvInd_b
ba,2,h0100,0.0,scr2000,avaConv,pvInd_b
ba,2,h0101,0.0,scr2000,avaConv,pvInd_b
ba,2,h0102,0.0,scr2000,avaConv,pvInd_b
ba,2,h0103,0.011659153730260581,scr2000,avaConv,pvInd_b
ba,2,h0104,0.07813213073343225,scr2000,avaConv,pvInd_b
ba,2,h0105,0.22584333883852073,scr2000,avaConv,pvInd_b
ba,2,h0106,0.4270062935386045,scr2000,avaConv,pvInd_b
ba,2,h0107,0.5997227135306269,scr2000,avaConv,pvInd_b
ba,2,h0108,0.6999976902817291,scr2000,avaConv,pvInd_b
ba,2,h0109,0.7536381257815953,scr2000,avaConv,pvInd_b
ba,2,h0110,0.7382208518285105,scr2000,avaConv,pvInd_b
ba,2,h0111,0.6544882257680935,scr2000,avaConv,pvInd_b
ba,2,h0112,0.47166369332190583,scr2000,avaConv,pvInd_b
ba,2,h0113,0.2578179710500325,scr2000,avaConv,pvInd_b
ba,2,h0114,0.09270137437800736,scr2000,avaConv,pvInd_b
ba,2,h0115,0.015007822352465889,scr2000,avaConv,pvInd_b
ba,2,h0116,0.0,scr2000,avaConv,pvInd_b
ba,2,h0117,0.0,scr2000,avaConv,pvInd_b
ba,2,h0118,0.0,scr2000,avaConv,pvInd_b
ba,2,h0119,0.0,scr2000,avaConv,pvInd_b
ba,2,h0120,0.0,scr2000,avaConv,pvInd_b
ba,2,h0121,0.0,scr2000,avaConv,pvInd_b
ba,2,h0122,0.0,scr2000,avaConv,pvInd_b
ba,2,h0123,0.0,scr2000,avaConv,pvInd_b
ba,2,h0124,0.0,scr2000,avaConv,pvInd_b
ba,2,h0125,0.0,scr2000,avaConv,pvInd_b
ba,2,h0126,0.0,scr2000,avaConv,pvInd_b
ba,2,h0127,0.01157663423367931,scr2000,avaConv,pvInd_b
ba,2,h0128,0.06257700740190972,scr2000,avaConv,pvInd_b
ba,2,h0129,0.16404549874855617,scr2000,avaConv,pvInd_b
ba,2,h0130,0.2945562851537644,scr2000,avaConv,pvInd_b
ba,2,h0131,0.4147076996128505,scr2000,avaConv,pvInd_b
ba,2,h0132,0.5126941543314248,scr2000,avaConv,pvInd_b
ba,2,h0133,0.5611978358629696,scr2000,avaConv,pvInd_b
ba,2,h0134,0.5564932496853514,scr2000,avaConv,pvInd_b
ba,2,h0135,0.4899686037877336,scr2000,avaConv,pvInd_b
ba,2,h0136,0.370793752218518,scr2000,avaConv,pvInd_b
ba,2,h0137,0.21566881554365933,scr2000,avaConv,pvInd_b
ba,2,h0138,0.08256214470130026,scr2000,avaConv,pvInd_b
ba,2,h0139,0.015070525607026534,scr2000,avaConv,pvInd_b
ba,2,h0140,0.0,scr2000,avaConv,pvInd_b
ba,2,h0141,0.0,scr2000,avaConv,pvInd_b
ba,2,h0142,0.0,scr2000,avaConv,pvInd_b
ba,2,h0143,0.0,scr2000,avaConv,pvInd_b
ba,2,h0144,0.0,scr2000,avaConv,pvInd_b
be,2,h0097,0.0,scr2000,avaConv,pvInd_b
be,2,h0098,0.0,scr2000,avaConv,pvInd_b
be,2,h0099,0.0,scr2000,avaConv,pvInd_b
be,2,h0100,0.0,scr2000,avaConv,pvInd_b
be,2,h0101,0.0,scr2000,avaConv,pvInd_b
be,2,h0102,0.0,scr2000,avaConv,pvInd_b
be,2,h0103,0.0,scr2000,avaConv,pvInd_b
be,2,h0104,0.0,scr2000,avaConv,pvInd_b
be,2,h0105,0.007956206215638927,scr2000,avaConv,pvInd_b
be,2,h0106,0.044932857706951705,scr2000,avaConv,pvInd_b
be,2,h0107,0.1295344717907082,scr2000,avaConv,pvInd_b
be,2,h0108,0.24743118529404204,scr2000,avaConv,pvInd_b
be,2,h0109,0.21323163648495994,scr2000,avaConv,pvInd_b
be,2,h0110,0.1385825558842548,scr2000,avaConv,pvInd_b
be,2,h0111,0.05118206699174863,scr2000,avaConv,pvInd_b
be,2,h0112,0.06976006616897892,scr2000,avaConv,pvInd_b
be,2,h0113,0.07814376871215135,scr2000,avaConv,pvInd_b
be,2,h0114,0.05143217699071078,scr2000,avaConv,pvInd_b
be,2,h0115,0.018426646282884464,scr2000,avaConv,pvInd_b
be,2,h0116,0.0007131302880629653,scr2000,avaConv,pvInd_b
be,2,h0117,0.0,scr2000,avaConv,pvInd_b
be,2,h0118,0.0,scr2000,avaConv,pvInd_b
be,2,h0119,0.0,scr2000,avaConv,pvInd_b
be,2,h0120,0.0,scr2000,avaConv,pvInd_b
be,2,h0121,0.0,scr2000,avaConv,pvInd_b
be,2,h0122,0.0,scr2000,avaConv,pvInd_b
be,2,h0123,0.0,scr2000,avaConv,pvInd_b
be,2,h0124,0.0,scr2000,avaConv,pvInd_b
be,2,h0125,0.0,scr2000,avaConv,pvInd_b
be,2,h0126,0.0,scr2000,avaConv,pvInd_b
be,2,h0127,0.0,scr2000,avaConv,pvInd_b
be,2,h0128,0.0005171598769612761,scr2000,avaConv,pvInd_b
be,2,h0129,0.00665474927212237,scr2000,avaConv,pvInd_b
be,2,h0130,0.01997271174843107,scr2000,avaConv,pvInd_b
be,2,h0131,0.042655683890813874,scr2000,avaConv,pvInd_b
be,2,h0132,0.07921520296319444,scr2000,avaConv,pvInd_b
be,2,h0133,0.13147748083874827,scr2000,avaConv,pvInd_b
be,2,h0134,0.17347021933170867,scr2000,avaConv,pvInd_b
be,2,h0135,0.18993737022580934,scr2000,avaConv,pvInd_b
be,2,h0136,0.17291404940925176,scr2000,avaConv,pvInd_b
be,2,h0137,0.13595475537415672,scr2000,avaConv,pvInd_b
be,2,h0138,0.07761309372249221,scr2000,avaConv,pvInd_b
be,2,h0139,0.028004463703440004,scr2000,avaConv,pvInd_b
be,2,h0140,0.004175427034280633,scr2000,avaConv,pvInd_b
be,2,h0141,0.0,scr2000,avaConv,pvInd_b
be,2,h0142,0.0,scr2000,avaConv,pvInd_b
be,2,h0143,0.0,scr2000,avaConv,pvInd_b
be,2,h0144,0.0,scr2000,avaConv,pvInd_b
bg,2,h0097,0.0,scr2000,avaConv,pvInd_b
bg,2,h0098,0.0,scr2000,avaConv,pvInd_b
bg,2,h0099,0.0,scr2000,avaConv,pvInd_b
bg,2,h0100,0.0,scr2000,avaConv,pvInd_b
bg,2,h0101,0.0,scr2000,avaConv,pvInd_b
bg,2,h0102,0.0,scr2000,avaConv,pvInd_b
bg,2,h0103,0.027885546492845584,scr2000,avaConv,pvInd_b
bg,2,h0104,0.13269203729819332,scr2000,avaConv,pvInd_b
bg,2,h0105,0.33297502274416424,scr2000,avaConv,pvInd_b
bg,2,h0106,0.5624974198390993,scr2000,avaConv,pvInd_b
bg,2,h0107,0.7346745016513259,scr2000,avaConv,pvInd_b
bg,2,h0108,0.8213157009285366,scr2000,avaConv,pvInd_b
bg,2,h0109,0.7329604279231501,scr2000,avaConv,pvInd_b
bg,2,h0110,0.5800492554464043,scr2000,avaConv,pvInd_b
bg,2,h0111,0.38683696361617287,scr2000,avaConv,pvInd_b
bg,2,h0112,0.2465875854426242,scr2000,avaConv,pvInd_b
bg,2,h0113,0.11015967354550507,scr2000,avaConv,pvInd_b
bg,2,h0114,0.02828125078005347,scr2000,avaConv,pvInd_b
bg,2,h0115,0.0,scr2000,avaConv,pvInd_b
bg,2,h0116,0.0,scr2000,avaConv,pvInd_b
bg,2,h0117,0.0,scr2000,avaConv,pvInd_b
bg,2,h0118,0.0,scr2000,avaConv,pvInd_b
bg,2,h0119,0.0,scr2000,avaConv,pvInd_b
bg,2,h0120,0.0,scr2000,avaConv,pvInd_b
bg,2,h0121,0.0,scr2000,avaConv,pvInd_b
bg,2,h0122,0.0,scr2000,avaConv,pvInd_b
bg,2,h0123,0.0,scr2000,avaConv,pvInd_b
bg,2,h0124,0.0,scr2000,avaConv,pvInd_b
bg,2,h0125,0.0,scr2000,avaConv,pvInd_b
bg,2,h0126,0.0,scr2000,avaConv,pvInd_b
bg,2,h0127,0.030206397957172667,scr2000,avaConv,pvInd_b
bg,2,h0128,0.13023491784148306,scr2000,avaConv,pvInd_b
bg,2,h0129,0.3155365853265254,scr2000,avaConv,pvInd_b
bg,2,h0130,0.5229084446454039,scr2000,avaConv,pvInd_b
bg,2,h0131,0.6809029709058513,scr2000,avaConv,pvInd_b
bg,2,h0132,0.748326219568172,scr2000,avaConv,pvInd_b
bg,2,h0133,0.6460122644603962,scr2000,avaConv,pvInd_b
bg,2,h0134,0.5173000609574352,scr2000,avaConv,pvInd_b
bg,2,h0135,0.3789035966913888,scr2000,avaConv,pvInd_b
bg,2,h0136,0.28606349220438576,scr2000,avaConv,pvInd_b
bg,2,h0137,0.15241980396795388,scr2000,avaConv,pvInd_b
bg,2,h0138,0.04905523646548086,scr2000,avaConv,pvInd_b
bg,2,h0139,0.004272689461252845,scr2000,avaConv,pvInd_b
bg,2,h0140,0.0,scr2000,avaConv,pvInd_b
bg,2,h0141,0.0,scr2000,avaConv,pvInd_b
bg,2,h0142,0.0,scr2000,avaConv,pvInd_b
bg,2,h0143,0.0,scr2000,avaConv,pvInd_b
bg,2,h0144,0.0,scr2000,avaConv,pvInd_b
ch,2,h0097,0.0,scr2000,avaConv,pvInd_b
ch,2,h0098,0.0,scr2000,avaConv,pvInd_b
ch,2,h0099,0.0,scr2000,avaConv,pvInd_b
ch,2,h0100,0.0,scr2000,avaConv,pvInd_b
ch,2,h0101,0.0,scr2000,avaConv,pvInd_b
ch,2,h0102,0.0,scr2000,avaConv,pvInd_b
ch,2,h0103,0.0,scr2000,avaConv,pvInd_b
ch,2,h0104,0.010387989425965546,scr2000,avaConv,pvInd_b
ch,2,h0105,0.05666862600098631,scr2000,avaConv,pvInd_b
ch,2,h0106,0.1542328346102393,scr2000,avaConv,pvInd_b
ch,2,h0107,0.2796980424643617,scr2000,avaConv,pvInd_b
ch,2,h0108,0.3647438632843081,scr2000,avaConv,pvInd_b
ch,2,h0109,0.5049398048687924,scr2000,avaConv,pvInd_b
ch,2,h0110,0.5911264416500256,scr2000,avaConv,pvInd_b
ch,2,h0111,0.6408439446298656,scr2000,avaConv,pvInd_b
ch,2,h0112,0.5181790385709322,scr2000,avaConv,pvInd_b
ch,2,h0113,0.34083172065289324,scr2000,avaConv,pvInd_b
ch,2,h0114,0.15310865890681347,scr2000,avaConv,pvInd_b
ch,2,h0115,0.03936885609938038,scr2000,avaConv,pvInd_b
ch,2,h0116,0.0,scr2000,avaConv,pvInd_b
ch,2,h0117,0.0,scr2000,avaConv,pvInd_b
ch,2,h0118,0.0,scr2000,avaConv,pvInd_b
ch,2,h0119,0.0,scr2000,avaConv,pvInd_b
ch,2,h0120,0.0,scr2000,avaConv,pvInd_b
ch,2,h0121,0.0,scr2000,avaConv,pvInd_b
ch,2,h0122,0.0,scr2000,avaConv,pvInd_b
ch,2,h0123,0.0,scr2000,avaConv,pvInd_b
ch,2,h0124,0.0,scr2000,avaConv,pvInd_b
ch,2,h0125,0.0,scr2000,avaConv,pvInd_b
ch,2,h0126,0.0,scr2000,avaConv,pvInd_b
ch,2,h0127,0.0,scr2000,avaConv,pvInd_b
ch,2,h0128,0.017149005208305836,scr2000,avaConv,pvInd_b
ch,2,h0129,0.08454705367641008,scr2000,avaConv,pvInd_b
ch,2,h0130,0.22267049058585728,scr2000,avaConv,pvInd_b
ch,2,h0131,0.3828075800356573,scr2000,avaConv,pvInd_b
ch,2,h0132,0.5144588604325248,scr2000,avaConv,pvInd_b
ch,2,h0133,0.5631341824407821,scr2000,avaConv,pvInd_b
ch,2,h0134,0.5554047090194721,scr2000,avaConv,pvInd_b
ch,2,h0135,0.48601801707424813,scr2000,avaConv,pvInd_b
ch,2,h0136,0.39599729880871076,scr2000,avaConv,pvInd_b
ch,2,h0137,0.2785547534332271,scr2000,avaConv,pvInd_b
ch,2,h0138,0.1509344799480243,scr2000,avaConv,pvInd_b
ch,2,h0139,0.05509139771929447,scr2000,avaConv,pvInd_b
ch,2,h0140,0.007218827674381987,scr2000,avaConv,pvInd_b
ch,2,h0141,0.0,scr2000,avaConv,pvInd_b
ch,2,h0142,0.0,scr2000,avaConv,pvInd_b
ch,2,h0143,0.0,scr2000,avaConv,pvInd_b
ch,2,h0144,0.0,scr2000,avaConv,pvInd_b
cz,2,h0097,0.0,scr2000,avaConv,pvInd_b
cz,2,h0098,0.0,scr2000,avaConv,pvInd_b
cz,2,h0099,0.0,scr2000,avaConv,pvInd_b
cz,2,h0100,0.0,scr2000,avaConv,pvInd_b
cz,2,h0101,0.0,scr2000,avaConv,pvInd_b
cz,2,h0102,0.0,scr2000,avaConv,pvInd_b
cz,2,h0103,0.0,scr2000,avaConv,pvInd_b
cz,2,h0104,0.00229028532275715,scr2000,avaConv,pvInd_b
cz,2,h0105,0.013659691448710437,scr2000,avaConv,pvInd_b
cz,2,h0106,0.03639083731022719,scr2000,avaConv,pvInd_b
cz,2,h0107,0.06320641621257328,scr2000,avaConv,pvInd_b
cz,2,h0108,0.07832945108133738,scr2000,avaConv,pvInd_b
cz,2,h0109,0.2898076837612442,scr2000,avaConv,pvInd_b
cz,2,h0110,0.4699217718539552,scr2000,avaConv,pvInd_b
cz,2,h0111,0.6033295846161573,scr2000,avaConv,pvInd_b
cz,2,h0112,0.4562857892177404,scr2000,avaConv,pvInd_b
cz,2,h0113,0.27368677042035483,scr2000,avaConv,pvInd_b
cz,2,h0114,0.11545189399731748,scr2000,avaConv,pvInd_b
cz,2,h0115,0.02590795787608784,scr2000,avaConv,pvInd_b
cz,2,h0116,0.0,scr2000,avaConv,pvInd_b
cz,2,h0117,0.0,scr2000,avaConv,pvInd_b
cz,2,h0118,0.0,scr2000,avaConv,pvInd_b
cz,2,h0119,0.0,scr2000,avaConv,pvInd_b
cz,2,h0120,0.0,scr2000,avaConv,pvInd_b
cz,2,h0121,0.0,scr2000,avaConv,pvInd_b
cz,2,h0122,0.0,scr2000,avaConv,pvInd_b
cz,2,h0123,0.0,scr2000,avaConv,pvInd_b
cz,2,h0124,0.0,scr2000,avaConv,pvInd_b
cz,2,h0125,0.0,scr2000,avaConv,pvInd_b
cz,2,h0126,0.0,scr2000,avaConv,pvInd_b
cz,2,h0127,0.003595473503693553,scr2000,avaConv,pvInd_b
cz,2,h0128,0.0193731060907442,scr2000,avaConv,pvInd_b
cz,2,h0129,0.041401130843325945,scr2000,avaConv,pvInd_b
cz,2,h0130,0.0640750158277653,scr2000,avaConv,pvInd_b
cz,2,h0131,0.08090628877770874,scr2000,avaConv,pvInd_b
cz,2,h0132,0.09139461965292923,scr2000,avaConv,pvInd_b
cz,2,h0133,0.1652113520172141,scr2000,avaConv,pvInd_b
cz,2,h0134,0.23195122030135917,scr2000,avaConv,pvInd_b
cz,2,h0135,0.27984777622213897,scr2000,avaConv,pvInd_b
cz,2,h0136,0.22678655967686237,scr2000,avaConv,pvInd_b
cz,2,h0137,0.14235342624930888,scr2000,avaConv,pvInd_b
cz,2,h0138,0.06226195910872929,scr2000,avaConv,pvInd_b
cz,2,h0139,0.014967681578675928,scr2000,avaConv,pvInd_b
cz,2,h0140,0.0,scr2000,avaConv,pvInd_b
cz,2,h0141,0.0,scr2000,avaConv,pvInd_b
cz,2,h0142,0.0,scr2000,avaConv,pvInd_b
cz,2,h0143,0.0,scr2000,avaConv,pvInd_b
cz,2,h0144,0.0,scr2000,avaConv,pvInd_b
de,2,h0097,0.0,scr2000,avaConv,pvInd_b
de,2,h0098,0.0,scr2000,avaConv,pvInd_b
de,2,h0099,0.0,scr2000,avaConv,pvInd_b
de,2,h0100,0.0,scr2000,avaConv,pvInd_b
de,2,h0101,0.0,scr2000,avaConv,pvInd_b
de,2,h0102,0.0,scr2000,avaConv,pvInd_b
de,2,h0103,0.0,scr2000,avaConv,pvInd_b
de,2,h0104,0.0015408543168975498,scr2000,avaConv,pvInd_b
de,2,h0105,0.0106892506821053,scr2000,avaConv,pvInd_b
de,2,h0106,0.033578878488059676,scr2000,avaConv,pvInd_b
de,2,h0107,0.06942542706734088,scr2000,avaConv,pvInd_b
de,2,h0108,0.10706499435876678,scr2000,avaConv,pvInd_b
de,2,h0109,0.21562176677031633,scr2000,avaConv,pvInd_b
de,2,h0110,0.2934642248096117,scr2000,avaConv,pvInd_b
de,2,h0111,0.3251122586522193,scr2000,avaConv,pvInd_b
de,2,h0112,0.222570434265193,scr2000,avaConv,pvInd_b
de,2,h0113,0.1175631490874019,scr2000,avaConv,pvInd_b
de,2,h0114,0.041550575321085886,scr2000,avaConv,pvInd_b
de,2,h0115,0.007567073975503685,scr2000,avaConv,pvInd_b
de,2,h0116,0.0,scr2000,avaConv,pvInd_b
de,2,h0117,0.0,scr2000,avaConv,pvInd_b
de,2,h0118,0.0,scr2000,avaConv,pvInd_b
de,2,h0119,0.0,scr2000,avaConv,pvInd_b
de,2,h0120,0.0,scr2000,avaConv,pvInd_b
de,2,h0121,0.0,scr2000,avaConv,pvInd_b
de,2,h0122,0.0,scr2000,avaConv,pvInd_b
de,2,h0123,0.0,scr2000,avaConv,pvInd_b
de,2,h0124,0.0,scr2000,avaConv,pvInd_b
de,2,h0125,0.0,scr2000,avaConv,pvInd_b
de,2,h0126,0.0,scr2000,avaConv,pvInd_b
de,2,h0127,0.0,scr2000,avaConv,pvInd_b
de,2,h0128,0.001986305902654979,scr2000,avaConv,pvInd_b
de,2,h0129,0.009738561876376945,scr2000,avaConv,pvInd_b
de,2,h0130,0.029114575542673517,scr2000,avaConv,pvInd_b
de,2,h0131,0.06395908961393092,scr2000,avaConv,pvInd_b
de,2,h0132,0.1101176056360789,scr2000,avaConv,pvInd_b
de,2,h0133,0.1540998834321615,scr2000,avaConv,pvInd_b
de,2,h0134,0.1731432209643418,scr2000,avaConv,pvInd_b
de,2,h0135,0.16414029432926014,scr2000,avaConv,pvInd_b
de,2,h0136,0.13046293183344074,scr2000,avaConv,pvInd_b
de,2,h0137,0.08443427261402461,scr2000,avaConv,pvInd_b
de,2,h0138,0.03801732073600006,scr2000,avaConv,pvInd_b
de,2,h0139,0.009979758032741985,scr2000,avaConv,pvInd_b
de,2,h0140,0.0004296336346119884,scr2000,avaConv,pvInd_b
de,2,h0141,0.0,scr2000,avaConv,pvInd_b
de,2,h0142,0.0,scr2000,avaConv,pvInd_b
de,2,h0143,0.0,scr2000,avaConv,pvInd_b
de,2,h0144,0.0,scr2000,avaConv,pvInd_b
dk_e,2,h0097,0.0,scr2000,avaConv,pvInd_b
dk_e,2,h0098,0.0,scr2000,avaConv,pvInd_b
dk_e,2,h0099,0.0,scr2000,avaConv,pvInd_b
dk_e,2,h0100,0.0,scr2000,avaConv,pvInd_b
dk_e,2,h0101,0.0,scr2000,avaConv,pvInd_b
dk_e,2,h0102,0.0,scr2000,avaConv,pvInd_b
dk_e,2,h0103,0.0,scr2000,avaConv,pvInd_b
dk_e,2,h0104,0.007813963573095849,scr2000,avaConv,pvInd_b
dk_e,2,h0105,0.035837898082036385,scr2000,avaConv,pvInd_b
dk_e,2,h0106,0.10009561649931634,scr2000,avaConv,pvInd_b
dk_e,2,h0107,0.22124573786756133,scr2000,avaConv,pvInd_b
dk_e,2,h0108,0.3747671197770907,scr2000,avaConv,pvInd_b
dk_e,2,h0109,0.31775799517624986,scr2000,avaConv,pvInd_b
dk_e,2,h0110,0.19117952753325357,scr2000,avaConv,pvInd_b
dk_e,2,h0111,0.029383333874907203,scr2000,avaConv,pvInd_b
dk_e,2,h0112,0.01667142530792645,scr2000,avaConv,pvInd_b
dk_e,2,h0113,0.006593217176502963,scr2000,avaConv,pvInd_b
dk_e,2,h0114,0.0018313259680345266,scr2000,avaConv,pvInd_b
dk_e,2,h0115,0.0,scr2000,avaConv,pvInd_b
dk_e,2,h0116,0.0,scr2000,avaConv,pvInd_b
dk_e,2,h0117,0.0,scr2000,avaConv,pvInd_b
dk_e,2,h0118,0.0,scr2000,avaConv,pvInd_b
dk_e,2,h0119,0.0,scr2000,avaConv,pvInd_b
dk_e,2,h0120,0.0,scr2000,avaConv,pvInd_b
dk_e,2,h0121,0.0,scr2000,avaConv,pvInd_b
dk_e,2,h0122,0.0,scr2000,avaConv,pvInd_b
dk_e,2,h0123,0.0,scr2000,avaConv,pvInd_b
dk_e,2,h0124,0.0,scr2000,avaConv,pvInd_b
dk_e,2,h0125,0.0,scr2000,avaConv,pvInd_b
dk_e,2,h0126,0.0,scr2000,avaConv,pvInd_b
dk_e,2,h0127,0.0,scr2000,avaConv,pvInd_b
dk_e,2,h0128,0.009072194296925396,scr2000,avaConv,pvInd_b
dk_e,2,h0129,0.03549004697711307,scr2000,avaConv,pvInd_b
dk_e,2,h0130,0.08189861193895076,scr2000,avaConv,pvInd_b
dk_e,2,h0131,0.14252375435592055,scr2000,avaConv,pvInd_b
dk_e,2,h0132,0.20370806994845353,scr2000,avaConv,pvInd_b
dk_e,2,h0133,0.2078457859393363,scr2000,avaConv,pvInd_b
dk_e,2,h0134,0.17066204170085117,scr2000,avaConv,pvInd_b
dk_e,2,h0135,0.10923080726750098,scr2000,avaConv,pvInd_b
dk_e,2,h0136,0.07989765542255302,scr2000,avaConv,pvInd_b
dk_e,2,h0137,0.05320467292388515,scr2000,avaConv,pvInd_b
dk_e,2,h0138,0.026297958352729935,scr2000,avaConv,pvInd_b
dk_e,2,h0139,0.0071089606483418786,scr2000,avaConv,pvInd_b
dk_e,2,h0140,0.0,scr2000,avaConv,pvInd_b
dk_e,2,h0141,0.0,scr2000,avaConv,pvInd_b
dk_e,2,h0142,0.0,scr2000,avaConv,pvInd_b
dk_e,2,h0143,0.0,scr2000,avaConv,pvInd_b
dk_e,2,h0144,0.0,scr2000,avaConv,pvInd_b
dk_w,2,h0097,0.0,scr2000,avaConv,pvInd_b
dk_w,2,h0098,0.0,scr2000,avaConv,pvInd_b
dk_w,2,h0099,0.0,scr2000,avaConv,pvInd_b
dk_w,2,h0100,0.0,scr2000,avaConv,pvInd_b
dk_w,2,h0101,0.0,scr2000,avaConv,pvInd_b
dk_w,2,h0102,0.0,scr2000,avaConv,pvInd_b
dk_w,2,h0103,0.0,scr2000,avaConv,pvInd_b
dk_w,2,h0104,0.008492059034886262,scr2000,avaConv,pvInd_b
dk_w,2,h0105,0.06397015703934125,scr2000,avaConv,pvInd_b
dk_w,2,h0106,0.19486554552618685,scr2000,avaConv,pvInd_b
dk_w,2,h0107,0.3603772217342306,scr2000,avaConv,pvInd_b
dk_w,2,h0108,0.4820350276870965,scr2000,avaConv,pvInd_b
dk_w,2,h0109,0.3495707313999802,scr2000,avaConv,pvInd_b
dk_w,2,h0110,0.19335549798044263,scr2000,avaConv,pvInd_b
dk_w,2,h0111,0.05034422976169424,scr2000,avaConv,pvInd_b
dk_w,2,h0112,0.047665814139430294,scr2000,avaConv,pvInd_b
dk_w,2,h0113,0.032643290263868086,scr2000,avaConv,pvInd_b
dk_w,2,h0114,0.013992384542633185,scr2000,avaConv,pvInd_b
dk_w,2,h0115,0.0023215050455632604,scr2000,avaConv,pvInd_b
dk_w,2,h0116,0.0,scr2000,avaConv,pvInd_b
dk_w,2,h0117,0.0,scr2000,avaConv,pvInd_b
dk_w,2,h0118,0.0,scr2000,avaConv,pvInd_b
dk_w,2,h0119,0.0,scr2000,avaConv,pvInd_b
dk_w,2,h0120,0.0,scr2000,avaConv,pvInd_b
dk_w,2,h0121,0.0,scr2000,avaConv,pvInd_b
dk_w,2,h0122,0.0,scr2000,avaConv,pvInd_b
dk_w,2,h0123,0.0,scr2000,avaConv,pvInd_b
dk_w,2,h0124,0.0,scr2000,avaConv,pvInd_b
dk_w,2,h0125,0.0,scr2000,avaConv,pvInd_b
dk_w,2,h0126,0.0,scr2000,avaConv,pvInd_b
dk_w,2,h0127,0.0,scr2000,avaConv,pvInd_b
dk_w,2,h0128,0.007424259114682752,scr2000,avaConv,pvInd_b
dk_w,2,h0129,0.031791667500592466,scr2000,avaConv,pvInd_b
dk_w,2,h0130,0.07464936761129176,scr2000,avaConv,pvInd_b
dk_w,2,h0131,0.13474397592243378,scr2000,avaConv,pvInd_b
dk_w,2,h0132,0.2038813621548627,scr2000,avaConv,pvInd_b
dk_w,2,h0133,0.18775988730269846,scr2000,avaConv,pvInd_b
dk_w,2,h0134,0.14214404033772596,scr2000,avaConv,pvInd_b
dk_w,2,h0135,0.07592058405255474,scr2000,avaConv,pvInd_b
dk_w,2,h0136,0.07233653866248267,scr2000,avaConv,pvInd_b
dk_w,2,h0137,0.058766442703164654,scr2000,avaConv,pvInd_b
dk_w,2,h0138,0.03222965973671811,scr2000,avaConv,pvInd_b
dk_w,2,h0139,0.00953217515142512,scr2000,avaConv,pvInd_b
dk_w,2,h0140,0.0,scr2000,avaConv,pvInd_b
dk_w,2,h0141,0.0,scr2000,avaConv,pvInd_b
dk_w,2,h0142,0.0,scr2000,avaConv,pvInd_b
dk_w,2,h0143,0.0,scr2000,avaConv,pvInd_b
dk_w,2,h0144,0.0,scr2000,avaConv,pvInd_b
ee,2,h0097,0.0,scr2000,avaConv,pvInd_b
ee,2,h0098,0.0,scr2000,avaConv,pvInd_b
ee,2,h0099,0.0,scr2000,avaConv,pvInd_b
ee,2,h0100,0.0,scr2000,avaConv,pvInd_b
ee,2,h0101,0.0,scr2000,avaConv,pvInd_b
ee,2,h0102,0.0,scr2000,avaConv,pvInd_b
ee,2,h0103,0.0,scr2000,avaConv,pvInd_b
ee,2,h0104,0.006974705763644187,scr2000,avaConv,pvInd_b
ee,2,h0105,0.03133905126340324,scr2000,avaConv,pvInd_b
ee,2,h0106,0.07569835185872122,scr2000,avaConv,pvInd_b
ee,2,h0107,0.12134111310411151,scr2000,avaConv,pvInd_b
ee,2,h0108,0.1554290211098786,scr2000,avaConv,pvInd_b
ee,2,h0109,0.1584283084927787,scr2000,avaConv,pvInd_b
ee,2,h0110,0.14509658287797667,scr2000,avaConv,pvInd_b
ee,2,h0111,0.1136216745636726,scr2000,avaConv,pvInd_b
ee,2,h0112,0.07279786921462417,scr2000,avaConv,pvInd_b
ee,2,h0113,0.030528991218126317,scr2000,avaConv,pvInd_b
ee,2,h0114,0.0052974707392005466,scr2000,avaConv,pvInd_b
ee,2,h0115,0.0,scr2000,avaConv,pvInd_b
ee,2,h0116,0.0,scr2000,avaConv,pvInd_b
ee,2,h0117,0.0,scr2000,avaConv,pvInd_b
ee,2,h0118,0.0,scr2000,avaConv,pvInd_b
ee,2,h0119,0.0,scr2000,avaConv,pvInd_b
ee,2,h0120,0.0,scr2000,avaConv,pvInd_b
ee,2,h0121,0.0,scr2000,avaConv,pvInd_b
ee,2,h0122,0.0,scr2000,avaConv,pvInd_b
ee,2,h0123,0.0,scr2000,avaConv,pvInd_b
ee,2,h0124,0.0,scr2000,avaConv,pvInd_b
ee,2,h0125,0.0,scr2000,avaConv,pvInd_b
ee,2,h0126,0.0,scr2000,avaConv,pvInd_b
ee,2,h0127,0.008552843539588665,scr2000,avaConv,pvInd_b
ee,2,h0128,0.05493146410953289,scr2000,avaConv,pvInd_b
ee,2,h0129,0.18125200076480893,scr2000,avaConv,pvInd_b
ee,2,h0130,0.3920757730379729,scr2000,avaConv,pvInd_b
ee,2,h0131,0.6182963152495773,scr2000,avaConv,pvInd_b
ee,2,h0132,0.7668863075765675,scr2000,avaConv,pvInd_b
ee,2,h0133,0.6922022252055274,scr2000,avaConv,pvInd_b
ee,2,h0134,0.509733150972532,scr2000,avaConv,pvInd_b
ee,2,h0135,0.2980809446515804,scr2000,avaConv,pvInd_b
ee,2,h0136,0.1654823395752953,scr2000,avaConv,pvInd_b
ee,2,h0137,0.06629970542256598,scr2000,avaConv,pvInd_b
ee,2,h0138,0.014405605049189878,scr2000,avaConv,pvInd_b
ee,2,h0139,0.0,scr2000,avaConv,pvInd_b
ee,2,h0140,0.0,scr2000,avaConv,pvInd_b
ee,2,h0141,0.0,scr2000,avaConv,pvInd_b
ee,2,h0142,0.0,scr2000,avaConv,pvInd_b
ee,2,h0143,0.0,scr2000,avaConv,pvInd_b
ee,2,h0144,0.0,scr2000,avaConv,pvInd_b
es,2,h0097,0.0,scr2000,avaConv,pvInd_b
es,2,h0098,0.0,scr2000,avaConv,pvInd_b
es,2,h0099,0.0,scr2000,avaConv,pvInd_b
es,2,h0100,0.0,scr2000,avaConv,pvInd_b
es,2,h0101,0.0,scr2000,avaConv,pvInd_b
es,2,h0102,0.0,scr2000,avaConv,pvInd_b
es,2,h0103,0.0,scr2000,avaConv,pvInd_b
es,2,h0104,0.0,scr2000,avaConv,pvInd_b
es,2,h0105,0.012907738198725285,scr2000,avaConv,pvInd_b
es,2,h0106,0.0889526995960955,scr2000,avaConv,pvInd_b
es,2,h0107,0.2690003535074986,scr2000,avaConv,pvInd_b
es,2,h0108,0.4855021642777531,scr2000,avaConv,pvInd_b
es,2,h0109,0.6315278067683973,scr2000,avaConv,pvInd_b
es,2,h0110,0.6951935599982463,scr2000,avaConv,pvInd_b
es,2,h0111,0.6538205795033741,scr2000,avaConv,pvInd_b
es,2,h0112,0.543267147748324,scr2000,avaConv,pvInd_b
es,2,h0113,0.3708144176796651,scr2000,avaConv,pvInd_b
es,2,h0114,0.18786192498124357,scr2000,avaConv,pvInd_b
es,2,h0115,0.05670424866778842,scr2000,avaConv,pvInd_b
es,2,h0116,0.0074889936733790585,scr2000,avaConv,pvInd_b
es,2,h0117,4.843310994265209e-6,scr2000,avaConv,pvInd_b
es,2,h0118,0.0,scr2000,avaConv,pvInd_b
es,2,h0119,0.0,scr2000,avaConv,pvInd_b
es,2,h0120,0.0,scr2000,avaConv,pvInd_b
es,2,h0121,0.0,scr2000,avaConv,pvInd_b
es,2,h0122,0.0,scr2000,avaConv,pvInd_b
es,2,h0123,0.0,scr2000,avaConv,pvInd_b
es,2,h0124,0.0,scr2000,avaConv,pvInd_b
es,2,h0125,0.0,scr2000,avaConv,pvInd_b
es,2,h0126,0.0,scr2000,avaConv,pvInd_b
es,2,h0127,0.0,scr2000,avaConv,pvInd_b
es,2,h0128,0.0010849493688651073,scr2000,avaConv,pvInd_b
es,2,h0129,0.02538845694930207,scr2000,avaConv,pvInd_b
es,2,h0130,0.1274614350307244,scr2000,avaConv,pvInd_b
es,2,h0131,0.32517960068005586,scr2000,avaConv,pvInd_b
es,2,h0132,0.5428348824122798,scr2000,avaConv,pvInd_b
es,2,h0133,0.6659348989736354,scr2000,avaConv,pvInd_b
es,2,h0134,0.7052205845128929,scr2000,avaConv,pvInd_b
es,2,h0135,0.6454471747199959,scr2000,avaConv,pvInd_b
es,2,h0136,0.5398716298574499,scr2000,avaConv,pvInd_b
es,2,h0137,0.3783379821783378,scr2000,avaConv,pvInd_b
es,2,h0138,0.20406676259376746,scr2000,avaConv,pvInd_b
es,2,h0139,0.0701306134515868,scr2000,avaConv,pvInd_b
es,2,h0140,0.01244254175611712,scr2000,avaConv,pvInd_b
es,2,h0141,0.0004486027912617459,scr2000,avaConv,pvInd_b
es,2,h0142,0.0,scr2000,avaConv,pvInd_b
es,2,h0143,0.0,scr2000,avaConv,pvInd_b
es,2,h0144,0.0,scr2000,avaConv,pvInd_b
fi,2,h0097,0.0,scr2000,avaConv,pvInd_b
fi,2,h0098,0.0,scr2000,avaConv,pvInd_b
fi,2,h0099,0.0,scr2000,avaConv,pvInd_b
fi,2,h0100,0.0,scr2000,avaConv,pvInd_b
fi,2,h0101,0.0,scr2000,avaConv,pvInd_b
fi,2,h0102,0.0,scr2000,avaConv,pvInd_b
fi,2,h0103,0.0009694128200092883,scr2000,avaConv,pvInd_b
fi,2,h0104,0.02796816503478238,scr2000,avaConv,pvInd_b
fi,2,h0105,0.08807955084597992,scr2000,avaConv,pvInd_b
fi,2,h0106,0.18341579685430665,scr2000,avaConv,pvInd_b
fi,2,h0107,0.26545997566656954,scr2000,avaConv,pvInd_b
fi,2,h0108,0.3147891139880364,scr2000,avaConv,pvInd_b
fi,2,h0109,0.24290906867711787,scr2000,avaConv,pvInd_b
fi,2,h0110,0.14636353891635087,scr2000,avaConv,pvInd_b
fi,2,h0111,0.04702581962057612,scr2000,avaConv,pvInd_b
fi,2,h0112,0.020629743715396772,scr2000,avaConv,pvInd_b
fi,2,h0113,0.005346946200129653,scr2000,avaConv,pvInd_b
fi,2,h0114,0.0,scr2000,avaConv,pvInd_b
fi,2,h0115,0.0,scr2000,avaConv,pvInd_b
fi,2,h0116,0.0,scr2000,avaConv,pvInd_b
fi,2,h0117,0.0,scr2000,avaConv,pvInd_b
fi,2,h0118,0.0,scr2000,avaConv,pvInd_b
fi,2,h0119,0.0,scr2000,avaConv,pvInd_b
fi,2,h0120,0.0,scr2000,avaConv,pvInd_b
fi,2,h0121,0.0,scr2000,avaConv,pvInd_b
fi,2,h0122,0.0,scr2000,avaConv,pvInd_b
fi,2,h0123,0.0,scr2000,avaConv,pvInd_b
fi,2,h0124,0.0,scr2000,avaConv,pvInd_b
fi,2,h0125,0.0,scr2000,avaConv,pvInd_b
fi,2,h0126,0.0,scr2000,avaConv,pvInd_b
fi,2,h0127,0.02960590849068394,scr2000,avaConv,pvInd_b
fi,2,h0128,0.12237592366274068,scr2000,avaConv,pvInd_b
fi,2,h0129,0.27607785775689203,scr2000,avaConv,pvInd_b
fi,2,h0130,0.4339095652292189,scr2000,avaConv,pvInd_b
fi,2,h0131,0.541407729679058,scr2000,avaConv,pvInd_b
fi,2,h0132,0.579829562093941,scr2000,avaConv,pvInd_b
fi,2,h0133,0.6298168787851636,scr2000,avaConv,pvInd_b
fi,2,h0134,0.6149006703921926,scr2000,avaConv,pvInd_b
fi,2,h0135,0.543388881860258,scr2000,avaConv,pvInd_b
fi,2,h0136,0.34618408580113597,scr2000,avaConv,pvInd_b
fi,2,h0137,0.15441718904674073,scr2000,avaConv,pvInd_b
fi,2,h0138,0.039413755863184706,scr2000,avaConv,pvInd_b
fi,2,h0139,0.0,scr2000,avaConv,pvInd_b
fi,2,h0140,0.0,scr2000,avaConv,pvInd_b
fi,2,h0141,0.0,scr2000,avaConv,pvInd_b
fi,2,h0142,0.0,scr2000,avaConv,pvInd_b
fi,2,h0143,0.0,scr2000,avaConv,pvInd_b
fi,2,h0144,0.0,scr2000,avaConv,pvInd_b
fr,2,h0097,0.0,scr2000,avaConv,pvInd_b
fr,2,h0098,0.0,scr2000,avaConv,pvInd_b
fr,2,h0099,0.0,scr2000,avaConv,pvInd_b
fr,2,h0100,0.0,scr2000,avaConv,pvInd_b
fr,2,h0101,0.0,scr2000,avaConv,pvInd_b
fr,2,h0102,0.0,scr2000,avaConv,pvInd_b
fr,2,h0103,0.0,scr2000,avaConv,pvInd_b
fr,2,h0104,0.00314709994875688,scr2000,avaConv,pvInd_b
fr,2,h0105,0.029457328025344266,scr2000,avaConv,pvInd_b
fr,2,h0106,0.09893674761571536,scr2000,avaConv,pvInd_b
fr,2,h0107,0.2068387576391137,scr2000,avaConv,pvInd_b
fr,2,h0108,0.3158444339746243,scr2000,avaConv,pvInd_b
fr,2,h0109,0.38304425011884685,scr2000,avaConv,pvInd_b
fr,2,h0110,0.40065019519264106,scr2000,avaConv,pvInd_b
fr,2,h0111,0.36283101656809924,scr2000,avaConv,pvInd_b
fr,2,h0112,0.29036251931711776,scr2000,avaConv,pvInd_b
fr,2,h0113,0.19344200812750664,scr2000,avaConv,pvInd_b
fr,2,h0114,0.09466605354939278,scr2000,avaConv,pvInd_b
fr,2,h0115,0.02985989608572051,scr2000,avaConv,pvInd_b
fr,2,h0116,0.0035253512590119594,scr2000,avaConv,pvInd_b
fr,2,h0117,0.0,scr2000,avaConv,pvInd_b
fr,2,h0118,0.0,scr2000,avaConv,pvInd_b
fr,2,h0119,0.0,scr2000,avaConv,pvInd_b
fr,2,h0120,0.0,scr2000,avaConv,pvInd_b
fr,2,h0121,0.0,scr2000,avaConv,pvInd_b
fr,2,h0122,0.0,scr2000,avaConv,pvInd_b
fr,2,h0123,0.0,scr2000,avaConv,pvInd_b
fr,2,h0124,0.0,scr2000,avaConv,pvInd_b
fr,2,h0125,0.0,scr2000,avaConv,pvInd_b
fr,2,h0126,0.0,scr2000,avaConv,pvInd_b
fr,2,h0127,0.0,scr2000,avaConv,pvInd_b
fr,2,h0128,0.011709650328583406,scr2000,avaConv,pvInd_b
fr,2,h0129,0.07465217198616442,scr2000,avaConv,pvInd_b
fr,2,h0130,0.21383640455106284,scr2000,avaConv,pvInd_b
fr,2,h0131,0.394726101996923,scr2000,avaConv,pvInd_b
fr,2,h0132,0.5517142058992335,scr2000,avaConv,pvInd_b
fr,2,h0133,0.6556783502211216,scr2000,avaConv,pvInd_b
fr,2,h0134,0.7002260095058709,scr2000,avaConv,pvInd_b
fr,2,h0135,0.6755779607305247,scr2000,avaConv,pvInd_b
fr,2,h0136,0.5781924082202495,scr2000,avaConv,pvInd_b
fr,2,h0137,0.41690773134931414,scr2000,avaConv,pvInd_b
fr,2,h0138,0.22670699971946273,scr2000,avaConv,pvInd_b
fr,2,h0139,0.08016466733203263,scr2000,avaConv,pvInd_b
fr,2,h0140,0.012877066611870125,scr2000,avaConv,pvInd_b
fr,2,h0141,0.0,scr2000,avaConv,pvInd_b
fr,2,h0142,0.0,scr2000,avaConv,pvInd_b
fr,2,h0143,0.0,scr2000,avaConv,pvInd_b
fr,2,h0144,0.0,scr2000,avaConv,pvInd_b
fr_co,2,h0097,0.0,scr2000,avaConv,pvInd_b
fr_co,2,h0098,0.0,scr2000,avaConv,pvInd_b
fr_co,2,h0099,0.0,scr2000,avaConv,pvInd_b
fr_co,2,h0100,0.0,scr2000,avaConv,pvInd_b
fr_co,2,h0101,0.0,scr2000,avaConv,pvInd_b
fr_co,2,h0102,0.0,scr2000,avaConv,pvInd_b
fr_co,2,h0103,0.0,scr2000,avaConv,pvInd_b
fr_co,2,h0104,0.016422470221163634,scr2000,avaConv,pvInd_b
fr_co,2,h0105,0.08532342575630215,scr2000,avaConv,pvInd_b
fr_co,2,h0106,0.22195729304041206,scr2000,avaConv,pvInd_b
fr_co,2,h0107,0.3770709316528805,scr2000,avaConv,pvInd_b
fr_co,2,h0108,0.496360497397734,scr2000,avaConv,pvInd_b
fr_co,2,h0109,0.5493408113544272,scr2000,avaConv,pvInd_b
fr_co,2,h0110,0.5367244288728429,scr2000,avaConv,pvInd_b
fr_co,2,h0111,0.4621541615469529,scr2000,avaConv,pvInd_b
fr_co,2,h0112,0.34882831937645975,scr2000,avaConv,pvInd_b
fr_co,2,h0113,0.2134724785881493,scr2000,avaConv,pvInd_b
fr_co,2,h0114,0.0881344530902462,scr2000,avaConv,pvInd_b
fr_co,2,h0115,0.020234482940358105,scr2000,avaConv,pvInd_b
fr_co,2,h0116,0.0,scr2000,avaConv,pvInd_b
fr_co,2,h0117,0.0,scr2000,avaConv,pvInd_b
fr_co,2,h0118,0.0,scr2000,avaConv,pvInd_b
fr_co,2,h0119,0.0,scr2000,avaConv,pvInd_b
fr_co,2,h0120,0.0,scr2000,avaConv,pvInd_b
fr_co,2,h0121,0.0,scr2000,avaConv,pvInd_b
fr_co,2,h0122,0.0,scr2000,avaConv,pvInd_b
fr_co,2,h0123,0.0,scr2000,avaConv,pvInd_b
fr_co,2,h0124,0.0,scr2000,avaConv,pvInd_b
fr_co,2,h0125,0.0,scr2000,avaConv,pvInd_b
fr_co,2,h0126,0.0,scr2000,avaConv,pvInd_b
fr_co,2,h0127,0.0,scr2000,avaConv,pvInd_b
fr_co,2,h0128,0.02140832657653218,scr2000,avaConv,pvInd_b
fr_co,2,h0129,0.0979416367982413,scr2000,avaConv,pvInd_b
fr_co,2,h0130,0.2397498078185324,scr2000,avaConv,pvInd_b
fr_co,2,h0131,0.38906749514782857,scr2000,avaConv,pvInd_b
fr_co,2,h0132,0.5058383370732991,scr2000,avaConv,pvInd_b
fr_co,2,h0133,0.5607330938227761,scr2000,avaConv,pvInd_b
fr_co,2,h0134,0.5629122312101227,scr2000,avaConv,pvInd_b
fr_co,2,h0135,0.5056402817343879,scr2000,avaConv,pvInd_b
fr_co,2,h0136,0.40803415510972174,scr2000,avaConv,pvInd_b
fr_co,2,h0137,0.2681769745328784,scr2000,avaConv,pvInd_b
fr_co,2,h0138,0.12487213104740645,scr2000,avaConv,pvInd_b
fr_co,2,h0139,0.035061789406790805,scr2000,avaConv,pvInd_b
fr_co,2,h0140,0.0026182586129678393,scr2000,avaConv,pvInd_b
fr_co,2,h0141,0.0,scr2000,avaConv,pvInd_b
fr_co,2,h0142,0.0,scr2000,avaConv,pvInd_b
fr_co,2,h0143,0.0,scr2000,avaConv,pvInd_b
fr_co,2,h0144,0.0,scr2000,avaConv,pvInd_b
gr,2,h0097,0.0,scr2000,avaConv,pvInd_b
gr,2,h0098,0.0,scr2000,avaConv,pvInd_b
gr,2,h0099,0.0,scr2000,avaConv,pvInd_b
gr,2,h0100,0.0,scr2000,avaConv,pvInd_b
gr,2,h0101,0.0,scr2000,avaConv,pvInd_b
gr,2,h0102,0.0,scr2000,avaConv,pvInd_b
gr,2,h0103,0.019730028861720924,scr2000,avaConv,pvInd_b
gr,2,h0104,0.10103103864071443,scr2000,avaConv,pvInd_b
gr,2,h0105,0.2557860966840122,scr2000,avaConv,pvInd_b
gr,2,h0106,0.4302474398263631,scr2000,avaConv,pvInd_b
gr,2,h0107,0.5572161402190641,scr2000,avaConv,pvInd_b
gr,2,h0108,0.6257482043665198,scr2000,avaConv,pvInd_b
gr,2,h0109,0.5998232351407695,scr2000,avaConv,pvInd_b
gr,2,h0110,0.5236103739384671,scr2000,avaConv,pvInd_b
gr,2,h0111,0.3929093392446121,scr2000,avaConv,pvInd_b
gr,2,h0112,0.2617132909140364,scr2000,avaConv,pvInd_b
gr,2,h0113,0.12261572120570109,scr2000,avaConv,pvInd_b
gr,2,h0114,0.03576799891421492,scr2000,avaConv,pvInd_b
gr,2,h0115,0.001886293228025489,scr2000,avaConv,pvInd_b
gr,2,h0116,0.0,scr2000,avaConv,pvInd_b
gr,2,h0117,0.0,scr2000,avaConv,pvInd_b
gr,2,h0118,0.0,scr2000,avaConv,pvInd_b
gr,2,h0119,0.0,scr2000,avaConv,pvInd_b
gr,2,h0120,0.0,scr2000,avaConv,pvInd_b
gr,2,h0121,0.0,scr2000,avaConv,pvInd_b
gr,2,h0122,0.0,scr2000,avaConv,pvInd_b
gr,2,h0123,0.0,scr2000,avaConv,pvInd_b
gr,2,h0124,0.0,scr2000,avaConv,pvInd_b
gr,2,h0125,0.0,scr2000,avaConv,pvInd_b
gr,2,h0126,0.0,scr2000,avaConv,pvInd_b
gr,2,h0127,0.03357511441078349,scr2000,avaConv,pvInd_b
gr,2,h0128,0.14213973344895361,scr2000,avaConv,pvInd_b
gr,2,h0129,0.3278048350262597,scr2000,avaConv,pvInd_b
gr,2,h0130,0.5186226179662675,scr2000,avaConv,pvInd_b
gr,2,h0131,0.6544672823752946,scr2000,avaConv,pvInd_b
gr,2,h0132,0.7267340629595922,scr2000,avaConv,pvInd_b
gr,2,h0133,0.7028780858568053,scr2000,avaConv,pvInd_b
gr,2,h0134,0.6089099518778582,scr2000,avaConv,pvInd_b
gr,2,h0135,0.45831252065116207,scr2000,avaConv,pvInd_b
gr,2,h0136,0.29737681263612575,scr2000,avaConv,pvInd_b
gr,2,h0137,0.1450531670407527,scr2000,avaConv,pvInd_b
gr,2,h0138,0.04602823600105006,scr2000,avaConv,pvInd_b
gr,2,h0139,0.00552629705212751,scr2000,avaConv,pvInd_b
gr,2,h0140,0.0,scr2000,avaConv,pvInd_b
gr,2,h0141,0.0,scr2000,avaConv,pvInd_b
gr,2,h0142,0.0,scr2000,avaConv,pvInd_b
gr,2,h0143,0.0,scr2000,avaConv,pvInd_b
gr,2,h0144,0.0,scr2000,avaConv,pvInd_b
hr,2,h0097,0.0,scr2000,avaConv,pvInd_b
hr,2,h0098,0.0,scr2000,avaConv,pvInd_b
hr,2,h0099,0.0,scr2000,avaConv,pvInd_b
hr,2,h0100,0.0,scr2000,avaConv,pvInd_b
hr,2,h0101,0.0,scr2000,avaConv,pvInd_b
hr,2,h0102,0.0,scr2000,avaConv,pvInd_b
hr,2,h0103,0.0011187419905885657,scr2000,avaConv,pvInd_b
hr,2,h0104,0.029436029878241843,scr2000,avaConv,pvInd_b
hr,2,h0105,0.11776248100982876,scr2000,avaConv,pvInd_b
hr,2,h0106,0.2766854956327052,scr2000,avaConv,pvInd_b
hr,2,h0107,0.43209283741145604,scr2000,avaConv,pvInd_b
hr,2,h0108,0.5278416073822574,scr2000,avaConv,pvInd_b
hr,2,h0109,0.6150277212371964,scr2000,avaConv,pvInd_b
hr,2,h0110,0.6357551033127328,scr2000,avaConv,pvInd_b
hr,2,h0111,0.5942021073412596,scr2000,avaConv,pvInd_b
hr,2,h0112,0.4192157173794844,scr2000,avaConv,pvInd_b
hr,2,h0113,0.219583717621226,scr2000,avaConv,pvInd_b
hr,2,h0114,0.07307291310846091,scr2000,avaConv,pvInd_b
hr,2,h0115,0.010527315090510579,scr2000,avaConv,pvInd_b
hr,2,h0116,0.0,scr2000,avaConv,pvInd_b
hr,2,h0117,0.0,scr2000,avaConv,pvInd_b
hr,2,h0118,0.0,scr2000,avaConv,pvInd_b
hr,2,h0119,0.0,scr2000,avaConv,pvInd_b
hr,2,h0120,0.0,scr2000,avaConv,pvInd_b
hr,2,h0121,0.0,scr2000,avaConv,pvInd_b
hr,2,h0122,0.0,scr2000,avaConv,pvInd_b
hr,2,h0123,0.0,scr2000,avaConv,pvInd_b
hr,2,h0124,0.0,scr2000,avaConv,pvInd_b
hr,2,h0125,0.0,scr2000,avaConv,pvInd_b
hr,2,h0126,0.0,scr2000,avaConv,pvInd_b
hr,2,h0127,0.005506173192409006,scr2000,avaConv,pvInd_b
hr,2,h0128,0.04126440696230893,scr2000,avaConv,pvInd_b
hr,2,h0129,0.11968146743263033,scr2000,avaConv,pvInd_b
hr,2,h0130,0.22640510596251429,scr2000,avaConv,pvInd_b
hr,2,h0131,0.3348026547951793,scr2000,avaConv,pvInd_b
hr,2,h0132,0.44194647361222555,scr2000,avaConv,pvInd_b
hr,2,h0133,0.5321560888172084,scr2000,avaConv,pvInd_b
hr,2,h0134,0.5695974809435089,scr2000,avaConv,pvInd_b
hr,2,h0135,0.5226646817842381,scr2000,avaConv,pvInd_b
hr,2,h0136,0.39482396057306485,scr2000,avaConv,pvInd_b
hr,2,h0137,0.2196418577517134,scr2000,avaConv,pvInd_b
hr,2,h0138,0.0786088766509163,scr2000,avaConv,pvInd_b
hr,2,h0139,0.01287756350959795,scr2000,avaConv,pvInd_b
hr,2,h0140,0.0,scr2000,avaConv,pvInd_b
hr,2,h0141,0.0,scr2000,avaConv,pvInd_b
hr,2,h0142,0.0,scr2000,avaConv,pvInd_b
hr,2,h0143,0.0,scr2000,avaConv,pvInd_b
hr,2,h0144,0.0,scr2000,avaConv,pvInd_b
hu,2,h0097,0.0,scr2000,avaConv,pvInd_b
hu,2,h0098,0.0,scr2000,avaConv,pvInd_b
hu,2,h0099,0.0,scr2000,avaConv,pvInd_b
hu,2,h0100,0.0,scr2000,avaConv,pvInd_b
hu,2,h0101,0.0,scr2000,avaConv,pvInd_b
hu,2,h0102,0.0,scr2000,avaConv,pvInd_b
hu,2,h0103,0.0014223069483909124,scr2000,avaConv,pvInd_b
hu,2,h0104,0.0207112645263521,scr2000,avaConv,pvInd_b
hu,2,h0105,0.07317464668520283,scr2000,avaConv,pvInd_b
hu,2,h0106,0.17249312543279083,scr2000,avaConv,pvInd_b
hu,2,h0107,0.2736560063742142,scr2000,avaConv,pvInd_b
hu,2,h0108,0.32750591390754785,scr2000,avaConv,pvInd_b
hu,2,h0109,0.483743303428451,scr2000,avaConv,pvInd_b
hu,2,h0110,0.5843371577294217,scr2000,avaConv,pvInd_b
hu,2,h0111,0.6364425616802867,scr2000,avaConv,pvInd_b
hu,2,h0112,0.4459169086968052,scr2000,avaConv,pvInd_b
hu,2,h0113,0.22835355671035623,scr2000,avaConv,pvInd_b
hu,2,h0114,0.07488971194923935,scr2000,avaConv,pvInd_b
hu,2,h0115,0.007536655914908866,scr2000,avaConv,pvInd_b
hu,2,h0116,0.0,scr2000,avaConv,pvInd_b
hu,2,h0117,0.0,scr2000,avaConv,pvInd_b
hu,2,h0118,0.0,scr2000,avaConv,pvInd_b
hu,2,h0119,0.0,scr2000,avaConv,pvInd_b
hu,2,h0120,0.0,scr2000,avaConv,pvInd_b
hu,2,h0121,0.0,scr2000,avaConv,pvInd_b
hu,2,h0122,0.0,scr2000,avaConv,pvInd_b
hu,2,h0123,0.0,scr2000,avaConv,pvInd_b
hu,2,h0124,0.0,scr2000,avaConv,pvInd_b
hu,2,h0125,0.0,scr2000,avaConv,pvInd_b
hu,2,h0126,0.0,scr2000,avaConv,pvInd_b
hu,2,h0127,0.008071540138418801,scr2000,avaConv,pvInd_b
hu,2,h0128,0.04259189471478068,scr2000,avaConv,pvInd_b
hu,2,h0129,0.13972220955050488,scr2000,avaConv,pvInd_b
hu,2,h0130,0.29452711683551663,scr2000,avaConv,pvInd_b
hu,2,h0131,0.43504771670560877,scr2000,avaConv,pvInd_b
hu,2,h0132,0.47719731116981107,scr2000,avaConv,pvInd_b
hu,2,h0133,0.4839304375778013,scr2000,avaConv,pvInd_b
hu,2,h0134,0.4639175595771089,scr2000,avaConv,pvInd_b
hu,2,h0135,0.4412919568078755,scr2000,avaConv,pvInd_b
hu,2,h0136,0.33001932852373383,scr2000,avaConv,pvInd_b
hu,2,h0137,0.18732664590116824,scr2000,avaConv,pvInd_b
hu,2,h0138,0.06920366731435608,scr2000,avaConv,pvInd_b
hu,2,h0139,0.011898114948374758,scr2000,avaConv,pvInd_b
hu,2,h0140,0.0,scr2000,avaConv,pvInd_b
hu,2,h0141,0.0,scr2000,avaConv,pvInd_b
hu,2,h0142,0.0,scr2000,avaConv,pvInd_b
hu,2,h0143,0.0,scr2000,avaConv,pvInd_b
hu,2,h0144,0.0,scr2000,avaConv,pvInd_b
ie,2,h0097,0.0,scr2000,avaConv,pvInd_b
ie,2,h0098,0.0,scr2000,avaConv,pvInd_b
ie,2,h0099,0.0,scr2000,avaConv,pvInd_b
ie,2,h0100,0.0,scr2000,avaConv,pvInd_b
ie,2,h0101,0.0,scr2000,avaConv,pvInd_b
ie,2,h0102,0.0,scr2000,avaConv,pvInd_b
ie,2,h0103,0.0,scr2000,avaConv,pvInd_b
ie,2,h0104,0.0,scr2000,avaConv,pvInd_b
ie,2,h0105,0.014319174210817536,scr2000,avaConv,pvInd_b
ie,2,h0106,0.09093831073510493,scr2000,avaConv,pvInd_b
ie,2,h0107,0.248803544442415,scr2000,avaConv,pvInd_b
ie,2,h0108,0.44867914292350897,scr2000,avaConv,pvInd_b
ie,2,h0109,0.6013828762862876,scr2000,avaConv,pvInd_b
ie,2,h0110,0.6840460939285969,scr2000,avaConv,pvInd_b
ie,2,h0111,0.6728032177959434,scr2000,avaConv,pvInd_b
ie,2,h0112,0.5842960354121619,scr2000,avaConv,pvInd_b
ie,2,h0113,0.4246599626334104,scr2000,avaConv,pvInd_b
ie,2,h0114,0.2496893338673008,scr2000,avaConv,pvInd_b
ie,2,h0115,0.10059372087016151,scr2000,avaConv,pvInd_b
ie,2,h0116,0.02336540785723225,scr2000,avaConv,pvInd_b
ie,2,h0117,0.0,scr2000,avaConv,pvInd_b
ie,2,h0118,0.0,scr2000,avaConv,pvInd_b
ie,2,h0119,0.0,scr2000,avaConv,pvInd_b
ie,2,h0120,0.0,scr2000,avaConv,pvInd_b
ie,2,h0121,0.0,scr2000,avaConv,pvInd_b
ie,2,h0122,0.0,scr2000,avaConv,pvInd_b
ie,2,h0123,0.0,scr2000,avaConv,pvInd_b
ie,2,h0124,0.0,scr2000,avaConv,pvInd_b
ie,2,h0125,0.0,scr2000,avaConv,pvInd_b
ie,2,h0126,0.0,scr2000,avaConv,pvInd_b
ie,2,h0127,0.0,scr2000,avaConv,pvInd_b
ie,2,h0128,0.0,scr2000,avaConv,pvInd_b
ie,2,h0129,0.0022801656788035223,scr2000,avaConv,pvInd_b
ie,2,h0130,0.015715203043473763,scr2000,avaConv,pvInd_b
ie,2,h0131,0.04765096609521168,scr2000,avaConv,pvInd_b
ie,2,h0132,0.09768578373289719,scr2000,avaConv,pvInd_b
ie,2,h0133,0.2710901121830547,scr2000,avaConv,pvInd_b
ie,2,h0134,0.4269938937188148,scr2000,avaConv,pvInd_b
ie,2,h0135,0.5329573816516017,scr2000,avaConv,pvInd_b
ie,2,h0136,0.4466431577324925,scr2000,avaConv,pvInd_b
ie,2,h0137,0.3352098783166844,scr2000,avaConv,pvInd_b
ie,2,h0138,0.2149009859211215,scr2000,avaConv,pvInd_b
ie,2,h0139,0.10071988959851802,scr2000,avaConv,pvInd_b
ie,2,h0140,0.029361665572223472,scr2000,avaConv,pvInd_b
ie,2,h0141,0.0017325585127557165,scr2000,avaConv,pvInd_b
ie,2,h0142,0.0,scr2000,avaConv,pvInd_b
ie,2,h0143,0.0,scr2000,avaConv,pvInd_b
ie,2,h0144,0.0,scr2000,avaConv,pvInd_b
it_s,2,h0097,0.0,scr2000,avaConv,pvInd_b
it_s,2,h0098,0.0,scr2000,avaConv,pvInd_b
it_s,2,h0099,0.0,scr2000,avaConv,pvInd_b
it_s,2,h0100,0.0,scr2000,avaConv,pvInd_b
it_s,2,h0101,0.0,scr2000,avaConv,pvInd_b
it_s,2,h0102,0.0,scr2000,avaConv,pvInd_b
it_s,2,h0103,0.007253736597095394,scr2000,avaConv,pvInd_b
it_s,2,h0104,0.06300946769797017,scr2000,avaConv,pvInd_b
it_s,2,h0105,0.20363276405344746,scr2000,avaConv,pvInd_b
it_s,2,h0106,0.4113402975270562,scr2000,avaConv,pvInd_b
it_s,2,h0107,0.6003751826011711,scr2000,avaConv,pvInd_b
it_s,2,h0108,0.7227539591354004,scr2000,avaConv,pvInd_b
it_s,2,h0109,0.7205265006062068,scr2000,avaConv,pvInd_b
it_s,2,h0110,0.6603130817683629,scr2000,avaConv,pvInd_b
it_s,2,h0111,0.5425139721280455,scr2000,avaConv,pvInd_b
it_s,2,h0112,0.40517243631764094,scr2000,avaConv,pvInd_b
it_s,2,h0113,0.22368468008223957,scr2000,avaConv,pvInd_b
it_s,2,h0114,0.07748691304892319,scr2000,avaConv,pvInd_b
it_s,2,h0115,0.011806527110691174,scr2000,avaConv,pvInd_b
it_s,2,h0116,0.0,scr2000,avaConv,pvInd_b
it_s,2,h0117,0.0,scr2000,avaConv,pvInd_b
it_s,2,h0118,0.0,scr2000,avaConv,pvInd_b
it_s,2,h0119,0.0,scr2000,avaConv,pvInd_b
it_s,2,h0120,0.0,scr2000,avaConv,pvInd_b
it_s,2,h0121,0.0,scr2000,avaConv,pvInd_b
it_s,2,h0122,0.0,scr2000,avaConv,pvInd_b
it_s,2,h0123,0.0,scr2000,avaConv,pvInd_b
it_s,2,h0124,0.0,scr2000,avaConv,pvInd_b
it_s,2,h0125,0.0,scr2000,avaConv,pvInd_b
it_s,2,h0126,0.0,scr2000,avaConv,pvInd_b
it_s,2,h0127,0.011630590104603834,scr2000,avaConv,pvInd_b
it_s,2,h0128,0.07940732547857753,scr2000,avaConv,pvInd_b
it_s,2,h0129,0.23204412688320902,scr2000,avaConv,pvInd_b
it_s,2,h0130,0.43640289949489064,scr2000,avaConv,pvInd_b
it_s,2,h0131,0.6089740413859619,scr2000,avaConv,pvInd_b
it_s,2,h0132,0.7149829527369311,scr2000,avaConv,pvInd_b
it_s,2,h0133,0.674846007671406,scr2000,avaConv,pvInd_b
it_s,2,h0134,0.5601881599306346,scr2000,avaConv,pvInd_b
it_s,2,h0135,0.3981547955737099,scr2000,avaConv,pvInd_b
it_s,2,h0136,0.27461894815152443,scr2000,avaConv,pvInd_b
it_s,2,h0137,0.15039098568361636,scr2000,avaConv,pvInd_b
it_s,2,h0138,0.055563810955194165,scr2000,avaConv,pvInd_b
it_s,2,h0139,0.009574810326135377,scr2000,avaConv,pvInd_b
it_s,2,h0140,0.0,scr2000,avaConv,pvInd_b
it_s,2,h0141,0.0,scr2000,avaConv,pvInd_b
it_s,2,h0142,0.0,scr2000,avaConv,pvInd_b
it_s,2,h0143,0.0,scr2000,avaConv,pvInd_b
it_s,2,h0144,0.0,scr2000,avaConv,pvInd_b
it_cn,2,h0097,0.0,scr2000,avaConv,pvInd_b
it_cn,2,h0098,0.0,scr2000,avaConv,pvInd_b
it_cn,2,h0099,0.0,scr2000,avaConv,pvInd_b
it_cn,2,h0100,0.0,scr2000,avaConv,pvInd_b
it_cn,2,h0101,0.0,scr2000,avaConv,pvInd_b
it_cn,2,h0102,0.0,scr2000,avaConv,pvInd_b
it_cn,2,h0103,0.0,scr2000,avaConv,pvInd_b
it_cn,2,h0104,0.02955382982612375,scr2000,avaConv,pvInd_b
it_cn,2,h0105,0.13155716064282033,scr2000,avaConv,pvInd_b
it_cn,2,h0106,0.3142566184315897,scr2000,avaConv,pvInd_b
it_cn,2,h0107,0.4992572535578856,scr2000,avaConv,pvInd_b
it_cn,2,h0108,0.6306489763281261,scr2000,avaConv,pvInd_b
it_cn,2,h0109,0.7031494424477934,scr2000,avaConv,pvInd_b
it_cn,2,h0110,0.6982394139042507,scr2000,avaConv,pvInd_b
it_cn,2,h0111,0.6214722329227311,scr2000,avaConv,pvInd_b
it_cn,2,h0112,0.4753764388697258,scr2000,avaConv,pvInd_b
it_cn,2,h0113,0.2914279453730874,scr2000,avaConv,pvInd_b
it_cn,2,h0114,0.12179920205720304,scr2000,avaConv,pvInd_b
it_cn,2,h0115,0.026233026231557745,scr2000,avaConv,pvInd_b
it_cn,2,h0116,0.0,scr2000,avaConv,pvInd_b
it_cn,2,h0117,0.0,scr2000,avaConv,pvInd_b
it_cn,2,h0118,0.0,scr2000,avaConv,pvInd_b
it_cn,2,h0119,0.0,scr2000,avaConv,pvInd_b
it_cn,2,h0120,0.0,scr2000,avaConv,pvInd_b
it_cn,2,h0121,0.0,scr2000,avaConv,pvInd_b
it_cn,2,h0122,0.0,scr2000,avaConv,pvInd_b
it_cn,2,h0123,0.0,scr2000,avaConv,pvInd_b
it_cn,2,h0124,0.0,scr2000,avaConv,pvInd_b
it_cn,2,h0125,0.0,scr2000,avaConv,pvInd_b
it_cn,2,h0126,0.0,scr2000,avaConv,pvInd_b
it_cn,2,h0127,0.0009111754947555165,scr2000,avaConv,pvInd_b
it_cn,2,h0128,0.019957876919669947,scr2000,avaConv,pvInd_b
it_cn,2,h0129,0.08455220599590559,scr2000,avaConv,pvInd_b
it_cn,2,h0130,0.19459164463337733,scr2000,avaConv,pvInd_b
it_cn,2,h0131,0.3173809911056801,scr2000,avaConv,pvInd_b
it_cn,2,h0132,0.4239335354412308,scr2000,avaConv,pvInd_b
it_cn,2,h0133,0.5381902047461258,scr2000,avaConv,pvInd_b
it_cn,2,h0134,0.5979121109743176,scr2000,avaConv,pvInd_b
it_cn,2,h0135,0.5881725938505493,scr2000,avaConv,pvInd_b
it_cn,2,h0136,0.4720071217044555,scr2000,avaConv,pvInd_b
it_cn,2,h0137,0.3073173651365848,scr2000,avaConv,pvInd_b
it_cn,2,h0138,0.13467598586172255,scr2000,avaConv,pvInd_b
it_cn,2,h0139,0.032855838054953304,scr2000,avaConv,pvInd_b
it_cn,2,h0140,0.00019304207178623214,scr2000,avaConv,pvInd_b
it_cn,2,h0141,0.0,scr2000,avaConv,pvInd_b
it_cn,2,h0142,0.0,scr2000,avaConv,pvInd_b
it_cn,2,h0143,0.0,scr2000,avaConv,pvInd_b
it_cn,2,h0144,0.0,scr2000,avaConv,pvInd_b
it_cs,2,h0097,0.0,scr2000,avaConv,pvInd_b
it_cs,2,h0098,0.0,scr2000,avaConv,pvInd_b
it_cs,2,h0099,0.0,scr2000,avaConv,pvInd_b
it_cs,2,h0100,0.0,scr2000,avaConv,pvInd_b
it_cs,2,h0101,0.0,scr2000,avaConv,pvInd_b
it_cs,2,h0102,0.0,scr2000,avaConv,pvInd_b
it_cs,2,h0103,0.0001706634619563607,scr2000,avaConv,pvInd_b
it_cs,2,h0104,0.03871286798543009,scr2000,avaConv,pvInd_b
it_cs,2,h0105,0.1552984740653522,scr2000,avaConv,pvInd_b
it_cs,2,h0106,0.3539127334813064,scr2000,avaConv,pvInd_b
it_cs,2,h0107,0.5407233839462966,scr2000,avaConv,pvInd_b
it_cs,2,h0108,0.6705902874731519,scr2000,avaConv,pvInd_b
it_cs,2,h0109,0.679639157915346,scr2000,avaConv,pvInd_b
it_cs,2,h0110,0.6167628461102532,scr2000,avaConv,pvInd_b
it_cs,2,h0111,0.5039601393687394,scr2000,avaConv,pvInd_b
it_cs,2,h0112,0.39090336818909305,scr2000,avaConv,pvInd_b
it_cs,2,h0113,0.24345551967136003,scr2000,avaConv,pvInd_b
it_cs,2,h0114,0.10086386344579677,scr2000,avaConv,pvInd_b
it_cs,2,h0115,0.02052591866998366,scr2000,avaConv,pvInd_b
it_cs,2,h0116,0.0,scr2000,avaConv,pvInd_b
it_cs,2,h0117,0.0,scr2000,avaConv,pvInd_b
it_cs,2,h0118,0.0,scr2000,avaConv,pvInd_b
it_cs,2,h0119,0.0,scr2000,avaConv,pvInd_b
it_cs,2,h0120,0.0,scr2000,avaConv,pvInd_b
it_cs,2,h0121,0.0,scr2000,avaConv,pvInd_b
it_cs,2,h0122,0.0,scr2000,avaConv,pvInd_b
it_cs,2,h0123,0.0,scr2000,avaConv,pvInd_b
it_cs,2,h0124,0.0,scr2000,avaConv,pvInd_b
it_cs,2,h0125,0.0,scr2000,avaConv,pvInd_b
it_cs,2,h0126,0.0,scr2000,avaConv,pvInd_b
it_cs,2,h0127,0.0043963636756737656,scr2000,avaConv,pvInd_b
it_cs,2,h0128,0.041619525111650464,scr2000,avaConv,pvInd_b
it_cs,2,h0129,0.1447723112459467,scr2000,avaConv,pvInd_b
it_cs,2,h0130,0.3099175373068944,scr2000,avaConv,pvInd_b
it_cs,2,h0131,0.48509682737959486,scr2000,avaConv,pvInd_b
it_cs,2,h0132,0.6198048211103729,scr2000,avaConv,pvInd_b
it_cs,2,h0133,0.5842137274871532,scr2000,avaConv,pvInd_b
it_cs,2,h0134,0.49828135675264223,scr2000,avaConv,pvInd_b
it_cs,2,h0135,0.3781759299574918,scr2000,avaConv,pvInd_b
it_cs,2,h0136,0.31821138853711,scr2000,avaConv,pvInd_b
it_cs,2,h0137,0.21259346334921547,scr2000,avaConv,pvInd_b
it_cs,2,h0138,0.09175235623505962,scr2000,avaConv,pvInd_b
it_cs,2,h0139,0.02163958656261349,scr2000,avaConv,pvInd_b
it_cs,2,h0140,0.0,scr2000,avaConv,pvInd_b
it_cs,2,h0141,0.0,scr2000,avaConv,pvInd_b
it_cs,2,h0142,0.0,scr2000,avaConv,pvInd_b
it_cs,2,h0143,0.0,scr2000,avaConv,pvInd_b
it_cs,2,h0144,0.0,scr2000,avaConv,pvInd_b
it_n,2,h0097,0.0,scr2000,avaConv,pvInd_b
it_n,2,h0098,0.0,scr2000,avaConv,pvInd_b
it_n,2,h0099,0.0,scr2000,avaConv,pvInd_b
it_n,2,h0100,0.0,scr2000,avaConv,pvInd_b
it_n,2,h0101,0.0,scr2000,avaConv,pvInd_b
it_n,2,h0102,0.0,scr2000,avaConv,pvInd_b
it_n,2,h0103,0.0,scr2000,avaConv,pvInd_b
it_n,2,h0104,0.009404940689750181,scr2000,avaConv,pvInd_b
it_n,2,h0105,0.05725971174225542,scr2000,avaConv,pvInd_b
it_n,2,h0106,0.17143968098147813,scr2000,avaConv,pvInd_b
it_n,2,h0107,0.3309490525884113,scr2000,avaConv,pvInd_b
it_n,2,h0108,0.48316234448526707,scr2000,avaConv,pvInd_b
it_n,2,h0109,0.5212745501977096,scr2000,avaConv,pvInd_b
it_n,2,h0110,0.4443959808271218,scr2000,avaConv,pvInd_b
it_n,2,h0111,0.3083739539108361,scr2000,avaConv,pvInd_b
it_n,2,h0112,0.20259762485099417,scr2000,avaConv,pvInd_b
it_n,2,h0113,0.11631654359470253,scr2000,avaConv,pvInd_b
it_n,2,h0114,0.044866688818134215,scr2000,avaConv,pvInd_b
it_n,2,h0115,0.008643520133076423,scr2000,avaConv,pvInd_b
it_n,2,h0116,0.0,scr2000,avaConv,pvInd_b
it_n,2,h0117,0.0,scr2000,avaConv,pvInd_b
it_n,2,h0118,0.0,scr2000,avaConv,pvInd_b
it_n,2,h0119,0.0,scr2000,avaConv,pvInd_b
it_n,2,h0120,0.0,scr2000,avaConv,pvInd_b
it_n,2,h0121,0.0,scr2000,avaConv,pvInd_b
it_n,2,h0122,0.0,scr2000,avaConv,pvInd_b
it_n,2,h0123,0.0,scr2000,avaConv,pvInd_b
it_n,2,h0124,0.0,scr2000,avaConv,pvInd_b
it_n,2,h0125,0.0,scr2000,avaConv,pvInd_b
it_n,2,h0126,0.0,scr2000,avaConv,pvInd_b
it_n,2,h0127,0.0,scr2000,avaConv,pvInd_b
it_n,2,h0128,0.016032192163736244,scr2000,avaConv,pvInd_b
it_n,2,h0129,0.0872889404547716,scr2000,avaConv,pvInd_b
it_n,2,h0130,0.24524923152222639,scr2000,avaConv,pvInd_b
it_n,2,h0131,0.44239830698916993,scr2000,avaConv,pvInd_b
it_n,2,h0132,0.6248842968203039,scr2000,avaConv,pvInd_b
it_n,2,h0133,0.7002821866498319,scr2000,avaConv,pvInd_b
it_n,2,h0134,0.6715401068113518,scr2000,avaConv,pvInd_b
it_n,2,h0135,0.5436745824782403,scr2000,avaConv,pvInd_b
it_n,2,h0136,0.3921100303221156,scr2000,avaConv,pvInd_b
it_n,2,h0137,0.2282575956607911,scr2000,avaConv,pvInd_b
it_n,2,h0138,0.09116611724740459,scr2000,avaConv,pvInd_b
it_n,2,h0139,0.021082640865672745,scr2000,avaConv,pvInd_b
it_n,2,h0140,0.000867452949859724,scr2000,avaConv,pvInd_b
it_n,2,h0141,0.0,scr2000,avaConv,pvInd_b
it_n,2,h0142,0.0,scr2000,avaConv,pvInd_b
it_n,2,h0143,0.0,scr2000,avaConv,pvInd_b
it_n,2,h0144,0.0,scr2000,avaConv,pvInd_b
it_sar,2,h0097,0.0,scr2000,avaConv,pvInd_b
it_sar,2,h0098,0.0,scr2000,avaConv,pvInd_b
it_sar,2,h0099,0.0,scr2000,avaConv,pvInd_b
it_sar,2,h0100,0.0,scr2000,avaConv,pvInd_b
it_sar,2,h0101,0.0,scr2000,avaConv,pvInd_b
it_sar,2,h0102,0.0,scr2000,avaConv,pvInd_b
it_sar,2,h0103,0.0,scr2000,avaConv,pvInd_b
it_sar,2,h0104,0.03328221239764855,scr2000,avaConv,pvInd_b
it_sar,2,h0105,0.14154556999473394,scr2000,avaConv,pvInd_b
it_sar,2,h0106,0.32925376290922126,scr2000,avaConv,pvInd_b
it_sar,2,h0107,0.5216831054913871,scr2000,avaConv,pvInd_b
it_sar,2,h0108,0.6619231909425163,scr2000,avaConv,pvInd_b
it_sar,2,h0109,0.6537830093126893,scr2000,avaConv,pvInd_b
it_sar,2,h0110,0.5695170908633161,scr2000,avaConv,pvInd_b
it_sar,2,h0111,0.42979079466604436,scr2000,avaConv,pvInd_b
it_sar,2,h0112,0.33173858792115485,scr2000,avaConv,pvInd_b
it_sar,2,h0113,0.22771864339197553,scr2000,avaConv,pvInd_b
it_sar,2,h0114,0.11131817255880076,scr2000,avaConv,pvInd_b
it_sar,2,h0115,0.03503899384926277,scr2000,avaConv,pvInd_b
it_sar,2,h0116,0.0,scr2000,avaConv,pvInd_b
it_sar,2,h0117,0.0,scr2000,avaConv,pvInd_b
it_sar,2,h0118,0.0,scr2000,avaConv,pvInd_b
it_sar,2,h0119,0.0,scr2000,avaConv,pvInd_b
it_sar,2,h0120,0.0,scr2000,avaConv,pvInd_b
it_sar,2,h0121,0.0,scr2000,avaConv,pvInd_b
it_sar,2,h0122,0.0,scr2000,avaConv,pvInd_b
it_sar,2,h0123,0.0,scr2000,avaConv,pvInd_b
it_sar,2,h0124,0.0,scr2000,avaConv,pvInd_b
it_sar,2,h0125,0.0,scr2000,avaConv,pvInd_b
it_sar,2,h0126,0.0,scr2000,avaConv,pvInd_b
it_sar,2,h0127,0.0,scr2000,avaConv,pvInd_b
it_sar,2,h0128,0.03549130312171448,scr2000,avaConv,pvInd_b
it_sar,2,h0129,0.1440011520754511,scr2000,avaConv,pvInd_b
it_sar,2,h0130,0.3387776955368119,scr2000,avaConv,pvInd_b
it_sar,2,h0131,0.5410192449291399,scr2000,avaConv,pvInd_b
it_sar,2,h0132,0.6918342345933963,scr2000,avaConv,pvInd_b
it_sar,2,h0133,0.7649902843588909,scr2000,avaConv,pvInd_b
it_sar,2,h0134,0.7694231102088506,scr2000,avaConv,pvInd_b
it_sar,2,h0135,0.7094801325741569,scr2000,avaConv,pvInd_b
it_sar,2,h0136,0.5855195398689789,scr2000,avaConv,pvInd_b
it_sar,2,h0137,0.40190514851845854,scr2000,avaConv,pvInd_b
it_sar,2,h0138,0.20362876292981394,scr2000,avaConv,pvInd_b
it_sar,2,h0139,0.06545186342819324,scr2000,avaConv,pvInd_b
it_sar,2,h0140,0.00725712496237639,scr2000,avaConv,pvInd_b
it_sar,2,h0141,0.0,scr2000,avaConv,pvInd_b
it_sar,2,h0142,0.0,scr2000,avaConv,pvInd_b
it_sar,2,h0143,0.0,scr2000,avaConv,pvInd_b
it_sar,2,h0144,0.0,scr2000,avaConv,pvInd_b
it_sic,2,h0097,0.0,scr2000,avaConv,pvInd_b
it_sic,2,h0098,0.0,scr2000,avaConv,pvInd_b
it_sic,2,h0099,0.0,scr2000,avaConv,pvInd_b
it_sic,2,h0100,0.0,scr2000,avaConv,pvInd_b
it_sic,2,h0101,0.0,scr2000,avaConv,pvInd_b
it_sic,2,h0102,0.0,scr2000,avaConv,pvInd_b
it_sic,2,h0103,0.002297282003876061,scr2000,avaConv,pvInd_b
it_sic,2,h0104,0.05019630693194934,scr2000,avaConv,pvInd_b
it_sic,2,h0105,0.17518632667909234,scr2000,avaConv,pvInd_b
it_sic,2,h0106,0.35840361554243866,scr2000,avaConv,pvInd_b
it_sic,2,h0107,0.5151894379299595,scr2000,avaConv,pvInd_b
it_sic,2,h0108,0.6200907034143309,scr2000,avaConv,pvInd_b
it_sic,2,h0109,0.5933430021727663,scr2000,avaConv,pvInd_b
it_sic,2,h0110,0.5280670871801822,scr2000,avaConv,pvInd_b
it_sic,2,h0111,0.3902169029285375,scr2000,avaConv,pvInd_b
it_sic,2,h0112,0.2845878028430195,scr2000,avaConv,pvInd_b
it_sic,2,h0113,0.15700330652851038,scr2000,avaConv,pvInd_b
it_sic,2,h0114,0.06121532813743277,scr2000,avaConv,pvInd_b
it_sic,2,h0115,0.014314657858518555,scr2000,avaConv,pvInd_b
it_sic,2,h0116,0.0,scr2000,avaConv,pvInd_b
it_sic,2,h0117,0.0,scr2000,avaConv,pvInd_b
it_sic,2,h0118,0.0,scr2000,avaConv,pvInd_b
it_sic,2,h0119,0.0,scr2000,avaConv,pvInd_b
it_sic,2,h0120,0.0,scr2000,avaConv,pvInd_b
it_sic,2,h0121,0.0,scr2000,avaConv,pvInd_b
it_sic,2,h0122,0.0,scr2000,avaConv,pvInd_b
it_sic,2,h0123,0.0,scr2000,avaConv,pvInd_b
it_sic,2,h0124,0.0,scr2000,avaConv,pvInd_b
it_sic,2,h0125,0.0,scr2000,avaConv,pvInd_b
it_sic,2,h0126,0.0,scr2000,avaConv,pvInd_b
it_sic,2,h0127,0.011045219945613327,scr2000,avaConv,pvInd_b
it_sic,2,h0128,0.07921463331625547,scr2000,avaConv,pvInd_b
it_sic,2,h0129,0.2265340499960795,scr2000,avaConv,pvInd_b
it_sic,2,h0130,0.42568724231278343,scr2000,avaConv,pvInd_b
it_sic,2,h0131,0.5955398407361306,scr2000,avaConv,pvInd_b
it_sic,2,h0132,0.7048751976454433,scr2000,avaConv,pvInd_b
it_sic,2,h0133,0.7483785734124577,scr2000,avaConv,pvInd_b
it_sic,2,h0134,0.7272842089085753,scr2000,avaConv,pvInd_b
it_sic,2,h0135,0.6435083794547757,scr2000,avaConv,pvInd_b
it_sic,2,h0136,0.49824968003469755,scr2000,avaConv,pvInd_b
it_sic,2,h0137,0.30850893591619444,scr2000,avaConv,pvInd_b
it_sic,2,h0138,0.13045719667028327,scr2000,avaConv,pvInd_b
it_sic,2,h0139,0.029541739573560533,scr2000,avaConv,pvInd_b
it_sic,2,h0140,0.0,scr2000,avaConv,pvInd_b
it_sic,2,h0141,0.0,scr2000,avaConv,pvInd_b
it_sic,2,h0142,0.0,scr2000,avaConv,pvInd_b
it_sic,2,h0143,0.0,scr2000,avaConv,pvInd_b
it_sic,2,h0144,0.0,scr2000,avaConv,pvInd_b
lt,2,h0097,0.0,scr2000,avaConv,pvInd_b
lt,2,h0098,0.0,scr2000,avaConv,pvInd_b
lt,2,h0099,0.0,scr2000,avaConv,pvInd_b
lt,2,h0100,0.0,scr2000,avaConv,pvInd_b
lt,2,h0101,0.0,scr2000,avaConv,pvInd_b
lt,2,h0102,0.0,scr2000,avaConv,pvInd_b
lt,2,h0103,0.0034267784192023405,scr2000,avaConv,pvInd_b
lt,2,h0104,0.05667361653533073,scr2000,avaConv,pvInd_b
lt,2,h0105,0.16909876900067292,scr2000,avaConv,pvInd_b
lt,2,h0106,0.291134943483916,scr2000,avaConv,pvInd_b
lt,2,h0107,0.3275408198912626,scr2000,avaConv,pvInd_b
lt,2,h0108,0.29909333746953204,scr2000,avaConv,pvInd_b
lt,2,h0109,0.35578571629488764,scr2000,avaConv,pvInd_b
lt,2,h0110,0.39319028397128586,scr2000,avaConv,pvInd_b
lt,2,h0111,0.3859729110219953,scr2000,avaConv,pvInd_b
lt,2,h0112,0.23176739746776398,scr2000,avaConv,pvInd_b
lt,2,h0113,0.09791737059377874,scr2000,avaConv,pvInd_b
lt,2,h0114,0.022801412539627593,scr2000,avaConv,pvInd_b
lt,2,h0115,0.0,scr2000,avaConv,pvInd_b
lt,2,h0116,0.0,scr2000,avaConv,pvInd_b
lt,2,h0117,0.0,scr2000,avaConv,pvInd_b
lt,2,h0118,0.0,scr2000,avaConv,pvInd_b
lt,2,h0119,0.0,scr2000,avaConv,pvInd_b
lt,2,h0120,0.0,scr2000,avaConv,pvInd_b
lt,2,h0121,0.0,scr2000,avaConv,pvInd_b
lt,2,h0122,0.0,scr2000,avaConv,pvInd_b
lt,2,h0123,0.0,scr2000,avaConv,pvInd_b
lt,2,h0124,0.0,scr2000,avaConv,pvInd_b
lt,2,h0125,0.0,scr2000,avaConv,pvInd_b
lt,2,h0126,0.0,scr2000,avaConv,pvInd_b
lt,2,h0127,0.0009570245941926413,scr2000,avaConv,pvInd_b
lt,2,h0128,0.0075002523023117145,scr2000,avaConv,pvInd_b
lt,2,h0129,0.024437130818684535,scr2000,avaConv,pvInd_b
lt,2,h0130,0.05710756690848446,scr2000,avaConv,pvInd_b
lt,2,h0131,0.11101773496400781,scr2000,avaConv,pvInd_b
lt,2,h0132,0.18844864734424158,scr2000,avaConv,pvInd_b
lt,2,h0133,0.305493820685043,scr2000,avaConv,pvInd_b
lt,2,h0134,0.3721808835084138,scr2000,avaConv,pvInd_b
lt,2,h0135,0.3607798070345008,scr2000,avaConv,pvInd_b
lt,2,h0136,0.24602779682321246,scr2000,avaConv,pvInd_b
lt,2,h0137,0.11788946173783778,scr2000,avaConv,pvInd_b
lt,2,h0138,0.035737823450892735,scr2000,avaConv,pvInd_b
lt,2,h0139,0.001498387720090782,scr2000,avaConv,pvInd_b
lt,2,h0140,0.0,scr2000,avaConv,pvInd_b
lt,2,h0141,0.0,scr2000,avaConv,pvInd_b
lt,2,h0142,0.0,scr2000,avaConv,pvInd_b
lt,2,h0143,0.0,scr2000,avaConv,pvInd_b
lt,2,h0144,0.0,scr2000,avaConv,pvInd_b
lu,2,h0097,0.0,scr2000,avaConv,pvInd_b
lu,2,h0098,0.0,scr2000,avaConv,pvInd_b
lu,2,h0099,0.0,scr2000,avaConv,pvInd_b
lu,2,h0100,0.0,scr2000,avaConv,pvInd_b
lu,2,h0101,0.0,scr2000,avaConv,pvInd_b
lu,2,h0102,0.0,scr2000,avaConv,pvInd_b
lu,2,h0103,0.0,scr2000,avaConv,pvInd_b
lu,2,h0104,0.0,scr2000,avaConv,pvInd_b
lu,2,h0105,0.0,scr2000,avaConv,pvInd_b
lu,2,h0106,0.0023452220441932477,scr2000,avaConv,pvInd_b
lu,2,h0107,0.02622738404878859,scr2000,avaConv,pvInd_b
lu,2,h0108,0.09834237197715938,scr2000,avaConv,pvInd_b
lu,2,h0109,0.18268882497061456,scr2000,avaConv,pvInd_b
lu,2,h0110,0.1782701314029623,scr2000,avaConv,pvInd_b
lu,2,h0111,0.10289169603198105,scr2000,avaConv,pvInd_b
lu,2,h0112,0.02878860599975378,scr2000,avaConv,pvInd_b
lu,2,h0113,0.006126386471799889,scr2000,avaConv,pvInd_b
lu,2,h0114,0.0010708677785320792,scr2000,avaConv,pvInd_b
lu,2,h0115,0.0,scr2000,avaConv,pvInd_b
lu,2,h0116,0.0,scr2000,avaConv,pvInd_b
lu,2,h0117,0.0,scr2000,avaConv,pvInd_b
lu,2,h0118,0.0,scr2000,avaConv,pvInd_b
lu,2,h0119,0.0,scr2000,avaConv,pvInd_b
lu,2,h0120,0.0,scr2000,avaConv,pvInd_b
lu,2,h0121,0.0,scr2000,avaConv,pvInd_b
lu,2,h0122,0.0,scr2000,avaConv,pvInd_b
lu,2,h0123,0.0,scr2000,avaConv,pvInd_b
lu,2,h0124,0.0,scr2000,avaConv,pvInd_b
lu,2,h0125,0.0,scr2000,avaConv,pvInd_b
lu,2,h0126,0.0,scr2000,avaConv,pvInd_b
lu,2,h0127,0.0,scr2000,avaConv,pvInd_b
lu,2,h0128,0.0011589689974294997,scr2000,avaConv,pvInd_b
lu,2,h0129,0.009242596683215242,scr2000,avaConv,pvInd_b
lu,2,h0130,0.023393437463805837,scr2000,avaConv,pvInd_b
lu,2,h0131,0.04184292143137671,scr2000,avaConv,pvInd_b
lu,2,h0132,0.05714720611523057,scr2000,avaConv,pvInd_b
lu,2,h0133,0.11693220845678408,scr2000,avaConv,pvInd_b
lu,2,h0134,0.1691566924972941,scr2000,avaConv,pvInd_b
lu,2,h0135,0.20891655277558366,scr2000,avaConv,pvInd_b
lu,2,h0136,0.17717958839320638,scr2000,avaConv,pvInd_b
lu,2,h0137,0.12820731502288926,scr2000,avaConv,pvInd_b
lu,2,h0138,0.06723025335154909,scr2000,avaConv,pvInd_b
lu,2,h0139,0.02145607955959077,scr2000,avaConv,pvInd_b
lu,2,h0140,0.0023534645031331428,scr2000,avaConv,pvInd_b
lu,2,h0141,0.0,scr2000,avaConv,pvInd_b
lu,2,h0142,0.0,scr2000,avaConv,pvInd_b
lu,2,h0143,0.0,scr2000,avaConv,pvInd_b
lu,2,h0144,0.0,scr2000,avaConv,pvInd_b
lv,2,h0097,0.0,scr2000,avaConv,pvInd_b
lv,2,h0098,0.0,scr2000,avaConv,pvInd_b
lv,2,h0099,0.0,scr2000,avaConv,pvInd_b
lv,2,h0100,0.0,scr2000,avaConv,pvInd_b
lv,2,h0101,0.0,scr2000,avaConv,pvInd_b
lv,2,h0102,0.0,scr2000,avaConv,pvInd_b
lv,2,h0103,0.00030861542271807765,scr2000,avaConv,pvInd_b
lv,2,h0104,0.021366266223062078,scr2000,avaConv,pvInd_b
lv,2,h0105,0.08350983925105816,scr2000,avaConv,pvInd_b
lv,2,h0106,0.17767021877855046,scr2000,avaConv,pvInd_b
lv,2,h0107,0.23802601151416886,scr2000,avaConv,pvInd_b
lv,2,h0108,0.2414309706583732,scr2000,avaConv,pvInd_b
lv,2,h0109,0.23936340328283862,scr2000,avaConv,pvInd_b
lv,2,h0110,0.2152243640881535,scr2000,avaConv,pvInd_b
lv,2,h0111,0.17793385235032108,scr2000,avaConv,pvInd_b
lv,2,h0112,0.09973817787353426,scr2000,avaConv,pvInd_b
lv,2,h0113,0.0386140493695843,scr2000,avaConv,pvInd_b
lv,2,h0114,0.007857801559420795,scr2000,avaConv,pvInd_b
lv,2,h0115,0.0,scr2000,avaConv,pvInd_b
lv,2,h0116,0.0,scr2000,avaConv,pvInd_b
lv,2,h0117,0.0,scr2000,avaConv,pvInd_b
lv,2,h0118,0.0,scr2000,avaConv,pvInd_b
lv,2,h0119,0.0,scr2000,avaConv,pvInd_b
lv,2,h0120,0.0,scr2000,avaConv,pvInd_b
lv,2,h0121,0.0,scr2000,avaConv,pvInd_b
lv,2,h0122,0.0,scr2000,avaConv,pvInd_b
lv,2,h0123,0.0,scr2000,avaConv,pvInd_b
lv,2,h0124,0.0,scr2000,avaConv,pvInd_b
lv,2,h0125,0.0,scr2000,avaConv,pvInd_b
lv,2,h0126,0.0,scr2000,avaConv,pvInd_b
lv,2,h0127,0.00261845387005661,scr2000,avaConv,pvInd_b
lv,2,h0128,0.016221171224213675,scr2000,avaConv,pvInd_b
lv,2,h0129,0.04698477595327983,scr2000,avaConv,pvInd_b
lv,2,h0130,0.09861236677198928,scr2000,avaConv,pvInd_b
lv,2,h0131,0.18224633966387094,scr2000,avaConv,pvInd_b
lv,2,h0132,0.317579325575475,scr2000,avaConv,pvInd_b
lv,2,h0133,0.4876786398203502,scr2000,avaConv,pvInd_b
lv,2,h0134,0.5226107783046702,scr2000,avaConv,pvInd_b
lv,2,h0135,0.4116400282816875,scr2000,avaConv,pvInd_b
lv,2,h0136,0.21031315317740373,scr2000,avaConv,pvInd_b
lv,2,h0137,0.0765302007051838,scr2000,avaConv,pvInd_b
lv,2,h0138,0.017123462418944062,scr2000,avaConv,pvInd_b
lv,2,h0139,0.0,scr2000,avaConv,pvInd_b
lv,2,h0140,0.0,scr2000,avaConv,pvInd_b
lv,2,h0141,0.0,scr2000,avaConv,pvInd_b
lv,2,h0142,0.0,scr2000,avaConv,pvInd_b
lv,2,h0143,0.0,scr2000,avaConv,pvInd_b
lv,2,h0144,0.0,scr2000,avaConv,pvInd_b
me,2,h0097,0.0,scr2000,avaConv,pvInd_b
me,2,h0098,0.0,scr2000,avaConv,pvInd_b
me,2,h0099,0.0,scr2000,avaConv,pvInd_b
me,2,h0100,0.0,scr2000,avaConv,pvInd_b
me,2,h0101,0.0,scr2000,avaConv,pvInd_b
me,2,h0102,0.0,scr2000,avaConv,pvInd_b
me,2,h0103,0.011380458169714272,scr2000,avaConv,pvInd_b
me,2,h0104,0.07660766547406365,scr2000,avaConv,pvInd_b
me,2,h0105,0.22353823204585285,scr2000,avaConv,pvInd_b
me,2,h0106,0.4190045275607293,scr2000,avaConv,pvInd_b
me,2,h0107,0.5815418471774222,scr2000,avaConv,pvInd_b
me,2,h0108,0.6782854348331894,scr2000,avaConv,pvInd_b
me,2,h0109,0.7161568391304611,scr2000,avaConv,pvInd_b
me,2,h0110,0.6862966134444145,scr2000,avaConv,pvInd_b
me,2,h0111,0.5830065413441976,scr2000,avaConv,pvInd_b
me,2,h0112,0.40303202313476655,scr2000,avaConv,pvInd_b
me,2,h0113,0.20544590942858307,scr2000,avaConv,pvInd_b
me,2,h0114,0.06620004575816785,scr2000,avaConv,pvInd_b
me,2,h0115,0.008692070655435778,scr2000,avaConv,pvInd_b
me,2,h0116,0.0,scr2000,avaConv,pvInd_b
me,2,h0117,0.0,scr2000,avaConv,pvInd_b
me,2,h0118,0.0,scr2000,avaConv,pvInd_b
me,2,h0119,0.0,scr2000,avaConv,pvInd_b
me,2,h0120,0.0,scr2000,avaConv,pvInd_b
me,2,h0121,0.0,scr2000,avaConv,pvInd_b
me,2,h0122,0.0,scr2000,avaConv,pvInd_b
me,2,h0123,0.0,scr2000,avaConv,pvInd_b
me,2,h0124,0.0,scr2000,avaConv,pvInd_b
me,2,h0125,0.0,scr2000,avaConv,pvInd_b
me,2,h0126,0.0,scr2000,avaConv,pvInd_b
me,2,h0127,0.00671098710662945,scr2000,avaConv,pvInd_b
me,2,h0128,0.03787992143054112,scr2000,avaConv,pvInd_b
me,2,h0129,0.10965346982326644,scr2000,avaConv,pvInd_b
me,2,h0130,0.22429213074237836,scr2000,avaConv,pvInd_b
me,2,h0131,0.33288878485681767,scr2000,avaConv,pvInd_b
me,2,h0132,0.42996768337546604,scr2000,avaConv,pvInd_b
me,2,h0133,0.35394524483565676,scr2000,avaConv,pvInd_b
me,2,h0134,0.2729128945779732,scr2000,avaConv,pvInd_b
me,2,h0135,0.1648539392429724,scr2000,avaConv,pvInd_b
me,2,h0136,0.14479054744549916,scr2000,avaConv,pvInd_b
me,2,h0137,0.09392337444492599,scr2000,avaConv,pvInd_b
me,2,h0138,0.03995558639232694,scr2000,avaConv,pvInd_b
me,2,h0139,0.008876558022781015,scr2000,avaConv,pvInd_b
me,2,h0140,0.0,scr2000,avaConv,pvInd_b
me,2,h0141,0.0,scr2000,avaConv,pvInd_b
me,2,h0142,0.0,scr2000,avaConv,pvInd_b
me,2,h0143,0.0,scr2000,avaConv,pvInd_b
me,2,h0144,0.0,scr2000,avaConv,pvInd_b
mk,2,h0097,0.0,scr2000,avaConv,pvInd_b
mk,2,h0098,0.0,scr2000,avaConv,pvInd_b
mk,2,h0099,0.0,scr2000,avaConv,pvInd_b
mk,2,h0100,0.0,scr2000,avaConv,pvInd_b
mk,2,h0101,0.0,scr2000,avaConv,pvInd_b
mk,2,h0102,0.0,scr2000,avaConv,pvInd_b
mk,2,h0103,0.025213344228665484,scr2000,avaConv,pvInd_b
mk,2,h0104,0.1286191939810809,scr2000,avaConv,pvInd_b
mk,2,h0105,0.3247411923243957,scr2000,avaConv,pvInd_b
mk,2,h0106,0.5512102998571426,scr2000,avaConv,pvInd_b
mk,2,h0107,0.7196451659473339,scr2000,avaConv,pvInd_b
mk,2,h0108,0.8081848045756039,scr2000,avaConv,pvInd_b
mk,2,h0109,0.7589310949617255,scr2000,avaConv,pvInd_b
mk,2,h0110,0.6263624217994921,scr2000,avaConv,pvInd_b
mk,2,h0111,0.43850120354838884,scr2000,avaConv,pvInd_b
mk,2,h0112,0.28523007143775253,scr2000,avaConv,pvInd_b
mk,2,h0113,0.1384826390339724,scr2000,avaConv,pvInd_b
mk,2,h0114,0.04630045815306414,scr2000,avaConv,pvInd_b
mk,2,h0115,0.00245937229926221,scr2000,avaConv,pvInd_b
mk,2,h0116,0.0,scr2000,avaConv,pvInd_b
mk,2,h0117,0.0,scr2000,avaConv,pvInd_b
mk,2,h0118,0.0,scr2000,avaConv,pvInd_b
mk,2,h0119,0.0,scr2000,avaConv,pvInd_b
mk,2,h0120,0.0,scr2000,avaConv,pvInd_b
mk,2,h0121,0.0,scr2000,avaConv,pvInd_b
mk,2,h0122,0.0,scr2000,avaConv,pvInd_b
mk,2,h0123,0.0,scr2000,avaConv,pvInd_b
mk,2,h0124,0.0,scr2000,avaConv,pvInd_b
mk,2,h0125,0.0,scr2000,avaConv,pvInd_b
mk,2,h0126,0.0,scr2000,avaConv,pvInd_b
mk,2,h0127,0.03643572792263741,scr2000,avaConv,pvInd_b
mk,2,h0128,0.1534321229041461,scr2000,avaConv,pvInd_b
mk,2,h0129,0.3491150469579962,scr2000,avaConv,pvInd_b
mk,2,h0130,0.5527678595620167,scr2000,avaConv,pvInd_b
mk,2,h0131,0.6985451734193923,scr2000,avaConv,pvInd_b
mk,2,h0132,0.7803952243821975,scr2000,avaConv,pvInd_b
mk,2,h0133,0.7269438752797732,scr2000,avaConv,pvInd_b
mk,2,h0134,0.619062194182427,scr2000,avaConv,pvInd_b
mk,2,h0135,0.4529966676847084,scr2000,avaConv,pvInd_b
mk,2,h0136,0.3111016147523741,scr2000,avaConv,pvInd_b
mk,2,h0137,0.15623766811775366,scr2000,avaConv,pvInd_b
mk,2,h0138,0.052750425146394095,scr2000,avaConv,pvInd_b
mk,2,h0139,0.006617615542798517,scr2000,avaConv,pvInd_b
mk,2,h0140,0.0,scr2000,avaConv,pvInd_b
mk,2,h0141,0.0,scr2000,avaConv,pvInd_b
mk,2,h0142,0.0,scr2000,avaConv,pvInd_b
mk,2,h0143,0.0,scr2000,avaConv,pvInd_b
mk,2,h0144,0.0,scr2000,avaConv,pvInd_b
nl,2,h0097,0.0,scr2000,avaConv,pvInd_b
nl,2,h0098,0.0,scr2000,avaConv,pvInd_b
nl,2,h0099,0.0,scr2000,avaConv,pvInd_b
nl,2,h0100,0.0,scr2000,avaConv,pvInd_b
nl,2,h0101,0.0,scr2000,avaConv,pvInd_b
nl,2,h0102,0.0,scr2000,avaConv,pvInd_b
nl,2,h0103,0.0,scr2000,avaConv,pvInd_b
nl,2,h0104,0.00023757387774841164,scr2000,avaConv,pvInd_b
nl,2,h0105,0.029017021871110864,scr2000,avaConv,pvInd_b
nl,2,h0106,0.1256956862349325,scr2000,avaConv,pvInd_b
nl,2,h0107,0.2892114275864934,scr2000,avaConv,pvInd_b
nl,2,h0108,0.4491491771755225,scr2000,avaConv,pvInd_b
nl,2,h0109,0.3393126408344787,scr2000,avaConv,pvInd_b
nl,2,h0110,0.19299305679181816,scr2000,avaConv,pvInd_b
nl,2,h0111,0.041981205414211485,scr2000,avaConv,pvInd_b
nl,2,h0112,0.04329212051697644,scr2000,avaConv,pvInd_b
nl,2,h0113,0.031569392914710386,scr2000,avaConv,pvInd_b
nl,2,h0114,0.014389317550621467,scr2000,avaConv,pvInd_b
nl,2,h0115,0.003908968371288242,scr2000,avaConv,pvInd_b
nl,2,h0116,0.0,scr2000,avaConv,pvInd_b
nl,2,h0117,0.0,scr2000,avaConv,pvInd_b
nl,2,h0118,0.0,scr2000,avaConv,pvInd_b
nl,2,h0119,0.0,scr2000,avaConv,pvInd_b
nl,2,h0120,0.0,scr2000,avaConv,pvInd_b
nl,2,h0121,0.0,scr2000,avaConv,pvInd_b
nl,2,h0122,0.0,scr2000,avaConv,pvInd_b
nl,2,h0123,0.0,scr2000,avaConv,pvInd_b
nl,2,h0124,0.0,scr2000,avaConv,pvInd_b
nl,2,h0125,0.0,scr2000,avaConv,pvInd_b
nl,2,h0126,0.0,scr2000,avaConv,pvInd_b
nl,2,h0127,0.0,scr2000,avaConv,pvInd_b
nl,2,h0128,0.0033084558960752393,scr2000,avaConv,pvInd_b
nl,2,h0129,0.024718047956302697,scr2000,avaConv,pvInd_b
nl,2,h0130,0.0893447873185096,scr2000,avaConv,pvInd_b
nl,2,h0131,0.20422504341389297,scr2000,avaConv,pvInd_b
nl,2,h0132,0.289583925865519,scr2000,avaConv,pvInd_b
nl,2,h0133,0.2967362527159677,scr2000,avaConv,pvInd_b
nl,2,h0134,0.2466498945472192,scr2000,avaConv,pvInd_b
nl,2,h0135,0.19503091881580498,scr2000,avaConv,pvInd_b
nl,2,h0136,0.1589038247059917,scr2000,avaConv,pvInd_b
nl,2,h0137,0.10830576260469688,scr2000,avaConv,pvInd_b
nl,2,h0138,0.056055101398218454,scr2000,avaConv,pvInd_b
nl,2,h0139,0.018356033222917307,scr2000,avaConv,pvInd_b
nl,2,h0140,0.0019478910063488258,scr2000,avaConv,pvInd_b
nl,2,h0141,0.0,scr2000,avaConv,pvInd_b
nl,2,h0142,0.0,scr2000,avaConv,pvInd_b
nl,2,h0143,0.0,scr2000,avaConv,pvInd_b
nl,2,h0144,0.0,scr2000,avaConv,pvInd_b
no_m,2,h0097,0.0,scr2000,avaConv,pvInd_b
no_m,2,h0098,0.0,scr2000,avaConv,pvInd_b
no_m,2,h0099,0.0,scr2000,avaConv,pvInd_b
no_m,2,h0100,0.0,scr2000,avaConv,pvInd_b
no_m,2,h0101,0.0,scr2000,avaConv,pvInd_b
no_m,2,h0102,0.0,scr2000,avaConv,pvInd_b
no_m,2,h0103,0.0,scr2000,avaConv,pvInd_b
no_m,2,h0104,0.0,scr2000,avaConv,pvInd_b
no_m,2,h0105,0.03987558087892693,scr2000,avaConv,pvInd_b
no_m,2,h0106,0.12714137880233636,scr2000,avaConv,pvInd_b
no_m,2,h0107,0.23181983896384226,scr2000,avaConv,pvInd_b
no_m,2,h0108,0.28344088382950655,scr2000,avaConv,pvInd_b
no_m,2,h0109,0.32346989783674596,scr2000,avaConv,pvInd_b
no_m,2,h0110,0.36555865873172405,scr2000,avaConv,pvInd_b
no_m,2,h0111,0.39056534495367756,scr2000,avaConv,pvInd_b
no_m,2,h0112,0.32307014793972466,scr2000,avaConv,pvInd_b
no_m,2,h0113,0.1793205567063907,scr2000,avaConv,pvInd_b
no_m,2,h0114,0.061224388284551456,scr2000,avaConv,pvInd_b
no_m,2,h0115,0.0031095187385682247,scr2000,avaConv,pvInd_b
no_m,2,h0116,0.0,scr2000,avaConv,pvInd_b
no_m,2,h0117,0.0,scr2000,avaConv,pvInd_b
no_m,2,h0118,0.0,scr2000,avaConv,pvInd_b
no_m,2,h0119,0.0,scr2000,avaConv,pvInd_b
no_m,2,h0120,0.0,scr2000,avaConv,pvInd_b
no_m,2,h0121,0.0,scr2000,avaConv,pvInd_b
no_m,2,h0122,0.0,scr2000,avaConv,pvInd_b
no_m,2,h0123,0.0,scr2000,avaConv,pvInd_b
no_m,2,h0124,0.0,scr2000,avaConv,pvInd_b
no_m,2,h0125,0.0,scr2000,avaConv,pvInd_b
no_m,2,h0126,0.0,scr2000,avaConv,pvInd_b
no_m,2,h0127,0.0,scr2000,avaConv,pvInd_b
no_m,2,h0128,0.020601837423600604,scr2000,avaConv,pvInd_b
no_m,2,h0129,0.08966092096779567,scr2000,avaConv,pvInd_b
no_m,2,h0130,0.21730004924744928,scr2000,avaConv,pvInd_b
no_m,2,h0131,0.3496613471665226,scr2000,avaConv,pvInd_b
no_m,2,h0132,0.4124553872086941,scr2000,avaConv,pvInd_b
no_m,2,h0133,0.39568119986877337,scr2000,avaConv,pvInd_b
no_m,2,h0134,0.30359216168446024,scr2000,avaConv,pvInd_b
no_m,2,h0135,0.20012861277644,scr2000,avaConv,pvInd_b
no_m,2,h0136,0.10873853547058418,scr2000,avaConv,pvInd_b
no_m,2,h0137,0.052963293794384164,scr2000,avaConv,pvInd_b
no_m,2,h0138,0.02250857627572587,scr2000,avaConv,pvInd_b
no_m,2,h0139,0.005146961921171676,scr2000,avaConv,pvInd_b
no_m,2,h0140,0.0,scr2000,avaConv,pvInd_b
no_m,2,h0141,0.0,scr2000,avaConv,pvInd_b
no_m,2,h0142,0.0,scr2000,avaConv,pvInd_b
no_m,2,h0143,0.0,scr2000,avaConv,pvInd_b
no_m,2,h0144,0.0,scr2000,avaConv,pvInd_b
no_n,2,h0097,0.0,scr2000,avaConv,pvInd_b
no_n,2,h0098,0.0,scr2000,avaConv,pvInd_b
no_n,2,h0099,0.0,scr2000,avaConv,pvInd_b
no_n,2,h0100,0.0,scr2000,avaConv,pvInd_b
no_n,2,h0101,0.0,scr2000,avaConv,pvInd_b
no_n,2,h0102,0.0,scr2000,avaConv,pvInd_b
no_n,2,h0103,0.0,scr2000,avaConv,pvInd_b
no_n,2,h0104,0.003923757805838108,scr2000,avaConv,pvInd_b
no_n,2,h0105,0.04117621046056921,scr2000,avaConv,pvInd_b
no_n,2,h0106,0.1113517580640202,scr2000,avaConv,pvInd_b
no_n,2,h0107,0.2007467830608825,scr2000,avaConv,pvInd_b
no_n,2,h0108,0.2653889632444895,scr2000,avaConv,pvInd_b
no_n,2,h0109,0.25483009191611006,scr2000,avaConv,pvInd_b
no_n,2,h0110,0.20387111382346204,scr2000,avaConv,pvInd_b
no_n,2,h0111,0.1225512997815215,scr2000,avaConv,pvInd_b
no_n,2,h0112,0.07225632333663984,scr2000,avaConv,pvInd_b
no_n,2,h0113,0.030278083256724615,scr2000,avaConv,pvInd_b
no_n,2,h0114,0.009131046091895594,scr2000,avaConv,pvInd_b
no_n,2,h0115,0.0,scr2000,avaConv,pvInd_b
no_n,2,h0116,0.0,scr2000,avaConv,pvInd_b
no_n,2,h0117,0.0,scr2000,avaConv,pvInd_b
no_n,2,h0118,0.0,scr2000,avaConv,pvInd_b
no_n,2,h0119,0.0,scr2000,avaConv,pvInd_b
no_n,2,h0120,0.0,scr2000,avaConv,pvInd_b
no_n,2,h0121,0.0,scr2000,avaConv,pvInd_b
no_n,2,h0122,0.0,scr2000,avaConv,pvInd_b
no_n,2,h0123,0.0,scr2000,avaConv,pvInd_b
no_n,2,h0124,0.0,scr2000,avaConv,pvInd_b
no_n,2,h0125,0.0,scr2000,avaConv,pvInd_b
no_n,2,h0126,0.0,scr2000,avaConv,pvInd_b
no_n,2,h0127,0.003831301114688117,scr2000,avaConv,pvInd_b
no_n,2,h0128,0.039068215735340174,scr2000,avaConv,pvInd_b
no_n,2,h0129,0.11399965506547886,scr2000,avaConv,pvInd_b
no_n,2,h0130,0.2151682670145961,scr2000,avaConv,pvInd_b
no_n,2,h0131,0.29565350837726434,scr2000,avaConv,pvInd_b
no_n,2,h0132,0.33943287958619733,scr2000,avaConv,pvInd_b
no_n,2,h0133,0.3962674433079873,scr2000,avaConv,pvInd_b
no_n,2,h0134,0.4046492585351446,scr2000,avaConv,pvInd_b
no_n,2,h0135,0.3580950558145635,scr2000,avaConv,pvInd_b
no_n,2,h0136,0.21960125092639488,scr2000,avaConv,pvInd_b
no_n,2,h0137,0.09560866840936937,scr2000,avaConv,pvInd_b
no_n,2,h0138,0.02383209477950729,scr2000,avaConv,pvInd_b
no_n,2,h0139,0.0011838087687421567,scr2000,avaConv,pvInd_b
no_n,2,h0140,0.0,scr2000,avaConv,pvInd_b
no_n,2,h0141,0.0,scr2000,avaConv,pvInd_b
no_n,2,h0142,0.0,scr2000,avaConv,pvInd_b
no_n,2,h0143,0.0,scr2000,avaConv,pvInd_b
no_n,2,h0144,0.0,scr2000,avaConv,pvInd_b
no_s,2,h0097,0.0,scr2000,avaConv,pvInd_b
no_s,2,h0098,0.0,scr2000,avaConv,pvInd_b
no_s,2,h0099,0.0,scr2000,avaConv,pvInd_b
no_s,2,h0100,0.0,scr2000,avaConv,pvInd_b
no_s,2,h0101,0.0,scr2000,avaConv,pvInd_b
no_s,2,h0102,0.0,scr2000,avaConv,pvInd_b
no_s,2,h0103,0.0,scr2000,avaConv,pvInd_b
no_s,2,h0104,8.299405807940569e-5,scr2000,avaConv,pvInd_b
no_s,2,h0105,0.017716800349051442,scr2000,avaConv,pvInd_b
no_s,2,h0106,0.07295759843991904,scr2000,avaConv,pvInd_b
no_s,2,h0107,0.1565102108951113,scr2000,avaConv,pvInd_b
no_s,2,h0108,0.20736230828049043,scr2000,avaConv,pvInd_b
no_s,2,h0109,0.26088316641494724,scr2000,avaConv,pvInd_b
no_s,2,h0110,0.27761285051837264,scr2000,avaConv,pvInd_b
no_s,2,h0111,0.26227379920139654,scr2000,avaConv,pvInd_b
no_s,2,h0112,0.17876490410590554,scr2000,avaConv,pvInd_b
no_s,2,h0113,0.094590702947622,scr2000,avaConv,pvInd_b
no_s,2,h0114,0.03381883642986906,scr2000,avaConv,pvInd_b
no_s,2,h0115,0.005739475240690599,scr2000,avaConv,pvInd_b
no_s,2,h0116,0.0,scr2000,avaConv,pvInd_b
no_s,2,h0117,0.0,scr2000,avaConv,pvInd_b
no_s,2,h0118,0.0,scr2000,avaConv,pvInd_b
no_s,2,h0119,0.0,scr2000,avaConv,pvInd_b
no_s,2,h0120,0.0,scr2000,avaConv,pvInd_b
no_s,2,h0121,0.0,scr2000,avaConv,pvInd_b
no_s,2,h0122,0.0,scr2000,avaConv,pvInd_b
no_s,2,h0123,0.0,scr2000,avaConv,pvInd_b
no_s,2,h0124,0.0,scr2000,avaConv,pvInd_b
no_s,2,h0125,0.0,scr2000,avaConv,pvInd_b
no_s,2,h0126,0.0,scr2000,avaConv,pvInd_b
no_s,2,h0127,0.0,scr2000,avaConv,pvInd_b
no_s,2,h0128,0.016550213601778406,scr2000,avaConv,pvInd_b
no_s,2,h0129,0.0897835735869059,scr2000,avaConv,pvInd_b
no_s,2,h0130,0.24522865120586979,scr2000,avaConv,pvInd_b
no_s,2,h0131,0.42871674522060427,scr2000,avaConv,pvInd_b
no_s,2,h0132,0.566545075621805,scr2000,avaConv,pvInd_b
no_s,2,h0133,0.6419899708750139,scr2000,avaConv,pvInd_b
no_s,2,h0134,0.63294047193626,scr2000,avaConv,pvInd_b
no_s,2,h0135,0.5523219480218691,scr2000,avaConv,pvInd_b
no_s,2,h0136,0.39830654080792055,scr2000,avaConv,pvInd_b
no_s,2,h0137,0.22265948661595605,scr2000,avaConv,pvInd_b
no_s,2,h0138,0.08004377320195405,scr2000,avaConv,pvInd_b
no_s,2,h0139,0.01491003410478216,scr2000,avaConv,pvInd_b
no_s,2,h0140,0.0,scr2000,avaConv,pvInd_b
no_s,2,h0141,0.0,scr2000,avaConv,pvInd_b
no_s,2,h0142,0.0,scr2000,avaConv,pvInd_b
no_s,2,h0143,0.0,scr2000,avaConv,pvInd_b
no_s,2,h0144,0.0,scr2000,avaConv,pvInd_b
pl,2,h0097,0.0,scr2000,avaConv,pvInd_b
pl,2,h0098,0.0,scr2000,avaConv,pvInd_b
pl,2,h0099,0.0,scr2000,avaConv,pvInd_b
pl,2,h0100,0.0,scr2000,avaConv,pvInd_b
pl,2,h0101,0.0,scr2000,avaConv,pvInd_b
pl,2,h0102,0.0,scr2000,avaConv,pvInd_b
pl,2,h0103,0.0,scr2000,avaConv,pvInd_b
pl,2,h0104,0.004482800537726192,scr2000,avaConv,pvInd_b
pl,2,h0105,0.018116984104814618,scr2000,avaConv,pvInd_b
pl,2,h0106,0.04066231218139992,scr2000,avaConv,pvInd_b
pl,2,h0107,0.06156410664021934,scr2000,avaConv,pvInd_b
pl,2,h0108,0.07560616229184944,scr2000,avaConv,pvInd_b
pl,2,h0109,0.2674935985749197,scr2000,avaConv,pvInd_b
pl,2,h0110,0.4331264049445677,scr2000,avaConv,pvInd_b
pl,2,h0111,0.5431166466532444,scr2000,avaConv,pvInd_b
pl,2,h0112,0.38118843908089334,scr2000,avaConv,pvInd_b
pl,2,h0113,0.19710730010072045,scr2000,avaConv,pvInd_b
pl,2,h0114,0.06663965362007236,scr2000,avaConv,pvInd_b
pl,2,h0115,0.006524765274765741,scr2000,avaConv,pvInd_b
pl,2,h0116,0.0,scr2000,avaConv,pvInd_b
pl,2,h0117,0.0,scr2000,avaConv,pvInd_b
pl,2,h0118,0.0,scr2000,avaConv,pvInd_b
pl,2,h0119,0.0,scr2000,avaConv,pvInd_b
pl,2,h0120,0.0,scr2000,avaConv,pvInd_b
pl,2,h0121,0.0,scr2000,avaConv,pvInd_b
pl,2,h0122,0.0,scr2000,avaConv,pvInd_b
pl,2,h0123,0.0,scr2000,avaConv,pvInd_b
pl,2,h0124,0.0,scr2000,avaConv,pvInd_b
pl,2,h0125,0.0,scr2000,avaConv,pvInd_b
pl,2,h0126,0.0,scr2000,avaConv,pvInd_b
pl,2,h0127,0.0011498368597613522,scr2000,avaConv,pvInd_b
pl,2,h0128,0.008039730807620715,scr2000,avaConv,pvInd_b
pl,2,h0129,0.022746380386149626,scr2000,avaConv,pvInd_b
pl,2,h0130,0.04370343266632989,scr2000,avaConv,pvInd_b
pl,2,h0131,0.06509913249337736,scr2000,avaConv,pvInd_b
pl,2,h0132,0.0887080577184781,scr2000,avaConv,pvInd_b
pl,2,h0133,0.2632566060219773,scr2000,avaConv,pvInd_b
pl,2,h0134,0.41526447396196714,scr2000,avaConv,pvInd_b
pl,2,h0135,0.5142623507235414,scr2000,avaConv,pvInd_b
pl,2,h0136,0.38276968084161445,scr2000,avaConv,pvInd_b
pl,2,h0137,0.22110482177067162,scr2000,avaConv,pvInd_b
pl,2,h0138,0.08788278952700466,scr2000,avaConv,pvInd_b
pl,2,h0139,0.017012670530560395,scr2000,avaConv,pvInd_b
pl,2,h0140,0.0,scr2000,avaConv,pvInd_b
pl,2,h0141,0.0,scr2000,avaConv,pvInd_b
pl,2,h0142,0.0,scr2000,avaConv,pvInd_b
pl,2,h0143,0.0,scr2000,avaConv,pvInd_b
pl,2,h0144,0.0,scr2000,avaConv,pvInd_b
pt,2,h0097,0.0,scr2000,avaConv,pvInd_b
pt,2,h0098,0.0,scr2000,avaConv,pvInd_b
pt,2,h0099,0.0,scr2000,avaConv,pvInd_b
pt,2,h0100,0.0,scr2000,avaConv,pvInd_b
pt,2,h0101,0.0,scr2000,avaConv,pvInd_b
pt,2,h0102,0.0,scr2000,avaConv,pvInd_b
pt,2,h0103,0.0,scr2000,avaConv,pvInd_b
pt,2,h0104,0.0,scr2000,avaConv,pvInd_b
pt,2,h0105,0.025173887923713494,scr2000,avaConv,pvInd_b
pt,2,h0106,0.12429099970969514,scr2000,avaConv,pvInd_b
pt,2,h0107,0.30513390136906116,scr2000,avaConv,pvInd_b
pt,2,h0108,0.5074706383926231,scr2000,avaConv,pvInd_b
pt,2,h0109,0.633347554912114,scr2000,avaConv,pvInd_b
pt,2,h0110,0.696745736708319,scr2000,avaConv,pvInd_b
pt,2,h0111,0.6896204115731386,scr2000,avaConv,pvInd_b
pt,2,h0112,0.6402433353818725,scr2000,avaConv,pvInd_b
pt,2,h0113,0.5191991884730696,scr2000,avaConv,pvInd_b
pt,2,h0114,0.3463904647867117,scr2000,avaConv,pvInd_b
pt,2,h0115,0.17151364840505148,scr2000,avaConv,pvInd_b
pt,2,h0116,0.05389519952373834,scr2000,avaConv,pvInd_b
pt,2,h0117,0.007535052125124968,scr2000,avaConv,pvInd_b
pt,2,h0118,0.0,scr2000,avaConv,pvInd_b
pt,2,h0119,0.0,scr2000,avaConv,pvInd_b
pt,2,h0120,0.0,scr2000,avaConv,pvInd_b
pt,2,h0121,0.0,scr2000,avaConv,pvInd_b
pt,2,h0122,0.0,scr2000,avaConv,pvInd_b
pt,2,h0123,0.0,scr2000,avaConv,pvInd_b
pt,2,h0124,0.0,scr2000,avaConv,pvInd_b
pt,2,h0125,0.0,scr2000,avaConv,pvInd_b
pt,2,h0126,0.0,scr2000,avaConv,pvInd_b
pt,2,h0127,0.0,scr2000,avaConv,pvInd_b
pt,2,h0128,0.0,scr2000,avaConv,pvInd_b
pt,2,h0129,0.03087180809235742,scr2000,avaConv,pvInd_b
pt,2,h0130,0.13504977953159253,scr2000,avaConv,pvInd_b
pt,2,h0131,0.3108532955035781,scr2000,avaConv,pvInd_b
pt,2,h0132,0.48793936400342547,scr2000,avaConv,pvInd_b
pt,2,h0133,0.5539928276911622,scr2000,avaConv,pvInd_b
pt,2,h0134,0.5550494997144465,scr2000,avaConv,pvInd_b
pt,2,h0135,0.5167348957848995,scr2000,avaConv,pvInd_b
pt,2,h0136,0.4794964851790119,scr2000,avaConv,pvInd_b
pt,2,h0137,0.3871908950263026,scr2000,avaConv,pvInd_b
pt,2,h0138,0.2542593061211364,scr2000,avaConv,pvInd_b
pt,2,h0139,0.128150524625213,scr2000,avaConv,pvInd_b
pt,2,h0140,0.04720062987493366,scr2000,avaConv,pvInd_b
pt,2,h0141,0.009650274279305957,scr2000,avaConv,pvInd_b
pt,2,h0142,0.0,scr2000,avaConv,pvInd_b
pt,2,h0143,0.0,scr2000,avaConv,pvInd_b
pt,2,h0144,0.0,scr2000,avaConv,pvInd_b
ro,2,h0097,0.0,scr2000,avaConv,pvInd_b
ro,2,h0098,0.0,scr2000,avaConv,pvInd_b
ro,2,h0099,0.0,scr2000,avaConv,pvInd_b
ro,2,h0100,0.0,scr2000,avaConv,pvInd_b
ro,2,h0101,0.0,scr2000,avaConv,pvInd_b
ro,2,h0102,0.0,scr2000,avaConv,pvInd_b
ro,2,h0103,0.020001279324126056,scr2000,avaConv,pvInd_b
ro,2,h0104,0.09314491113237172,scr2000,avaConv,pvInd_b
ro,2,h0105,0.22568137494662976,scr2000,avaConv,pvInd_b
ro,2,h0106,0.37296568067050595,scr2000,avaConv,pvInd_b
ro,2,h0107,0.48609453576405415,scr2000,avaConv,pvInd_b
ro,2,h0108,0.551375545158136,scr2000,avaConv,pvInd_b
ro,2,h0109,0.5263508454809418,scr2000,avaConv,pvInd_b
ro,2,h0110,0.44996314889299366,scr2000,avaConv,pvInd_b
ro,2,h0111,0.33150818829174616,scr2000,avaConv,pvInd_b
ro,2,h0112,0.21807615609584344,scr2000,avaConv,pvInd_b
ro,2,h0113,0.10011749361876117,scr2000,avaConv,pvInd_b
ro,2,h0114,0.026764485212672738,scr2000,avaConv,pvInd_b
ro,2,h0115,0.0,scr2000,avaConv,pvInd_b
ro,2,h0116,0.0,scr2000,avaConv,pvInd_b
ro,2,h0117,0.0,scr2000,avaConv,pvInd_b
ro,2,h0118,0.0,scr2000,avaConv,pvInd_b
ro,2,h0119,0.0,scr2000,avaConv,pvInd_b
ro,2,h0120,0.0,scr2000,avaConv,pvInd_b
ro,2,h0121,0.0,scr2000,avaConv,pvInd_b
ro,2,h0122,0.0,scr2000,avaConv,pvInd_b
ro,2,h0123,0.0,scr2000,avaConv,pvInd_b
ro,2,h0124,0.0,scr2000,avaConv,pvInd_b
ro,2,h0125,0.0,scr2000,avaConv,pvInd_b
ro,2,h0126,0.0002392644530439461,scr2000,avaConv,pvInd_b
ro,2,h0127,0.016805151043468473,scr2000,avaConv,pvInd_b
ro,2,h0128,0.07658992708267354,scr2000,avaConv,pvInd_b
ro,2,h0129,0.19077298276847898,scr2000,avaConv,pvInd_b
ro,2,h0130,0.3185672810976659,scr2000,avaConv,pvInd_b
ro,2,h0131,0.4137477501481231,scr2000,avaConv,pvInd_b
ro,2,h0132,0.45499238359988015,scr2000,avaConv,pvInd_b
ro,2,h0133,0.47011115718889507,scr2000,avaConv,pvInd_b
ro,2,h0134,0.4501819995937913,scr2000,avaConv,pvInd_b
ro,2,h0135,0.3937212365862712,scr2000,avaConv,pvInd_b
ro,2,h0136,0.28099107767841724,scr2000,avaConv,pvInd_b
ro,2,h0137,0.1455092598926197,scr2000,avaConv,pvInd_b
ro,2,h0138,0.04829432245130464,scr2000,avaConv,pvInd_b
ro,2,h0139,0.004621654597064458,scr2000,avaConv,pvInd_b
ro,2,h0140,0.0,scr2000,avaConv,pvInd_b
ro,2,h0141,0.0,scr2000,avaConv,pvInd_b
ro,2,h0142,0.0,scr2000,avaConv,pvInd_b
ro,2,h0143,0.0,scr2000,avaConv,pvInd_b
ro,2,h0144,0.0,scr2000,avaConv,pvInd_b
rs,2,h0097,0.0,scr2000,avaConv,pvInd_b
rs,2,h0098,0.0,scr2000,avaConv,pvInd_b
rs,2,h0099,0.0,scr2000,avaConv,pvInd_b
rs,2,h0100,0.0,scr2000,avaConv,pvInd_b
rs,2,h0101,0.0,scr2000,avaConv,pvInd_b
rs,2,h0102,0.0,scr2000,avaConv,pvInd_b
rs,2,h0103,0.018324953948842707,scr2000,avaConv,pvInd_b
rs,2,h0104,0.09902188573283953,scr2000,avaConv,pvInd_b
rs,2,h0105,0.26034131105242525,scr2000,avaConv,pvInd_b
rs,2,h0106,0.4545492026812735,scr2000,avaConv,pvInd_b
rs,2,h0107,0.6066969625148799,scr2000,avaConv,pvInd_b
rs,2,h0108,0.6885475197388856,scr2000,avaConv,pvInd_b
rs,2,h0109,0.6732042816089869,scr2000,avaConv,pvInd_b
rs,2,h0110,0.6008190472528936,scr2000,avaConv,pvInd_b
rs,2,h0111,0.4743905183555913,scr2000,avaConv,pvInd_b
rs,2,h0112,0.33324941492125154,scr2000,avaConv,pvInd_b
rs,2,h0113,0.17055888671546687,scr2000,avaConv,pvInd_b
rs,2,h0114,0.05662580736051374,scr2000,avaConv,pvInd_b
rs,2,h0115,0.005188106235341122,scr2000,avaConv,pvInd_b
rs,2,h0116,0.0,scr2000,avaConv,pvInd_b
rs,2,h0117,0.0,scr2000,avaConv,pvInd_b
rs,2,h0118,0.0,scr2000,avaConv,pvInd_b
rs,2,h0119,0.0,scr2000,avaConv,pvInd_b
rs,2,h0120,0.0,scr2000,avaConv,pvInd_b
rs,2,h0121,0.0,scr2000,avaConv,pvInd_b
rs,2,h0122,0.0,scr2000,avaConv,pvInd_b
rs,2,h0123,0.0,scr2000,avaConv,pvInd_b
rs,2,h0124,0.0,scr2000,avaConv,pvInd_b
rs,2,h0125,0.0,scr2000,avaConv,pvInd_b
rs,2,h0126,0.0,scr2000,avaConv,pvInd_b
rs,2,h0127,0.018655193288881614,scr2000,avaConv,pvInd_b
rs,2,h0128,0.09866392780648178,scr2000,avaConv,pvInd_b
rs,2,h0129,0.2335659852358282,scr2000,avaConv,pvInd_b
rs,2,h0130,0.3666578555505074,scr2000,avaConv,pvInd_b
rs,2,h0131,0.44235464217029874,scr2000,avaConv,pvInd_b
rs,2,h0132,0.4761102886167781,scr2000,avaConv,pvInd_b
rs,2,h0133,0.46587603524150467,scr2000,avaConv,pvInd_b
rs,2,h0134,0.42269963904008817,scr2000,avaConv,pvInd_b
rs,2,h0135,0.3431510496815558,scr2000,avaConv,pvInd_b
rs,2,h0136,0.25075519365378773,scr2000,avaConv,pvInd_b
rs,2,h0137,0.14111794202949074,scr2000,avaConv,pvInd_b
rs,2,h0138,0.054179761810656896,scr2000,avaConv,pvInd_b
rs,2,h0139,0.008822902308779402,scr2000,avaConv,pvInd_b
rs,2,h0140,0.0,scr2000,avaConv,pvInd_b
rs,2,h0141,0.0,scr2000,avaConv,pvInd_b
rs,2,h0142,0.0,scr2000,avaConv,pvInd_b
rs,2,h0143,0.0,scr2000,avaConv,pvInd_b
rs,2,h0144,0.0,scr2000,avaConv,pvInd_b
se_1,2,h0097,0.0,scr2000,avaConv,pvInd_b
se_1,2,h0098,0.0,scr2000,avaConv,pvInd_b
se_1,2,h0099,0.0,scr2000,avaConv,pvInd_b
se_1,2,h0100,0.0,scr2000,avaConv,pvInd_b
se_1,2,h0101,0.0,scr2000,avaConv,pvInd_b
se_1,2,h0102,0.0,scr2000,avaConv,pvInd_b
se_1,2,h0103,0.0,scr2000,avaConv,pvInd_b
se_1,2,h0104,0.0014414891123247175,scr2000,avaConv,pvInd_b
se_1,2,h0105,0.01441272621900562,scr2000,avaConv,pvInd_b
se_1,2,h0106,0.04533520975966374,scr2000,avaConv,pvInd_b
se_1,2,h0107,0.0935860252546294,scr2000,avaConv,pvInd_b
se_1,2,h0108,0.13599120676498686,scr2000,avaConv,pvInd_b
se_1,2,h0109,0.28190940697187794,scr2000,avaConv,pvInd_b
se_1,2,h0110,0.3788943445437977,scr2000,avaConv,pvInd_b
se_1,2,h0111,0.41582563696059915,scr2000,avaConv,pvInd_b
se_1,2,h0112,0.25120254256707236,scr2000,avaConv,pvInd_b
se_1,2,h0113,0.10475953974258202,scr2000,avaConv,pvInd_b
se_1,2,h0114,0.018892583914784378,scr2000,avaConv,pvInd_b
se_1,2,h0115,0.0,scr2000,avaConv,pvInd_b
se_1,2,h0116,0.0,scr2000,avaConv,pvInd_b
se_1,2,h0117,0.0,scr2000,avaConv,pvInd_b
se_1,2,h0118,0.0,scr2000,avaConv,pvInd_b
se_1,2,h0119,0.0,scr2000,avaConv,pvInd_b
se_1,2,h0120,0.0,scr2000,avaConv,pvInd_b
se_1,2,h0121,0.0,scr2000,avaConv,pvInd_b
se_1,2,h0122,0.0,scr2000,avaConv,pvInd_b
se_1,2,h0123,0.0,scr2000,avaConv,pvInd_b
se_1,2,h0124,0.0,scr2000,avaConv,pvInd_b
se_1,2,h0125,0.0,scr2000,avaConv,pvInd_b
se_1,2,h0126,0.0,scr2000,avaConv,pvInd_b
se_1,2,h0127,0.0035350790395019954,scr2000,avaConv,pvInd_b
se_1,2,h0128,0.06791089620541434,scr2000,avaConv,pvInd_b
se_1,2,h0129,0.20337764807765468,scr2000,avaConv,pvInd_b
se_1,2,h0130,0.3918760868164743,scr2000,avaConv,pvInd_b
se_1,2,h0131,0.5364218367903397,scr2000,avaConv,pvInd_b
se_1,2,h0132,0.6165825480337869,scr2000,avaConv,pvInd_b
se_1,2,h0133,0.6477777126591795,scr2000,avaConv,pvInd_b
se_1,2,h0134,0.5997497548480039,scr2000,avaConv,pvInd_b
se_1,2,h0135,0.48514336758105214,scr2000,avaConv,pvInd_b
se_1,2,h0136,0.3072066508653545,scr2000,avaConv,pvInd_b
se_1,2,h0137,0.13842075031914322,scr2000,avaConv,pvInd_b
se_1,2,h0138,0.03783540099791884,scr2000,avaConv,pvInd_b
se_1,2,h0139,0.0003516308785679527,scr2000,avaConv,pvInd_b
se_1,2,h0140,0.0,scr2000,avaConv,pvInd_b
se_1,2,h0141,0.0,scr2000,avaConv,pvInd_b
se_1,2,h0142,0.0,scr2000,avaConv,pvInd_b
se_1,2,h0143,0.0,scr2000,avaConv,pvInd_b
se_1,2,h0144,0.0,scr2000,avaConv,pvInd_b
se_2,2,h0097,0.0,scr2000,avaConv,pvInd_b
se_2,2,h0098,0.0,scr2000,avaConv,pvInd_b
se_2,2,h0099,0.0,scr2000,avaConv,pvInd_b
se_2,2,h0100,0.0,scr2000,avaConv,pvInd_b
se_2,2,h0101,0.0,scr2000,avaConv,pvInd_b
se_2,2,h0102,0.0,scr2000,avaConv,pvInd_b
se_2,2,h0103,0.0,scr2000,avaConv,pvInd_b
se_2,2,h0104,0.0043776088551802286,scr2000,avaConv,pvInd_b
se_2,2,h0105,0.031068739836254022,scr2000,avaConv,pvInd_b
se_2,2,h0106,0.09067892091952941,scr2000,avaConv,pvInd_b
se_2,2,h0107,0.1805990528932565,scr2000,avaConv,pvInd_b
se_2,2,h0108,0.28177243824765263,scr2000,avaConv,pvInd_b
se_2,2,h0109,0.27346254128445807,scr2000,avaConv,pvInd_b
se_2,2,h0110,0.23864983363922423,scr2000,avaConv,pvInd_b
se_2,2,h0111,0.16111010620751226,scr2000,avaConv,pvInd_b
se_2,2,h0112,0.13438318871855584,scr2000,avaConv,pvInd_b
se_2,2,h0113,0.07061840598708219,scr2000,avaConv,pvInd_b
se_2,2,h0114,0.022221025535498217,scr2000,avaConv,pvInd_b
se_2,2,h0115,0.0,scr2000,avaConv,pvInd_b
se_2,2,h0116,0.0,scr2000,avaConv,pvInd_b
se_2,2,h0117,0.0,scr2000,avaConv,pvInd_b
se_2,2,h0118,0.0,scr2000,avaConv,pvInd_b
se_2,2,h0119,0.0,scr2000,avaConv,pvInd_b
se_2,2,h0120,0.0,scr2000,avaConv,pvInd_b
se_2,2,h0121,0.0,scr2000,avaConv,pvInd_b
se_2,2,h0122,0.0,scr2000,avaConv,pvInd_b
se_2,2,h0123,0.0,scr2000,avaConv,pvInd_b
se_2,2,h0124,0.0,scr2000,avaConv,pvInd_b
se_2,2,h0125,0.0,scr2000,avaConv,pvInd_b
se_2,2,h0126,0.0,scr2000,avaConv,pvInd_b
se_2,2,h0127,0.0010053220458876451,scr2000,avaConv,pvInd_b
se_2,2,h0128,0.06902513269134644,scr2000,avaConv,pvInd_b
se_2,2,h0129,0.2327592798356923,scr2000,avaConv,pvInd_b
se_2,2,h0130,0.4793261044818263,scr2000,avaConv,pvInd_b
se_2,2,h0131,0.6720576605868672,scr2000,avaConv,pvInd_b
se_2,2,h0132,0.7669713897771095,scr2000,avaConv,pvInd_b
se_2,2,h0133,0.6793844061165848,scr2000,avaConv,pvInd_b
se_2,2,h0134,0.527843188227734,scr2000,avaConv,pvInd_b
se_2,2,h0135,0.34464390356059244,scr2000,avaConv,pvInd_b
se_2,2,h0136,0.2293593757350292,scr2000,avaConv,pvInd_b
se_2,2,h0137,0.11767196393960357,scr2000,avaConv,pvInd_b
se_2,2,h0138,0.041920471332447744,scr2000,avaConv,pvInd_b
se_2,2,h0139,0.006825586891081547,scr2000,avaConv,pvInd_b
se_2,2,h0140,0.0,scr2000,avaConv,pvInd_b
se_2,2,h0141,0.0,scr2000,avaConv,pvInd_b
se_2,2,h0142,0.0,scr2000,avaConv,pvInd_b
se_2,2,h0143,0.0,scr2000,avaConv,pvInd_b
se_2,2,h0144,0.0,scr2000,avaConv,pvInd_b
se_3,2,h0097,0.0,scr2000,avaConv,pvInd_b
se_3,2,h0098,0.0,scr2000,avaConv,pvInd_b
se_3,2,h0099,0.0,scr2000,avaConv,pvInd_b
se_3,2,h0100,0.0,scr2000,avaConv,pvInd_b
se_3,2,h0101,0.0,scr2000,avaConv,pvInd_b
se_3,2,h0102,0.0,scr2000,avaConv,pvInd_b
se_3,2,h0103,0.0,scr2000,avaConv,pvInd_b
se_3,2,h0104,0.012645735401631721,scr2000,avaConv,pvInd_b
se_3,2,h0105,0.06505096708130426,scr2000,avaConv,pvInd_b
se_3,2,h0106,0.1613770623853995,scr2000,avaConv,pvInd_b
se_3,2,h0107,0.26085254711289757,scr2000,avaConv,pvInd_b
se_3,2,h0108,0.3272934030632389,scr2000,avaConv,pvInd_b
se_3,2,h0109,0.26458139252150037,scr2000,avaConv,pvInd_b
se_3,2,h0110,0.19044708490681006,scr2000,avaConv,pvInd_b
se_3,2,h0111,0.10315826035676663,scr2000,avaConv,pvInd_b
se_3,2,h0112,0.08011582268072653,scr2000,avaConv,pvInd_b
se_3,2,h0113,0.03893417590988746,scr2000,avaConv,pvInd_b
se_3,2,h0114,0.011010379351235682,scr2000,avaConv,pvInd_b
se_3,2,h0115,0.0,scr2000,avaConv,pvInd_b
se_3,2,h0116,0.0,scr2000,avaConv,pvInd_b
se_3,2,h0117,0.0,scr2000,avaConv,pvInd_b
se_3,2,h0118,0.0,scr2000,avaConv,pvInd_b
se_3,2,h0119,0.0,scr2000,avaConv,pvInd_b
se_3,2,h0120,0.0,scr2000,avaConv,pvInd_b
se_3,2,h0121,0.0,scr2000,avaConv,pvInd_b
se_3,2,h0122,0.0,scr2000,avaConv,pvInd_b
se_3,2,h0123,0.0,scr2000,avaConv,pvInd_b
se_3,2,h0124,0.0,scr2000,avaConv,pvInd_b
se_3,2,h0125,0.0,scr2000,avaConv,pvInd_b
se_3,2,h0126,0.0,scr2000,avaConv,pvInd_b
se_3,2,h0127,0.00011275561304307674,scr2000,avaConv,pvInd_b
se_3,2,h0128,0.040244917861483376,scr2000,avaConv,pvInd_b
se_3,2,h0129,0.16370626816495454,scr2000,avaConv,pvInd_b
se_3,2,h0130,0.3790301901774812,scr2000,avaConv,pvInd_b
se_3,2,h0131,0.5856992246014776,scr2000,avaConv,pvInd_b
se_3,2,h0132,0.7311737118975715,scr2000,avaConv,pvInd_b
se_3,2,h0133,0.6601937625982487,scr2000,avaConv,pvInd_b
se_3,2,h0134,0.49088266057750307,scr2000,avaConv,pvInd_b
se_3,2,h0135,0.27726060703694105,scr2000,avaConv,pvInd_b
se_3,2,h0136,0.16627760985336348,scr2000,avaConv,pvInd_b
se_3,2,h0137,0.08449644767595506,scr2000,avaConv,pvInd_b
se_3,2,h0138,0.030298978560866226,scr2000,avaConv,pvInd_b
se_3,2,h0139,0.005369401750193247,scr2000,avaConv,pvInd_b
se_3,2,h0140,0.0,scr2000,avaConv,pvInd_b
se_3,2,h0141,0.0,scr2000,avaConv,pvInd_b
se_3,2,h0142,0.0,scr2000,avaConv,pvInd_b
se_3,2,h0143,0.0,scr2000,avaConv,pvInd_b
se_3,2,h0144,0.0,scr2000,avaConv,pvInd_b
se_4,2,h0097,0.0,scr2000,avaConv,pvInd_b
se_4,2,h0098,0.0,scr2000,avaConv,pvInd_b
se_4,2,h0099,0.0,scr2000,avaConv,pvInd_b
se_4,2,h0100,0.0,scr2000,avaConv,pvInd_b
se_4,2,h0101,0.0,scr2000,avaConv,pvInd_b
se_4,2,h0102,0.0,scr2000,avaConv,pvInd_b
se_4,2,h0103,0.0,scr2000,avaConv,pvInd_b
se_4,2,h0104,0.010945668732230648,scr2000,avaConv,pvInd_b
se_4,2,h0105,0.04602789016791605,scr2000,avaConv,pvInd_b
se_4,2,h0106,0.10650775776215528,scr2000,avaConv,pvInd_b
se_4,2,h0107,0.15916161598358702,scr2000,avaConv,pvInd_b
se_4,2,h0108,0.2040747921022154,scr2000,avaConv,pvInd_b
se_4,2,h0109,0.17143456499686238,scr2000,avaConv,pvInd_b
se_4,2,h0110,0.11864957571090172,scr2000,avaConv,pvInd_b
se_4,2,h0111,0.0463687711541951,scr2000,avaConv,pvInd_b
se_4,2,h0112,0.020762246736762295,scr2000,avaConv,pvInd_b
se_4,2,h0113,0.0068331464200552345,scr2000,avaConv,pvInd_b
se_4,2,h0114,0.001379729818824585,scr2000,avaConv,pvInd_b
se_4,2,h0115,0.0,scr2000,avaConv,pvInd_b
se_4,2,h0116,0.0,scr2000,avaConv,pvInd_b
se_4,2,h0117,0.0,scr2000,avaConv,pvInd_b
se_4,2,h0118,0.0,scr2000,avaConv,pvInd_b
se_4,2,h0119,0.0,scr2000,avaConv,pvInd_b
se_4,2,h0120,0.0,scr2000,avaConv,pvInd_b
se_4,2,h0121,0.0,scr2000,avaConv,pvInd_b
se_4,2,h0122,0.0,scr2000,avaConv,pvInd_b
se_4,2,h0123,0.0,scr2000,avaConv,pvInd_b
se_4,2,h0124,0.0,scr2000,avaConv,pvInd_b
se_4,2,h0125,0.0,scr2000,avaConv,pvInd_b
se_4,2,h0126,0.0,scr2000,avaConv,pvInd_b
se_4,2,h0127,0.0,scr2000,avaConv,pvInd_b
se_4,2,h0128,0.009857987251909226,scr2000,avaConv,pvInd_b
se_4,2,h0129,0.03893150322973279,scr2000,avaConv,pvInd_b
se_4,2,h0130,0.0853806511179905,scr2000,avaConv,pvInd_b
se_4,2,h0131,0.12077364745872518,scr2000,avaConv,pvInd_b
se_4,2,h0132,0.13666109430486978,scr2000,avaConv,pvInd_b
se_4,2,h0133,0.19505714931933044,scr2000,avaConv,pvInd_b
se_4,2,h0134,0.20834471114781059,scr2000,avaConv,pvInd_b
se_4,2,h0135,0.19225758216683728,scr2000,avaConv,pvInd_b
se_4,2,h0136,0.10255793793254532,scr2000,avaConv,pvInd_b
se_4,2,h0137,0.04813985343554952,scr2000,avaConv,pvInd_b
se_4,2,h0138,0.016780388138313427,scr2000,avaConv,pvInd_b
se_4,2,h0139,0.0033504402550747683,scr2000,avaConv,pvInd_b
se_4,2,h0140,0.0,scr2000,avaConv,pvInd_b
se_4,2,h0141,0.0,scr2000,avaConv,pvInd_b
se_4,2,h0142,0.0,scr2000,avaConv,pvInd_b
se_4,2,h0143,0.0,scr2000,avaConv,pvInd_b
se_4,2,h0144,0.0,scr2000,avaConv,pvInd_b
si,2,h0097,0.0,scr2000,avaConv,pvInd_b
si,2,h0098,0.0,scr2000,avaConv,pvInd_b
si,2,h0099,0.0,scr2000,avaConv,pvInd_b
si,2,h0100,0.0,scr2000,avaConv,pvInd_b
si,2,h0101,0.0,scr2000,avaConv,pvInd_b
si,2,h0102,0.0,scr2000,avaConv,pvInd_b
si,2,h0103,0.0,scr2000,avaConv,pvInd_b
si,2,h0104,0.03583869812996508,scr2000,avaConv,pvInd_b
si,2,h0105,0.13955277054128218,scr2000,avaConv,pvInd_b
si,2,h0106,0.31340805680283185,scr2000,avaConv,pvInd_b
si,2,h0107,0.48042484064740015,scr2000,avaConv,pvInd_b
si,2,h0108,0.5992593948723823,scr2000,avaConv,pvInd_b
si,2,h0109,0.6784801198494879,scr2000,avaConv,pvInd_b
si,2,h0110,0.6900220558208957,scr2000,avaConv,pvInd_b
si,2,h0111,0.6290953561307171,scr2000,avaConv,pvInd_b
si,2,h0112,0.47262697666636644,scr2000,avaConv,pvInd_b
si,2,h0113,0.2730219456916632,scr2000,avaConv,pvInd_b
si,2,h0114,0.10508177618963851,scr2000,avaConv,pvInd_b
si,2,h0115,0.019852683397862458,scr2000,avaConv,pvInd_b
si,2,h0116,0.0,scr2000,avaConv,pvInd_b
si,2,h0117,0.0,scr2000,avaConv,pvInd_b
si,2,h0118,0.0,scr2000,avaConv,pvInd_b
si,2,h0119,0.0,scr2000,avaConv,pvInd_b
si,2,h0120,0.0,scr2000,avaConv,pvInd_b
si,2,h0121,0.0,scr2000,avaConv,pvInd_b
si,2,h0122,0.0,scr2000,avaConv,pvInd_b
si,2,h0123,0.0,scr2000,avaConv,pvInd_b
si,2,h0124,0.0,scr2000,avaConv,pvInd_b
si,2,h0125,0.0,scr2000,avaConv,pvInd_b
si,2,h0126,0.0,scr2000,avaConv,pvInd_b
si,2,h0127,0.007207598517445711,scr2000,avaConv,pvInd_b
si,2,h0128,0.05212548967247604,scr2000,avaConv,pvInd_b
si,2,h0129,0.15815698538605552,scr2000,avaConv,pvInd_b
si,2,h0130,0.31445387270201985,scr2000,avaConv,pvInd_b
si,2,h0131,0.4678394822177761,scr2000,avaConv,pvInd_b
si,2,h0132,0.5844594776189441,scr2000,avaConv,pvInd_b
si,2,h0133,0.6010577547972048,scr2000,avaConv,pvInd_b
si,2,h0134,0.5366106506808935,scr2000,avaConv,pvInd_b
si,2,h0135,0.42807991335953727,scr2000,avaConv,pvInd_b
si,2,h0136,0.328164632032669,scr2000,avaConv,pvInd_b
si,2,h0137,0.2155193350633115,scr2000,avaConv,pvInd_b
si,2,h0138,0.09692567048495684,scr2000,avaConv,pvInd_b
si,2,h0139,0.022772881462890984,scr2000,avaConv,pvInd_b
si,2,h0140,0.0,scr2000,avaConv,pvInd_b
si,2,h0141,0.0,scr2000,avaConv,pvInd_b
si,2,h0142,0.0,scr2000,avaConv,pvInd_b
si,2,h0143,0.0,scr2000,avaConv,pvInd_b
si,2,h0144,0.0,scr2000,avaConv,pvInd_b
sk,2,h0097,0.0,scr2000,avaConv,pvInd_b
sk,2,h0098,0.0,scr2000,avaConv,pvInd_b
sk,2,h0099,0.0,scr2000,avaConv,pvInd_b
sk,2,h0100,0.0,scr2000,avaConv,pvInd_b
sk,2,h0101,0.0,scr2000,avaConv,pvInd_b
sk,2,h0102,0.0,scr2000,avaConv,pvInd_b
sk,2,h0103,0.0018441624842323876,scr2000,avaConv,pvInd_b
sk,2,h0104,0.015198587571957058,scr2000,avaConv,pvInd_b
sk,2,h0105,0.04207658810442696,scr2000,avaConv,pvInd_b
sk,2,h0106,0.0682382640098709,scr2000,avaConv,pvInd_b
sk,2,h0107,0.0833299463464286,scr2000,avaConv,pvInd_b
sk,2,h0108,0.09685566033501147,scr2000,avaConv,pvInd_b
sk,2,h0109,0.30705841733485867,scr2000,avaConv,pvInd_b
sk,2,h0110,0.4887437288211736,scr2000,avaConv,pvInd_b
sk,2,h0111,0.6026411629587501,scr2000,avaConv,pvInd_b
sk,2,h0112,0.43409854039081924,scr2000,avaConv,pvInd_b
sk,2,h0113,0.2346473339292252,scr2000,avaConv,pvInd_b
sk,2,h0114,0.0843647481250462,scr2000,avaConv,pvInd_b
sk,2,h0115,0.010391453578515217,scr2000,avaConv,pvInd_b
sk,2,h0116,0.0,scr2000,avaConv,pvInd_b
sk,2,h0117,0.0,scr2000,avaConv,pvInd_b
sk,2,h0118,0.0,scr2000,avaConv,pvInd_b
sk,2,h0119,0.0,scr2000,avaConv,pvInd_b
sk,2,h0120,0.0,scr2000,avaConv,pvInd_b
sk,2,h0121,0.0,scr2000,avaConv,pvInd_b
sk,2,h0122,0.0,scr2000,avaConv,pvInd_b
sk,2,h0123,0.0,scr2000,avaConv,pvInd_b
sk,2,h0124,0.0,scr2000,avaConv,pvInd_b
sk,2,h0125,0.0,scr2000,avaConv,pvInd_b
sk,2,h0126,0.0,scr2000,avaConv,pvInd_b
sk,2,h0127,0.00786063456383524,scr2000,avaConv,pvInd_b
sk,2,h0128,0.05093923334029043,scr2000,avaConv,pvInd_b
sk,2,h0129,0.13589207833513048,scr2000,avaConv,pvInd_b
sk,2,h0130,0.21972414012073896,scr2000,avaConv,pvInd_b
sk,2,h0131,0.24255433783580205,scr2000,avaConv,pvInd_b
sk,2,h0132,0.19915473016454296,scr2000,avaConv,pvInd_b
sk,2,h0133,0.321112714886979,scr2000,avaConv,pvInd_b
sk,2,h0134,0.4668763705156493,scr2000,avaConv,pvInd_b
sk,2,h0135,0.596815544208168,scr2000,avaConv,pvInd_b
sk,2,h0136,0.47529746002359796,scr2000,avaConv,pvInd_b
sk,2,h0137,0.2849817235044271,scr2000,avaConv,pvInd_b
sk,2,h0138,0.11611094863898844,scr2000,avaConv,pvInd_b
sk,2,h0139,0.022857108327373577,scr2000,avaConv,pvInd_b
sk,2,h0140,0.0,scr2000,avaConv,pvInd_b
sk,2,h0141,0.0,scr2000,avaConv,pvInd_b
sk,2,h0142,0.0,scr2000,avaConv,pvInd_b
sk,2,h0143,0.0,scr2000,avaConv,pvInd_b
sk,2,h0144,0.0,scr2000,avaConv,pvInd_b
uk,2,h0097,0.0,scr2000,avaConv,pvInd_b
uk,2,h0098,0.0,scr2000,avaConv,pvInd_b
uk,2,h0099,0.0,scr2000,avaConv,pvInd_b
uk,2,h0100,0.0,scr2000,avaConv,pvInd_b
uk,2,h0101,0.0,scr2000,avaConv,pvInd_b
uk,2,h0102,0.0,scr2000,avaConv,pvInd_b
uk,2,h0103,0.0,scr2000,avaConv,pvInd_b
uk,2,h0104,0.0,scr2000,avaConv,pvInd_b
uk,2,h0105,0.027462349355551433,scr2000,avaConv,pvInd_b
uk,2,h0106,0.12553060127598306,scr2000,avaConv,pvInd_b
uk,2,h0107,0.3015904149056288,scr2000,avaConv,pvInd_b
uk,2,h0108,0.4727948939481657,scr2000,avaConv,pvInd_b
uk,2,h0109,0.5402339341793437,scr2000,avaConv,pvInd_b
uk,2,h0110,0.5428516791098454,scr2000,avaConv,pvInd_b
uk,2,h0111,0.48947836864546657,scr2000,avaConv,pvInd_b
uk,2,h0112,0.4195716647136273,scr2000,avaConv,pvInd_b
uk,2,h0113,0.30417005923043855,scr2000,avaConv,pvInd_b
uk,2,h0114,0.1709170381477841,scr2000,avaConv,pvInd_b
uk,2,h0115,0.06600658951234331,scr2000,avaConv,pvInd_b
uk,2,h0116,0.012928141596289378,scr2000,avaConv,pvInd_b
uk,2,h0117,0.0,scr2000,avaConv,pvInd_b
uk,2,h0118,0.0,scr2000,avaConv,pvInd_b
uk,2,h0119,0.0,scr2000,avaConv,pvInd_b
uk,2,h0120,0.0,scr2000,avaConv,pvInd_b
uk,2,h0121,0.0,scr2000,avaConv,pvInd_b
uk,2,h0122,0.0,scr2000,avaConv,pvInd_b
uk,2,h0123,0.0,scr2000,avaConv,pvInd_b
uk,2,h0124,0.0,scr2000,avaConv,pvInd_b
uk,2,h0125,0.0,scr2000,avaConv,pvInd_b
uk,2,h0126,0.0,scr2000,avaConv,pvInd_b
uk,2,h0127,0.0,scr2000,avaConv,pvInd_b
uk,2,h0128,0.0004014199652743753,scr2000,avaConv,pvInd_b
uk,2,h0129,0.013344446378894365,scr2000,avaConv,pvInd_b
uk,2,h0130,0.053760867915728046,scr2000,avaConv,pvInd_b
uk,2,h0131,0.11969606981034724,scr2000,avaConv,pvInd_b
uk,2,h0132,0.17548309309720744,scr2000,avaConv,pvInd_b
uk,2,h0133,0.3435402308931102,scr2000,avaConv,pvInd_b
uk,2,h0134,0.49741519019238634,scr2000,avaConv,pvInd_b
uk,2,h0135,0.624286056889996,scr2000,avaConv,pvInd_b
uk,2,h0136,0.5393958734057686,scr2000,avaConv,pvInd_b
uk,2,h0137,0.4005766397127395,scr2000,avaConv,pvInd_b
uk,2,h0138,0.23237599899833034,scr2000,avaConv,pvInd_b
uk,2,h0139,0.09015900963760398,scr2000,avaConv,pvInd_b
uk,2,h0140,0.017740710439786794,scr2000,avaConv,pvInd_b
uk,2,h0141,0.0,scr2000,avaConv,pvInd_b
uk,2,h0142,0.0,scr2000,avaConv,pvInd_b
uk,2,h0143,0.0,scr2000,avaConv,pvInd_b
uk,2,h0144,0.0,scr2000,avaConv,pvInd_b
ni,2,h0097,0.0,scr2000,avaConv,pvInd_b
ni,2,h0098,0.0,scr2000,avaConv,pvInd_b
ni,2,h0099,0.0,scr2000,avaConv,pvInd_b
ni,2,h0100,0.0,scr2000,avaConv,pvInd_b
ni,2,h0101,0.0,scr2000,avaConv,pvInd_b
ni,2,h0102,0.0,scr2000,avaConv,pvInd_b
ni,2,h0103,0.0,scr2000,avaConv,pvInd_b
ni,2,h0104,0.0,scr2000,avaConv,pvInd_b
ni,2,h0105,0.016223328584875827,scr2000,avaConv,pvInd_b
ni,2,h0106,0.09483230956342269,scr2000,avaConv,pvInd_b
ni,2,h0107,0.2622302128403046,scr2000,avaConv,pvInd_b
ni,2,h0108,0.47759066255254423,scr2000,avaConv,pvInd_b
ni,2,h0109,0.6290363648277122,scr2000,avaConv,pvInd_b
ni,2,h0110,0.6608585038285548,scr2000,avaConv,pvInd_b
ni,2,h0111,0.5745955688382909,scr2000,avaConv,pvInd_b
ni,2,h0112,0.4450149031990138,scr2000,avaConv,pvInd_b
ni,2,h0113,0.3229795137276864,scr2000,avaConv,pvInd_b
ni,2,h0114,0.20281354934174756,scr2000,avaConv,pvInd_b
ni,2,h0115,0.09269796772384364,scr2000,avaConv,pvInd_b
ni,2,h0116,0.02188990825461511,scr2000,avaConv,pvInd_b
ni,2,h0117,0.0,scr2000,avaConv,pvInd_b
ni,2,h0118,0.0,scr2000,avaConv,pvInd_b
ni,2,h0119,0.0,scr2000,avaConv,pvInd_b
ni,2,h0120,0.0,scr2000,avaConv,pvInd_b
ni,2,h0121,0.0,scr2000,avaConv,pvInd_b
ni,2,h0122,0.0,scr2000,avaConv,pvInd_b
ni,2,h0123,0.0,scr2000,avaConv,pvInd_b
ni,2,h0124,0.0,scr2000,avaConv,pvInd_b
ni,2,h0125,0.0,scr2000,avaConv,pvInd_b
ni,2,h0126,0.0,scr2000,avaConv,pvInd_b
ni,2,h0127,0.0,scr2000,avaConv,pvInd_b
ni,2,h0128,0.0,scr2000,avaConv,pvInd_b
ni,2,h0129,0.0017924726260054205,scr2000,avaConv,pvInd_b
ni,2,h0130,0.017374402704586556,scr2000,avaConv,pvInd_b
ni,2,h0131,0.04924166694972711,scr2000,avaConv,pvInd_b
ni,2,h0132,0.09134332259140658,scr2000,avaConv,pvInd_b
ni,2,h0133,0.14407677455874973,scr2000,avaConv,pvInd_b
ni,2,h0134,0.22030170569171123,scr2000,avaConv,pvInd_b
ni,2,h0135,0.3120882413660282,scr2000,avaConv,pvInd_b
ni,2,h0136,0.334042187720239,scr2000,avaConv,pvInd_b
ni,2,h0137,0.2737074764148025,scr2000,avaConv,pvInd_b
ni,2,h0138,0.15812968207171194,scr2000,avaConv,pvInd_b
ni,2,h0139,0.0639424639183566,scr2000,avaConv,pvInd_b
ni,2,h0140,0.015339873528052099,scr2000,avaConv,pvInd_b
ni,2,h0141,0.0,scr2000,avaConv,pvInd_b
ni,2,h0142,0.0,scr2000,avaConv,pvInd_b
ni,2,h0143,0.0,scr2000,avaConv,pvInd_b
ni,2,h0144,0.0,scr2000,avaConv,pvInd_b
