region_3,category,timestep_6,value,scenario_1,parameter,technology_3
al,1,h0001,0.0,scr2011,avaConv,pvOpenspace_a
al,1,h0002,0.0,scr2011,avaConv,pvOpenspace_a
al,1,h0003,0.0,scr2011,avaConv,pvOpenspace_a
al,1,h0004,0.0,scr2011,avaConv,pvOpenspace_a
al,1,h0005,0.0,scr2011,avaConv,pvOpenspace_a
al,1,h0006,0.0,scr2011,avaConv,pvOpenspace_a
al,1,h0007,0.0,scr2011,avaConv,pvOpenspace_a
al,1,h0008,0.02347104785019571,scr2011,avaConv,pvOpenspace_a
al,1,h0009,0.10541889806186648,scr2011,avaConv,pvOpenspace_a
al,1,h0010,0.24721120233058427,scr2011,avaConv,pvOpenspace_a
al,1,h0011,0.3879673132659813,scr2011,avaConv,pvOpenspace_a
al,1,h0012,0.4687538135488528,scr2011,avaConv,pvOpenspace_a
al,1,h0013,0.4641329198830316,scr2011,avaConv,pvOpenspace_a
al,1,h0014,0.38572917494063996,scr2011,avaConv,pvOpenspace_a
al,1,h0015,0.2585241676632175,scr2011,avaConv,pvOpenspace_a
al,1,h0016,0.13381528332975168,scr2011,avaConv,pvOpenspace_a
al,1,h0017,0.04492681117087483,scr2011,avaConv,pvOpenspace_a
al,1,h0018,0.00716897365527148,scr2011,avaConv,pvOpenspace_a
al,1,h0019,0.0,scr2011,avaConv,pvOpenspace_a
al,1,h0020,0.0,scr2011,avaConv,pvOpenspace_a
al,1,h0021,0.0,scr2011,avaConv,pvOpenspace_a
al,1,h0022,0.0,scr2011,avaConv,pvOpenspace_a
al,1,h0023,0.0,scr2011,avaConv,pvOpenspace_a
al,1,h0024,0.0,scr2011,avaConv,pvOpenspace_a
al,1,h0025,0.0,scr2011,avaConv,pvOpenspace_a
al,1,h0026,0.0,scr2011,avaConv,pvOpenspace_a
al,1,h0027,0.0,scr2011,avaConv,pvOpenspace_a
al,1,h0028,0.0,scr2011,avaConv,pvOpenspace_a
al,1,h0029,0.0,scr2011,avaConv,pvOpenspace_a
al,1,h0030,0.0,scr2011,avaConv,pvOpenspace_a
al,1,h0031,0.0,scr2011,avaConv,pvOpenspace_a
al,1,h0032,0.03497421675921548,scr2011,avaConv,pvOpenspace_a
al,1,h0033,0.13956781809840987,scr2011,avaConv,pvOpenspace_a
al,1,h0034,0.3145199294709453,scr2011,avaConv,pvOpenspace_a
al,1,h0035,0.4688673590721052,scr2011,avaConv,pvOpenspace_a
al,1,h0036,0.5615684571408242,scr2011,avaConv,pvOpenspace_a
al,1,h0037,0.43603744265221095,scr2011,avaConv,pvOpenspace_a
al,1,h0038,0.272571133216713,scr2011,avaConv,pvOpenspace_a
al,1,h0039,0.10538803518026751,scr2011,avaConv,pvOpenspace_a
al,1,h0040,0.05562096388625724,scr2011,avaConv,pvOpenspace_a
al,1,h0041,0.020142625729616573,scr2011,avaConv,pvOpenspace_a
al,1,h0042,0.0023939417199743728,scr2011,avaConv,pvOpenspace_a
al,1,h0043,0.0,scr2011,avaConv,pvOpenspace_a
al,1,h0044,0.0,scr2011,avaConv,pvOpenspace_a
al,1,h0045,0.0,scr2011,avaConv,pvOpenspace_a
al,1,h0046,0.0,scr2011,avaConv,pvOpenspace_a
al,1,h0047,0.0,scr2011,avaConv,pvOpenspace_a
al,1,h0048,0.0,scr2011,avaConv,pvOpenspace_a
at,1,h0001,0.0,scr2011,avaConv,pvOpenspace_a
at,1,h0002,0.0,scr2011,avaConv,pvOpenspace_a
at,1,h0003,0.0,scr2011,avaConv,pvOpenspace_a
at,1,h0004,0.0,scr2011,avaConv,pvOpenspace_a
at,1,h0005,0.0,scr2011,avaConv,pvOpenspace_a
at,1,h0006,0.0,scr2011,avaConv,pvOpenspace_a
at,1,h0007,0.0,scr2011,avaConv,pvOpenspace_a
at,1,h0008,0.0,scr2011,avaConv,pvOpenspace_a
at,1,h0009,0.05915323173480864,scr2011,avaConv,pvOpenspace_a
at,1,h0010,0.18352187520597094,scr2011,avaConv,pvOpenspace_a
at,1,h0011,0.3572105652538775,scr2011,avaConv,pvOpenspace_a
at,1,h0012,0.4752485889025721,scr2011,avaConv,pvOpenspace_a
at,1,h0013,0.4601291940764379,scr2011,avaConv,pvOpenspace_a
at,1,h0014,0.38298975394757817,scr2011,avaConv,pvOpenspace_a
at,1,h0015,0.25019745625866374,scr2011,avaConv,pvOpenspace_a
at,1,h0016,0.13581374003013083,scr2011,avaConv,pvOpenspace_a
at,1,h0017,0.04612456823354824,scr2011,avaConv,pvOpenspace_a
at,1,h0018,0.0012716557248286019,scr2011,avaConv,pvOpenspace_a
at,1,h0019,0.0,scr2011,avaConv,pvOpenspace_a
at,1,h0020,0.0,scr2011,avaConv,pvOpenspace_a
at,1,h0021,0.0,scr2011,avaConv,pvOpenspace_a
at,1,h0022,0.0,scr2011,avaConv,pvOpenspace_a
at,1,h0023,0.0,scr2011,avaConv,pvOpenspace_a
at,1,h0024,0.0,scr2011,avaConv,pvOpenspace_a
at,1,h0025,0.0,scr2011,avaConv,pvOpenspace_a
at,1,h0026,0.0,scr2011,avaConv,pvOpenspace_a
at,1,h0027,0.0,scr2011,avaConv,pvOpenspace_a
at,1,h0028,0.0,scr2011,avaConv,pvOpenspace_a
at,1,h0029,0.0,scr2011,avaConv,pvOpenspace_a
at,1,h0030,0.0,scr2011,avaConv,pvOpenspace_a
at,1,h0031,0.0,scr2011,avaConv,pvOpenspace_a
at,1,h0032,0.0,scr2011,avaConv,pvOpenspace_a
at,1,h0033,0.0626013370412927,scr2011,avaConv,pvOpenspace_a
at,1,h0034,0.19028017699943572,scr2011,avaConv,pvOpenspace_a
at,1,h0035,0.36195804399407655,scr2011,avaConv,pvOpenspace_a
at,1,h0036,0.4713518412745255,scr2011,avaConv,pvOpenspace_a
at,1,h0037,0.4439088373100278,scr2011,avaConv,pvOpenspace_a
at,1,h0038,0.35907815478180316,scr2011,avaConv,pvOpenspace_a
at,1,h0039,0.2320772396791089,scr2011,avaConv,pvOpenspace_a
at,1,h0040,0.14902749094029077,scr2011,avaConv,pvOpenspace_a
at,1,h0041,0.06685324222370248,scr2011,avaConv,pvOpenspace_a
at,1,h0042,0.018104838667183543,scr2011,avaConv,pvOpenspace_a
at,1,h0043,0.0,scr2011,avaConv,pvOpenspace_a
at,1,h0044,0.0,scr2011,avaConv,pvOpenspace_a
at,1,h0045,0.0,scr2011,avaConv,pvOpenspace_a
at,1,h0046,0.0,scr2011,avaConv,pvOpenspace_a
at,1,h0047,0.0,scr2011,avaConv,pvOpenspace_a
at,1,h0048,0.0,scr2011,avaConv,pvOpenspace_a
ba,1,h0001,0.0,scr2011,avaConv,pvOpenspace_a
ba,1,h0002,0.0,scr2011,avaConv,pvOpenspace_a
ba,1,h0003,0.0,scr2011,avaConv,pvOpenspace_a
ba,1,h0004,0.0,scr2011,avaConv,pvOpenspace_a
ba,1,h0005,0.0,scr2011,avaConv,pvOpenspace_a
ba,1,h0006,0.0,scr2011,avaConv,pvOpenspace_a
ba,1,h0007,0.0,scr2011,avaConv,pvOpenspace_a
ba,1,h0008,0.03371780095512978,scr2011,avaConv,pvOpenspace_a
ba,1,h0009,0.11824144344724179,scr2011,avaConv,pvOpenspace_a
ba,1,h0010,0.270002254569577,scr2011,avaConv,pvOpenspace_a
ba,1,h0011,0.43922666553074424,scr2011,avaConv,pvOpenspace_a
ba,1,h0012,0.57018571784384,scr2011,avaConv,pvOpenspace_a
ba,1,h0013,0.49875481839174907,scr2011,avaConv,pvOpenspace_a
ba,1,h0014,0.3633446455077704,scr2011,avaConv,pvOpenspace_a
ba,1,h0015,0.190043402572774,scr2011,avaConv,pvOpenspace_a
ba,1,h0016,0.11275193070801054,scr2011,avaConv,pvOpenspace_a
ba,1,h0017,0.04522717246185763,scr2011,avaConv,pvOpenspace_a
ba,1,h0018,0.0030304291703530765,scr2011,avaConv,pvOpenspace_a
ba,1,h0019,0.0,scr2011,avaConv,pvOpenspace_a
ba,1,h0020,0.0,scr2011,avaConv,pvOpenspace_a
ba,1,h0021,0.0,scr2011,avaConv,pvOpenspace_a
ba,1,h0022,0.0,scr2011,avaConv,pvOpenspace_a
ba,1,h0023,0.0,scr2011,avaConv,pvOpenspace_a
ba,1,h0024,0.0,scr2011,avaConv,pvOpenspace_a
ba,1,h0025,0.0,scr2011,avaConv,pvOpenspace_a
ba,1,h0026,0.0,scr2011,avaConv,pvOpenspace_a
ba,1,h0027,0.0,scr2011,avaConv,pvOpenspace_a
ba,1,h0028,0.0,scr2011,avaConv,pvOpenspace_a
ba,1,h0029,0.0,scr2011,avaConv,pvOpenspace_a
ba,1,h0030,0.0,scr2011,avaConv,pvOpenspace_a
ba,1,h0031,0.0,scr2011,avaConv,pvOpenspace_a
ba,1,h0032,0.0496093926231771,scr2011,avaConv,pvOpenspace_a
ba,1,h0033,0.16548299173920672,scr2011,avaConv,pvOpenspace_a
ba,1,h0034,0.33865119508297126,scr2011,avaConv,pvOpenspace_a
ba,1,h0035,0.49359554105219355,scr2011,avaConv,pvOpenspace_a
ba,1,h0036,0.5918468657159619,scr2011,avaConv,pvOpenspace_a
ba,1,h0037,0.45218888954817826,scr2011,avaConv,pvOpenspace_a
ba,1,h0038,0.27070376856772027,scr2011,avaConv,pvOpenspace_a
ba,1,h0039,0.06723888275337223,scr2011,avaConv,pvOpenspace_a
ba,1,h0040,0.035079512572425885,scr2011,avaConv,pvOpenspace_a
ba,1,h0041,0.012022967318992937,scr2011,avaConv,pvOpenspace_a
ba,1,h0042,0.0013420683554041153,scr2011,avaConv,pvOpenspace_a
ba,1,h0043,0.0,scr2011,avaConv,pvOpenspace_a
ba,1,h0044,0.0,scr2011,avaConv,pvOpenspace_a
ba,1,h0045,0.0,scr2011,avaConv,pvOpenspace_a
ba,1,h0046,0.0,scr2011,avaConv,pvOpenspace_a
ba,1,h0047,0.0,scr2011,avaConv,pvOpenspace_a
ba,1,h0048,0.0,scr2011,avaConv,pvOpenspace_a
be,1,h0001,0.0,scr2011,avaConv,pvOpenspace_a
be,1,h0002,0.0,scr2011,avaConv,pvOpenspace_a
be,1,h0003,0.0,scr2011,avaConv,pvOpenspace_a
be,1,h0004,0.0,scr2011,avaConv,pvOpenspace_a
be,1,h0005,0.0,scr2011,avaConv,pvOpenspace_a
be,1,h0006,0.0,scr2011,avaConv,pvOpenspace_a
be,1,h0007,0.0,scr2011,avaConv,pvOpenspace_a
be,1,h0008,0.0,scr2011,avaConv,pvOpenspace_a
be,1,h0009,0.0,scr2011,avaConv,pvOpenspace_a
be,1,h0010,0.050555398054157034,scr2011,avaConv,pvOpenspace_a
be,1,h0011,0.13381655794463856,scr2011,avaConv,pvOpenspace_a
be,1,h0012,0.23514554194451945,scr2011,avaConv,pvOpenspace_a
be,1,h0013,0.2065991885348839,scr2011,avaConv,pvOpenspace_a
be,1,h0014,0.146990046843762,scr2011,avaConv,pvOpenspace_a
be,1,h0015,0.06887427401371028,scr2011,avaConv,pvOpenspace_a
be,1,h0016,0.058164087972821875,scr2011,avaConv,pvOpenspace_a
be,1,h0017,0.03450956787849593,scr2011,avaConv,pvOpenspace_a
be,1,h0018,0.011305540481366633,scr2011,avaConv,pvOpenspace_a
be,1,h0019,0.0,scr2011,avaConv,pvOpenspace_a
be,1,h0020,0.0,scr2011,avaConv,pvOpenspace_a
be,1,h0021,0.0,scr2011,avaConv,pvOpenspace_a
be,1,h0022,0.0,scr2011,avaConv,pvOpenspace_a
be,1,h0023,0.0,scr2011,avaConv,pvOpenspace_a
be,1,h0024,0.0,scr2011,avaConv,pvOpenspace_a
be,1,h0025,0.0,scr2011,avaConv,pvOpenspace_a
be,1,h0026,0.0,scr2011,avaConv,pvOpenspace_a
be,1,h0027,0.0,scr2011,avaConv,pvOpenspace_a
be,1,h0028,0.0,scr2011,avaConv,pvOpenspace_a
be,1,h0029,0.0,scr2011,avaConv,pvOpenspace_a
be,1,h0030,0.0,scr2011,avaConv,pvOpenspace_a
be,1,h0031,0.0,scr2011,avaConv,pvOpenspace_a
be,1,h0032,0.0,scr2011,avaConv,pvOpenspace_a
be,1,h0033,0.0,scr2011,avaConv,pvOpenspace_a
be,1,h0034,0.005236650432932379,scr2011,avaConv,pvOpenspace_a
be,1,h0035,0.017163124405147695,scr2011,avaConv,pvOpenspace_a
be,1,h0036,0.03657955082295034,scr2011,avaConv,pvOpenspace_a
be,1,h0037,0.12659457167664387,scr2011,avaConv,pvOpenspace_a
be,1,h0038,0.19059590483086217,scr2011,avaConv,pvOpenspace_a
be,1,h0039,0.22746944383419504,scr2011,avaConv,pvOpenspace_a
be,1,h0040,0.1668597040293568,scr2011,avaConv,pvOpenspace_a
be,1,h0041,0.09093031675831471,scr2011,avaConv,pvOpenspace_a
be,1,h0042,0.03464329040316483,scr2011,avaConv,pvOpenspace_a
be,1,h0043,0.0,scr2011,avaConv,pvOpenspace_a
be,1,h0044,0.0,scr2011,avaConv,pvOpenspace_a
be,1,h0045,0.0,scr2011,avaConv,pvOpenspace_a
be,1,h0046,0.0,scr2011,avaConv,pvOpenspace_a
be,1,h0047,0.0,scr2011,avaConv,pvOpenspace_a
be,1,h0048,0.0,scr2011,avaConv,pvOpenspace_a
bg,1,h0001,0.0,scr2011,avaConv,pvOpenspace_a
bg,1,h0002,0.0,scr2011,avaConv,pvOpenspace_a
bg,1,h0003,0.0,scr2011,avaConv,pvOpenspace_a
bg,1,h0004,0.0,scr2011,avaConv,pvOpenspace_a
bg,1,h0005,0.0,scr2011,avaConv,pvOpenspace_a
bg,1,h0006,0.0,scr2011,avaConv,pvOpenspace_a
bg,1,h0007,0.0,scr2011,avaConv,pvOpenspace_a
bg,1,h0008,0.024960990749334788,scr2011,avaConv,pvOpenspace_a
bg,1,h0009,0.09624755427665872,scr2011,avaConv,pvOpenspace_a
bg,1,h0010,0.21432094936921992,scr2011,avaConv,pvOpenspace_a
bg,1,h0011,0.3145615273319406,scr2011,avaConv,pvOpenspace_a
bg,1,h0012,0.3600015168209322,scr2011,avaConv,pvOpenspace_a
bg,1,h0013,0.38110849830887733,scr2011,avaConv,pvOpenspace_a
bg,1,h0014,0.3364373027202876,scr2011,avaConv,pvOpenspace_a
bg,1,h0015,0.2479195810188015,scr2011,avaConv,pvOpenspace_a
bg,1,h0016,0.10856461336446915,scr2011,avaConv,pvOpenspace_a
bg,1,h0017,0.028089988543074953,scr2011,avaConv,pvOpenspace_a
bg,1,h0018,0.0,scr2011,avaConv,pvOpenspace_a
bg,1,h0019,0.0,scr2011,avaConv,pvOpenspace_a
bg,1,h0020,0.0,scr2011,avaConv,pvOpenspace_a
bg,1,h0021,0.0,scr2011,avaConv,pvOpenspace_a
bg,1,h0022,0.0,scr2011,avaConv,pvOpenspace_a
bg,1,h0023,0.0,scr2011,avaConv,pvOpenspace_a
bg,1,h0024,0.0,scr2011,avaConv,pvOpenspace_a
bg,1,h0025,0.0,scr2011,avaConv,pvOpenspace_a
bg,1,h0026,0.0,scr2011,avaConv,pvOpenspace_a
bg,1,h0027,0.0,scr2011,avaConv,pvOpenspace_a
bg,1,h0028,0.0,scr2011,avaConv,pvOpenspace_a
bg,1,h0029,0.0,scr2011,avaConv,pvOpenspace_a
bg,1,h0030,0.0,scr2011,avaConv,pvOpenspace_a
bg,1,h0031,0.0,scr2011,avaConv,pvOpenspace_a
bg,1,h0032,0.04139453252426542,scr2011,avaConv,pvOpenspace_a
bg,1,h0033,0.14878066625856737,scr2011,avaConv,pvOpenspace_a
bg,1,h0034,0.3210162560942714,scr2011,avaConv,pvOpenspace_a
bg,1,h0035,0.46279459520732674,scr2011,avaConv,pvOpenspace_a
bg,1,h0036,0.5490465824093218,scr2011,avaConv,pvOpenspace_a
bg,1,h0037,0.46423441258075526,scr2011,avaConv,pvOpenspace_a
bg,1,h0038,0.3296155242707386,scr2011,avaConv,pvOpenspace_a
bg,1,h0039,0.15983098079144203,scr2011,avaConv,pvOpenspace_a
bg,1,h0040,0.07422329659229047,scr2011,avaConv,pvOpenspace_a
bg,1,h0041,0.0193271489231291,scr2011,avaConv,pvOpenspace_a
bg,1,h0042,0.0005983059815341192,scr2011,avaConv,pvOpenspace_a
bg,1,h0043,0.0,scr2011,avaConv,pvOpenspace_a
bg,1,h0044,0.0,scr2011,avaConv,pvOpenspace_a
bg,1,h0045,0.0,scr2011,avaConv,pvOpenspace_a
bg,1,h0046,0.0,scr2011,avaConv,pvOpenspace_a
bg,1,h0047,0.0,scr2011,avaConv,pvOpenspace_a
bg,1,h0048,0.0,scr2011,avaConv,pvOpenspace_a
ch,1,h0001,0.0,scr2011,avaConv,pvOpenspace_a
ch,1,h0002,0.0,scr2011,avaConv,pvOpenspace_a
ch,1,h0003,0.0,scr2011,avaConv,pvOpenspace_a
ch,1,h0004,0.0,scr2011,avaConv,pvOpenspace_a
ch,1,h0005,0.0,scr2011,avaConv,pvOpenspace_a
ch,1,h0006,0.0,scr2011,avaConv,pvOpenspace_a
ch,1,h0007,0.0,scr2011,avaConv,pvOpenspace_a
ch,1,h0008,0.0,scr2011,avaConv,pvOpenspace_a
ch,1,h0009,0.017461846645405565,scr2011,avaConv,pvOpenspace_a
ch,1,h0010,0.066257753313167,scr2011,avaConv,pvOpenspace_a
ch,1,h0011,0.136498748977412,scr2011,avaConv,pvOpenspace_a
ch,1,h0012,0.19986295720297392,scr2011,avaConv,pvOpenspace_a
ch,1,h0013,0.24394255139108734,scr2011,avaConv,pvOpenspace_a
ch,1,h0014,0.23951343678346929,scr2011,avaConv,pvOpenspace_a
ch,1,h0015,0.1914177934923695,scr2011,avaConv,pvOpenspace_a
ch,1,h0016,0.10979901890969075,scr2011,avaConv,pvOpenspace_a
ch,1,h0017,0.04470101828685405,scr2011,avaConv,pvOpenspace_a
ch,1,h0018,0.011491699612766674,scr2011,avaConv,pvOpenspace_a
ch,1,h0019,0.0,scr2011,avaConv,pvOpenspace_a
ch,1,h0020,0.0,scr2011,avaConv,pvOpenspace_a
ch,1,h0021,0.0,scr2011,avaConv,pvOpenspace_a
ch,1,h0022,0.0,scr2011,avaConv,pvOpenspace_a
ch,1,h0023,0.0,scr2011,avaConv,pvOpenspace_a
ch,1,h0024,0.0,scr2011,avaConv,pvOpenspace_a
ch,1,h0025,0.0,scr2011,avaConv,pvOpenspace_a
ch,1,h0026,0.0,scr2011,avaConv,pvOpenspace_a
ch,1,h0027,0.0,scr2011,avaConv,pvOpenspace_a
ch,1,h0028,0.0,scr2011,avaConv,pvOpenspace_a
ch,1,h0029,0.0,scr2011,avaConv,pvOpenspace_a
ch,1,h0030,0.0,scr2011,avaConv,pvOpenspace_a
ch,1,h0031,0.0,scr2011,avaConv,pvOpenspace_a
ch,1,h0032,0.0,scr2011,avaConv,pvOpenspace_a
ch,1,h0033,0.04977757285551023,scr2011,avaConv,pvOpenspace_a
ch,1,h0034,0.16370478384868078,scr2011,avaConv,pvOpenspace_a
ch,1,h0035,0.3345352063110668,scr2011,avaConv,pvOpenspace_a
ch,1,h0036,0.481462224810516,scr2011,avaConv,pvOpenspace_a
ch,1,h0037,0.4462760799012553,scr2011,avaConv,pvOpenspace_a
ch,1,h0038,0.3551901995497205,scr2011,avaConv,pvOpenspace_a
ch,1,h0039,0.2266564938135601,scr2011,avaConv,pvOpenspace_a
ch,1,h0040,0.18256021874278075,scr2011,avaConv,pvOpenspace_a
ch,1,h0041,0.1028131913075034,scr2011,avaConv,pvOpenspace_a
ch,1,h0042,0.0349102800980106,scr2011,avaConv,pvOpenspace_a
ch,1,h0043,0.0,scr2011,avaConv,pvOpenspace_a
ch,1,h0044,0.0,scr2011,avaConv,pvOpenspace_a
ch,1,h0045,0.0,scr2011,avaConv,pvOpenspace_a
ch,1,h0046,0.0,scr2011,avaConv,pvOpenspace_a
ch,1,h0047,0.0,scr2011,avaConv,pvOpenspace_a
ch,1,h0048,0.0,scr2011,avaConv,pvOpenspace_a
cz,1,h0001,0.0,scr2011,avaConv,pvOpenspace_a
cz,1,h0002,0.0,scr2011,avaConv,pvOpenspace_a
cz,1,h0003,0.0,scr2011,avaConv,pvOpenspace_a
cz,1,h0004,0.0,scr2011,avaConv,pvOpenspace_a
cz,1,h0005,0.0,scr2011,avaConv,pvOpenspace_a
cz,1,h0006,0.0,scr2011,avaConv,pvOpenspace_a
cz,1,h0007,0.0,scr2011,avaConv,pvOpenspace_a
cz,1,h0008,0.0,scr2011,avaConv,pvOpenspace_a
cz,1,h0009,0.0160014887705638,scr2011,avaConv,pvOpenspace_a
cz,1,h0010,0.06108198778506046,scr2011,avaConv,pvOpenspace_a
cz,1,h0011,0.1313148794833235,scr2011,avaConv,pvOpenspace_a
cz,1,h0012,0.18231574879833726,scr2011,avaConv,pvOpenspace_a
cz,1,h0013,0.19545494975627487,scr2011,avaConv,pvOpenspace_a
cz,1,h0014,0.17568313224844914,scr2011,avaConv,pvOpenspace_a
cz,1,h0015,0.12209855898197151,scr2011,avaConv,pvOpenspace_a
cz,1,h0016,0.05677354752376648,scr2011,avaConv,pvOpenspace_a
cz,1,h0017,0.014039308992644705,scr2011,avaConv,pvOpenspace_a
cz,1,h0018,0.0,scr2011,avaConv,pvOpenspace_a
cz,1,h0019,0.0,scr2011,avaConv,pvOpenspace_a
cz,1,h0020,0.0,scr2011,avaConv,pvOpenspace_a
cz,1,h0021,0.0,scr2011,avaConv,pvOpenspace_a
cz,1,h0022,0.0,scr2011,avaConv,pvOpenspace_a
cz,1,h0023,0.0,scr2011,avaConv,pvOpenspace_a
cz,1,h0024,0.0,scr2011,avaConv,pvOpenspace_a
cz,1,h0025,0.0,scr2011,avaConv,pvOpenspace_a
cz,1,h0026,0.0,scr2011,avaConv,pvOpenspace_a
cz,1,h0027,0.0,scr2011,avaConv,pvOpenspace_a
cz,1,h0028,0.0,scr2011,avaConv,pvOpenspace_a
cz,1,h0029,0.0,scr2011,avaConv,pvOpenspace_a
cz,1,h0030,0.0,scr2011,avaConv,pvOpenspace_a
cz,1,h0031,0.0,scr2011,avaConv,pvOpenspace_a
cz,1,h0032,0.0,scr2011,avaConv,pvOpenspace_a
cz,1,h0033,0.01710093997002447,scr2011,avaConv,pvOpenspace_a
cz,1,h0034,0.07020750241996163,scr2011,avaConv,pvOpenspace_a
cz,1,h0035,0.16635516089219832,scr2011,avaConv,pvOpenspace_a
cz,1,h0036,0.26613684871368476,scr2011,avaConv,pvOpenspace_a
cz,1,h0037,0.3136883994950119,scr2011,avaConv,pvOpenspace_a
cz,1,h0038,0.29856378743293954,scr2011,avaConv,pvOpenspace_a
cz,1,h0039,0.21510369747423447,scr2011,avaConv,pvOpenspace_a
cz,1,h0040,0.12057214805775902,scr2011,avaConv,pvOpenspace_a
cz,1,h0041,0.043089538924208,scr2011,avaConv,pvOpenspace_a
cz,1,h0042,0.008067952146973796,scr2011,avaConv,pvOpenspace_a
cz,1,h0043,0.0,scr2011,avaConv,pvOpenspace_a
cz,1,h0044,0.0,scr2011,avaConv,pvOpenspace_a
cz,1,h0045,0.0,scr2011,avaConv,pvOpenspace_a
cz,1,h0046,0.0,scr2011,avaConv,pvOpenspace_a
cz,1,h0047,0.0,scr2011,avaConv,pvOpenspace_a
cz,1,h0048,0.0,scr2011,avaConv,pvOpenspace_a
de,1,h0001,0.0,scr2011,avaConv,pvOpenspace_a
de,1,h0002,0.0,scr2011,avaConv,pvOpenspace_a
de,1,h0003,0.0,scr2011,avaConv,pvOpenspace_a
de,1,h0004,0.0,scr2011,avaConv,pvOpenspace_a
de,1,h0005,0.0,scr2011,avaConv,pvOpenspace_a
de,1,h0006,0.0,scr2011,avaConv,pvOpenspace_a
de,1,h0007,0.0,scr2011,avaConv,pvOpenspace_a
de,1,h0008,0.0,scr2011,avaConv,pvOpenspace_a
de,1,h0009,0.0035450218419913115,scr2011,avaConv,pvOpenspace_a
de,1,h0010,0.023086643173557936,scr2011,avaConv,pvOpenspace_a
de,1,h0011,0.0612636271819766,scr2011,avaConv,pvOpenspace_a
de,1,h0012,0.10762484948178486,scr2011,avaConv,pvOpenspace_a
de,1,h0013,0.10319927890194418,scr2011,avaConv,pvOpenspace_a
de,1,h0014,0.07625394174677882,scr2011,avaConv,pvOpenspace_a
de,1,h0015,0.03407287119015797,scr2011,avaConv,pvOpenspace_a
de,1,h0016,0.01872648292040226,scr2011,avaConv,pvOpenspace_a
de,1,h0017,0.007040412320263401,scr2011,avaConv,pvOpenspace_a
de,1,h0018,0.0009933583076590933,scr2011,avaConv,pvOpenspace_a
de,1,h0019,0.0,scr2011,avaConv,pvOpenspace_a
de,1,h0020,0.0,scr2011,avaConv,pvOpenspace_a
de,1,h0021,0.0,scr2011,avaConv,pvOpenspace_a
de,1,h0022,0.0,scr2011,avaConv,pvOpenspace_a
de,1,h0023,0.0,scr2011,avaConv,pvOpenspace_a
de,1,h0024,0.0,scr2011,avaConv,pvOpenspace_a
de,1,h0025,0.0,scr2011,avaConv,pvOpenspace_a
de,1,h0026,0.0,scr2011,avaConv,pvOpenspace_a
de,1,h0027,0.0,scr2011,avaConv,pvOpenspace_a
de,1,h0028,0.0,scr2011,avaConv,pvOpenspace_a
de,1,h0029,0.0,scr2011,avaConv,pvOpenspace_a
de,1,h0030,0.0,scr2011,avaConv,pvOpenspace_a
de,1,h0031,0.0,scr2011,avaConv,pvOpenspace_a
de,1,h0032,0.0,scr2011,avaConv,pvOpenspace_a
de,1,h0033,0.008763179865792718,scr2011,avaConv,pvOpenspace_a
de,1,h0034,0.041187768172197874,scr2011,avaConv,pvOpenspace_a
de,1,h0035,0.09975877869756641,scr2011,avaConv,pvOpenspace_a
de,1,h0036,0.1655441893834385,scr2011,avaConv,pvOpenspace_a
de,1,h0037,0.18225501314183853,scr2011,avaConv,pvOpenspace_a
de,1,h0038,0.16397880616412422,scr2011,avaConv,pvOpenspace_a
de,1,h0039,0.11531820270074539,scr2011,avaConv,pvOpenspace_a
de,1,h0040,0.07318776800989905,scr2011,avaConv,pvOpenspace_a
de,1,h0041,0.032538485219589276,scr2011,avaConv,pvOpenspace_a
de,1,h0042,0.007538974807240247,scr2011,avaConv,pvOpenspace_a
de,1,h0043,0.0,scr2011,avaConv,pvOpenspace_a
de,1,h0044,0.0,scr2011,avaConv,pvOpenspace_a
de,1,h0045,0.0,scr2011,avaConv,pvOpenspace_a
de,1,h0046,0.0,scr2011,avaConv,pvOpenspace_a
de,1,h0047,0.0,scr2011,avaConv,pvOpenspace_a
de,1,h0048,0.0,scr2011,avaConv,pvOpenspace_a
dk_e,1,h0001,0.0,scr2011,avaConv,pvOpenspace_a
dk_e,1,h0002,0.0,scr2011,avaConv,pvOpenspace_a
dk_e,1,h0003,0.0,scr2011,avaConv,pvOpenspace_a
dk_e,1,h0004,0.0,scr2011,avaConv,pvOpenspace_a
dk_e,1,h0005,0.0,scr2011,avaConv,pvOpenspace_a
dk_e,1,h0006,0.0,scr2011,avaConv,pvOpenspace_a
dk_e,1,h0007,0.0,scr2011,avaConv,pvOpenspace_a
dk_e,1,h0008,0.0,scr2011,avaConv,pvOpenspace_a
dk_e,1,h0009,0.0,scr2011,avaConv,pvOpenspace_a
dk_e,1,h0010,0.04205407721301509,scr2011,avaConv,pvOpenspace_a
dk_e,1,h0011,0.11685144665151506,scr2011,avaConv,pvOpenspace_a
dk_e,1,h0012,0.19881988714931734,scr2011,avaConv,pvOpenspace_a
dk_e,1,h0013,0.2860757253758994,scr2011,avaConv,pvOpenspace_a
dk_e,1,h0014,0.3100844692114881,scr2011,avaConv,pvOpenspace_a
dk_e,1,h0015,0.2773310964521631,scr2011,avaConv,pvOpenspace_a
dk_e,1,h0016,0.13642005088777487,scr2011,avaConv,pvOpenspace_a
dk_e,1,h0017,0.0399200377569236,scr2011,avaConv,pvOpenspace_a
dk_e,1,h0018,0.0,scr2011,avaConv,pvOpenspace_a
dk_e,1,h0019,0.0,scr2011,avaConv,pvOpenspace_a
dk_e,1,h0020,0.0,scr2011,avaConv,pvOpenspace_a
dk_e,1,h0021,0.0,scr2011,avaConv,pvOpenspace_a
dk_e,1,h0022,0.0,scr2011,avaConv,pvOpenspace_a
dk_e,1,h0023,0.0,scr2011,avaConv,pvOpenspace_a
dk_e,1,h0024,0.0,scr2011,avaConv,pvOpenspace_a
dk_e,1,h0025,0.0,scr2011,avaConv,pvOpenspace_a
dk_e,1,h0026,0.0,scr2011,avaConv,pvOpenspace_a
dk_e,1,h0027,0.0,scr2011,avaConv,pvOpenspace_a
dk_e,1,h0028,0.0,scr2011,avaConv,pvOpenspace_a
dk_e,1,h0029,0.0,scr2011,avaConv,pvOpenspace_a
dk_e,1,h0030,0.0,scr2011,avaConv,pvOpenspace_a
dk_e,1,h0031,0.0,scr2011,avaConv,pvOpenspace_a
dk_e,1,h0032,0.0,scr2011,avaConv,pvOpenspace_a
dk_e,1,h0033,0.0,scr2011,avaConv,pvOpenspace_a
dk_e,1,h0034,0.008524238048635868,scr2011,avaConv,pvOpenspace_a
dk_e,1,h0035,0.027966307210376636,scr2011,avaConv,pvOpenspace_a
dk_e,1,h0036,0.05964264259084583,scr2011,avaConv,pvOpenspace_a
dk_e,1,h0037,0.1837991142207253,scr2011,avaConv,pvOpenspace_a
dk_e,1,h0038,0.2825129957095598,scr2011,avaConv,pvOpenspace_a
dk_e,1,h0039,0.3226550376187304,scr2011,avaConv,pvOpenspace_a
dk_e,1,h0040,0.17497447098943472,scr2011,avaConv,pvOpenspace_a
dk_e,1,h0041,0.05981324471924954,scr2011,avaConv,pvOpenspace_a
dk_e,1,h0042,0.0,scr2011,avaConv,pvOpenspace_a
dk_e,1,h0043,0.0,scr2011,avaConv,pvOpenspace_a
dk_e,1,h0044,0.0,scr2011,avaConv,pvOpenspace_a
dk_e,1,h0045,0.0,scr2011,avaConv,pvOpenspace_a
dk_e,1,h0046,0.0,scr2011,avaConv,pvOpenspace_a
dk_e,1,h0047,0.0,scr2011,avaConv,pvOpenspace_a
dk_e,1,h0048,0.0,scr2011,avaConv,pvOpenspace_a
dk_w,1,h0001,0.0,scr2011,avaConv,pvOpenspace_a
dk_w,1,h0002,0.0,scr2011,avaConv,pvOpenspace_a
dk_w,1,h0003,0.0,scr2011,avaConv,pvOpenspace_a
dk_w,1,h0004,0.0,scr2011,avaConv,pvOpenspace_a
dk_w,1,h0005,0.0,scr2011,avaConv,pvOpenspace_a
dk_w,1,h0006,0.0,scr2011,avaConv,pvOpenspace_a
dk_w,1,h0007,0.0,scr2011,avaConv,pvOpenspace_a
dk_w,1,h0008,0.0,scr2011,avaConv,pvOpenspace_a
dk_w,1,h0009,0.0,scr2011,avaConv,pvOpenspace_a
dk_w,1,h0010,0.033601806673729834,scr2011,avaConv,pvOpenspace_a
dk_w,1,h0011,0.09948962692130114,scr2011,avaConv,pvOpenspace_a
dk_w,1,h0012,0.15744602001416907,scr2011,avaConv,pvOpenspace_a
dk_w,1,h0013,0.23186169854825392,scr2011,avaConv,pvOpenspace_a
dk_w,1,h0014,0.25073638319604197,scr2011,avaConv,pvOpenspace_a
dk_w,1,h0015,0.23931539326447793,scr2011,avaConv,pvOpenspace_a
dk_w,1,h0016,0.12091663501368177,scr2011,avaConv,pvOpenspace_a
dk_w,1,h0017,0.03719407693029694,scr2011,avaConv,pvOpenspace_a
dk_w,1,h0018,0.0,scr2011,avaConv,pvOpenspace_a
dk_w,1,h0019,0.0,scr2011,avaConv,pvOpenspace_a
dk_w,1,h0020,0.0,scr2011,avaConv,pvOpenspace_a
dk_w,1,h0021,0.0,scr2011,avaConv,pvOpenspace_a
dk_w,1,h0022,0.0,scr2011,avaConv,pvOpenspace_a
dk_w,1,h0023,0.0,scr2011,avaConv,pvOpenspace_a
dk_w,1,h0024,0.0,scr2011,avaConv,pvOpenspace_a
dk_w,1,h0025,0.0,scr2011,avaConv,pvOpenspace_a
dk_w,1,h0026,0.0,scr2011,avaConv,pvOpenspace_a
dk_w,1,h0027,0.0,scr2011,avaConv,pvOpenspace_a
dk_w,1,h0028,0.0,scr2011,avaConv,pvOpenspace_a
dk_w,1,h0029,0.0,scr2011,avaConv,pvOpenspace_a
dk_w,1,h0030,0.0,scr2011,avaConv,pvOpenspace_a
dk_w,1,h0031,0.0,scr2011,avaConv,pvOpenspace_a
dk_w,1,h0032,0.0,scr2011,avaConv,pvOpenspace_a
dk_w,1,h0033,0.0,scr2011,avaConv,pvOpenspace_a
dk_w,1,h0034,0.04404291073986328,scr2011,avaConv,pvOpenspace_a
dk_w,1,h0035,0.13012174623785608,scr2011,avaConv,pvOpenspace_a
dk_w,1,h0036,0.23817306521625045,scr2011,avaConv,pvOpenspace_a
dk_w,1,h0037,0.3332565379045918,scr2011,avaConv,pvOpenspace_a
dk_w,1,h0038,0.36669793856879257,scr2011,avaConv,pvOpenspace_a
dk_w,1,h0039,0.33304974152490585,scr2011,avaConv,pvOpenspace_a
dk_w,1,h0040,0.1800323653412512,scr2011,avaConv,pvOpenspace_a
dk_w,1,h0041,0.061203476611390036,scr2011,avaConv,pvOpenspace_a
dk_w,1,h0042,0.0,scr2011,avaConv,pvOpenspace_a
dk_w,1,h0043,0.0,scr2011,avaConv,pvOpenspace_a
dk_w,1,h0044,0.0,scr2011,avaConv,pvOpenspace_a
dk_w,1,h0045,0.0,scr2011,avaConv,pvOpenspace_a
dk_w,1,h0046,0.0,scr2011,avaConv,pvOpenspace_a
dk_w,1,h0047,0.0,scr2011,avaConv,pvOpenspace_a
dk_w,1,h0048,0.0,scr2011,avaConv,pvOpenspace_a
ee,1,h0001,0.0,scr2011,avaConv,pvOpenspace_a
ee,1,h0002,0.0,scr2011,avaConv,pvOpenspace_a
ee,1,h0003,0.0,scr2011,avaConv,pvOpenspace_a
ee,1,h0004,0.0,scr2011,avaConv,pvOpenspace_a
ee,1,h0005,0.0,scr2011,avaConv,pvOpenspace_a
ee,1,h0006,0.0,scr2011,avaConv,pvOpenspace_a
ee,1,h0007,0.0,scr2011,avaConv,pvOpenspace_a
ee,1,h0008,0.0,scr2011,avaConv,pvOpenspace_a
ee,1,h0009,0.0036919015129807113,scr2011,avaConv,pvOpenspace_a
ee,1,h0010,0.04491603200305517,scr2011,avaConv,pvOpenspace_a
ee,1,h0011,0.1112281567589663,scr2011,avaConv,pvOpenspace_a
ee,1,h0012,0.18036497266644452,scr2011,avaConv,pvOpenspace_a
ee,1,h0013,0.14197105915998964,scr2011,avaConv,pvOpenspace_a
ee,1,h0014,0.0770635639732448,scr2011,avaConv,pvOpenspace_a
ee,1,h0015,0.004858597801267059,scr2011,avaConv,pvOpenspace_a
ee,1,h0016,0.0015151633836033328,scr2011,avaConv,pvOpenspace_a
ee,1,h0017,0.0,scr2011,avaConv,pvOpenspace_a
ee,1,h0018,0.0,scr2011,avaConv,pvOpenspace_a
ee,1,h0019,0.0,scr2011,avaConv,pvOpenspace_a
ee,1,h0020,0.0,scr2011,avaConv,pvOpenspace_a
ee,1,h0021,0.0,scr2011,avaConv,pvOpenspace_a
ee,1,h0022,0.0,scr2011,avaConv,pvOpenspace_a
ee,1,h0023,0.0,scr2011,avaConv,pvOpenspace_a
ee,1,h0024,0.0,scr2011,avaConv,pvOpenspace_a
ee,1,h0025,0.0,scr2011,avaConv,pvOpenspace_a
ee,1,h0026,0.0,scr2011,avaConv,pvOpenspace_a
ee,1,h0027,0.0,scr2011,avaConv,pvOpenspace_a
ee,1,h0028,0.0,scr2011,avaConv,pvOpenspace_a
ee,1,h0029,0.0,scr2011,avaConv,pvOpenspace_a
ee,1,h0030,0.0,scr2011,avaConv,pvOpenspace_a
ee,1,h0031,0.0,scr2011,avaConv,pvOpenspace_a
ee,1,h0032,0.0,scr2011,avaConv,pvOpenspace_a
ee,1,h0033,0.0,scr2011,avaConv,pvOpenspace_a
ee,1,h0034,0.0033246148804696872,scr2011,avaConv,pvOpenspace_a
ee,1,h0035,0.009373426459469366,scr2011,avaConv,pvOpenspace_a
ee,1,h0036,0.01598550357357276,scr2011,avaConv,pvOpenspace_a
ee,1,h0037,0.03740997775600648,scr2011,avaConv,pvOpenspace_a
ee,1,h0038,0.05132860456716373,scr2011,avaConv,pvOpenspace_a
ee,1,h0039,0.044652787981347045,scr2011,avaConv,pvOpenspace_a
ee,1,h0040,0.01979638526286459,scr2011,avaConv,pvOpenspace_a
ee,1,h0041,0.0,scr2011,avaConv,pvOpenspace_a
ee,1,h0042,0.0,scr2011,avaConv,pvOpenspace_a
ee,1,h0043,0.0,scr2011,avaConv,pvOpenspace_a
ee,1,h0044,0.0,scr2011,avaConv,pvOpenspace_a
ee,1,h0045,0.0,scr2011,avaConv,pvOpenspace_a
ee,1,h0046,0.0,scr2011,avaConv,pvOpenspace_a
ee,1,h0047,0.0,scr2011,avaConv,pvOpenspace_a
ee,1,h0048,0.0,scr2011,avaConv,pvOpenspace_a
es,1,h0001,0.0,scr2011,avaConv,pvOpenspace_a
es,1,h0002,0.0,scr2011,avaConv,pvOpenspace_a
es,1,h0003,0.0,scr2011,avaConv,pvOpenspace_a
es,1,h0004,0.0,scr2011,avaConv,pvOpenspace_a
es,1,h0005,0.0,scr2011,avaConv,pvOpenspace_a
es,1,h0006,0.0,scr2011,avaConv,pvOpenspace_a
es,1,h0007,0.0,scr2011,avaConv,pvOpenspace_a
es,1,h0008,0.0,scr2011,avaConv,pvOpenspace_a
es,1,h0009,0.008568608562181855,scr2011,avaConv,pvOpenspace_a
es,1,h0010,0.048994171023681136,scr2011,avaConv,pvOpenspace_a
es,1,h0011,0.13100551720044784,scr2011,avaConv,pvOpenspace_a
es,1,h0012,0.2380876242041527,scr2011,avaConv,pvOpenspace_a
es,1,h0013,0.26030081196200233,scr2011,avaConv,pvOpenspace_a
es,1,h0014,0.24102406361894566,scr2011,avaConv,pvOpenspace_a
es,1,h0015,0.18286201733798105,scr2011,avaConv,pvOpenspace_a
es,1,h0016,0.1589110881776754,scr2011,avaConv,pvOpenspace_a
es,1,h0017,0.11325170432580665,scr2011,avaConv,pvOpenspace_a
es,1,h0018,0.055768114545670086,scr2011,avaConv,pvOpenspace_a
es,1,h0019,0.016731175740144787,scr2011,avaConv,pvOpenspace_a
es,1,h0020,0.0,scr2011,avaConv,pvOpenspace_a
es,1,h0021,0.0,scr2011,avaConv,pvOpenspace_a
es,1,h0022,0.0,scr2011,avaConv,pvOpenspace_a
es,1,h0023,0.0,scr2011,avaConv,pvOpenspace_a
es,1,h0024,0.0,scr2011,avaConv,pvOpenspace_a
es,1,h0025,0.0,scr2011,avaConv,pvOpenspace_a
es,1,h0026,0.0,scr2011,avaConv,pvOpenspace_a
es,1,h0027,0.0,scr2011,avaConv,pvOpenspace_a
es,1,h0028,0.0,scr2011,avaConv,pvOpenspace_a
es,1,h0029,0.0,scr2011,avaConv,pvOpenspace_a
es,1,h0030,0.0,scr2011,avaConv,pvOpenspace_a
es,1,h0031,0.0,scr2011,avaConv,pvOpenspace_a
es,1,h0032,0.0,scr2011,avaConv,pvOpenspace_a
es,1,h0033,0.013996325288216855,scr2011,avaConv,pvOpenspace_a
es,1,h0034,0.06695153675102358,scr2011,avaConv,pvOpenspace_a
es,1,h0035,0.1667878455680772,scr2011,avaConv,pvOpenspace_a
es,1,h0036,0.29349493961829776,scr2011,avaConv,pvOpenspace_a
es,1,h0037,0.42588959269326865,scr2011,avaConv,pvOpenspace_a
es,1,h0038,0.5026480097225314,scr2011,avaConv,pvOpenspace_a
es,1,h0039,0.5020675057799918,scr2011,avaConv,pvOpenspace_a
es,1,h0040,0.4134772557650784,scr2011,avaConv,pvOpenspace_a
es,1,h0041,0.2905605245296907,scr2011,avaConv,pvOpenspace_a
es,1,h0042,0.15643851930964262,scr2011,avaConv,pvOpenspace_a
es,1,h0043,0.0584059235031259,scr2011,avaConv,pvOpenspace_a
es,1,h0044,0.007061568572978345,scr2011,avaConv,pvOpenspace_a
es,1,h0045,0.0,scr2011,avaConv,pvOpenspace_a
es,1,h0046,0.0,scr2011,avaConv,pvOpenspace_a
es,1,h0047,0.0,scr2011,avaConv,pvOpenspace_a
es,1,h0048,0.0,scr2011,avaConv,pvOpenspace_a
fi,1,h0001,0.0,scr2011,avaConv,pvOpenspace_a
fi,1,h0002,0.0,scr2011,avaConv,pvOpenspace_a
fi,1,h0003,0.0,scr2011,avaConv,pvOpenspace_a
fi,1,h0004,0.0,scr2011,avaConv,pvOpenspace_a
fi,1,h0005,0.0,scr2011,avaConv,pvOpenspace_a
fi,1,h0006,0.0,scr2011,avaConv,pvOpenspace_a
fi,1,h0007,0.0,scr2011,avaConv,pvOpenspace_a
fi,1,h0008,0.0,scr2011,avaConv,pvOpenspace_a
fi,1,h0009,0.0,scr2011,avaConv,pvOpenspace_a
fi,1,h0010,0.004766461243770824,scr2011,avaConv,pvOpenspace_a
fi,1,h0011,0.014606129201075178,scr2011,avaConv,pvOpenspace_a
fi,1,h0012,0.022962682167221037,scr2011,avaConv,pvOpenspace_a
fi,1,h0013,0.018038361776115813,scr2011,avaConv,pvOpenspace_a
fi,1,h0014,0.008047102943671575,scr2011,avaConv,pvOpenspace_a
fi,1,h0015,0.00034661156940043916,scr2011,avaConv,pvOpenspace_a
fi,1,h0016,0.0,scr2011,avaConv,pvOpenspace_a
fi,1,h0017,0.0,scr2011,avaConv,pvOpenspace_a
fi,1,h0018,0.0,scr2011,avaConv,pvOpenspace_a
fi,1,h0019,0.0,scr2011,avaConv,pvOpenspace_a
fi,1,h0020,0.0,scr2011,avaConv,pvOpenspace_a
fi,1,h0021,0.0,scr2011,avaConv,pvOpenspace_a
fi,1,h0022,0.0,scr2011,avaConv,pvOpenspace_a
fi,1,h0023,0.0,scr2011,avaConv,pvOpenspace_a
fi,1,h0024,0.0,scr2011,avaConv,pvOpenspace_a
fi,1,h0025,0.0,scr2011,avaConv,pvOpenspace_a
fi,1,h0026,0.0,scr2011,avaConv,pvOpenspace_a
fi,1,h0027,0.0,scr2011,avaConv,pvOpenspace_a
fi,1,h0028,0.0,scr2011,avaConv,pvOpenspace_a
fi,1,h0029,0.0,scr2011,avaConv,pvOpenspace_a
fi,1,h0030,0.0,scr2011,avaConv,pvOpenspace_a
fi,1,h0031,0.0,scr2011,avaConv,pvOpenspace_a
fi,1,h0032,0.0,scr2011,avaConv,pvOpenspace_a
fi,1,h0033,0.0,scr2011,avaConv,pvOpenspace_a
fi,1,h0034,0.0009452092955793957,scr2011,avaConv,pvOpenspace_a
fi,1,h0035,0.003257232280228789,scr2011,avaConv,pvOpenspace_a
fi,1,h0036,0.005566080354812226,scr2011,avaConv,pvOpenspace_a
fi,1,h0037,0.01442085240298527,scr2011,avaConv,pvOpenspace_a
fi,1,h0038,0.013787678867757707,scr2011,avaConv,pvOpenspace_a
fi,1,h0039,0.011359060873736504,scr2011,avaConv,pvOpenspace_a
fi,1,h0040,0.001637592718408859,scr2011,avaConv,pvOpenspace_a
fi,1,h0041,0.0,scr2011,avaConv,pvOpenspace_a
fi,1,h0042,0.0,scr2011,avaConv,pvOpenspace_a
fi,1,h0043,0.0,scr2011,avaConv,pvOpenspace_a
fi,1,h0044,0.0,scr2011,avaConv,pvOpenspace_a
fi,1,h0045,0.0,scr2011,avaConv,pvOpenspace_a
fi,1,h0046,0.0,scr2011,avaConv,pvOpenspace_a
fi,1,h0047,0.0,scr2011,avaConv,pvOpenspace_a
fi,1,h0048,0.0,scr2011,avaConv,pvOpenspace_a
fr,1,h0001,0.0,scr2011,avaConv,pvOpenspace_a
fr,1,h0002,0.0,scr2011,avaConv,pvOpenspace_a
fr,1,h0003,0.0,scr2011,avaConv,pvOpenspace_a
fr,1,h0004,0.0,scr2011,avaConv,pvOpenspace_a
fr,1,h0005,0.0,scr2011,avaConv,pvOpenspace_a
fr,1,h0006,0.0,scr2011,avaConv,pvOpenspace_a
fr,1,h0007,0.0,scr2011,avaConv,pvOpenspace_a
fr,1,h0008,0.0,scr2011,avaConv,pvOpenspace_a
fr,1,h0009,0.01123341552555712,scr2011,avaConv,pvOpenspace_a
fr,1,h0010,0.06678707528440964,scr2011,avaConv,pvOpenspace_a
fr,1,h0011,0.15724571242546737,scr2011,avaConv,pvOpenspace_a
fr,1,h0012,0.2601819843479736,scr2011,avaConv,pvOpenspace_a
fr,1,h0013,0.26778755763237827,scr2011,avaConv,pvOpenspace_a
fr,1,h0014,0.23287072616306567,scr2011,avaConv,pvOpenspace_a
fr,1,h0015,0.1589107150086036,scr2011,avaConv,pvOpenspace_a
fr,1,h0016,0.12104840534412321,scr2011,avaConv,pvOpenspace_a
fr,1,h0017,0.07034409724126124,scr2011,avaConv,pvOpenspace_a
fr,1,h0018,0.028601600304626097,scr2011,avaConv,pvOpenspace_a
fr,1,h0019,0.004428100849449585,scr2011,avaConv,pvOpenspace_a
fr,1,h0020,0.0,scr2011,avaConv,pvOpenspace_a
fr,1,h0021,0.0,scr2011,avaConv,pvOpenspace_a
fr,1,h0022,0.0,scr2011,avaConv,pvOpenspace_a
fr,1,h0023,0.0,scr2011,avaConv,pvOpenspace_a
fr,1,h0024,0.0,scr2011,avaConv,pvOpenspace_a
fr,1,h0025,0.0,scr2011,avaConv,pvOpenspace_a
fr,1,h0026,0.0,scr2011,avaConv,pvOpenspace_a
fr,1,h0027,0.0,scr2011,avaConv,pvOpenspace_a
fr,1,h0028,0.0,scr2011,avaConv,pvOpenspace_a
fr,1,h0029,0.0,scr2011,avaConv,pvOpenspace_a
fr,1,h0030,0.0,scr2011,avaConv,pvOpenspace_a
fr,1,h0031,0.0,scr2011,avaConv,pvOpenspace_a
fr,1,h0032,0.0,scr2011,avaConv,pvOpenspace_a
fr,1,h0033,0.023755183815618024,scr2011,avaConv,pvOpenspace_a
fr,1,h0034,0.08597275482592515,scr2011,avaConv,pvOpenspace_a
fr,1,h0035,0.18085893217511562,scr2011,avaConv,pvOpenspace_a
fr,1,h0036,0.2787410669552661,scr2011,avaConv,pvOpenspace_a
fr,1,h0037,0.3709992903538043,scr2011,avaConv,pvOpenspace_a
fr,1,h0038,0.42357904970104093,scr2011,avaConv,pvOpenspace_a
fr,1,h0039,0.43038762558853133,scr2011,avaConv,pvOpenspace_a
fr,1,h0040,0.36271106913856704,scr2011,avaConv,pvOpenspace_a
fr,1,h0041,0.2509116889351544,scr2011,avaConv,pvOpenspace_a
fr,1,h0042,0.12492832722311896,scr2011,avaConv,pvOpenspace_a
fr,1,h0043,0.03833405687068255,scr2011,avaConv,pvOpenspace_a
fr,1,h0044,0.0,scr2011,avaConv,pvOpenspace_a
fr,1,h0045,0.0,scr2011,avaConv,pvOpenspace_a
fr,1,h0046,0.0,scr2011,avaConv,pvOpenspace_a
fr,1,h0047,0.0,scr2011,avaConv,pvOpenspace_a
fr,1,h0048,0.0,scr2011,avaConv,pvOpenspace_a
fr_co,1,h0001,0.0,scr2011,avaConv,pvOpenspace_a
fr_co,1,h0002,0.0,scr2011,avaConv,pvOpenspace_a
fr_co,1,h0003,0.0,scr2011,avaConv,pvOpenspace_a
fr_co,1,h0004,0.0,scr2011,avaConv,pvOpenspace_a
fr_co,1,h0005,0.0,scr2011,avaConv,pvOpenspace_a
fr_co,1,h0006,0.0,scr2011,avaConv,pvOpenspace_a
fr_co,1,h0007,0.0,scr2011,avaConv,pvOpenspace_a
fr_co,1,h0008,0.0,scr2011,avaConv,pvOpenspace_a
fr_co,1,h0009,0.009357795453620692,scr2011,avaConv,pvOpenspace_a
fr_co,1,h0010,0.03296009132598015,scr2011,avaConv,pvOpenspace_a
fr_co,1,h0011,0.07588969055047547,scr2011,avaConv,pvOpenspace_a
fr_co,1,h0012,0.11868368084337454,scr2011,avaConv,pvOpenspace_a
fr_co,1,h0013,0.22076396570338014,scr2011,avaConv,pvOpenspace_a
fr_co,1,h0014,0.2939635052551358,scr2011,avaConv,pvOpenspace_a
fr_co,1,h0015,0.3228807134710182,scr2011,avaConv,pvOpenspace_a
fr_co,1,h0016,0.22879980479992754,scr2011,avaConv,pvOpenspace_a
fr_co,1,h0017,0.11013370588121674,scr2011,avaConv,pvOpenspace_a
fr_co,1,h0018,0.03167925053763796,scr2011,avaConv,pvOpenspace_a
fr_co,1,h0019,0.0,scr2011,avaConv,pvOpenspace_a
fr_co,1,h0020,0.0,scr2011,avaConv,pvOpenspace_a
fr_co,1,h0021,0.0,scr2011,avaConv,pvOpenspace_a
fr_co,1,h0022,0.0,scr2011,avaConv,pvOpenspace_a
fr_co,1,h0023,0.0,scr2011,avaConv,pvOpenspace_a
fr_co,1,h0024,0.0,scr2011,avaConv,pvOpenspace_a
fr_co,1,h0025,0.0,scr2011,avaConv,pvOpenspace_a
fr_co,1,h0026,0.0,scr2011,avaConv,pvOpenspace_a
fr_co,1,h0027,0.0,scr2011,avaConv,pvOpenspace_a
fr_co,1,h0028,0.0,scr2011,avaConv,pvOpenspace_a
fr_co,1,h0029,0.0,scr2011,avaConv,pvOpenspace_a
fr_co,1,h0030,0.0,scr2011,avaConv,pvOpenspace_a
fr_co,1,h0031,0.0,scr2011,avaConv,pvOpenspace_a
fr_co,1,h0032,0.0,scr2011,avaConv,pvOpenspace_a
fr_co,1,h0033,0.021592668983666314,scr2011,avaConv,pvOpenspace_a
fr_co,1,h0034,0.07624817963273554,scr2011,avaConv,pvOpenspace_a
fr_co,1,h0035,0.15965824879882368,scr2011,avaConv,pvOpenspace_a
fr_co,1,h0036,0.2282027169337522,scr2011,avaConv,pvOpenspace_a
fr_co,1,h0037,0.25019787872694127,scr2011,avaConv,pvOpenspace_a
fr_co,1,h0038,0.23646515094772314,scr2011,avaConv,pvOpenspace_a
fr_co,1,h0039,0.1949772535244273,scr2011,avaConv,pvOpenspace_a
fr_co,1,h0040,0.1401189748961918,scr2011,avaConv,pvOpenspace_a
fr_co,1,h0041,0.07075885074292809,scr2011,avaConv,pvOpenspace_a
fr_co,1,h0042,0.02104216232255007,scr2011,avaConv,pvOpenspace_a
fr_co,1,h0043,0.00024755078365852287,scr2011,avaConv,pvOpenspace_a
fr_co,1,h0044,0.0,scr2011,avaConv,pvOpenspace_a
fr_co,1,h0045,0.0,scr2011,avaConv,pvOpenspace_a
fr_co,1,h0046,0.0,scr2011,avaConv,pvOpenspace_a
fr_co,1,h0047,0.0,scr2011,avaConv,pvOpenspace_a
fr_co,1,h0048,0.0,scr2011,avaConv,pvOpenspace_a
gr,1,h0001,0.0,scr2011,avaConv,pvOpenspace_a
gr,1,h0002,0.0,scr2011,avaConv,pvOpenspace_a
gr,1,h0003,0.0,scr2011,avaConv,pvOpenspace_a
gr,1,h0004,0.0,scr2011,avaConv,pvOpenspace_a
gr,1,h0005,0.0,scr2011,avaConv,pvOpenspace_a
gr,1,h0006,0.0,scr2011,avaConv,pvOpenspace_a
gr,1,h0007,0.0,scr2011,avaConv,pvOpenspace_a
gr,1,h0008,0.025971645769745456,scr2011,avaConv,pvOpenspace_a
gr,1,h0009,0.07653985184377278,scr2011,avaConv,pvOpenspace_a
gr,1,h0010,0.14850057585913534,scr2011,avaConv,pvOpenspace_a
gr,1,h0011,0.20775855889132686,scr2011,avaConv,pvOpenspace_a
gr,1,h0012,0.2399812588735486,scr2011,avaConv,pvOpenspace_a
gr,1,h0013,0.29205363914480037,scr2011,avaConv,pvOpenspace_a
gr,1,h0014,0.30070198357745137,scr2011,avaConv,pvOpenspace_a
gr,1,h0015,0.27425671145887137,scr2011,avaConv,pvOpenspace_a
gr,1,h0016,0.15931951937492,scr2011,avaConv,pvOpenspace_a
gr,1,h0017,0.06623896096248795,scr2011,avaConv,pvOpenspace_a
gr,1,h0018,0.009067005383478847,scr2011,avaConv,pvOpenspace_a
gr,1,h0019,0.0,scr2011,avaConv,pvOpenspace_a
gr,1,h0020,0.0,scr2011,avaConv,pvOpenspace_a
gr,1,h0021,0.0,scr2011,avaConv,pvOpenspace_a
gr,1,h0022,0.0,scr2011,avaConv,pvOpenspace_a
gr,1,h0023,0.0,scr2011,avaConv,pvOpenspace_a
gr,1,h0024,0.0,scr2011,avaConv,pvOpenspace_a
gr,1,h0025,0.0,scr2011,avaConv,pvOpenspace_a
gr,1,h0026,0.0,scr2011,avaConv,pvOpenspace_a
gr,1,h0027,0.0,scr2011,avaConv,pvOpenspace_a
gr,1,h0028,0.0,scr2011,avaConv,pvOpenspace_a
gr,1,h0029,0.0,scr2011,avaConv,pvOpenspace_a
gr,1,h0030,0.0,scr2011,avaConv,pvOpenspace_a
gr,1,h0031,0.00036915887875807685,scr2011,avaConv,pvOpenspace_a
gr,1,h0032,0.06289905629311417,scr2011,avaConv,pvOpenspace_a
gr,1,h0033,0.17115274892320265,scr2011,avaConv,pvOpenspace_a
gr,1,h0034,0.31001989688585974,scr2011,avaConv,pvOpenspace_a
gr,1,h0035,0.40887182073192246,scr2011,avaConv,pvOpenspace_a
gr,1,h0036,0.46456148136293646,scr2011,avaConv,pvOpenspace_a
gr,1,h0037,0.42546187623056353,scr2011,avaConv,pvOpenspace_a
gr,1,h0038,0.3412543749527058,scr2011,avaConv,pvOpenspace_a
gr,1,h0039,0.21940317129233253,scr2011,avaConv,pvOpenspace_a
gr,1,h0040,0.13131294115709363,scr2011,avaConv,pvOpenspace_a
gr,1,h0041,0.056464934236670865,scr2011,avaConv,pvOpenspace_a
gr,1,h0042,0.013779102779585885,scr2011,avaConv,pvOpenspace_a
gr,1,h0043,0.0,scr2011,avaConv,pvOpenspace_a
gr,1,h0044,0.0,scr2011,avaConv,pvOpenspace_a
gr,1,h0045,0.0,scr2011,avaConv,pvOpenspace_a
gr,1,h0046,0.0,scr2011,avaConv,pvOpenspace_a
gr,1,h0047,0.0,scr2011,avaConv,pvOpenspace_a
gr,1,h0048,0.0,scr2011,avaConv,pvOpenspace_a
hr,1,h0001,0.0,scr2011,avaConv,pvOpenspace_a
hr,1,h0002,0.0,scr2011,avaConv,pvOpenspace_a
hr,1,h0003,0.0,scr2011,avaConv,pvOpenspace_a
hr,1,h0004,0.0,scr2011,avaConv,pvOpenspace_a
hr,1,h0005,0.0,scr2011,avaConv,pvOpenspace_a
hr,1,h0006,0.0,scr2011,avaConv,pvOpenspace_a
hr,1,h0007,0.0,scr2011,avaConv,pvOpenspace_a
hr,1,h0008,0.014864805056255124,scr2011,avaConv,pvOpenspace_a
hr,1,h0009,0.07405640188883109,scr2011,avaConv,pvOpenspace_a
hr,1,h0010,0.18270275467287178,scr2011,avaConv,pvOpenspace_a
hr,1,h0011,0.30830130927757277,scr2011,avaConv,pvOpenspace_a
hr,1,h0012,0.395866360634815,scr2011,avaConv,pvOpenspace_a
hr,1,h0013,0.3530518150830228,scr2011,avaConv,pvOpenspace_a
hr,1,h0014,0.26546711408771395,scr2011,avaConv,pvOpenspace_a
hr,1,h0015,0.1466245816961539,scr2011,avaConv,pvOpenspace_a
hr,1,h0016,0.07899807523340943,scr2011,avaConv,pvOpenspace_a
hr,1,h0017,0.02625948844385171,scr2011,avaConv,pvOpenspace_a
hr,1,h0018,0.0004697290732801926,scr2011,avaConv,pvOpenspace_a
hr,1,h0019,0.0,scr2011,avaConv,pvOpenspace_a
hr,1,h0020,0.0,scr2011,avaConv,pvOpenspace_a
hr,1,h0021,0.0,scr2011,avaConv,pvOpenspace_a
hr,1,h0022,0.0,scr2011,avaConv,pvOpenspace_a
hr,1,h0023,0.0,scr2011,avaConv,pvOpenspace_a
hr,1,h0024,0.0,scr2011,avaConv,pvOpenspace_a
hr,1,h0025,0.0,scr2011,avaConv,pvOpenspace_a
hr,1,h0026,0.0,scr2011,avaConv,pvOpenspace_a
hr,1,h0027,0.0,scr2011,avaConv,pvOpenspace_a
hr,1,h0028,0.0,scr2011,avaConv,pvOpenspace_a
hr,1,h0029,0.0,scr2011,avaConv,pvOpenspace_a
hr,1,h0030,0.0,scr2011,avaConv,pvOpenspace_a
hr,1,h0031,0.0,scr2011,avaConv,pvOpenspace_a
hr,1,h0032,0.026173986529573215,scr2011,avaConv,pvOpenspace_a
hr,1,h0033,0.10981402761282792,scr2011,avaConv,pvOpenspace_a
hr,1,h0034,0.2509229855043066,scr2011,avaConv,pvOpenspace_a
hr,1,h0035,0.3962393645038273,scr2011,avaConv,pvOpenspace_a
hr,1,h0036,0.4949396085750176,scr2011,avaConv,pvOpenspace_a
hr,1,h0037,0.3806574643362042,scr2011,avaConv,pvOpenspace_a
hr,1,h0038,0.22803197985137633,scr2011,avaConv,pvOpenspace_a
hr,1,h0039,0.06269869887129635,scr2011,avaConv,pvOpenspace_a
hr,1,h0040,0.03558701173955597,scr2011,avaConv,pvOpenspace_a
hr,1,h0041,0.014397257639990868,scr2011,avaConv,pvOpenspace_a
hr,1,h0042,0.002855103337506357,scr2011,avaConv,pvOpenspace_a
hr,1,h0043,0.0,scr2011,avaConv,pvOpenspace_a
hr,1,h0044,0.0,scr2011,avaConv,pvOpenspace_a
hr,1,h0045,0.0,scr2011,avaConv,pvOpenspace_a
hr,1,h0046,0.0,scr2011,avaConv,pvOpenspace_a
hr,1,h0047,0.0,scr2011,avaConv,pvOpenspace_a
hr,1,h0048,0.0,scr2011,avaConv,pvOpenspace_a
hu,1,h0001,0.0,scr2011,avaConv,pvOpenspace_a
hu,1,h0002,0.0,scr2011,avaConv,pvOpenspace_a
hu,1,h0003,0.0,scr2011,avaConv,pvOpenspace_a
hu,1,h0004,0.0,scr2011,avaConv,pvOpenspace_a
hu,1,h0005,0.0,scr2011,avaConv,pvOpenspace_a
hu,1,h0006,0.0,scr2011,avaConv,pvOpenspace_a
hu,1,h0007,0.0,scr2011,avaConv,pvOpenspace_a
hu,1,h0008,0.0013227982445174228,scr2011,avaConv,pvOpenspace_a
hu,1,h0009,0.016478213280782906,scr2011,avaConv,pvOpenspace_a
hu,1,h0010,0.047606919698707305,scr2011,avaConv,pvOpenspace_a
hu,1,h0011,0.09346799099698566,scr2011,avaConv,pvOpenspace_a
hu,1,h0012,0.13168178679015768,scr2011,avaConv,pvOpenspace_a
hu,1,h0013,0.16595139083108526,scr2011,avaConv,pvOpenspace_a
hu,1,h0014,0.16379695402154343,scr2011,avaConv,pvOpenspace_a
hu,1,h0015,0.12573704737778915,scr2011,avaConv,pvOpenspace_a
hu,1,h0016,0.05744289139751708,scr2011,avaConv,pvOpenspace_a
hu,1,h0017,0.015394298547509693,scr2011,avaConv,pvOpenspace_a
hu,1,h0018,0.0,scr2011,avaConv,pvOpenspace_a
hu,1,h0019,0.0,scr2011,avaConv,pvOpenspace_a
hu,1,h0020,0.0,scr2011,avaConv,pvOpenspace_a
hu,1,h0021,0.0,scr2011,avaConv,pvOpenspace_a
hu,1,h0022,0.0,scr2011,avaConv,pvOpenspace_a
hu,1,h0023,0.0,scr2011,avaConv,pvOpenspace_a
hu,1,h0024,0.0,scr2011,avaConv,pvOpenspace_a
hu,1,h0025,0.0,scr2011,avaConv,pvOpenspace_a
hu,1,h0026,0.0,scr2011,avaConv,pvOpenspace_a
hu,1,h0027,0.0,scr2011,avaConv,pvOpenspace_a
hu,1,h0028,0.0,scr2011,avaConv,pvOpenspace_a
hu,1,h0029,0.0,scr2011,avaConv,pvOpenspace_a
hu,1,h0030,0.0,scr2011,avaConv,pvOpenspace_a
hu,1,h0031,0.0,scr2011,avaConv,pvOpenspace_a
hu,1,h0032,0.024980300913292546,scr2011,avaConv,pvOpenspace_a
hu,1,h0033,0.10855415210856709,scr2011,avaConv,pvOpenspace_a
hu,1,h0034,0.2597407964183973,scr2011,avaConv,pvOpenspace_a
hu,1,h0035,0.4147109798231758,scr2011,avaConv,pvOpenspace_a
hu,1,h0036,0.5194409442862103,scr2011,avaConv,pvOpenspace_a
hu,1,h0037,0.3845428230094644,scr2011,avaConv,pvOpenspace_a
hu,1,h0038,0.21334625031473378,scr2011,avaConv,pvOpenspace_a
hu,1,h0039,0.04518631277299349,scr2011,avaConv,pvOpenspace_a
hu,1,h0040,0.019345133837409722,scr2011,avaConv,pvOpenspace_a
hu,1,h0041,0.004999123765514624,scr2011,avaConv,pvOpenspace_a
hu,1,h0042,0.0,scr2011,avaConv,pvOpenspace_a
hu,1,h0043,0.0,scr2011,avaConv,pvOpenspace_a
hu,1,h0044,0.0,scr2011,avaConv,pvOpenspace_a
hu,1,h0045,0.0,scr2011,avaConv,pvOpenspace_a
hu,1,h0046,0.0,scr2011,avaConv,pvOpenspace_a
hu,1,h0047,0.0,scr2011,avaConv,pvOpenspace_a
hu,1,h0048,0.0,scr2011,avaConv,pvOpenspace_a
ie,1,h0001,0.0,scr2011,avaConv,pvOpenspace_a
ie,1,h0002,0.0,scr2011,avaConv,pvOpenspace_a
ie,1,h0003,0.0,scr2011,avaConv,pvOpenspace_a
ie,1,h0004,0.0,scr2011,avaConv,pvOpenspace_a
ie,1,h0005,0.0,scr2011,avaConv,pvOpenspace_a
ie,1,h0006,0.0,scr2011,avaConv,pvOpenspace_a
ie,1,h0007,0.0,scr2011,avaConv,pvOpenspace_a
ie,1,h0008,0.0,scr2011,avaConv,pvOpenspace_a
ie,1,h0009,0.0,scr2011,avaConv,pvOpenspace_a
ie,1,h0010,0.0,scr2011,avaConv,pvOpenspace_a
ie,1,h0011,0.021703930917335253,scr2011,avaConv,pvOpenspace_a
ie,1,h0012,0.06193348248622407,scr2011,avaConv,pvOpenspace_a
ie,1,h0013,0.09975538704864599,scr2011,avaConv,pvOpenspace_a
ie,1,h0014,0.10173939610112065,scr2011,avaConv,pvOpenspace_a
ie,1,h0015,0.07151713761327627,scr2011,avaConv,pvOpenspace_a
ie,1,h0016,0.036895911516582024,scr2011,avaConv,pvOpenspace_a
ie,1,h0017,0.013256564563230551,scr2011,avaConv,pvOpenspace_a
ie,1,h0018,0.0032646736452672234,scr2011,avaConv,pvOpenspace_a
ie,1,h0019,0.0,scr2011,avaConv,pvOpenspace_a
ie,1,h0020,0.0,scr2011,avaConv,pvOpenspace_a
ie,1,h0021,0.0,scr2011,avaConv,pvOpenspace_a
ie,1,h0022,0.0,scr2011,avaConv,pvOpenspace_a
ie,1,h0023,0.0,scr2011,avaConv,pvOpenspace_a
ie,1,h0024,0.0,scr2011,avaConv,pvOpenspace_a
ie,1,h0025,0.0,scr2011,avaConv,pvOpenspace_a
ie,1,h0026,0.0,scr2011,avaConv,pvOpenspace_a
ie,1,h0027,0.0,scr2011,avaConv,pvOpenspace_a
ie,1,h0028,0.0,scr2011,avaConv,pvOpenspace_a
ie,1,h0029,0.0,scr2011,avaConv,pvOpenspace_a
ie,1,h0030,0.0,scr2011,avaConv,pvOpenspace_a
ie,1,h0031,0.0,scr2011,avaConv,pvOpenspace_a
ie,1,h0032,0.0,scr2011,avaConv,pvOpenspace_a
ie,1,h0033,0.0,scr2011,avaConv,pvOpenspace_a
ie,1,h0034,0.0,scr2011,avaConv,pvOpenspace_a
ie,1,h0035,0.030796629290576232,scr2011,avaConv,pvOpenspace_a
ie,1,h0036,0.0812892662027987,scr2011,avaConv,pvOpenspace_a
ie,1,h0037,0.17648231212123736,scr2011,avaConv,pvOpenspace_a
ie,1,h0038,0.2508157430726311,scr2011,avaConv,pvOpenspace_a
ie,1,h0039,0.2909110105031291,scr2011,avaConv,pvOpenspace_a
ie,1,h0040,0.2561313201074705,scr2011,avaConv,pvOpenspace_a
ie,1,h0041,0.17947170856311861,scr2011,avaConv,pvOpenspace_a
ie,1,h0042,0.08892054784849539,scr2011,avaConv,pvOpenspace_a
ie,1,h0043,0.02845645984013254,scr2011,avaConv,pvOpenspace_a
ie,1,h0044,0.0,scr2011,avaConv,pvOpenspace_a
ie,1,h0045,0.0,scr2011,avaConv,pvOpenspace_a
ie,1,h0046,0.0,scr2011,avaConv,pvOpenspace_a
ie,1,h0047,0.0,scr2011,avaConv,pvOpenspace_a
ie,1,h0048,0.0,scr2011,avaConv,pvOpenspace_a
it_s,1,h0001,0.0,scr2011,avaConv,pvOpenspace_a
it_s,1,h0002,0.0,scr2011,avaConv,pvOpenspace_a
it_s,1,h0003,0.0,scr2011,avaConv,pvOpenspace_a
it_s,1,h0004,0.0,scr2011,avaConv,pvOpenspace_a
it_s,1,h0005,0.0,scr2011,avaConv,pvOpenspace_a
it_s,1,h0006,0.0,scr2011,avaConv,pvOpenspace_a
it_s,1,h0007,0.0,scr2011,avaConv,pvOpenspace_a
it_s,1,h0008,0.01976774960507429,scr2011,avaConv,pvOpenspace_a
it_s,1,h0009,0.08950603354899886,scr2011,avaConv,pvOpenspace_a
it_s,1,h0010,0.21623863021349168,scr2011,avaConv,pvOpenspace_a
it_s,1,h0011,0.3404297755924154,scr2011,avaConv,pvOpenspace_a
it_s,1,h0012,0.40669862337880647,scr2011,avaConv,pvOpenspace_a
it_s,1,h0013,0.4561411701303972,scr2011,avaConv,pvOpenspace_a
it_s,1,h0014,0.4510213707194616,scr2011,avaConv,pvOpenspace_a
it_s,1,h0015,0.39259926459485095,scr2011,avaConv,pvOpenspace_a
it_s,1,h0016,0.2431250343719726,scr2011,avaConv,pvOpenspace_a
it_s,1,h0017,0.10020254722676017,scr2011,avaConv,pvOpenspace_a
it_s,1,h0018,0.02251356693837635,scr2011,avaConv,pvOpenspace_a
it_s,1,h0019,0.0,scr2011,avaConv,pvOpenspace_a
it_s,1,h0020,0.0,scr2011,avaConv,pvOpenspace_a
it_s,1,h0021,0.0,scr2011,avaConv,pvOpenspace_a
it_s,1,h0022,0.0,scr2011,avaConv,pvOpenspace_a
it_s,1,h0023,0.0,scr2011,avaConv,pvOpenspace_a
it_s,1,h0024,0.0,scr2011,avaConv,pvOpenspace_a
it_s,1,h0025,0.0,scr2011,avaConv,pvOpenspace_a
it_s,1,h0026,0.0,scr2011,avaConv,pvOpenspace_a
it_s,1,h0027,0.0,scr2011,avaConv,pvOpenspace_a
it_s,1,h0028,0.0,scr2011,avaConv,pvOpenspace_a
it_s,1,h0029,0.0,scr2011,avaConv,pvOpenspace_a
it_s,1,h0030,0.0,scr2011,avaConv,pvOpenspace_a
it_s,1,h0031,0.0,scr2011,avaConv,pvOpenspace_a
it_s,1,h0032,0.027526928684110146,scr2011,avaConv,pvOpenspace_a
it_s,1,h0033,0.11768834936527801,scr2011,avaConv,pvOpenspace_a
it_s,1,h0034,0.2759838911935213,scr2011,avaConv,pvOpenspace_a
it_s,1,h0035,0.43600103745760443,scr2011,avaConv,pvOpenspace_a
it_s,1,h0036,0.5401877669219072,scr2011,avaConv,pvOpenspace_a
it_s,1,h0037,0.4801588084967634,scr2011,avaConv,pvOpenspace_a
it_s,1,h0038,0.3516584842270606,scr2011,avaConv,pvOpenspace_a
it_s,1,h0039,0.1862777950555934,scr2011,avaConv,pvOpenspace_a
it_s,1,h0040,0.096662313091381,scr2011,avaConv,pvOpenspace_a
it_s,1,h0041,0.033253030122568944,scr2011,avaConv,pvOpenspace_a
it_s,1,h0042,0.0062872012204768166,scr2011,avaConv,pvOpenspace_a
it_s,1,h0043,0.0,scr2011,avaConv,pvOpenspace_a
it_s,1,h0044,0.0,scr2011,avaConv,pvOpenspace_a
it_s,1,h0045,0.0,scr2011,avaConv,pvOpenspace_a
it_s,1,h0046,0.0,scr2011,avaConv,pvOpenspace_a
it_s,1,h0047,0.0,scr2011,avaConv,pvOpenspace_a
it_s,1,h0048,0.0,scr2011,avaConv,pvOpenspace_a
it_cn,1,h0001,0.0,scr2011,avaConv,pvOpenspace_a
it_cn,1,h0002,0.0,scr2011,avaConv,pvOpenspace_a
it_cn,1,h0003,0.0,scr2011,avaConv,pvOpenspace_a
it_cn,1,h0004,0.0,scr2011,avaConv,pvOpenspace_a
it_cn,1,h0005,0.0,scr2011,avaConv,pvOpenspace_a
it_cn,1,h0006,0.0,scr2011,avaConv,pvOpenspace_a
it_cn,1,h0007,0.0,scr2011,avaConv,pvOpenspace_a
it_cn,1,h0008,0.0,scr2011,avaConv,pvOpenspace_a
it_cn,1,h0009,0.028937643430953175,scr2011,avaConv,pvOpenspace_a
it_cn,1,h0010,0.09006560263303165,scr2011,avaConv,pvOpenspace_a
it_cn,1,h0011,0.1746448499116301,scr2011,avaConv,pvOpenspace_a
it_cn,1,h0012,0.22784567315192386,scr2011,avaConv,pvOpenspace_a
it_cn,1,h0013,0.22018417334375584,scr2011,avaConv,pvOpenspace_a
it_cn,1,h0014,0.17790156671442456,scr2011,avaConv,pvOpenspace_a
it_cn,1,h0015,0.11369524349337484,scr2011,avaConv,pvOpenspace_a
it_cn,1,h0016,0.06576315627159768,scr2011,avaConv,pvOpenspace_a
it_cn,1,h0017,0.026675599761501148,scr2011,avaConv,pvOpenspace_a
it_cn,1,h0018,0.006237190484194192,scr2011,avaConv,pvOpenspace_a
it_cn,1,h0019,0.0,scr2011,avaConv,pvOpenspace_a
it_cn,1,h0020,0.0,scr2011,avaConv,pvOpenspace_a
it_cn,1,h0021,0.0,scr2011,avaConv,pvOpenspace_a
it_cn,1,h0022,0.0,scr2011,avaConv,pvOpenspace_a
it_cn,1,h0023,0.0,scr2011,avaConv,pvOpenspace_a
it_cn,1,h0024,0.0,scr2011,avaConv,pvOpenspace_a
it_cn,1,h0025,0.0,scr2011,avaConv,pvOpenspace_a
it_cn,1,h0026,0.0,scr2011,avaConv,pvOpenspace_a
it_cn,1,h0027,0.0,scr2011,avaConv,pvOpenspace_a
it_cn,1,h0028,0.0,scr2011,avaConv,pvOpenspace_a
it_cn,1,h0029,0.0,scr2011,avaConv,pvOpenspace_a
it_cn,1,h0030,0.0,scr2011,avaConv,pvOpenspace_a
it_cn,1,h0031,0.0,scr2011,avaConv,pvOpenspace_a
it_cn,1,h0032,0.0008304333105414096,scr2011,avaConv,pvOpenspace_a
it_cn,1,h0033,0.05221748759309019,scr2011,avaConv,pvOpenspace_a
it_cn,1,h0034,0.15824032320998013,scr2011,avaConv,pvOpenspace_a
it_cn,1,h0035,0.2995593302127096,scr2011,avaConv,pvOpenspace_a
it_cn,1,h0036,0.39873990358277295,scr2011,avaConv,pvOpenspace_a
it_cn,1,h0037,0.3774195116568884,scr2011,avaConv,pvOpenspace_a
it_cn,1,h0038,0.3140988549980514,scr2011,avaConv,pvOpenspace_a
it_cn,1,h0039,0.20852173152679873,scr2011,avaConv,pvOpenspace_a
it_cn,1,h0040,0.1461375286942669,scr2011,avaConv,pvOpenspace_a
it_cn,1,h0041,0.07027979168581192,scr2011,avaConv,pvOpenspace_a
it_cn,1,h0042,0.021726988582080196,scr2011,avaConv,pvOpenspace_a
it_cn,1,h0043,0.0,scr2011,avaConv,pvOpenspace_a
it_cn,1,h0044,0.0,scr2011,avaConv,pvOpenspace_a
it_cn,1,h0045,0.0,scr2011,avaConv,pvOpenspace_a
it_cn,1,h0046,0.0,scr2011,avaConv,pvOpenspace_a
it_cn,1,h0047,0.0,scr2011,avaConv,pvOpenspace_a
it_cn,1,h0048,0.0,scr2011,avaConv,pvOpenspace_a
it_cs,1,h0001,0.0,scr2011,avaConv,pvOpenspace_a
it_cs,1,h0002,0.0,scr2011,avaConv,pvOpenspace_a
it_cs,1,h0003,0.0,scr2011,avaConv,pvOpenspace_a
it_cs,1,h0004,0.0,scr2011,avaConv,pvOpenspace_a
it_cs,1,h0005,0.0,scr2011,avaConv,pvOpenspace_a
it_cs,1,h0006,0.0,scr2011,avaConv,pvOpenspace_a
it_cs,1,h0007,0.0,scr2011,avaConv,pvOpenspace_a
it_cs,1,h0008,0.008283604663135569,scr2011,avaConv,pvOpenspace_a
it_cs,1,h0009,0.04733554617798179,scr2011,avaConv,pvOpenspace_a
it_cs,1,h0010,0.11407693151842922,scr2011,avaConv,pvOpenspace_a
it_cs,1,h0011,0.18140071663826007,scr2011,avaConv,pvOpenspace_a
it_cs,1,h0012,0.217367495676249,scr2011,avaConv,pvOpenspace_a
it_cs,1,h0013,0.2610384172892639,scr2011,avaConv,pvOpenspace_a
it_cs,1,h0014,0.2732766769833202,scr2011,avaConv,pvOpenspace_a
it_cs,1,h0015,0.24981177439559019,scr2011,avaConv,pvOpenspace_a
it_cs,1,h0016,0.16214847628325071,scr2011,avaConv,pvOpenspace_a
it_cs,1,h0017,0.07421176708302034,scr2011,avaConv,pvOpenspace_a
it_cs,1,h0018,0.022444635267981124,scr2011,avaConv,pvOpenspace_a
it_cs,1,h0019,0.0,scr2011,avaConv,pvOpenspace_a
it_cs,1,h0020,0.0,scr2011,avaConv,pvOpenspace_a
it_cs,1,h0021,0.0,scr2011,avaConv,pvOpenspace_a
it_cs,1,h0022,0.0,scr2011,avaConv,pvOpenspace_a
it_cs,1,h0023,0.0,scr2011,avaConv,pvOpenspace_a
it_cs,1,h0024,0.0,scr2011,avaConv,pvOpenspace_a
it_cs,1,h0025,0.0,scr2011,avaConv,pvOpenspace_a
it_cs,1,h0026,0.0,scr2011,avaConv,pvOpenspace_a
it_cs,1,h0027,0.0,scr2011,avaConv,pvOpenspace_a
it_cs,1,h0028,0.0,scr2011,avaConv,pvOpenspace_a
it_cs,1,h0029,0.0,scr2011,avaConv,pvOpenspace_a
it_cs,1,h0030,0.0,scr2011,avaConv,pvOpenspace_a
it_cs,1,h0031,0.0,scr2011,avaConv,pvOpenspace_a
it_cs,1,h0032,0.02359088775246888,scr2011,avaConv,pvOpenspace_a
it_cs,1,h0033,0.10835617652509026,scr2011,avaConv,pvOpenspace_a
it_cs,1,h0034,0.2462881340061544,scr2011,avaConv,pvOpenspace_a
it_cs,1,h0035,0.3887667288444404,scr2011,avaConv,pvOpenspace_a
it_cs,1,h0036,0.48069309564485907,scr2011,avaConv,pvOpenspace_a
it_cs,1,h0037,0.39474720880813685,scr2011,avaConv,pvOpenspace_a
it_cs,1,h0038,0.2699570641870843,scr2011,avaConv,pvOpenspace_a
it_cs,1,h0039,0.12377429665737234,scr2011,avaConv,pvOpenspace_a
it_cs,1,h0040,0.08690841536569031,scr2011,avaConv,pvOpenspace_a
it_cs,1,h0041,0.045135571554880974,scr2011,avaConv,pvOpenspace_a
it_cs,1,h0042,0.015241626462494629,scr2011,avaConv,pvOpenspace_a
it_cs,1,h0043,0.0,scr2011,avaConv,pvOpenspace_a
it_cs,1,h0044,0.0,scr2011,avaConv,pvOpenspace_a
it_cs,1,h0045,0.0,scr2011,avaConv,pvOpenspace_a
it_cs,1,h0046,0.0,scr2011,avaConv,pvOpenspace_a
it_cs,1,h0047,0.0,scr2011,avaConv,pvOpenspace_a
it_cs,1,h0048,0.0,scr2011,avaConv,pvOpenspace_a
it_n,1,h0001,0.0,scr2011,avaConv,pvOpenspace_a
it_n,1,h0002,0.0,scr2011,avaConv,pvOpenspace_a
it_n,1,h0003,0.0,scr2011,avaConv,pvOpenspace_a
it_n,1,h0004,0.0,scr2011,avaConv,pvOpenspace_a
it_n,1,h0005,0.0,scr2011,avaConv,pvOpenspace_a
it_n,1,h0006,0.0,scr2011,avaConv,pvOpenspace_a
it_n,1,h0007,0.0,scr2011,avaConv,pvOpenspace_a
it_n,1,h0008,0.0,scr2011,avaConv,pvOpenspace_a
it_n,1,h0009,0.012788044575238256,scr2011,avaConv,pvOpenspace_a
it_n,1,h0010,0.05998317094621483,scr2011,avaConv,pvOpenspace_a
it_n,1,h0011,0.14439486779803354,scr2011,avaConv,pvOpenspace_a
it_n,1,h0012,0.2258811111411936,scr2011,avaConv,pvOpenspace_a
it_n,1,h0013,0.1745602440769156,scr2011,avaConv,pvOpenspace_a
it_n,1,h0014,0.09562739758712968,scr2011,avaConv,pvOpenspace_a
it_n,1,h0015,0.015761755549354724,scr2011,avaConv,pvOpenspace_a
it_n,1,h0016,0.0075791205838103585,scr2011,avaConv,pvOpenspace_a
it_n,1,h0017,0.0021218046618691243,scr2011,avaConv,pvOpenspace_a
it_n,1,h0018,0.0002698852631924764,scr2011,avaConv,pvOpenspace_a
it_n,1,h0019,0.0,scr2011,avaConv,pvOpenspace_a
it_n,1,h0020,0.0,scr2011,avaConv,pvOpenspace_a
it_n,1,h0021,0.0,scr2011,avaConv,pvOpenspace_a
it_n,1,h0022,0.0,scr2011,avaConv,pvOpenspace_a
it_n,1,h0023,0.0,scr2011,avaConv,pvOpenspace_a
it_n,1,h0024,0.0,scr2011,avaConv,pvOpenspace_a
it_n,1,h0025,0.0,scr2011,avaConv,pvOpenspace_a
it_n,1,h0026,0.0,scr2011,avaConv,pvOpenspace_a
it_n,1,h0027,0.0,scr2011,avaConv,pvOpenspace_a
it_n,1,h0028,0.0,scr2011,avaConv,pvOpenspace_a
it_n,1,h0029,0.0,scr2011,avaConv,pvOpenspace_a
it_n,1,h0030,0.0,scr2011,avaConv,pvOpenspace_a
it_n,1,h0031,0.0,scr2011,avaConv,pvOpenspace_a
it_n,1,h0032,0.0,scr2011,avaConv,pvOpenspace_a
it_n,1,h0033,0.019277157670064656,scr2011,avaConv,pvOpenspace_a
it_n,1,h0034,0.07744597050383455,scr2011,avaConv,pvOpenspace_a
it_n,1,h0035,0.18547209609376977,scr2011,avaConv,pvOpenspace_a
it_n,1,h0036,0.30491911642149705,scr2011,avaConv,pvOpenspace_a
it_n,1,h0037,0.3828207291821387,scr2011,avaConv,pvOpenspace_a
it_n,1,h0038,0.41003507782768506,scr2011,avaConv,pvOpenspace_a
it_n,1,h0039,0.3599386835399449,scr2011,avaConv,pvOpenspace_a
it_n,1,h0040,0.261454390958341,scr2011,avaConv,pvOpenspace_a
it_n,1,h0041,0.12161350803223696,scr2011,avaConv,pvOpenspace_a
it_n,1,h0042,0.03267564060811312,scr2011,avaConv,pvOpenspace_a
it_n,1,h0043,0.0,scr2011,avaConv,pvOpenspace_a
it_n,1,h0044,0.0,scr2011,avaConv,pvOpenspace_a
it_n,1,h0045,0.0,scr2011,avaConv,pvOpenspace_a
it_n,1,h0046,0.0,scr2011,avaConv,pvOpenspace_a
it_n,1,h0047,0.0,scr2011,avaConv,pvOpenspace_a
it_n,1,h0048,0.0,scr2011,avaConv,pvOpenspace_a
it_sar,1,h0001,0.0,scr2011,avaConv,pvOpenspace_a
it_sar,1,h0002,0.0,scr2011,avaConv,pvOpenspace_a
it_sar,1,h0003,0.0,scr2011,avaConv,pvOpenspace_a
it_sar,1,h0004,0.0,scr2011,avaConv,pvOpenspace_a
it_sar,1,h0005,0.0,scr2011,avaConv,pvOpenspace_a
it_sar,1,h0006,0.0,scr2011,avaConv,pvOpenspace_a
it_sar,1,h0007,0.0,scr2011,avaConv,pvOpenspace_a
it_sar,1,h0008,0.0,scr2011,avaConv,pvOpenspace_a
it_sar,1,h0009,0.018188114654223164,scr2011,avaConv,pvOpenspace_a
it_sar,1,h0010,0.06825896418115897,scr2011,avaConv,pvOpenspace_a
it_sar,1,h0011,0.13944739753967844,scr2011,avaConv,pvOpenspace_a
it_sar,1,h0012,0.19341153572061046,scr2011,avaConv,pvOpenspace_a
it_sar,1,h0013,0.31130058765361346,scr2011,avaConv,pvOpenspace_a
it_sar,1,h0014,0.3952029772428521,scr2011,avaConv,pvOpenspace_a
it_sar,1,h0015,0.4266143327199634,scr2011,avaConv,pvOpenspace_a
it_sar,1,h0016,0.2957237113222119,scr2011,avaConv,pvOpenspace_a
it_sar,1,h0017,0.13874640201501703,scr2011,avaConv,pvOpenspace_a
it_sar,1,h0018,0.03850897854007854,scr2011,avaConv,pvOpenspace_a
it_sar,1,h0019,0.0,scr2011,avaConv,pvOpenspace_a
it_sar,1,h0020,0.0,scr2011,avaConv,pvOpenspace_a
it_sar,1,h0021,0.0,scr2011,avaConv,pvOpenspace_a
it_sar,1,h0022,0.0,scr2011,avaConv,pvOpenspace_a
it_sar,1,h0023,0.0,scr2011,avaConv,pvOpenspace_a
it_sar,1,h0024,0.0,scr2011,avaConv,pvOpenspace_a
it_sar,1,h0025,0.0,scr2011,avaConv,pvOpenspace_a
it_sar,1,h0026,0.0,scr2011,avaConv,pvOpenspace_a
it_sar,1,h0027,0.0,scr2011,avaConv,pvOpenspace_a
it_sar,1,h0028,0.0,scr2011,avaConv,pvOpenspace_a
it_sar,1,h0029,0.0,scr2011,avaConv,pvOpenspace_a
it_sar,1,h0030,0.0,scr2011,avaConv,pvOpenspace_a
it_sar,1,h0031,0.0,scr2011,avaConv,pvOpenspace_a
it_sar,1,h0032,0.0,scr2011,avaConv,pvOpenspace_a
it_sar,1,h0033,0.03060755520405201,scr2011,avaConv,pvOpenspace_a
it_sar,1,h0034,0.11078393720230607,scr2011,avaConv,pvOpenspace_a
it_sar,1,h0035,0.2366091312946476,scr2011,avaConv,pvOpenspace_a
it_sar,1,h0036,0.33863609198535743,scr2011,avaConv,pvOpenspace_a
it_sar,1,h0037,0.36165687657007195,scr2011,avaConv,pvOpenspace_a
it_sar,1,h0038,0.3229567320018016,scr2011,avaConv,pvOpenspace_a
it_sar,1,h0039,0.23586534576074797,scr2011,avaConv,pvOpenspace_a
it_sar,1,h0040,0.15776915827201693,scr2011,avaConv,pvOpenspace_a
it_sar,1,h0041,0.08330395994378174,scr2011,avaConv,pvOpenspace_a
it_sar,1,h0042,0.03309660857683593,scr2011,avaConv,pvOpenspace_a
it_sar,1,h0043,0.006957436755089502,scr2011,avaConv,pvOpenspace_a
it_sar,1,h0044,0.0,scr2011,avaConv,pvOpenspace_a
it_sar,1,h0045,0.0,scr2011,avaConv,pvOpenspace_a
it_sar,1,h0046,0.0,scr2011,avaConv,pvOpenspace_a
it_sar,1,h0047,0.0,scr2011,avaConv,pvOpenspace_a
it_sar,1,h0048,0.0,scr2011,avaConv,pvOpenspace_a
it_sic,1,h0001,0.0,scr2011,avaConv,pvOpenspace_a
it_sic,1,h0002,0.0,scr2011,avaConv,pvOpenspace_a
it_sic,1,h0003,0.0,scr2011,avaConv,pvOpenspace_a
it_sic,1,h0004,0.0,scr2011,avaConv,pvOpenspace_a
it_sic,1,h0005,0.0,scr2011,avaConv,pvOpenspace_a
it_sic,1,h0006,0.0,scr2011,avaConv,pvOpenspace_a
it_sic,1,h0007,0.0,scr2011,avaConv,pvOpenspace_a
it_sic,1,h0008,0.017638714135266697,scr2011,avaConv,pvOpenspace_a
it_sic,1,h0009,0.07662556105763811,scr2011,avaConv,pvOpenspace_a
it_sic,1,h0010,0.17650435637125175,scr2011,avaConv,pvOpenspace_a
it_sic,1,h0011,0.2728257635123264,scr2011,avaConv,pvOpenspace_a
it_sic,1,h0012,0.3257097553199808,scr2011,avaConv,pvOpenspace_a
it_sic,1,h0013,0.3668665304753892,scr2011,avaConv,pvOpenspace_a
it_sic,1,h0014,0.37404046831350135,scr2011,avaConv,pvOpenspace_a
it_sic,1,h0015,0.35044588291628126,scr2011,avaConv,pvOpenspace_a
it_sic,1,h0016,0.25230638309149284,scr2011,avaConv,pvOpenspace_a
it_sic,1,h0017,0.1273167487154614,scr2011,avaConv,pvOpenspace_a
it_sic,1,h0018,0.03881866631320119,scr2011,avaConv,pvOpenspace_a
it_sic,1,h0019,0.0,scr2011,avaConv,pvOpenspace_a
it_sic,1,h0020,0.0,scr2011,avaConv,pvOpenspace_a
it_sic,1,h0021,0.0,scr2011,avaConv,pvOpenspace_a
it_sic,1,h0022,0.0,scr2011,avaConv,pvOpenspace_a
it_sic,1,h0023,0.0,scr2011,avaConv,pvOpenspace_a
it_sic,1,h0024,0.0,scr2011,avaConv,pvOpenspace_a
it_sic,1,h0025,0.0,scr2011,avaConv,pvOpenspace_a
it_sic,1,h0026,0.0,scr2011,avaConv,pvOpenspace_a
it_sic,1,h0027,0.0,scr2011,avaConv,pvOpenspace_a
it_sic,1,h0028,0.0,scr2011,avaConv,pvOpenspace_a
it_sic,1,h0029,0.0,scr2011,avaConv,pvOpenspace_a
it_sic,1,h0030,0.0,scr2011,avaConv,pvOpenspace_a
it_sic,1,h0031,0.0,scr2011,avaConv,pvOpenspace_a
it_sic,1,h0032,0.028192471289024114,scr2011,avaConv,pvOpenspace_a
it_sic,1,h0033,0.11569154225802303,scr2011,avaConv,pvOpenspace_a
it_sic,1,h0034,0.2615482768274156,scr2011,avaConv,pvOpenspace_a
it_sic,1,h0035,0.41043174240350255,scr2011,avaConv,pvOpenspace_a
it_sic,1,h0036,0.5147434570458833,scr2011,avaConv,pvOpenspace_a
it_sic,1,h0037,0.4714199825429379,scr2011,avaConv,pvOpenspace_a
it_sic,1,h0038,0.35933158335227894,scr2011,avaConv,pvOpenspace_a
it_sic,1,h0039,0.20277176821185014,scr2011,avaConv,pvOpenspace_a
it_sic,1,h0040,0.11489728873210242,scr2011,avaConv,pvOpenspace_a
it_sic,1,h0041,0.04706779715644733,scr2011,avaConv,pvOpenspace_a
it_sic,1,h0042,0.01243760513318496,scr2011,avaConv,pvOpenspace_a
it_sic,1,h0043,0.0,scr2011,avaConv,pvOpenspace_a
it_sic,1,h0044,0.0,scr2011,avaConv,pvOpenspace_a
it_sic,1,h0045,0.0,scr2011,avaConv,pvOpenspace_a
it_sic,1,h0046,0.0,scr2011,avaConv,pvOpenspace_a
it_sic,1,h0047,0.0,scr2011,avaConv,pvOpenspace_a
it_sic,1,h0048,0.0,scr2011,avaConv,pvOpenspace_a
lt,1,h0001,0.0,scr2011,avaConv,pvOpenspace_a
lt,1,h0002,0.0,scr2011,avaConv,pvOpenspace_a
lt,1,h0003,0.0,scr2011,avaConv,pvOpenspace_a
lt,1,h0004,0.0,scr2011,avaConv,pvOpenspace_a
lt,1,h0005,0.0,scr2011,avaConv,pvOpenspace_a
lt,1,h0006,0.0,scr2011,avaConv,pvOpenspace_a
lt,1,h0007,0.0,scr2011,avaConv,pvOpenspace_a
lt,1,h0008,0.0,scr2011,avaConv,pvOpenspace_a
lt,1,h0009,0.01279198868686506,scr2011,avaConv,pvOpenspace_a
lt,1,h0010,0.05242578943302004,scr2011,avaConv,pvOpenspace_a
lt,1,h0011,0.11662081886046526,scr2011,avaConv,pvOpenspace_a
lt,1,h0012,0.16129780256456258,scr2011,avaConv,pvOpenspace_a
lt,1,h0013,0.12096973463774967,scr2011,avaConv,pvOpenspace_a
lt,1,h0014,0.06002714993460159,scr2011,avaConv,pvOpenspace_a
lt,1,h0015,0.007513906379776027,scr2011,avaConv,pvOpenspace_a
lt,1,h0016,0.0019494046952713024,scr2011,avaConv,pvOpenspace_a
lt,1,h0017,0.0,scr2011,avaConv,pvOpenspace_a
lt,1,h0018,0.0,scr2011,avaConv,pvOpenspace_a
lt,1,h0019,0.0,scr2011,avaConv,pvOpenspace_a
lt,1,h0020,0.0,scr2011,avaConv,pvOpenspace_a
lt,1,h0021,0.0,scr2011,avaConv,pvOpenspace_a
lt,1,h0022,0.0,scr2011,avaConv,pvOpenspace_a
lt,1,h0023,0.0,scr2011,avaConv,pvOpenspace_a
lt,1,h0024,0.0,scr2011,avaConv,pvOpenspace_a
lt,1,h0025,0.0,scr2011,avaConv,pvOpenspace_a
lt,1,h0026,0.0,scr2011,avaConv,pvOpenspace_a
lt,1,h0027,0.0,scr2011,avaConv,pvOpenspace_a
lt,1,h0028,0.0,scr2011,avaConv,pvOpenspace_a
lt,1,h0029,0.0,scr2011,avaConv,pvOpenspace_a
lt,1,h0030,0.0,scr2011,avaConv,pvOpenspace_a
lt,1,h0031,0.0,scr2011,avaConv,pvOpenspace_a
lt,1,h0032,0.0,scr2011,avaConv,pvOpenspace_a
lt,1,h0033,0.00048056266648380274,scr2011,avaConv,pvOpenspace_a
lt,1,h0034,0.003135182287005436,scr2011,avaConv,pvOpenspace_a
lt,1,h0035,0.0077083988563388574,scr2011,avaConv,pvOpenspace_a
lt,1,h0036,0.011224528632431688,scr2011,avaConv,pvOpenspace_a
lt,1,h0037,0.01816047582613957,scr2011,avaConv,pvOpenspace_a
lt,1,h0038,0.018754276947845518,scr2011,avaConv,pvOpenspace_a
lt,1,h0039,0.014075147508986217,scr2011,avaConv,pvOpenspace_a
lt,1,h0040,0.004254631698216735,scr2011,avaConv,pvOpenspace_a
lt,1,h0041,0.0,scr2011,avaConv,pvOpenspace_a
lt,1,h0042,0.0,scr2011,avaConv,pvOpenspace_a
lt,1,h0043,0.0,scr2011,avaConv,pvOpenspace_a
lt,1,h0044,0.0,scr2011,avaConv,pvOpenspace_a
lt,1,h0045,0.0,scr2011,avaConv,pvOpenspace_a
lt,1,h0046,0.0,scr2011,avaConv,pvOpenspace_a
lt,1,h0047,0.0,scr2011,avaConv,pvOpenspace_a
lt,1,h0048,0.0,scr2011,avaConv,pvOpenspace_a
lu,1,h0001,0.0,scr2011,avaConv,pvOpenspace_a
lu,1,h0002,0.0,scr2011,avaConv,pvOpenspace_a
lu,1,h0003,0.0,scr2011,avaConv,pvOpenspace_a
lu,1,h0004,0.0,scr2011,avaConv,pvOpenspace_a
lu,1,h0005,0.0,scr2011,avaConv,pvOpenspace_a
lu,1,h0006,0.0,scr2011,avaConv,pvOpenspace_a
lu,1,h0007,0.0,scr2011,avaConv,pvOpenspace_a
lu,1,h0008,0.0,scr2011,avaConv,pvOpenspace_a
lu,1,h0009,0.0,scr2011,avaConv,pvOpenspace_a
lu,1,h0010,0.01350041625228643,scr2011,avaConv,pvOpenspace_a
lu,1,h0011,0.03867149923632006,scr2011,avaConv,pvOpenspace_a
lu,1,h0012,0.08445786751707103,scr2011,avaConv,pvOpenspace_a
lu,1,h0013,0.08186697521246221,scr2011,avaConv,pvOpenspace_a
lu,1,h0014,0.06562352929138542,scr2011,avaConv,pvOpenspace_a
lu,1,h0015,0.0235528551403457,scr2011,avaConv,pvOpenspace_a
lu,1,h0016,0.011821885209727018,scr2011,avaConv,pvOpenspace_a
lu,1,h0017,0.0027063926326322527,scr2011,avaConv,pvOpenspace_a
lu,1,h0018,0.0,scr2011,avaConv,pvOpenspace_a
lu,1,h0019,0.0,scr2011,avaConv,pvOpenspace_a
lu,1,h0020,0.0,scr2011,avaConv,pvOpenspace_a
lu,1,h0021,0.0,scr2011,avaConv,pvOpenspace_a
lu,1,h0022,0.0,scr2011,avaConv,pvOpenspace_a
lu,1,h0023,0.0,scr2011,avaConv,pvOpenspace_a
lu,1,h0024,0.0,scr2011,avaConv,pvOpenspace_a
lu,1,h0025,0.0,scr2011,avaConv,pvOpenspace_a
lu,1,h0026,0.0,scr2011,avaConv,pvOpenspace_a
lu,1,h0027,0.0,scr2011,avaConv,pvOpenspace_a
lu,1,h0028,0.0,scr2011,avaConv,pvOpenspace_a
lu,1,h0029,0.0,scr2011,avaConv,pvOpenspace_a
lu,1,h0030,0.0,scr2011,avaConv,pvOpenspace_a
lu,1,h0031,0.0,scr2011,avaConv,pvOpenspace_a
lu,1,h0032,0.0,scr2011,avaConv,pvOpenspace_a
lu,1,h0033,0.00258165998358358,scr2011,avaConv,pvOpenspace_a
lu,1,h0034,0.01249296043480722,scr2011,avaConv,pvOpenspace_a
lu,1,h0035,0.03585510067822148,scr2011,avaConv,pvOpenspace_a
lu,1,h0036,0.07277425955844657,scr2011,avaConv,pvOpenspace_a
lu,1,h0037,0.17801340097655008,scr2011,avaConv,pvOpenspace_a
lu,1,h0038,0.2489566518509649,scr2011,avaConv,pvOpenspace_a
lu,1,h0039,0.2851788820650225,scr2011,avaConv,pvOpenspace_a
lu,1,h0040,0.21153524102946966,scr2011,avaConv,pvOpenspace_a
lu,1,h0041,0.11617178699750284,scr2011,avaConv,pvOpenspace_a
lu,1,h0042,0.041188256555253745,scr2011,avaConv,pvOpenspace_a
lu,1,h0043,0.0,scr2011,avaConv,pvOpenspace_a
lu,1,h0044,0.0,scr2011,avaConv,pvOpenspace_a
lu,1,h0045,0.0,scr2011,avaConv,pvOpenspace_a
lu,1,h0046,0.0,scr2011,avaConv,pvOpenspace_a
lu,1,h0047,0.0,scr2011,avaConv,pvOpenspace_a
lu,1,h0048,0.0,scr2011,avaConv,pvOpenspace_a
lv,1,h0001,0.0,scr2011,avaConv,pvOpenspace_a
lv,1,h0002,0.0,scr2011,avaConv,pvOpenspace_a
lv,1,h0003,0.0,scr2011,avaConv,pvOpenspace_a
lv,1,h0004,0.0,scr2011,avaConv,pvOpenspace_a
lv,1,h0005,0.0,scr2011,avaConv,pvOpenspace_a
lv,1,h0006,0.0,scr2011,avaConv,pvOpenspace_a
lv,1,h0007,0.0,scr2011,avaConv,pvOpenspace_a
lv,1,h0008,0.0,scr2011,avaConv,pvOpenspace_a
lv,1,h0009,0.020016831211834025,scr2011,avaConv,pvOpenspace_a
lv,1,h0010,0.06966422960523042,scr2011,avaConv,pvOpenspace_a
lv,1,h0011,0.1413392719673705,scr2011,avaConv,pvOpenspace_a
lv,1,h0012,0.19705143047289334,scr2011,avaConv,pvOpenspace_a
lv,1,h0013,0.14990960362225034,scr2011,avaConv,pvOpenspace_a
lv,1,h0014,0.08000139440937008,scr2011,avaConv,pvOpenspace_a
lv,1,h0015,0.006845899337492243,scr2011,avaConv,pvOpenspace_a
lv,1,h0016,0.0015890083849538627,scr2011,avaConv,pvOpenspace_a
lv,1,h0017,0.0,scr2011,avaConv,pvOpenspace_a
lv,1,h0018,0.0,scr2011,avaConv,pvOpenspace_a
lv,1,h0019,0.0,scr2011,avaConv,pvOpenspace_a
lv,1,h0020,0.0,scr2011,avaConv,pvOpenspace_a
lv,1,h0021,0.0,scr2011,avaConv,pvOpenspace_a
lv,1,h0022,0.0,scr2011,avaConv,pvOpenspace_a
lv,1,h0023,0.0,scr2011,avaConv,pvOpenspace_a
lv,1,h0024,0.0,scr2011,avaConv,pvOpenspace_a
lv,1,h0025,0.0,scr2011,avaConv,pvOpenspace_a
lv,1,h0026,0.0,scr2011,avaConv,pvOpenspace_a
lv,1,h0027,0.0,scr2011,avaConv,pvOpenspace_a
lv,1,h0028,0.0,scr2011,avaConv,pvOpenspace_a
lv,1,h0029,0.0,scr2011,avaConv,pvOpenspace_a
lv,1,h0030,0.0,scr2011,avaConv,pvOpenspace_a
lv,1,h0031,0.0,scr2011,avaConv,pvOpenspace_a
lv,1,h0032,0.0,scr2011,avaConv,pvOpenspace_a
lv,1,h0033,0.0,scr2011,avaConv,pvOpenspace_a
lv,1,h0034,0.0020479773513382513,scr2011,avaConv,pvOpenspace_a
lv,1,h0035,0.005937521663741081,scr2011,avaConv,pvOpenspace_a
lv,1,h0036,0.010211481932127378,scr2011,avaConv,pvOpenspace_a
lv,1,h0037,0.01775418433228002,scr2011,avaConv,pvOpenspace_a
lv,1,h0038,0.01913960489870838,scr2011,avaConv,pvOpenspace_a
lv,1,h0039,0.014609812565864076,scr2011,avaConv,pvOpenspace_a
lv,1,h0040,0.004950078985416524,scr2011,avaConv,pvOpenspace_a
lv,1,h0041,0.0,scr2011,avaConv,pvOpenspace_a
lv,1,h0042,0.0,scr2011,avaConv,pvOpenspace_a
lv,1,h0043,0.0,scr2011,avaConv,pvOpenspace_a
lv,1,h0044,0.0,scr2011,avaConv,pvOpenspace_a
lv,1,h0045,0.0,scr2011,avaConv,pvOpenspace_a
lv,1,h0046,0.0,scr2011,avaConv,pvOpenspace_a
lv,1,h0047,0.0,scr2011,avaConv,pvOpenspace_a
lv,1,h0048,0.0,scr2011,avaConv,pvOpenspace_a
me,1,h0001,0.0,scr2011,avaConv,pvOpenspace_a
me,1,h0002,0.0,scr2011,avaConv,pvOpenspace_a
me,1,h0003,0.0,scr2011,avaConv,pvOpenspace_a
me,1,h0004,0.0,scr2011,avaConv,pvOpenspace_a
me,1,h0005,0.0,scr2011,avaConv,pvOpenspace_a
me,1,h0006,0.0,scr2011,avaConv,pvOpenspace_a
me,1,h0007,0.0,scr2011,avaConv,pvOpenspace_a
me,1,h0008,0.05910025448919826,scr2011,avaConv,pvOpenspace_a
me,1,h0009,0.18267996895389893,scr2011,avaConv,pvOpenspace_a
me,1,h0010,0.3552413937346187,scr2011,avaConv,pvOpenspace_a
me,1,h0011,0.49849589997282306,scr2011,avaConv,pvOpenspace_a
me,1,h0012,0.5810564348430126,scr2011,avaConv,pvOpenspace_a
me,1,h0013,0.4613914418164841,scr2011,avaConv,pvOpenspace_a
me,1,h0014,0.29974543576489765,scr2011,avaConv,pvOpenspace_a
me,1,h0015,0.11132173986628201,scr2011,avaConv,pvOpenspace_a
me,1,h0016,0.0627267250737661,scr2011,avaConv,pvOpenspace_a
me,1,h0017,0.02425281935017698,scr2011,avaConv,pvOpenspace_a
me,1,h0018,0.003943670236728078,scr2011,avaConv,pvOpenspace_a
me,1,h0019,0.0,scr2011,avaConv,pvOpenspace_a
me,1,h0020,0.0,scr2011,avaConv,pvOpenspace_a
me,1,h0021,0.0,scr2011,avaConv,pvOpenspace_a
me,1,h0022,0.0,scr2011,avaConv,pvOpenspace_a
me,1,h0023,0.0,scr2011,avaConv,pvOpenspace_a
me,1,h0024,0.0,scr2011,avaConv,pvOpenspace_a
me,1,h0025,0.0,scr2011,avaConv,pvOpenspace_a
me,1,h0026,0.0,scr2011,avaConv,pvOpenspace_a
me,1,h0027,0.0,scr2011,avaConv,pvOpenspace_a
me,1,h0028,0.0,scr2011,avaConv,pvOpenspace_a
me,1,h0029,0.0,scr2011,avaConv,pvOpenspace_a
me,1,h0030,0.0,scr2011,avaConv,pvOpenspace_a
me,1,h0031,0.0,scr2011,avaConv,pvOpenspace_a
me,1,h0032,0.05516958712907598,scr2011,avaConv,pvOpenspace_a
me,1,h0033,0.17180728598563214,scr2011,avaConv,pvOpenspace_a
me,1,h0034,0.3346783689400459,scr2011,avaConv,pvOpenspace_a
me,1,h0035,0.4708770512120728,scr2011,avaConv,pvOpenspace_a
me,1,h0036,0.5510147531205907,scr2011,avaConv,pvOpenspace_a
me,1,h0037,0.42537278699296815,scr2011,avaConv,pvOpenspace_a
me,1,h0038,0.26545951019132163,scr2011,avaConv,pvOpenspace_a
me,1,h0039,0.08129081304394078,scr2011,avaConv,pvOpenspace_a
me,1,h0040,0.047773540466614764,scr2011,avaConv,pvOpenspace_a
me,1,h0041,0.018478585138316225,scr2011,avaConv,pvOpenspace_a
me,1,h0042,0.0027164220432201684,scr2011,avaConv,pvOpenspace_a
me,1,h0043,0.0,scr2011,avaConv,pvOpenspace_a
me,1,h0044,0.0,scr2011,avaConv,pvOpenspace_a
me,1,h0045,0.0,scr2011,avaConv,pvOpenspace_a
me,1,h0046,0.0,scr2011,avaConv,pvOpenspace_a
me,1,h0047,0.0,scr2011,avaConv,pvOpenspace_a
me,1,h0048,0.0,scr2011,avaConv,pvOpenspace_a
mk,1,h0001,0.0,scr2011,avaConv,pvOpenspace_a
mk,1,h0002,0.0,scr2011,avaConv,pvOpenspace_a
mk,1,h0003,0.0,scr2011,avaConv,pvOpenspace_a
mk,1,h0004,0.0,scr2011,avaConv,pvOpenspace_a
mk,1,h0005,0.0,scr2011,avaConv,pvOpenspace_a
mk,1,h0006,0.0,scr2011,avaConv,pvOpenspace_a
mk,1,h0007,0.0,scr2011,avaConv,pvOpenspace_a
mk,1,h0008,0.04685361890392775,scr2011,avaConv,pvOpenspace_a
mk,1,h0009,0.15616252179368723,scr2011,avaConv,pvOpenspace_a
mk,1,h0010,0.3230438367425284,scr2011,avaConv,pvOpenspace_a
mk,1,h0011,0.4638838806583242,scr2011,avaConv,pvOpenspace_a
mk,1,h0012,0.5481242311580361,scr2011,avaConv,pvOpenspace_a
mk,1,h0013,0.5419896933026073,scr2011,avaConv,pvOpenspace_a
mk,1,h0014,0.46931200558732244,scr2011,avaConv,pvOpenspace_a
mk,1,h0015,0.3396139837027948,scr2011,avaConv,pvOpenspace_a
mk,1,h0016,0.17758725822665836,scr2011,avaConv,pvOpenspace_a
mk,1,h0017,0.059842516373280745,scr2011,avaConv,pvOpenspace_a
mk,1,h0018,0.0,scr2011,avaConv,pvOpenspace_a
mk,1,h0019,0.0,scr2011,avaConv,pvOpenspace_a
mk,1,h0020,0.0,scr2011,avaConv,pvOpenspace_a
mk,1,h0021,0.0,scr2011,avaConv,pvOpenspace_a
mk,1,h0022,0.0,scr2011,avaConv,pvOpenspace_a
mk,1,h0023,0.0,scr2011,avaConv,pvOpenspace_a
mk,1,h0024,0.0,scr2011,avaConv,pvOpenspace_a
mk,1,h0025,0.0,scr2011,avaConv,pvOpenspace_a
mk,1,h0026,0.0,scr2011,avaConv,pvOpenspace_a
mk,1,h0027,0.0,scr2011,avaConv,pvOpenspace_a
mk,1,h0028,0.0,scr2011,avaConv,pvOpenspace_a
mk,1,h0029,0.0,scr2011,avaConv,pvOpenspace_a
mk,1,h0030,0.0,scr2011,avaConv,pvOpenspace_a
mk,1,h0031,0.0,scr2011,avaConv,pvOpenspace_a
mk,1,h0032,0.056961119581679105,scr2011,avaConv,pvOpenspace_a
mk,1,h0033,0.18131563303930773,scr2011,avaConv,pvOpenspace_a
mk,1,h0034,0.36393802786530083,scr2011,avaConv,pvOpenspace_a
mk,1,h0035,0.5044901984191266,scr2011,avaConv,pvOpenspace_a
mk,1,h0036,0.5845464220264872,scr2011,avaConv,pvOpenspace_a
mk,1,h0037,0.4972711836251139,scr2011,avaConv,pvOpenspace_a
mk,1,h0038,0.3520099573229183,scr2011,avaConv,pvOpenspace_a
mk,1,h0039,0.17482624961110013,scr2011,avaConv,pvOpenspace_a
mk,1,h0040,0.08806450748669407,scr2011,avaConv,pvOpenspace_a
mk,1,h0041,0.03035162296593417,scr2011,avaConv,pvOpenspace_a
mk,1,h0042,0.005472026515585329,scr2011,avaConv,pvOpenspace_a
mk,1,h0043,0.0,scr2011,avaConv,pvOpenspace_a
mk,1,h0044,0.0,scr2011,avaConv,pvOpenspace_a
mk,1,h0045,0.0,scr2011,avaConv,pvOpenspace_a
mk,1,h0046,0.0,scr2011,avaConv,pvOpenspace_a
mk,1,h0047,0.0,scr2011,avaConv,pvOpenspace_a
mk,1,h0048,0.0,scr2011,avaConv,pvOpenspace_a
nl,1,h0001,0.0,scr2011,avaConv,pvOpenspace_a
nl,1,h0002,0.0,scr2011,avaConv,pvOpenspace_a
nl,1,h0003,0.0,scr2011,avaConv,pvOpenspace_a
nl,1,h0004,0.0,scr2011,avaConv,pvOpenspace_a
nl,1,h0005,0.0,scr2011,avaConv,pvOpenspace_a
nl,1,h0006,0.0,scr2011,avaConv,pvOpenspace_a
nl,1,h0007,0.0,scr2011,avaConv,pvOpenspace_a
nl,1,h0008,0.0,scr2011,avaConv,pvOpenspace_a
nl,1,h0009,0.0,scr2011,avaConv,pvOpenspace_a
nl,1,h0010,0.008748535686815304,scr2011,avaConv,pvOpenspace_a
nl,1,h0011,0.029369523141950078,scr2011,avaConv,pvOpenspace_a
nl,1,h0012,0.06129768088289676,scr2011,avaConv,pvOpenspace_a
nl,1,h0013,0.06358049827772388,scr2011,avaConv,pvOpenspace_a
nl,1,h0014,0.04801386637291781,scr2011,avaConv,pvOpenspace_a
nl,1,h0015,0.015770855948429485,scr2011,avaConv,pvOpenspace_a
nl,1,h0016,0.005042598098581576,scr2011,avaConv,pvOpenspace_a
nl,1,h0017,0.0006020779462735453,scr2011,avaConv,pvOpenspace_a
nl,1,h0018,0.0,scr2011,avaConv,pvOpenspace_a
nl,1,h0019,0.0,scr2011,avaConv,pvOpenspace_a
nl,1,h0020,0.0,scr2011,avaConv,pvOpenspace_a
nl,1,h0021,0.0,scr2011,avaConv,pvOpenspace_a
nl,1,h0022,0.0,scr2011,avaConv,pvOpenspace_a
nl,1,h0023,0.0,scr2011,avaConv,pvOpenspace_a
nl,1,h0024,0.0,scr2011,avaConv,pvOpenspace_a
nl,1,h0025,0.0,scr2011,avaConv,pvOpenspace_a
nl,1,h0026,0.0,scr2011,avaConv,pvOpenspace_a
nl,1,h0027,0.0,scr2011,avaConv,pvOpenspace_a
nl,1,h0028,0.0,scr2011,avaConv,pvOpenspace_a
nl,1,h0029,0.0,scr2011,avaConv,pvOpenspace_a
nl,1,h0030,0.0,scr2011,avaConv,pvOpenspace_a
nl,1,h0031,0.0,scr2011,avaConv,pvOpenspace_a
nl,1,h0032,0.0,scr2011,avaConv,pvOpenspace_a
nl,1,h0033,0.0,scr2011,avaConv,pvOpenspace_a
nl,1,h0034,0.0009742932369467669,scr2011,avaConv,pvOpenspace_a
nl,1,h0035,0.0074431168152548945,scr2011,avaConv,pvOpenspace_a
nl,1,h0036,0.01776187092202204,scr2011,avaConv,pvOpenspace_a
nl,1,h0037,0.14807795707988755,scr2011,avaConv,pvOpenspace_a
nl,1,h0038,0.2579679874568142,scr2011,avaConv,pvOpenspace_a
nl,1,h0039,0.33934194995749206,scr2011,avaConv,pvOpenspace_a
nl,1,h0040,0.26526215731661934,scr2011,avaConv,pvOpenspace_a
nl,1,h0041,0.15049599641342074,scr2011,avaConv,pvOpenspace_a
nl,1,h0042,0.05423949789802785,scr2011,avaConv,pvOpenspace_a
nl,1,h0043,0.0,scr2011,avaConv,pvOpenspace_a
nl,1,h0044,0.0,scr2011,avaConv,pvOpenspace_a
nl,1,h0045,0.0,scr2011,avaConv,pvOpenspace_a
nl,1,h0046,0.0,scr2011,avaConv,pvOpenspace_a
nl,1,h0047,0.0,scr2011,avaConv,pvOpenspace_a
nl,1,h0048,0.0,scr2011,avaConv,pvOpenspace_a
no_m,1,h0001,0.0,scr2011,avaConv,pvOpenspace_a
no_m,1,h0002,0.0,scr2011,avaConv,pvOpenspace_a
no_m,1,h0003,0.0,scr2011,avaConv,pvOpenspace_a
no_m,1,h0004,0.0,scr2011,avaConv,pvOpenspace_a
no_m,1,h0005,0.0,scr2011,avaConv,pvOpenspace_a
no_m,1,h0006,0.0,scr2011,avaConv,pvOpenspace_a
no_m,1,h0007,0.0,scr2011,avaConv,pvOpenspace_a
no_m,1,h0008,0.0,scr2011,avaConv,pvOpenspace_a
no_m,1,h0009,0.0,scr2011,avaConv,pvOpenspace_a
no_m,1,h0010,0.0,scr2011,avaConv,pvOpenspace_a
no_m,1,h0011,0.0,scr2011,avaConv,pvOpenspace_a
no_m,1,h0012,0.016661421658674274,scr2011,avaConv,pvOpenspace_a
no_m,1,h0013,0.06140333488574269,scr2011,avaConv,pvOpenspace_a
no_m,1,h0014,0.06309192778908322,scr2011,avaConv,pvOpenspace_a
no_m,1,h0015,0.0442687226274204,scr2011,avaConv,pvOpenspace_a
no_m,1,h0016,0.0013169099989934706,scr2011,avaConv,pvOpenspace_a
no_m,1,h0017,0.0,scr2011,avaConv,pvOpenspace_a
no_m,1,h0018,0.0,scr2011,avaConv,pvOpenspace_a
no_m,1,h0019,0.0,scr2011,avaConv,pvOpenspace_a
no_m,1,h0020,0.0,scr2011,avaConv,pvOpenspace_a
no_m,1,h0021,0.0,scr2011,avaConv,pvOpenspace_a
no_m,1,h0022,0.0,scr2011,avaConv,pvOpenspace_a
no_m,1,h0023,0.0,scr2011,avaConv,pvOpenspace_a
no_m,1,h0024,0.0,scr2011,avaConv,pvOpenspace_a
no_m,1,h0025,0.0,scr2011,avaConv,pvOpenspace_a
no_m,1,h0026,0.0,scr2011,avaConv,pvOpenspace_a
no_m,1,h0027,0.0,scr2011,avaConv,pvOpenspace_a
no_m,1,h0028,0.0,scr2011,avaConv,pvOpenspace_a
no_m,1,h0029,0.0,scr2011,avaConv,pvOpenspace_a
no_m,1,h0030,0.0,scr2011,avaConv,pvOpenspace_a
no_m,1,h0031,0.0,scr2011,avaConv,pvOpenspace_a
no_m,1,h0032,0.0,scr2011,avaConv,pvOpenspace_a
no_m,1,h0033,0.0,scr2011,avaConv,pvOpenspace_a
no_m,1,h0034,0.0,scr2011,avaConv,pvOpenspace_a
no_m,1,h0035,0.01854599645028901,scr2011,avaConv,pvOpenspace_a
no_m,1,h0036,0.05961527280954117,scr2011,avaConv,pvOpenspace_a
no_m,1,h0037,0.07019202226635826,scr2011,avaConv,pvOpenspace_a
no_m,1,h0038,0.05415134484151996,scr2011,avaConv,pvOpenspace_a
no_m,1,h0039,0.013462887502210426,scr2011,avaConv,pvOpenspace_a
no_m,1,h0040,0.00405269089521766,scr2011,avaConv,pvOpenspace_a
no_m,1,h0041,0.0,scr2011,avaConv,pvOpenspace_a
no_m,1,h0042,0.0,scr2011,avaConv,pvOpenspace_a
no_m,1,h0043,0.0,scr2011,avaConv,pvOpenspace_a
no_m,1,h0044,0.0,scr2011,avaConv,pvOpenspace_a
no_m,1,h0045,0.0,scr2011,avaConv,pvOpenspace_a
no_m,1,h0046,0.0,scr2011,avaConv,pvOpenspace_a
no_m,1,h0047,0.0,scr2011,avaConv,pvOpenspace_a
no_m,1,h0048,0.0,scr2011,avaConv,pvOpenspace_a
no_n,1,h0001,0.0,scr2011,avaConv,pvOpenspace_a
no_n,1,h0002,0.0,scr2011,avaConv,pvOpenspace_a
no_n,1,h0003,0.0,scr2011,avaConv,pvOpenspace_a
no_n,1,h0004,0.0,scr2011,avaConv,pvOpenspace_a
no_n,1,h0005,0.0,scr2011,avaConv,pvOpenspace_a
no_n,1,h0006,0.0,scr2011,avaConv,pvOpenspace_a
no_n,1,h0007,0.0,scr2011,avaConv,pvOpenspace_a
no_n,1,h0008,0.0,scr2011,avaConv,pvOpenspace_a
no_n,1,h0009,0.0,scr2011,avaConv,pvOpenspace_a
no_n,1,h0010,0.0,scr2011,avaConv,pvOpenspace_a
no_n,1,h0011,0.0,scr2011,avaConv,pvOpenspace_a
no_n,1,h0012,0.0012996419238817402,scr2011,avaConv,pvOpenspace_a
no_n,1,h0013,0.0017319732501779495,scr2011,avaConv,pvOpenspace_a
no_n,1,h0014,0.0017319732501779495,scr2011,avaConv,pvOpenspace_a
no_n,1,h0015,0.0002770893650217602,scr2011,avaConv,pvOpenspace_a
no_n,1,h0016,0.0,scr2011,avaConv,pvOpenspace_a
no_n,1,h0017,0.0,scr2011,avaConv,pvOpenspace_a
no_n,1,h0018,0.0,scr2011,avaConv,pvOpenspace_a
no_n,1,h0019,0.0,scr2011,avaConv,pvOpenspace_a
no_n,1,h0020,0.0,scr2011,avaConv,pvOpenspace_a
no_n,1,h0021,0.0,scr2011,avaConv,pvOpenspace_a
no_n,1,h0022,0.0,scr2011,avaConv,pvOpenspace_a
no_n,1,h0023,0.0,scr2011,avaConv,pvOpenspace_a
no_n,1,h0024,0.0,scr2011,avaConv,pvOpenspace_a
no_n,1,h0025,0.0,scr2011,avaConv,pvOpenspace_a
no_n,1,h0026,0.0,scr2011,avaConv,pvOpenspace_a
no_n,1,h0027,0.0,scr2011,avaConv,pvOpenspace_a
no_n,1,h0028,0.0,scr2011,avaConv,pvOpenspace_a
no_n,1,h0029,0.0,scr2011,avaConv,pvOpenspace_a
no_n,1,h0030,0.0,scr2011,avaConv,pvOpenspace_a
no_n,1,h0031,0.0,scr2011,avaConv,pvOpenspace_a
no_n,1,h0032,0.0,scr2011,avaConv,pvOpenspace_a
no_n,1,h0033,0.0,scr2011,avaConv,pvOpenspace_a
no_n,1,h0034,0.0,scr2011,avaConv,pvOpenspace_a
no_n,1,h0035,0.0004645707844878768,scr2011,avaConv,pvOpenspace_a
no_n,1,h0036,0.00192627419788066,scr2011,avaConv,pvOpenspace_a
no_n,1,h0037,0.0026558270282469854,scr2011,avaConv,pvOpenspace_a
no_n,1,h0038,0.0019425641667384893,scr2011,avaConv,pvOpenspace_a
no_n,1,h0039,0.0004775702795678685,scr2011,avaConv,pvOpenspace_a
no_n,1,h0040,0.0,scr2011,avaConv,pvOpenspace_a
no_n,1,h0041,0.0,scr2011,avaConv,pvOpenspace_a
no_n,1,h0042,0.0,scr2011,avaConv,pvOpenspace_a
no_n,1,h0043,0.0,scr2011,avaConv,pvOpenspace_a
no_n,1,h0044,0.0,scr2011,avaConv,pvOpenspace_a
no_n,1,h0045,0.0,scr2011,avaConv,pvOpenspace_a
no_n,1,h0046,0.0,scr2011,avaConv,pvOpenspace_a
no_n,1,h0047,0.0,scr2011,avaConv,pvOpenspace_a
no_n,1,h0048,0.0,scr2011,avaConv,pvOpenspace_a
no_s,1,h0001,0.0,scr2011,avaConv,pvOpenspace_a
no_s,1,h0002,0.0,scr2011,avaConv,pvOpenspace_a
no_s,1,h0003,0.0,scr2011,avaConv,pvOpenspace_a
no_s,1,h0004,0.0,scr2011,avaConv,pvOpenspace_a
no_s,1,h0005,0.0,scr2011,avaConv,pvOpenspace_a
no_s,1,h0006,0.0,scr2011,avaConv,pvOpenspace_a
no_s,1,h0007,0.0,scr2011,avaConv,pvOpenspace_a
no_s,1,h0008,0.0,scr2011,avaConv,pvOpenspace_a
no_s,1,h0009,0.0,scr2011,avaConv,pvOpenspace_a
no_s,1,h0010,0.0,scr2011,avaConv,pvOpenspace_a
no_s,1,h0011,0.007905417704663286,scr2011,avaConv,pvOpenspace_a
no_s,1,h0012,0.020000456664338712,scr2011,avaConv,pvOpenspace_a
no_s,1,h0013,0.10931901027728805,scr2011,avaConv,pvOpenspace_a
no_s,1,h0014,0.17336998255817118,scr2011,avaConv,pvOpenspace_a
no_s,1,h0015,0.16767358220379058,scr2011,avaConv,pvOpenspace_a
no_s,1,h0016,0.07038461443341928,scr2011,avaConv,pvOpenspace_a
no_s,1,h0017,0.006331203318000995,scr2011,avaConv,pvOpenspace_a
no_s,1,h0018,0.0,scr2011,avaConv,pvOpenspace_a
no_s,1,h0019,0.0,scr2011,avaConv,pvOpenspace_a
no_s,1,h0020,0.0,scr2011,avaConv,pvOpenspace_a
no_s,1,h0021,0.0,scr2011,avaConv,pvOpenspace_a
no_s,1,h0022,0.0,scr2011,avaConv,pvOpenspace_a
no_s,1,h0023,0.0,scr2011,avaConv,pvOpenspace_a
no_s,1,h0024,0.0,scr2011,avaConv,pvOpenspace_a
no_s,1,h0025,0.0,scr2011,avaConv,pvOpenspace_a
no_s,1,h0026,0.0,scr2011,avaConv,pvOpenspace_a
no_s,1,h0027,0.0,scr2011,avaConv,pvOpenspace_a
no_s,1,h0028,0.0,scr2011,avaConv,pvOpenspace_a
no_s,1,h0029,0.0,scr2011,avaConv,pvOpenspace_a
no_s,1,h0030,0.0,scr2011,avaConv,pvOpenspace_a
no_s,1,h0031,0.0,scr2011,avaConv,pvOpenspace_a
no_s,1,h0032,0.0,scr2011,avaConv,pvOpenspace_a
no_s,1,h0033,0.0,scr2011,avaConv,pvOpenspace_a
no_s,1,h0034,0.014721584231390951,scr2011,avaConv,pvOpenspace_a
no_s,1,h0035,0.07024199373459236,scr2011,avaConv,pvOpenspace_a
no_s,1,h0036,0.15241444480373395,scr2011,avaConv,pvOpenspace_a
no_s,1,h0037,0.2489389488828254,scr2011,avaConv,pvOpenspace_a
no_s,1,h0038,0.2692955118840669,scr2011,avaConv,pvOpenspace_a
no_s,1,h0039,0.22151658393608958,scr2011,avaConv,pvOpenspace_a
no_s,1,h0040,0.10496828013720767,scr2011,avaConv,pvOpenspace_a
no_s,1,h0041,0.028960734058898877,scr2011,avaConv,pvOpenspace_a
no_s,1,h0042,0.0,scr2011,avaConv,pvOpenspace_a
no_s,1,h0043,0.0,scr2011,avaConv,pvOpenspace_a
no_s,1,h0044,0.0,scr2011,avaConv,pvOpenspace_a
no_s,1,h0045,0.0,scr2011,avaConv,pvOpenspace_a
no_s,1,h0046,0.0,scr2011,avaConv,pvOpenspace_a
no_s,1,h0047,0.0,scr2011,avaConv,pvOpenspace_a
no_s,1,h0048,0.0,scr2011,avaConv,pvOpenspace_a
pl,1,h0001,0.0,scr2011,avaConv,pvOpenspace_a
pl,1,h0002,0.0,scr2011,avaConv,pvOpenspace_a
pl,1,h0003,0.0,scr2011,avaConv,pvOpenspace_a
pl,1,h0004,0.0,scr2011,avaConv,pvOpenspace_a
pl,1,h0005,0.0,scr2011,avaConv,pvOpenspace_a
pl,1,h0006,0.0,scr2011,avaConv,pvOpenspace_a
pl,1,h0007,0.0,scr2011,avaConv,pvOpenspace_a
pl,1,h0008,0.0,scr2011,avaConv,pvOpenspace_a
pl,1,h0009,0.008744982244994119,scr2011,avaConv,pvOpenspace_a
pl,1,h0010,0.03967697051737237,scr2011,avaConv,pvOpenspace_a
pl,1,h0011,0.0977927118478293,scr2011,avaConv,pvOpenspace_a
pl,1,h0012,0.1503613723425266,scr2011,avaConv,pvOpenspace_a
pl,1,h0013,0.1243338590040345,scr2011,avaConv,pvOpenspace_a
pl,1,h0014,0.07263727997662067,scr2011,avaConv,pvOpenspace_a
pl,1,h0015,0.0181931854699616,scr2011,avaConv,pvOpenspace_a
pl,1,h0016,0.006734183098250689,scr2011,avaConv,pvOpenspace_a
pl,1,h0017,0.0010340014435180115,scr2011,avaConv,pvOpenspace_a
pl,1,h0018,0.0,scr2011,avaConv,pvOpenspace_a
pl,1,h0019,0.0,scr2011,avaConv,pvOpenspace_a
pl,1,h0020,0.0,scr2011,avaConv,pvOpenspace_a
pl,1,h0021,0.0,scr2011,avaConv,pvOpenspace_a
pl,1,h0022,0.0,scr2011,avaConv,pvOpenspace_a
pl,1,h0023,0.0,scr2011,avaConv,pvOpenspace_a
pl,1,h0024,0.0,scr2011,avaConv,pvOpenspace_a
pl,1,h0025,0.0,scr2011,avaConv,pvOpenspace_a
pl,1,h0026,0.0,scr2011,avaConv,pvOpenspace_a
pl,1,h0027,0.0,scr2011,avaConv,pvOpenspace_a
pl,1,h0028,0.0,scr2011,avaConv,pvOpenspace_a
pl,1,h0029,0.0,scr2011,avaConv,pvOpenspace_a
pl,1,h0030,0.0,scr2011,avaConv,pvOpenspace_a
pl,1,h0031,0.0,scr2011,avaConv,pvOpenspace_a
pl,1,h0032,0.0,scr2011,avaConv,pvOpenspace_a
pl,1,h0033,0.019465632215562623,scr2011,avaConv,pvOpenspace_a
pl,1,h0034,0.07696270772670388,scr2011,avaConv,pvOpenspace_a
pl,1,h0035,0.17232174939737427,scr2011,avaConv,pvOpenspace_a
pl,1,h0036,0.25742710433007915,scr2011,avaConv,pvOpenspace_a
pl,1,h0037,0.2432789748228706,scr2011,avaConv,pvOpenspace_a
pl,1,h0038,0.18455038689799172,scr2011,avaConv,pvOpenspace_a
pl,1,h0039,0.09318748721716617,scr2011,avaConv,pvOpenspace_a
pl,1,h0040,0.041766000308734105,scr2011,avaConv,pvOpenspace_a
pl,1,h0041,0.010375639793520677,scr2011,avaConv,pvOpenspace_a
pl,1,h0042,0.0,scr2011,avaConv,pvOpenspace_a
pl,1,h0043,0.0,scr2011,avaConv,pvOpenspace_a
pl,1,h0044,0.0,scr2011,avaConv,pvOpenspace_a
pl,1,h0045,0.0,scr2011,avaConv,pvOpenspace_a
pl,1,h0046,0.0,scr2011,avaConv,pvOpenspace_a
pl,1,h0047,0.0,scr2011,avaConv,pvOpenspace_a
pl,1,h0048,0.0,scr2011,avaConv,pvOpenspace_a
pt,1,h0001,0.0,scr2011,avaConv,pvOpenspace_a
pt,1,h0002,0.0,scr2011,avaConv,pvOpenspace_a
pt,1,h0003,0.0,scr2011,avaConv,pvOpenspace_a
pt,1,h0004,0.0,scr2011,avaConv,pvOpenspace_a
pt,1,h0005,0.0,scr2011,avaConv,pvOpenspace_a
pt,1,h0006,0.0,scr2011,avaConv,pvOpenspace_a
pt,1,h0007,0.0,scr2011,avaConv,pvOpenspace_a
pt,1,h0008,0.0,scr2011,avaConv,pvOpenspace_a
pt,1,h0009,0.0,scr2011,avaConv,pvOpenspace_a
pt,1,h0010,0.012720014232333775,scr2011,avaConv,pvOpenspace_a
pt,1,h0011,0.0486371740180129,scr2011,avaConv,pvOpenspace_a
pt,1,h0012,0.10990531215643883,scr2011,avaConv,pvOpenspace_a
pt,1,h0013,0.224058460096766,scr2011,avaConv,pvOpenspace_a
pt,1,h0014,0.32533033843986864,scr2011,avaConv,pvOpenspace_a
pt,1,h0015,0.37425765470197025,scr2011,avaConv,pvOpenspace_a
pt,1,h0016,0.31781140280103254,scr2011,avaConv,pvOpenspace_a
pt,1,h0017,0.22237744905144533,scr2011,avaConv,pvOpenspace_a
pt,1,h0018,0.12250750367586086,scr2011,avaConv,pvOpenspace_a
pt,1,h0019,0.04912759788149402,scr2011,avaConv,pvOpenspace_a
pt,1,h0020,0.008599616701044862,scr2011,avaConv,pvOpenspace_a
pt,1,h0021,0.0,scr2011,avaConv,pvOpenspace_a
pt,1,h0022,0.0,scr2011,avaConv,pvOpenspace_a
pt,1,h0023,0.0,scr2011,avaConv,pvOpenspace_a
pt,1,h0024,0.0,scr2011,avaConv,pvOpenspace_a
pt,1,h0025,0.0,scr2011,avaConv,pvOpenspace_a
pt,1,h0026,0.0,scr2011,avaConv,pvOpenspace_a
pt,1,h0027,0.0,scr2011,avaConv,pvOpenspace_a
pt,1,h0028,0.0,scr2011,avaConv,pvOpenspace_a
pt,1,h0029,0.0,scr2011,avaConv,pvOpenspace_a
pt,1,h0030,0.0,scr2011,avaConv,pvOpenspace_a
pt,1,h0031,0.0,scr2011,avaConv,pvOpenspace_a
pt,1,h0032,0.0,scr2011,avaConv,pvOpenspace_a
pt,1,h0033,0.0,scr2011,avaConv,pvOpenspace_a
pt,1,h0034,0.04789669061773379,scr2011,avaConv,pvOpenspace_a
pt,1,h0035,0.14895400023873206,scr2011,avaConv,pvOpenspace_a
pt,1,h0036,0.2955711008946249,scr2011,avaConv,pvOpenspace_a
pt,1,h0037,0.4508875898267413,scr2011,avaConv,pvOpenspace_a
pt,1,h0038,0.5595241883601432,scr2011,avaConv,pvOpenspace_a
pt,1,h0039,0.6004705954564808,scr2011,avaConv,pvOpenspace_a
pt,1,h0040,0.5300545066161203,scr2011,avaConv,pvOpenspace_a
pt,1,h0041,0.39769594329298474,scr2011,avaConv,pvOpenspace_a
pt,1,h0042,0.23771022587974566,scr2011,avaConv,pvOpenspace_a
pt,1,h0043,0.09947083558588318,scr2011,avaConv,pvOpenspace_a
pt,1,h0044,0.02296143479233715,scr2011,avaConv,pvOpenspace_a
pt,1,h0045,0.0,scr2011,avaConv,pvOpenspace_a
pt,1,h0046,0.0,scr2011,avaConv,pvOpenspace_a
pt,1,h0047,0.0,scr2011,avaConv,pvOpenspace_a
pt,1,h0048,0.0,scr2011,avaConv,pvOpenspace_a
ro,1,h0001,0.0,scr2011,avaConv,pvOpenspace_a
ro,1,h0002,0.0,scr2011,avaConv,pvOpenspace_a
ro,1,h0003,0.0,scr2011,avaConv,pvOpenspace_a
ro,1,h0004,0.0,scr2011,avaConv,pvOpenspace_a
ro,1,h0005,0.0,scr2011,avaConv,pvOpenspace_a
ro,1,h0006,0.0,scr2011,avaConv,pvOpenspace_a
ro,1,h0007,0.0,scr2011,avaConv,pvOpenspace_a
ro,1,h0008,0.025284825149462925,scr2011,avaConv,pvOpenspace_a
ro,1,h0009,0.09162109564919345,scr2011,avaConv,pvOpenspace_a
ro,1,h0010,0.19797645583031023,scr2011,avaConv,pvOpenspace_a
ro,1,h0011,0.29511376487115903,scr2011,avaConv,pvOpenspace_a
ro,1,h0012,0.35816840103982894,scr2011,avaConv,pvOpenspace_a
ro,1,h0013,0.28928221453576985,scr2011,avaConv,pvOpenspace_a
ro,1,h0014,0.18205400828432855,scr2011,avaConv,pvOpenspace_a
ro,1,h0015,0.06268301460404581,scr2011,avaConv,pvOpenspace_a
ro,1,h0016,0.024659639498745597,scr2011,avaConv,pvOpenspace_a
ro,1,h0017,0.005174098410034803,scr2011,avaConv,pvOpenspace_a
ro,1,h0018,0.0,scr2011,avaConv,pvOpenspace_a
ro,1,h0019,0.0,scr2011,avaConv,pvOpenspace_a
ro,1,h0020,0.0,scr2011,avaConv,pvOpenspace_a
ro,1,h0021,0.0,scr2011,avaConv,pvOpenspace_a
ro,1,h0022,0.0,scr2011,avaConv,pvOpenspace_a
ro,1,h0023,0.0,scr2011,avaConv,pvOpenspace_a
ro,1,h0024,0.0,scr2011,avaConv,pvOpenspace_a
ro,1,h0025,0.0,scr2011,avaConv,pvOpenspace_a
ro,1,h0026,0.0,scr2011,avaConv,pvOpenspace_a
ro,1,h0027,0.0,scr2011,avaConv,pvOpenspace_a
ro,1,h0028,0.0,scr2011,avaConv,pvOpenspace_a
ro,1,h0029,0.0,scr2011,avaConv,pvOpenspace_a
ro,1,h0030,0.0,scr2011,avaConv,pvOpenspace_a
ro,1,h0031,0.0,scr2011,avaConv,pvOpenspace_a
ro,1,h0032,0.024220417992741012,scr2011,avaConv,pvOpenspace_a
ro,1,h0033,0.09117514742052187,scr2011,avaConv,pvOpenspace_a
ro,1,h0034,0.20305513676794334,scr2011,avaConv,pvOpenspace_a
ro,1,h0035,0.311621397233755,scr2011,avaConv,pvOpenspace_a
ro,1,h0036,0.3902114347676172,scr2011,avaConv,pvOpenspace_a
ro,1,h0037,0.31616889552153643,scr2011,avaConv,pvOpenspace_a
ro,1,h0038,0.20507017677075307,scr2011,avaConv,pvOpenspace_a
ro,1,h0039,0.07526302652019609,scr2011,avaConv,pvOpenspace_a
ro,1,h0040,0.03472192116408429,scr2011,avaConv,pvOpenspace_a
ro,1,h0041,0.009125931546689526,scr2011,avaConv,pvOpenspace_a
ro,1,h0042,0.0,scr2011,avaConv,pvOpenspace_a
ro,1,h0043,0.0,scr2011,avaConv,pvOpenspace_a
ro,1,h0044,0.0,scr2011,avaConv,pvOpenspace_a
ro,1,h0045,0.0,scr2011,avaConv,pvOpenspace_a
ro,1,h0046,0.0,scr2011,avaConv,pvOpenspace_a
ro,1,h0047,0.0,scr2011,avaConv,pvOpenspace_a
ro,1,h0048,0.0,scr2011,avaConv,pvOpenspace_a
rs,1,h0001,0.0,scr2011,avaConv,pvOpenspace_a
rs,1,h0002,0.0,scr2011,avaConv,pvOpenspace_a
rs,1,h0003,0.0,scr2011,avaConv,pvOpenspace_a
rs,1,h0004,0.0,scr2011,avaConv,pvOpenspace_a
rs,1,h0005,0.0,scr2011,avaConv,pvOpenspace_a
rs,1,h0006,0.0,scr2011,avaConv,pvOpenspace_a
rs,1,h0007,0.0,scr2011,avaConv,pvOpenspace_a
rs,1,h0008,0.019080718405879656,scr2011,avaConv,pvOpenspace_a
rs,1,h0009,0.07041410241032983,scr2011,avaConv,pvOpenspace_a
rs,1,h0010,0.15950947132731183,scr2011,avaConv,pvOpenspace_a
rs,1,h0011,0.25646735076640226,scr2011,avaConv,pvOpenspace_a
rs,1,h0012,0.33285247423869324,scr2011,avaConv,pvOpenspace_a
rs,1,h0013,0.32449461459418777,scr2011,avaConv,pvOpenspace_a
rs,1,h0014,0.2704060269014518,scr2011,avaConv,pvOpenspace_a
rs,1,h0015,0.1773101173216936,scr2011,avaConv,pvOpenspace_a
rs,1,h0016,0.09542330503634937,scr2011,avaConv,pvOpenspace_a
rs,1,h0017,0.032854048776886725,scr2011,avaConv,pvOpenspace_a
rs,1,h0018,0.0,scr2011,avaConv,pvOpenspace_a
rs,1,h0019,0.0,scr2011,avaConv,pvOpenspace_a
rs,1,h0020,0.0,scr2011,avaConv,pvOpenspace_a
rs,1,h0021,0.0,scr2011,avaConv,pvOpenspace_a
rs,1,h0022,0.0,scr2011,avaConv,pvOpenspace_a
rs,1,h0023,0.0,scr2011,avaConv,pvOpenspace_a
rs,1,h0024,0.0,scr2011,avaConv,pvOpenspace_a
rs,1,h0025,0.0,scr2011,avaConv,pvOpenspace_a
rs,1,h0026,0.0,scr2011,avaConv,pvOpenspace_a
rs,1,h0027,0.0,scr2011,avaConv,pvOpenspace_a
rs,1,h0028,0.0,scr2011,avaConv,pvOpenspace_a
rs,1,h0029,0.0,scr2011,avaConv,pvOpenspace_a
rs,1,h0030,0.0,scr2011,avaConv,pvOpenspace_a
rs,1,h0031,0.0,scr2011,avaConv,pvOpenspace_a
rs,1,h0032,0.03895687259627538,scr2011,avaConv,pvOpenspace_a
rs,1,h0033,0.13480598019288106,scr2011,avaConv,pvOpenspace_a
rs,1,h0034,0.2862129533103159,scr2011,avaConv,pvOpenspace_a
rs,1,h0035,0.4276939253319698,scr2011,avaConv,pvOpenspace_a
rs,1,h0036,0.5256477712073058,scr2011,avaConv,pvOpenspace_a
rs,1,h0037,0.4158219891584204,scr2011,avaConv,pvOpenspace_a
rs,1,h0038,0.2625414449453402,scr2011,avaConv,pvOpenspace_a
rs,1,h0039,0.08701499718855235,scr2011,avaConv,pvOpenspace_a
rs,1,h0040,0.04552597365026459,scr2011,avaConv,pvOpenspace_a
rs,1,h0041,0.01585543148459955,scr2011,avaConv,pvOpenspace_a
rs,1,h0042,0.001553962420552985,scr2011,avaConv,pvOpenspace_a
rs,1,h0043,0.0,scr2011,avaConv,pvOpenspace_a
rs,1,h0044,0.0,scr2011,avaConv,pvOpenspace_a
rs,1,h0045,0.0,scr2011,avaConv,pvOpenspace_a
rs,1,h0046,0.0,scr2011,avaConv,pvOpenspace_a
rs,1,h0047,0.0,scr2011,avaConv,pvOpenspace_a
rs,1,h0048,0.0,scr2011,avaConv,pvOpenspace_a
se_1,1,h0001,0.0,scr2011,avaConv,pvOpenspace_a
se_1,1,h0002,0.0,scr2011,avaConv,pvOpenspace_a
se_1,1,h0003,0.0,scr2011,avaConv,pvOpenspace_a
se_1,1,h0004,0.0,scr2011,avaConv,pvOpenspace_a
se_1,1,h0005,0.0,scr2011,avaConv,pvOpenspace_a
se_1,1,h0006,0.0,scr2011,avaConv,pvOpenspace_a
se_1,1,h0007,0.0,scr2011,avaConv,pvOpenspace_a
se_1,1,h0008,0.0,scr2011,avaConv,pvOpenspace_a
se_1,1,h0009,0.0,scr2011,avaConv,pvOpenspace_a
se_1,1,h0010,0.0,scr2011,avaConv,pvOpenspace_a
se_1,1,h0011,0.0,scr2011,avaConv,pvOpenspace_a
se_1,1,h0012,0.0,scr2011,avaConv,pvOpenspace_a
se_1,1,h0013,0.0,scr2011,avaConv,pvOpenspace_a
se_1,1,h0014,0.0,scr2011,avaConv,pvOpenspace_a
se_1,1,h0015,0.0,scr2011,avaConv,pvOpenspace_a
se_1,1,h0016,0.0,scr2011,avaConv,pvOpenspace_a
se_1,1,h0017,0.0,scr2011,avaConv,pvOpenspace_a
se_1,1,h0018,0.0,scr2011,avaConv,pvOpenspace_a
se_1,1,h0019,0.0,scr2011,avaConv,pvOpenspace_a
se_1,1,h0020,0.0,scr2011,avaConv,pvOpenspace_a
se_1,1,h0021,0.0,scr2011,avaConv,pvOpenspace_a
se_1,1,h0022,0.0,scr2011,avaConv,pvOpenspace_a
se_1,1,h0023,0.0,scr2011,avaConv,pvOpenspace_a
se_1,1,h0024,0.0,scr2011,avaConv,pvOpenspace_a
se_1,1,h0025,0.0,scr2011,avaConv,pvOpenspace_a
se_1,1,h0026,0.0,scr2011,avaConv,pvOpenspace_a
se_1,1,h0027,0.0,scr2011,avaConv,pvOpenspace_a
se_1,1,h0028,0.0,scr2011,avaConv,pvOpenspace_a
se_1,1,h0029,0.0,scr2011,avaConv,pvOpenspace_a
se_1,1,h0030,0.0,scr2011,avaConv,pvOpenspace_a
se_1,1,h0031,0.0,scr2011,avaConv,pvOpenspace_a
se_1,1,h0032,0.0,scr2011,avaConv,pvOpenspace_a
se_1,1,h0033,0.0,scr2011,avaConv,pvOpenspace_a
se_1,1,h0034,0.0,scr2011,avaConv,pvOpenspace_a
se_1,1,h0035,0.0,scr2011,avaConv,pvOpenspace_a
se_1,1,h0036,0.0,scr2011,avaConv,pvOpenspace_a
se_1,1,h0037,0.004585029395696578,scr2011,avaConv,pvOpenspace_a
se_1,1,h0038,0.004585029395696578,scr2011,avaConv,pvOpenspace_a
se_1,1,h0039,0.004585029395696578,scr2011,avaConv,pvOpenspace_a
se_1,1,h0040,0.0,scr2011,avaConv,pvOpenspace_a
se_1,1,h0041,0.0,scr2011,avaConv,pvOpenspace_a
se_1,1,h0042,0.0,scr2011,avaConv,pvOpenspace_a
se_1,1,h0043,0.0,scr2011,avaConv,pvOpenspace_a
se_1,1,h0044,0.0,scr2011,avaConv,pvOpenspace_a
se_1,1,h0045,0.0,scr2011,avaConv,pvOpenspace_a
se_1,1,h0046,0.0,scr2011,avaConv,pvOpenspace_a
se_1,1,h0047,0.0,scr2011,avaConv,pvOpenspace_a
se_1,1,h0048,0.0,scr2011,avaConv,pvOpenspace_a
se_2,1,h0001,0.0,scr2011,avaConv,pvOpenspace_a
se_2,1,h0002,0.0,scr2011,avaConv,pvOpenspace_a
se_2,1,h0003,0.0,scr2011,avaConv,pvOpenspace_a
se_2,1,h0004,0.0,scr2011,avaConv,pvOpenspace_a
se_2,1,h0005,0.0,scr2011,avaConv,pvOpenspace_a
se_2,1,h0006,0.0,scr2011,avaConv,pvOpenspace_a
se_2,1,h0007,0.0,scr2011,avaConv,pvOpenspace_a
se_2,1,h0008,0.0,scr2011,avaConv,pvOpenspace_a
se_2,1,h0009,0.0,scr2011,avaConv,pvOpenspace_a
se_2,1,h0010,0.00031828512735454815,scr2011,avaConv,pvOpenspace_a
se_2,1,h0011,0.0052190121642748475,scr2011,avaConv,pvOpenspace_a
se_2,1,h0012,0.015161132179041154,scr2011,avaConv,pvOpenspace_a
se_2,1,h0013,0.036324976082621835,scr2011,avaConv,pvOpenspace_a
se_2,1,h0014,0.028465192311771893,scr2011,avaConv,pvOpenspace_a
se_2,1,h0015,0.01689953745330013,scr2011,avaConv,pvOpenspace_a
se_2,1,h0016,0.0,scr2011,avaConv,pvOpenspace_a
se_2,1,h0017,0.0,scr2011,avaConv,pvOpenspace_a
se_2,1,h0018,0.0,scr2011,avaConv,pvOpenspace_a
se_2,1,h0019,0.0,scr2011,avaConv,pvOpenspace_a
se_2,1,h0020,0.0,scr2011,avaConv,pvOpenspace_a
se_2,1,h0021,0.0,scr2011,avaConv,pvOpenspace_a
se_2,1,h0022,0.0,scr2011,avaConv,pvOpenspace_a
se_2,1,h0023,0.0,scr2011,avaConv,pvOpenspace_a
se_2,1,h0024,0.0,scr2011,avaConv,pvOpenspace_a
se_2,1,h0025,0.0,scr2011,avaConv,pvOpenspace_a
se_2,1,h0026,0.0,scr2011,avaConv,pvOpenspace_a
se_2,1,h0027,0.0,scr2011,avaConv,pvOpenspace_a
se_2,1,h0028,0.0,scr2011,avaConv,pvOpenspace_a
se_2,1,h0029,0.0,scr2011,avaConv,pvOpenspace_a
se_2,1,h0030,0.0,scr2011,avaConv,pvOpenspace_a
se_2,1,h0031,0.0,scr2011,avaConv,pvOpenspace_a
se_2,1,h0032,0.0,scr2011,avaConv,pvOpenspace_a
se_2,1,h0033,0.0,scr2011,avaConv,pvOpenspace_a
se_2,1,h0034,0.0011789878020017231,scr2011,avaConv,pvOpenspace_a
se_2,1,h0035,0.013230147568877474,scr2011,avaConv,pvOpenspace_a
se_2,1,h0036,0.038800526361712294,scr2011,avaConv,pvOpenspace_a
se_2,1,h0037,0.10496465312842879,scr2011,avaConv,pvOpenspace_a
se_2,1,h0038,0.12753912603862247,scr2011,avaConv,pvOpenspace_a
se_2,1,h0039,0.09404147465333872,scr2011,avaConv,pvOpenspace_a
se_2,1,h0040,0.027235927921174612,scr2011,avaConv,pvOpenspace_a
se_2,1,h0041,0.0,scr2011,avaConv,pvOpenspace_a
se_2,1,h0042,0.0,scr2011,avaConv,pvOpenspace_a
se_2,1,h0043,0.0,scr2011,avaConv,pvOpenspace_a
se_2,1,h0044,0.0,scr2011,avaConv,pvOpenspace_a
se_2,1,h0045,0.0,scr2011,avaConv,pvOpenspace_a
se_2,1,h0046,0.0,scr2011,avaConv,pvOpenspace_a
se_2,1,h0047,0.0,scr2011,avaConv,pvOpenspace_a
se_2,1,h0048,0.0,scr2011,avaConv,pvOpenspace_a
se_3,1,h0001,0.0,scr2011,avaConv,pvOpenspace_a
se_3,1,h0002,0.0,scr2011,avaConv,pvOpenspace_a
se_3,1,h0003,0.0,scr2011,avaConv,pvOpenspace_a
se_3,1,h0004,0.0,scr2011,avaConv,pvOpenspace_a
se_3,1,h0005,0.0,scr2011,avaConv,pvOpenspace_a
se_3,1,h0006,0.0,scr2011,avaConv,pvOpenspace_a
se_3,1,h0007,0.0,scr2011,avaConv,pvOpenspace_a
se_3,1,h0008,0.0,scr2011,avaConv,pvOpenspace_a
se_3,1,h0009,0.0,scr2011,avaConv,pvOpenspace_a
se_3,1,h0010,0.00047565423240871515,scr2011,avaConv,pvOpenspace_a
se_3,1,h0011,0.005577592008399995,scr2011,avaConv,pvOpenspace_a
se_3,1,h0012,0.013242831865647738,scr2011,avaConv,pvOpenspace_a
se_3,1,h0013,0.08187103555517694,scr2011,avaConv,pvOpenspace_a
se_3,1,h0014,0.12276737577202737,scr2011,avaConv,pvOpenspace_a
se_3,1,h0015,0.11359402814578802,scr2011,avaConv,pvOpenspace_a
se_3,1,h0016,0.04148352363078219,scr2011,avaConv,pvOpenspace_a
se_3,1,h0017,0.0,scr2011,avaConv,pvOpenspace_a
se_3,1,h0018,0.0,scr2011,avaConv,pvOpenspace_a
se_3,1,h0019,0.0,scr2011,avaConv,pvOpenspace_a
se_3,1,h0020,0.0,scr2011,avaConv,pvOpenspace_a
se_3,1,h0021,0.0,scr2011,avaConv,pvOpenspace_a
se_3,1,h0022,0.0,scr2011,avaConv,pvOpenspace_a
se_3,1,h0023,0.0,scr2011,avaConv,pvOpenspace_a
se_3,1,h0024,0.0,scr2011,avaConv,pvOpenspace_a
se_3,1,h0025,0.0,scr2011,avaConv,pvOpenspace_a
se_3,1,h0026,0.0,scr2011,avaConv,pvOpenspace_a
se_3,1,h0027,0.0,scr2011,avaConv,pvOpenspace_a
se_3,1,h0028,0.0,scr2011,avaConv,pvOpenspace_a
se_3,1,h0029,0.0,scr2011,avaConv,pvOpenspace_a
se_3,1,h0030,0.0,scr2011,avaConv,pvOpenspace_a
se_3,1,h0031,0.0,scr2011,avaConv,pvOpenspace_a
se_3,1,h0032,0.0,scr2011,avaConv,pvOpenspace_a
se_3,1,h0033,0.0,scr2011,avaConv,pvOpenspace_a
se_3,1,h0034,0.013345207420369586,scr2011,avaConv,pvOpenspace_a
se_3,1,h0035,0.053136411460628696,scr2011,avaConv,pvOpenspace_a
se_3,1,h0036,0.11760235743455079,scr2011,avaConv,pvOpenspace_a
se_3,1,h0037,0.22816486507277398,scr2011,avaConv,pvOpenspace_a
se_3,1,h0038,0.2796460587680083,scr2011,avaConv,pvOpenspace_a
se_3,1,h0039,0.23690941460753703,scr2011,avaConv,pvOpenspace_a
se_3,1,h0040,0.10924273788090831,scr2011,avaConv,pvOpenspace_a
se_3,1,h0041,0.021109792331505138,scr2011,avaConv,pvOpenspace_a
se_3,1,h0042,0.0,scr2011,avaConv,pvOpenspace_a
se_3,1,h0043,0.0,scr2011,avaConv,pvOpenspace_a
se_3,1,h0044,0.0,scr2011,avaConv,pvOpenspace_a
se_3,1,h0045,0.0,scr2011,avaConv,pvOpenspace_a
se_3,1,h0046,0.0,scr2011,avaConv,pvOpenspace_a
se_3,1,h0047,0.0,scr2011,avaConv,pvOpenspace_a
se_3,1,h0048,0.0,scr2011,avaConv,pvOpenspace_a
se_4,1,h0001,0.0,scr2011,avaConv,pvOpenspace_a
se_4,1,h0002,0.0,scr2011,avaConv,pvOpenspace_a
se_4,1,h0003,0.0,scr2011,avaConv,pvOpenspace_a
se_4,1,h0004,0.0,scr2011,avaConv,pvOpenspace_a
se_4,1,h0005,0.0,scr2011,avaConv,pvOpenspace_a
se_4,1,h0006,0.0,scr2011,avaConv,pvOpenspace_a
se_4,1,h0007,0.0,scr2011,avaConv,pvOpenspace_a
se_4,1,h0008,0.0,scr2011,avaConv,pvOpenspace_a
se_4,1,h0009,0.0,scr2011,avaConv,pvOpenspace_a
se_4,1,h0010,0.018742749770325192,scr2011,avaConv,pvOpenspace_a
se_4,1,h0011,0.06115422969232975,scr2011,avaConv,pvOpenspace_a
se_4,1,h0012,0.11615579530089383,scr2011,avaConv,pvOpenspace_a
se_4,1,h0013,0.21491260667837328,scr2011,avaConv,pvOpenspace_a
se_4,1,h0014,0.2636487458083432,scr2011,avaConv,pvOpenspace_a
se_4,1,h0015,0.24018412093962108,scr2011,avaConv,pvOpenspace_a
se_4,1,h0016,0.11422969953561483,scr2011,avaConv,pvOpenspace_a
se_4,1,h0017,0.02684909337831441,scr2011,avaConv,pvOpenspace_a
se_4,1,h0018,0.0,scr2011,avaConv,pvOpenspace_a
se_4,1,h0019,0.0,scr2011,avaConv,pvOpenspace_a
se_4,1,h0020,0.0,scr2011,avaConv,pvOpenspace_a
se_4,1,h0021,0.0,scr2011,avaConv,pvOpenspace_a
se_4,1,h0022,0.0,scr2011,avaConv,pvOpenspace_a
se_4,1,h0023,0.0,scr2011,avaConv,pvOpenspace_a
se_4,1,h0024,0.0,scr2011,avaConv,pvOpenspace_a
se_4,1,h0025,0.0,scr2011,avaConv,pvOpenspace_a
se_4,1,h0026,0.0,scr2011,avaConv,pvOpenspace_a
se_4,1,h0027,0.0,scr2011,avaConv,pvOpenspace_a
se_4,1,h0028,0.0,scr2011,avaConv,pvOpenspace_a
se_4,1,h0029,0.0,scr2011,avaConv,pvOpenspace_a
se_4,1,h0030,0.0,scr2011,avaConv,pvOpenspace_a
se_4,1,h0031,0.0,scr2011,avaConv,pvOpenspace_a
se_4,1,h0032,0.0,scr2011,avaConv,pvOpenspace_a
se_4,1,h0033,0.0,scr2011,avaConv,pvOpenspace_a
se_4,1,h0034,0.00841981276487097,scr2011,avaConv,pvOpenspace_a
se_4,1,h0035,0.02838840073663192,scr2011,avaConv,pvOpenspace_a
se_4,1,h0036,0.05876592459735839,scr2011,avaConv,pvOpenspace_a
se_4,1,h0037,0.19768088833042305,scr2011,avaConv,pvOpenspace_a
se_4,1,h0038,0.30041459499629564,scr2011,avaConv,pvOpenspace_a
se_4,1,h0039,0.3381324232326425,scr2011,avaConv,pvOpenspace_a
se_4,1,h0040,0.1744454014180533,scr2011,avaConv,pvOpenspace_a
se_4,1,h0041,0.05596633225412151,scr2011,avaConv,pvOpenspace_a
se_4,1,h0042,0.0,scr2011,avaConv,pvOpenspace_a
se_4,1,h0043,0.0,scr2011,avaConv,pvOpenspace_a
se_4,1,h0044,0.0,scr2011,avaConv,pvOpenspace_a
se_4,1,h0045,0.0,scr2011,avaConv,pvOpenspace_a
se_4,1,h0046,0.0,scr2011,avaConv,pvOpenspace_a
se_4,1,h0047,0.0,scr2011,avaConv,pvOpenspace_a
se_4,1,h0048,0.0,scr2011,avaConv,pvOpenspace_a
si,1,h0001,0.0,scr2011,avaConv,pvOpenspace_a
si,1,h0002,0.0,scr2011,avaConv,pvOpenspace_a
si,1,h0003,0.0,scr2011,avaConv,pvOpenspace_a
si,1,h0004,0.0,scr2011,avaConv,pvOpenspace_a
si,1,h0005,0.0,scr2011,avaConv,pvOpenspace_a
si,1,h0006,0.0,scr2011,avaConv,pvOpenspace_a
si,1,h0007,0.0,scr2011,avaConv,pvOpenspace_a
si,1,h0008,0.0,scr2011,avaConv,pvOpenspace_a
si,1,h0009,0.05304143024530728,scr2011,avaConv,pvOpenspace_a
si,1,h0010,0.1735176850194961,scr2011,avaConv,pvOpenspace_a
si,1,h0011,0.3486667870332537,scr2011,avaConv,pvOpenspace_a
si,1,h0012,0.463767908978277,scr2011,avaConv,pvOpenspace_a
si,1,h0013,0.3724999197997343,scr2011,avaConv,pvOpenspace_a
si,1,h0014,0.2305745272757497,scr2011,avaConv,pvOpenspace_a
si,1,h0015,0.07622817370325236,scr2011,avaConv,pvOpenspace_a
si,1,h0016,0.03698248932762753,scr2011,avaConv,pvOpenspace_a
si,1,h0017,0.011183863927973436,scr2011,avaConv,pvOpenspace_a
si,1,h0018,0.0009284709281650317,scr2011,avaConv,pvOpenspace_a
si,1,h0019,0.0,scr2011,avaConv,pvOpenspace_a
si,1,h0020,0.0,scr2011,avaConv,pvOpenspace_a
si,1,h0021,0.0,scr2011,avaConv,pvOpenspace_a
si,1,h0022,0.0,scr2011,avaConv,pvOpenspace_a
si,1,h0023,0.0,scr2011,avaConv,pvOpenspace_a
si,1,h0024,0.0,scr2011,avaConv,pvOpenspace_a
si,1,h0025,0.0,scr2011,avaConv,pvOpenspace_a
si,1,h0026,0.0,scr2011,avaConv,pvOpenspace_a
si,1,h0027,0.0,scr2011,avaConv,pvOpenspace_a
si,1,h0028,0.0,scr2011,avaConv,pvOpenspace_a
si,1,h0029,0.0,scr2011,avaConv,pvOpenspace_a
si,1,h0030,0.0,scr2011,avaConv,pvOpenspace_a
si,1,h0031,0.0,scr2011,avaConv,pvOpenspace_a
si,1,h0032,0.0003575232784091167,scr2011,avaConv,pvOpenspace_a
si,1,h0033,0.06276555046009745,scr2011,avaConv,pvOpenspace_a
si,1,h0034,0.19803348383724204,scr2011,avaConv,pvOpenspace_a
si,1,h0035,0.38690170471880586,scr2011,avaConv,pvOpenspace_a
si,1,h0036,0.5100003453096104,scr2011,avaConv,pvOpenspace_a
si,1,h0037,0.44503326658638753,scr2011,avaConv,pvOpenspace_a
si,1,h0038,0.3272326884380201,scr2011,avaConv,pvOpenspace_a
si,1,h0039,0.18215881589632707,scr2011,avaConv,pvOpenspace_a
si,1,h0040,0.12169712717573691,scr2011,avaConv,pvOpenspace_a
si,1,h0041,0.05669402290032928,scr2011,avaConv,pvOpenspace_a
si,1,h0042,0.014495705533168939,scr2011,avaConv,pvOpenspace_a
si,1,h0043,0.0,scr2011,avaConv,pvOpenspace_a
si,1,h0044,0.0,scr2011,avaConv,pvOpenspace_a
si,1,h0045,0.0,scr2011,avaConv,pvOpenspace_a
si,1,h0046,0.0,scr2011,avaConv,pvOpenspace_a
si,1,h0047,0.0,scr2011,avaConv,pvOpenspace_a
si,1,h0048,0.0,scr2011,avaConv,pvOpenspace_a
sk,1,h0001,0.0,scr2011,avaConv,pvOpenspace_a
sk,1,h0002,0.0,scr2011,avaConv,pvOpenspace_a
sk,1,h0003,0.0,scr2011,avaConv,pvOpenspace_a
sk,1,h0004,0.0,scr2011,avaConv,pvOpenspace_a
sk,1,h0005,0.0,scr2011,avaConv,pvOpenspace_a
sk,1,h0006,0.0,scr2011,avaConv,pvOpenspace_a
sk,1,h0007,0.0,scr2011,avaConv,pvOpenspace_a
sk,1,h0008,0.0004229166790867083,scr2011,avaConv,pvOpenspace_a
sk,1,h0009,0.031190705884343785,scr2011,avaConv,pvOpenspace_a
sk,1,h0010,0.10516569555372565,scr2011,avaConv,pvOpenspace_a
sk,1,h0011,0.20664784892764204,scr2011,avaConv,pvOpenspace_a
sk,1,h0012,0.26347476374797124,scr2011,avaConv,pvOpenspace_a
sk,1,h0013,0.2521207099880999,scr2011,avaConv,pvOpenspace_a
sk,1,h0014,0.2000452311209337,scr2011,avaConv,pvOpenspace_a
sk,1,h0015,0.11887461287547103,scr2011,avaConv,pvOpenspace_a
sk,1,h0016,0.04952457015346585,scr2011,avaConv,pvOpenspace_a
sk,1,h0017,0.011447888571252894,scr2011,avaConv,pvOpenspace_a
sk,1,h0018,0.0,scr2011,avaConv,pvOpenspace_a
sk,1,h0019,0.0,scr2011,avaConv,pvOpenspace_a
sk,1,h0020,0.0,scr2011,avaConv,pvOpenspace_a
sk,1,h0021,0.0,scr2011,avaConv,pvOpenspace_a
sk,1,h0022,0.0,scr2011,avaConv,pvOpenspace_a
sk,1,h0023,0.0,scr2011,avaConv,pvOpenspace_a
sk,1,h0024,0.0,scr2011,avaConv,pvOpenspace_a
sk,1,h0025,0.0,scr2011,avaConv,pvOpenspace_a
sk,1,h0026,0.0,scr2011,avaConv,pvOpenspace_a
sk,1,h0027,0.0,scr2011,avaConv,pvOpenspace_a
sk,1,h0028,0.0,scr2011,avaConv,pvOpenspace_a
sk,1,h0029,0.0,scr2011,avaConv,pvOpenspace_a
sk,1,h0030,0.0,scr2011,avaConv,pvOpenspace_a
sk,1,h0031,0.0,scr2011,avaConv,pvOpenspace_a
sk,1,h0032,0.0033585189472513494,scr2011,avaConv,pvOpenspace_a
sk,1,h0033,0.025961611698963546,scr2011,avaConv,pvOpenspace_a
sk,1,h0034,0.08237025528684667,scr2011,avaConv,pvOpenspace_a
sk,1,h0035,0.15875883405265864,scr2011,avaConv,pvOpenspace_a
sk,1,h0036,0.22050313951805245,scr2011,avaConv,pvOpenspace_a
sk,1,h0037,0.23695308537021673,scr2011,avaConv,pvOpenspace_a
sk,1,h0038,0.203218526347207,scr2011,avaConv,pvOpenspace_a
sk,1,h0039,0.13579276366808854,scr2011,avaConv,pvOpenspace_a
sk,1,h0040,0.06002661930199993,scr2011,avaConv,pvOpenspace_a
sk,1,h0041,0.01670713972075388,scr2011,avaConv,pvOpenspace_a
sk,1,h0042,0.000657140635442778,scr2011,avaConv,pvOpenspace_a
sk,1,h0043,0.0,scr2011,avaConv,pvOpenspace_a
sk,1,h0044,0.0,scr2011,avaConv,pvOpenspace_a
sk,1,h0045,0.0,scr2011,avaConv,pvOpenspace_a
sk,1,h0046,0.0,scr2011,avaConv,pvOpenspace_a
sk,1,h0047,0.0,scr2011,avaConv,pvOpenspace_a
sk,1,h0048,0.0,scr2011,avaConv,pvOpenspace_a
uk,1,h0001,0.0,scr2011,avaConv,pvOpenspace_a
uk,1,h0002,0.0,scr2011,avaConv,pvOpenspace_a
uk,1,h0003,0.0,scr2011,avaConv,pvOpenspace_a
uk,1,h0004,0.0,scr2011,avaConv,pvOpenspace_a
uk,1,h0005,0.0,scr2011,avaConv,pvOpenspace_a
uk,1,h0006,0.0,scr2011,avaConv,pvOpenspace_a
uk,1,h0007,0.0,scr2011,avaConv,pvOpenspace_a
uk,1,h0008,0.0,scr2011,avaConv,pvOpenspace_a
uk,1,h0009,0.0,scr2011,avaConv,pvOpenspace_a
uk,1,h0010,0.005838922346818843,scr2011,avaConv,pvOpenspace_a
uk,1,h0011,0.03293583568506386,scr2011,avaConv,pvOpenspace_a
uk,1,h0012,0.0778407214433636,scr2011,avaConv,pvOpenspace_a
uk,1,h0013,0.09496993808757259,scr2011,avaConv,pvOpenspace_a
uk,1,h0014,0.09148840060307645,scr2011,avaConv,pvOpenspace_a
uk,1,h0015,0.06060278458315141,scr2011,avaConv,pvOpenspace_a
uk,1,h0016,0.041964310731947875,scr2011,avaConv,pvOpenspace_a
uk,1,h0017,0.01989999113433779,scr2011,avaConv,pvOpenspace_a
uk,1,h0018,0.004957241994817755,scr2011,avaConv,pvOpenspace_a
uk,1,h0019,0.0,scr2011,avaConv,pvOpenspace_a
uk,1,h0020,0.0,scr2011,avaConv,pvOpenspace_a
uk,1,h0021,0.0,scr2011,avaConv,pvOpenspace_a
uk,1,h0022,0.0,scr2011,avaConv,pvOpenspace_a
uk,1,h0023,0.0,scr2011,avaConv,pvOpenspace_a
uk,1,h0024,0.0,scr2011,avaConv,pvOpenspace_a
uk,1,h0025,0.0,scr2011,avaConv,pvOpenspace_a
uk,1,h0026,0.0,scr2011,avaConv,pvOpenspace_a
uk,1,h0027,0.0,scr2011,avaConv,pvOpenspace_a
uk,1,h0028,0.0,scr2011,avaConv,pvOpenspace_a
uk,1,h0029,0.0,scr2011,avaConv,pvOpenspace_a
uk,1,h0030,0.0,scr2011,avaConv,pvOpenspace_a
uk,1,h0031,0.0,scr2011,avaConv,pvOpenspace_a
uk,1,h0032,0.0,scr2011,avaConv,pvOpenspace_a
uk,1,h0033,0.0,scr2011,avaConv,pvOpenspace_a
uk,1,h0034,0.0014284965865228535,scr2011,avaConv,pvOpenspace_a
uk,1,h0035,0.015426993658577044,scr2011,avaConv,pvOpenspace_a
uk,1,h0036,0.04159814042365475,scr2011,avaConv,pvOpenspace_a
uk,1,h0037,0.18415913644552165,scr2011,avaConv,pvOpenspace_a
uk,1,h0038,0.3012017399264982,scr2011,avaConv,pvOpenspace_a
uk,1,h0039,0.377916330864888,scr2011,avaConv,pvOpenspace_a
uk,1,h0040,0.3096247224584672,scr2011,avaConv,pvOpenspace_a
uk,1,h0041,0.19094595922200897,scr2011,avaConv,pvOpenspace_a
uk,1,h0042,0.08511968943177649,scr2011,avaConv,pvOpenspace_a
uk,1,h0043,0.01185079838583019,scr2011,avaConv,pvOpenspace_a
uk,1,h0044,0.0,scr2011,avaConv,pvOpenspace_a
uk,1,h0045,0.0,scr2011,avaConv,pvOpenspace_a
uk,1,h0046,0.0,scr2011,avaConv,pvOpenspace_a
uk,1,h0047,0.0,scr2011,avaConv,pvOpenspace_a
uk,1,h0048,0.0,scr2011,avaConv,pvOpenspace_a
ni,1,h0001,0.0,scr2011,avaConv,pvOpenspace_a
ni,1,h0002,0.0,scr2011,avaConv,pvOpenspace_a
ni,1,h0003,0.0,scr2011,avaConv,pvOpenspace_a
ni,1,h0004,0.0,scr2011,avaConv,pvOpenspace_a
ni,1,h0005,0.0,scr2011,avaConv,pvOpenspace_a
ni,1,h0006,0.0,scr2011,avaConv,pvOpenspace_a
ni,1,h0007,0.0,scr2011,avaConv,pvOpenspace_a
ni,1,h0008,0.0,scr2011,avaConv,pvOpenspace_a
ni,1,h0009,0.0,scr2011,avaConv,pvOpenspace_a
ni,1,h0010,0.0,scr2011,avaConv,pvOpenspace_a
ni,1,h0011,0.009860355146946349,scr2011,avaConv,pvOpenspace_a
ni,1,h0012,0.02997471954252169,scr2011,avaConv,pvOpenspace_a
ni,1,h0013,0.11283131928284855,scr2011,avaConv,pvOpenspace_a
ni,1,h0014,0.1639052744654939,scr2011,avaConv,pvOpenspace_a
ni,1,h0015,0.17738968787936446,scr2011,avaConv,pvOpenspace_a
ni,1,h0016,0.1073141810380151,scr2011,avaConv,pvOpenspace_a
ni,1,h0017,0.04621868139884746,scr2011,avaConv,pvOpenspace_a
ni,1,h0018,0.011824986408881057,scr2011,avaConv,pvOpenspace_a
ni,1,h0019,0.0,scr2011,avaConv,pvOpenspace_a
ni,1,h0020,0.0,scr2011,avaConv,pvOpenspace_a
ni,1,h0021,0.0,scr2011,avaConv,pvOpenspace_a
ni,1,h0022,0.0,scr2011,avaConv,pvOpenspace_a
ni,1,h0023,0.0,scr2011,avaConv,pvOpenspace_a
ni,1,h0024,0.0,scr2011,avaConv,pvOpenspace_a
ni,1,h0025,0.0,scr2011,avaConv,pvOpenspace_a
ni,1,h0026,0.0,scr2011,avaConv,pvOpenspace_a
ni,1,h0027,0.0,scr2011,avaConv,pvOpenspace_a
ni,1,h0028,0.0,scr2011,avaConv,pvOpenspace_a
ni,1,h0029,0.0,scr2011,avaConv,pvOpenspace_a
ni,1,h0030,0.0,scr2011,avaConv,pvOpenspace_a
ni,1,h0031,0.0,scr2011,avaConv,pvOpenspace_a
ni,1,h0032,0.0,scr2011,avaConv,pvOpenspace_a
ni,1,h0033,0.0,scr2011,avaConv,pvOpenspace_a
ni,1,h0034,0.0,scr2011,avaConv,pvOpenspace_a
ni,1,h0035,0.09532243641990439,scr2011,avaConv,pvOpenspace_a
ni,1,h0036,0.22375663642620935,scr2011,avaConv,pvOpenspace_a
ni,1,h0037,0.3301126422359486,scr2011,avaConv,pvOpenspace_a
ni,1,h0038,0.3473125754291504,scr2011,avaConv,pvOpenspace_a
ni,1,h0039,0.3095508699254999,scr2011,avaConv,pvOpenspace_a
ni,1,h0040,0.26054527333560934,scr2011,avaConv,pvOpenspace_a
ni,1,h0041,0.17158637820837808,scr2011,avaConv,pvOpenspace_a
ni,1,h0042,0.08127145497221887,scr2011,avaConv,pvOpenspace_a
ni,1,h0043,0.01949845276636494,scr2011,avaConv,pvOpenspace_a
ni,1,h0044,0.0,scr2011,avaConv,pvOpenspace_a
ni,1,h0045,0.0,scr2011,avaConv,pvOpenspace_a
ni,1,h0046,0.0,scr2011,avaConv,pvOpenspace_a
ni,1,h0047,0.0,scr2011,avaConv,pvOpenspace_a
ni,1,h0048,0.0,scr2011,avaConv,pvOpenspace_a
al,2,h0001,0.0,scr2011,avaConv,pvOpenspace_b
al,2,h0002,0.0,scr2011,avaConv,pvOpenspace_b
al,2,h0003,0.0,scr2011,avaConv,pvOpenspace_b
al,2,h0004,0.0,scr2011,avaConv,pvOpenspace_b
al,2,h0005,0.0,scr2011,avaConv,pvOpenspace_b
al,2,h0006,0.0,scr2011,avaConv,pvOpenspace_b
al,2,h0007,0.0,scr2011,avaConv,pvOpenspace_b
al,2,h0008,0.015811760980152204,scr2011,avaConv,pvOpenspace_b
al,2,h0009,0.08420551273191854,scr2011,avaConv,pvOpenspace_b
al,2,h0010,0.21750117555452736,scr2011,avaConv,pvOpenspace_b
al,2,h0011,0.3592379052418832,scr2011,avaConv,pvOpenspace_b
al,2,h0012,0.4434522005920861,scr2011,avaConv,pvOpenspace_b
al,2,h0013,0.43858777085593903,scr2011,avaConv,pvOpenspace_b
al,2,h0014,0.35693126909436085,scr2011,avaConv,pvOpenspace_b
al,2,h0015,0.22861152757231454,scr2011,avaConv,pvOpenspace_b
al,2,h0016,0.1098180092569154,scr2011,avaConv,pvOpenspace_b
al,2,h0017,0.03257814804338729,scr2011,avaConv,pvOpenspace_b
al,2,h0018,0.004221824193106315,scr2011,avaConv,pvOpenspace_b
al,2,h0019,0.0,scr2011,avaConv,pvOpenspace_b
al,2,h0020,0.0,scr2011,avaConv,pvOpenspace_b
al,2,h0021,0.0,scr2011,avaConv,pvOpenspace_b
al,2,h0022,0.0,scr2011,avaConv,pvOpenspace_b
al,2,h0023,0.0,scr2011,avaConv,pvOpenspace_b
al,2,h0024,0.0,scr2011,avaConv,pvOpenspace_b
al,2,h0025,0.0,scr2011,avaConv,pvOpenspace_b
al,2,h0026,0.0,scr2011,avaConv,pvOpenspace_b
al,2,h0027,0.0,scr2011,avaConv,pvOpenspace_b
al,2,h0028,0.0,scr2011,avaConv,pvOpenspace_b
al,2,h0029,0.0,scr2011,avaConv,pvOpenspace_b
al,2,h0030,0.0,scr2011,avaConv,pvOpenspace_b
al,2,h0031,0.0,scr2011,avaConv,pvOpenspace_b
al,2,h0032,0.024651124282783366,scr2011,avaConv,pvOpenspace_b
al,2,h0033,0.1150868929051041,scr2011,avaConv,pvOpenspace_b
al,2,h0034,0.28438062152352456,scr2011,avaConv,pvOpenspace_b
al,2,h0035,0.4435717990119303,scr2011,avaConv,pvOpenspace_b
al,2,h0036,0.542251891757049,scr2011,avaConv,pvOpenspace_b
al,2,h0037,0.4091315224649087,scr2011,avaConv,pvOpenspace_b
al,2,h0038,0.24248361692261142,scr2011,avaConv,pvOpenspace_b
al,2,h0039,0.08417806548575289,scr2011,avaConv,pvOpenspace_b
al,2,h0040,0.041321333552914986,scr2011,avaConv,pvOpenspace_b
al,2,h0041,0.01333622350084954,scr2011,avaConv,pvOpenspace_b
al,2,h0042,0.001244927259628734,scr2011,avaConv,pvOpenspace_b
al,2,h0043,0.0,scr2011,avaConv,pvOpenspace_b
al,2,h0044,0.0,scr2011,avaConv,pvOpenspace_b
al,2,h0045,0.0,scr2011,avaConv,pvOpenspace_b
al,2,h0046,0.0,scr2011,avaConv,pvOpenspace_b
al,2,h0047,0.0,scr2011,avaConv,pvOpenspace_b
al,2,h0048,0.0,scr2011,avaConv,pvOpenspace_b
at,2,h0001,0.0,scr2011,avaConv,pvOpenspace_b
at,2,h0002,0.0,scr2011,avaConv,pvOpenspace_b
at,2,h0003,0.0,scr2011,avaConv,pvOpenspace_b
at,2,h0004,0.0,scr2011,avaConv,pvOpenspace_b
at,2,h0005,0.0,scr2011,avaConv,pvOpenspace_b
at,2,h0006,0.0,scr2011,avaConv,pvOpenspace_b
at,2,h0007,0.0,scr2011,avaConv,pvOpenspace_b
at,2,h0008,0.0,scr2011,avaConv,pvOpenspace_b
at,2,h0009,0.044644306452025495,scr2011,avaConv,pvOpenspace_b
at,2,h0010,0.15643781161074177,scr2011,avaConv,pvOpenspace_b
at,2,h0011,0.32709623103965296,scr2011,avaConv,pvOpenspace_b
at,2,h0012,0.4487491183217646,scr2011,avaConv,pvOpenspace_b
at,2,h0013,0.43296514292212945,scr2011,avaConv,pvOpenspace_b
at,2,h0014,0.3533394437829843,scr2011,avaConv,pvOpenspace_b
at,2,h0015,0.22049960407980335,scr2011,avaConv,pvOpenspace_b
at,2,h0016,0.11208322172092554,scr2011,avaConv,pvOpenspace_b
at,2,h0017,0.033892476219759174,scr2011,avaConv,pvOpenspace_b
at,2,h0018,0.0006351314903456088,scr2011,avaConv,pvOpenspace_b
at,2,h0019,0.0,scr2011,avaConv,pvOpenspace_b
at,2,h0020,0.0,scr2011,avaConv,pvOpenspace_b
at,2,h0021,0.0,scr2011,avaConv,pvOpenspace_b
at,2,h0022,0.0,scr2011,avaConv,pvOpenspace_b
at,2,h0023,0.0,scr2011,avaConv,pvOpenspace_b
at,2,h0024,0.0,scr2011,avaConv,pvOpenspace_b
at,2,h0025,0.0,scr2011,avaConv,pvOpenspace_b
at,2,h0026,0.0,scr2011,avaConv,pvOpenspace_b
at,2,h0027,0.0,scr2011,avaConv,pvOpenspace_b
at,2,h0028,0.0,scr2011,avaConv,pvOpenspace_b
at,2,h0029,0.0,scr2011,avaConv,pvOpenspace_b
at,2,h0030,0.0,scr2011,avaConv,pvOpenspace_b
at,2,h0031,0.0,scr2011,avaConv,pvOpenspace_b
at,2,h0032,0.0,scr2011,avaConv,pvOpenspace_b
at,2,h0033,0.04753534406889543,scr2011,avaConv,pvOpenspace_b
at,2,h0034,0.1628306081492103,scr2011,avaConv,pvOpenspace_b
at,2,h0035,0.33191429957721874,scr2011,avaConv,pvOpenspace_b
at,2,h0036,0.4446758515413903,scr2011,avaConv,pvOpenspace_b
at,2,h0037,0.4160937591758268,scr2011,avaConv,pvOpenspace_b
at,2,h0038,0.3289907731949613,scr2011,avaConv,pvOpenspace_b
at,2,h0039,0.20288365615283024,scr2011,avaConv,pvOpenspace_b
at,2,h0040,0.12422202152709587,scr2011,avaConv,pvOpenspace_b
at,2,h0041,0.05112388772443996,scr2011,avaConv,pvOpenspace_b
at,2,h0042,0.012030941777397417,scr2011,avaConv,pvOpenspace_b
at,2,h0043,0.0,scr2011,avaConv,pvOpenspace_b
at,2,h0044,0.0,scr2011,avaConv,pvOpenspace_b
at,2,h0045,0.0,scr2011,avaConv,pvOpenspace_b
at,2,h0046,0.0,scr2011,avaConv,pvOpenspace_b
at,2,h0047,0.0,scr2011,avaConv,pvOpenspace_b
at,2,h0048,0.0,scr2011,avaConv,pvOpenspace_b
ba,2,h0001,0.0,scr2011,avaConv,pvOpenspace_b
ba,2,h0002,0.0,scr2011,avaConv,pvOpenspace_b
ba,2,h0003,0.0,scr2011,avaConv,pvOpenspace_b
ba,2,h0004,0.0,scr2011,avaConv,pvOpenspace_b
ba,2,h0005,0.0,scr2011,avaConv,pvOpenspace_b
ba,2,h0006,0.0,scr2011,avaConv,pvOpenspace_b
ba,2,h0007,0.0,scr2011,avaConv,pvOpenspace_b
ba,2,h0008,0.016967436433136675,scr2011,avaConv,pvOpenspace_b
ba,2,h0009,0.077853715439734,scr2011,avaConv,pvOpenspace_b
ba,2,h0010,0.21218282230652194,scr2011,avaConv,pvOpenspace_b
ba,2,h0011,0.3830974636437045,scr2011,avaConv,pvOpenspace_b
ba,2,h0012,0.5259185822542153,scr2011,avaConv,pvOpenspace_b
ba,2,h0013,0.44702777170097246,scr2011,avaConv,pvOpenspace_b
ba,2,h0014,0.30429214651100867,scr2011,avaConv,pvOpenspace_b
ba,2,h0015,0.13852170242757642,scr2011,avaConv,pvOpenspace_b
ba,2,h0016,0.07348692046825163,scr2011,avaConv,pvOpenspace_b
ba,2,h0017,0.024237242821847412,scr2011,avaConv,pvOpenspace_b
ba,2,h0018,0.0009100575658337574,scr2011,avaConv,pvOpenspace_b
ba,2,h0019,0.0,scr2011,avaConv,pvOpenspace_b
ba,2,h0020,0.0,scr2011,avaConv,pvOpenspace_b
ba,2,h0021,0.0,scr2011,avaConv,pvOpenspace_b
ba,2,h0022,0.0,scr2011,avaConv,pvOpenspace_b
ba,2,h0023,0.0,scr2011,avaConv,pvOpenspace_b
ba,2,h0024,0.0,scr2011,avaConv,pvOpenspace_b
ba,2,h0025,0.0,scr2011,avaConv,pvOpenspace_b
ba,2,h0026,0.0,scr2011,avaConv,pvOpenspace_b
ba,2,h0027,0.0,scr2011,avaConv,pvOpenspace_b
ba,2,h0028,0.0,scr2011,avaConv,pvOpenspace_b
ba,2,h0029,0.0,scr2011,avaConv,pvOpenspace_b
ba,2,h0030,0.0,scr2011,avaConv,pvOpenspace_b
ba,2,h0031,0.0,scr2011,avaConv,pvOpenspace_b
ba,2,h0032,0.0271177301623297,scr2011,avaConv,pvOpenspace_b
ba,2,h0033,0.11709584086029357,scr2011,avaConv,pvOpenspace_b
ba,2,h0034,0.2793672429166973,scr2011,avaConv,pvOpenspace_b
ba,2,h0035,0.4414190333668393,scr2011,avaConv,pvOpenspace_b
ba,2,h0036,0.5502766091491769,scr2011,avaConv,pvOpenspace_b
ba,2,h0037,0.39686868016278354,scr2011,avaConv,pvOpenspace_b
ba,2,h0038,0.21285241656238832,scr2011,avaConv,pvOpenspace_b
ba,2,h0039,0.039228742198206296,scr2011,avaConv,pvOpenspace_b
ba,2,h0040,0.017803057495491534,scr2011,avaConv,pvOpenspace_b
ba,2,h0041,0.00485079298079241,scr2011,avaConv,pvOpenspace_b
ba,2,h0042,0.0003384926218538431,scr2011,avaConv,pvOpenspace_b
ba,2,h0043,0.0,scr2011,avaConv,pvOpenspace_b
ba,2,h0044,0.0,scr2011,avaConv,pvOpenspace_b
ba,2,h0045,0.0,scr2011,avaConv,pvOpenspace_b
ba,2,h0046,0.0,scr2011,avaConv,pvOpenspace_b
ba,2,h0047,0.0,scr2011,avaConv,pvOpenspace_b
ba,2,h0048,0.0,scr2011,avaConv,pvOpenspace_b
be,2,h0001,0.0,scr2011,avaConv,pvOpenspace_b
be,2,h0002,0.0,scr2011,avaConv,pvOpenspace_b
be,2,h0003,0.0,scr2011,avaConv,pvOpenspace_b
be,2,h0004,0.0,scr2011,avaConv,pvOpenspace_b
be,2,h0005,0.0,scr2011,avaConv,pvOpenspace_b
be,2,h0006,0.0,scr2011,avaConv,pvOpenspace_b
be,2,h0007,0.0,scr2011,avaConv,pvOpenspace_b
be,2,h0008,0.0,scr2011,avaConv,pvOpenspace_b
be,2,h0009,0.0,scr2011,avaConv,pvOpenspace_b
be,2,h0010,0.046454385657073285,scr2011,avaConv,pvOpenspace_b
be,2,h0011,0.12664210512489077,scr2011,avaConv,pvOpenspace_b
be,2,h0012,0.22637228953925861,scr2011,avaConv,pvOpenspace_b
be,2,h0013,0.19811256475169137,scr2011,avaConv,pvOpenspace_b
be,2,h0014,0.1395056410353568,scr2011,avaConv,pvOpenspace_b
be,2,h0015,0.06388298322209016,scr2011,avaConv,pvOpenspace_b
be,2,h0016,0.05367338621958907,scr2011,avaConv,pvOpenspace_b
be,2,h0017,0.03134542223005332,scr2011,avaConv,pvOpenspace_b
be,2,h0018,0.009927527686997296,scr2011,avaConv,pvOpenspace_b
be,2,h0019,0.0,scr2011,avaConv,pvOpenspace_b
be,2,h0020,0.0,scr2011,avaConv,pvOpenspace_b
be,2,h0021,0.0,scr2011,avaConv,pvOpenspace_b
be,2,h0022,0.0,scr2011,avaConv,pvOpenspace_b
be,2,h0023,0.0,scr2011,avaConv,pvOpenspace_b
be,2,h0024,0.0,scr2011,avaConv,pvOpenspace_b
be,2,h0025,0.0,scr2011,avaConv,pvOpenspace_b
be,2,h0026,0.0,scr2011,avaConv,pvOpenspace_b
be,2,h0027,0.0,scr2011,avaConv,pvOpenspace_b
be,2,h0028,0.0,scr2011,avaConv,pvOpenspace_b
be,2,h0029,0.0,scr2011,avaConv,pvOpenspace_b
be,2,h0030,0.0,scr2011,avaConv,pvOpenspace_b
be,2,h0031,0.0,scr2011,avaConv,pvOpenspace_b
be,2,h0032,0.0,scr2011,avaConv,pvOpenspace_b
be,2,h0033,0.0,scr2011,avaConv,pvOpenspace_b
be,2,h0034,0.004492374650958711,scr2011,avaConv,pvOpenspace_b
be,2,h0035,0.01526299157980676,scr2011,avaConv,pvOpenspace_b
be,2,h0036,0.033284307502106196,scr2011,avaConv,pvOpenspace_b
be,2,h0037,0.11960608613969301,scr2011,avaConv,pvOpenspace_b
be,2,h0038,0.18232071663035773,scr2011,avaConv,pvOpenspace_b
be,2,h0039,0.21876248368556864,scr2011,avaConv,pvOpenspace_b
be,2,h0040,0.15897313299630825,scr2011,avaConv,pvOpenspace_b
be,2,h0041,0.08505358044317492,scr2011,avaConv,pvOpenspace_b
be,2,h0042,0.03147057149994912,scr2011,avaConv,pvOpenspace_b
be,2,h0043,0.0,scr2011,avaConv,pvOpenspace_b
be,2,h0044,0.0,scr2011,avaConv,pvOpenspace_b
be,2,h0045,0.0,scr2011,avaConv,pvOpenspace_b
be,2,h0046,0.0,scr2011,avaConv,pvOpenspace_b
be,2,h0047,0.0,scr2011,avaConv,pvOpenspace_b
be,2,h0048,0.0,scr2011,avaConv,pvOpenspace_b
bg,2,h0001,0.0,scr2011,avaConv,pvOpenspace_b
bg,2,h0002,0.0,scr2011,avaConv,pvOpenspace_b
bg,2,h0003,0.0,scr2011,avaConv,pvOpenspace_b
bg,2,h0004,0.0,scr2011,avaConv,pvOpenspace_b
bg,2,h0005,0.0,scr2011,avaConv,pvOpenspace_b
bg,2,h0006,0.0,scr2011,avaConv,pvOpenspace_b
bg,2,h0007,0.0,scr2011,avaConv,pvOpenspace_b
bg,2,h0008,0.020072709696038957,scr2011,avaConv,pvOpenspace_b
bg,2,h0009,0.0842098830115623,scr2011,avaConv,pvOpenspace_b
bg,2,h0010,0.19713575712267087,scr2011,avaConv,pvOpenspace_b
bg,2,h0011,0.2963605295431298,scr2011,avaConv,pvOpenspace_b
bg,2,h0012,0.34204333069605003,scr2011,avaConv,pvOpenspace_b
bg,2,h0013,0.36338900867009677,scr2011,avaConv,pvOpenspace_b
bg,2,h0014,0.31830511553778423,scr2011,avaConv,pvOpenspace_b
bg,2,h0015,0.23012515082603618,scr2011,avaConv,pvOpenspace_b
bg,2,h0016,0.09570397422044617,scr2011,avaConv,pvOpenspace_b
bg,2,h0017,0.022756267035094258,scr2011,avaConv,pvOpenspace_b
bg,2,h0018,0.0,scr2011,avaConv,pvOpenspace_b
bg,2,h0019,0.0,scr2011,avaConv,pvOpenspace_b
bg,2,h0020,0.0,scr2011,avaConv,pvOpenspace_b
bg,2,h0021,0.0,scr2011,avaConv,pvOpenspace_b
bg,2,h0022,0.0,scr2011,avaConv,pvOpenspace_b
bg,2,h0023,0.0,scr2011,avaConv,pvOpenspace_b
bg,2,h0024,0.0,scr2011,avaConv,pvOpenspace_b
bg,2,h0025,0.0,scr2011,avaConv,pvOpenspace_b
bg,2,h0026,0.0,scr2011,avaConv,pvOpenspace_b
bg,2,h0027,0.0,scr2011,avaConv,pvOpenspace_b
bg,2,h0028,0.0,scr2011,avaConv,pvOpenspace_b
bg,2,h0029,0.0,scr2011,avaConv,pvOpenspace_b
bg,2,h0030,0.0,scr2011,avaConv,pvOpenspace_b
bg,2,h0031,0.0,scr2011,avaConv,pvOpenspace_b
bg,2,h0032,0.034357045441039694,scr2011,avaConv,pvOpenspace_b
bg,2,h0033,0.1337645180304675,scr2011,avaConv,pvOpenspace_b
bg,2,h0034,0.30282593306379096,scr2011,avaConv,pvOpenspace_b
bg,2,h0035,0.4466651933706602,scr2011,avaConv,pvOpenspace_b
bg,2,h0036,0.5356009632064195,scr2011,avaConv,pvOpenspace_b
bg,2,h0037,0.44814181660035185,scr2011,avaConv,pvOpenspace_b
bg,2,h0038,0.3114520267744201,scr2011,avaConv,pvOpenspace_b
bg,2,h0039,0.1443443688491079,scr2011,avaConv,pvOpenspace_b
bg,2,h0040,0.06389417163511225,scr2011,avaConv,pvOpenspace_b
bg,2,h0041,0.015295698832858392,scr2011,avaConv,pvOpenspace_b
bg,2,h0042,0.0003810718973177336,scr2011,avaConv,pvOpenspace_b
bg,2,h0043,0.0,scr2011,avaConv,pvOpenspace_b
bg,2,h0044,0.0,scr2011,avaConv,pvOpenspace_b
bg,2,h0045,0.0,scr2011,avaConv,pvOpenspace_b
bg,2,h0046,0.0,scr2011,avaConv,pvOpenspace_b
bg,2,h0047,0.0,scr2011,avaConv,pvOpenspace_b
bg,2,h0048,0.0,scr2011,avaConv,pvOpenspace_b
ch,2,h0001,0.0,scr2011,avaConv,pvOpenspace_b
ch,2,h0002,0.0,scr2011,avaConv,pvOpenspace_b
ch,2,h0003,0.0,scr2011,avaConv,pvOpenspace_b
ch,2,h0004,0.0,scr2011,avaConv,pvOpenspace_b
ch,2,h0005,0.0,scr2011,avaConv,pvOpenspace_b
ch,2,h0006,0.0,scr2011,avaConv,pvOpenspace_b
ch,2,h0007,0.0,scr2011,avaConv,pvOpenspace_b
ch,2,h0008,0.0,scr2011,avaConv,pvOpenspace_b
ch,2,h0009,0.011089863005209673,scr2011,avaConv,pvOpenspace_b
ch,2,h0010,0.04926818406939996,scr2011,avaConv,pvOpenspace_b
ch,2,h0011,0.11055580105205351,scr2011,avaConv,pvOpenspace_b
ch,2,h0012,0.16934430450517268,scr2011,avaConv,pvOpenspace_b
ch,2,h0013,0.211622804197169,scr2011,avaConv,pvOpenspace_b
ch,2,h0014,0.20733072002341382,scr2011,avaConv,pvOpenspace_b
ch,2,h0015,0.16136267603649113,scr2011,avaConv,pvOpenspace_b
ch,2,h0016,0.08667054621398847,scr2011,avaConv,pvOpenspace_b
ch,2,h0017,0.03172730471750781,scr2011,avaConv,pvOpenspace_b
ch,2,h0018,0.006945931422446301,scr2011,avaConv,pvOpenspace_b
ch,2,h0019,0.0,scr2011,avaConv,pvOpenspace_b
ch,2,h0020,0.0,scr2011,avaConv,pvOpenspace_b
ch,2,h0021,0.0,scr2011,avaConv,pvOpenspace_b
ch,2,h0022,0.0,scr2011,avaConv,pvOpenspace_b
ch,2,h0023,0.0,scr2011,avaConv,pvOpenspace_b
ch,2,h0024,0.0,scr2011,avaConv,pvOpenspace_b
ch,2,h0025,0.0,scr2011,avaConv,pvOpenspace_b
ch,2,h0026,0.0,scr2011,avaConv,pvOpenspace_b
ch,2,h0027,0.0,scr2011,avaConv,pvOpenspace_b
ch,2,h0028,0.0,scr2011,avaConv,pvOpenspace_b
ch,2,h0029,0.0,scr2011,avaConv,pvOpenspace_b
ch,2,h0030,0.0,scr2011,avaConv,pvOpenspace_b
ch,2,h0031,0.0,scr2011,avaConv,pvOpenspace_b
ch,2,h0032,0.0,scr2011,avaConv,pvOpenspace_b
ch,2,h0033,0.03578281225016574,scr2011,avaConv,pvOpenspace_b
ch,2,h0034,0.13547194227072681,scr2011,avaConv,pvOpenspace_b
ch,2,h0035,0.301257269976789,scr2011,avaConv,pvOpenspace_b
ch,2,h0036,0.4526456237252639,scr2011,avaConv,pvOpenspace_b
ch,2,h0037,0.41581658386099896,scr2011,avaConv,pvOpenspace_b
ch,2,h0038,0.32213201059014435,scr2011,avaConv,pvOpenspace_b
ch,2,h0039,0.19492523342523502,scr2011,avaConv,pvOpenspace_b
ch,2,h0040,0.15303594576503507,scr2011,avaConv,pvOpenspace_b
ch,2,h0041,0.08052772688645736,scr2011,avaConv,pvOpenspace_b
ch,2,h0042,0.024064203099999043,scr2011,avaConv,pvOpenspace_b
ch,2,h0043,0.0,scr2011,avaConv,pvOpenspace_b
ch,2,h0044,0.0,scr2011,avaConv,pvOpenspace_b
ch,2,h0045,0.0,scr2011,avaConv,pvOpenspace_b
ch,2,h0046,0.0,scr2011,avaConv,pvOpenspace_b
ch,2,h0047,0.0,scr2011,avaConv,pvOpenspace_b
ch,2,h0048,0.0,scr2011,avaConv,pvOpenspace_b
cz,2,h0001,0.0,scr2011,avaConv,pvOpenspace_b
cz,2,h0002,0.0,scr2011,avaConv,pvOpenspace_b
cz,2,h0003,0.0,scr2011,avaConv,pvOpenspace_b
cz,2,h0004,0.0,scr2011,avaConv,pvOpenspace_b
cz,2,h0005,0.0,scr2011,avaConv,pvOpenspace_b
cz,2,h0006,0.0,scr2011,avaConv,pvOpenspace_b
cz,2,h0007,0.0,scr2011,avaConv,pvOpenspace_b
cz,2,h0008,0.0,scr2011,avaConv,pvOpenspace_b
cz,2,h0009,0.013111481076166975,scr2011,avaConv,pvOpenspace_b
cz,2,h0010,0.05355290185076134,scr2011,avaConv,pvOpenspace_b
cz,2,h0011,0.11966578906419778,scr2011,avaConv,pvOpenspace_b
cz,2,h0012,0.1689184217926226,scr2011,avaConv,pvOpenspace_b
cz,2,h0013,0.18172962769241702,scr2011,avaConv,pvOpenspace_b
cz,2,h0014,0.16246886378934716,scr2011,avaConv,pvOpenspace_b
cz,2,h0015,0.11085891855202815,scr2011,avaConv,pvOpenspace_b
cz,2,h0016,0.0495920019796558,scr2011,avaConv,pvOpenspace_b
cz,2,h0017,0.011427940132642232,scr2011,avaConv,pvOpenspace_b
cz,2,h0018,0.0,scr2011,avaConv,pvOpenspace_b
cz,2,h0019,0.0,scr2011,avaConv,pvOpenspace_b
cz,2,h0020,0.0,scr2011,avaConv,pvOpenspace_b
cz,2,h0021,0.0,scr2011,avaConv,pvOpenspace_b
cz,2,h0022,0.0,scr2011,avaConv,pvOpenspace_b
cz,2,h0023,0.0,scr2011,avaConv,pvOpenspace_b
cz,2,h0024,0.0,scr2011,avaConv,pvOpenspace_b
cz,2,h0025,0.0,scr2011,avaConv,pvOpenspace_b
cz,2,h0026,0.0,scr2011,avaConv,pvOpenspace_b
cz,2,h0027,0.0,scr2011,avaConv,pvOpenspace_b
cz,2,h0028,0.0,scr2011,avaConv,pvOpenspace_b
cz,2,h0029,0.0,scr2011,avaConv,pvOpenspace_b
cz,2,h0030,0.0,scr2011,avaConv,pvOpenspace_b
cz,2,h0031,0.0,scr2011,avaConv,pvOpenspace_b
cz,2,h0032,0.0,scr2011,avaConv,pvOpenspace_b
cz,2,h0033,0.014059463602669714,scr2011,avaConv,pvOpenspace_b
cz,2,h0034,0.06198792811896848,scr2011,avaConv,pvOpenspace_b
cz,2,h0035,0.15341923788545536,scr2011,avaConv,pvOpenspace_b
cz,2,h0036,0.25133560307491376,scr2011,avaConv,pvOpenspace_b
cz,2,h0037,0.2987121081581797,scr2011,avaConv,pvOpenspace_b
cz,2,h0038,0.28360096478650193,scr2011,avaConv,pvOpenspace_b
cz,2,h0039,0.2009684106994248,scr2011,avaConv,pvOpenspace_b
cz,2,h0040,0.1094034931754018,scr2011,avaConv,pvOpenspace_b
cz,2,h0041,0.037118367318904215,scr2011,avaConv,pvOpenspace_b
cz,2,h0042,0.006386106216570879,scr2011,avaConv,pvOpenspace_b
cz,2,h0043,0.0,scr2011,avaConv,pvOpenspace_b
cz,2,h0044,0.0,scr2011,avaConv,pvOpenspace_b
cz,2,h0045,0.0,scr2011,avaConv,pvOpenspace_b
cz,2,h0046,0.0,scr2011,avaConv,pvOpenspace_b
cz,2,h0047,0.0,scr2011,avaConv,pvOpenspace_b
cz,2,h0048,0.0,scr2011,avaConv,pvOpenspace_b
de,2,h0001,0.0,scr2011,avaConv,pvOpenspace_b
de,2,h0002,0.0,scr2011,avaConv,pvOpenspace_b
de,2,h0003,0.0,scr2011,avaConv,pvOpenspace_b
de,2,h0004,0.0,scr2011,avaConv,pvOpenspace_b
de,2,h0005,0.0,scr2011,avaConv,pvOpenspace_b
de,2,h0006,0.0,scr2011,avaConv,pvOpenspace_b
de,2,h0007,0.0,scr2011,avaConv,pvOpenspace_b
de,2,h0008,0.0,scr2011,avaConv,pvOpenspace_b
de,2,h0009,0.0020216527513696545,scr2011,avaConv,pvOpenspace_b
de,2,h0010,0.016104162910934392,scr2011,avaConv,pvOpenspace_b
de,2,h0011,0.047462386370701,scr2011,avaConv,pvOpenspace_b
de,2,h0012,0.08858689494692545,scr2011,avaConv,pvOpenspace_b
de,2,h0013,0.08456155237214108,scr2011,avaConv,pvOpenspace_b
de,2,h0014,0.060482470899514064,scr2011,avaConv,pvOpenspace_b
de,2,h0015,0.024783425872709267,scr2011,avaConv,pvOpenspace_b
de,2,h0016,0.012772030569022786,scr2011,avaConv,pvOpenspace_b
de,2,h0017,0.004322381215403943,scr2011,avaConv,pvOpenspace_b
de,2,h0018,0.0004940716821856094,scr2011,avaConv,pvOpenspace_b
de,2,h0019,0.0,scr2011,avaConv,pvOpenspace_b
de,2,h0020,0.0,scr2011,avaConv,pvOpenspace_b
de,2,h0021,0.0,scr2011,avaConv,pvOpenspace_b
de,2,h0022,0.0,scr2011,avaConv,pvOpenspace_b
de,2,h0023,0.0,scr2011,avaConv,pvOpenspace_b
de,2,h0024,0.0,scr2011,avaConv,pvOpenspace_b
de,2,h0025,0.0,scr2011,avaConv,pvOpenspace_b
de,2,h0026,0.0,scr2011,avaConv,pvOpenspace_b
de,2,h0027,0.0,scr2011,avaConv,pvOpenspace_b
de,2,h0028,0.0,scr2011,avaConv,pvOpenspace_b
de,2,h0029,0.0,scr2011,avaConv,pvOpenspace_b
de,2,h0030,0.0,scr2011,avaConv,pvOpenspace_b
de,2,h0031,0.0,scr2011,avaConv,pvOpenspace_b
de,2,h0032,0.0,scr2011,avaConv,pvOpenspace_b
de,2,h0033,0.005508172028818099,scr2011,avaConv,pvOpenspace_b
de,2,h0034,0.030575655680758262,scr2011,avaConv,pvOpenspace_b
de,2,h0035,0.08144495486800027,scr2011,avaConv,pvOpenspace_b
de,2,h0036,0.14271722014264074,scr2011,avaConv,pvOpenspace_b
de,2,h0037,0.15875680673493398,scr2011,avaConv,pvOpenspace_b
de,2,h0038,0.1412233549536781,scr2011,avaConv,pvOpenspace_b
de,2,h0039,0.09562658960050523,scr2011,avaConv,pvOpenspace_b
de,2,h0040,0.05779488428401679,scr2011,avaConv,pvOpenspace_b
de,2,h0041,0.023550406473948366,scr2011,avaConv,pvOpenspace_b
de,2,h0042,0.004662641195433713,scr2011,avaConv,pvOpenspace_b
de,2,h0043,0.0,scr2011,avaConv,pvOpenspace_b
de,2,h0044,0.0,scr2011,avaConv,pvOpenspace_b
de,2,h0045,0.0,scr2011,avaConv,pvOpenspace_b
de,2,h0046,0.0,scr2011,avaConv,pvOpenspace_b
de,2,h0047,0.0,scr2011,avaConv,pvOpenspace_b
de,2,h0048,0.0,scr2011,avaConv,pvOpenspace_b
dk_e,2,h0001,0.0,scr2011,avaConv,pvOpenspace_b
dk_e,2,h0002,0.0,scr2011,avaConv,pvOpenspace_b
dk_e,2,h0003,0.0,scr2011,avaConv,pvOpenspace_b
dk_e,2,h0004,0.0,scr2011,avaConv,pvOpenspace_b
dk_e,2,h0005,0.0,scr2011,avaConv,pvOpenspace_b
dk_e,2,h0006,0.0,scr2011,avaConv,pvOpenspace_b
dk_e,2,h0007,0.0,scr2011,avaConv,pvOpenspace_b
dk_e,2,h0008,0.0,scr2011,avaConv,pvOpenspace_b
dk_e,2,h0009,0.0,scr2011,avaConv,pvOpenspace_b
dk_e,2,h0010,0.036259823702573864,scr2011,avaConv,pvOpenspace_b
dk_e,2,h0011,0.10620059348628051,scr2011,avaConv,pvOpenspace_b
dk_e,2,h0012,0.18571615355865392,scr2011,avaConv,pvOpenspace_b
dk_e,2,h0013,0.27227981531355194,scr2011,avaConv,pvOpenspace_b
dk_e,2,h0014,0.29635915031128746,scr2011,avaConv,pvOpenspace_b
dk_e,2,h0015,0.2635348828089316,scr2011,avaConv,pvOpenspace_b
dk_e,2,h0016,0.12497895574630916,scr2011,avaConv,pvOpenspace_b
dk_e,2,h0017,0.03432755018918952,scr2011,avaConv,pvOpenspace_b
dk_e,2,h0018,0.0,scr2011,avaConv,pvOpenspace_b
dk_e,2,h0019,0.0,scr2011,avaConv,pvOpenspace_b
dk_e,2,h0020,0.0,scr2011,avaConv,pvOpenspace_b
dk_e,2,h0021,0.0,scr2011,avaConv,pvOpenspace_b
dk_e,2,h0022,0.0,scr2011,avaConv,pvOpenspace_b
dk_e,2,h0023,0.0,scr2011,avaConv,pvOpenspace_b
dk_e,2,h0024,0.0,scr2011,avaConv,pvOpenspace_b
dk_e,2,h0025,0.0,scr2011,avaConv,pvOpenspace_b
dk_e,2,h0026,0.0,scr2011,avaConv,pvOpenspace_b
dk_e,2,h0027,0.0,scr2011,avaConv,pvOpenspace_b
dk_e,2,h0028,0.0,scr2011,avaConv,pvOpenspace_b
dk_e,2,h0029,0.0,scr2011,avaConv,pvOpenspace_b
dk_e,2,h0030,0.0,scr2011,avaConv,pvOpenspace_b
dk_e,2,h0031,0.0,scr2011,avaConv,pvOpenspace_b
dk_e,2,h0032,0.0,scr2011,avaConv,pvOpenspace_b
dk_e,2,h0033,0.0,scr2011,avaConv,pvOpenspace_b
dk_e,2,h0034,0.006769355475911847,scr2011,avaConv,pvOpenspace_b
dk_e,2,h0035,0.023611360816175132,scr2011,avaConv,pvOpenspace_b
dk_e,2,h0036,0.05235953165076536,scr2011,avaConv,pvOpenspace_b
dk_e,2,h0037,0.17099163888055413,scr2011,avaConv,pvOpenspace_b
dk_e,2,h0038,0.26871527447318,scr2011,avaConv,pvOpenspace_b
dk_e,2,h0039,0.3090055605416822,scr2011,avaConv,pvOpenspace_b
dk_e,2,h0040,0.1623696231920502,scr2011,avaConv,pvOpenspace_b
dk_e,2,h0041,0.05251703200948623,scr2011,avaConv,pvOpenspace_b
dk_e,2,h0042,0.0,scr2011,avaConv,pvOpenspace_b
dk_e,2,h0043,0.0,scr2011,avaConv,pvOpenspace_b
dk_e,2,h0044,0.0,scr2011,avaConv,pvOpenspace_b
dk_e,2,h0045,0.0,scr2011,avaConv,pvOpenspace_b
dk_e,2,h0046,0.0,scr2011,avaConv,pvOpenspace_b
dk_e,2,h0047,0.0,scr2011,avaConv,pvOpenspace_b
dk_e,2,h0048,0.0,scr2011,avaConv,pvOpenspace_b
dk_w,2,h0001,0.0,scr2011,avaConv,pvOpenspace_b
dk_w,2,h0002,0.0,scr2011,avaConv,pvOpenspace_b
dk_w,2,h0003,0.0,scr2011,avaConv,pvOpenspace_b
dk_w,2,h0004,0.0,scr2011,avaConv,pvOpenspace_b
dk_w,2,h0005,0.0,scr2011,avaConv,pvOpenspace_b
dk_w,2,h0006,0.0,scr2011,avaConv,pvOpenspace_b
dk_w,2,h0007,0.0,scr2011,avaConv,pvOpenspace_b
dk_w,2,h0008,0.0,scr2011,avaConv,pvOpenspace_b
dk_w,2,h0009,0.0,scr2011,avaConv,pvOpenspace_b
dk_w,2,h0010,0.029568298522499172,scr2011,avaConv,pvOpenspace_b
dk_w,2,h0011,0.0915126180620314,scr2011,avaConv,pvOpenspace_b
dk_w,2,h0012,0.14756077507476684,scr2011,avaConv,pvOpenspace_b
dk_w,2,h0013,0.2207642108818208,scr2011,avaConv,pvOpenspace_b
dk_w,2,h0014,0.23949924627949276,scr2011,avaConv,pvOpenspace_b
dk_w,2,h0015,0.22815559099888374,scr2011,avaConv,pvOpenspace_b
dk_w,2,h0016,0.11211051753358509,scr2011,avaConv,pvOpenspace_b
dk_w,2,h0017,0.032865312193498315,scr2011,avaConv,pvOpenspace_b
dk_w,2,h0018,0.0,scr2011,avaConv,pvOpenspace_b
dk_w,2,h0019,0.0,scr2011,avaConv,pvOpenspace_b
dk_w,2,h0020,0.0,scr2011,avaConv,pvOpenspace_b
dk_w,2,h0021,0.0,scr2011,avaConv,pvOpenspace_b
dk_w,2,h0022,0.0,scr2011,avaConv,pvOpenspace_b
dk_w,2,h0023,0.0,scr2011,avaConv,pvOpenspace_b
dk_w,2,h0024,0.0,scr2011,avaConv,pvOpenspace_b
dk_w,2,h0025,0.0,scr2011,avaConv,pvOpenspace_b
dk_w,2,h0026,0.0,scr2011,avaConv,pvOpenspace_b
dk_w,2,h0027,0.0,scr2011,avaConv,pvOpenspace_b
dk_w,2,h0028,0.0,scr2011,avaConv,pvOpenspace_b
dk_w,2,h0029,0.0,scr2011,avaConv,pvOpenspace_b
dk_w,2,h0030,0.0,scr2011,avaConv,pvOpenspace_b
dk_w,2,h0031,0.0,scr2011,avaConv,pvOpenspace_b
dk_w,2,h0032,0.0,scr2011,avaConv,pvOpenspace_b
dk_w,2,h0033,0.0,scr2011,avaConv,pvOpenspace_b
dk_w,2,h0034,0.03918642947232652,scr2011,avaConv,pvOpenspace_b
dk_w,2,h0035,0.12100703491983095,scr2011,avaConv,pvOpenspace_b
dk_w,2,h0036,0.22702219594995515,scr2011,avaConv,pvOpenspace_b
dk_w,2,h0037,0.322038857282052,scr2011,avaConv,pvOpenspace_b
dk_w,2,h0038,0.3557402350919912,scr2011,avaConv,pvOpenspace_b
dk_w,2,h0039,0.32183086875081734,scr2011,avaConv,pvOpenspace_b
dk_w,2,h0040,0.16965468906755424,scr2011,avaConv,pvOpenspace_b
dk_w,2,h0041,0.05519094553179724,scr2011,avaConv,pvOpenspace_b
dk_w,2,h0042,0.0,scr2011,avaConv,pvOpenspace_b
dk_w,2,h0043,0.0,scr2011,avaConv,pvOpenspace_b
dk_w,2,h0044,0.0,scr2011,avaConv,pvOpenspace_b
dk_w,2,h0045,0.0,scr2011,avaConv,pvOpenspace_b
dk_w,2,h0046,0.0,scr2011,avaConv,pvOpenspace_b
dk_w,2,h0047,0.0,scr2011,avaConv,pvOpenspace_b
dk_w,2,h0048,0.0,scr2011,avaConv,pvOpenspace_b
ee,2,h0001,0.0,scr2011,avaConv,pvOpenspace_b
ee,2,h0002,0.0,scr2011,avaConv,pvOpenspace_b
ee,2,h0003,0.0,scr2011,avaConv,pvOpenspace_b
ee,2,h0004,0.0,scr2011,avaConv,pvOpenspace_b
ee,2,h0005,0.0,scr2011,avaConv,pvOpenspace_b
ee,2,h0006,0.0,scr2011,avaConv,pvOpenspace_b
ee,2,h0007,0.0,scr2011,avaConv,pvOpenspace_b
ee,2,h0008,0.0,scr2011,avaConv,pvOpenspace_b
ee,2,h0009,0.0026247482356942012,scr2011,avaConv,pvOpenspace_b
ee,2,h0010,0.03739104341426738,scr2011,avaConv,pvOpenspace_b
ee,2,h0011,0.09805071092492901,scr2011,avaConv,pvOpenspace_b
ee,2,h0012,0.1639253121670328,scr2011,avaConv,pvOpenspace_b
ee,2,h0013,0.1270951327562098,scr2011,avaConv,pvOpenspace_b
ee,2,h0014,0.06637751004130481,scr2011,avaConv,pvOpenspace_b
ee,2,h0015,0.003514632864075891,scr2011,avaConv,pvOpenspace_b
ee,2,h0016,0.0010182881747460052,scr2011,avaConv,pvOpenspace_b
ee,2,h0017,0.0,scr2011,avaConv,pvOpenspace_b
ee,2,h0018,0.0,scr2011,avaConv,pvOpenspace_b
ee,2,h0019,0.0,scr2011,avaConv,pvOpenspace_b
ee,2,h0020,0.0,scr2011,avaConv,pvOpenspace_b
ee,2,h0021,0.0,scr2011,avaConv,pvOpenspace_b
ee,2,h0022,0.0,scr2011,avaConv,pvOpenspace_b
ee,2,h0023,0.0,scr2011,avaConv,pvOpenspace_b
ee,2,h0024,0.0,scr2011,avaConv,pvOpenspace_b
ee,2,h0025,0.0,scr2011,avaConv,pvOpenspace_b
ee,2,h0026,0.0,scr2011,avaConv,pvOpenspace_b
ee,2,h0027,0.0,scr2011,avaConv,pvOpenspace_b
ee,2,h0028,0.0,scr2011,avaConv,pvOpenspace_b
ee,2,h0029,0.0,scr2011,avaConv,pvOpenspace_b
ee,2,h0030,0.0,scr2011,avaConv,pvOpenspace_b
ee,2,h0031,0.0,scr2011,avaConv,pvOpenspace_b
ee,2,h0032,0.0,scr2011,avaConv,pvOpenspace_b
ee,2,h0033,0.0,scr2011,avaConv,pvOpenspace_b
ee,2,h0034,0.0023480371000491203,scr2011,avaConv,pvOpenspace_b
ee,2,h0035,0.007067892977015586,scr2011,avaConv,pvOpenspace_b
ee,2,h0036,0.012466890189201536,scr2011,avaConv,pvOpenspace_b
ee,2,h0037,0.030784957827313744,scr2011,avaConv,pvOpenspace_b
ee,2,h0038,0.04309092176082453,scr2011,avaConv,pvOpenspace_b
ee,2,h0039,0.037158106001658246,scr2011,avaConv,pvOpenspace_b
ee,2,h0040,0.015648831250889776,scr2011,avaConv,pvOpenspace_b
ee,2,h0041,0.0,scr2011,avaConv,pvOpenspace_b
ee,2,h0042,0.0,scr2011,avaConv,pvOpenspace_b
ee,2,h0043,0.0,scr2011,avaConv,pvOpenspace_b
ee,2,h0044,0.0,scr2011,avaConv,pvOpenspace_b
ee,2,h0045,0.0,scr2011,avaConv,pvOpenspace_b
ee,2,h0046,0.0,scr2011,avaConv,pvOpenspace_b
ee,2,h0047,0.0,scr2011,avaConv,pvOpenspace_b
ee,2,h0048,0.0,scr2011,avaConv,pvOpenspace_b
es,2,h0001,0.0,scr2011,avaConv,pvOpenspace_b
es,2,h0002,0.0,scr2011,avaConv,pvOpenspace_b
es,2,h0003,0.0,scr2011,avaConv,pvOpenspace_b
es,2,h0004,0.0,scr2011,avaConv,pvOpenspace_b
es,2,h0005,0.0,scr2011,avaConv,pvOpenspace_b
es,2,h0006,0.0,scr2011,avaConv,pvOpenspace_b
es,2,h0007,0.0,scr2011,avaConv,pvOpenspace_b
es,2,h0008,0.0,scr2011,avaConv,pvOpenspace_b
es,2,h0009,0.0010922228469752839,scr2011,avaConv,pvOpenspace_b
es,2,h0010,0.013772018498837408,scr2011,avaConv,pvOpenspace_b
es,2,h0011,0.05752801244196523,scr2011,avaConv,pvOpenspace_b
es,2,h0012,0.1370887698162244,scr2011,avaConv,pvOpenspace_b
es,2,h0013,0.15606695744236876,scr2011,avaConv,pvOpenspace_b
es,2,h0014,0.13955327549178712,scr2011,avaConv,pvOpenspace_b
es,2,h0015,0.0934123674149231,scr2011,avaConv,pvOpenspace_b
es,2,h0016,0.07616961230658734,scr2011,avaConv,pvOpenspace_b
es,2,h0017,0.04655315362495674,scr2011,avaConv,pvOpenspace_b
es,2,h0018,0.01662448289624871,scr2011,avaConv,pvOpenspace_b
es,2,h0019,0.002888947909824532,scr2011,avaConv,pvOpenspace_b
es,2,h0020,0.0,scr2011,avaConv,pvOpenspace_b
es,2,h0021,0.0,scr2011,avaConv,pvOpenspace_b
es,2,h0022,0.0,scr2011,avaConv,pvOpenspace_b
es,2,h0023,0.0,scr2011,avaConv,pvOpenspace_b
es,2,h0024,0.0,scr2011,avaConv,pvOpenspace_b
es,2,h0025,0.0,scr2011,avaConv,pvOpenspace_b
es,2,h0026,0.0,scr2011,avaConv,pvOpenspace_b
es,2,h0027,0.0,scr2011,avaConv,pvOpenspace_b
es,2,h0028,0.0,scr2011,avaConv,pvOpenspace_b
es,2,h0029,0.0,scr2011,avaConv,pvOpenspace_b
es,2,h0030,0.0,scr2011,avaConv,pvOpenspace_b
es,2,h0031,0.0,scr2011,avaConv,pvOpenspace_b
es,2,h0032,0.0,scr2011,avaConv,pvOpenspace_b
es,2,h0033,0.002228797556000125,scr2011,avaConv,pvOpenspace_b
es,2,h0034,0.021683230672126904,scr2011,avaConv,pvOpenspace_b
es,2,h0035,0.08171868297882907,scr2011,avaConv,pvOpenspace_b
es,2,h0036,0.18581381249682208,scr2011,avaConv,pvOpenspace_b
es,2,h0037,0.31923732895894835,scr2011,avaConv,pvOpenspace_b
es,2,h0038,0.40618327835106977,scr2011,avaConv,pvOpenspace_b
es,2,h0039,0.4055015947112499,scr2011,avaConv,pvOpenspace_b
es,2,h0040,0.30580324273168513,scr2011,avaConv,pvOpenspace_b
es,2,h0041,0.1831195203061978,scr2011,avaConv,pvOpenspace_b
es,2,h0042,0.07445300953632171,scr2011,avaConv,pvOpenspace_b
es,2,h0043,0.01777962028118106,scr2011,avaConv,pvOpenspace_b
es,2,h0044,0.0008245155133198594,scr2011,avaConv,pvOpenspace_b
es,2,h0045,0.0,scr2011,avaConv,pvOpenspace_b
es,2,h0046,0.0,scr2011,avaConv,pvOpenspace_b
es,2,h0047,0.0,scr2011,avaConv,pvOpenspace_b
es,2,h0048,0.0,scr2011,avaConv,pvOpenspace_b
fi,2,h0001,0.0,scr2011,avaConv,pvOpenspace_b
fi,2,h0002,0.0,scr2011,avaConv,pvOpenspace_b
fi,2,h0003,0.0,scr2011,avaConv,pvOpenspace_b
fi,2,h0004,0.0,scr2011,avaConv,pvOpenspace_b
fi,2,h0005,0.0,scr2011,avaConv,pvOpenspace_b
fi,2,h0006,0.0,scr2011,avaConv,pvOpenspace_b
fi,2,h0007,0.0,scr2011,avaConv,pvOpenspace_b
fi,2,h0008,0.0,scr2011,avaConv,pvOpenspace_b
fi,2,h0009,0.0,scr2011,avaConv,pvOpenspace_b
fi,2,h0010,0.0038791777365443495,scr2011,avaConv,pvOpenspace_b
fi,2,h0011,0.012431695617558837,scr2011,avaConv,pvOpenspace_b
fi,2,h0012,0.019901075992484963,scr2011,avaConv,pvOpenspace_b
fi,2,h0013,0.015483118392000865,scr2011,avaConv,pvOpenspace_b
fi,2,h0014,0.006687749531091666,scr2011,avaConv,pvOpenspace_b
fi,2,h0015,0.00025401367614304664,scr2011,avaConv,pvOpenspace_b
fi,2,h0016,0.0,scr2011,avaConv,pvOpenspace_b
fi,2,h0017,0.0,scr2011,avaConv,pvOpenspace_b
fi,2,h0018,0.0,scr2011,avaConv,pvOpenspace_b
fi,2,h0019,0.0,scr2011,avaConv,pvOpenspace_b
fi,2,h0020,0.0,scr2011,avaConv,pvOpenspace_b
fi,2,h0021,0.0,scr2011,avaConv,pvOpenspace_b
fi,2,h0022,0.0,scr2011,avaConv,pvOpenspace_b
fi,2,h0023,0.0,scr2011,avaConv,pvOpenspace_b
fi,2,h0024,0.0,scr2011,avaConv,pvOpenspace_b
fi,2,h0025,0.0,scr2011,avaConv,pvOpenspace_b
fi,2,h0026,0.0,scr2011,avaConv,pvOpenspace_b
fi,2,h0027,0.0,scr2011,avaConv,pvOpenspace_b
fi,2,h0028,0.0,scr2011,avaConv,pvOpenspace_b
fi,2,h0029,0.0,scr2011,avaConv,pvOpenspace_b
fi,2,h0030,0.0,scr2011,avaConv,pvOpenspace_b
fi,2,h0031,0.0,scr2011,avaConv,pvOpenspace_b
fi,2,h0032,0.0,scr2011,avaConv,pvOpenspace_b
fi,2,h0033,0.0,scr2011,avaConv,pvOpenspace_b
fi,2,h0034,0.0007210538226811503,scr2011,avaConv,pvOpenspace_b
fi,2,h0035,0.0026108331029818014,scr2011,avaConv,pvOpenspace_b
fi,2,h0036,0.004558132558479296,scr2011,avaConv,pvOpenspace_b
fi,2,h0037,0.012267735846351234,scr2011,avaConv,pvOpenspace_b
fi,2,h0038,0.011708054377533738,scr2011,avaConv,pvOpenspace_b
fi,2,h0039,0.009571288024245918,scr2011,avaConv,pvOpenspace_b
fi,2,h0040,0.0012770025371555541,scr2011,avaConv,pvOpenspace_b
fi,2,h0041,0.0,scr2011,avaConv,pvOpenspace_b
fi,2,h0042,0.0,scr2011,avaConv,pvOpenspace_b
fi,2,h0043,0.0,scr2011,avaConv,pvOpenspace_b
fi,2,h0044,0.0,scr2011,avaConv,pvOpenspace_b
fi,2,h0045,0.0,scr2011,avaConv,pvOpenspace_b
fi,2,h0046,0.0,scr2011,avaConv,pvOpenspace_b
fi,2,h0047,0.0,scr2011,avaConv,pvOpenspace_b
fi,2,h0048,0.0,scr2011,avaConv,pvOpenspace_b
fr,2,h0001,0.0,scr2011,avaConv,pvOpenspace_b
fr,2,h0002,0.0,scr2011,avaConv,pvOpenspace_b
fr,2,h0003,0.0,scr2011,avaConv,pvOpenspace_b
fr,2,h0004,0.0,scr2011,avaConv,pvOpenspace_b
fr,2,h0005,0.0,scr2011,avaConv,pvOpenspace_b
fr,2,h0006,0.0,scr2011,avaConv,pvOpenspace_b
fr,2,h0007,0.0,scr2011,avaConv,pvOpenspace_b
fr,2,h0008,0.0,scr2011,avaConv,pvOpenspace_b
fr,2,h0009,0.00444149091197277,scr2011,avaConv,pvOpenspace_b
fr,2,h0010,0.0389730031298816,scr2011,avaConv,pvOpenspace_b
fr,2,h0011,0.1106260721037151,scr2011,avaConv,pvOpenspace_b
fr,2,h0012,0.2043205900136461,scr2011,avaConv,pvOpenspace_b
fr,2,h0013,0.21162050890040496,scr2011,avaConv,pvOpenspace_b
fr,2,h0014,0.17849777624245136,scr2011,avaConv,pvOpenspace_b
fr,2,h0015,0.11205487286429446,scr2011,avaConv,pvOpenspace_b
fr,2,h0016,0.08043167221683975,scr2011,avaConv,pvOpenspace_b
fr,2,h0017,0.04151643272631941,scr2011,avaConv,pvOpenspace_b
fr,2,h0018,0.013868747273220274,scr2011,avaConv,pvOpenspace_b
fr,2,h0019,0.0014287309177989653,scr2011,avaConv,pvOpenspace_b
fr,2,h0020,0.0,scr2011,avaConv,pvOpenspace_b
fr,2,h0021,0.0,scr2011,avaConv,pvOpenspace_b
fr,2,h0022,0.0,scr2011,avaConv,pvOpenspace_b
fr,2,h0023,0.0,scr2011,avaConv,pvOpenspace_b
fr,2,h0024,0.0,scr2011,avaConv,pvOpenspace_b
fr,2,h0025,0.0,scr2011,avaConv,pvOpenspace_b
fr,2,h0026,0.0,scr2011,avaConv,pvOpenspace_b
fr,2,h0027,0.0,scr2011,avaConv,pvOpenspace_b
fr,2,h0028,0.0,scr2011,avaConv,pvOpenspace_b
fr,2,h0029,0.0,scr2011,avaConv,pvOpenspace_b
fr,2,h0030,0.0,scr2011,avaConv,pvOpenspace_b
fr,2,h0031,0.0,scr2011,avaConv,pvOpenspace_b
fr,2,h0032,0.0,scr2011,avaConv,pvOpenspace_b
fr,2,h0033,0.011061093061381795,scr2011,avaConv,pvOpenspace_b
fr,2,h0034,0.05301272288023602,scr2011,avaConv,pvOpenspace_b
fr,2,h0035,0.1311857896424884,scr2011,avaConv,pvOpenspace_b
fr,2,h0036,0.22221337129691895,scr2011,avaConv,pvOpenspace_b
fr,2,h0037,0.31481632277777766,scr2011,avaConv,pvOpenspace_b
fr,2,h0038,0.36998836642426214,scr2011,avaConv,pvOpenspace_b
fr,2,h0039,0.3772468500046774,scr2011,avaConv,pvOpenspace_b
fr,2,h0040,0.3062684843232149,scr2011,avaConv,pvOpenspace_b
fr,2,h0041,0.19548577686183893,scr2011,avaConv,pvOpenspace_b
fr,2,h0042,0.0835835792917437,scr2011,avaConv,pvOpenspace_b
fr,2,h0043,0.01981557091026341,scr2011,avaConv,pvOpenspace_b
fr,2,h0044,0.0,scr2011,avaConv,pvOpenspace_b
fr,2,h0045,0.0,scr2011,avaConv,pvOpenspace_b
fr,2,h0046,0.0,scr2011,avaConv,pvOpenspace_b
fr,2,h0047,0.0,scr2011,avaConv,pvOpenspace_b
fr,2,h0048,0.0,scr2011,avaConv,pvOpenspace_b
fr_co,2,h0001,0.0,scr2011,avaConv,pvOpenspace_b
fr_co,2,h0002,0.0,scr2011,avaConv,pvOpenspace_b
fr_co,2,h0003,0.0,scr2011,avaConv,pvOpenspace_b
fr_co,2,h0004,0.0,scr2011,avaConv,pvOpenspace_b
fr_co,2,h0005,0.0,scr2011,avaConv,pvOpenspace_b
fr_co,2,h0006,0.0,scr2011,avaConv,pvOpenspace_b
fr_co,2,h0007,0.0,scr2011,avaConv,pvOpenspace_b
fr_co,2,h0008,0.0,scr2011,avaConv,pvOpenspace_b
fr_co,2,h0009,0.006911221535744091,scr2011,avaConv,pvOpenspace_b
fr_co,2,h0010,0.02665793293437812,scr2011,avaConv,pvOpenspace_b
fr_co,2,h0011,0.06518623391199528,scr2011,avaConv,pvOpenspace_b
fr_co,2,h0012,0.10528771429731197,scr2011,avaConv,pvOpenspace_b
fr_co,2,h0013,0.20481606081381068,scr2011,avaConv,pvOpenspace_b
fr_co,2,h0014,0.2784217282015798,scr2011,avaConv,pvOpenspace_b
fr_co,2,h0015,0.3078875555112455,scr2011,avaConv,pvOpenspace_b
fr_co,2,h0016,0.21281973343889776,scr2011,avaConv,pvOpenspace_b
fr_co,2,h0017,0.09717710008380237,scr2011,avaConv,pvOpenspace_b
fr_co,2,h0018,0.025548821930227606,scr2011,avaConv,pvOpenspace_b
fr_co,2,h0019,0.0,scr2011,avaConv,pvOpenspace_b
fr_co,2,h0020,0.0,scr2011,avaConv,pvOpenspace_b
fr_co,2,h0021,0.0,scr2011,avaConv,pvOpenspace_b
fr_co,2,h0022,0.0,scr2011,avaConv,pvOpenspace_b
fr_co,2,h0023,0.0,scr2011,avaConv,pvOpenspace_b
fr_co,2,h0024,0.0,scr2011,avaConv,pvOpenspace_b
fr_co,2,h0025,0.0,scr2011,avaConv,pvOpenspace_b
fr_co,2,h0026,0.0,scr2011,avaConv,pvOpenspace_b
fr_co,2,h0027,0.0,scr2011,avaConv,pvOpenspace_b
fr_co,2,h0028,0.0,scr2011,avaConv,pvOpenspace_b
fr_co,2,h0029,0.0,scr2011,avaConv,pvOpenspace_b
fr_co,2,h0030,0.0,scr2011,avaConv,pvOpenspace_b
fr_co,2,h0031,0.0,scr2011,avaConv,pvOpenspace_b
fr_co,2,h0032,0.0,scr2011,avaConv,pvOpenspace_b
fr_co,2,h0033,0.01693910071955823,scr2011,avaConv,pvOpenspace_b
fr_co,2,h0034,0.06551643730898322,scr2011,avaConv,pvOpenspace_b
fr_co,2,h0035,0.14470114407087564,scr2011,avaConv,pvOpenspace_b
fr_co,2,h0036,0.21222432887721746,scr2011,avaConv,pvOpenspace_b
fr_co,2,h0037,0.2342295038247099,scr2011,avaConv,pvOpenspace_b
fr_co,2,h0038,0.22047333566802219,scr2011,avaConv,pvOpenspace_b
fr_co,2,h0039,0.17927811983699557,scr2011,avaConv,pvOpenspace_b
fr_co,2,h0040,0.12580173402370073,scr2011,avaConv,pvOpenspace_b
fr_co,2,h0041,0.060472809494473936,scr2011,avaConv,pvOpenspace_b
fr_co,2,h0042,0.0164765042222573,scr2011,avaConv,pvOpenspace_b
fr_co,2,h0043,0.00014067484120489735,scr2011,avaConv,pvOpenspace_b
fr_co,2,h0044,0.0,scr2011,avaConv,pvOpenspace_b
fr_co,2,h0045,0.0,scr2011,avaConv,pvOpenspace_b
fr_co,2,h0046,0.0,scr2011,avaConv,pvOpenspace_b
fr_co,2,h0047,0.0,scr2011,avaConv,pvOpenspace_b
fr_co,2,h0048,0.0,scr2011,avaConv,pvOpenspace_b
gr,2,h0001,0.0,scr2011,avaConv,pvOpenspace_b
gr,2,h0002,0.0,scr2011,avaConv,pvOpenspace_b
gr,2,h0003,0.0,scr2011,avaConv,pvOpenspace_b
gr,2,h0004,0.0,scr2011,avaConv,pvOpenspace_b
gr,2,h0005,0.0,scr2011,avaConv,pvOpenspace_b
gr,2,h0006,0.0,scr2011,avaConv,pvOpenspace_b
gr,2,h0007,0.0,scr2011,avaConv,pvOpenspace_b
gr,2,h0008,0.01614296626989697,scr2011,avaConv,pvOpenspace_b
gr,2,h0009,0.05542310629332523,scr2011,avaConv,pvOpenspace_b
gr,2,h0010,0.11808645362223721,scr2011,avaConv,pvOpenspace_b
gr,2,h0011,0.17323480478617842,scr2011,avaConv,pvOpenspace_b
gr,2,h0012,0.2042212099682588,scr2011,avaConv,pvOpenspace_b
gr,2,h0013,0.2555265392855092,scr2011,avaConv,pvOpenspace_b
gr,2,h0014,0.2641802422415433,scr2011,avaConv,pvOpenspace_b
gr,2,h0015,0.23783332566609444,scr2011,avaConv,pvOpenspace_b
gr,2,h0016,0.1279546330555137,scr2011,avaConv,pvOpenspace_b
gr,2,h0017,0.04699454694670725,scr2011,avaConv,pvOpenspace_b
gr,2,h0018,0.004857061963586323,scr2011,avaConv,pvOpenspace_b
gr,2,h0019,0.0,scr2011,avaConv,pvOpenspace_b
gr,2,h0020,0.0,scr2011,avaConv,pvOpenspace_b
gr,2,h0021,0.0,scr2011,avaConv,pvOpenspace_b
gr,2,h0022,0.0,scr2011,avaConv,pvOpenspace_b
gr,2,h0023,0.0,scr2011,avaConv,pvOpenspace_b
gr,2,h0024,0.0,scr2011,avaConv,pvOpenspace_b
gr,2,h0025,0.0,scr2011,avaConv,pvOpenspace_b
gr,2,h0026,0.0,scr2011,avaConv,pvOpenspace_b
gr,2,h0027,0.0,scr2011,avaConv,pvOpenspace_b
gr,2,h0028,0.0,scr2011,avaConv,pvOpenspace_b
gr,2,h0029,0.0,scr2011,avaConv,pvOpenspace_b
gr,2,h0030,0.0,scr2011,avaConv,pvOpenspace_b
gr,2,h0031,0.00012580444651459337,scr2011,avaConv,pvOpenspace_b
gr,2,h0032,0.04429996764131272,scr2011,avaConv,pvOpenspace_b
gr,2,h0033,0.13885678271190002,scr2011,avaConv,pvOpenspace_b
gr,2,h0034,0.27354334314520645,scr2011,avaConv,pvOpenspace_b
gr,2,h0035,0.3751512194290442,scr2011,avaConv,pvOpenspace_b
gr,2,h0036,0.4340079700389318,scr2011,avaConv,pvOpenspace_b
gr,2,h0037,0.39257296170610056,scr2011,avaConv,pvOpenspace_b
gr,2,h0038,0.30521435763983196,scr2011,avaConv,pvOpenspace_b
gr,2,h0039,0.18435945373435286,scr2011,avaConv,pvOpenspace_b
gr,2,h0040,0.10261993309455167,scr2011,avaConv,pvOpenspace_b
gr,2,h0041,0.03916666151665271,scr2011,avaConv,pvOpenspace_b
gr,2,h0042,0.00783088745442283,scr2011,avaConv,pvOpenspace_b
gr,2,h0043,0.0,scr2011,avaConv,pvOpenspace_b
gr,2,h0044,0.0,scr2011,avaConv,pvOpenspace_b
gr,2,h0045,0.0,scr2011,avaConv,pvOpenspace_b
gr,2,h0046,0.0,scr2011,avaConv,pvOpenspace_b
gr,2,h0047,0.0,scr2011,avaConv,pvOpenspace_b
gr,2,h0048,0.0,scr2011,avaConv,pvOpenspace_b
hr,2,h0001,0.0,scr2011,avaConv,pvOpenspace_b
hr,2,h0002,0.0,scr2011,avaConv,pvOpenspace_b
hr,2,h0003,0.0,scr2011,avaConv,pvOpenspace_b
hr,2,h0004,0.0,scr2011,avaConv,pvOpenspace_b
hr,2,h0005,0.0,scr2011,avaConv,pvOpenspace_b
hr,2,h0006,0.0,scr2011,avaConv,pvOpenspace_b
hr,2,h0007,0.0,scr2011,avaConv,pvOpenspace_b
hr,2,h0008,0.005938734451582344,scr2011,avaConv,pvOpenspace_b
hr,2,h0009,0.04316909141066699,scr2011,avaConv,pvOpenspace_b
hr,2,h0010,0.1317112202617574,scr2011,avaConv,pvOpenspace_b
hr,2,h0011,0.25136957125868054,scr2011,avaConv,pvOpenspace_b
hr,2,h0012,0.3423178697576902,scr2011,avaConv,pvOpenspace_b
hr,2,h0013,0.29718322482455417,scr2011,avaConv,pvOpenspace_b
hr,2,h0014,0.20896043529332195,scr2011,avaConv,pvOpenspace_b
hr,2,h0015,0.10037082786507867,scr2011,avaConv,pvOpenspace_b
hr,2,h0016,0.046754880592106814,scr2011,avaConv,pvOpenspace_b
hr,2,h0017,0.011993933851551125,scr2011,avaConv,pvOpenspace_b
hr,2,h0018,8.325476896120474e-5,scr2011,avaConv,pvOpenspace_b
hr,2,h0019,0.0,scr2011,avaConv,pvOpenspace_b
hr,2,h0020,0.0,scr2011,avaConv,pvOpenspace_b
hr,2,h0021,0.0,scr2011,avaConv,pvOpenspace_b
hr,2,h0022,0.0,scr2011,avaConv,pvOpenspace_b
hr,2,h0023,0.0,scr2011,avaConv,pvOpenspace_b
hr,2,h0024,0.0,scr2011,avaConv,pvOpenspace_b
hr,2,h0025,0.0,scr2011,avaConv,pvOpenspace_b
hr,2,h0026,0.0,scr2011,avaConv,pvOpenspace_b
hr,2,h0027,0.0,scr2011,avaConv,pvOpenspace_b
hr,2,h0028,0.0,scr2011,avaConv,pvOpenspace_b
hr,2,h0029,0.0,scr2011,avaConv,pvOpenspace_b
hr,2,h0030,0.0,scr2011,avaConv,pvOpenspace_b
hr,2,h0031,0.0,scr2011,avaConv,pvOpenspace_b
hr,2,h0032,0.011945711836375316,scr2011,avaConv,pvOpenspace_b
hr,2,h0033,0.07022974350806058,scr2011,avaConv,pvOpenspace_b
hr,2,h0034,0.19491117771906916,scr2011,avaConv,pvOpenspace_b
hr,2,h0035,0.3427163465879426,scr2011,avaConv,pvOpenspace_b
hr,2,h0036,0.4510813560349428,scr2011,avaConv,pvOpenspace_b
hr,2,h0037,0.32614628885694097,scr2011,avaConv,pvOpenspace_b
hr,2,h0038,0.17318807561687227,scr2011,avaConv,pvOpenspace_b
hr,2,h0039,0.03514455961399886,scr2011,avaConv,pvOpenspace_b
hr,2,h0040,0.017459158875154826,scr2011,avaConv,pvOpenspace_b
hr,2,h0041,0.005708856124593989,scr2011,avaConv,pvOpenspace_b
hr,2,h0042,0.0007737119784689031,scr2011,avaConv,pvOpenspace_b
hr,2,h0043,0.0,scr2011,avaConv,pvOpenspace_b
hr,2,h0044,0.0,scr2011,avaConv,pvOpenspace_b
hr,2,h0045,0.0,scr2011,avaConv,pvOpenspace_b
hr,2,h0046,0.0,scr2011,avaConv,pvOpenspace_b
hr,2,h0047,0.0,scr2011,avaConv,pvOpenspace_b
hr,2,h0048,0.0,scr2011,avaConv,pvOpenspace_b
hu,2,h0001,0.0,scr2011,avaConv,pvOpenspace_b
hu,2,h0002,0.0,scr2011,avaConv,pvOpenspace_b
hu,2,h0003,0.0,scr2011,avaConv,pvOpenspace_b
hu,2,h0004,0.0,scr2011,avaConv,pvOpenspace_b
hu,2,h0005,0.0,scr2011,avaConv,pvOpenspace_b
hu,2,h0006,0.0,scr2011,avaConv,pvOpenspace_b
hu,2,h0007,0.0,scr2011,avaConv,pvOpenspace_b
hu,2,h0008,0.0009533034614569618,scr2011,avaConv,pvOpenspace_b
hu,2,h0009,0.013506119093063568,scr2011,avaConv,pvOpenspace_b
hu,2,h0010,0.041190427588115225,scr2011,avaConv,pvOpenspace_b
hu,2,h0011,0.08370207306445362,scr2011,avaConv,pvOpenspace_b
hu,2,h0012,0.12000332603573594,scr2011,avaConv,pvOpenspace_b
hu,2,h0013,0.15302881335032523,scr2011,avaConv,pvOpenspace_b
hu,2,h0014,0.1509414856414988,scr2011,avaConv,pvOpenspace_b
hu,2,h0015,0.11431608430704059,scr2011,avaConv,pvOpenspace_b
hu,2,h0016,0.0501791877085652,scr2011,avaConv,pvOpenspace_b
hu,2,h0017,0.012573982445838303,scr2011,avaConv,pvOpenspace_b
hu,2,h0018,0.0,scr2011,avaConv,pvOpenspace_b
hu,2,h0019,0.0,scr2011,avaConv,pvOpenspace_b
hu,2,h0020,0.0,scr2011,avaConv,pvOpenspace_b
hu,2,h0021,0.0,scr2011,avaConv,pvOpenspace_b
hu,2,h0022,0.0,scr2011,avaConv,pvOpenspace_b
hu,2,h0023,0.0,scr2011,avaConv,pvOpenspace_b
hu,2,h0024,0.0,scr2011,avaConv,pvOpenspace_b
hu,2,h0025,0.0,scr2011,avaConv,pvOpenspace_b
hu,2,h0026,0.0,scr2011,avaConv,pvOpenspace_b
hu,2,h0027,0.0,scr2011,avaConv,pvOpenspace_b
hu,2,h0028,0.0,scr2011,avaConv,pvOpenspace_b
hu,2,h0029,0.0,scr2011,avaConv,pvOpenspace_b
hu,2,h0030,0.0,scr2011,avaConv,pvOpenspace_b
hu,2,h0031,0.0,scr2011,avaConv,pvOpenspace_b
hu,2,h0032,0.020913943600549344,scr2011,avaConv,pvOpenspace_b
hu,2,h0033,0.09795686867565166,scr2011,avaConv,pvOpenspace_b
hu,2,h0034,0.2450518369820647,scr2011,avaConv,pvOpenspace_b
hu,2,h0035,0.40070973304090335,scr2011,avaConv,pvOpenspace_b
hu,2,h0036,0.5077025520726932,scr2011,avaConv,pvOpenspace_b
hu,2,h0037,0.37013122714508784,scr2011,avaConv,pvOpenspace_b
hu,2,h0038,0.19927063142503945,scr2011,avaConv,pvOpenspace_b
hu,2,h0039,0.038992129612603794,scr2011,avaConv,pvOpenspace_b
hu,2,h0040,0.01598622773323756,scr2011,avaConv,pvOpenspace_b
hu,2,h0041,0.0038555615550728583,scr2011,avaConv,pvOpenspace_b
hu,2,h0042,0.0,scr2011,avaConv,pvOpenspace_b
hu,2,h0043,0.0,scr2011,avaConv,pvOpenspace_b
hu,2,h0044,0.0,scr2011,avaConv,pvOpenspace_b
hu,2,h0045,0.0,scr2011,avaConv,pvOpenspace_b
hu,2,h0046,0.0,scr2011,avaConv,pvOpenspace_b
hu,2,h0047,0.0,scr2011,avaConv,pvOpenspace_b
hu,2,h0048,0.0,scr2011,avaConv,pvOpenspace_b
ie,2,h0001,0.0,scr2011,avaConv,pvOpenspace_b
ie,2,h0002,0.0,scr2011,avaConv,pvOpenspace_b
ie,2,h0003,0.0,scr2011,avaConv,pvOpenspace_b
ie,2,h0004,0.0,scr2011,avaConv,pvOpenspace_b
ie,2,h0005,0.0,scr2011,avaConv,pvOpenspace_b
ie,2,h0006,0.0,scr2011,avaConv,pvOpenspace_b
ie,2,h0007,0.0,scr2011,avaConv,pvOpenspace_b
ie,2,h0008,0.0,scr2011,avaConv,pvOpenspace_b
ie,2,h0009,0.0,scr2011,avaConv,pvOpenspace_b
ie,2,h0010,0.0,scr2011,avaConv,pvOpenspace_b
ie,2,h0011,0.01729728889124521,scr2011,avaConv,pvOpenspace_b
ie,2,h0012,0.05273796950770458,scr2011,avaConv,pvOpenspace_b
ie,2,h0013,0.08754014381920262,scr2011,avaConv,pvOpenspace_b
ie,2,h0014,0.08939231266303913,scr2011,avaConv,pvOpenspace_b
ie,2,h0015,0.061454545322748966,scr2011,avaConv,pvOpenspace_b
ie,2,h0016,0.03040678114126928,scr2011,avaConv,pvOpenspace_b
ie,2,h0017,0.010241167797482601,scr2011,avaConv,pvOpenspace_b
ie,2,h0018,0.0023084739041384097,scr2011,avaConv,pvOpenspace_b
ie,2,h0019,0.0,scr2011,avaConv,pvOpenspace_b
ie,2,h0020,0.0,scr2011,avaConv,pvOpenspace_b
ie,2,h0021,0.0,scr2011,avaConv,pvOpenspace_b
ie,2,h0022,0.0,scr2011,avaConv,pvOpenspace_b
ie,2,h0023,0.0,scr2011,avaConv,pvOpenspace_b
ie,2,h0024,0.0,scr2011,avaConv,pvOpenspace_b
ie,2,h0025,0.0,scr2011,avaConv,pvOpenspace_b
ie,2,h0026,0.0,scr2011,avaConv,pvOpenspace_b
ie,2,h0027,0.0,scr2011,avaConv,pvOpenspace_b
ie,2,h0028,0.0,scr2011,avaConv,pvOpenspace_b
ie,2,h0029,0.0,scr2011,avaConv,pvOpenspace_b
ie,2,h0030,0.0,scr2011,avaConv,pvOpenspace_b
ie,2,h0031,0.0,scr2011,avaConv,pvOpenspace_b
ie,2,h0032,0.0,scr2011,avaConv,pvOpenspace_b
ie,2,h0033,0.0,scr2011,avaConv,pvOpenspace_b
ie,2,h0034,0.0,scr2011,avaConv,pvOpenspace_b
ie,2,h0035,0.025092249174975604,scr2011,avaConv,pvOpenspace_b
ie,2,h0036,0.07041898416882707,scr2011,avaConv,pvOpenspace_b
ie,2,h0037,0.16055311665033217,scr2011,avaConv,pvOpenspace_b
ie,2,h0038,0.23329885852799406,scr2011,avaConv,pvOpenspace_b
ie,2,h0039,0.27313997128884215,scr2011,avaConv,pvOpenspace_b
ie,2,h0040,0.23855893326966168,scr2011,avaConv,pvOpenspace_b
ie,2,h0041,0.16344597471098177,scr2011,avaConv,pvOpenspace_b
ie,2,h0042,0.07746751389885728,scr2011,avaConv,pvOpenspace_b
ie,2,h0043,0.02307011606514746,scr2011,avaConv,pvOpenspace_b
ie,2,h0044,0.0,scr2011,avaConv,pvOpenspace_b
ie,2,h0045,0.0,scr2011,avaConv,pvOpenspace_b
ie,2,h0046,0.0,scr2011,avaConv,pvOpenspace_b
ie,2,h0047,0.0,scr2011,avaConv,pvOpenspace_b
ie,2,h0048,0.0,scr2011,avaConv,pvOpenspace_b
it_s,2,h0001,0.0,scr2011,avaConv,pvOpenspace_b
it_s,2,h0002,0.0,scr2011,avaConv,pvOpenspace_b
it_s,2,h0003,0.0,scr2011,avaConv,pvOpenspace_b
it_s,2,h0004,0.0,scr2011,avaConv,pvOpenspace_b
it_s,2,h0005,0.0,scr2011,avaConv,pvOpenspace_b
it_s,2,h0006,0.0,scr2011,avaConv,pvOpenspace_b
it_s,2,h0007,0.0,scr2011,avaConv,pvOpenspace_b
it_s,2,h0008,0.015740705739344756,scr2011,avaConv,pvOpenspace_b
it_s,2,h0009,0.0782502850608947,scr2011,avaConv,pvOpenspace_b
it_s,2,h0010,0.19964580336805482,scr2011,avaConv,pvOpenspace_b
it_s,2,h0011,0.32325450277974055,scr2011,avaConv,pvOpenspace_b
it_s,2,h0012,0.3904516889894403,scr2011,avaConv,pvOpenspace_b
it_s,2,h0013,0.44103759770812984,scr2011,avaConv,pvOpenspace_b
it_s,2,h0014,0.4357829831231857,scr2011,avaConv,pvOpenspace_b
it_s,2,h0015,0.3760939565588188,scr2011,avaConv,pvOpenspace_b
it_s,2,h0016,0.2261020449841767,scr2011,avaConv,pvOpenspace_b
it_s,2,h0017,0.08821544506683292,scr2011,avaConv,pvOpenspace_b
it_s,2,h0018,0.01807194776461237,scr2011,avaConv,pvOpenspace_b
it_s,2,h0019,0.0,scr2011,avaConv,pvOpenspace_b
it_s,2,h0020,0.0,scr2011,avaConv,pvOpenspace_b
it_s,2,h0021,0.0,scr2011,avaConv,pvOpenspace_b
it_s,2,h0022,0.0,scr2011,avaConv,pvOpenspace_b
it_s,2,h0023,0.0,scr2011,avaConv,pvOpenspace_b
it_s,2,h0024,0.0,scr2011,avaConv,pvOpenspace_b
it_s,2,h0025,0.0,scr2011,avaConv,pvOpenspace_b
it_s,2,h0026,0.0,scr2011,avaConv,pvOpenspace_b
it_s,2,h0027,0.0,scr2011,avaConv,pvOpenspace_b
it_s,2,h0028,0.0,scr2011,avaConv,pvOpenspace_b
it_s,2,h0029,0.0,scr2011,avaConv,pvOpenspace_b
it_s,2,h0030,0.0,scr2011,avaConv,pvOpenspace_b
it_s,2,h0031,0.0,scr2011,avaConv,pvOpenspace_b
it_s,2,h0032,0.022372714861622105,scr2011,avaConv,pvOpenspace_b
it_s,2,h0033,0.10464531846190167,scr2011,avaConv,pvOpenspace_b
it_s,2,h0034,0.25868044432188,scr2011,avaConv,pvOpenspace_b
it_s,2,h0035,0.4203885622295449,scr2011,avaConv,pvOpenspace_b
it_s,2,h0036,0.5277930136001288,scr2011,avaConv,pvOpenspace_b
it_s,2,h0037,0.4657357677790487,scr2011,avaConv,pvOpenspace_b
it_s,2,h0038,0.33458758419039414,scr2011,avaConv,pvOpenspace_b
it_s,2,h0039,0.17040482129568724,scr2011,avaConv,pvOpenspace_b
it_s,2,h0040,0.08490961420676735,scr2011,avaConv,pvOpenspace_b
it_s,2,h0041,0.0273443964316271,scr2011,avaConv,pvOpenspace_b
it_s,2,h0042,0.004663954588964143,scr2011,avaConv,pvOpenspace_b
it_s,2,h0043,0.0,scr2011,avaConv,pvOpenspace_b
it_s,2,h0044,0.0,scr2011,avaConv,pvOpenspace_b
it_s,2,h0045,0.0,scr2011,avaConv,pvOpenspace_b
it_s,2,h0046,0.0,scr2011,avaConv,pvOpenspace_b
it_s,2,h0047,0.0,scr2011,avaConv,pvOpenspace_b
it_s,2,h0048,0.0,scr2011,avaConv,pvOpenspace_b
it_cn,2,h0001,0.0,scr2011,avaConv,pvOpenspace_b
it_cn,2,h0002,0.0,scr2011,avaConv,pvOpenspace_b
it_cn,2,h0003,0.0,scr2011,avaConv,pvOpenspace_b
it_cn,2,h0004,0.0,scr2011,avaConv,pvOpenspace_b
it_cn,2,h0005,0.0,scr2011,avaConv,pvOpenspace_b
it_cn,2,h0006,0.0,scr2011,avaConv,pvOpenspace_b
it_cn,2,h0007,0.0,scr2011,avaConv,pvOpenspace_b
it_cn,2,h0008,0.0,scr2011,avaConv,pvOpenspace_b
it_cn,2,h0009,0.02194770999453536,scr2011,avaConv,pvOpenspace_b
it_cn,2,h0010,0.07501506914106754,scr2011,avaConv,pvOpenspace_b
it_cn,2,h0011,0.1536251141463119,scr2011,avaConv,pvOpenspace_b
it_cn,2,h0012,0.2048664186326693,scr2011,avaConv,pvOpenspace_b
it_cn,2,h0013,0.19741997214255647,scr2011,avaConv,pvOpenspace_b
it_cn,2,h0014,0.156728476567477,scr2011,avaConv,pvOpenspace_b
it_cn,2,h0015,0.09653304552897006,scr2011,avaConv,pvOpenspace_b
it_cn,2,h0016,0.053371491419126726,scr2011,avaConv,pvOpenspace_b
it_cn,2,h0017,0.02009671929352124,scr2011,avaConv,pvOpenspace_b
it_cn,2,h0018,0.004168250254088006,scr2011,avaConv,pvOpenspace_b
it_cn,2,h0019,0.0,scr2011,avaConv,pvOpenspace_b
it_cn,2,h0020,0.0,scr2011,avaConv,pvOpenspace_b
it_cn,2,h0021,0.0,scr2011,avaConv,pvOpenspace_b
it_cn,2,h0022,0.0,scr2011,avaConv,pvOpenspace_b
it_cn,2,h0023,0.0,scr2011,avaConv,pvOpenspace_b
it_cn,2,h0024,0.0,scr2011,avaConv,pvOpenspace_b
it_cn,2,h0025,0.0,scr2011,avaConv,pvOpenspace_b
it_cn,2,h0026,0.0,scr2011,avaConv,pvOpenspace_b
it_cn,2,h0027,0.0,scr2011,avaConv,pvOpenspace_b
it_cn,2,h0028,0.0,scr2011,avaConv,pvOpenspace_b
it_cn,2,h0029,0.0,scr2011,avaConv,pvOpenspace_b
it_cn,2,h0030,0.0,scr2011,avaConv,pvOpenspace_b
it_cn,2,h0031,0.0,scr2011,avaConv,pvOpenspace_b
it_cn,2,h0032,0.0004699542729342291,scr2011,avaConv,pvOpenspace_b
it_cn,2,h0033,0.04157979509098613,scr2011,avaConv,pvOpenspace_b
it_cn,2,h0034,0.13806731480585993,scr2011,avaConv,pvOpenspace_b
it_cn,2,h0035,0.27549469331994786,scr2011,avaConv,pvOpenspace_b
it_cn,2,h0036,0.3754593242876361,scr2011,avaConv,pvOpenspace_b
it_cn,2,h0037,0.35377689796433054,scr2011,avaConv,pvOpenspace_b
it_cn,2,h0038,0.28999744630288743,scr2011,avaConv,pvOpenspace_b
it_cn,2,h0039,0.1861260886073775,scr2011,avaConv,pvOpenspace_b
it_cn,2,h0040,0.12667352025040152,scr2011,avaConv,pvOpenspace_b
it_cn,2,h0041,0.05735035517091974,scr2011,avaConv,pvOpenspace_b
it_cn,2,h0042,0.016093911362116624,scr2011,avaConv,pvOpenspace_b
it_cn,2,h0043,0.0,scr2011,avaConv,pvOpenspace_b
it_cn,2,h0044,0.0,scr2011,avaConv,pvOpenspace_b
it_cn,2,h0045,0.0,scr2011,avaConv,pvOpenspace_b
it_cn,2,h0046,0.0,scr2011,avaConv,pvOpenspace_b
it_cn,2,h0047,0.0,scr2011,avaConv,pvOpenspace_b
it_cn,2,h0048,0.0,scr2011,avaConv,pvOpenspace_b
it_cs,2,h0001,0.0,scr2011,avaConv,pvOpenspace_b
it_cs,2,h0002,0.0,scr2011,avaConv,pvOpenspace_b
it_cs,2,h0003,0.0,scr2011,avaConv,pvOpenspace_b
it_cs,2,h0004,0.0,scr2011,avaConv,pvOpenspace_b
it_cs,2,h0005,0.0,scr2011,avaConv,pvOpenspace_b
it_cs,2,h0006,0.0,scr2011,avaConv,pvOpenspace_b
it_cs,2,h0007,0.0,scr2011,avaConv,pvOpenspace_b
it_cs,2,h0008,0.005434873058440576,scr2011,avaConv,pvOpenspace_b
it_cs,2,h0009,0.03650768885742873,scr2011,avaConv,pvOpenspace_b
it_cs,2,h0010,0.09546306909512768,scr2011,avaConv,pvOpenspace_b
it_cs,2,h0011,0.1584765657049931,scr2011,avaConv,pvOpenspace_b
it_cs,2,h0012,0.19311169129297648,scr2011,avaConv,pvOpenspace_b
it_cs,2,h0013,0.23588201720819818,scr2011,avaConv,pvOpenspace_b
it_cs,2,h0014,0.24799276024584008,scr2011,avaConv,pvOpenspace_b
it_cs,2,h0015,0.224818535168484,scr2011,avaConv,pvOpenspace_b
it_cs,2,h0016,0.14019044357693064,scr2011,avaConv,pvOpenspace_b
it_cs,2,h0017,0.059674270025821395,scr2011,avaConv,pvOpenspace_b
it_cs,2,h0018,0.016152650652328276,scr2011,avaConv,pvOpenspace_b
it_cs,2,h0019,0.0,scr2011,avaConv,pvOpenspace_b
it_cs,2,h0020,0.0,scr2011,avaConv,pvOpenspace_b
it_cs,2,h0021,0.0,scr2011,avaConv,pvOpenspace_b
it_cs,2,h0022,0.0,scr2011,avaConv,pvOpenspace_b
it_cs,2,h0023,0.0,scr2011,avaConv,pvOpenspace_b
it_cs,2,h0024,0.0,scr2011,avaConv,pvOpenspace_b
it_cs,2,h0025,0.0,scr2011,avaConv,pvOpenspace_b
it_cs,2,h0026,0.0,scr2011,avaConv,pvOpenspace_b
it_cs,2,h0027,0.0,scr2011,avaConv,pvOpenspace_b
it_cs,2,h0028,0.0,scr2011,avaConv,pvOpenspace_b
it_cs,2,h0029,0.0,scr2011,avaConv,pvOpenspace_b
it_cs,2,h0030,0.0,scr2011,avaConv,pvOpenspace_b
it_cs,2,h0031,0.0,scr2011,avaConv,pvOpenspace_b
it_cs,2,h0032,0.01705620444735469,scr2011,avaConv,pvOpenspace_b
it_cs,2,h0033,0.09024398780002398,scr2011,avaConv,pvOpenspace_b
it_cs,2,h0034,0.2213555100037184,scr2011,avaConv,pvOpenspace_b
it_cs,2,h0035,0.36452554230764883,scr2011,avaConv,pvOpenspace_b
it_cs,2,h0036,0.4596831118096005,scr2011,avaConv,pvOpenspace_b
it_cs,2,h0037,0.3706577041355076,scr2011,avaConv,pvOpenspace_b
it_cs,2,h0038,0.24470266475437025,scr2011,avaConv,pvOpenspace_b
it_cs,2,h0039,0.10436509054273704,scr2011,avaConv,pvOpenspace_b
it_cs,2,h0040,0.07091521940169257,scr2011,avaConv,pvOpenspace_b
it_cs,2,h0041,0.03465759330320894,scr2011,avaConv,pvOpenspace_b
it_cs,2,h0042,0.010582030352784377,scr2011,avaConv,pvOpenspace_b
it_cs,2,h0043,0.0,scr2011,avaConv,pvOpenspace_b
it_cs,2,h0044,0.0,scr2011,avaConv,pvOpenspace_b
it_cs,2,h0045,0.0,scr2011,avaConv,pvOpenspace_b
it_cs,2,h0046,0.0,scr2011,avaConv,pvOpenspace_b
it_cs,2,h0047,0.0,scr2011,avaConv,pvOpenspace_b
it_cs,2,h0048,0.0,scr2011,avaConv,pvOpenspace_b
it_n,2,h0001,0.0,scr2011,avaConv,pvOpenspace_b
it_n,2,h0002,0.0,scr2011,avaConv,pvOpenspace_b
it_n,2,h0003,0.0,scr2011,avaConv,pvOpenspace_b
it_n,2,h0004,0.0,scr2011,avaConv,pvOpenspace_b
it_n,2,h0005,0.0,scr2011,avaConv,pvOpenspace_b
it_n,2,h0006,0.0,scr2011,avaConv,pvOpenspace_b
it_n,2,h0007,0.0,scr2011,avaConv,pvOpenspace_b
it_n,2,h0008,0.0,scr2011,avaConv,pvOpenspace_b
it_n,2,h0009,0.006554881498347638,scr2011,avaConv,pvOpenspace_b
it_n,2,h0010,0.039469354201294986,scr2011,avaConv,pvOpenspace_b
it_n,2,h0011,0.10950559402746703,scr2011,avaConv,pvOpenspace_b
it_n,2,h0012,0.1841483629136875,scr2011,avaConv,pvOpenspace_b
it_n,2,h0013,0.1365037801041243,scr2011,avaConv,pvOpenspace_b
it_n,2,h0014,0.06784931314430671,scr2011,avaConv,pvOpenspace_b
it_n,2,h0015,0.008356773445616094,scr2011,avaConv,pvOpenspace_b
it_n,2,h0016,0.0035699851396178975,scr2011,avaConv,pvOpenspace_b
it_n,2,h0017,0.0008135837617273238,scr2011,avaConv,pvOpenspace_b
it_n,2,h0018,7.41581948798765e-5,scr2011,avaConv,pvOpenspace_b
it_n,2,h0019,0.0,scr2011,avaConv,pvOpenspace_b
it_n,2,h0020,0.0,scr2011,avaConv,pvOpenspace_b
it_n,2,h0021,0.0,scr2011,avaConv,pvOpenspace_b
it_n,2,h0022,0.0,scr2011,avaConv,pvOpenspace_b
it_n,2,h0023,0.0,scr2011,avaConv,pvOpenspace_b
it_n,2,h0024,0.0,scr2011,avaConv,pvOpenspace_b
it_n,2,h0025,0.0,scr2011,avaConv,pvOpenspace_b
it_n,2,h0026,0.0,scr2011,avaConv,pvOpenspace_b
it_n,2,h0027,0.0,scr2011,avaConv,pvOpenspace_b
it_n,2,h0028,0.0,scr2011,avaConv,pvOpenspace_b
it_n,2,h0029,0.0,scr2011,avaConv,pvOpenspace_b
it_n,2,h0030,0.0,scr2011,avaConv,pvOpenspace_b
it_n,2,h0031,0.0,scr2011,avaConv,pvOpenspace_b
it_n,2,h0032,0.0,scr2011,avaConv,pvOpenspace_b
it_n,2,h0033,0.010558617895281834,scr2011,avaConv,pvOpenspace_b
it_n,2,h0034,0.053108258988016195,scr2011,avaConv,pvOpenspace_b
it_n,2,h0035,0.14646483445548913,scr2011,avaConv,pvOpenspace_b
it_n,2,h0036,0.26093349057939036,scr2011,avaConv,pvOpenspace_b
it_n,2,h0037,0.33986655217743217,scr2011,avaConv,pvOpenspace_b
it_n,2,h0038,0.36808981238652383,scr2011,avaConv,pvOpenspace_b
it_n,2,h0039,0.31638506416193807,scr2011,avaConv,pvOpenspace_b
it_n,2,h0040,0.21824689117746734,scr2011,avaConv,pvOpenspace_b
it_n,2,h0041,0.08970483954432479,scr2011,avaConv,pvOpenspace_b
it_n,2,h0042,0.01949053746448025,scr2011,avaConv,pvOpenspace_b
it_n,2,h0043,0.0,scr2011,avaConv,pvOpenspace_b
it_n,2,h0044,0.0,scr2011,avaConv,pvOpenspace_b
it_n,2,h0045,0.0,scr2011,avaConv,pvOpenspace_b
it_n,2,h0046,0.0,scr2011,avaConv,pvOpenspace_b
it_n,2,h0047,0.0,scr2011,avaConv,pvOpenspace_b
it_n,2,h0048,0.0,scr2011,avaConv,pvOpenspace_b
it_sar,2,h0001,0.0,scr2011,avaConv,pvOpenspace_b
it_sar,2,h0002,0.0,scr2011,avaConv,pvOpenspace_b
it_sar,2,h0003,0.0,scr2011,avaConv,pvOpenspace_b
it_sar,2,h0004,0.0,scr2011,avaConv,pvOpenspace_b
it_sar,2,h0005,0.0,scr2011,avaConv,pvOpenspace_b
it_sar,2,h0006,0.0,scr2011,avaConv,pvOpenspace_b
it_sar,2,h0007,0.0,scr2011,avaConv,pvOpenspace_b
it_sar,2,h0008,0.0,scr2011,avaConv,pvOpenspace_b
it_sar,2,h0009,0.015617518110278245,scr2011,avaConv,pvOpenspace_b
it_sar,2,h0010,0.06182848922101035,scr2011,avaConv,pvOpenspace_b
it_sar,2,h0011,0.13000901596446063,scr2011,avaConv,pvOpenspace_b
it_sar,2,h0012,0.1827195985147007,scr2011,avaConv,pvOpenspace_b
it_sar,2,h0013,0.2998011351247184,scr2011,avaConv,pvOpenspace_b
it_sar,2,h0014,0.38429134430544415,scr2011,avaConv,pvOpenspace_b
it_sar,2,h0015,0.41611917730606546,scr2011,avaConv,pvOpenspace_b
it_sar,2,h0016,0.2842096448805332,scr2011,avaConv,pvOpenspace_b
it_sar,2,h0017,0.12932913253555667,scr2011,avaConv,pvOpenspace_b
it_sar,2,h0018,0.03408376821064852,scr2011,avaConv,pvOpenspace_b
it_sar,2,h0019,0.0,scr2011,avaConv,pvOpenspace_b
it_sar,2,h0020,0.0,scr2011,avaConv,pvOpenspace_b
it_sar,2,h0021,0.0,scr2011,avaConv,pvOpenspace_b
it_sar,2,h0022,0.0,scr2011,avaConv,pvOpenspace_b
it_sar,2,h0023,0.0,scr2011,avaConv,pvOpenspace_b
it_sar,2,h0024,0.0,scr2011,avaConv,pvOpenspace_b
it_sar,2,h0025,0.0,scr2011,avaConv,pvOpenspace_b
it_sar,2,h0026,0.0,scr2011,avaConv,pvOpenspace_b
it_sar,2,h0027,0.0,scr2011,avaConv,pvOpenspace_b
it_sar,2,h0028,0.0,scr2011,avaConv,pvOpenspace_b
it_sar,2,h0029,0.0,scr2011,avaConv,pvOpenspace_b
it_sar,2,h0030,0.0,scr2011,avaConv,pvOpenspace_b
it_sar,2,h0031,0.0,scr2011,avaConv,pvOpenspace_b
it_sar,2,h0032,0.0,scr2011,avaConv,pvOpenspace_b
it_sar,2,h0033,0.026840155154731857,scr2011,avaConv,pvOpenspace_b
it_sar,2,h0034,0.10232989749888126,scr2011,avaConv,pvOpenspace_b
it_sar,2,h0035,0.2253570978954027,scr2011,avaConv,pvOpenspace_b
it_sar,2,h0036,0.3272376972163956,scr2011,avaConv,pvOpenspace_b
it_sar,2,h0037,0.35041345619604536,scr2011,avaConv,pvOpenspace_b
it_sar,2,h0038,0.3114889432196747,scr2011,avaConv,pvOpenspace_b
it_sar,2,h0039,0.2246201102826509,scr2011,avaConv,pvOpenspace_b
it_sar,2,h0040,0.14782608536787928,scr2011,avaConv,pvOpenspace_b
it_sar,2,h0041,0.07606579778690745,scr2011,avaConv,pvOpenspace_b
it_sar,2,h0042,0.029114655048986332,scr2011,avaConv,pvOpenspace_b
it_sar,2,h0043,0.005746628825923006,scr2011,avaConv,pvOpenspace_b
it_sar,2,h0044,0.0,scr2011,avaConv,pvOpenspace_b
it_sar,2,h0045,0.0,scr2011,avaConv,pvOpenspace_b
it_sar,2,h0046,0.0,scr2011,avaConv,pvOpenspace_b
it_sar,2,h0047,0.0,scr2011,avaConv,pvOpenspace_b
it_sar,2,h0048,0.0,scr2011,avaConv,pvOpenspace_b
it_sic,2,h0001,0.0,scr2011,avaConv,pvOpenspace_b
it_sic,2,h0002,0.0,scr2011,avaConv,pvOpenspace_b
it_sic,2,h0003,0.0,scr2011,avaConv,pvOpenspace_b
it_sic,2,h0004,0.0,scr2011,avaConv,pvOpenspace_b
it_sic,2,h0005,0.0,scr2011,avaConv,pvOpenspace_b
it_sic,2,h0006,0.0,scr2011,avaConv,pvOpenspace_b
it_sic,2,h0007,0.0,scr2011,avaConv,pvOpenspace_b
it_sic,2,h0008,0.01254136608989408,scr2011,avaConv,pvOpenspace_b
it_sic,2,h0009,0.06226403422914526,scr2011,avaConv,pvOpenspace_b
it_sic,2,h0010,0.15472464208177641,scr2011,avaConv,pvOpenspace_b
it_sic,2,h0011,0.24881773505223626,scr2011,avaConv,pvOpenspace_b
it_sic,2,h0012,0.30187076001588403,scr2011,avaConv,pvOpenspace_b
it_sic,2,h0013,0.3437129052040949,scr2011,avaConv,pvOpenspace_b
it_sic,2,h0014,0.3510515151912464,scr2011,avaConv,pvOpenspace_b
it_sic,2,h0015,0.32696477710761807,scr2011,avaConv,pvOpenspace_b
it_sic,2,h0016,0.22847437079578697,scr2011,avaConv,pvOpenspace_b
it_sic,2,h0017,0.10834119895020575,scr2011,avaConv,pvOpenspace_b
it_sic,2,h0018,0.029652304482317454,scr2011,avaConv,pvOpenspace_b
it_sic,2,h0019,0.0,scr2011,avaConv,pvOpenspace_b
it_sic,2,h0020,0.0,scr2011,avaConv,pvOpenspace_b
it_sic,2,h0021,0.0,scr2011,avaConv,pvOpenspace_b
it_sic,2,h0022,0.0,scr2011,avaConv,pvOpenspace_b
it_sic,2,h0023,0.0,scr2011,avaConv,pvOpenspace_b
it_sic,2,h0024,0.0,scr2011,avaConv,pvOpenspace_b
it_sic,2,h0025,0.0,scr2011,avaConv,pvOpenspace_b
it_sic,2,h0026,0.0,scr2011,avaConv,pvOpenspace_b
it_sic,2,h0027,0.0,scr2011,avaConv,pvOpenspace_b
it_sic,2,h0028,0.0,scr2011,avaConv,pvOpenspace_b
it_sic,2,h0029,0.0,scr2011,avaConv,pvOpenspace_b
it_sic,2,h0030,0.0,scr2011,avaConv,pvOpenspace_b
it_sic,2,h0031,0.0,scr2011,avaConv,pvOpenspace_b
it_sic,2,h0032,0.020918200033439877,scr2011,avaConv,pvOpenspace_b
it_sic,2,h0033,0.09759548644850022,scr2011,avaConv,pvOpenspace_b
it_sic,2,h0034,0.23761907521212655,scr2011,avaConv,pvOpenspace_b
it_sic,2,h0035,0.3884709064698953,scr2011,avaConv,pvOpenspace_b
it_sic,2,h0036,0.49733427304436595,scr2011,avaConv,pvOpenspace_b
it_sic,2,h0037,0.45185045519620143,scr2011,avaConv,pvOpenspace_b
it_sic,2,h0038,0.33601903748878464,scr2011,avaConv,pvOpenspace_b
it_sic,2,h0039,0.18000660994382695,scr2011,avaConv,pvOpenspace_b
it_sic,2,h0040,0.09686479106383171,scr2011,avaConv,pvOpenspace_b
it_sic,2,h0041,0.036588829369471144,scr2011,avaConv,pvOpenspace_b
it_sic,2,h0042,0.008566875014162959,scr2011,avaConv,pvOpenspace_b
it_sic,2,h0043,0.0,scr2011,avaConv,pvOpenspace_b
it_sic,2,h0044,0.0,scr2011,avaConv,pvOpenspace_b
it_sic,2,h0045,0.0,scr2011,avaConv,pvOpenspace_b
it_sic,2,h0046,0.0,scr2011,avaConv,pvOpenspace_b
it_sic,2,h0047,0.0,scr2011,avaConv,pvOpenspace_b
it_sic,2,h0048,0.0,scr2011,avaConv,pvOpenspace_b
lt,2,h0001,0.0,scr2011,avaConv,pvOpenspace_b
lt,2,h0002,0.0,scr2011,avaConv,pvOpenspace_b
lt,2,h0003,0.0,scr2011,avaConv,pvOpenspace_b
lt,2,h0004,0.0,scr2011,avaConv,pvOpenspace_b
lt,2,h0005,0.0,scr2011,avaConv,pvOpenspace_b
lt,2,h0006,0.0,scr2011,avaConv,pvOpenspace_b
lt,2,h0007,0.0,scr2011,avaConv,pvOpenspace_b
lt,2,h0008,0.0,scr2011,avaConv,pvOpenspace_b
lt,2,h0009,0.01127423945133971,scr2011,avaConv,pvOpenspace_b
lt,2,h0010,0.048223212390246586,scr2011,avaConv,pvOpenspace_b
lt,2,h0011,0.10990269375404468,scr2011,avaConv,pvOpenspace_b
lt,2,h0012,0.15350712004501216,scr2011,avaConv,pvOpenspace_b
lt,2,h0013,0.11412762184434666,scr2011,avaConv,pvOpenspace_b
lt,2,h0014,0.055442218974821905,scr2011,avaConv,pvOpenspace_b
lt,2,h0015,0.006516486264073352,scr2011,avaConv,pvOpenspace_b
lt,2,h0016,0.0016229122102535125,scr2011,avaConv,pvOpenspace_b
lt,2,h0017,0.0,scr2011,avaConv,pvOpenspace_b
lt,2,h0018,0.0,scr2011,avaConv,pvOpenspace_b
lt,2,h0019,0.0,scr2011,avaConv,pvOpenspace_b
lt,2,h0020,0.0,scr2011,avaConv,pvOpenspace_b
lt,2,h0021,0.0,scr2011,avaConv,pvOpenspace_b
lt,2,h0022,0.0,scr2011,avaConv,pvOpenspace_b
lt,2,h0023,0.0,scr2011,avaConv,pvOpenspace_b
lt,2,h0024,0.0,scr2011,avaConv,pvOpenspace_b
lt,2,h0025,0.0,scr2011,avaConv,pvOpenspace_b
lt,2,h0026,0.0,scr2011,avaConv,pvOpenspace_b
lt,2,h0027,0.0,scr2011,avaConv,pvOpenspace_b
lt,2,h0028,0.0,scr2011,avaConv,pvOpenspace_b
lt,2,h0029,0.0,scr2011,avaConv,pvOpenspace_b
lt,2,h0030,0.0,scr2011,avaConv,pvOpenspace_b
lt,2,h0031,0.0,scr2011,avaConv,pvOpenspace_b
lt,2,h0032,0.0,scr2011,avaConv,pvOpenspace_b
lt,2,h0033,0.0003834564631236369,scr2011,avaConv,pvOpenspace_b
lt,2,h0034,0.0026479424530364017,scr2011,avaConv,pvOpenspace_b
lt,2,h0035,0.006690339614872464,scr2011,avaConv,pvOpenspace_b
lt,2,h0036,0.009853650905071499,scr2011,avaConv,pvOpenspace_b
lt,2,h0037,0.016176618297569098,scr2011,avaConv,pvOpenspace_b
lt,2,h0038,0.016721846183597962,scr2011,avaConv,pvOpenspace_b
lt,2,h0039,0.01244113614586176,scr2011,avaConv,pvOpenspace_b
lt,2,h0040,0.003626815540888713,scr2011,avaConv,pvOpenspace_b
lt,2,h0041,0.0,scr2011,avaConv,pvOpenspace_b
lt,2,h0042,0.0,scr2011,avaConv,pvOpenspace_b
lt,2,h0043,0.0,scr2011,avaConv,pvOpenspace_b
lt,2,h0044,0.0,scr2011,avaConv,pvOpenspace_b
lt,2,h0045,0.0,scr2011,avaConv,pvOpenspace_b
lt,2,h0046,0.0,scr2011,avaConv,pvOpenspace_b
lt,2,h0047,0.0,scr2011,avaConv,pvOpenspace_b
lt,2,h0048,0.0,scr2011,avaConv,pvOpenspace_b
lu,2,h0001,0.0,scr2011,avaConv,pvOpenspace_b
lu,2,h0002,0.0,scr2011,avaConv,pvOpenspace_b
lu,2,h0003,0.0,scr2011,avaConv,pvOpenspace_b
lu,2,h0004,0.0,scr2011,avaConv,pvOpenspace_b
lu,2,h0005,0.0,scr2011,avaConv,pvOpenspace_b
lu,2,h0006,0.0,scr2011,avaConv,pvOpenspace_b
lu,2,h0007,0.0,scr2011,avaConv,pvOpenspace_b
lu,2,h0008,0.0,scr2011,avaConv,pvOpenspace_b
lu,2,h0009,0.0,scr2011,avaConv,pvOpenspace_b
lu,2,h0010,0.011916737606255254,scr2011,avaConv,pvOpenspace_b
lu,2,h0011,0.035241115091498965,scr2011,avaConv,pvOpenspace_b
lu,2,h0012,0.07880939284514968,scr2011,avaConv,pvOpenspace_b
lu,2,h0013,0.07631969296298755,scr2011,avaConv,pvOpenspace_b
lu,2,h0014,0.060768311142447566,scr2011,avaConv,pvOpenspace_b
lu,2,h0015,0.021143514226541708,scr2011,avaConv,pvOpenspace_b
lu,2,h0016,0.010393213450015286,scr2011,avaConv,pvOpenspace_b
lu,2,h0017,0.002275374903770525,scr2011,avaConv,pvOpenspace_b
lu,2,h0018,0.0,scr2011,avaConv,pvOpenspace_b
lu,2,h0019,0.0,scr2011,avaConv,pvOpenspace_b
lu,2,h0020,0.0,scr2011,avaConv,pvOpenspace_b
lu,2,h0021,0.0,scr2011,avaConv,pvOpenspace_b
lu,2,h0022,0.0,scr2011,avaConv,pvOpenspace_b
lu,2,h0023,0.0,scr2011,avaConv,pvOpenspace_b
lu,2,h0024,0.0,scr2011,avaConv,pvOpenspace_b
lu,2,h0025,0.0,scr2011,avaConv,pvOpenspace_b
lu,2,h0026,0.0,scr2011,avaConv,pvOpenspace_b
lu,2,h0027,0.0,scr2011,avaConv,pvOpenspace_b
lu,2,h0028,0.0,scr2011,avaConv,pvOpenspace_b
lu,2,h0029,0.0,scr2011,avaConv,pvOpenspace_b
lu,2,h0030,0.0,scr2011,avaConv,pvOpenspace_b
lu,2,h0031,0.0,scr2011,avaConv,pvOpenspace_b
lu,2,h0032,0.0,scr2011,avaConv,pvOpenspace_b
lu,2,h0033,0.0021674061664036844,scr2011,avaConv,pvOpenspace_b
lu,2,h0034,0.011001579080415389,scr2011,avaConv,pvOpenspace_b
lu,2,h0035,0.03259976923658132,scr2011,avaConv,pvOpenspace_b
lu,2,h0036,0.06760151036901715,scr2011,avaConv,pvOpenspace_b
lu,2,h0037,0.16990340362860995,scr2011,avaConv,pvOpenspace_b
lu,2,h0038,0.24004183837230345,scr2011,avaConv,pvOpenspace_b
lu,2,h0039,0.2761010618301004,scr2011,avaConv,pvOpenspace_b
lu,2,h0040,0.20295627758251364,scr2011,avaConv,pvOpenspace_b
lu,2,h0041,0.1094545678400846,scr2011,avaConv,pvOpenspace_b
lu,2,h0042,0.03760639709689716,scr2011,avaConv,pvOpenspace_b
lu,2,h0043,0.0,scr2011,avaConv,pvOpenspace_b
lu,2,h0044,0.0,scr2011,avaConv,pvOpenspace_b
lu,2,h0045,0.0,scr2011,avaConv,pvOpenspace_b
lu,2,h0046,0.0,scr2011,avaConv,pvOpenspace_b
lu,2,h0047,0.0,scr2011,avaConv,pvOpenspace_b
lu,2,h0048,0.0,scr2011,avaConv,pvOpenspace_b
lv,2,h0001,0.0,scr2011,avaConv,pvOpenspace_b
lv,2,h0002,0.0,scr2011,avaConv,pvOpenspace_b
lv,2,h0003,0.0,scr2011,avaConv,pvOpenspace_b
lv,2,h0004,0.0,scr2011,avaConv,pvOpenspace_b
lv,2,h0005,0.0,scr2011,avaConv,pvOpenspace_b
lv,2,h0006,0.0,scr2011,avaConv,pvOpenspace_b
lv,2,h0007,0.0,scr2011,avaConv,pvOpenspace_b
lv,2,h0008,0.0,scr2011,avaConv,pvOpenspace_b
lv,2,h0009,0.017181897734169695,scr2011,avaConv,pvOpenspace_b
lv,2,h0010,0.06295322136684538,scr2011,avaConv,pvOpenspace_b
lv,2,h0011,0.13150428084718338,scr2011,avaConv,pvOpenspace_b
lv,2,h0012,0.18586911238205978,scr2011,avaConv,pvOpenspace_b
lv,2,h0013,0.13981722582209946,scr2011,avaConv,pvOpenspace_b
lv,2,h0014,0.07270817851065556,scr2011,avaConv,pvOpenspace_b
lv,2,h0015,0.005622031160217714,scr2011,avaConv,pvOpenspace_b
lv,2,h0016,0.0012286685601707972,scr2011,avaConv,pvOpenspace_b
lv,2,h0017,0.0,scr2011,avaConv,pvOpenspace_b
lv,2,h0018,0.0,scr2011,avaConv,pvOpenspace_b
lv,2,h0019,0.0,scr2011,avaConv,pvOpenspace_b
lv,2,h0020,0.0,scr2011,avaConv,pvOpenspace_b
lv,2,h0021,0.0,scr2011,avaConv,pvOpenspace_b
lv,2,h0022,0.0,scr2011,avaConv,pvOpenspace_b
lv,2,h0023,0.0,scr2011,avaConv,pvOpenspace_b
lv,2,h0024,0.0,scr2011,avaConv,pvOpenspace_b
lv,2,h0025,0.0,scr2011,avaConv,pvOpenspace_b
lv,2,h0026,0.0,scr2011,avaConv,pvOpenspace_b
lv,2,h0027,0.0,scr2011,avaConv,pvOpenspace_b
lv,2,h0028,0.0,scr2011,avaConv,pvOpenspace_b
lv,2,h0029,0.0,scr2011,avaConv,pvOpenspace_b
lv,2,h0030,0.0,scr2011,avaConv,pvOpenspace_b
lv,2,h0031,0.0,scr2011,avaConv,pvOpenspace_b
lv,2,h0032,0.0,scr2011,avaConv,pvOpenspace_b
lv,2,h0033,0.0,scr2011,avaConv,pvOpenspace_b
lv,2,h0034,0.0016002120063467085,scr2011,avaConv,pvOpenspace_b
lv,2,h0035,0.004847509986391373,scr2011,avaConv,pvOpenspace_b
lv,2,h0036,0.00852534455145199,scr2011,avaConv,pvOpenspace_b
lv,2,h0037,0.015164514746387551,scr2011,avaConv,pvOpenspace_b
lv,2,h0038,0.016398581488663296,scr2011,avaConv,pvOpenspace_b
lv,2,h0039,0.01237889345178003,scr2011,avaConv,pvOpenspace_b
lv,2,h0040,0.004011146492087067,scr2011,avaConv,pvOpenspace_b
lv,2,h0041,0.0,scr2011,avaConv,pvOpenspace_b
lv,2,h0042,0.0,scr2011,avaConv,pvOpenspace_b
lv,2,h0043,0.0,scr2011,avaConv,pvOpenspace_b
lv,2,h0044,0.0,scr2011,avaConv,pvOpenspace_b
lv,2,h0045,0.0,scr2011,avaConv,pvOpenspace_b
lv,2,h0046,0.0,scr2011,avaConv,pvOpenspace_b
lv,2,h0047,0.0,scr2011,avaConv,pvOpenspace_b
lv,2,h0048,0.0,scr2011,avaConv,pvOpenspace_b
me,2,h0001,0.0,scr2011,avaConv,pvOpenspace_b
me,2,h0002,0.0,scr2011,avaConv,pvOpenspace_b
me,2,h0003,0.0,scr2011,avaConv,pvOpenspace_b
me,2,h0004,0.0,scr2011,avaConv,pvOpenspace_b
me,2,h0005,0.0,scr2011,avaConv,pvOpenspace_b
me,2,h0006,0.0,scr2011,avaConv,pvOpenspace_b
me,2,h0007,0.0,scr2011,avaConv,pvOpenspace_b
me,2,h0008,0.039737767602550336,scr2011,avaConv,pvOpenspace_b
me,2,h0009,0.1461157399284009,scr2011,avaConv,pvOpenspace_b
me,2,h0010,0.31474623623826914,scr2011,avaConv,pvOpenspace_b
me,2,h0011,0.46529962541117964,scr2011,avaConv,pvOpenspace_b
me,2,h0012,0.5553001595925516,scr2011,avaConv,pvOpenspace_b
me,2,h0013,0.42557215659983044,scr2011,avaConv,pvOpenspace_b
me,2,h0014,0.25872680383569874,scr2011,avaConv,pvOpenspace_b
me,2,h0015,0.08250793216944302,scr2011,avaConv,pvOpenspace_b
me,2,h0016,0.04256427640527961,scr2011,avaConv,pvOpenspace_b
me,2,h0017,0.014219064394841864,scr2011,avaConv,pvOpenspace_b
me,2,h0018,0.0017484748427576866,scr2011,avaConv,pvOpenspace_b
me,2,h0019,0.0,scr2011,avaConv,pvOpenspace_b
me,2,h0020,0.0,scr2011,avaConv,pvOpenspace_b
me,2,h0021,0.0,scr2011,avaConv,pvOpenspace_b
me,2,h0022,0.0,scr2011,avaConv,pvOpenspace_b
me,2,h0023,0.0,scr2011,avaConv,pvOpenspace_b
me,2,h0024,0.0,scr2011,avaConv,pvOpenspace_b
me,2,h0025,0.0,scr2011,avaConv,pvOpenspace_b
me,2,h0026,0.0,scr2011,avaConv,pvOpenspace_b
me,2,h0027,0.0,scr2011,avaConv,pvOpenspace_b
me,2,h0028,0.0,scr2011,avaConv,pvOpenspace_b
me,2,h0029,0.0,scr2011,avaConv,pvOpenspace_b
me,2,h0030,0.0,scr2011,avaConv,pvOpenspace_b
me,2,h0031,0.0,scr2011,avaConv,pvOpenspace_b
me,2,h0032,0.03670421592072306,scr2011,avaConv,pvOpenspace_b
me,2,h0033,0.13612823078434483,scr2011,avaConv,pvOpenspace_b
me,2,h0034,0.293819810166425,scr2011,avaConv,pvOpenspace_b
me,2,h0035,0.4356831239087017,scr2011,avaConv,pvOpenspace_b
me,2,h0036,0.5223073812147299,scr2011,avaConv,pvOpenspace_b
me,2,h0037,0.3874745900777976,scr2011,avaConv,pvOpenspace_b
me,2,h0038,0.22489095080841404,scr2011,avaConv,pvOpenspace_b
me,2,h0039,0.05740550832470373,scr2011,avaConv,pvOpenspace_b
me,2,h0040,0.031087616360532814,scr2011,avaConv,pvOpenspace_b
me,2,h0041,0.010389897601800594,scr2011,avaConv,pvOpenspace_b
me,2,h0042,0.0011372359261131368,scr2011,avaConv,pvOpenspace_b
me,2,h0043,0.0,scr2011,avaConv,pvOpenspace_b
me,2,h0044,0.0,scr2011,avaConv,pvOpenspace_b
me,2,h0045,0.0,scr2011,avaConv,pvOpenspace_b
me,2,h0046,0.0,scr2011,avaConv,pvOpenspace_b
me,2,h0047,0.0,scr2011,avaConv,pvOpenspace_b
me,2,h0048,0.0,scr2011,avaConv,pvOpenspace_b
mk,2,h0001,0.0,scr2011,avaConv,pvOpenspace_b
mk,2,h0002,0.0,scr2011,avaConv,pvOpenspace_b
mk,2,h0003,0.0,scr2011,avaConv,pvOpenspace_b
mk,2,h0004,0.0,scr2011,avaConv,pvOpenspace_b
mk,2,h0005,0.0,scr2011,avaConv,pvOpenspace_b
mk,2,h0006,0.0,scr2011,avaConv,pvOpenspace_b
mk,2,h0007,0.0,scr2011,avaConv,pvOpenspace_b
mk,2,h0008,0.03816124845990598,scr2011,avaConv,pvOpenspace_b
mk,2,h0009,0.1386110007836466,scr2011,avaConv,pvOpenspace_b
mk,2,h0010,0.30201530218958095,scr2011,avaConv,pvOpenspace_b
mk,2,h0011,0.44504145724056243,scr2011,avaConv,pvOpenspace_b
mk,2,h0012,0.5321647075019349,scr2011,avaConv,pvOpenspace_b
mk,2,h0013,0.5257859664181949,scr2011,avaConv,pvOpenspace_b
mk,2,h0014,0.4506233575671697,scr2011,avaConv,pvOpenspace_b
mk,2,h0015,0.3186431713183035,scr2011,avaConv,pvOpenspace_b
mk,2,h0016,0.15908179926429838,scr2011,avaConv,pvOpenspace_b
mk,2,h0017,0.04959969266347541,scr2011,avaConv,pvOpenspace_b
mk,2,h0018,0.0,scr2011,avaConv,pvOpenspace_b
mk,2,h0019,0.0,scr2011,avaConv,pvOpenspace_b
mk,2,h0020,0.0,scr2011,avaConv,pvOpenspace_b
mk,2,h0021,0.0,scr2011,avaConv,pvOpenspace_b
mk,2,h0022,0.0,scr2011,avaConv,pvOpenspace_b
mk,2,h0023,0.0,scr2011,avaConv,pvOpenspace_b
mk,2,h0024,0.0,scr2011,avaConv,pvOpenspace_b
mk,2,h0025,0.0,scr2011,avaConv,pvOpenspace_b
mk,2,h0026,0.0,scr2011,avaConv,pvOpenspace_b
mk,2,h0027,0.0,scr2011,avaConv,pvOpenspace_b
mk,2,h0028,0.0,scr2011,avaConv,pvOpenspace_b
mk,2,h0029,0.0,scr2011,avaConv,pvOpenspace_b
mk,2,h0030,0.0,scr2011,avaConv,pvOpenspace_b
mk,2,h0031,0.0,scr2011,avaConv,pvOpenspace_b
mk,2,h0032,0.04704538228407539,scr2011,avaConv,pvOpenspace_b
mk,2,h0033,0.16266286188686532,scr2011,avaConv,pvOpenspace_b
mk,2,h0034,0.34315641191306595,scr2011,avaConv,pvOpenspace_b
mk,2,h0035,0.4869078297549081,scr2011,avaConv,pvOpenspace_b
mk,2,h0036,0.5701400970953475,scr2011,avaConv,pvOpenspace_b
mk,2,h0037,0.4794466199197691,scr2011,avaConv,pvOpenspace_b
mk,2,h0038,0.33112043627698245,scr2011,avaConv,pvOpenspace_b
mk,2,h0039,0.1564333334966163,scr2011,avaConv,pvOpenspace_b
mk,2,h0040,0.07503327486521495,scr2011,avaConv,pvOpenspace_b
mk,2,h0041,0.023965917930252892,scr2011,avaConv,pvOpenspace_b
mk,2,h0042,0.0038231426126100546,scr2011,avaConv,pvOpenspace_b
mk,2,h0043,0.0,scr2011,avaConv,pvOpenspace_b
mk,2,h0044,0.0,scr2011,avaConv,pvOpenspace_b
mk,2,h0045,0.0,scr2011,avaConv,pvOpenspace_b
mk,2,h0046,0.0,scr2011,avaConv,pvOpenspace_b
mk,2,h0047,0.0,scr2011,avaConv,pvOpenspace_b
mk,2,h0048,0.0,scr2011,avaConv,pvOpenspace_b
nl,2,h0001,0.0,scr2011,avaConv,pvOpenspace_b
nl,2,h0002,0.0,scr2011,avaConv,pvOpenspace_b
nl,2,h0003,0.0,scr2011,avaConv,pvOpenspace_b
nl,2,h0004,0.0,scr2011,avaConv,pvOpenspace_b
nl,2,h0005,0.0,scr2011,avaConv,pvOpenspace_b
nl,2,h0006,0.0,scr2011,avaConv,pvOpenspace_b
nl,2,h0007,0.0,scr2011,avaConv,pvOpenspace_b
nl,2,h0008,0.0,scr2011,avaConv,pvOpenspace_b
nl,2,h0009,0.0,scr2011,avaConv,pvOpenspace_b
nl,2,h0010,0.007248736822680091,scr2011,avaConv,pvOpenspace_b
nl,2,h0011,0.025580601904252622,scr2011,avaConv,pvOpenspace_b
nl,2,h0012,0.05503433859456693,scr2011,avaConv,pvOpenspace_b
nl,2,h0013,0.05717002837761439,scr2011,avaConv,pvOpenspace_b
nl,2,h0014,0.04267588278984668,scr2011,avaConv,pvOpenspace_b
nl,2,h0015,0.013388580660927634,scr2011,avaConv,pvOpenspace_b
nl,2,h0016,0.004084275969694336,scr2011,avaConv,pvOpenspace_b
nl,2,h0017,0.000446740620809671,scr2011,avaConv,pvOpenspace_b
nl,2,h0018,0.0,scr2011,avaConv,pvOpenspace_b
nl,2,h0019,0.0,scr2011,avaConv,pvOpenspace_b
nl,2,h0020,0.0,scr2011,avaConv,pvOpenspace_b
nl,2,h0021,0.0,scr2011,avaConv,pvOpenspace_b
nl,2,h0022,0.0,scr2011,avaConv,pvOpenspace_b
nl,2,h0023,0.0,scr2011,avaConv,pvOpenspace_b
nl,2,h0024,0.0,scr2011,avaConv,pvOpenspace_b
nl,2,h0025,0.0,scr2011,avaConv,pvOpenspace_b
nl,2,h0026,0.0,scr2011,avaConv,pvOpenspace_b
nl,2,h0027,0.0,scr2011,avaConv,pvOpenspace_b
nl,2,h0028,0.0,scr2011,avaConv,pvOpenspace_b
nl,2,h0029,0.0,scr2011,avaConv,pvOpenspace_b
nl,2,h0030,0.0,scr2011,avaConv,pvOpenspace_b
nl,2,h0031,0.0,scr2011,avaConv,pvOpenspace_b
nl,2,h0032,0.0,scr2011,avaConv,pvOpenspace_b
nl,2,h0033,0.0,scr2011,avaConv,pvOpenspace_b
nl,2,h0034,0.0007374143833457194,scr2011,avaConv,pvOpenspace_b
nl,2,h0035,0.006126156050430468,scr2011,avaConv,pvOpenspace_b
nl,2,h0036,0.01515294262704182,scr2011,avaConv,pvOpenspace_b
nl,2,h0037,0.13787141095174274,scr2011,avaConv,pvOpenspace_b
nl,2,h0038,0.24574791983369684,scr2011,avaConv,pvOpenspace_b
nl,2,h0039,0.32694240610908115,scr2011,avaConv,pvOpenspace_b
nl,2,h0040,0.2529872538043581,scr2011,avaConv,pvOpenspace_b
nl,2,h0041,0.14021639806350472,scr2011,avaConv,pvOpenspace_b
nl,2,h0042,0.048452337404634706,scr2011,avaConv,pvOpenspace_b
nl,2,h0043,0.0,scr2011,avaConv,pvOpenspace_b
nl,2,h0044,0.0,scr2011,avaConv,pvOpenspace_b
nl,2,h0045,0.0,scr2011,avaConv,pvOpenspace_b
nl,2,h0046,0.0,scr2011,avaConv,pvOpenspace_b
nl,2,h0047,0.0,scr2011,avaConv,pvOpenspace_b
nl,2,h0048,0.0,scr2011,avaConv,pvOpenspace_b
no_m,2,h0001,0.0,scr2011,avaConv,pvOpenspace_b
no_m,2,h0002,0.0,scr2011,avaConv,pvOpenspace_b
no_m,2,h0003,0.0,scr2011,avaConv,pvOpenspace_b
no_m,2,h0004,0.0,scr2011,avaConv,pvOpenspace_b
no_m,2,h0005,0.0,scr2011,avaConv,pvOpenspace_b
no_m,2,h0006,0.0,scr2011,avaConv,pvOpenspace_b
no_m,2,h0007,0.0,scr2011,avaConv,pvOpenspace_b
no_m,2,h0008,0.0,scr2011,avaConv,pvOpenspace_b
no_m,2,h0009,0.0,scr2011,avaConv,pvOpenspace_b
no_m,2,h0010,0.0,scr2011,avaConv,pvOpenspace_b
no_m,2,h0011,0.0,scr2011,avaConv,pvOpenspace_b
no_m,2,h0012,0.016667929623367314,scr2011,avaConv,pvOpenspace_b
no_m,2,h0013,0.06141930801724863,scr2011,avaConv,pvOpenspace_b
no_m,2,h0014,0.06310816899473065,scr2011,avaConv,pvOpenspace_b
no_m,2,h0015,0.04428168711870692,scr2011,avaConv,pvOpenspace_b
no_m,2,h0016,0.0013177587310857035,scr2011,avaConv,pvOpenspace_b
no_m,2,h0017,0.0,scr2011,avaConv,pvOpenspace_b
no_m,2,h0018,0.0,scr2011,avaConv,pvOpenspace_b
no_m,2,h0019,0.0,scr2011,avaConv,pvOpenspace_b
no_m,2,h0020,0.0,scr2011,avaConv,pvOpenspace_b
no_m,2,h0021,0.0,scr2011,avaConv,pvOpenspace_b
no_m,2,h0022,0.0,scr2011,avaConv,pvOpenspace_b
no_m,2,h0023,0.0,scr2011,avaConv,pvOpenspace_b
no_m,2,h0024,0.0,scr2011,avaConv,pvOpenspace_b
no_m,2,h0025,0.0,scr2011,avaConv,pvOpenspace_b
no_m,2,h0026,0.0,scr2011,avaConv,pvOpenspace_b
no_m,2,h0027,0.0,scr2011,avaConv,pvOpenspace_b
no_m,2,h0028,0.0,scr2011,avaConv,pvOpenspace_b
no_m,2,h0029,0.0,scr2011,avaConv,pvOpenspace_b
no_m,2,h0030,0.0,scr2011,avaConv,pvOpenspace_b
no_m,2,h0031,0.0,scr2011,avaConv,pvOpenspace_b
no_m,2,h0032,0.0,scr2011,avaConv,pvOpenspace_b
no_m,2,h0033,0.0,scr2011,avaConv,pvOpenspace_b
no_m,2,h0034,0.0,scr2011,avaConv,pvOpenspace_b
no_m,2,h0035,0.01855304173958778,scr2011,avaConv,pvOpenspace_b
no_m,2,h0036,0.05963095700986565,scr2011,avaConv,pvOpenspace_b
no_m,2,h0037,0.07020934253312214,scr2011,avaConv,pvOpenspace_b
no_m,2,h0038,0.054166112174154554,scr2011,avaConv,pvOpenspace_b
no_m,2,h0039,0.013468433177089805,scr2011,avaConv,pvOpenspace_b
no_m,2,h0040,0.004054847021471102,scr2011,avaConv,pvOpenspace_b
no_m,2,h0041,0.0,scr2011,avaConv,pvOpenspace_b
no_m,2,h0042,0.0,scr2011,avaConv,pvOpenspace_b
no_m,2,h0043,0.0,scr2011,avaConv,pvOpenspace_b
no_m,2,h0044,0.0,scr2011,avaConv,pvOpenspace_b
no_m,2,h0045,0.0,scr2011,avaConv,pvOpenspace_b
no_m,2,h0046,0.0,scr2011,avaConv,pvOpenspace_b
no_m,2,h0047,0.0,scr2011,avaConv,pvOpenspace_b
no_m,2,h0048,0.0,scr2011,avaConv,pvOpenspace_b
no_n,2,h0001,0.0,scr2011,avaConv,pvOpenspace_b
no_n,2,h0002,0.0,scr2011,avaConv,pvOpenspace_b
no_n,2,h0003,0.0,scr2011,avaConv,pvOpenspace_b
no_n,2,h0004,0.0,scr2011,avaConv,pvOpenspace_b
no_n,2,h0005,0.0,scr2011,avaConv,pvOpenspace_b
no_n,2,h0006,0.0,scr2011,avaConv,pvOpenspace_b
no_n,2,h0007,0.0,scr2011,avaConv,pvOpenspace_b
no_n,2,h0008,0.0,scr2011,avaConv,pvOpenspace_b
no_n,2,h0009,0.0,scr2011,avaConv,pvOpenspace_b
no_n,2,h0010,0.0,scr2011,avaConv,pvOpenspace_b
no_n,2,h0011,0.0,scr2011,avaConv,pvOpenspace_b
no_n,2,h0012,0.0012996419238817402,scr2011,avaConv,pvOpenspace_b
no_n,2,h0013,0.0017319732501779495,scr2011,avaConv,pvOpenspace_b
no_n,2,h0014,0.0017319732501779495,scr2011,avaConv,pvOpenspace_b
no_n,2,h0015,0.0002770893650217602,scr2011,avaConv,pvOpenspace_b
no_n,2,h0016,0.0,scr2011,avaConv,pvOpenspace_b
no_n,2,h0017,0.0,scr2011,avaConv,pvOpenspace_b
no_n,2,h0018,0.0,scr2011,avaConv,pvOpenspace_b
no_n,2,h0019,0.0,scr2011,avaConv,pvOpenspace_b
no_n,2,h0020,0.0,scr2011,avaConv,pvOpenspace_b
no_n,2,h0021,0.0,scr2011,avaConv,pvOpenspace_b
no_n,2,h0022,0.0,scr2011,avaConv,pvOpenspace_b
no_n,2,h0023,0.0,scr2011,avaConv,pvOpenspace_b
no_n,2,h0024,0.0,scr2011,avaConv,pvOpenspace_b
no_n,2,h0025,0.0,scr2011,avaConv,pvOpenspace_b
no_n,2,h0026,0.0,scr2011,avaConv,pvOpenspace_b
no_n,2,h0027,0.0,scr2011,avaConv,pvOpenspace_b
no_n,2,h0028,0.0,scr2011,avaConv,pvOpenspace_b
no_n,2,h0029,0.0,scr2011,avaConv,pvOpenspace_b
no_n,2,h0030,0.0,scr2011,avaConv,pvOpenspace_b
no_n,2,h0031,0.0,scr2011,avaConv,pvOpenspace_b
no_n,2,h0032,0.0,scr2011,avaConv,pvOpenspace_b
no_n,2,h0033,0.0,scr2011,avaConv,pvOpenspace_b
no_n,2,h0034,0.0,scr2011,avaConv,pvOpenspace_b
no_n,2,h0035,0.0004645707844878768,scr2011,avaConv,pvOpenspace_b
no_n,2,h0036,0.00192627419788066,scr2011,avaConv,pvOpenspace_b
no_n,2,h0037,0.0026558270282469854,scr2011,avaConv,pvOpenspace_b
no_n,2,h0038,0.0019425641667384893,scr2011,avaConv,pvOpenspace_b
no_n,2,h0039,0.0004775702795678685,scr2011,avaConv,pvOpenspace_b
no_n,2,h0040,0.0,scr2011,avaConv,pvOpenspace_b
no_n,2,h0041,0.0,scr2011,avaConv,pvOpenspace_b
no_n,2,h0042,0.0,scr2011,avaConv,pvOpenspace_b
no_n,2,h0043,0.0,scr2011,avaConv,pvOpenspace_b
no_n,2,h0044,0.0,scr2011,avaConv,pvOpenspace_b
no_n,2,h0045,0.0,scr2011,avaConv,pvOpenspace_b
no_n,2,h0046,0.0,scr2011,avaConv,pvOpenspace_b
no_n,2,h0047,0.0,scr2011,avaConv,pvOpenspace_b
no_n,2,h0048,0.0,scr2011,avaConv,pvOpenspace_b
no_s,2,h0001,0.0,scr2011,avaConv,pvOpenspace_b
no_s,2,h0002,0.0,scr2011,avaConv,pvOpenspace_b
no_s,2,h0003,0.0,scr2011,avaConv,pvOpenspace_b
no_s,2,h0004,0.0,scr2011,avaConv,pvOpenspace_b
no_s,2,h0005,0.0,scr2011,avaConv,pvOpenspace_b
no_s,2,h0006,0.0,scr2011,avaConv,pvOpenspace_b
no_s,2,h0007,0.0,scr2011,avaConv,pvOpenspace_b
no_s,2,h0008,0.0,scr2011,avaConv,pvOpenspace_b
no_s,2,h0009,0.0,scr2011,avaConv,pvOpenspace_b
no_s,2,h0010,0.0,scr2011,avaConv,pvOpenspace_b
no_s,2,h0011,0.0036753248309099994,scr2011,avaConv,pvOpenspace_b
no_s,2,h0012,0.010853996297897715,scr2011,avaConv,pvOpenspace_b
no_s,2,h0013,0.0787363490612697,scr2011,avaConv,pvOpenspace_b
no_s,2,h0014,0.13484340578346826,scr2011,avaConv,pvOpenspace_b
no_s,2,h0015,0.1296888059764037,scr2011,avaConv,pvOpenspace_b
no_s,2,h0016,0.04710759992222571,scr2011,avaConv,pvOpenspace_b
no_s,2,h0017,0.0028365193317061847,scr2011,avaConv,pvOpenspace_b
no_s,2,h0018,0.0,scr2011,avaConv,pvOpenspace_b
no_s,2,h0019,0.0,scr2011,avaConv,pvOpenspace_b
no_s,2,h0020,0.0,scr2011,avaConv,pvOpenspace_b
no_s,2,h0021,0.0,scr2011,avaConv,pvOpenspace_b
no_s,2,h0022,0.0,scr2011,avaConv,pvOpenspace_b
no_s,2,h0023,0.0,scr2011,avaConv,pvOpenspace_b
no_s,2,h0024,0.0,scr2011,avaConv,pvOpenspace_b
no_s,2,h0025,0.0,scr2011,avaConv,pvOpenspace_b
no_s,2,h0026,0.0,scr2011,avaConv,pvOpenspace_b
no_s,2,h0027,0.0,scr2011,avaConv,pvOpenspace_b
no_s,2,h0028,0.0,scr2011,avaConv,pvOpenspace_b
no_s,2,h0029,0.0,scr2011,avaConv,pvOpenspace_b
no_s,2,h0030,0.0,scr2011,avaConv,pvOpenspace_b
no_s,2,h0031,0.0,scr2011,avaConv,pvOpenspace_b
no_s,2,h0032,0.0,scr2011,avaConv,pvOpenspace_b
no_s,2,h0033,0.0,scr2011,avaConv,pvOpenspace_b
no_s,2,h0034,0.007591467231063123,scr2011,avaConv,pvOpenspace_b
no_s,2,h0035,0.046996256964063725,scr2011,avaConv,pvOpenspace_b
no_s,2,h0036,0.11602679014263502,scr2011,avaConv,pvOpenspace_b
no_s,2,h0037,0.20565175619402296,scr2011,avaConv,pvOpenspace_b
no_s,2,h0038,0.22540184746533215,scr2011,avaConv,pvOpenspace_b
no_s,2,h0039,0.17947291999206985,scr2011,avaConv,pvOpenspace_b
no_s,2,h0040,0.07509281206010687,scr2011,avaConv,pvOpenspace_b
no_s,2,h0041,0.016716735628846836,scr2011,avaConv,pvOpenspace_b
no_s,2,h0042,0.0,scr2011,avaConv,pvOpenspace_b
no_s,2,h0043,0.0,scr2011,avaConv,pvOpenspace_b
no_s,2,h0044,0.0,scr2011,avaConv,pvOpenspace_b
no_s,2,h0045,0.0,scr2011,avaConv,pvOpenspace_b
no_s,2,h0046,0.0,scr2011,avaConv,pvOpenspace_b
no_s,2,h0047,0.0,scr2011,avaConv,pvOpenspace_b
no_s,2,h0048,0.0,scr2011,avaConv,pvOpenspace_b
pl,2,h0001,0.0,scr2011,avaConv,pvOpenspace_b
pl,2,h0002,0.0,scr2011,avaConv,pvOpenspace_b
pl,2,h0003,0.0,scr2011,avaConv,pvOpenspace_b
pl,2,h0004,0.0,scr2011,avaConv,pvOpenspace_b
pl,2,h0005,0.0,scr2011,avaConv,pvOpenspace_b
pl,2,h0006,0.0,scr2011,avaConv,pvOpenspace_b
pl,2,h0007,0.0,scr2011,avaConv,pvOpenspace_b
pl,2,h0008,0.0,scr2011,avaConv,pvOpenspace_b
pl,2,h0009,0.006943822008797387,scr2011,avaConv,pvOpenspace_b
pl,2,h0010,0.034031719708915435,scr2011,avaConv,pvOpenspace_b
pl,2,h0011,0.08782901324483833,scr2011,avaConv,pvOpenspace_b
pl,2,h0012,0.13803809414142462,scr2011,avaConv,pvOpenspace_b
pl,2,h0013,0.11304228866284878,scr2011,avaConv,pvOpenspace_b
pl,2,h0014,0.06425436423310439,scr2011,avaConv,pvOpenspace_b
pl,2,h0015,0.014996118795867317,scr2011,avaConv,pvOpenspace_b
pl,2,h0016,0.005276375179145473,scr2011,avaConv,pvOpenspace_b
pl,2,h0017,0.0007363046946334805,scr2011,avaConv,pvOpenspace_b
pl,2,h0018,0.0,scr2011,avaConv,pvOpenspace_b
pl,2,h0019,0.0,scr2011,avaConv,pvOpenspace_b
pl,2,h0020,0.0,scr2011,avaConv,pvOpenspace_b
pl,2,h0021,0.0,scr2011,avaConv,pvOpenspace_b
pl,2,h0022,0.0,scr2011,avaConv,pvOpenspace_b
pl,2,h0023,0.0,scr2011,avaConv,pvOpenspace_b
pl,2,h0024,0.0,scr2011,avaConv,pvOpenspace_b
pl,2,h0025,0.0,scr2011,avaConv,pvOpenspace_b
pl,2,h0026,0.0,scr2011,avaConv,pvOpenspace_b
pl,2,h0027,0.0,scr2011,avaConv,pvOpenspace_b
pl,2,h0028,0.0,scr2011,avaConv,pvOpenspace_b
pl,2,h0029,0.0,scr2011,avaConv,pvOpenspace_b
pl,2,h0030,0.0,scr2011,avaConv,pvOpenspace_b
pl,2,h0031,0.0,scr2011,avaConv,pvOpenspace_b
pl,2,h0032,0.0,scr2011,avaConv,pvOpenspace_b
pl,2,h0033,0.016100391375449313,scr2011,avaConv,pvOpenspace_b
pl,2,h0034,0.06828179629393417,scr2011,avaConv,pvOpenspace_b
pl,2,h0035,0.1593026730088729,scr2011,avaConv,pvOpenspace_b
pl,2,h0036,0.24290134117415035,scr2011,avaConv,pvOpenspace_b
pl,2,h0037,0.22889052252687336,scr2011,avaConv,pvOpenspace_b
pl,2,h0038,0.17120517935321372,scr2011,avaConv,pvOpenspace_b
pl,2,h0039,0.08348729756326442,scr2011,avaConv,pvOpenspace_b
pl,2,h0040,0.0359174189588164,scr2011,avaConv,pvOpenspace_b
pl,2,h0041,0.008310797809270578,scr2011,avaConv,pvOpenspace_b
pl,2,h0042,0.0,scr2011,avaConv,pvOpenspace_b
pl,2,h0043,0.0,scr2011,avaConv,pvOpenspace_b
pl,2,h0044,0.0,scr2011,avaConv,pvOpenspace_b
pl,2,h0045,0.0,scr2011,avaConv,pvOpenspace_b
pl,2,h0046,0.0,scr2011,avaConv,pvOpenspace_b
pl,2,h0047,0.0,scr2011,avaConv,pvOpenspace_b
pl,2,h0048,0.0,scr2011,avaConv,pvOpenspace_b
pt,2,h0001,0.0,scr2011,avaConv,pvOpenspace_b
pt,2,h0002,0.0,scr2011,avaConv,pvOpenspace_b
pt,2,h0003,0.0,scr2011,avaConv,pvOpenspace_b
pt,2,h0004,0.0,scr2011,avaConv,pvOpenspace_b
pt,2,h0005,0.0,scr2011,avaConv,pvOpenspace_b
pt,2,h0006,0.0,scr2011,avaConv,pvOpenspace_b
pt,2,h0007,0.0,scr2011,avaConv,pvOpenspace_b
pt,2,h0008,0.0,scr2011,avaConv,pvOpenspace_b
pt,2,h0009,0.0,scr2011,avaConv,pvOpenspace_b
pt,2,h0010,0.0072553767234272565,scr2011,avaConv,pvOpenspace_b
pt,2,h0011,0.033266727999095774,scr2011,avaConv,pvOpenspace_b
pt,2,h0012,0.08394595284217864,scr2011,avaConv,pvOpenspace_b
pt,2,h0013,0.18846391774578888,scr2011,avaConv,pvOpenspace_b
pt,2,h0014,0.28782046318851306,scr2011,avaConv,pvOpenspace_b
pt,2,h0015,0.3374477338726087,scr2011,avaConv,pvOpenspace_b
pt,2,h0016,0.28027964121038723,scr2011,avaConv,pvOpenspace_b
pt,2,h0017,0.18685931999989078,scr2011,avaConv,pvOpenspace_b
pt,2,h0018,0.09495704441597377,scr2011,avaConv,pvOpenspace_b
pt,2,h0019,0.0336478453603852,scr2011,avaConv,pvOpenspace_b
pt,2,h0020,0.0046519161465732525,scr2011,avaConv,pvOpenspace_b
pt,2,h0021,0.0,scr2011,avaConv,pvOpenspace_b
pt,2,h0022,0.0,scr2011,avaConv,pvOpenspace_b
pt,2,h0023,0.0,scr2011,avaConv,pvOpenspace_b
pt,2,h0024,0.0,scr2011,avaConv,pvOpenspace_b
pt,2,h0025,0.0,scr2011,avaConv,pvOpenspace_b
pt,2,h0026,0.0,scr2011,avaConv,pvOpenspace_b
pt,2,h0027,0.0,scr2011,avaConv,pvOpenspace_b
pt,2,h0028,0.0,scr2011,avaConv,pvOpenspace_b
pt,2,h0029,0.0,scr2011,avaConv,pvOpenspace_b
pt,2,h0030,0.0,scr2011,avaConv,pvOpenspace_b
pt,2,h0031,0.0,scr2011,avaConv,pvOpenspace_b
pt,2,h0032,0.0,scr2011,avaConv,pvOpenspace_b
pt,2,h0033,0.0,scr2011,avaConv,pvOpenspace_b
pt,2,h0034,0.032692271561068076,scr2011,avaConv,pvOpenspace_b
pt,2,h0035,0.11855255611295856,scr2011,avaConv,pvOpenspace_b
pt,2,h0036,0.25811773752679507,scr2011,avaConv,pvOpenspace_b
pt,2,h0037,0.416924913424445,scr2011,avaConv,pvOpenspace_b
pt,2,h0038,0.5327242914586587,scr2011,avaConv,pvOpenspace_b
pt,2,h0039,0.5772029820884589,scr2011,avaConv,pvOpenspace_b
pt,2,h0040,0.5009823563545024,scr2011,avaConv,pvOpenspace_b
pt,2,h0041,0.3615421766511226,scr2011,avaConv,pvOpenspace_b
pt,2,h0042,0.20155461799806798,scr2011,avaConv,pvOpenspace_b
pt,2,h0043,0.07495676087056496,scr2011,avaConv,pvOpenspace_b
pt,2,h0044,0.014187428854661904,scr2011,avaConv,pvOpenspace_b
pt,2,h0045,0.0,scr2011,avaConv,pvOpenspace_b
pt,2,h0046,0.0,scr2011,avaConv,pvOpenspace_b
pt,2,h0047,0.0,scr2011,avaConv,pvOpenspace_b
pt,2,h0048,0.0,scr2011,avaConv,pvOpenspace_b
ro,2,h0001,0.0,scr2011,avaConv,pvOpenspace_b
ro,2,h0002,0.0,scr2011,avaConv,pvOpenspace_b
ro,2,h0003,0.0,scr2011,avaConv,pvOpenspace_b
ro,2,h0004,0.0,scr2011,avaConv,pvOpenspace_b
ro,2,h0005,0.0,scr2011,avaConv,pvOpenspace_b
ro,2,h0006,0.0,scr2011,avaConv,pvOpenspace_b
ro,2,h0007,0.0,scr2011,avaConv,pvOpenspace_b
ro,2,h0008,0.018281013036111234,scr2011,avaConv,pvOpenspace_b
ro,2,h0009,0.07473934379037153,scr2011,avaConv,pvOpenspace_b
ro,2,h0010,0.17359392422505807,scr2011,avaConv,pvOpenspace_b
ro,2,h0011,0.26863509051406864,scr2011,avaConv,pvOpenspace_b
ro,2,h0012,0.3320044395233602,scr2011,avaConv,pvOpenspace_b
ro,2,h0013,0.26283457423897794,scr2011,avaConv,pvOpenspace_b
ro,2,h0014,0.1583827318194159,scr2011,avaConv,pvOpenspace_b
ro,2,h0015,0.049345892498638126,scr2011,avaConv,pvOpenspace_b
ro,2,h0016,0.017787207345426864,scr2011,avaConv,pvOpenspace_b
ro,2,h0017,0.0032239299530450447,scr2011,avaConv,pvOpenspace_b
ro,2,h0018,0.0,scr2011,avaConv,pvOpenspace_b
ro,2,h0019,0.0,scr2011,avaConv,pvOpenspace_b
ro,2,h0020,0.0,scr2011,avaConv,pvOpenspace_b
ro,2,h0021,0.0,scr2011,avaConv,pvOpenspace_b
ro,2,h0022,0.0,scr2011,avaConv,pvOpenspace_b
ro,2,h0023,0.0,scr2011,avaConv,pvOpenspace_b
ro,2,h0024,0.0,scr2011,avaConv,pvOpenspace_b
ro,2,h0025,0.0,scr2011,avaConv,pvOpenspace_b
ro,2,h0026,0.0,scr2011,avaConv,pvOpenspace_b
ro,2,h0027,0.0,scr2011,avaConv,pvOpenspace_b
ro,2,h0028,0.0,scr2011,avaConv,pvOpenspace_b
ro,2,h0029,0.0,scr2011,avaConv,pvOpenspace_b
ro,2,h0030,0.0,scr2011,avaConv,pvOpenspace_b
ro,2,h0031,0.0,scr2011,avaConv,pvOpenspace_b
ro,2,h0032,0.017440985751447653,scr2011,avaConv,pvOpenspace_b
ro,2,h0033,0.0743415543979319,scr2011,avaConv,pvOpenspace_b
ro,2,h0034,0.17847037634370333,scr2011,avaConv,pvOpenspace_b
ro,2,h0035,0.2851125662057886,scr2011,avaConv,pvOpenspace_b
ro,2,h0036,0.36462374242516166,scr2011,avaConv,pvOpenspace_b
ro,2,h0037,0.2896663401493348,scr2011,avaConv,pvOpenspace_b
ro,2,h0038,0.18040836562172402,scr2011,avaConv,pvOpenspace_b
ro,2,h0039,0.06027382709627319,scr2011,avaConv,pvOpenspace_b
ro,2,h0040,0.02586164737493003,scr2011,avaConv,pvOpenspace_b
ro,2,h0041,0.005996939941555793,scr2011,avaConv,pvOpenspace_b
ro,2,h0042,0.0,scr2011,avaConv,pvOpenspace_b
ro,2,h0043,0.0,scr2011,avaConv,pvOpenspace_b
ro,2,h0044,0.0,scr2011,avaConv,pvOpenspace_b
ro,2,h0045,0.0,scr2011,avaConv,pvOpenspace_b
ro,2,h0046,0.0,scr2011,avaConv,pvOpenspace_b
ro,2,h0047,0.0,scr2011,avaConv,pvOpenspace_b
ro,2,h0048,0.0,scr2011,avaConv,pvOpenspace_b
rs,2,h0001,0.0,scr2011,avaConv,pvOpenspace_b
rs,2,h0002,0.0,scr2011,avaConv,pvOpenspace_b
rs,2,h0003,0.0,scr2011,avaConv,pvOpenspace_b
rs,2,h0004,0.0,scr2011,avaConv,pvOpenspace_b
rs,2,h0005,0.0,scr2011,avaConv,pvOpenspace_b
rs,2,h0006,0.0,scr2011,avaConv,pvOpenspace_b
rs,2,h0007,0.0,scr2011,avaConv,pvOpenspace_b
rs,2,h0008,0.014431726606471617,scr2011,avaConv,pvOpenspace_b
rs,2,h0009,0.05869579180165716,scr2011,avaConv,pvOpenspace_b
rs,2,h0010,0.14131120359359903,scr2011,avaConv,pvOpenspace_b
rs,2,h0011,0.2353852729503753,scr2011,avaConv,pvOpenspace_b
rs,2,h0012,0.31147941404013757,scr2011,avaConv,pvOpenspace_b
rs,2,h0013,0.3030837784662158,scr2011,avaConv,pvOpenspace_b
rs,2,h0014,0.24915808378477422,scr2011,avaConv,pvOpenspace_b
rs,2,h0015,0.1583233101127015,scr2011,avaConv,pvOpenspace_b
rs,2,h0016,0.08136359464337234,scr2011,avaConv,pvOpenspace_b
rs,2,h0017,0.025875254694793792,scr2011,avaConv,pvOpenspace_b
rs,2,h0018,0.0,scr2011,avaConv,pvOpenspace_b
rs,2,h0019,0.0,scr2011,avaConv,pvOpenspace_b
rs,2,h0020,0.0,scr2011,avaConv,pvOpenspace_b
rs,2,h0021,0.0,scr2011,avaConv,pvOpenspace_b
rs,2,h0022,0.0,scr2011,avaConv,pvOpenspace_b
rs,2,h0023,0.0,scr2011,avaConv,pvOpenspace_b
rs,2,h0024,0.0,scr2011,avaConv,pvOpenspace_b
rs,2,h0025,0.0,scr2011,avaConv,pvOpenspace_b
rs,2,h0026,0.0,scr2011,avaConv,pvOpenspace_b
rs,2,h0027,0.0,scr2011,avaConv,pvOpenspace_b
rs,2,h0028,0.0,scr2011,avaConv,pvOpenspace_b
rs,2,h0029,0.0,scr2011,avaConv,pvOpenspace_b
rs,2,h0030,0.0,scr2011,avaConv,pvOpenspace_b
rs,2,h0031,0.0,scr2011,avaConv,pvOpenspace_b
rs,2,h0032,0.031073452869918975,scr2011,avaConv,pvOpenspace_b
rs,2,h0033,0.11793913260319105,scr2011,avaConv,pvOpenspace_b
rs,2,h0034,0.264840896659165,scr2011,avaConv,pvOpenspace_b
rs,2,h0035,0.40777252475538206,scr2011,avaConv,pvOpenspace_b
rs,2,h0036,0.5089187922140999,scr2011,avaConv,pvOpenspace_b
rs,2,h0037,0.395623433238427,scr2011,avaConv,pvOpenspace_b
rs,2,h0038,0.24138040903992744,scr2011,avaConv,pvOpenspace_b
rs,2,h0039,0.07368632269810693,scr2011,avaConv,pvOpenspace_b
rs,2,h0040,0.036737007382707285,scr2011,avaConv,pvOpenspace_b
rs,2,h0041,0.011828067618005825,scr2011,avaConv,pvOpenspace_b
rs,2,h0042,0.0009751366555247347,scr2011,avaConv,pvOpenspace_b
rs,2,h0043,0.0,scr2011,avaConv,pvOpenspace_b
rs,2,h0044,0.0,scr2011,avaConv,pvOpenspace_b
rs,2,h0045,0.0,scr2011,avaConv,pvOpenspace_b
rs,2,h0046,0.0,scr2011,avaConv,pvOpenspace_b
rs,2,h0047,0.0,scr2011,avaConv,pvOpenspace_b
rs,2,h0048,0.0,scr2011,avaConv,pvOpenspace_b
se_1,2,h0001,0.0,scr2011,avaConv,pvOpenspace_b
se_1,2,h0002,0.0,scr2011,avaConv,pvOpenspace_b
se_1,2,h0003,0.0,scr2011,avaConv,pvOpenspace_b
se_1,2,h0004,0.0,scr2011,avaConv,pvOpenspace_b
se_1,2,h0005,0.0,scr2011,avaConv,pvOpenspace_b
se_1,2,h0006,0.0,scr2011,avaConv,pvOpenspace_b
se_1,2,h0007,0.0,scr2011,avaConv,pvOpenspace_b
se_1,2,h0008,0.0,scr2011,avaConv,pvOpenspace_b
se_1,2,h0009,0.0,scr2011,avaConv,pvOpenspace_b
se_1,2,h0010,0.0,scr2011,avaConv,pvOpenspace_b
se_1,2,h0011,0.0,scr2011,avaConv,pvOpenspace_b
se_1,2,h0012,0.0,scr2011,avaConv,pvOpenspace_b
se_1,2,h0013,0.0,scr2011,avaConv,pvOpenspace_b
se_1,2,h0014,0.0,scr2011,avaConv,pvOpenspace_b
se_1,2,h0015,0.0,scr2011,avaConv,pvOpenspace_b
se_1,2,h0016,0.0,scr2011,avaConv,pvOpenspace_b
se_1,2,h0017,0.0,scr2011,avaConv,pvOpenspace_b
se_1,2,h0018,0.0,scr2011,avaConv,pvOpenspace_b
se_1,2,h0019,0.0,scr2011,avaConv,pvOpenspace_b
se_1,2,h0020,0.0,scr2011,avaConv,pvOpenspace_b
se_1,2,h0021,0.0,scr2011,avaConv,pvOpenspace_b
se_1,2,h0022,0.0,scr2011,avaConv,pvOpenspace_b
se_1,2,h0023,0.0,scr2011,avaConv,pvOpenspace_b
se_1,2,h0024,0.0,scr2011,avaConv,pvOpenspace_b
se_1,2,h0025,0.0,scr2011,avaConv,pvOpenspace_b
se_1,2,h0026,0.0,scr2011,avaConv,pvOpenspace_b
se_1,2,h0027,0.0,scr2011,avaConv,pvOpenspace_b
se_1,2,h0028,0.0,scr2011,avaConv,pvOpenspace_b
se_1,2,h0029,0.0,scr2011,avaConv,pvOpenspace_b
se_1,2,h0030,0.0,scr2011,avaConv,pvOpenspace_b
se_1,2,h0031,0.0,scr2011,avaConv,pvOpenspace_b
se_1,2,h0032,0.0,scr2011,avaConv,pvOpenspace_b
se_1,2,h0033,0.0,scr2011,avaConv,pvOpenspace_b
se_1,2,h0034,0.0,scr2011,avaConv,pvOpenspace_b
se_1,2,h0035,0.0,scr2011,avaConv,pvOpenspace_b
se_1,2,h0036,0.0,scr2011,avaConv,pvOpenspace_b
se_1,2,h0037,0.004585029395696578,scr2011,avaConv,pvOpenspace_b
se_1,2,h0038,0.004585029395696578,scr2011,avaConv,pvOpenspace_b
se_1,2,h0039,0.004585029395696578,scr2011,avaConv,pvOpenspace_b
se_1,2,h0040,0.0,scr2011,avaConv,pvOpenspace_b
se_1,2,h0041,0.0,scr2011,avaConv,pvOpenspace_b
se_1,2,h0042,0.0,scr2011,avaConv,pvOpenspace_b
se_1,2,h0043,0.0,scr2011,avaConv,pvOpenspace_b
se_1,2,h0044,0.0,scr2011,avaConv,pvOpenspace_b
se_1,2,h0045,0.0,scr2011,avaConv,pvOpenspace_b
se_1,2,h0046,0.0,scr2011,avaConv,pvOpenspace_b
se_1,2,h0047,0.0,scr2011,avaConv,pvOpenspace_b
se_1,2,h0048,0.0,scr2011,avaConv,pvOpenspace_b
se_2,2,h0001,0.0,scr2011,avaConv,pvOpenspace_b
se_2,2,h0002,0.0,scr2011,avaConv,pvOpenspace_b
se_2,2,h0003,0.0,scr2011,avaConv,pvOpenspace_b
se_2,2,h0004,0.0,scr2011,avaConv,pvOpenspace_b
se_2,2,h0005,0.0,scr2011,avaConv,pvOpenspace_b
se_2,2,h0006,0.0,scr2011,avaConv,pvOpenspace_b
se_2,2,h0007,0.0,scr2011,avaConv,pvOpenspace_b
se_2,2,h0008,0.0,scr2011,avaConv,pvOpenspace_b
se_2,2,h0009,0.0,scr2011,avaConv,pvOpenspace_b
se_2,2,h0010,0.0003185356541469817,scr2011,avaConv,pvOpenspace_b
se_2,2,h0011,0.005221659506820569,scr2011,avaConv,pvOpenspace_b
se_2,2,h0012,0.015167205263251857,scr2011,avaConv,pvOpenspace_b
se_2,2,h0013,0.03633635196868554,scr2011,avaConv,pvOpenspace_b
se_2,2,h0014,0.02847480095557308,scr2011,avaConv,pvOpenspace_b
se_2,2,h0015,0.016906123388675528,scr2011,avaConv,pvOpenspace_b
se_2,2,h0016,0.0,scr2011,avaConv,pvOpenspace_b
se_2,2,h0017,0.0,scr2011,avaConv,pvOpenspace_b
se_2,2,h0018,0.0,scr2011,avaConv,pvOpenspace_b
se_2,2,h0019,0.0,scr2011,avaConv,pvOpenspace_b
se_2,2,h0020,0.0,scr2011,avaConv,pvOpenspace_b
se_2,2,h0021,0.0,scr2011,avaConv,pvOpenspace_b
se_2,2,h0022,0.0,scr2011,avaConv,pvOpenspace_b
se_2,2,h0023,0.0,scr2011,avaConv,pvOpenspace_b
se_2,2,h0024,0.0,scr2011,avaConv,pvOpenspace_b
se_2,2,h0025,0.0,scr2011,avaConv,pvOpenspace_b
se_2,2,h0026,0.0,scr2011,avaConv,pvOpenspace_b
se_2,2,h0027,0.0,scr2011,avaConv,pvOpenspace_b
se_2,2,h0028,0.0,scr2011,avaConv,pvOpenspace_b
se_2,2,h0029,0.0,scr2011,avaConv,pvOpenspace_b
se_2,2,h0030,0.0,scr2011,avaConv,pvOpenspace_b
se_2,2,h0031,0.0,scr2011,avaConv,pvOpenspace_b
se_2,2,h0032,0.0,scr2011,avaConv,pvOpenspace_b
se_2,2,h0033,0.0,scr2011,avaConv,pvOpenspace_b
se_2,2,h0034,0.0011797613200664925,scr2011,avaConv,pvOpenspace_b
se_2,2,h0035,0.01323562745878446,scr2011,avaConv,pvOpenspace_b
se_2,2,h0036,0.038812421656594466,scr2011,avaConv,pvOpenspace_b
se_2,2,h0037,0.10498638511704826,scr2011,avaConv,pvOpenspace_b
se_2,2,h0038,0.1275630471711727,scr2011,avaConv,pvOpenspace_b
se_2,2,h0039,0.09406197861287577,scr2011,avaConv,pvOpenspace_b
se_2,2,h0040,0.02724524187929082,scr2011,avaConv,pvOpenspace_b
se_2,2,h0041,0.0,scr2011,avaConv,pvOpenspace_b
se_2,2,h0042,0.0,scr2011,avaConv,pvOpenspace_b
se_2,2,h0043,0.0,scr2011,avaConv,pvOpenspace_b
se_2,2,h0044,0.0,scr2011,avaConv,pvOpenspace_b
se_2,2,h0045,0.0,scr2011,avaConv,pvOpenspace_b
se_2,2,h0046,0.0,scr2011,avaConv,pvOpenspace_b
se_2,2,h0047,0.0,scr2011,avaConv,pvOpenspace_b
se_2,2,h0048,0.0,scr2011,avaConv,pvOpenspace_b
se_3,2,h0001,0.0,scr2011,avaConv,pvOpenspace_b
se_3,2,h0002,0.0,scr2011,avaConv,pvOpenspace_b
se_3,2,h0003,0.0,scr2011,avaConv,pvOpenspace_b
se_3,2,h0004,0.0,scr2011,avaConv,pvOpenspace_b
se_3,2,h0005,0.0,scr2011,avaConv,pvOpenspace_b
se_3,2,h0006,0.0,scr2011,avaConv,pvOpenspace_b
se_3,2,h0007,0.0,scr2011,avaConv,pvOpenspace_b
se_3,2,h0008,0.0,scr2011,avaConv,pvOpenspace_b
se_3,2,h0009,0.0,scr2011,avaConv,pvOpenspace_b
se_3,2,h0010,0.0002982798675719958,scr2011,avaConv,pvOpenspace_b
se_3,2,h0011,0.0040793838335888,scr2011,avaConv,pvOpenspace_b
se_3,2,h0012,0.010223441835082649,scr2011,avaConv,pvOpenspace_b
se_3,2,h0013,0.07082526977350732,scr2011,avaConv,pvOpenspace_b
se_3,2,h0014,0.10892732137675377,scr2011,avaConv,pvOpenspace_b
se_3,2,h0015,0.10030015502118635,scr2011,avaConv,pvOpenspace_b
se_3,2,h0016,0.03439395343528226,scr2011,avaConv,pvOpenspace_b
se_3,2,h0017,0.0,scr2011,avaConv,pvOpenspace_b
se_3,2,h0018,0.0,scr2011,avaConv,pvOpenspace_b
se_3,2,h0019,0.0,scr2011,avaConv,pvOpenspace_b
se_3,2,h0020,0.0,scr2011,avaConv,pvOpenspace_b
se_3,2,h0021,0.0,scr2011,avaConv,pvOpenspace_b
se_3,2,h0022,0.0,scr2011,avaConv,pvOpenspace_b
se_3,2,h0023,0.0,scr2011,avaConv,pvOpenspace_b
se_3,2,h0024,0.0,scr2011,avaConv,pvOpenspace_b
se_3,2,h0025,0.0,scr2011,avaConv,pvOpenspace_b
se_3,2,h0026,0.0,scr2011,avaConv,pvOpenspace_b
se_3,2,h0027,0.0,scr2011,avaConv,pvOpenspace_b
se_3,2,h0028,0.0,scr2011,avaConv,pvOpenspace_b
se_3,2,h0029,0.0,scr2011,avaConv,pvOpenspace_b
se_3,2,h0030,0.0,scr2011,avaConv,pvOpenspace_b
se_3,2,h0031,0.0,scr2011,avaConv,pvOpenspace_b
se_3,2,h0032,0.0,scr2011,avaConv,pvOpenspace_b
se_3,2,h0033,0.0,scr2011,avaConv,pvOpenspace_b
se_3,2,h0034,0.010307434904654507,scr2011,avaConv,pvOpenspace_b
se_3,2,h0035,0.044742244651998914,scr2011,avaConv,pvOpenspace_b
se_3,2,h0036,0.10406467122822796,scr2011,avaConv,pvOpenspace_b
se_3,2,h0037,0.21043778894377904,scr2011,avaConv,pvOpenspace_b
se_3,2,h0038,0.2612194947392507,scr2011,avaConv,pvOpenspace_b
se_3,2,h0039,0.21901709875040912,scr2011,avaConv,pvOpenspace_b
se_3,2,h0040,0.09622293677693519,scr2011,avaConv,pvOpenspace_b
se_3,2,h0041,0.01677858573781986,scr2011,avaConv,pvOpenspace_b
se_3,2,h0042,0.0,scr2011,avaConv,pvOpenspace_b
se_3,2,h0043,0.0,scr2011,avaConv,pvOpenspace_b
se_3,2,h0044,0.0,scr2011,avaConv,pvOpenspace_b
se_3,2,h0045,0.0,scr2011,avaConv,pvOpenspace_b
se_3,2,h0046,0.0,scr2011,avaConv,pvOpenspace_b
se_3,2,h0047,0.0,scr2011,avaConv,pvOpenspace_b
se_3,2,h0048,0.0,scr2011,avaConv,pvOpenspace_b
se_4,2,h0001,0.0,scr2011,avaConv,pvOpenspace_b
se_4,2,h0002,0.0,scr2011,avaConv,pvOpenspace_b
se_4,2,h0003,0.0,scr2011,avaConv,pvOpenspace_b
se_4,2,h0004,0.0,scr2011,avaConv,pvOpenspace_b
se_4,2,h0005,0.0,scr2011,avaConv,pvOpenspace_b
se_4,2,h0006,0.0,scr2011,avaConv,pvOpenspace_b
se_4,2,h0007,0.0,scr2011,avaConv,pvOpenspace_b
se_4,2,h0008,0.0,scr2011,avaConv,pvOpenspace_b
se_4,2,h0009,0.0,scr2011,avaConv,pvOpenspace_b
se_4,2,h0010,0.016107746329104267,scr2011,avaConv,pvOpenspace_b
se_4,2,h0011,0.05512861970126502,scr2011,avaConv,pvOpenspace_b
se_4,2,h0012,0.10746016702212981,scr2011,avaConv,pvOpenspace_b
se_4,2,h0013,0.20382818545756662,scr2011,avaConv,pvOpenspace_b
se_4,2,h0014,0.25212395483161737,scr2011,avaConv,pvOpenspace_b
se_4,2,h0015,0.22882171983102031,scr2011,avaConv,pvOpenspace_b
se_4,2,h0016,0.10560689760310293,scr2011,avaConv,pvOpenspace_b
se_4,2,h0017,0.023411939047392347,scr2011,avaConv,pvOpenspace_b
se_4,2,h0018,0.0,scr2011,avaConv,pvOpenspace_b
se_4,2,h0019,0.0,scr2011,avaConv,pvOpenspace_b
se_4,2,h0020,0.0,scr2011,avaConv,pvOpenspace_b
se_4,2,h0021,0.0,scr2011,avaConv,pvOpenspace_b
se_4,2,h0022,0.0,scr2011,avaConv,pvOpenspace_b
se_4,2,h0023,0.0,scr2011,avaConv,pvOpenspace_b
se_4,2,h0024,0.0,scr2011,avaConv,pvOpenspace_b
se_4,2,h0025,0.0,scr2011,avaConv,pvOpenspace_b
se_4,2,h0026,0.0,scr2011,avaConv,pvOpenspace_b
se_4,2,h0027,0.0,scr2011,avaConv,pvOpenspace_b
se_4,2,h0028,0.0,scr2011,avaConv,pvOpenspace_b
se_4,2,h0029,0.0,scr2011,avaConv,pvOpenspace_b
se_4,2,h0030,0.0,scr2011,avaConv,pvOpenspace_b
se_4,2,h0031,0.0,scr2011,avaConv,pvOpenspace_b
se_4,2,h0032,0.0,scr2011,avaConv,pvOpenspace_b
se_4,2,h0033,0.0,scr2011,avaConv,pvOpenspace_b
se_4,2,h0034,0.007005895825428223,scr2011,avaConv,pvOpenspace_b
se_4,2,h0035,0.024810003311998115,scr2011,avaConv,pvOpenspace_b
se_4,2,h0036,0.0528904467685409,scr2011,avaConv,pvOpenspace_b
se_4,2,h0037,0.18685323654053598,scr2011,avaConv,pvOpenspace_b
se_4,2,h0038,0.2888018147202825,scr2011,avaConv,pvOpenspace_b
se_4,2,h0039,0.32661857705094227,scr2011,avaConv,pvOpenspace_b
se_4,2,h0040,0.1640595590710941,scr2011,avaConv,pvOpenspace_b
se_4,2,h0041,0.05027152741085043,scr2011,avaConv,pvOpenspace_b
se_4,2,h0042,0.0,scr2011,avaConv,pvOpenspace_b
se_4,2,h0043,0.0,scr2011,avaConv,pvOpenspace_b
se_4,2,h0044,0.0,scr2011,avaConv,pvOpenspace_b
se_4,2,h0045,0.0,scr2011,avaConv,pvOpenspace_b
se_4,2,h0046,0.0,scr2011,avaConv,pvOpenspace_b
se_4,2,h0047,0.0,scr2011,avaConv,pvOpenspace_b
se_4,2,h0048,0.0,scr2011,avaConv,pvOpenspace_b
si,2,h0001,0.0,scr2011,avaConv,pvOpenspace_b
si,2,h0002,0.0,scr2011,avaConv,pvOpenspace_b
si,2,h0003,0.0,scr2011,avaConv,pvOpenspace_b
si,2,h0004,0.0,scr2011,avaConv,pvOpenspace_b
si,2,h0005,0.0,scr2011,avaConv,pvOpenspace_b
si,2,h0006,0.0,scr2011,avaConv,pvOpenspace_b
si,2,h0007,0.0,scr2011,avaConv,pvOpenspace_b
si,2,h0008,0.0,scr2011,avaConv,pvOpenspace_b
si,2,h0009,0.043608092763069754,scr2011,avaConv,pvOpenspace_b
si,2,h0010,0.15539503535229435,scr2011,avaConv,pvOpenspace_b
si,2,h0011,0.3283768423850504,scr2011,avaConv,pvOpenspace_b
si,2,h0012,0.44586382613973574,scr2011,avaConv,pvOpenspace_b
si,2,h0013,0.3525008533955169,scr2011,avaConv,pvOpenspace_b
si,2,h0014,0.21077244566723458,scr2011,avaConv,pvOpenspace_b
si,2,h0015,0.06433276390174018,scr2011,avaConv,pvOpenspace_b
si,2,h0016,0.029624209075064495,scr2011,avaConv,pvOpenspace_b
si,2,h0017,0.008217951610455965,scr2011,avaConv,pvOpenspace_b
si,2,h0018,0.0005700992615181205,scr2011,avaConv,pvOpenspace_b
si,2,h0019,0.0,scr2011,avaConv,pvOpenspace_b
si,2,h0020,0.0,scr2011,avaConv,pvOpenspace_b
si,2,h0021,0.0,scr2011,avaConv,pvOpenspace_b
si,2,h0022,0.0,scr2011,avaConv,pvOpenspace_b
si,2,h0023,0.0,scr2011,avaConv,pvOpenspace_b
si,2,h0024,0.0,scr2011,avaConv,pvOpenspace_b
si,2,h0025,0.0,scr2011,avaConv,pvOpenspace_b
si,2,h0026,0.0,scr2011,avaConv,pvOpenspace_b
si,2,h0027,0.0,scr2011,avaConv,pvOpenspace_b
si,2,h0028,0.0,scr2011,avaConv,pvOpenspace_b
si,2,h0029,0.0,scr2011,avaConv,pvOpenspace_b
si,2,h0030,0.0,scr2011,avaConv,pvOpenspace_b
si,2,h0031,0.0,scr2011,avaConv,pvOpenspace_b
si,2,h0032,0.000204917856138272,scr2011,avaConv,pvOpenspace_b
si,2,h0033,0.05223340816249549,scr2011,avaConv,pvOpenspace_b
si,2,h0034,0.17904965733814232,scr2011,avaConv,pvOpenspace_b
si,2,h0035,0.36713297066016476,scr2011,avaConv,pvOpenspace_b
si,2,h0036,0.49368500829441114,scr2011,avaConv,pvOpenspace_b
si,2,h0037,0.42658129512800796,scr2011,avaConv,pvOpenspace_b
si,2,h0038,0.3067823729255074,scr2011,avaConv,pvOpenspace_b
si,2,h0039,0.16370674673143504,scr2011,avaConv,pvOpenspace_b
si,2,h0040,0.10623237435716484,scr2011,avaConv,pvOpenspace_b
si,2,h0041,0.04683559959378122,scr2011,avaConv,pvOpenspace_b
si,2,h0042,0.010852740663245163,scr2011,avaConv,pvOpenspace_b
si,2,h0043,0.0,scr2011,avaConv,pvOpenspace_b
si,2,h0044,0.0,scr2011,avaConv,pvOpenspace_b
si,2,h0045,0.0,scr2011,avaConv,pvOpenspace_b
si,2,h0046,0.0,scr2011,avaConv,pvOpenspace_b
si,2,h0047,0.0,scr2011,avaConv,pvOpenspace_b
si,2,h0048,0.0,scr2011,avaConv,pvOpenspace_b
sk,2,h0001,0.0,scr2011,avaConv,pvOpenspace_b
sk,2,h0002,0.0,scr2011,avaConv,pvOpenspace_b
sk,2,h0003,0.0,scr2011,avaConv,pvOpenspace_b
sk,2,h0004,0.0,scr2011,avaConv,pvOpenspace_b
sk,2,h0005,0.0,scr2011,avaConv,pvOpenspace_b
sk,2,h0006,0.0,scr2011,avaConv,pvOpenspace_b
sk,2,h0007,0.0,scr2011,avaConv,pvOpenspace_b
sk,2,h0008,0.00016608259673592718,scr2011,avaConv,pvOpenspace_b
sk,2,h0009,0.020851393118360442,scr2011,avaConv,pvOpenspace_b
sk,2,h0010,0.0817105500786684,scr2011,avaConv,pvOpenspace_b
sk,2,h0011,0.17455116238182686,scr2011,avaConv,pvOpenspace_b
sk,2,h0012,0.2293412035897669,scr2011,avaConv,pvOpenspace_b
sk,2,h0013,0.21826553734004275,scr2011,avaConv,pvOpenspace_b
sk,2,h0014,0.16829669082920998,scr2011,avaConv,pvOpenspace_b
sk,2,h0015,0.09377256027846834,scr2011,avaConv,pvOpenspace_b
sk,2,h0016,0.03505651245228968,scr2011,avaConv,pvOpenspace_b
sk,2,h0017,0.006760663100239621,scr2011,avaConv,pvOpenspace_b
sk,2,h0018,0.0,scr2011,avaConv,pvOpenspace_b
sk,2,h0019,0.0,scr2011,avaConv,pvOpenspace_b
sk,2,h0020,0.0,scr2011,avaConv,pvOpenspace_b
sk,2,h0021,0.0,scr2011,avaConv,pvOpenspace_b
sk,2,h0022,0.0,scr2011,avaConv,pvOpenspace_b
sk,2,h0023,0.0,scr2011,avaConv,pvOpenspace_b
sk,2,h0024,0.0,scr2011,avaConv,pvOpenspace_b
sk,2,h0025,0.0,scr2011,avaConv,pvOpenspace_b
sk,2,h0026,0.0,scr2011,avaConv,pvOpenspace_b
sk,2,h0027,0.0,scr2011,avaConv,pvOpenspace_b
sk,2,h0028,0.0,scr2011,avaConv,pvOpenspace_b
sk,2,h0029,0.0,scr2011,avaConv,pvOpenspace_b
sk,2,h0030,0.0,scr2011,avaConv,pvOpenspace_b
sk,2,h0031,0.0,scr2011,avaConv,pvOpenspace_b
sk,2,h0032,0.0017042472735657498,scr2011,avaConv,pvOpenspace_b
sk,2,h0033,0.016966159391907137,scr2011,avaConv,pvOpenspace_b
sk,2,h0034,0.06209399057878248,scr2011,avaConv,pvOpenspace_b
sk,2,h0035,0.12979774160886176,scr2011,avaConv,pvOpenspace_b
sk,2,h0036,0.18775561802939628,scr2011,avaConv,pvOpenspace_b
sk,2,h0037,0.20356626783241072,scr2011,avaConv,pvOpenspace_b
sk,2,h0038,0.17129952680739394,scr2011,avaConv,pvOpenspace_b
sk,2,h0039,0.10889589756671132,scr2011,avaConv,pvOpenspace_b
sk,2,h0040,0.04351345587435332,scr2011,avaConv,pvOpenspace_b
sk,2,h0041,0.010338902336946381,scr2011,avaConv,pvOpenspace_b
sk,2,h0042,0.00027252351416417445,scr2011,avaConv,pvOpenspace_b
sk,2,h0043,0.0,scr2011,avaConv,pvOpenspace_b
sk,2,h0044,0.0,scr2011,avaConv,pvOpenspace_b
sk,2,h0045,0.0,scr2011,avaConv,pvOpenspace_b
sk,2,h0046,0.0,scr2011,avaConv,pvOpenspace_b
sk,2,h0047,0.0,scr2011,avaConv,pvOpenspace_b
sk,2,h0048,0.0,scr2011,avaConv,pvOpenspace_b
uk,2,h0001,0.0,scr2011,avaConv,pvOpenspace_b
uk,2,h0002,0.0,scr2011,avaConv,pvOpenspace_b
uk,2,h0003,0.0,scr2011,avaConv,pvOpenspace_b
uk,2,h0004,0.0,scr2011,avaConv,pvOpenspace_b
uk,2,h0005,0.0,scr2011,avaConv,pvOpenspace_b
uk,2,h0006,0.0,scr2011,avaConv,pvOpenspace_b
uk,2,h0007,0.0,scr2011,avaConv,pvOpenspace_b
uk,2,h0008,0.0,scr2011,avaConv,pvOpenspace_b
uk,2,h0009,0.0,scr2011,avaConv,pvOpenspace_b
uk,2,h0010,0.0036676233550236395,scr2011,avaConv,pvOpenspace_b
uk,2,h0011,0.02433050537039151,scr2011,avaConv,pvOpenspace_b
uk,2,h0012,0.06233110848666594,scr2011,avaConv,pvOpenspace_b
uk,2,h0013,0.07747852942003143,scr2011,avaConv,pvOpenspace_b
uk,2,h0014,0.0743773621383821,scr2011,avaConv,pvOpenspace_b
uk,2,h0015,0.04740232854960423,scr2011,avaConv,pvOpenspace_b
uk,2,h0016,0.0317121055771303,scr2011,avaConv,pvOpenspace_b
uk,2,h0017,0.014022436447333227,scr2011,avaConv,pvOpenspace_b
uk,2,h0018,0.0030663937079287514,scr2011,avaConv,pvOpenspace_b
uk,2,h0019,0.0,scr2011,avaConv,pvOpenspace_b
uk,2,h0020,0.0,scr2011,avaConv,pvOpenspace_b
uk,2,h0021,0.0,scr2011,avaConv,pvOpenspace_b
uk,2,h0022,0.0,scr2011,avaConv,pvOpenspace_b
uk,2,h0023,0.0,scr2011,avaConv,pvOpenspace_b
uk,2,h0024,0.0,scr2011,avaConv,pvOpenspace_b
uk,2,h0025,0.0,scr2011,avaConv,pvOpenspace_b
uk,2,h0026,0.0,scr2011,avaConv,pvOpenspace_b
uk,2,h0027,0.0,scr2011,avaConv,pvOpenspace_b
uk,2,h0028,0.0,scr2011,avaConv,pvOpenspace_b
uk,2,h0029,0.0,scr2011,avaConv,pvOpenspace_b
uk,2,h0030,0.0,scr2011,avaConv,pvOpenspace_b
uk,2,h0031,0.0,scr2011,avaConv,pvOpenspace_b
uk,2,h0032,0.0,scr2011,avaConv,pvOpenspace_b
uk,2,h0033,0.0,scr2011,avaConv,pvOpenspace_b
uk,2,h0034,0.0007863455668468517,scr2011,avaConv,pvOpenspace_b
uk,2,h0035,0.010614190851704355,scr2011,avaConv,pvOpenspace_b
uk,2,h0036,0.0314095785527157,scr2011,avaConv,pvOpenspace_b
uk,2,h0037,0.15986332535364184,scr2011,avaConv,pvOpenspace_b
uk,2,h0038,0.2738053829924868,scr2011,avaConv,pvOpenspace_b
uk,2,h0039,0.3509273022131185,scr2011,avaConv,pvOpenspace_b
uk,2,h0040,0.2821908781741983,scr2011,avaConv,pvOpenspace_b
uk,2,h0041,0.16631804804609146,scr2011,avaConv,pvOpenspace_b
uk,2,h0042,0.06873332003556103,scr2011,avaConv,pvOpenspace_b
uk,2,h0043,0.0079545714255476,scr2011,avaConv,pvOpenspace_b
uk,2,h0044,0.0,scr2011,avaConv,pvOpenspace_b
uk,2,h0045,0.0,scr2011,avaConv,pvOpenspace_b
uk,2,h0046,0.0,scr2011,avaConv,pvOpenspace_b
uk,2,h0047,0.0,scr2011,avaConv,pvOpenspace_b
uk,2,h0048,0.0,scr2011,avaConv,pvOpenspace_b
ni,2,h0001,0.0,scr2011,avaConv,pvOpenspace_b
ni,2,h0002,0.0,scr2011,avaConv,pvOpenspace_b
ni,2,h0003,0.0,scr2011,avaConv,pvOpenspace_b
ni,2,h0004,0.0,scr2011,avaConv,pvOpenspace_b
ni,2,h0005,0.0,scr2011,avaConv,pvOpenspace_b
ni,2,h0006,0.0,scr2011,avaConv,pvOpenspace_b
ni,2,h0007,0.0,scr2011,avaConv,pvOpenspace_b
ni,2,h0008,0.0,scr2011,avaConv,pvOpenspace_b
ni,2,h0009,0.0,scr2011,avaConv,pvOpenspace_b
ni,2,h0010,0.0,scr2011,avaConv,pvOpenspace_b
ni,2,h0011,0.0070725246049499636,scr2011,avaConv,pvOpenspace_b
ni,2,h0012,0.023355601897461453,scr2011,avaConv,pvOpenspace_b
ni,2,h0013,0.09703544954762462,scr2011,avaConv,pvOpenspace_b
ni,2,h0014,0.14493336932900047,scr2011,avaConv,pvOpenspace_b
ni,2,h0015,0.15778308792455736,scr2011,avaConv,pvOpenspace_b
ni,2,h0016,0.09194681371514792,scr2011,avaConv,pvOpenspace_b
ni,2,h0017,0.037192609089966744,scr2011,avaConv,pvOpenspace_b
ni,2,h0018,0.008597220573225654,scr2011,avaConv,pvOpenspace_b
ni,2,h0019,0.0,scr2011,avaConv,pvOpenspace_b
ni,2,h0020,0.0,scr2011,avaConv,pvOpenspace_b
ni,2,h0021,0.0,scr2011,avaConv,pvOpenspace_b
ni,2,h0022,0.0,scr2011,avaConv,pvOpenspace_b
ni,2,h0023,0.0,scr2011,avaConv,pvOpenspace_b
ni,2,h0024,0.0,scr2011,avaConv,pvOpenspace_b
ni,2,h0025,0.0,scr2011,avaConv,pvOpenspace_b
ni,2,h0026,0.0,scr2011,avaConv,pvOpenspace_b
ni,2,h0027,0.0,scr2011,avaConv,pvOpenspace_b
ni,2,h0028,0.0,scr2011,avaConv,pvOpenspace_b
ni,2,h0029,0.0,scr2011,avaConv,pvOpenspace_b
ni,2,h0030,0.0,scr2011,avaConv,pvOpenspace_b
ni,2,h0031,0.0,scr2011,avaConv,pvOpenspace_b
ni,2,h0032,0.0,scr2011,avaConv,pvOpenspace_b
ni,2,h0033,0.0,scr2011,avaConv,pvOpenspace_b
ni,2,h0034,0.0,scr2011,avaConv,pvOpenspace_b
ni,2,h0035,0.0809548430392822,scr2011,avaConv,pvOpenspace_b
ni,2,h0036,0.20249631861808928,scr2011,avaConv,pvOpenspace_b
ni,2,h0037,0.3075237489246505,scr2011,avaConv,pvOpenspace_b
ni,2,h0038,0.3247726736444362,scr2011,avaConv,pvOpenspace_b
ni,2,h0039,0.2869913786991823,scr2011,avaConv,pvOpenspace_b
ni,2,h0040,0.23847714538428652,scr2011,avaConv,pvOpenspace_b
ni,2,h0041,0.15224367897100743,scr2011,avaConv,pvOpenspace_b
ni,2,h0042,0.06820698313425465,scr2011,avaConv,pvOpenspace_b
ni,2,h0043,0.014713984024871955,scr2011,avaConv,pvOpenspace_b
ni,2,h0044,0.0,scr2011,avaConv,pvOpenspace_b
ni,2,h0045,0.0,scr2011,avaConv,pvOpenspace_b
ni,2,h0046,0.0,scr2011,avaConv,pvOpenspace_b
ni,2,h0047,0.0,scr2011,avaConv,pvOpenspace_b
ni,2,h0048,0.0,scr2011,avaConv,pvOpenspace_b
